INSERT INTO ACT_ACT VALUES (
    "a49340d1-99a8-4d89-b2a9-b890da23d31c", -- Action_ID : UNIQUE_ID
    'function', -- Type : STRING
    0, -- LoopLevel : INTEGER
    "e16b83e7-8133-4272-a0f8-ed5bd286bf51", -- Block_ID : UNIQUE_ID
    "00000000-0000-0000-0000-000000000000", -- CurrentScope_ID : UNIQUE_ID
    0, -- return_value : INTEGER
    'Reply', -- Label : STRING
    "8d2719e1-c4e1-414c-97eb-0f964d2a5326" -- Parsed_Block_ID : UNIQUE_ID
);
INSERT INTO ACT_ACT VALUES (
    "c34265c7-3fa6-49ae-9d86-9c6b4a0c91bc", -- Action_ID : UNIQUE_ID
    'bridge', -- Type : STRING
    0, -- LoopLevel : INTEGER
    "72639638-0b72-4ead-88d8-3771920c4017", -- Block_ID : UNIQUE_ID
    "00000000-0000-0000-0000-000000000000", -- CurrentScope_ID : UNIQUE_ID
    0, -- return_value : INTEGER
    '', -- Label : STRING
    "26393a21-3410-4ad6-aac6-ba6a13243b47" -- Parsed_Block_ID : UNIQUE_ID
);
INSERT INTO ACT_ACT VALUES (
    "f45f5497-97e8-48de-afad-47396ded786d", -- Action_ID : UNIQUE_ID
    'bridge', -- Type : STRING
    0, -- LoopLevel : INTEGER
    "08d1ad52-7f16-4792-9e65-886697db60cf", -- Block_ID : UNIQUE_ID
    "00000000-0000-0000-0000-000000000000", -- CurrentScope_ID : UNIQUE_ID
    0, -- return_value : INTEGER
    '', -- Label : STRING
    "12a0fdc8-8d2f-4e16-b02e-e4ac29ff2510" -- Parsed_Block_ID : UNIQUE_ID
);
INSERT INTO ACT_ACT VALUES (
    "56df1d19-2317-413a-9437-fae4b3596118", -- Action_ID : UNIQUE_ID
    'bridge', -- Type : STRING
    0, -- LoopLevel : INTEGER
    "7f05bc2b-525b-497d-b290-8472e1313b40", -- Block_ID : UNIQUE_ID
    "00000000-0000-0000-0000-000000000000", -- CurrentScope_ID : UNIQUE_ID
    0, -- return_value : INTEGER
    '', -- Label : STRING
    "868ece02-7443-43d9-bc2a-951601cf0329" -- Parsed_Block_ID : UNIQUE_ID
);
INSERT INTO ACT_ACT VALUES (
    "89a06348-4a3f-4898-9b7c-9cbff5356896", -- Action_ID : UNIQUE_ID
    'bridge', -- Type : STRING
    0, -- LoopLevel : INTEGER
    "df4dfbd2-d13f-4659-9666-4e48bc45411d", -- Block_ID : UNIQUE_ID
    "00000000-0000-0000-0000-000000000000", -- CurrentScope_ID : UNIQUE_ID
    0, -- return_value : INTEGER
    '', -- Label : STRING
    "1eb342bb-f537-4371-bc2e-85daa288d8b9" -- Parsed_Block_ID : UNIQUE_ID
);
INSERT INTO ACT_ACT VALUES (
    "cd86ef8f-1ffd-4a9b-839c-88a25ec4dff3", -- Action_ID : UNIQUE_ID
    'bridge', -- Type : STRING
    0, -- LoopLevel : INTEGER
    "5df32d71-371f-44ee-b4d8-b4316975cecc", -- Block_ID : UNIQUE_ID
    "00000000-0000-0000-0000-000000000000", -- CurrentScope_ID : UNIQUE_ID
    0, -- return_value : INTEGER
    '', -- Label : STRING
    "f39df954-4d9f-4b24-9cb9-20480a9fe595" -- Parsed_Block_ID : UNIQUE_ID
);
INSERT INTO ACT_ACT VALUES (
    "454ea03b-11f6-450d-b68b-fba777744dce", -- Action_ID : UNIQUE_ID
    'bridge', -- Type : STRING
    0, -- LoopLevel : INTEGER
    "c4272810-df14-4811-aab5-8c1748bed1ce", -- Block_ID : UNIQUE_ID
    "00000000-0000-0000-0000-000000000000", -- CurrentScope_ID : UNIQUE_ID
    0, -- return_value : INTEGER
    '', -- Label : STRING
    "a5064341-e157-434f-bc35-277c6a7974f3" -- Parsed_Block_ID : UNIQUE_ID
);
INSERT INTO ACT_ACT VALUES (
    "61d8ea41-1575-43c5-8ca8-c8438352cd7e", -- Action_ID : UNIQUE_ID
    'bridge', -- Type : STRING
    0, -- LoopLevel : INTEGER
    "4482d8af-1f92-4cce-9ee6-86c568174622", -- Block_ID : UNIQUE_ID
    "00000000-0000-0000-0000-000000000000", -- CurrentScope_ID : UNIQUE_ID
    0, -- return_value : INTEGER
    '', -- Label : STRING
    "b60f12a7-1416-4856-a1bd-36ecfe67eb03" -- Parsed_Block_ID : UNIQUE_ID
);
INSERT INTO ACT_ACT VALUES (
    "e0361db7-bc4a-431e-bc1e-50218c02b523", -- Action_ID : UNIQUE_ID
    'bridge', -- Type : STRING
    0, -- LoopLevel : INTEGER
    "9f461eae-4ec0-4e47-9943-e5aa38141e25", -- Block_ID : UNIQUE_ID
    "00000000-0000-0000-0000-000000000000", -- CurrentScope_ID : UNIQUE_ID
    0, -- return_value : INTEGER
    '', -- Label : STRING
    "2359f8d9-6d15-4e7d-89f3-5799dc94b60c" -- Parsed_Block_ID : UNIQUE_ID
);
INSERT INTO ACT_ACT VALUES (
    "22aa3671-b0ab-4b51-9b65-209f991bb5e6", -- Action_ID : UNIQUE_ID
    'bridge', -- Type : STRING
    0, -- LoopLevel : INTEGER
    "69806b4b-4ee4-482b-9899-30ae3caec117", -- Block_ID : UNIQUE_ID
    "00000000-0000-0000-0000-000000000000", -- CurrentScope_ID : UNIQUE_ID
    0, -- return_value : INTEGER
    '', -- Label : STRING
    "fd15831a-6495-4b74-96d0-1b188111710f" -- Parsed_Block_ID : UNIQUE_ID
);
INSERT INTO ACT_ACT VALUES (
    "d8702a4c-d2f6-44a1-8649-5bbfa819fde7", -- Action_ID : UNIQUE_ID
    'bridge', -- Type : STRING
    0, -- LoopLevel : INTEGER
    "ec5f5574-b1f1-4bca-a3f1-70dd3aec9d9e", -- Block_ID : UNIQUE_ID
    "00000000-0000-0000-0000-000000000000", -- CurrentScope_ID : UNIQUE_ID
    0, -- return_value : INTEGER
    '', -- Label : STRING
    "d506c174-05ff-46f8-be06-2d1490059780" -- Parsed_Block_ID : UNIQUE_ID
);
INSERT INTO ACT_ACT VALUES (
    "ad9bec7a-9739-470a-ab9b-25e833f08da6", -- Action_ID : UNIQUE_ID
    'bridge', -- Type : STRING
    0, -- LoopLevel : INTEGER
    "fd874074-976d-4651-b8cb-efba00ace416", -- Block_ID : UNIQUE_ID
    "00000000-0000-0000-0000-000000000000", -- CurrentScope_ID : UNIQUE_ID
    0, -- return_value : INTEGER
    '', -- Label : STRING
    "6120f9fe-41a5-4230-95ae-3ca1ce68ce4f" -- Parsed_Block_ID : UNIQUE_ID
);
INSERT INTO ACT_ACT VALUES (
    "a2252a71-7f0f-458d-a714-e402c3857ae2", -- Action_ID : UNIQUE_ID
    'bridge', -- Type : STRING
    0, -- LoopLevel : INTEGER
    "b01d1153-6f54-492a-b5e1-a8edc8e5d830", -- Block_ID : UNIQUE_ID
    "00000000-0000-0000-0000-000000000000", -- CurrentScope_ID : UNIQUE_ID
    0, -- return_value : INTEGER
    '', -- Label : STRING
    "4dd227d3-ee86-4a48-b5a3-925d2424f6d6" -- Parsed_Block_ID : UNIQUE_ID
);
INSERT INTO ACT_ACT VALUES (
    "5d13131e-3566-4b26-9cb4-e1664fb80da3", -- Action_ID : UNIQUE_ID
    'bridge', -- Type : STRING
    0, -- LoopLevel : INTEGER
    "11e34126-023e-4268-869d-1cd40fdb0b20", -- Block_ID : UNIQUE_ID
    "00000000-0000-0000-0000-000000000000", -- CurrentScope_ID : UNIQUE_ID
    0, -- return_value : INTEGER
    '', -- Label : STRING
    "528cdd18-e70b-4d23-b99e-0869528aa1e1" -- Parsed_Block_ID : UNIQUE_ID
);
INSERT INTO ACT_ACT VALUES (
    "e3f26c83-02db-4410-a492-2f605316d64e", -- Action_ID : UNIQUE_ID
    'bridge', -- Type : STRING
    0, -- LoopLevel : INTEGER
    "88802085-a54d-4aec-ab32-2892c1dc8b68", -- Block_ID : UNIQUE_ID
    "00000000-0000-0000-0000-000000000000", -- CurrentScope_ID : UNIQUE_ID
    0, -- return_value : INTEGER
    '', -- Label : STRING
    "35218f28-2a83-4924-803b-5f02408d1090" -- Parsed_Block_ID : UNIQUE_ID
);
INSERT INTO ACT_ACT VALUES (
    "4e04fc8e-2955-4bea-8114-d12b7dca09f5", -- Action_ID : UNIQUE_ID
    'bridge', -- Type : STRING
    0, -- LoopLevel : INTEGER
    "f7355205-a692-4f7c-a394-3b883630237a", -- Block_ID : UNIQUE_ID
    "00000000-0000-0000-0000-000000000000", -- CurrentScope_ID : UNIQUE_ID
    0, -- return_value : INTEGER
    '', -- Label : STRING
    "c70c4439-f610-4ece-b8d4-42ba31abe0dd" -- Parsed_Block_ID : UNIQUE_ID
);
INSERT INTO ACT_ACT VALUES (
    "d7f165af-3f22-49c2-abb5-57a14115ef45", -- Action_ID : UNIQUE_ID
    'bridge', -- Type : STRING
    0, -- LoopLevel : INTEGER
    "a7e2f951-98d5-4fe3-8208-8767245e2fea", -- Block_ID : UNIQUE_ID
    "00000000-0000-0000-0000-000000000000", -- CurrentScope_ID : UNIQUE_ID
    0, -- return_value : INTEGER
    '', -- Label : STRING
    "d1a65e95-b4fc-4a7c-b4c7-7c4767adcc25" -- Parsed_Block_ID : UNIQUE_ID
);
INSERT INTO ACT_ACT VALUES (
    "768413ab-1a18-408d-9b93-1c905b5e76a4", -- Action_ID : UNIQUE_ID
    'bridge', -- Type : STRING
    0, -- LoopLevel : INTEGER
    "72bdca52-7bd5-4339-8c99-682e6a78d583", -- Block_ID : UNIQUE_ID
    "00000000-0000-0000-0000-000000000000", -- CurrentScope_ID : UNIQUE_ID
    0, -- return_value : INTEGER
    '', -- Label : STRING
    "94a44bfe-784b-4317-ae02-71fbadb699ab" -- Parsed_Block_ID : UNIQUE_ID
);
INSERT INTO ACT_ACT VALUES (
    "e2bb25d8-083f-4250-92af-049baebe0ae0", -- Action_ID : UNIQUE_ID
    'bridge', -- Type : STRING
    0, -- LoopLevel : INTEGER
    "4aff8240-0e48-444f-9f84-88474d59899c", -- Block_ID : UNIQUE_ID
    "00000000-0000-0000-0000-000000000000", -- CurrentScope_ID : UNIQUE_ID
    0, -- return_value : INTEGER
    '', -- Label : STRING
    "ac865b62-6f9f-4e5f-8e0d-614c845b9577" -- Parsed_Block_ID : UNIQUE_ID
);
INSERT INTO ACT_ACT VALUES (
    "76dc2e32-73fa-4a8a-bccf-08529740ff8c", -- Action_ID : UNIQUE_ID
    'bridge', -- Type : STRING
    0, -- LoopLevel : INTEGER
    "880ac058-fb43-45c5-a743-38bf87f254f6", -- Block_ID : UNIQUE_ID
    "00000000-0000-0000-0000-000000000000", -- CurrentScope_ID : UNIQUE_ID
    0, -- return_value : INTEGER
    '', -- Label : STRING
    "f18623bb-55bc-41a8-baa6-99ed68b50e88" -- Parsed_Block_ID : UNIQUE_ID
);
INSERT INTO ACT_ACT VALUES (
    "0a5aa28e-ca38-4b62-bc90-87b2a747fc56", -- Action_ID : UNIQUE_ID
    'bridge', -- Type : STRING
    0, -- LoopLevel : INTEGER
    "fe57f729-8808-47ba-8945-554e9f91195f", -- Block_ID : UNIQUE_ID
    "00000000-0000-0000-0000-000000000000", -- CurrentScope_ID : UNIQUE_ID
    0, -- return_value : INTEGER
    '', -- Label : STRING
    "143682e3-2a70-4d45-b545-bfca0af34b71" -- Parsed_Block_ID : UNIQUE_ID
);
INSERT INTO ACT_ACT VALUES (
    "cb15db55-ec67-44a1-94dd-3acdf11cbe26", -- Action_ID : UNIQUE_ID
    'bridge', -- Type : STRING
    0, -- LoopLevel : INTEGER
    "1517bf1f-b61f-46c9-9be1-3d4755237033", -- Block_ID : UNIQUE_ID
    "00000000-0000-0000-0000-000000000000", -- CurrentScope_ID : UNIQUE_ID
    0, -- return_value : INTEGER
    '', -- Label : STRING
    "db5d957f-63c7-48f3-95fe-542e013efe09" -- Parsed_Block_ID : UNIQUE_ID
);
INSERT INTO ACT_ACT VALUES (
    "df449828-9257-48f5-9116-08c8283a50bd", -- Action_ID : UNIQUE_ID
    'bridge', -- Type : STRING
    0, -- LoopLevel : INTEGER
    "253d2dd6-929a-42b1-bd17-2c3cd967bd24", -- Block_ID : UNIQUE_ID
    "00000000-0000-0000-0000-000000000000", -- CurrentScope_ID : UNIQUE_ID
    0, -- return_value : INTEGER
    '', -- Label : STRING
    "98e49957-6afe-4121-81e8-f501ccdce2d3" -- Parsed_Block_ID : UNIQUE_ID
);
INSERT INTO ACT_ACT VALUES (
    "0175cc5c-cbe5-4997-abbf-d2637e6564c4", -- Action_ID : UNIQUE_ID
    'bridge', -- Type : STRING
    0, -- LoopLevel : INTEGER
    "b259ecc6-63d2-4777-8071-36ad30db5845", -- Block_ID : UNIQUE_ID
    "00000000-0000-0000-0000-000000000000", -- CurrentScope_ID : UNIQUE_ID
    0, -- return_value : INTEGER
    '', -- Label : STRING
    "2292003d-16f6-4f34-ba9e-698dae9ebad6" -- Parsed_Block_ID : UNIQUE_ID
);
INSERT INTO ACT_ACT VALUES (
    "ea598437-a6bf-49fe-b4e9-c0a116d93a2b", -- Action_ID : UNIQUE_ID
    'bridge', -- Type : STRING
    0, -- LoopLevel : INTEGER
    "cceddb48-1b8d-4dee-9b9e-60c76ece9b93", -- Block_ID : UNIQUE_ID
    "00000000-0000-0000-0000-000000000000", -- CurrentScope_ID : UNIQUE_ID
    0, -- return_value : INTEGER
    '', -- Label : STRING
    "69de8043-6bcf-4694-b569-2aeafe5a9023" -- Parsed_Block_ID : UNIQUE_ID
);
INSERT INTO ACT_ACT VALUES (
    "b9c7b4ae-fe2e-444c-933f-c47f9161444d", -- Action_ID : UNIQUE_ID
    'bridge', -- Type : STRING
    0, -- LoopLevel : INTEGER
    "bcd6f0ac-e3f7-4de2-806f-4dafb26a3cd8", -- Block_ID : UNIQUE_ID
    "00000000-0000-0000-0000-000000000000", -- CurrentScope_ID : UNIQUE_ID
    0, -- return_value : INTEGER
    '', -- Label : STRING
    "b81e465d-4bcb-41c3-872e-ebc4712d8968" -- Parsed_Block_ID : UNIQUE_ID
);
INSERT INTO ACT_ACT VALUES (
    "3ea62db9-b2f6-49af-a974-95074c0031bd", -- Action_ID : UNIQUE_ID
    'bridge', -- Type : STRING
    0, -- LoopLevel : INTEGER
    "8a32169c-2a59-403d-90f3-3e452f2b83cb", -- Block_ID : UNIQUE_ID
    "00000000-0000-0000-0000-000000000000", -- CurrentScope_ID : UNIQUE_ID
    0, -- return_value : INTEGER
    '', -- Label : STRING
    "ddfb044a-d581-4cd8-be04-be4ef862eb37" -- Parsed_Block_ID : UNIQUE_ID
);
INSERT INTO ACT_ACT VALUES (
    "8b6e2397-26fc-470e-bc3c-d6a40481c016", -- Action_ID : UNIQUE_ID
    'bridge', -- Type : STRING
    0, -- LoopLevel : INTEGER
    "552e42b0-8393-40e1-8b5b-b9fc09b1dfe0", -- Block_ID : UNIQUE_ID
    "00000000-0000-0000-0000-000000000000", -- CurrentScope_ID : UNIQUE_ID
    0, -- return_value : INTEGER
    '', -- Label : STRING
    "6467bc5d-257b-4fb7-85c1-2964377c7731" -- Parsed_Block_ID : UNIQUE_ID
);
INSERT INTO ACT_ACT VALUES (
    "371bc9ee-f199-4753-931e-ece3820aa327", -- Action_ID : UNIQUE_ID
    'bridge', -- Type : STRING
    0, -- LoopLevel : INTEGER
    "d151754c-5697-4797-9f41-1fc5eb06fddf", -- Block_ID : UNIQUE_ID
    "00000000-0000-0000-0000-000000000000", -- CurrentScope_ID : UNIQUE_ID
    0, -- return_value : INTEGER
    '', -- Label : STRING
    "6920d54b-8e17-4b75-88c9-ed0ae62902e2" -- Parsed_Block_ID : UNIQUE_ID
);
INSERT INTO ACT_ACT VALUES (
    "c3c7e2b5-a895-4974-a5be-e07e6d3fc5ec", -- Action_ID : UNIQUE_ID
    'bridge', -- Type : STRING
    0, -- LoopLevel : INTEGER
    "7060156d-7151-40d6-a9da-24c06bb7f5b8", -- Block_ID : UNIQUE_ID
    "00000000-0000-0000-0000-000000000000", -- CurrentScope_ID : UNIQUE_ID
    0, -- return_value : INTEGER
    '', -- Label : STRING
    "767e1712-569d-4afe-9fa2-2958ca6efdf2" -- Parsed_Block_ID : UNIQUE_ID
);
INSERT INTO ACT_ACT VALUES (
    "eaad4997-401f-4ff9-903e-c5edc0b7ce05", -- Action_ID : UNIQUE_ID
    'bridge', -- Type : STRING
    0, -- LoopLevel : INTEGER
    "9d048ab0-c9d4-464a-87cf-aaf4ab2f14c6", -- Block_ID : UNIQUE_ID
    "00000000-0000-0000-0000-000000000000", -- CurrentScope_ID : UNIQUE_ID
    0, -- return_value : INTEGER
    '', -- Label : STRING
    "66e58a79-2acc-4bfe-84bc-9c3f3d9c149c" -- Parsed_Block_ID : UNIQUE_ID
);
INSERT INTO ACT_ACT VALUES (
    "1f228723-a46a-45ef-9f09-9d964d8ad04e", -- Action_ID : UNIQUE_ID
    'bridge', -- Type : STRING
    0, -- LoopLevel : INTEGER
    "1bdb80f6-8a19-4381-8036-70663f60b0bb", -- Block_ID : UNIQUE_ID
    "00000000-0000-0000-0000-000000000000", -- CurrentScope_ID : UNIQUE_ID
    0, -- return_value : INTEGER
    '', -- Label : STRING
    "54cd4107-5aea-4630-a674-b6738fdf2328" -- Parsed_Block_ID : UNIQUE_ID
);
INSERT INTO ACT_ACT VALUES (
    "123d064c-b114-47dd-9944-10397150db76", -- Action_ID : UNIQUE_ID
    'bridge', -- Type : STRING
    0, -- LoopLevel : INTEGER
    "dd1a7bdb-1f2d-4038-8b98-55996faf8da3", -- Block_ID : UNIQUE_ID
    "00000000-0000-0000-0000-000000000000", -- CurrentScope_ID : UNIQUE_ID
    0, -- return_value : INTEGER
    '', -- Label : STRING
    "95b2058d-7686-4e89-acd7-1dd9a25adb9f" -- Parsed_Block_ID : UNIQUE_ID
);
INSERT INTO ACT_ACT VALUES (
    "394e6e0b-87b9-463e-8650-d18d5f2f3c02", -- Action_ID : UNIQUE_ID
    'bridge', -- Type : STRING
    0, -- LoopLevel : INTEGER
    "588d5dbb-68c5-4939-b836-114ee7dc4265", -- Block_ID : UNIQUE_ID
    "00000000-0000-0000-0000-000000000000", -- CurrentScope_ID : UNIQUE_ID
    0, -- return_value : INTEGER
    '', -- Label : STRING
    "8292d368-c154-4059-af1e-3372a95fe3c8" -- Parsed_Block_ID : UNIQUE_ID
);
INSERT INTO ACT_ACT VALUES (
    "df909d9f-fd84-4e4a-881c-0a39191dccaf", -- Action_ID : UNIQUE_ID
    'bridge', -- Type : STRING
    0, -- LoopLevel : INTEGER
    "ce7343d4-cdd8-4f29-af32-390c257d8025", -- Block_ID : UNIQUE_ID
    "00000000-0000-0000-0000-000000000000", -- CurrentScope_ID : UNIQUE_ID
    0, -- return_value : INTEGER
    '', -- Label : STRING
    "c9289113-81dc-4292-a987-a3616ae7bf07" -- Parsed_Block_ID : UNIQUE_ID
);
INSERT INTO ACT_ACT VALUES (
    "472b2dee-6617-4c73-a276-c1782932f0cd", -- Action_ID : UNIQUE_ID
    'bridge', -- Type : STRING
    0, -- LoopLevel : INTEGER
    "cc0e410d-3d61-4c19-8040-ddcb3a08c6cb", -- Block_ID : UNIQUE_ID
    "00000000-0000-0000-0000-000000000000", -- CurrentScope_ID : UNIQUE_ID
    0, -- return_value : INTEGER
    '', -- Label : STRING
    "4166c1fe-aa27-40e4-a5d4-63445963f386" -- Parsed_Block_ID : UNIQUE_ID
);
INSERT INTO ACT_ACT VALUES (
    "c107e93f-d12d-4170-af11-1a7d141ab9b7", -- Action_ID : UNIQUE_ID
    'bridge', -- Type : STRING
    0, -- LoopLevel : INTEGER
    "c2a95602-ec1f-442a-8094-d1efffb24b72", -- Block_ID : UNIQUE_ID
    "00000000-0000-0000-0000-000000000000", -- CurrentScope_ID : UNIQUE_ID
    0, -- return_value : INTEGER
    '', -- Label : STRING
    "0df38b16-5776-4365-9b95-7a37c36591d9" -- Parsed_Block_ID : UNIQUE_ID
);
INSERT INTO ACT_ACT VALUES (
    "7baa1cad-2633-4a81-b2e9-7c18462254d7", -- Action_ID : UNIQUE_ID
    'bridge', -- Type : STRING
    0, -- LoopLevel : INTEGER
    "bc11b003-7891-4879-a657-4d4a9f26d747", -- Block_ID : UNIQUE_ID
    "00000000-0000-0000-0000-000000000000", -- CurrentScope_ID : UNIQUE_ID
    0, -- return_value : INTEGER
    '', -- Label : STRING
    "d6eaf497-628e-4999-8747-57217c0a2685" -- Parsed_Block_ID : UNIQUE_ID
);
INSERT INTO ACT_ACT VALUES (
    "e260ed6b-bdf4-4e52-9c2b-c641cbe98c3c", -- Action_ID : UNIQUE_ID
    'bridge', -- Type : STRING
    0, -- LoopLevel : INTEGER
    "f0691d71-70c4-457f-951b-67e3cfb50df7", -- Block_ID : UNIQUE_ID
    "00000000-0000-0000-0000-000000000000", -- CurrentScope_ID : UNIQUE_ID
    0, -- return_value : INTEGER
    '', -- Label : STRING
    "1c3386c1-7fae-47ac-bd98-61c9a54da695" -- Parsed_Block_ID : UNIQUE_ID
);
INSERT INTO ACT_ACT VALUES (
    "b3023b2d-695a-4efc-a4ba-2d6916dca57f", -- Action_ID : UNIQUE_ID
    'bridge', -- Type : STRING
    0, -- LoopLevel : INTEGER
    "1f933886-7060-4a4a-b1ec-7d7aebe4be43", -- Block_ID : UNIQUE_ID
    "00000000-0000-0000-0000-000000000000", -- CurrentScope_ID : UNIQUE_ID
    0, -- return_value : INTEGER
    '', -- Label : STRING
    "cba22bd3-a302-4ebe-8546-fdafaca7d4f3" -- Parsed_Block_ID : UNIQUE_ID
);
INSERT INTO ACT_ACT VALUES (
    "a88de208-d61e-4e2b-b2d3-2907cf9cc8e2", -- Action_ID : UNIQUE_ID
    'bridge', -- Type : STRING
    0, -- LoopLevel : INTEGER
    "95c29c0a-ebb6-4a6b-93b6-4279b45896b3", -- Block_ID : UNIQUE_ID
    "00000000-0000-0000-0000-000000000000", -- CurrentScope_ID : UNIQUE_ID
    0, -- return_value : INTEGER
    '', -- Label : STRING
    "b5f08ce5-fcbd-4363-a32c-c0345935a90f" -- Parsed_Block_ID : UNIQUE_ID
);
INSERT INTO ACT_ACT VALUES (
    "b1687212-130d-4d8a-8c41-83a222a50beb", -- Action_ID : UNIQUE_ID
    'bridge', -- Type : STRING
    0, -- LoopLevel : INTEGER
    "82b35824-1a07-4464-afa2-28d4058dfd3d", -- Block_ID : UNIQUE_ID
    "00000000-0000-0000-0000-000000000000", -- CurrentScope_ID : UNIQUE_ID
    0, -- return_value : INTEGER
    '', -- Label : STRING
    "7384bf0f-8931-471f-8e91-1d4a9f5633ef" -- Parsed_Block_ID : UNIQUE_ID
);
INSERT INTO ACT_ACT VALUES (
    "994c16c7-4ffd-44d5-8753-874caaa82405", -- Action_ID : UNIQUE_ID
    'bridge', -- Type : STRING
    0, -- LoopLevel : INTEGER
    "6a7a433d-96e7-4b47-9242-9c4b6a000df8", -- Block_ID : UNIQUE_ID
    "00000000-0000-0000-0000-000000000000", -- CurrentScope_ID : UNIQUE_ID
    0, -- return_value : INTEGER
    '', -- Label : STRING
    "d88b9d72-fc35-4a6d-892d-24d55dabe678" -- Parsed_Block_ID : UNIQUE_ID
);
INSERT INTO ACT_ACT VALUES (
    "7e35aeb5-89d5-4483-920a-f835d51758d1", -- Action_ID : UNIQUE_ID
    'bridge', -- Type : STRING
    0, -- LoopLevel : INTEGER
    "186ed25f-8329-4bfd-9395-1e1acd1873e3", -- Block_ID : UNIQUE_ID
    "00000000-0000-0000-0000-000000000000", -- CurrentScope_ID : UNIQUE_ID
    0, -- return_value : INTEGER
    '', -- Label : STRING
    "2eeded35-08f1-4937-9b74-142abe93f793" -- Parsed_Block_ID : UNIQUE_ID
);
INSERT INTO ACT_ACT VALUES (
    "a64fdcd2-29c6-4cb1-b0ac-09561a250530", -- Action_ID : UNIQUE_ID
    'bridge', -- Type : STRING
    0, -- LoopLevel : INTEGER
    "38ed8efe-3eb3-41b8-824c-5fd109222603", -- Block_ID : UNIQUE_ID
    "00000000-0000-0000-0000-000000000000", -- CurrentScope_ID : UNIQUE_ID
    0, -- return_value : INTEGER
    '', -- Label : STRING
    "6f0cdc16-23f4-4726-85d9-80ccc13372ea" -- Parsed_Block_ID : UNIQUE_ID
);
INSERT INTO ACT_ACT VALUES (
    "0959f402-3eca-44ce-ac68-31a85fe2efdc", -- Action_ID : UNIQUE_ID
    'bridge', -- Type : STRING
    0, -- LoopLevel : INTEGER
    "68c6be98-7549-4af7-9ca9-d3eef7361e2e", -- Block_ID : UNIQUE_ID
    "00000000-0000-0000-0000-000000000000", -- CurrentScope_ID : UNIQUE_ID
    0, -- return_value : INTEGER
    '', -- Label : STRING
    "20ff4b0b-8c4e-44f0-884a-317504e4f8d7" -- Parsed_Block_ID : UNIQUE_ID
);
INSERT INTO ACT_ACT VALUES (
    "1f392382-1601-4ade-b814-d25d9e84ca9b", -- Action_ID : UNIQUE_ID
    'bridge', -- Type : STRING
    0, -- LoopLevel : INTEGER
    "f92b76b3-99e4-4644-95f7-c75cdbe2c424", -- Block_ID : UNIQUE_ID
    "00000000-0000-0000-0000-000000000000", -- CurrentScope_ID : UNIQUE_ID
    0, -- return_value : INTEGER
    '', -- Label : STRING
    "a4df3934-4b55-4d6b-b7c8-8f625910c45b" -- Parsed_Block_ID : UNIQUE_ID
);
INSERT INTO ACT_ACT VALUES (
    "a68ad3cc-3265-48ab-a6e9-9dd993ba4da6", -- Action_ID : UNIQUE_ID
    'bridge', -- Type : STRING
    0, -- LoopLevel : INTEGER
    "354493b7-8f3d-4d31-8e1b-000b591a0556", -- Block_ID : UNIQUE_ID
    "00000000-0000-0000-0000-000000000000", -- CurrentScope_ID : UNIQUE_ID
    0, -- return_value : INTEGER
    '', -- Label : STRING
    "a6245232-e84f-4f42-9e62-64f79d90f099" -- Parsed_Block_ID : UNIQUE_ID
);
INSERT INTO ACT_ACT VALUES (
    "745ddcf0-73e8-4cca-ac1c-46be682519ff", -- Action_ID : UNIQUE_ID
    'bridge', -- Type : STRING
    0, -- LoopLevel : INTEGER
    "b9d281d8-c66f-4106-8c00-61b3ad160285", -- Block_ID : UNIQUE_ID
    "00000000-0000-0000-0000-000000000000", -- CurrentScope_ID : UNIQUE_ID
    0, -- return_value : INTEGER
    '', -- Label : STRING
    "77b1bd02-fc1e-4974-844b-501da48f2637" -- Parsed_Block_ID : UNIQUE_ID
);
INSERT INTO ACT_ACT VALUES (
    "2568861d-1f1e-445c-95d9-0b6a3567fb5a", -- Action_ID : UNIQUE_ID
    'bridge', -- Type : STRING
    0, -- LoopLevel : INTEGER
    "77a7f92d-4393-4cb2-9014-dfa718eba5b4", -- Block_ID : UNIQUE_ID
    "00000000-0000-0000-0000-000000000000", -- CurrentScope_ID : UNIQUE_ID
    0, -- return_value : INTEGER
    '', -- Label : STRING
    "da9a3b67-81f3-453b-a7bd-80cae0e90a38" -- Parsed_Block_ID : UNIQUE_ID
);
INSERT INTO ACT_ACT VALUES (
    "c1528d1e-1f28-4f05-be78-ff3a92179980", -- Action_ID : UNIQUE_ID
    'bridge', -- Type : STRING
    0, -- LoopLevel : INTEGER
    "3371e3d6-254b-4619-adf5-9bc75f4d1468", -- Block_ID : UNIQUE_ID
    "00000000-0000-0000-0000-000000000000", -- CurrentScope_ID : UNIQUE_ID
    0, -- return_value : INTEGER
    '', -- Label : STRING
    "b5539b84-89df-436d-b83a-aac811de8ac6" -- Parsed_Block_ID : UNIQUE_ID
);
INSERT INTO ACT_ACT VALUES (
    "67c382a3-7d19-4688-992e-df8f5c838a25", -- Action_ID : UNIQUE_ID
    'bridge', -- Type : STRING
    0, -- LoopLevel : INTEGER
    "1563a9b7-c978-4960-94b0-5ab0f80f3f6f", -- Block_ID : UNIQUE_ID
    "00000000-0000-0000-0000-000000000000", -- CurrentScope_ID : UNIQUE_ID
    0, -- return_value : INTEGER
    '', -- Label : STRING
    "bfd85cce-0d93-4b4b-b054-1440e93a1bc6" -- Parsed_Block_ID : UNIQUE_ID
);
INSERT INTO ACT_ACT VALUES (
    "9ac9e2b5-03da-4d27-a809-a1de46b7c45a", -- Action_ID : UNIQUE_ID
    'bridge', -- Type : STRING
    0, -- LoopLevel : INTEGER
    "912da457-f457-4552-a1ef-d1365565115f", -- Block_ID : UNIQUE_ID
    "00000000-0000-0000-0000-000000000000", -- CurrentScope_ID : UNIQUE_ID
    0, -- return_value : INTEGER
    '', -- Label : STRING
    "4b6d0a22-2f90-43d6-80af-d37e0b76f7e4" -- Parsed_Block_ID : UNIQUE_ID
);
INSERT INTO ACT_ACT VALUES (
    "19335544-a422-4aec-aa0b-f27f88cc1c7f", -- Action_ID : UNIQUE_ID
    'bridge', -- Type : STRING
    0, -- LoopLevel : INTEGER
    "a1bf0e42-03df-45c7-9068-9128b82c0053", -- Block_ID : UNIQUE_ID
    "00000000-0000-0000-0000-000000000000", -- CurrentScope_ID : UNIQUE_ID
    0, -- return_value : INTEGER
    '', -- Label : STRING
    "47bb0cf4-a6f8-4a54-9b6a-fe1667d64535" -- Parsed_Block_ID : UNIQUE_ID
);
INSERT INTO ACT_ACT VALUES (
    "7d59aea7-80b4-4ace-a108-fa868fd6c8dd", -- Action_ID : UNIQUE_ID
    'bridge', -- Type : STRING
    0, -- LoopLevel : INTEGER
    "6f58116c-cfad-43bb-abf7-d3e4d4c661bd", -- Block_ID : UNIQUE_ID
    "00000000-0000-0000-0000-000000000000", -- CurrentScope_ID : UNIQUE_ID
    0, -- return_value : INTEGER
    '', -- Label : STRING
    "849f5690-98e6-48ab-a961-420d5767fe0e" -- Parsed_Block_ID : UNIQUE_ID
);
INSERT INTO ACT_ACT VALUES (
    "f69e8884-fd52-4eb7-b2ea-276d77de052f", -- Action_ID : UNIQUE_ID
    'bridge', -- Type : STRING
    0, -- LoopLevel : INTEGER
    "fdc29cee-788a-434d-a69d-a40cfa19bc19", -- Block_ID : UNIQUE_ID
    "00000000-0000-0000-0000-000000000000", -- CurrentScope_ID : UNIQUE_ID
    0, -- return_value : INTEGER
    '', -- Label : STRING
    "1df2d6da-21a7-44bd-9fe7-2e2efd75ed15" -- Parsed_Block_ID : UNIQUE_ID
);
INSERT INTO ACT_ACT VALUES (
    "4ed4204a-a0a5-4297-89ab-801491b3c783", -- Action_ID : UNIQUE_ID
    'bridge', -- Type : STRING
    0, -- LoopLevel : INTEGER
    "d83a66d3-ddf0-49a8-8b7f-c0018786fc9b", -- Block_ID : UNIQUE_ID
    "00000000-0000-0000-0000-000000000000", -- CurrentScope_ID : UNIQUE_ID
    0, -- return_value : INTEGER
    '', -- Label : STRING
    "e591cfae-3d05-4fb1-9d4b-4a7111d76194" -- Parsed_Block_ID : UNIQUE_ID
);
INSERT INTO ACT_ACT VALUES (
    "dd410a47-1c96-4c2e-a9e7-7f69ea3ff8d4", -- Action_ID : UNIQUE_ID
    'bridge', -- Type : STRING
    0, -- LoopLevel : INTEGER
    "e9880e7e-6f39-453d-9e28-ebeaa23aedca", -- Block_ID : UNIQUE_ID
    "00000000-0000-0000-0000-000000000000", -- CurrentScope_ID : UNIQUE_ID
    0, -- return_value : INTEGER
    '', -- Label : STRING
    "09f70fec-0296-490e-b78c-9779d3026d51" -- Parsed_Block_ID : UNIQUE_ID
);
INSERT INTO ACT_ACT VALUES (
    "4d52c46c-a556-48b3-a556-c95a79083046", -- Action_ID : UNIQUE_ID
    'bridge', -- Type : STRING
    0, -- LoopLevel : INTEGER
    "9e58d38e-18cb-4f80-9e45-1186c3f7af02", -- Block_ID : UNIQUE_ID
    "00000000-0000-0000-0000-000000000000", -- CurrentScope_ID : UNIQUE_ID
    0, -- return_value : INTEGER
    '', -- Label : STRING
    "2e30d606-9bf1-44b9-849c-4ec25ee9069e" -- Parsed_Block_ID : UNIQUE_ID
);
INSERT INTO ACT_ACT VALUES (
    "e4ba421b-7a63-471d-be2f-0e2fbc34868e", -- Action_ID : UNIQUE_ID
    'bridge', -- Type : STRING
    0, -- LoopLevel : INTEGER
    "33c7e665-5c8f-45c2-a30d-a534eb2ce8f4", -- Block_ID : UNIQUE_ID
    "00000000-0000-0000-0000-000000000000", -- CurrentScope_ID : UNIQUE_ID
    0, -- return_value : INTEGER
    '', -- Label : STRING
    "b6615f73-7558-415a-98c2-b3f2cc197c55" -- Parsed_Block_ID : UNIQUE_ID
);
INSERT INTO ACT_ACT VALUES (
    "dd4264d1-920b-460c-812b-30d56a041dac", -- Action_ID : UNIQUE_ID
    'bridge', -- Type : STRING
    0, -- LoopLevel : INTEGER
    "5acfbcda-db2f-4b3d-8715-b4f1822d4b2d", -- Block_ID : UNIQUE_ID
    "00000000-0000-0000-0000-000000000000", -- CurrentScope_ID : UNIQUE_ID
    0, -- return_value : INTEGER
    '', -- Label : STRING
    "c9d53b9f-3c4d-4f4e-997b-f06b7264010d" -- Parsed_Block_ID : UNIQUE_ID
);
INSERT INTO ACT_ACT VALUES (
    "743bb9c9-24a5-4cdf-bedc-0699d77202bf", -- Action_ID : UNIQUE_ID
    'bridge', -- Type : STRING
    0, -- LoopLevel : INTEGER
    "abcd4fe9-dfd6-434a-a664-0284f8e28a7d", -- Block_ID : UNIQUE_ID
    "00000000-0000-0000-0000-000000000000", -- CurrentScope_ID : UNIQUE_ID
    0, -- return_value : INTEGER
    '', -- Label : STRING
    "1ccf679e-159f-490c-89d0-28e41e8f87eb" -- Parsed_Block_ID : UNIQUE_ID
);
INSERT INTO ACT_ACT VALUES (
    "0d1530ef-61e0-4f1d-85a1-3ea931d18d82", -- Action_ID : UNIQUE_ID
    'operation', -- Type : STRING
    0, -- LoopLevel : INTEGER
    "3814a889-cbdc-434a-963a-80e7fd23adb9", -- Block_ID : UNIQUE_ID
    "00000000-0000-0000-0000-000000000000", -- CurrentScope_ID : UNIQUE_ID
    0, -- return_value : INTEGER
    'Employee::getAge', -- Label : STRING
    "e0471003-95d9-431e-ab32-41c8eb5787c4" -- Parsed_Block_ID : UNIQUE_ID
);
INSERT INTO ACT_ACT VALUES (
    "a3be3fed-03c7-40b3-9d22-379d1f09f6f4", -- Action_ID : UNIQUE_ID
    '', -- Type : STRING
    0, -- LoopLevel : INTEGER
    "9025447a-1354-4e4b-a511-dea16a9d3abc", -- Block_ID : UNIQUE_ID
    "00000000-0000-0000-0000-000000000000", -- CurrentScope_ID : UNIQUE_ID
    0, -- return_value : INTEGER
    '', -- Label : STRING
    "fcb93afe-c80d-4e6d-9f9c-090783052059" -- Parsed_Block_ID : UNIQUE_ID
);
INSERT INTO ACT_ACT VALUES (
    "3b2d7127-3059-4181-85fe-82df743e71f7", -- Action_ID : UNIQUE_ID
    '', -- Type : STRING
    0, -- LoopLevel : INTEGER
    "76ad428d-b736-4232-8f50-804d97c482b7", -- Block_ID : UNIQUE_ID
    "00000000-0000-0000-0000-000000000000", -- CurrentScope_ID : UNIQUE_ID
    0, -- return_value : INTEGER
    '', -- Label : STRING
    "e40ed729-3d50-443e-b9b5-21ca6c38227f" -- Parsed_Block_ID : UNIQUE_ID
);
INSERT INTO ACT_ACT VALUES (
    "aeb2a871-9865-4bac-92a9-fea30da57e7a", -- Action_ID : UNIQUE_ID
    '', -- Type : STRING
    0, -- LoopLevel : INTEGER
    "2e4b0ba3-76bc-475d-a336-2c5597930684", -- Block_ID : UNIQUE_ID
    "00000000-0000-0000-0000-000000000000", -- CurrentScope_ID : UNIQUE_ID
    0, -- return_value : INTEGER
    '', -- Label : STRING
    "21d9e688-1108-4fca-bc97-ca02c0894365" -- Parsed_Block_ID : UNIQUE_ID
);
INSERT INTO ACT_ACT VALUES (
    "53996296-9bd3-4afd-aaff-27211b36be33", -- Action_ID : UNIQUE_ID
    '', -- Type : STRING
    0, -- LoopLevel : INTEGER
    "7e6103c7-31e9-4cf5-9a1f-5d7d1e5229e3", -- Block_ID : UNIQUE_ID
    "00000000-0000-0000-0000-000000000000", -- CurrentScope_ID : UNIQUE_ID
    0, -- return_value : INTEGER
    '', -- Label : STRING
    "94ee5ae6-b2b0-476f-80b3-07db7b861784" -- Parsed_Block_ID : UNIQUE_ID
);
INSERT INTO ACT_ACT VALUES (
    "399cba98-2f08-4d16-a950-ac0a3b5ded76", -- Action_ID : UNIQUE_ID
    'interface signal', -- Type : STRING
    0, -- LoopLevel : INTEGER
    "0ee16e96-501b-420f-bf0c-41aa8686d87b", -- Block_ID : UNIQUE_ID
    "00000000-0000-0000-0000-000000000000", -- CurrentScope_ID : UNIQUE_ID
    0, -- return_value : INTEGER
    '', -- Label : STRING
    "2d06281d-d74b-4740-95fa-3978f59d7a2c" -- Parsed_Block_ID : UNIQUE_ID
);
INSERT INTO ACT_ACT VALUES (
    "b0029b84-f781-487b-bff7-3fd5fe556ca4", -- Action_ID : UNIQUE_ID
    'interface signal', -- Type : STRING
    0, -- LoopLevel : INTEGER
    "b90d40fc-f505-4d9b-b164-2e7fc47e64a8", -- Block_ID : UNIQUE_ID
    "00000000-0000-0000-0000-000000000000", -- CurrentScope_ID : UNIQUE_ID
    0, -- return_value : INTEGER
    '', -- Label : STRING
    "d2016b83-d11c-4f7b-8bd2-486af43da68b" -- Parsed_Block_ID : UNIQUE_ID
);
INSERT INTO ACT_ACT VALUES (
    "b32470d5-e748-4f59-99a9-393868f87444", -- Action_ID : UNIQUE_ID
    'interface signal', -- Type : STRING
    0, -- LoopLevel : INTEGER
    "6b9cb337-57d8-4030-8454-92acb0019a4c", -- Block_ID : UNIQUE_ID
    "00000000-0000-0000-0000-000000000000", -- CurrentScope_ID : UNIQUE_ID
    0, -- return_value : INTEGER
    '', -- Label : STRING
    "3bbf04ac-4dd1-4809-95e3-724eed98c04b" -- Parsed_Block_ID : UNIQUE_ID
);
INSERT INTO ACT_ACT VALUES (
    "c45945ea-3e4e-4ee8-ae2a-ddd2b946568e", -- Action_ID : UNIQUE_ID
    'interface signal', -- Type : STRING
    0, -- LoopLevel : INTEGER
    "91adc69c-9c65-4fdf-9355-acb105d45fcf", -- Block_ID : UNIQUE_ID
    "00000000-0000-0000-0000-000000000000", -- CurrentScope_ID : UNIQUE_ID
    0, -- return_value : INTEGER
    '', -- Label : STRING
    "12927dea-bacf-420a-8f1b-a480657332b1" -- Parsed_Block_ID : UNIQUE_ID
);
INSERT INTO ACT_ACT VALUES (
    "219091dc-a4b9-455a-8651-86a9832aeea6", -- Action_ID : UNIQUE_ID
    'interface signal', -- Type : STRING
    0, -- LoopLevel : INTEGER
    "eecaa149-6daa-4b53-b48b-f8594e36de4f", -- Block_ID : UNIQUE_ID
    "00000000-0000-0000-0000-000000000000", -- CurrentScope_ID : UNIQUE_ID
    0, -- return_value : INTEGER
    '', -- Label : STRING
    "7c5da71b-0f23-4316-a468-e014df113ac7" -- Parsed_Block_ID : UNIQUE_ID
);
INSERT INTO ACT_ACT VALUES (
    "0a0b1c82-ac98-48e3-adfb-3526899a5f05", -- Action_ID : UNIQUE_ID
    'interface signal', -- Type : STRING
    0, -- LoopLevel : INTEGER
    "862bd10c-f0b6-4ab5-842e-e82fb030e433", -- Block_ID : UNIQUE_ID
    "00000000-0000-0000-0000-000000000000", -- CurrentScope_ID : UNIQUE_ID
    0, -- return_value : INTEGER
    '', -- Label : STRING
    "14d3adac-4cdf-491b-b9b8-18f7f39757aa" -- Parsed_Block_ID : UNIQUE_ID
);
INSERT INTO ACT_AI VALUES (
    "e02bdcef-0424-498b-9538-cdbe35f3dc1f", -- Statement_ID : UNIQUE_ID
    "1a0a2ab9-6f28-44f3-8f82-84888281839e", -- r_Value_ID : UNIQUE_ID
    "63bcc298-adba-4b2c-be70-d220de839f87", -- l_Value_ID : UNIQUE_ID
    0, -- attributeLineNumber : INTEGER
    0 -- attributeColumn : INTEGER
);
INSERT INTO ACT_AI VALUES (
    "b28519c2-cfe7-4862-aab2-80210418c7fc", -- Statement_ID : UNIQUE_ID
    "380981b8-087d-4c6d-a3a3-0071af2f7fd4", -- r_Value_ID : UNIQUE_ID
    "37327c78-71a9-43ba-981a-6ff67e1b3f78", -- l_Value_ID : UNIQUE_ID
    0, -- attributeLineNumber : INTEGER
    0 -- attributeColumn : INTEGER
);
INSERT INTO ACT_AI VALUES (
    "2c6270b6-6198-40a0-b988-8a56ba5b8356", -- Statement_ID : UNIQUE_ID
    "e9b5979f-a407-439f-a58b-fc5186900aca", -- r_Value_ID : UNIQUE_ID
    "e5f9b8bd-8fd9-47bd-8169-5a3032af5d07", -- l_Value_ID : UNIQUE_ID
    0, -- attributeLineNumber : INTEGER
    0 -- attributeColumn : INTEGER
);
INSERT INTO ACT_AI VALUES (
    "8aa5d28f-e068-47c6-9477-3274715fe3af", -- Statement_ID : UNIQUE_ID
    "29c44c7a-87e6-4653-8084-909eb315e8d7", -- r_Value_ID : UNIQUE_ID
    "740e7e3b-a5c9-4f49-9af0-c685ef125926", -- l_Value_ID : UNIQUE_ID
    0, -- attributeLineNumber : INTEGER
    0 -- attributeColumn : INTEGER
);
INSERT INTO ACT_AI VALUES (
    "93fb84af-3715-4203-9148-670ca8c9ebbc", -- Statement_ID : UNIQUE_ID
    "4a6a9680-1223-4067-bfc9-7d7bb4c9ad89", -- r_Value_ID : UNIQUE_ID
    "cd46b2f1-2975-49b3-a9c1-bff7ca4049d1", -- l_Value_ID : UNIQUE_ID
    0, -- attributeLineNumber : INTEGER
    0 -- attributeColumn : INTEGER
);
INSERT INTO ACT_AI VALUES (
    "61c03216-e47a-4feb-9242-ba3edcbcb295", -- Statement_ID : UNIQUE_ID
    "9037290c-6cdf-4e82-8030-ebde3047a7b1", -- r_Value_ID : UNIQUE_ID
    "0d375878-bf19-4829-8200-e4d486d37a49", -- l_Value_ID : UNIQUE_ID
    0, -- attributeLineNumber : INTEGER
    0 -- attributeColumn : INTEGER
);
INSERT INTO ACT_AI VALUES (
    "02902645-896a-44e5-82d5-6df4fe4ba16d", -- Statement_ID : UNIQUE_ID
    "1c7d2958-62ed-468e-9c7a-778b629ff632", -- r_Value_ID : UNIQUE_ID
    "4ec96bc8-ac51-401b-bda4-4346fa9c443d", -- l_Value_ID : UNIQUE_ID
    0, -- attributeLineNumber : INTEGER
    0 -- attributeColumn : INTEGER
);
INSERT INTO ACT_AI VALUES (
    "506e8a81-525f-4794-9ebb-4eb95275ddc9", -- Statement_ID : UNIQUE_ID
    "0307dd15-9ab6-4a61-a2d2-7976330acddf", -- r_Value_ID : UNIQUE_ID
    "af09d84a-b148-4717-b3ec-eca2c4b9fe24", -- l_Value_ID : UNIQUE_ID
    0, -- attributeLineNumber : INTEGER
    0 -- attributeColumn : INTEGER
);
INSERT INTO ACT_AI VALUES (
    "7fb6b490-840b-4e35-9b3e-05c5eb40f54c", -- Statement_ID : UNIQUE_ID
    "db0e01ef-210b-4f4c-82bd-dfc446e07883", -- r_Value_ID : UNIQUE_ID
    "bb7c2d6d-920d-45ec-a40a-5bfcc356e7d3", -- l_Value_ID : UNIQUE_ID
    0, -- attributeLineNumber : INTEGER
    0 -- attributeColumn : INTEGER
);
INSERT INTO ACT_AI VALUES (
    "208866ba-58cb-47ff-8d4d-0d48b40603e2", -- Statement_ID : UNIQUE_ID
    "b91cd376-7dd5-41de-9256-c1e775952f3c", -- r_Value_ID : UNIQUE_ID
    "c7b8989e-b9ff-46e7-954e-27de9da93a06", -- l_Value_ID : UNIQUE_ID
    0, -- attributeLineNumber : INTEGER
    0 -- attributeColumn : INTEGER
);
INSERT INTO ACT_AI VALUES (
    "4deb1e63-1b06-43bd-acee-c30bd3231167", -- Statement_ID : UNIQUE_ID
    "f4e394cb-63d5-4262-9892-d8e931ad6bb5", -- r_Value_ID : UNIQUE_ID
    "48b7b785-01f0-4275-99cf-f23f16994498", -- l_Value_ID : UNIQUE_ID
    0, -- attributeLineNumber : INTEGER
    0 -- attributeColumn : INTEGER
);
INSERT INTO ACT_AI VALUES (
    "159efd17-88c8-47c6-9a54-588ecd95cecb", -- Statement_ID : UNIQUE_ID
    "c521fc3a-85f0-4dbd-a0da-927affc55d6a", -- r_Value_ID : UNIQUE_ID
    "de616b25-4a07-4a9b-8ba2-81e240086152", -- l_Value_ID : UNIQUE_ID
    0, -- attributeLineNumber : INTEGER
    0 -- attributeColumn : INTEGER
);
INSERT INTO ACT_AI VALUES (
    "9276ffee-ddb6-4846-bb08-ea70bf7ca9de", -- Statement_ID : UNIQUE_ID
    "388d0923-d08e-497a-9e54-27232a36bfb4", -- r_Value_ID : UNIQUE_ID
    "50ac8856-424e-413d-a9c4-406563fb04ed", -- l_Value_ID : UNIQUE_ID
    0, -- attributeLineNumber : INTEGER
    0 -- attributeColumn : INTEGER
);
INSERT INTO ACT_AI VALUES (
    "c77bf375-d52b-4509-bd0b-0a355468c162", -- Statement_ID : UNIQUE_ID
    "2852efb7-56ba-4f3c-95df-6fd286e30e6f", -- r_Value_ID : UNIQUE_ID
    "90df11bd-b1e7-4736-ad14-84f7d988f375", -- l_Value_ID : UNIQUE_ID
    0, -- attributeLineNumber : INTEGER
    0 -- attributeColumn : INTEGER
);
INSERT INTO ACT_AI VALUES (
    "8de56414-8a65-4445-a389-cec5f04dbecb", -- Statement_ID : UNIQUE_ID
    "f384c4a2-c155-4c77-81d5-174839b95d9e", -- r_Value_ID : UNIQUE_ID
    "f8cb7c2b-4f16-4547-ad21-9a0fab8e49eb", -- l_Value_ID : UNIQUE_ID
    0, -- attributeLineNumber : INTEGER
    0 -- attributeColumn : INTEGER
);
INSERT INTO ACT_AI VALUES (
    "d454df35-2b63-470d-972d-bcd1fded0159", -- Statement_ID : UNIQUE_ID
    "384d2c99-66ae-46cd-909c-115d7ba7089c", -- r_Value_ID : UNIQUE_ID
    "c9803bfb-6712-4ff6-b1d3-2f2ffac8df0e", -- l_Value_ID : UNIQUE_ID
    0, -- attributeLineNumber : INTEGER
    0 -- attributeColumn : INTEGER
);
INSERT INTO ACT_AI VALUES (
    "93805c50-bb07-4348-a602-9f6e147152a5", -- Statement_ID : UNIQUE_ID
    "00509224-b783-4f2d-8f5f-0acb66adf3ab", -- r_Value_ID : UNIQUE_ID
    "7e167f01-c44d-47d7-9fd9-0c0d26d89bc3", -- l_Value_ID : UNIQUE_ID
    0, -- attributeLineNumber : INTEGER
    0 -- attributeColumn : INTEGER
);
INSERT INTO ACT_AI VALUES (
    "b63f70fa-ef77-4a6c-9d02-7cabf6c2e667", -- Statement_ID : UNIQUE_ID
    "0378b300-7952-4d92-934d-df4d1f214a40", -- r_Value_ID : UNIQUE_ID
    "ddf4dc0f-a4bd-47c0-adff-847ea1b8bfef", -- l_Value_ID : UNIQUE_ID
    0, -- attributeLineNumber : INTEGER
    0 -- attributeColumn : INTEGER
);
INSERT INTO ACT_AI VALUES (
    "d087a64c-6496-4e77-8266-48fdf93256d3", -- Statement_ID : UNIQUE_ID
    "e6a056bb-95b8-4f67-a1f3-ed31cc6e8b2b", -- r_Value_ID : UNIQUE_ID
    "6a135ec4-5c16-4406-af8e-136d0da05866", -- l_Value_ID : UNIQUE_ID
    0, -- attributeLineNumber : INTEGER
    0 -- attributeColumn : INTEGER
);
INSERT INTO ACT_AI VALUES (
    "abac7750-3c41-4d4f-8091-aed8eb72c816", -- Statement_ID : UNIQUE_ID
    "1260bccf-94f0-43f3-a4cd-7b03907724f2", -- r_Value_ID : UNIQUE_ID
    "93140ac2-ca24-4527-bf15-99ba12744c71", -- l_Value_ID : UNIQUE_ID
    0, -- attributeLineNumber : INTEGER
    0 -- attributeColumn : INTEGER
);
INSERT INTO ACT_BLK VALUES (
    "e16b83e7-8133-4272-a0f8-ed5bd286bf51", -- Block_ID : UNIQUE_ID
    0, -- WhereSpecOK : BOOLEAN
    0, -- InWhereSpec : BOOLEAN
    0, -- SelectedFound : BOOLEAN
    '', -- TempBuffer : STRING
    '', -- SupData1 : STRING
    '', -- SupData2 : STRING
    0, -- CurrentLine : INTEGER
    0, -- CurrentCol : INTEGER
    0, -- currentKeyLettersLineNumber : INTEGER
    0, -- currentKeyLettersColumn : INTEGER
    0, -- currentParameterAssignmentNameLineNumber : INTEGER
    0, -- currentParameterAssignmentNameColumn : INTEGER
    0, -- currentAssociationNumberLineNumber : INTEGER
    0, -- currentAssociationNumberColumn : INTEGER
    0, -- currentAssociationPhraseLineNumber : INTEGER
    0, -- currentAssociationPhraseColumn : INTEGER
    0, -- currentDataTypeNameLineNumber : INTEGER
    0, -- currentDataTypeNameColumn : INTEGER
    0, -- blockInStackFrameCreated : BOOLEAN
    "a49340d1-99a8-4d89-b2a9-b890da23d31c", -- Action_ID : UNIQUE_ID
    "eb61043d-69a7-4a12-9b22-380ed18e3d09" -- Parsed_Action_ID : UNIQUE_ID
);
INSERT INTO ACT_BLK VALUES (
    "72639638-0b72-4ead-88d8-3771920c4017", -- Block_ID : UNIQUE_ID
    0, -- WhereSpecOK : BOOLEAN
    0, -- InWhereSpec : BOOLEAN
    0, -- SelectedFound : BOOLEAN
    '', -- TempBuffer : STRING
    '', -- SupData1 : STRING
    '', -- SupData2 : STRING
    0, -- CurrentLine : INTEGER
    0, -- CurrentCol : INTEGER
    0, -- currentKeyLettersLineNumber : INTEGER
    0, -- currentKeyLettersColumn : INTEGER
    0, -- currentParameterAssignmentNameLineNumber : INTEGER
    0, -- currentParameterAssignmentNameColumn : INTEGER
    0, -- currentAssociationNumberLineNumber : INTEGER
    0, -- currentAssociationNumberColumn : INTEGER
    0, -- currentAssociationPhraseLineNumber : INTEGER
    0, -- currentAssociationPhraseColumn : INTEGER
    0, -- currentDataTypeNameLineNumber : INTEGER
    0, -- currentDataTypeNameColumn : INTEGER
    0, -- blockInStackFrameCreated : BOOLEAN
    "c34265c7-3fa6-49ae-9d86-9c6b4a0c91bc", -- Action_ID : UNIQUE_ID
    "29003b28-0e09-470c-83b1-1e429b2af46c" -- Parsed_Action_ID : UNIQUE_ID
);
INSERT INTO ACT_BLK VALUES (
    "08d1ad52-7f16-4792-9e65-886697db60cf", -- Block_ID : UNIQUE_ID
    0, -- WhereSpecOK : BOOLEAN
    0, -- InWhereSpec : BOOLEAN
    0, -- SelectedFound : BOOLEAN
    '', -- TempBuffer : STRING
    '', -- SupData1 : STRING
    '', -- SupData2 : STRING
    0, -- CurrentLine : INTEGER
    0, -- CurrentCol : INTEGER
    0, -- currentKeyLettersLineNumber : INTEGER
    0, -- currentKeyLettersColumn : INTEGER
    0, -- currentParameterAssignmentNameLineNumber : INTEGER
    0, -- currentParameterAssignmentNameColumn : INTEGER
    0, -- currentAssociationNumberLineNumber : INTEGER
    0, -- currentAssociationNumberColumn : INTEGER
    0, -- currentAssociationPhraseLineNumber : INTEGER
    0, -- currentAssociationPhraseColumn : INTEGER
    0, -- currentDataTypeNameLineNumber : INTEGER
    0, -- currentDataTypeNameColumn : INTEGER
    0, -- blockInStackFrameCreated : BOOLEAN
    "f45f5497-97e8-48de-afad-47396ded786d", -- Action_ID : UNIQUE_ID
    "09296b02-bb8c-4739-8c7d-9cb887539c17" -- Parsed_Action_ID : UNIQUE_ID
);
INSERT INTO ACT_BLK VALUES (
    "7f05bc2b-525b-497d-b290-8472e1313b40", -- Block_ID : UNIQUE_ID
    0, -- WhereSpecOK : BOOLEAN
    0, -- InWhereSpec : BOOLEAN
    0, -- SelectedFound : BOOLEAN
    '', -- TempBuffer : STRING
    '', -- SupData1 : STRING
    '', -- SupData2 : STRING
    0, -- CurrentLine : INTEGER
    0, -- CurrentCol : INTEGER
    0, -- currentKeyLettersLineNumber : INTEGER
    0, -- currentKeyLettersColumn : INTEGER
    0, -- currentParameterAssignmentNameLineNumber : INTEGER
    0, -- currentParameterAssignmentNameColumn : INTEGER
    0, -- currentAssociationNumberLineNumber : INTEGER
    0, -- currentAssociationNumberColumn : INTEGER
    0, -- currentAssociationPhraseLineNumber : INTEGER
    0, -- currentAssociationPhraseColumn : INTEGER
    0, -- currentDataTypeNameLineNumber : INTEGER
    0, -- currentDataTypeNameColumn : INTEGER
    0, -- blockInStackFrameCreated : BOOLEAN
    "56df1d19-2317-413a-9437-fae4b3596118", -- Action_ID : UNIQUE_ID
    "21385f93-6b2e-4752-8f24-6084ca91a022" -- Parsed_Action_ID : UNIQUE_ID
);
INSERT INTO ACT_BLK VALUES (
    "df4dfbd2-d13f-4659-9666-4e48bc45411d", -- Block_ID : UNIQUE_ID
    0, -- WhereSpecOK : BOOLEAN
    0, -- InWhereSpec : BOOLEAN
    0, -- SelectedFound : BOOLEAN
    '', -- TempBuffer : STRING
    '', -- SupData1 : STRING
    '', -- SupData2 : STRING
    0, -- CurrentLine : INTEGER
    0, -- CurrentCol : INTEGER
    0, -- currentKeyLettersLineNumber : INTEGER
    0, -- currentKeyLettersColumn : INTEGER
    0, -- currentParameterAssignmentNameLineNumber : INTEGER
    0, -- currentParameterAssignmentNameColumn : INTEGER
    0, -- currentAssociationNumberLineNumber : INTEGER
    0, -- currentAssociationNumberColumn : INTEGER
    0, -- currentAssociationPhraseLineNumber : INTEGER
    0, -- currentAssociationPhraseColumn : INTEGER
    0, -- currentDataTypeNameLineNumber : INTEGER
    0, -- currentDataTypeNameColumn : INTEGER
    0, -- blockInStackFrameCreated : BOOLEAN
    "89a06348-4a3f-4898-9b7c-9cbff5356896", -- Action_ID : UNIQUE_ID
    "04a9097a-f7a2-4325-b59f-c6c63b00d515" -- Parsed_Action_ID : UNIQUE_ID
);
INSERT INTO ACT_BLK VALUES (
    "5df32d71-371f-44ee-b4d8-b4316975cecc", -- Block_ID : UNIQUE_ID
    0, -- WhereSpecOK : BOOLEAN
    0, -- InWhereSpec : BOOLEAN
    0, -- SelectedFound : BOOLEAN
    '', -- TempBuffer : STRING
    '', -- SupData1 : STRING
    '', -- SupData2 : STRING
    0, -- CurrentLine : INTEGER
    0, -- CurrentCol : INTEGER
    0, -- currentKeyLettersLineNumber : INTEGER
    0, -- currentKeyLettersColumn : INTEGER
    0, -- currentParameterAssignmentNameLineNumber : INTEGER
    0, -- currentParameterAssignmentNameColumn : INTEGER
    0, -- currentAssociationNumberLineNumber : INTEGER
    0, -- currentAssociationNumberColumn : INTEGER
    0, -- currentAssociationPhraseLineNumber : INTEGER
    0, -- currentAssociationPhraseColumn : INTEGER
    0, -- currentDataTypeNameLineNumber : INTEGER
    0, -- currentDataTypeNameColumn : INTEGER
    0, -- blockInStackFrameCreated : BOOLEAN
    "cd86ef8f-1ffd-4a9b-839c-88a25ec4dff3", -- Action_ID : UNIQUE_ID
    "40eb4a2c-5e8f-431b-aef4-1af72d6d4001" -- Parsed_Action_ID : UNIQUE_ID
);
INSERT INTO ACT_BLK VALUES (
    "c4272810-df14-4811-aab5-8c1748bed1ce", -- Block_ID : UNIQUE_ID
    0, -- WhereSpecOK : BOOLEAN
    0, -- InWhereSpec : BOOLEAN
    0, -- SelectedFound : BOOLEAN
    '', -- TempBuffer : STRING
    '', -- SupData1 : STRING
    '', -- SupData2 : STRING
    0, -- CurrentLine : INTEGER
    0, -- CurrentCol : INTEGER
    0, -- currentKeyLettersLineNumber : INTEGER
    0, -- currentKeyLettersColumn : INTEGER
    0, -- currentParameterAssignmentNameLineNumber : INTEGER
    0, -- currentParameterAssignmentNameColumn : INTEGER
    0, -- currentAssociationNumberLineNumber : INTEGER
    0, -- currentAssociationNumberColumn : INTEGER
    0, -- currentAssociationPhraseLineNumber : INTEGER
    0, -- currentAssociationPhraseColumn : INTEGER
    0, -- currentDataTypeNameLineNumber : INTEGER
    0, -- currentDataTypeNameColumn : INTEGER
    0, -- blockInStackFrameCreated : BOOLEAN
    "454ea03b-11f6-450d-b68b-fba777744dce", -- Action_ID : UNIQUE_ID
    "5d14c0ec-ced8-4632-b051-4d86c92f7001" -- Parsed_Action_ID : UNIQUE_ID
);
INSERT INTO ACT_BLK VALUES (
    "4482d8af-1f92-4cce-9ee6-86c568174622", -- Block_ID : UNIQUE_ID
    0, -- WhereSpecOK : BOOLEAN
    0, -- InWhereSpec : BOOLEAN
    0, -- SelectedFound : BOOLEAN
    '', -- TempBuffer : STRING
    '', -- SupData1 : STRING
    '', -- SupData2 : STRING
    0, -- CurrentLine : INTEGER
    0, -- CurrentCol : INTEGER
    0, -- currentKeyLettersLineNumber : INTEGER
    0, -- currentKeyLettersColumn : INTEGER
    0, -- currentParameterAssignmentNameLineNumber : INTEGER
    0, -- currentParameterAssignmentNameColumn : INTEGER
    0, -- currentAssociationNumberLineNumber : INTEGER
    0, -- currentAssociationNumberColumn : INTEGER
    0, -- currentAssociationPhraseLineNumber : INTEGER
    0, -- currentAssociationPhraseColumn : INTEGER
    0, -- currentDataTypeNameLineNumber : INTEGER
    0, -- currentDataTypeNameColumn : INTEGER
    0, -- blockInStackFrameCreated : BOOLEAN
    "61d8ea41-1575-43c5-8ca8-c8438352cd7e", -- Action_ID : UNIQUE_ID
    "1358caa1-0365-4be2-8031-bb5a15341ae7" -- Parsed_Action_ID : UNIQUE_ID
);
INSERT INTO ACT_BLK VALUES (
    "9f461eae-4ec0-4e47-9943-e5aa38141e25", -- Block_ID : UNIQUE_ID
    0, -- WhereSpecOK : BOOLEAN
    0, -- InWhereSpec : BOOLEAN
    0, -- SelectedFound : BOOLEAN
    '', -- TempBuffer : STRING
    '', -- SupData1 : STRING
    '', -- SupData2 : STRING
    0, -- CurrentLine : INTEGER
    0, -- CurrentCol : INTEGER
    0, -- currentKeyLettersLineNumber : INTEGER
    0, -- currentKeyLettersColumn : INTEGER
    0, -- currentParameterAssignmentNameLineNumber : INTEGER
    0, -- currentParameterAssignmentNameColumn : INTEGER
    0, -- currentAssociationNumberLineNumber : INTEGER
    0, -- currentAssociationNumberColumn : INTEGER
    0, -- currentAssociationPhraseLineNumber : INTEGER
    0, -- currentAssociationPhraseColumn : INTEGER
    0, -- currentDataTypeNameLineNumber : INTEGER
    0, -- currentDataTypeNameColumn : INTEGER
    0, -- blockInStackFrameCreated : BOOLEAN
    "e0361db7-bc4a-431e-bc1e-50218c02b523", -- Action_ID : UNIQUE_ID
    "7db61e01-96dc-4520-80ee-6e0c183e6e7a" -- Parsed_Action_ID : UNIQUE_ID
);
INSERT INTO ACT_BLK VALUES (
    "69806b4b-4ee4-482b-9899-30ae3caec117", -- Block_ID : UNIQUE_ID
    0, -- WhereSpecOK : BOOLEAN
    0, -- InWhereSpec : BOOLEAN
    0, -- SelectedFound : BOOLEAN
    '', -- TempBuffer : STRING
    '', -- SupData1 : STRING
    '', -- SupData2 : STRING
    0, -- CurrentLine : INTEGER
    0, -- CurrentCol : INTEGER
    0, -- currentKeyLettersLineNumber : INTEGER
    0, -- currentKeyLettersColumn : INTEGER
    0, -- currentParameterAssignmentNameLineNumber : INTEGER
    0, -- currentParameterAssignmentNameColumn : INTEGER
    0, -- currentAssociationNumberLineNumber : INTEGER
    0, -- currentAssociationNumberColumn : INTEGER
    0, -- currentAssociationPhraseLineNumber : INTEGER
    0, -- currentAssociationPhraseColumn : INTEGER
    0, -- currentDataTypeNameLineNumber : INTEGER
    0, -- currentDataTypeNameColumn : INTEGER
    0, -- blockInStackFrameCreated : BOOLEAN
    "22aa3671-b0ab-4b51-9b65-209f991bb5e6", -- Action_ID : UNIQUE_ID
    "9175c61b-94e7-4c25-926d-cd35723d5d3c" -- Parsed_Action_ID : UNIQUE_ID
);
INSERT INTO ACT_BLK VALUES (
    "ec5f5574-b1f1-4bca-a3f1-70dd3aec9d9e", -- Block_ID : UNIQUE_ID
    0, -- WhereSpecOK : BOOLEAN
    0, -- InWhereSpec : BOOLEAN
    0, -- SelectedFound : BOOLEAN
    '', -- TempBuffer : STRING
    '', -- SupData1 : STRING
    '', -- SupData2 : STRING
    0, -- CurrentLine : INTEGER
    0, -- CurrentCol : INTEGER
    0, -- currentKeyLettersLineNumber : INTEGER
    0, -- currentKeyLettersColumn : INTEGER
    0, -- currentParameterAssignmentNameLineNumber : INTEGER
    0, -- currentParameterAssignmentNameColumn : INTEGER
    0, -- currentAssociationNumberLineNumber : INTEGER
    0, -- currentAssociationNumberColumn : INTEGER
    0, -- currentAssociationPhraseLineNumber : INTEGER
    0, -- currentAssociationPhraseColumn : INTEGER
    0, -- currentDataTypeNameLineNumber : INTEGER
    0, -- currentDataTypeNameColumn : INTEGER
    0, -- blockInStackFrameCreated : BOOLEAN
    "d8702a4c-d2f6-44a1-8649-5bbfa819fde7", -- Action_ID : UNIQUE_ID
    "bf2657b6-a9ba-49e1-a0a8-7fba07cf25a9" -- Parsed_Action_ID : UNIQUE_ID
);
INSERT INTO ACT_BLK VALUES (
    "fd874074-976d-4651-b8cb-efba00ace416", -- Block_ID : UNIQUE_ID
    0, -- WhereSpecOK : BOOLEAN
    0, -- InWhereSpec : BOOLEAN
    0, -- SelectedFound : BOOLEAN
    '', -- TempBuffer : STRING
    '', -- SupData1 : STRING
    '', -- SupData2 : STRING
    0, -- CurrentLine : INTEGER
    0, -- CurrentCol : INTEGER
    0, -- currentKeyLettersLineNumber : INTEGER
    0, -- currentKeyLettersColumn : INTEGER
    0, -- currentParameterAssignmentNameLineNumber : INTEGER
    0, -- currentParameterAssignmentNameColumn : INTEGER
    0, -- currentAssociationNumberLineNumber : INTEGER
    0, -- currentAssociationNumberColumn : INTEGER
    0, -- currentAssociationPhraseLineNumber : INTEGER
    0, -- currentAssociationPhraseColumn : INTEGER
    0, -- currentDataTypeNameLineNumber : INTEGER
    0, -- currentDataTypeNameColumn : INTEGER
    0, -- blockInStackFrameCreated : BOOLEAN
    "ad9bec7a-9739-470a-ab9b-25e833f08da6", -- Action_ID : UNIQUE_ID
    "8811703f-3ce6-4477-8784-c6b348edb20f" -- Parsed_Action_ID : UNIQUE_ID
);
INSERT INTO ACT_BLK VALUES (
    "b01d1153-6f54-492a-b5e1-a8edc8e5d830", -- Block_ID : UNIQUE_ID
    0, -- WhereSpecOK : BOOLEAN
    0, -- InWhereSpec : BOOLEAN
    0, -- SelectedFound : BOOLEAN
    '', -- TempBuffer : STRING
    '', -- SupData1 : STRING
    '', -- SupData2 : STRING
    0, -- CurrentLine : INTEGER
    0, -- CurrentCol : INTEGER
    0, -- currentKeyLettersLineNumber : INTEGER
    0, -- currentKeyLettersColumn : INTEGER
    0, -- currentParameterAssignmentNameLineNumber : INTEGER
    0, -- currentParameterAssignmentNameColumn : INTEGER
    0, -- currentAssociationNumberLineNumber : INTEGER
    0, -- currentAssociationNumberColumn : INTEGER
    0, -- currentAssociationPhraseLineNumber : INTEGER
    0, -- currentAssociationPhraseColumn : INTEGER
    0, -- currentDataTypeNameLineNumber : INTEGER
    0, -- currentDataTypeNameColumn : INTEGER
    0, -- blockInStackFrameCreated : BOOLEAN
    "a2252a71-7f0f-458d-a714-e402c3857ae2", -- Action_ID : UNIQUE_ID
    "4f95740f-d356-4c73-b16c-2cc88136efe6" -- Parsed_Action_ID : UNIQUE_ID
);
INSERT INTO ACT_BLK VALUES (
    "11e34126-023e-4268-869d-1cd40fdb0b20", -- Block_ID : UNIQUE_ID
    0, -- WhereSpecOK : BOOLEAN
    0, -- InWhereSpec : BOOLEAN
    0, -- SelectedFound : BOOLEAN
    '', -- TempBuffer : STRING
    '', -- SupData1 : STRING
    '', -- SupData2 : STRING
    0, -- CurrentLine : INTEGER
    0, -- CurrentCol : INTEGER
    0, -- currentKeyLettersLineNumber : INTEGER
    0, -- currentKeyLettersColumn : INTEGER
    0, -- currentParameterAssignmentNameLineNumber : INTEGER
    0, -- currentParameterAssignmentNameColumn : INTEGER
    0, -- currentAssociationNumberLineNumber : INTEGER
    0, -- currentAssociationNumberColumn : INTEGER
    0, -- currentAssociationPhraseLineNumber : INTEGER
    0, -- currentAssociationPhraseColumn : INTEGER
    0, -- currentDataTypeNameLineNumber : INTEGER
    0, -- currentDataTypeNameColumn : INTEGER
    0, -- blockInStackFrameCreated : BOOLEAN
    "5d13131e-3566-4b26-9cb4-e1664fb80da3", -- Action_ID : UNIQUE_ID
    "7509eca2-6cbf-4061-9cd3-925c907135b4" -- Parsed_Action_ID : UNIQUE_ID
);
INSERT INTO ACT_BLK VALUES (
    "88802085-a54d-4aec-ab32-2892c1dc8b68", -- Block_ID : UNIQUE_ID
    0, -- WhereSpecOK : BOOLEAN
    0, -- InWhereSpec : BOOLEAN
    0, -- SelectedFound : BOOLEAN
    '', -- TempBuffer : STRING
    '', -- SupData1 : STRING
    '', -- SupData2 : STRING
    0, -- CurrentLine : INTEGER
    0, -- CurrentCol : INTEGER
    0, -- currentKeyLettersLineNumber : INTEGER
    0, -- currentKeyLettersColumn : INTEGER
    0, -- currentParameterAssignmentNameLineNumber : INTEGER
    0, -- currentParameterAssignmentNameColumn : INTEGER
    0, -- currentAssociationNumberLineNumber : INTEGER
    0, -- currentAssociationNumberColumn : INTEGER
    0, -- currentAssociationPhraseLineNumber : INTEGER
    0, -- currentAssociationPhraseColumn : INTEGER
    0, -- currentDataTypeNameLineNumber : INTEGER
    0, -- currentDataTypeNameColumn : INTEGER
    0, -- blockInStackFrameCreated : BOOLEAN
    "e3f26c83-02db-4410-a492-2f605316d64e", -- Action_ID : UNIQUE_ID
    "3c5a2a3b-5564-4a6f-bfb3-247592ed2f28" -- Parsed_Action_ID : UNIQUE_ID
);
INSERT INTO ACT_BLK VALUES (
    "f7355205-a692-4f7c-a394-3b883630237a", -- Block_ID : UNIQUE_ID
    0, -- WhereSpecOK : BOOLEAN
    0, -- InWhereSpec : BOOLEAN
    0, -- SelectedFound : BOOLEAN
    '', -- TempBuffer : STRING
    '', -- SupData1 : STRING
    '', -- SupData2 : STRING
    0, -- CurrentLine : INTEGER
    0, -- CurrentCol : INTEGER
    0, -- currentKeyLettersLineNumber : INTEGER
    0, -- currentKeyLettersColumn : INTEGER
    0, -- currentParameterAssignmentNameLineNumber : INTEGER
    0, -- currentParameterAssignmentNameColumn : INTEGER
    0, -- currentAssociationNumberLineNumber : INTEGER
    0, -- currentAssociationNumberColumn : INTEGER
    0, -- currentAssociationPhraseLineNumber : INTEGER
    0, -- currentAssociationPhraseColumn : INTEGER
    0, -- currentDataTypeNameLineNumber : INTEGER
    0, -- currentDataTypeNameColumn : INTEGER
    0, -- blockInStackFrameCreated : BOOLEAN
    "4e04fc8e-2955-4bea-8114-d12b7dca09f5", -- Action_ID : UNIQUE_ID
    "0ce85c24-f9e1-4ddf-b60f-c7745293454e" -- Parsed_Action_ID : UNIQUE_ID
);
INSERT INTO ACT_BLK VALUES (
    "a7e2f951-98d5-4fe3-8208-8767245e2fea", -- Block_ID : UNIQUE_ID
    0, -- WhereSpecOK : BOOLEAN
    0, -- InWhereSpec : BOOLEAN
    0, -- SelectedFound : BOOLEAN
    '', -- TempBuffer : STRING
    '', -- SupData1 : STRING
    '', -- SupData2 : STRING
    0, -- CurrentLine : INTEGER
    0, -- CurrentCol : INTEGER
    0, -- currentKeyLettersLineNumber : INTEGER
    0, -- currentKeyLettersColumn : INTEGER
    0, -- currentParameterAssignmentNameLineNumber : INTEGER
    0, -- currentParameterAssignmentNameColumn : INTEGER
    0, -- currentAssociationNumberLineNumber : INTEGER
    0, -- currentAssociationNumberColumn : INTEGER
    0, -- currentAssociationPhraseLineNumber : INTEGER
    0, -- currentAssociationPhraseColumn : INTEGER
    0, -- currentDataTypeNameLineNumber : INTEGER
    0, -- currentDataTypeNameColumn : INTEGER
    0, -- blockInStackFrameCreated : BOOLEAN
    "d7f165af-3f22-49c2-abb5-57a14115ef45", -- Action_ID : UNIQUE_ID
    "dc6167d8-0ed5-4cbd-bfd2-f0dc4e289efa" -- Parsed_Action_ID : UNIQUE_ID
);
INSERT INTO ACT_BLK VALUES (
    "72bdca52-7bd5-4339-8c99-682e6a78d583", -- Block_ID : UNIQUE_ID
    0, -- WhereSpecOK : BOOLEAN
    0, -- InWhereSpec : BOOLEAN
    0, -- SelectedFound : BOOLEAN
    '', -- TempBuffer : STRING
    '', -- SupData1 : STRING
    '', -- SupData2 : STRING
    0, -- CurrentLine : INTEGER
    0, -- CurrentCol : INTEGER
    0, -- currentKeyLettersLineNumber : INTEGER
    0, -- currentKeyLettersColumn : INTEGER
    0, -- currentParameterAssignmentNameLineNumber : INTEGER
    0, -- currentParameterAssignmentNameColumn : INTEGER
    0, -- currentAssociationNumberLineNumber : INTEGER
    0, -- currentAssociationNumberColumn : INTEGER
    0, -- currentAssociationPhraseLineNumber : INTEGER
    0, -- currentAssociationPhraseColumn : INTEGER
    0, -- currentDataTypeNameLineNumber : INTEGER
    0, -- currentDataTypeNameColumn : INTEGER
    0, -- blockInStackFrameCreated : BOOLEAN
    "768413ab-1a18-408d-9b93-1c905b5e76a4", -- Action_ID : UNIQUE_ID
    "74deade1-4435-4838-ba70-22ab527834d1" -- Parsed_Action_ID : UNIQUE_ID
);
INSERT INTO ACT_BLK VALUES (
    "4aff8240-0e48-444f-9f84-88474d59899c", -- Block_ID : UNIQUE_ID
    0, -- WhereSpecOK : BOOLEAN
    0, -- InWhereSpec : BOOLEAN
    0, -- SelectedFound : BOOLEAN
    '', -- TempBuffer : STRING
    '', -- SupData1 : STRING
    '', -- SupData2 : STRING
    0, -- CurrentLine : INTEGER
    0, -- CurrentCol : INTEGER
    0, -- currentKeyLettersLineNumber : INTEGER
    0, -- currentKeyLettersColumn : INTEGER
    0, -- currentParameterAssignmentNameLineNumber : INTEGER
    0, -- currentParameterAssignmentNameColumn : INTEGER
    0, -- currentAssociationNumberLineNumber : INTEGER
    0, -- currentAssociationNumberColumn : INTEGER
    0, -- currentAssociationPhraseLineNumber : INTEGER
    0, -- currentAssociationPhraseColumn : INTEGER
    0, -- currentDataTypeNameLineNumber : INTEGER
    0, -- currentDataTypeNameColumn : INTEGER
    0, -- blockInStackFrameCreated : BOOLEAN
    "e2bb25d8-083f-4250-92af-049baebe0ae0", -- Action_ID : UNIQUE_ID
    "348cb0af-5974-477f-806e-87810549b20a" -- Parsed_Action_ID : UNIQUE_ID
);
INSERT INTO ACT_BLK VALUES (
    "880ac058-fb43-45c5-a743-38bf87f254f6", -- Block_ID : UNIQUE_ID
    0, -- WhereSpecOK : BOOLEAN
    0, -- InWhereSpec : BOOLEAN
    0, -- SelectedFound : BOOLEAN
    '', -- TempBuffer : STRING
    '', -- SupData1 : STRING
    '', -- SupData2 : STRING
    0, -- CurrentLine : INTEGER
    0, -- CurrentCol : INTEGER
    0, -- currentKeyLettersLineNumber : INTEGER
    0, -- currentKeyLettersColumn : INTEGER
    0, -- currentParameterAssignmentNameLineNumber : INTEGER
    0, -- currentParameterAssignmentNameColumn : INTEGER
    0, -- currentAssociationNumberLineNumber : INTEGER
    0, -- currentAssociationNumberColumn : INTEGER
    0, -- currentAssociationPhraseLineNumber : INTEGER
    0, -- currentAssociationPhraseColumn : INTEGER
    0, -- currentDataTypeNameLineNumber : INTEGER
    0, -- currentDataTypeNameColumn : INTEGER
    0, -- blockInStackFrameCreated : BOOLEAN
    "76dc2e32-73fa-4a8a-bccf-08529740ff8c", -- Action_ID : UNIQUE_ID
    "702a5877-a3f2-4bb1-8cc8-dc53b22163d9" -- Parsed_Action_ID : UNIQUE_ID
);
INSERT INTO ACT_BLK VALUES (
    "fe57f729-8808-47ba-8945-554e9f91195f", -- Block_ID : UNIQUE_ID
    0, -- WhereSpecOK : BOOLEAN
    0, -- InWhereSpec : BOOLEAN
    0, -- SelectedFound : BOOLEAN
    '', -- TempBuffer : STRING
    '', -- SupData1 : STRING
    '', -- SupData2 : STRING
    0, -- CurrentLine : INTEGER
    0, -- CurrentCol : INTEGER
    0, -- currentKeyLettersLineNumber : INTEGER
    0, -- currentKeyLettersColumn : INTEGER
    0, -- currentParameterAssignmentNameLineNumber : INTEGER
    0, -- currentParameterAssignmentNameColumn : INTEGER
    0, -- currentAssociationNumberLineNumber : INTEGER
    0, -- currentAssociationNumberColumn : INTEGER
    0, -- currentAssociationPhraseLineNumber : INTEGER
    0, -- currentAssociationPhraseColumn : INTEGER
    0, -- currentDataTypeNameLineNumber : INTEGER
    0, -- currentDataTypeNameColumn : INTEGER
    0, -- blockInStackFrameCreated : BOOLEAN
    "0a5aa28e-ca38-4b62-bc90-87b2a747fc56", -- Action_ID : UNIQUE_ID
    "7fc5c60c-2ac4-4a01-b4fc-595ce0deb6b5" -- Parsed_Action_ID : UNIQUE_ID
);
INSERT INTO ACT_BLK VALUES (
    "1517bf1f-b61f-46c9-9be1-3d4755237033", -- Block_ID : UNIQUE_ID
    0, -- WhereSpecOK : BOOLEAN
    0, -- InWhereSpec : BOOLEAN
    0, -- SelectedFound : BOOLEAN
    '', -- TempBuffer : STRING
    '', -- SupData1 : STRING
    '', -- SupData2 : STRING
    0, -- CurrentLine : INTEGER
    0, -- CurrentCol : INTEGER
    0, -- currentKeyLettersLineNumber : INTEGER
    0, -- currentKeyLettersColumn : INTEGER
    0, -- currentParameterAssignmentNameLineNumber : INTEGER
    0, -- currentParameterAssignmentNameColumn : INTEGER
    0, -- currentAssociationNumberLineNumber : INTEGER
    0, -- currentAssociationNumberColumn : INTEGER
    0, -- currentAssociationPhraseLineNumber : INTEGER
    0, -- currentAssociationPhraseColumn : INTEGER
    0, -- currentDataTypeNameLineNumber : INTEGER
    0, -- currentDataTypeNameColumn : INTEGER
    0, -- blockInStackFrameCreated : BOOLEAN
    "cb15db55-ec67-44a1-94dd-3acdf11cbe26", -- Action_ID : UNIQUE_ID
    "6e6f7e23-82be-4ffd-aee4-d3343716d20b" -- Parsed_Action_ID : UNIQUE_ID
);
INSERT INTO ACT_BLK VALUES (
    "253d2dd6-929a-42b1-bd17-2c3cd967bd24", -- Block_ID : UNIQUE_ID
    0, -- WhereSpecOK : BOOLEAN
    0, -- InWhereSpec : BOOLEAN
    0, -- SelectedFound : BOOLEAN
    '', -- TempBuffer : STRING
    '', -- SupData1 : STRING
    '', -- SupData2 : STRING
    0, -- CurrentLine : INTEGER
    0, -- CurrentCol : INTEGER
    0, -- currentKeyLettersLineNumber : INTEGER
    0, -- currentKeyLettersColumn : INTEGER
    0, -- currentParameterAssignmentNameLineNumber : INTEGER
    0, -- currentParameterAssignmentNameColumn : INTEGER
    0, -- currentAssociationNumberLineNumber : INTEGER
    0, -- currentAssociationNumberColumn : INTEGER
    0, -- currentAssociationPhraseLineNumber : INTEGER
    0, -- currentAssociationPhraseColumn : INTEGER
    0, -- currentDataTypeNameLineNumber : INTEGER
    0, -- currentDataTypeNameColumn : INTEGER
    0, -- blockInStackFrameCreated : BOOLEAN
    "df449828-9257-48f5-9116-08c8283a50bd", -- Action_ID : UNIQUE_ID
    "12779f62-6181-42f9-afd2-f86bfee9ac2f" -- Parsed_Action_ID : UNIQUE_ID
);
INSERT INTO ACT_BLK VALUES (
    "b259ecc6-63d2-4777-8071-36ad30db5845", -- Block_ID : UNIQUE_ID
    0, -- WhereSpecOK : BOOLEAN
    0, -- InWhereSpec : BOOLEAN
    0, -- SelectedFound : BOOLEAN
    '', -- TempBuffer : STRING
    '', -- SupData1 : STRING
    '', -- SupData2 : STRING
    0, -- CurrentLine : INTEGER
    0, -- CurrentCol : INTEGER
    0, -- currentKeyLettersLineNumber : INTEGER
    0, -- currentKeyLettersColumn : INTEGER
    0, -- currentParameterAssignmentNameLineNumber : INTEGER
    0, -- currentParameterAssignmentNameColumn : INTEGER
    0, -- currentAssociationNumberLineNumber : INTEGER
    0, -- currentAssociationNumberColumn : INTEGER
    0, -- currentAssociationPhraseLineNumber : INTEGER
    0, -- currentAssociationPhraseColumn : INTEGER
    0, -- currentDataTypeNameLineNumber : INTEGER
    0, -- currentDataTypeNameColumn : INTEGER
    0, -- blockInStackFrameCreated : BOOLEAN
    "0175cc5c-cbe5-4997-abbf-d2637e6564c4", -- Action_ID : UNIQUE_ID
    "87eacc4e-4133-40c6-8811-ea78d6f8a420" -- Parsed_Action_ID : UNIQUE_ID
);
INSERT INTO ACT_BLK VALUES (
    "cceddb48-1b8d-4dee-9b9e-60c76ece9b93", -- Block_ID : UNIQUE_ID
    0, -- WhereSpecOK : BOOLEAN
    0, -- InWhereSpec : BOOLEAN
    0, -- SelectedFound : BOOLEAN
    '', -- TempBuffer : STRING
    '', -- SupData1 : STRING
    '', -- SupData2 : STRING
    0, -- CurrentLine : INTEGER
    0, -- CurrentCol : INTEGER
    0, -- currentKeyLettersLineNumber : INTEGER
    0, -- currentKeyLettersColumn : INTEGER
    0, -- currentParameterAssignmentNameLineNumber : INTEGER
    0, -- currentParameterAssignmentNameColumn : INTEGER
    0, -- currentAssociationNumberLineNumber : INTEGER
    0, -- currentAssociationNumberColumn : INTEGER
    0, -- currentAssociationPhraseLineNumber : INTEGER
    0, -- currentAssociationPhraseColumn : INTEGER
    0, -- currentDataTypeNameLineNumber : INTEGER
    0, -- currentDataTypeNameColumn : INTEGER
    0, -- blockInStackFrameCreated : BOOLEAN
    "ea598437-a6bf-49fe-b4e9-c0a116d93a2b", -- Action_ID : UNIQUE_ID
    "1a7ba313-39ce-4352-afdc-05e1092b972e" -- Parsed_Action_ID : UNIQUE_ID
);
INSERT INTO ACT_BLK VALUES (
    "bcd6f0ac-e3f7-4de2-806f-4dafb26a3cd8", -- Block_ID : UNIQUE_ID
    0, -- WhereSpecOK : BOOLEAN
    0, -- InWhereSpec : BOOLEAN
    0, -- SelectedFound : BOOLEAN
    '', -- TempBuffer : STRING
    '', -- SupData1 : STRING
    '', -- SupData2 : STRING
    0, -- CurrentLine : INTEGER
    0, -- CurrentCol : INTEGER
    0, -- currentKeyLettersLineNumber : INTEGER
    0, -- currentKeyLettersColumn : INTEGER
    0, -- currentParameterAssignmentNameLineNumber : INTEGER
    0, -- currentParameterAssignmentNameColumn : INTEGER
    0, -- currentAssociationNumberLineNumber : INTEGER
    0, -- currentAssociationNumberColumn : INTEGER
    0, -- currentAssociationPhraseLineNumber : INTEGER
    0, -- currentAssociationPhraseColumn : INTEGER
    0, -- currentDataTypeNameLineNumber : INTEGER
    0, -- currentDataTypeNameColumn : INTEGER
    0, -- blockInStackFrameCreated : BOOLEAN
    "b9c7b4ae-fe2e-444c-933f-c47f9161444d", -- Action_ID : UNIQUE_ID
    "a1c78e33-d0f0-4a2c-8459-99803ead724f" -- Parsed_Action_ID : UNIQUE_ID
);
INSERT INTO ACT_BLK VALUES (
    "8a32169c-2a59-403d-90f3-3e452f2b83cb", -- Block_ID : UNIQUE_ID
    0, -- WhereSpecOK : BOOLEAN
    0, -- InWhereSpec : BOOLEAN
    0, -- SelectedFound : BOOLEAN
    '', -- TempBuffer : STRING
    '', -- SupData1 : STRING
    '', -- SupData2 : STRING
    0, -- CurrentLine : INTEGER
    0, -- CurrentCol : INTEGER
    0, -- currentKeyLettersLineNumber : INTEGER
    0, -- currentKeyLettersColumn : INTEGER
    0, -- currentParameterAssignmentNameLineNumber : INTEGER
    0, -- currentParameterAssignmentNameColumn : INTEGER
    0, -- currentAssociationNumberLineNumber : INTEGER
    0, -- currentAssociationNumberColumn : INTEGER
    0, -- currentAssociationPhraseLineNumber : INTEGER
    0, -- currentAssociationPhraseColumn : INTEGER
    0, -- currentDataTypeNameLineNumber : INTEGER
    0, -- currentDataTypeNameColumn : INTEGER
    0, -- blockInStackFrameCreated : BOOLEAN
    "3ea62db9-b2f6-49af-a974-95074c0031bd", -- Action_ID : UNIQUE_ID
    "d5fde514-88b8-4898-b7df-9b896b228e49" -- Parsed_Action_ID : UNIQUE_ID
);
INSERT INTO ACT_BLK VALUES (
    "552e42b0-8393-40e1-8b5b-b9fc09b1dfe0", -- Block_ID : UNIQUE_ID
    0, -- WhereSpecOK : BOOLEAN
    0, -- InWhereSpec : BOOLEAN
    0, -- SelectedFound : BOOLEAN
    '', -- TempBuffer : STRING
    '', -- SupData1 : STRING
    '', -- SupData2 : STRING
    0, -- CurrentLine : INTEGER
    0, -- CurrentCol : INTEGER
    0, -- currentKeyLettersLineNumber : INTEGER
    0, -- currentKeyLettersColumn : INTEGER
    0, -- currentParameterAssignmentNameLineNumber : INTEGER
    0, -- currentParameterAssignmentNameColumn : INTEGER
    0, -- currentAssociationNumberLineNumber : INTEGER
    0, -- currentAssociationNumberColumn : INTEGER
    0, -- currentAssociationPhraseLineNumber : INTEGER
    0, -- currentAssociationPhraseColumn : INTEGER
    0, -- currentDataTypeNameLineNumber : INTEGER
    0, -- currentDataTypeNameColumn : INTEGER
    0, -- blockInStackFrameCreated : BOOLEAN
    "8b6e2397-26fc-470e-bc3c-d6a40481c016", -- Action_ID : UNIQUE_ID
    "93771bf0-4f5f-4925-aada-fc0fda997770" -- Parsed_Action_ID : UNIQUE_ID
);
INSERT INTO ACT_BLK VALUES (
    "d151754c-5697-4797-9f41-1fc5eb06fddf", -- Block_ID : UNIQUE_ID
    0, -- WhereSpecOK : BOOLEAN
    0, -- InWhereSpec : BOOLEAN
    0, -- SelectedFound : BOOLEAN
    '', -- TempBuffer : STRING
    '', -- SupData1 : STRING
    '', -- SupData2 : STRING
    0, -- CurrentLine : INTEGER
    0, -- CurrentCol : INTEGER
    0, -- currentKeyLettersLineNumber : INTEGER
    0, -- currentKeyLettersColumn : INTEGER
    0, -- currentParameterAssignmentNameLineNumber : INTEGER
    0, -- currentParameterAssignmentNameColumn : INTEGER
    0, -- currentAssociationNumberLineNumber : INTEGER
    0, -- currentAssociationNumberColumn : INTEGER
    0, -- currentAssociationPhraseLineNumber : INTEGER
    0, -- currentAssociationPhraseColumn : INTEGER
    0, -- currentDataTypeNameLineNumber : INTEGER
    0, -- currentDataTypeNameColumn : INTEGER
    0, -- blockInStackFrameCreated : BOOLEAN
    "371bc9ee-f199-4753-931e-ece3820aa327", -- Action_ID : UNIQUE_ID
    "641f089b-6481-4f19-bad8-179a80da27bc" -- Parsed_Action_ID : UNIQUE_ID
);
INSERT INTO ACT_BLK VALUES (
    "96026f7b-cbee-4ec8-8329-9edb5c09e626", -- Block_ID : UNIQUE_ID
    0, -- WhereSpecOK : BOOLEAN
    0, -- InWhereSpec : BOOLEAN
    0, -- SelectedFound : BOOLEAN
    '', -- TempBuffer : STRING
    '', -- SupData1 : STRING
    '', -- SupData2 : STRING
    0, -- CurrentLine : INTEGER
    0, -- CurrentCol : INTEGER
    0, -- currentKeyLettersLineNumber : INTEGER
    0, -- currentKeyLettersColumn : INTEGER
    0, -- currentParameterAssignmentNameLineNumber : INTEGER
    0, -- currentParameterAssignmentNameColumn : INTEGER
    0, -- currentAssociationNumberLineNumber : INTEGER
    0, -- currentAssociationNumberColumn : INTEGER
    0, -- currentAssociationPhraseLineNumber : INTEGER
    0, -- currentAssociationPhraseColumn : INTEGER
    0, -- currentDataTypeNameLineNumber : INTEGER
    0, -- currentDataTypeNameColumn : INTEGER
    0, -- blockInStackFrameCreated : BOOLEAN
    "371bc9ee-f199-4753-931e-ece3820aa327", -- Action_ID : UNIQUE_ID
    "4e63587c-d9c9-48e6-9f98-33392cf5927a" -- Parsed_Action_ID : UNIQUE_ID
);
INSERT INTO ACT_BLK VALUES (
    "7060156d-7151-40d6-a9da-24c06bb7f5b8", -- Block_ID : UNIQUE_ID
    0, -- WhereSpecOK : BOOLEAN
    0, -- InWhereSpec : BOOLEAN
    0, -- SelectedFound : BOOLEAN
    '', -- TempBuffer : STRING
    '', -- SupData1 : STRING
    '', -- SupData2 : STRING
    0, -- CurrentLine : INTEGER
    0, -- CurrentCol : INTEGER
    0, -- currentKeyLettersLineNumber : INTEGER
    0, -- currentKeyLettersColumn : INTEGER
    0, -- currentParameterAssignmentNameLineNumber : INTEGER
    0, -- currentParameterAssignmentNameColumn : INTEGER
    0, -- currentAssociationNumberLineNumber : INTEGER
    0, -- currentAssociationNumberColumn : INTEGER
    0, -- currentAssociationPhraseLineNumber : INTEGER
    0, -- currentAssociationPhraseColumn : INTEGER
    0, -- currentDataTypeNameLineNumber : INTEGER
    0, -- currentDataTypeNameColumn : INTEGER
    0, -- blockInStackFrameCreated : BOOLEAN
    "c3c7e2b5-a895-4974-a5be-e07e6d3fc5ec", -- Action_ID : UNIQUE_ID
    "55c3b5ab-c3a5-465b-8082-6a26b693c89d" -- Parsed_Action_ID : UNIQUE_ID
);
INSERT INTO ACT_BLK VALUES (
    "9d048ab0-c9d4-464a-87cf-aaf4ab2f14c6", -- Block_ID : UNIQUE_ID
    0, -- WhereSpecOK : BOOLEAN
    0, -- InWhereSpec : BOOLEAN
    0, -- SelectedFound : BOOLEAN
    '', -- TempBuffer : STRING
    '', -- SupData1 : STRING
    '', -- SupData2 : STRING
    0, -- CurrentLine : INTEGER
    0, -- CurrentCol : INTEGER
    0, -- currentKeyLettersLineNumber : INTEGER
    0, -- currentKeyLettersColumn : INTEGER
    0, -- currentParameterAssignmentNameLineNumber : INTEGER
    0, -- currentParameterAssignmentNameColumn : INTEGER
    0, -- currentAssociationNumberLineNumber : INTEGER
    0, -- currentAssociationNumberColumn : INTEGER
    0, -- currentAssociationPhraseLineNumber : INTEGER
    0, -- currentAssociationPhraseColumn : INTEGER
    0, -- currentDataTypeNameLineNumber : INTEGER
    0, -- currentDataTypeNameColumn : INTEGER
    0, -- blockInStackFrameCreated : BOOLEAN
    "eaad4997-401f-4ff9-903e-c5edc0b7ce05", -- Action_ID : UNIQUE_ID
    "d93c4286-74ab-40fd-aa84-3005c030c423" -- Parsed_Action_ID : UNIQUE_ID
);
INSERT INTO ACT_BLK VALUES (
    "1bdb80f6-8a19-4381-8036-70663f60b0bb", -- Block_ID : UNIQUE_ID
    0, -- WhereSpecOK : BOOLEAN
    0, -- InWhereSpec : BOOLEAN
    0, -- SelectedFound : BOOLEAN
    '', -- TempBuffer : STRING
    '', -- SupData1 : STRING
    '', -- SupData2 : STRING
    0, -- CurrentLine : INTEGER
    0, -- CurrentCol : INTEGER
    0, -- currentKeyLettersLineNumber : INTEGER
    0, -- currentKeyLettersColumn : INTEGER
    0, -- currentParameterAssignmentNameLineNumber : INTEGER
    0, -- currentParameterAssignmentNameColumn : INTEGER
    0, -- currentAssociationNumberLineNumber : INTEGER
    0, -- currentAssociationNumberColumn : INTEGER
    0, -- currentAssociationPhraseLineNumber : INTEGER
    0, -- currentAssociationPhraseColumn : INTEGER
    0, -- currentDataTypeNameLineNumber : INTEGER
    0, -- currentDataTypeNameColumn : INTEGER
    0, -- blockInStackFrameCreated : BOOLEAN
    "1f228723-a46a-45ef-9f09-9d964d8ad04e", -- Action_ID : UNIQUE_ID
    "5287a93b-f70f-4a00-9389-0931d6741de2" -- Parsed_Action_ID : UNIQUE_ID
);
INSERT INTO ACT_BLK VALUES (
    "dd1a7bdb-1f2d-4038-8b98-55996faf8da3", -- Block_ID : UNIQUE_ID
    0, -- WhereSpecOK : BOOLEAN
    0, -- InWhereSpec : BOOLEAN
    0, -- SelectedFound : BOOLEAN
    '', -- TempBuffer : STRING
    '', -- SupData1 : STRING
    '', -- SupData2 : STRING
    0, -- CurrentLine : INTEGER
    0, -- CurrentCol : INTEGER
    0, -- currentKeyLettersLineNumber : INTEGER
    0, -- currentKeyLettersColumn : INTEGER
    0, -- currentParameterAssignmentNameLineNumber : INTEGER
    0, -- currentParameterAssignmentNameColumn : INTEGER
    0, -- currentAssociationNumberLineNumber : INTEGER
    0, -- currentAssociationNumberColumn : INTEGER
    0, -- currentAssociationPhraseLineNumber : INTEGER
    0, -- currentAssociationPhraseColumn : INTEGER
    0, -- currentDataTypeNameLineNumber : INTEGER
    0, -- currentDataTypeNameColumn : INTEGER
    0, -- blockInStackFrameCreated : BOOLEAN
    "123d064c-b114-47dd-9944-10397150db76", -- Action_ID : UNIQUE_ID
    "35722d45-4235-421c-a6aa-bb4dc20f1d52" -- Parsed_Action_ID : UNIQUE_ID
);
INSERT INTO ACT_BLK VALUES (
    "588d5dbb-68c5-4939-b836-114ee7dc4265", -- Block_ID : UNIQUE_ID
    0, -- WhereSpecOK : BOOLEAN
    0, -- InWhereSpec : BOOLEAN
    0, -- SelectedFound : BOOLEAN
    '', -- TempBuffer : STRING
    '', -- SupData1 : STRING
    '', -- SupData2 : STRING
    0, -- CurrentLine : INTEGER
    0, -- CurrentCol : INTEGER
    0, -- currentKeyLettersLineNumber : INTEGER
    0, -- currentKeyLettersColumn : INTEGER
    0, -- currentParameterAssignmentNameLineNumber : INTEGER
    0, -- currentParameterAssignmentNameColumn : INTEGER
    0, -- currentAssociationNumberLineNumber : INTEGER
    0, -- currentAssociationNumberColumn : INTEGER
    0, -- currentAssociationPhraseLineNumber : INTEGER
    0, -- currentAssociationPhraseColumn : INTEGER
    0, -- currentDataTypeNameLineNumber : INTEGER
    0, -- currentDataTypeNameColumn : INTEGER
    0, -- blockInStackFrameCreated : BOOLEAN
    "394e6e0b-87b9-463e-8650-d18d5f2f3c02", -- Action_ID : UNIQUE_ID
    "fdabc2b4-89b2-4c04-8766-dd43126ae187" -- Parsed_Action_ID : UNIQUE_ID
);
INSERT INTO ACT_BLK VALUES (
    "ce7343d4-cdd8-4f29-af32-390c257d8025", -- Block_ID : UNIQUE_ID
    0, -- WhereSpecOK : BOOLEAN
    0, -- InWhereSpec : BOOLEAN
    0, -- SelectedFound : BOOLEAN
    '', -- TempBuffer : STRING
    '', -- SupData1 : STRING
    '', -- SupData2 : STRING
    0, -- CurrentLine : INTEGER
    0, -- CurrentCol : INTEGER
    0, -- currentKeyLettersLineNumber : INTEGER
    0, -- currentKeyLettersColumn : INTEGER
    0, -- currentParameterAssignmentNameLineNumber : INTEGER
    0, -- currentParameterAssignmentNameColumn : INTEGER
    0, -- currentAssociationNumberLineNumber : INTEGER
    0, -- currentAssociationNumberColumn : INTEGER
    0, -- currentAssociationPhraseLineNumber : INTEGER
    0, -- currentAssociationPhraseColumn : INTEGER
    0, -- currentDataTypeNameLineNumber : INTEGER
    0, -- currentDataTypeNameColumn : INTEGER
    0, -- blockInStackFrameCreated : BOOLEAN
    "df909d9f-fd84-4e4a-881c-0a39191dccaf", -- Action_ID : UNIQUE_ID
    "574dc3e0-23f5-408f-b104-f00fa92cc7ea" -- Parsed_Action_ID : UNIQUE_ID
);
INSERT INTO ACT_BLK VALUES (
    "cc0e410d-3d61-4c19-8040-ddcb3a08c6cb", -- Block_ID : UNIQUE_ID
    0, -- WhereSpecOK : BOOLEAN
    0, -- InWhereSpec : BOOLEAN
    0, -- SelectedFound : BOOLEAN
    '', -- TempBuffer : STRING
    '', -- SupData1 : STRING
    '', -- SupData2 : STRING
    0, -- CurrentLine : INTEGER
    0, -- CurrentCol : INTEGER
    0, -- currentKeyLettersLineNumber : INTEGER
    0, -- currentKeyLettersColumn : INTEGER
    0, -- currentParameterAssignmentNameLineNumber : INTEGER
    0, -- currentParameterAssignmentNameColumn : INTEGER
    0, -- currentAssociationNumberLineNumber : INTEGER
    0, -- currentAssociationNumberColumn : INTEGER
    0, -- currentAssociationPhraseLineNumber : INTEGER
    0, -- currentAssociationPhraseColumn : INTEGER
    0, -- currentDataTypeNameLineNumber : INTEGER
    0, -- currentDataTypeNameColumn : INTEGER
    0, -- blockInStackFrameCreated : BOOLEAN
    "472b2dee-6617-4c73-a276-c1782932f0cd", -- Action_ID : UNIQUE_ID
    "72a443b0-2710-4051-8627-93b2e34db5bf" -- Parsed_Action_ID : UNIQUE_ID
);
INSERT INTO ACT_BLK VALUES (
    "c2a95602-ec1f-442a-8094-d1efffb24b72", -- Block_ID : UNIQUE_ID
    0, -- WhereSpecOK : BOOLEAN
    0, -- InWhereSpec : BOOLEAN
    0, -- SelectedFound : BOOLEAN
    '', -- TempBuffer : STRING
    '', -- SupData1 : STRING
    '', -- SupData2 : STRING
    0, -- CurrentLine : INTEGER
    0, -- CurrentCol : INTEGER
    0, -- currentKeyLettersLineNumber : INTEGER
    0, -- currentKeyLettersColumn : INTEGER
    0, -- currentParameterAssignmentNameLineNumber : INTEGER
    0, -- currentParameterAssignmentNameColumn : INTEGER
    0, -- currentAssociationNumberLineNumber : INTEGER
    0, -- currentAssociationNumberColumn : INTEGER
    0, -- currentAssociationPhraseLineNumber : INTEGER
    0, -- currentAssociationPhraseColumn : INTEGER
    0, -- currentDataTypeNameLineNumber : INTEGER
    0, -- currentDataTypeNameColumn : INTEGER
    0, -- blockInStackFrameCreated : BOOLEAN
    "c107e93f-d12d-4170-af11-1a7d141ab9b7", -- Action_ID : UNIQUE_ID
    "b52db236-7f22-4075-aae2-a0cf15f2925e" -- Parsed_Action_ID : UNIQUE_ID
);
INSERT INTO ACT_BLK VALUES (
    "bc11b003-7891-4879-a657-4d4a9f26d747", -- Block_ID : UNIQUE_ID
    0, -- WhereSpecOK : BOOLEAN
    0, -- InWhereSpec : BOOLEAN
    0, -- SelectedFound : BOOLEAN
    '', -- TempBuffer : STRING
    '', -- SupData1 : STRING
    '', -- SupData2 : STRING
    0, -- CurrentLine : INTEGER
    0, -- CurrentCol : INTEGER
    0, -- currentKeyLettersLineNumber : INTEGER
    0, -- currentKeyLettersColumn : INTEGER
    0, -- currentParameterAssignmentNameLineNumber : INTEGER
    0, -- currentParameterAssignmentNameColumn : INTEGER
    0, -- currentAssociationNumberLineNumber : INTEGER
    0, -- currentAssociationNumberColumn : INTEGER
    0, -- currentAssociationPhraseLineNumber : INTEGER
    0, -- currentAssociationPhraseColumn : INTEGER
    0, -- currentDataTypeNameLineNumber : INTEGER
    0, -- currentDataTypeNameColumn : INTEGER
    0, -- blockInStackFrameCreated : BOOLEAN
    "7baa1cad-2633-4a81-b2e9-7c18462254d7", -- Action_ID : UNIQUE_ID
    "65724256-a345-470e-85be-75b36221c95a" -- Parsed_Action_ID : UNIQUE_ID
);
INSERT INTO ACT_BLK VALUES (
    "f0691d71-70c4-457f-951b-67e3cfb50df7", -- Block_ID : UNIQUE_ID
    0, -- WhereSpecOK : BOOLEAN
    0, -- InWhereSpec : BOOLEAN
    0, -- SelectedFound : BOOLEAN
    '', -- TempBuffer : STRING
    '', -- SupData1 : STRING
    '', -- SupData2 : STRING
    0, -- CurrentLine : INTEGER
    0, -- CurrentCol : INTEGER
    0, -- currentKeyLettersLineNumber : INTEGER
    0, -- currentKeyLettersColumn : INTEGER
    0, -- currentParameterAssignmentNameLineNumber : INTEGER
    0, -- currentParameterAssignmentNameColumn : INTEGER
    0, -- currentAssociationNumberLineNumber : INTEGER
    0, -- currentAssociationNumberColumn : INTEGER
    0, -- currentAssociationPhraseLineNumber : INTEGER
    0, -- currentAssociationPhraseColumn : INTEGER
    0, -- currentDataTypeNameLineNumber : INTEGER
    0, -- currentDataTypeNameColumn : INTEGER
    0, -- blockInStackFrameCreated : BOOLEAN
    "e260ed6b-bdf4-4e52-9c2b-c641cbe98c3c", -- Action_ID : UNIQUE_ID
    "b7b30548-c262-48a5-ba28-f19073fe8a52" -- Parsed_Action_ID : UNIQUE_ID
);
INSERT INTO ACT_BLK VALUES (
    "1f933886-7060-4a4a-b1ec-7d7aebe4be43", -- Block_ID : UNIQUE_ID
    0, -- WhereSpecOK : BOOLEAN
    0, -- InWhereSpec : BOOLEAN
    0, -- SelectedFound : BOOLEAN
    '', -- TempBuffer : STRING
    '', -- SupData1 : STRING
    '', -- SupData2 : STRING
    0, -- CurrentLine : INTEGER
    0, -- CurrentCol : INTEGER
    0, -- currentKeyLettersLineNumber : INTEGER
    0, -- currentKeyLettersColumn : INTEGER
    0, -- currentParameterAssignmentNameLineNumber : INTEGER
    0, -- currentParameterAssignmentNameColumn : INTEGER
    0, -- currentAssociationNumberLineNumber : INTEGER
    0, -- currentAssociationNumberColumn : INTEGER
    0, -- currentAssociationPhraseLineNumber : INTEGER
    0, -- currentAssociationPhraseColumn : INTEGER
    0, -- currentDataTypeNameLineNumber : INTEGER
    0, -- currentDataTypeNameColumn : INTEGER
    0, -- blockInStackFrameCreated : BOOLEAN
    "b3023b2d-695a-4efc-a4ba-2d6916dca57f", -- Action_ID : UNIQUE_ID
    "574a55a7-7a0b-4399-aae2-bc605c33434f" -- Parsed_Action_ID : UNIQUE_ID
);
INSERT INTO ACT_BLK VALUES (
    "95c29c0a-ebb6-4a6b-93b6-4279b45896b3", -- Block_ID : UNIQUE_ID
    0, -- WhereSpecOK : BOOLEAN
    0, -- InWhereSpec : BOOLEAN
    0, -- SelectedFound : BOOLEAN
    '', -- TempBuffer : STRING
    '', -- SupData1 : STRING
    '', -- SupData2 : STRING
    0, -- CurrentLine : INTEGER
    0, -- CurrentCol : INTEGER
    0, -- currentKeyLettersLineNumber : INTEGER
    0, -- currentKeyLettersColumn : INTEGER
    0, -- currentParameterAssignmentNameLineNumber : INTEGER
    0, -- currentParameterAssignmentNameColumn : INTEGER
    0, -- currentAssociationNumberLineNumber : INTEGER
    0, -- currentAssociationNumberColumn : INTEGER
    0, -- currentAssociationPhraseLineNumber : INTEGER
    0, -- currentAssociationPhraseColumn : INTEGER
    0, -- currentDataTypeNameLineNumber : INTEGER
    0, -- currentDataTypeNameColumn : INTEGER
    0, -- blockInStackFrameCreated : BOOLEAN
    "a88de208-d61e-4e2b-b2d3-2907cf9cc8e2", -- Action_ID : UNIQUE_ID
    "e9785a59-8c80-4796-b04b-27ffd1d70b96" -- Parsed_Action_ID : UNIQUE_ID
);
INSERT INTO ACT_BLK VALUES (
    "82b35824-1a07-4464-afa2-28d4058dfd3d", -- Block_ID : UNIQUE_ID
    0, -- WhereSpecOK : BOOLEAN
    0, -- InWhereSpec : BOOLEAN
    0, -- SelectedFound : BOOLEAN
    '', -- TempBuffer : STRING
    '', -- SupData1 : STRING
    '', -- SupData2 : STRING
    0, -- CurrentLine : INTEGER
    0, -- CurrentCol : INTEGER
    0, -- currentKeyLettersLineNumber : INTEGER
    0, -- currentKeyLettersColumn : INTEGER
    0, -- currentParameterAssignmentNameLineNumber : INTEGER
    0, -- currentParameterAssignmentNameColumn : INTEGER
    0, -- currentAssociationNumberLineNumber : INTEGER
    0, -- currentAssociationNumberColumn : INTEGER
    0, -- currentAssociationPhraseLineNumber : INTEGER
    0, -- currentAssociationPhraseColumn : INTEGER
    0, -- currentDataTypeNameLineNumber : INTEGER
    0, -- currentDataTypeNameColumn : INTEGER
    0, -- blockInStackFrameCreated : BOOLEAN
    "b1687212-130d-4d8a-8c41-83a222a50beb", -- Action_ID : UNIQUE_ID
    "56501b7a-e87b-49e0-9486-7e841a792dc0" -- Parsed_Action_ID : UNIQUE_ID
);
INSERT INTO ACT_BLK VALUES (
    "6a7a433d-96e7-4b47-9242-9c4b6a000df8", -- Block_ID : UNIQUE_ID
    0, -- WhereSpecOK : BOOLEAN
    0, -- InWhereSpec : BOOLEAN
    0, -- SelectedFound : BOOLEAN
    '', -- TempBuffer : STRING
    '', -- SupData1 : STRING
    '', -- SupData2 : STRING
    0, -- CurrentLine : INTEGER
    0, -- CurrentCol : INTEGER
    0, -- currentKeyLettersLineNumber : INTEGER
    0, -- currentKeyLettersColumn : INTEGER
    0, -- currentParameterAssignmentNameLineNumber : INTEGER
    0, -- currentParameterAssignmentNameColumn : INTEGER
    0, -- currentAssociationNumberLineNumber : INTEGER
    0, -- currentAssociationNumberColumn : INTEGER
    0, -- currentAssociationPhraseLineNumber : INTEGER
    0, -- currentAssociationPhraseColumn : INTEGER
    0, -- currentDataTypeNameLineNumber : INTEGER
    0, -- currentDataTypeNameColumn : INTEGER
    0, -- blockInStackFrameCreated : BOOLEAN
    "994c16c7-4ffd-44d5-8753-874caaa82405", -- Action_ID : UNIQUE_ID
    "8381de2d-4698-4881-8719-aa4f2457faea" -- Parsed_Action_ID : UNIQUE_ID
);
INSERT INTO ACT_BLK VALUES (
    "186ed25f-8329-4bfd-9395-1e1acd1873e3", -- Block_ID : UNIQUE_ID
    0, -- WhereSpecOK : BOOLEAN
    0, -- InWhereSpec : BOOLEAN
    0, -- SelectedFound : BOOLEAN
    '', -- TempBuffer : STRING
    '', -- SupData1 : STRING
    '', -- SupData2 : STRING
    0, -- CurrentLine : INTEGER
    0, -- CurrentCol : INTEGER
    0, -- currentKeyLettersLineNumber : INTEGER
    0, -- currentKeyLettersColumn : INTEGER
    0, -- currentParameterAssignmentNameLineNumber : INTEGER
    0, -- currentParameterAssignmentNameColumn : INTEGER
    0, -- currentAssociationNumberLineNumber : INTEGER
    0, -- currentAssociationNumberColumn : INTEGER
    0, -- currentAssociationPhraseLineNumber : INTEGER
    0, -- currentAssociationPhraseColumn : INTEGER
    0, -- currentDataTypeNameLineNumber : INTEGER
    0, -- currentDataTypeNameColumn : INTEGER
    0, -- blockInStackFrameCreated : BOOLEAN
    "7e35aeb5-89d5-4483-920a-f835d51758d1", -- Action_ID : UNIQUE_ID
    "4b34c710-1904-48d3-be5d-13f292291607" -- Parsed_Action_ID : UNIQUE_ID
);
INSERT INTO ACT_BLK VALUES (
    "38ed8efe-3eb3-41b8-824c-5fd109222603", -- Block_ID : UNIQUE_ID
    0, -- WhereSpecOK : BOOLEAN
    0, -- InWhereSpec : BOOLEAN
    0, -- SelectedFound : BOOLEAN
    '', -- TempBuffer : STRING
    '', -- SupData1 : STRING
    '', -- SupData2 : STRING
    0, -- CurrentLine : INTEGER
    0, -- CurrentCol : INTEGER
    0, -- currentKeyLettersLineNumber : INTEGER
    0, -- currentKeyLettersColumn : INTEGER
    0, -- currentParameterAssignmentNameLineNumber : INTEGER
    0, -- currentParameterAssignmentNameColumn : INTEGER
    0, -- currentAssociationNumberLineNumber : INTEGER
    0, -- currentAssociationNumberColumn : INTEGER
    0, -- currentAssociationPhraseLineNumber : INTEGER
    0, -- currentAssociationPhraseColumn : INTEGER
    0, -- currentDataTypeNameLineNumber : INTEGER
    0, -- currentDataTypeNameColumn : INTEGER
    0, -- blockInStackFrameCreated : BOOLEAN
    "a64fdcd2-29c6-4cb1-b0ac-09561a250530", -- Action_ID : UNIQUE_ID
    "f52de80f-f81a-4378-9de9-f5fb6fafd671" -- Parsed_Action_ID : UNIQUE_ID
);
INSERT INTO ACT_BLK VALUES (
    "68c6be98-7549-4af7-9ca9-d3eef7361e2e", -- Block_ID : UNIQUE_ID
    0, -- WhereSpecOK : BOOLEAN
    0, -- InWhereSpec : BOOLEAN
    0, -- SelectedFound : BOOLEAN
    '', -- TempBuffer : STRING
    '', -- SupData1 : STRING
    '', -- SupData2 : STRING
    0, -- CurrentLine : INTEGER
    0, -- CurrentCol : INTEGER
    0, -- currentKeyLettersLineNumber : INTEGER
    0, -- currentKeyLettersColumn : INTEGER
    0, -- currentParameterAssignmentNameLineNumber : INTEGER
    0, -- currentParameterAssignmentNameColumn : INTEGER
    0, -- currentAssociationNumberLineNumber : INTEGER
    0, -- currentAssociationNumberColumn : INTEGER
    0, -- currentAssociationPhraseLineNumber : INTEGER
    0, -- currentAssociationPhraseColumn : INTEGER
    0, -- currentDataTypeNameLineNumber : INTEGER
    0, -- currentDataTypeNameColumn : INTEGER
    0, -- blockInStackFrameCreated : BOOLEAN
    "0959f402-3eca-44ce-ac68-31a85fe2efdc", -- Action_ID : UNIQUE_ID
    "0bb8d83b-7fd3-4edc-99a7-0ebd4b6744f0" -- Parsed_Action_ID : UNIQUE_ID
);
INSERT INTO ACT_BLK VALUES (
    "f92b76b3-99e4-4644-95f7-c75cdbe2c424", -- Block_ID : UNIQUE_ID
    0, -- WhereSpecOK : BOOLEAN
    0, -- InWhereSpec : BOOLEAN
    0, -- SelectedFound : BOOLEAN
    '', -- TempBuffer : STRING
    '', -- SupData1 : STRING
    '', -- SupData2 : STRING
    0, -- CurrentLine : INTEGER
    0, -- CurrentCol : INTEGER
    0, -- currentKeyLettersLineNumber : INTEGER
    0, -- currentKeyLettersColumn : INTEGER
    0, -- currentParameterAssignmentNameLineNumber : INTEGER
    0, -- currentParameterAssignmentNameColumn : INTEGER
    0, -- currentAssociationNumberLineNumber : INTEGER
    0, -- currentAssociationNumberColumn : INTEGER
    0, -- currentAssociationPhraseLineNumber : INTEGER
    0, -- currentAssociationPhraseColumn : INTEGER
    0, -- currentDataTypeNameLineNumber : INTEGER
    0, -- currentDataTypeNameColumn : INTEGER
    0, -- blockInStackFrameCreated : BOOLEAN
    "1f392382-1601-4ade-b814-d25d9e84ca9b", -- Action_ID : UNIQUE_ID
    "bef27435-f76d-496a-9dc7-fc7eb3b4004c" -- Parsed_Action_ID : UNIQUE_ID
);
INSERT INTO ACT_BLK VALUES (
    "354493b7-8f3d-4d31-8e1b-000b591a0556", -- Block_ID : UNIQUE_ID
    0, -- WhereSpecOK : BOOLEAN
    0, -- InWhereSpec : BOOLEAN
    0, -- SelectedFound : BOOLEAN
    '', -- TempBuffer : STRING
    '', -- SupData1 : STRING
    '', -- SupData2 : STRING
    0, -- CurrentLine : INTEGER
    0, -- CurrentCol : INTEGER
    0, -- currentKeyLettersLineNumber : INTEGER
    0, -- currentKeyLettersColumn : INTEGER
    0, -- currentParameterAssignmentNameLineNumber : INTEGER
    0, -- currentParameterAssignmentNameColumn : INTEGER
    0, -- currentAssociationNumberLineNumber : INTEGER
    0, -- currentAssociationNumberColumn : INTEGER
    0, -- currentAssociationPhraseLineNumber : INTEGER
    0, -- currentAssociationPhraseColumn : INTEGER
    0, -- currentDataTypeNameLineNumber : INTEGER
    0, -- currentDataTypeNameColumn : INTEGER
    0, -- blockInStackFrameCreated : BOOLEAN
    "a68ad3cc-3265-48ab-a6e9-9dd993ba4da6", -- Action_ID : UNIQUE_ID
    "e681c2e7-134e-4158-a717-bc1743dc9b7d" -- Parsed_Action_ID : UNIQUE_ID
);
INSERT INTO ACT_BLK VALUES (
    "b9d281d8-c66f-4106-8c00-61b3ad160285", -- Block_ID : UNIQUE_ID
    0, -- WhereSpecOK : BOOLEAN
    0, -- InWhereSpec : BOOLEAN
    0, -- SelectedFound : BOOLEAN
    '', -- TempBuffer : STRING
    '', -- SupData1 : STRING
    '', -- SupData2 : STRING
    0, -- CurrentLine : INTEGER
    0, -- CurrentCol : INTEGER
    0, -- currentKeyLettersLineNumber : INTEGER
    0, -- currentKeyLettersColumn : INTEGER
    0, -- currentParameterAssignmentNameLineNumber : INTEGER
    0, -- currentParameterAssignmentNameColumn : INTEGER
    0, -- currentAssociationNumberLineNumber : INTEGER
    0, -- currentAssociationNumberColumn : INTEGER
    0, -- currentAssociationPhraseLineNumber : INTEGER
    0, -- currentAssociationPhraseColumn : INTEGER
    0, -- currentDataTypeNameLineNumber : INTEGER
    0, -- currentDataTypeNameColumn : INTEGER
    0, -- blockInStackFrameCreated : BOOLEAN
    "745ddcf0-73e8-4cca-ac1c-46be682519ff", -- Action_ID : UNIQUE_ID
    "e8471d45-cd13-4253-9873-98d1a8c3e684" -- Parsed_Action_ID : UNIQUE_ID
);
INSERT INTO ACT_BLK VALUES (
    "77a7f92d-4393-4cb2-9014-dfa718eba5b4", -- Block_ID : UNIQUE_ID
    0, -- WhereSpecOK : BOOLEAN
    0, -- InWhereSpec : BOOLEAN
    0, -- SelectedFound : BOOLEAN
    '', -- TempBuffer : STRING
    '', -- SupData1 : STRING
    '', -- SupData2 : STRING
    0, -- CurrentLine : INTEGER
    0, -- CurrentCol : INTEGER
    0, -- currentKeyLettersLineNumber : INTEGER
    0, -- currentKeyLettersColumn : INTEGER
    0, -- currentParameterAssignmentNameLineNumber : INTEGER
    0, -- currentParameterAssignmentNameColumn : INTEGER
    0, -- currentAssociationNumberLineNumber : INTEGER
    0, -- currentAssociationNumberColumn : INTEGER
    0, -- currentAssociationPhraseLineNumber : INTEGER
    0, -- currentAssociationPhraseColumn : INTEGER
    0, -- currentDataTypeNameLineNumber : INTEGER
    0, -- currentDataTypeNameColumn : INTEGER
    0, -- blockInStackFrameCreated : BOOLEAN
    "2568861d-1f1e-445c-95d9-0b6a3567fb5a", -- Action_ID : UNIQUE_ID
    "9e5ae8ef-9a4f-45ce-99ea-7b5963137e61" -- Parsed_Action_ID : UNIQUE_ID
);
INSERT INTO ACT_BLK VALUES (
    "3371e3d6-254b-4619-adf5-9bc75f4d1468", -- Block_ID : UNIQUE_ID
    0, -- WhereSpecOK : BOOLEAN
    0, -- InWhereSpec : BOOLEAN
    0, -- SelectedFound : BOOLEAN
    '', -- TempBuffer : STRING
    '', -- SupData1 : STRING
    '', -- SupData2 : STRING
    0, -- CurrentLine : INTEGER
    0, -- CurrentCol : INTEGER
    0, -- currentKeyLettersLineNumber : INTEGER
    0, -- currentKeyLettersColumn : INTEGER
    0, -- currentParameterAssignmentNameLineNumber : INTEGER
    0, -- currentParameterAssignmentNameColumn : INTEGER
    0, -- currentAssociationNumberLineNumber : INTEGER
    0, -- currentAssociationNumberColumn : INTEGER
    0, -- currentAssociationPhraseLineNumber : INTEGER
    0, -- currentAssociationPhraseColumn : INTEGER
    0, -- currentDataTypeNameLineNumber : INTEGER
    0, -- currentDataTypeNameColumn : INTEGER
    0, -- blockInStackFrameCreated : BOOLEAN
    "c1528d1e-1f28-4f05-be78-ff3a92179980", -- Action_ID : UNIQUE_ID
    "d50f705f-7a65-4144-8297-a981f52674ab" -- Parsed_Action_ID : UNIQUE_ID
);
INSERT INTO ACT_BLK VALUES (
    "1563a9b7-c978-4960-94b0-5ab0f80f3f6f", -- Block_ID : UNIQUE_ID
    0, -- WhereSpecOK : BOOLEAN
    0, -- InWhereSpec : BOOLEAN
    0, -- SelectedFound : BOOLEAN
    '', -- TempBuffer : STRING
    '', -- SupData1 : STRING
    '', -- SupData2 : STRING
    0, -- CurrentLine : INTEGER
    0, -- CurrentCol : INTEGER
    0, -- currentKeyLettersLineNumber : INTEGER
    0, -- currentKeyLettersColumn : INTEGER
    0, -- currentParameterAssignmentNameLineNumber : INTEGER
    0, -- currentParameterAssignmentNameColumn : INTEGER
    0, -- currentAssociationNumberLineNumber : INTEGER
    0, -- currentAssociationNumberColumn : INTEGER
    0, -- currentAssociationPhraseLineNumber : INTEGER
    0, -- currentAssociationPhraseColumn : INTEGER
    0, -- currentDataTypeNameLineNumber : INTEGER
    0, -- currentDataTypeNameColumn : INTEGER
    0, -- blockInStackFrameCreated : BOOLEAN
    "67c382a3-7d19-4688-992e-df8f5c838a25", -- Action_ID : UNIQUE_ID
    "041775c0-6bf1-423d-b9c0-c7aa091fc90f" -- Parsed_Action_ID : UNIQUE_ID
);
INSERT INTO ACT_BLK VALUES (
    "912da457-f457-4552-a1ef-d1365565115f", -- Block_ID : UNIQUE_ID
    0, -- WhereSpecOK : BOOLEAN
    0, -- InWhereSpec : BOOLEAN
    0, -- SelectedFound : BOOLEAN
    '', -- TempBuffer : STRING
    '', -- SupData1 : STRING
    '', -- SupData2 : STRING
    0, -- CurrentLine : INTEGER
    0, -- CurrentCol : INTEGER
    0, -- currentKeyLettersLineNumber : INTEGER
    0, -- currentKeyLettersColumn : INTEGER
    0, -- currentParameterAssignmentNameLineNumber : INTEGER
    0, -- currentParameterAssignmentNameColumn : INTEGER
    0, -- currentAssociationNumberLineNumber : INTEGER
    0, -- currentAssociationNumberColumn : INTEGER
    0, -- currentAssociationPhraseLineNumber : INTEGER
    0, -- currentAssociationPhraseColumn : INTEGER
    0, -- currentDataTypeNameLineNumber : INTEGER
    0, -- currentDataTypeNameColumn : INTEGER
    0, -- blockInStackFrameCreated : BOOLEAN
    "9ac9e2b5-03da-4d27-a809-a1de46b7c45a", -- Action_ID : UNIQUE_ID
    "5682f7d4-b8a8-44fb-a8b6-8930ac456913" -- Parsed_Action_ID : UNIQUE_ID
);
INSERT INTO ACT_BLK VALUES (
    "a1bf0e42-03df-45c7-9068-9128b82c0053", -- Block_ID : UNIQUE_ID
    0, -- WhereSpecOK : BOOLEAN
    0, -- InWhereSpec : BOOLEAN
    0, -- SelectedFound : BOOLEAN
    '', -- TempBuffer : STRING
    '', -- SupData1 : STRING
    '', -- SupData2 : STRING
    0, -- CurrentLine : INTEGER
    0, -- CurrentCol : INTEGER
    0, -- currentKeyLettersLineNumber : INTEGER
    0, -- currentKeyLettersColumn : INTEGER
    0, -- currentParameterAssignmentNameLineNumber : INTEGER
    0, -- currentParameterAssignmentNameColumn : INTEGER
    0, -- currentAssociationNumberLineNumber : INTEGER
    0, -- currentAssociationNumberColumn : INTEGER
    0, -- currentAssociationPhraseLineNumber : INTEGER
    0, -- currentAssociationPhraseColumn : INTEGER
    0, -- currentDataTypeNameLineNumber : INTEGER
    0, -- currentDataTypeNameColumn : INTEGER
    0, -- blockInStackFrameCreated : BOOLEAN
    "19335544-a422-4aec-aa0b-f27f88cc1c7f", -- Action_ID : UNIQUE_ID
    "4802e519-11fd-4db9-8c09-2bd4f6923134" -- Parsed_Action_ID : UNIQUE_ID
);
INSERT INTO ACT_BLK VALUES (
    "6f58116c-cfad-43bb-abf7-d3e4d4c661bd", -- Block_ID : UNIQUE_ID
    0, -- WhereSpecOK : BOOLEAN
    0, -- InWhereSpec : BOOLEAN
    0, -- SelectedFound : BOOLEAN
    '', -- TempBuffer : STRING
    '', -- SupData1 : STRING
    '', -- SupData2 : STRING
    0, -- CurrentLine : INTEGER
    0, -- CurrentCol : INTEGER
    0, -- currentKeyLettersLineNumber : INTEGER
    0, -- currentKeyLettersColumn : INTEGER
    0, -- currentParameterAssignmentNameLineNumber : INTEGER
    0, -- currentParameterAssignmentNameColumn : INTEGER
    0, -- currentAssociationNumberLineNumber : INTEGER
    0, -- currentAssociationNumberColumn : INTEGER
    0, -- currentAssociationPhraseLineNumber : INTEGER
    0, -- currentAssociationPhraseColumn : INTEGER
    0, -- currentDataTypeNameLineNumber : INTEGER
    0, -- currentDataTypeNameColumn : INTEGER
    0, -- blockInStackFrameCreated : BOOLEAN
    "7d59aea7-80b4-4ace-a108-fa868fd6c8dd", -- Action_ID : UNIQUE_ID
    "c576c4de-cc45-4bc3-b78e-d3773c59ee63" -- Parsed_Action_ID : UNIQUE_ID
);
INSERT INTO ACT_BLK VALUES (
    "fdc29cee-788a-434d-a69d-a40cfa19bc19", -- Block_ID : UNIQUE_ID
    0, -- WhereSpecOK : BOOLEAN
    0, -- InWhereSpec : BOOLEAN
    0, -- SelectedFound : BOOLEAN
    '', -- TempBuffer : STRING
    '', -- SupData1 : STRING
    '', -- SupData2 : STRING
    0, -- CurrentLine : INTEGER
    0, -- CurrentCol : INTEGER
    0, -- currentKeyLettersLineNumber : INTEGER
    0, -- currentKeyLettersColumn : INTEGER
    0, -- currentParameterAssignmentNameLineNumber : INTEGER
    0, -- currentParameterAssignmentNameColumn : INTEGER
    0, -- currentAssociationNumberLineNumber : INTEGER
    0, -- currentAssociationNumberColumn : INTEGER
    0, -- currentAssociationPhraseLineNumber : INTEGER
    0, -- currentAssociationPhraseColumn : INTEGER
    0, -- currentDataTypeNameLineNumber : INTEGER
    0, -- currentDataTypeNameColumn : INTEGER
    0, -- blockInStackFrameCreated : BOOLEAN
    "f69e8884-fd52-4eb7-b2ea-276d77de052f", -- Action_ID : UNIQUE_ID
    "ac7ff578-57b1-4909-9450-90364c73a4d9" -- Parsed_Action_ID : UNIQUE_ID
);
INSERT INTO ACT_BLK VALUES (
    "d83a66d3-ddf0-49a8-8b7f-c0018786fc9b", -- Block_ID : UNIQUE_ID
    0, -- WhereSpecOK : BOOLEAN
    0, -- InWhereSpec : BOOLEAN
    0, -- SelectedFound : BOOLEAN
    '', -- TempBuffer : STRING
    '', -- SupData1 : STRING
    '', -- SupData2 : STRING
    0, -- CurrentLine : INTEGER
    0, -- CurrentCol : INTEGER
    0, -- currentKeyLettersLineNumber : INTEGER
    0, -- currentKeyLettersColumn : INTEGER
    0, -- currentParameterAssignmentNameLineNumber : INTEGER
    0, -- currentParameterAssignmentNameColumn : INTEGER
    0, -- currentAssociationNumberLineNumber : INTEGER
    0, -- currentAssociationNumberColumn : INTEGER
    0, -- currentAssociationPhraseLineNumber : INTEGER
    0, -- currentAssociationPhraseColumn : INTEGER
    0, -- currentDataTypeNameLineNumber : INTEGER
    0, -- currentDataTypeNameColumn : INTEGER
    0, -- blockInStackFrameCreated : BOOLEAN
    "4ed4204a-a0a5-4297-89ab-801491b3c783", -- Action_ID : UNIQUE_ID
    "37edf75b-1394-4a09-a3e0-a4f6b2ff188a" -- Parsed_Action_ID : UNIQUE_ID
);
INSERT INTO ACT_BLK VALUES (
    "e9880e7e-6f39-453d-9e28-ebeaa23aedca", -- Block_ID : UNIQUE_ID
    0, -- WhereSpecOK : BOOLEAN
    0, -- InWhereSpec : BOOLEAN
    0, -- SelectedFound : BOOLEAN
    '', -- TempBuffer : STRING
    '', -- SupData1 : STRING
    '', -- SupData2 : STRING
    0, -- CurrentLine : INTEGER
    0, -- CurrentCol : INTEGER
    0, -- currentKeyLettersLineNumber : INTEGER
    0, -- currentKeyLettersColumn : INTEGER
    0, -- currentParameterAssignmentNameLineNumber : INTEGER
    0, -- currentParameterAssignmentNameColumn : INTEGER
    0, -- currentAssociationNumberLineNumber : INTEGER
    0, -- currentAssociationNumberColumn : INTEGER
    0, -- currentAssociationPhraseLineNumber : INTEGER
    0, -- currentAssociationPhraseColumn : INTEGER
    0, -- currentDataTypeNameLineNumber : INTEGER
    0, -- currentDataTypeNameColumn : INTEGER
    0, -- blockInStackFrameCreated : BOOLEAN
    "dd410a47-1c96-4c2e-a9e7-7f69ea3ff8d4", -- Action_ID : UNIQUE_ID
    "64dff3bb-03c9-4abb-a206-ec91dad1d2e7" -- Parsed_Action_ID : UNIQUE_ID
);
INSERT INTO ACT_BLK VALUES (
    "9e58d38e-18cb-4f80-9e45-1186c3f7af02", -- Block_ID : UNIQUE_ID
    0, -- WhereSpecOK : BOOLEAN
    0, -- InWhereSpec : BOOLEAN
    0, -- SelectedFound : BOOLEAN
    '', -- TempBuffer : STRING
    '', -- SupData1 : STRING
    '', -- SupData2 : STRING
    0, -- CurrentLine : INTEGER
    0, -- CurrentCol : INTEGER
    0, -- currentKeyLettersLineNumber : INTEGER
    0, -- currentKeyLettersColumn : INTEGER
    0, -- currentParameterAssignmentNameLineNumber : INTEGER
    0, -- currentParameterAssignmentNameColumn : INTEGER
    0, -- currentAssociationNumberLineNumber : INTEGER
    0, -- currentAssociationNumberColumn : INTEGER
    0, -- currentAssociationPhraseLineNumber : INTEGER
    0, -- currentAssociationPhraseColumn : INTEGER
    0, -- currentDataTypeNameLineNumber : INTEGER
    0, -- currentDataTypeNameColumn : INTEGER
    0, -- blockInStackFrameCreated : BOOLEAN
    "4d52c46c-a556-48b3-a556-c95a79083046", -- Action_ID : UNIQUE_ID
    "254fbe30-113e-4293-8c09-16afaf6d165e" -- Parsed_Action_ID : UNIQUE_ID
);
INSERT INTO ACT_BLK VALUES (
    "33c7e665-5c8f-45c2-a30d-a534eb2ce8f4", -- Block_ID : UNIQUE_ID
    0, -- WhereSpecOK : BOOLEAN
    0, -- InWhereSpec : BOOLEAN
    0, -- SelectedFound : BOOLEAN
    '', -- TempBuffer : STRING
    '', -- SupData1 : STRING
    '', -- SupData2 : STRING
    0, -- CurrentLine : INTEGER
    0, -- CurrentCol : INTEGER
    0, -- currentKeyLettersLineNumber : INTEGER
    0, -- currentKeyLettersColumn : INTEGER
    0, -- currentParameterAssignmentNameLineNumber : INTEGER
    0, -- currentParameterAssignmentNameColumn : INTEGER
    0, -- currentAssociationNumberLineNumber : INTEGER
    0, -- currentAssociationNumberColumn : INTEGER
    0, -- currentAssociationPhraseLineNumber : INTEGER
    0, -- currentAssociationPhraseColumn : INTEGER
    0, -- currentDataTypeNameLineNumber : INTEGER
    0, -- currentDataTypeNameColumn : INTEGER
    0, -- blockInStackFrameCreated : BOOLEAN
    "e4ba421b-7a63-471d-be2f-0e2fbc34868e", -- Action_ID : UNIQUE_ID
    "a8dceed2-4e60-44c4-8d40-5155630e2eb1" -- Parsed_Action_ID : UNIQUE_ID
);
INSERT INTO ACT_BLK VALUES (
    "5acfbcda-db2f-4b3d-8715-b4f1822d4b2d", -- Block_ID : UNIQUE_ID
    0, -- WhereSpecOK : BOOLEAN
    0, -- InWhereSpec : BOOLEAN
    0, -- SelectedFound : BOOLEAN
    '', -- TempBuffer : STRING
    '', -- SupData1 : STRING
    '', -- SupData2 : STRING
    0, -- CurrentLine : INTEGER
    0, -- CurrentCol : INTEGER
    0, -- currentKeyLettersLineNumber : INTEGER
    0, -- currentKeyLettersColumn : INTEGER
    0, -- currentParameterAssignmentNameLineNumber : INTEGER
    0, -- currentParameterAssignmentNameColumn : INTEGER
    0, -- currentAssociationNumberLineNumber : INTEGER
    0, -- currentAssociationNumberColumn : INTEGER
    0, -- currentAssociationPhraseLineNumber : INTEGER
    0, -- currentAssociationPhraseColumn : INTEGER
    0, -- currentDataTypeNameLineNumber : INTEGER
    0, -- currentDataTypeNameColumn : INTEGER
    0, -- blockInStackFrameCreated : BOOLEAN
    "dd4264d1-920b-460c-812b-30d56a041dac", -- Action_ID : UNIQUE_ID
    "8523759a-f9e9-49aa-9784-54254f588613" -- Parsed_Action_ID : UNIQUE_ID
);
INSERT INTO ACT_BLK VALUES (
    "abcd4fe9-dfd6-434a-a664-0284f8e28a7d", -- Block_ID : UNIQUE_ID
    0, -- WhereSpecOK : BOOLEAN
    0, -- InWhereSpec : BOOLEAN
    0, -- SelectedFound : BOOLEAN
    '', -- TempBuffer : STRING
    '', -- SupData1 : STRING
    '', -- SupData2 : STRING
    0, -- CurrentLine : INTEGER
    0, -- CurrentCol : INTEGER
    0, -- currentKeyLettersLineNumber : INTEGER
    0, -- currentKeyLettersColumn : INTEGER
    0, -- currentParameterAssignmentNameLineNumber : INTEGER
    0, -- currentParameterAssignmentNameColumn : INTEGER
    0, -- currentAssociationNumberLineNumber : INTEGER
    0, -- currentAssociationNumberColumn : INTEGER
    0, -- currentAssociationPhraseLineNumber : INTEGER
    0, -- currentAssociationPhraseColumn : INTEGER
    0, -- currentDataTypeNameLineNumber : INTEGER
    0, -- currentDataTypeNameColumn : INTEGER
    0, -- blockInStackFrameCreated : BOOLEAN
    "743bb9c9-24a5-4cdf-bedc-0699d77202bf", -- Action_ID : UNIQUE_ID
    "b27dc559-065f-4dd7-ab24-ca4b501c7f27" -- Parsed_Action_ID : UNIQUE_ID
);
INSERT INTO ACT_BLK VALUES (
    "3814a889-cbdc-434a-963a-80e7fd23adb9", -- Block_ID : UNIQUE_ID
    0, -- WhereSpecOK : BOOLEAN
    0, -- InWhereSpec : BOOLEAN
    0, -- SelectedFound : BOOLEAN
    '', -- TempBuffer : STRING
    '', -- SupData1 : STRING
    '', -- SupData2 : STRING
    0, -- CurrentLine : INTEGER
    0, -- CurrentCol : INTEGER
    0, -- currentKeyLettersLineNumber : INTEGER
    0, -- currentKeyLettersColumn : INTEGER
    0, -- currentParameterAssignmentNameLineNumber : INTEGER
    0, -- currentParameterAssignmentNameColumn : INTEGER
    0, -- currentAssociationNumberLineNumber : INTEGER
    0, -- currentAssociationNumberColumn : INTEGER
    0, -- currentAssociationPhraseLineNumber : INTEGER
    0, -- currentAssociationPhraseColumn : INTEGER
    0, -- currentDataTypeNameLineNumber : INTEGER
    0, -- currentDataTypeNameColumn : INTEGER
    0, -- blockInStackFrameCreated : BOOLEAN
    "0d1530ef-61e0-4f1d-85a1-3ea931d18d82", -- Action_ID : UNIQUE_ID
    "2ad3abad-e22d-472e-855e-238392428ba2" -- Parsed_Action_ID : UNIQUE_ID
);
INSERT INTO ACT_BLK VALUES (
    "9025447a-1354-4e4b-a511-dea16a9d3abc", -- Block_ID : UNIQUE_ID
    0, -- WhereSpecOK : BOOLEAN
    0, -- InWhereSpec : BOOLEAN
    0, -- SelectedFound : BOOLEAN
    '', -- TempBuffer : STRING
    '', -- SupData1 : STRING
    '', -- SupData2 : STRING
    0, -- CurrentLine : INTEGER
    0, -- CurrentCol : INTEGER
    0, -- currentKeyLettersLineNumber : INTEGER
    0, -- currentKeyLettersColumn : INTEGER
    0, -- currentParameterAssignmentNameLineNumber : INTEGER
    0, -- currentParameterAssignmentNameColumn : INTEGER
    0, -- currentAssociationNumberLineNumber : INTEGER
    0, -- currentAssociationNumberColumn : INTEGER
    0, -- currentAssociationPhraseLineNumber : INTEGER
    0, -- currentAssociationPhraseColumn : INTEGER
    0, -- currentDataTypeNameLineNumber : INTEGER
    0, -- currentDataTypeNameColumn : INTEGER
    0, -- blockInStackFrameCreated : BOOLEAN
    "a3be3fed-03c7-40b3-9d22-379d1f09f6f4", -- Action_ID : UNIQUE_ID
    "e9a168d8-0502-4c6c-9c7f-e4c91c2aafd8" -- Parsed_Action_ID : UNIQUE_ID
);
INSERT INTO ACT_BLK VALUES (
    "76ad428d-b736-4232-8f50-804d97c482b7", -- Block_ID : UNIQUE_ID
    0, -- WhereSpecOK : BOOLEAN
    0, -- InWhereSpec : BOOLEAN
    0, -- SelectedFound : BOOLEAN
    '', -- TempBuffer : STRING
    '', -- SupData1 : STRING
    '', -- SupData2 : STRING
    0, -- CurrentLine : INTEGER
    0, -- CurrentCol : INTEGER
    0, -- currentKeyLettersLineNumber : INTEGER
    0, -- currentKeyLettersColumn : INTEGER
    0, -- currentParameterAssignmentNameLineNumber : INTEGER
    0, -- currentParameterAssignmentNameColumn : INTEGER
    0, -- currentAssociationNumberLineNumber : INTEGER
    0, -- currentAssociationNumberColumn : INTEGER
    0, -- currentAssociationPhraseLineNumber : INTEGER
    0, -- currentAssociationPhraseColumn : INTEGER
    0, -- currentDataTypeNameLineNumber : INTEGER
    0, -- currentDataTypeNameColumn : INTEGER
    0, -- blockInStackFrameCreated : BOOLEAN
    "3b2d7127-3059-4181-85fe-82df743e71f7", -- Action_ID : UNIQUE_ID
    "b4abae47-0416-4c84-bcc6-48d39024df3e" -- Parsed_Action_ID : UNIQUE_ID
);
INSERT INTO ACT_BLK VALUES (
    "2e4b0ba3-76bc-475d-a336-2c5597930684", -- Block_ID : UNIQUE_ID
    0, -- WhereSpecOK : BOOLEAN
    0, -- InWhereSpec : BOOLEAN
    0, -- SelectedFound : BOOLEAN
    '', -- TempBuffer : STRING
    '', -- SupData1 : STRING
    '', -- SupData2 : STRING
    0, -- CurrentLine : INTEGER
    0, -- CurrentCol : INTEGER
    0, -- currentKeyLettersLineNumber : INTEGER
    0, -- currentKeyLettersColumn : INTEGER
    0, -- currentParameterAssignmentNameLineNumber : INTEGER
    0, -- currentParameterAssignmentNameColumn : INTEGER
    0, -- currentAssociationNumberLineNumber : INTEGER
    0, -- currentAssociationNumberColumn : INTEGER
    0, -- currentAssociationPhraseLineNumber : INTEGER
    0, -- currentAssociationPhraseColumn : INTEGER
    0, -- currentDataTypeNameLineNumber : INTEGER
    0, -- currentDataTypeNameColumn : INTEGER
    0, -- blockInStackFrameCreated : BOOLEAN
    "aeb2a871-9865-4bac-92a9-fea30da57e7a", -- Action_ID : UNIQUE_ID
    "cab5eaa2-b74c-41f6-ba3f-9bd2b53ecdd5" -- Parsed_Action_ID : UNIQUE_ID
);
INSERT INTO ACT_BLK VALUES (
    "7e6103c7-31e9-4cf5-9a1f-5d7d1e5229e3", -- Block_ID : UNIQUE_ID
    0, -- WhereSpecOK : BOOLEAN
    0, -- InWhereSpec : BOOLEAN
    0, -- SelectedFound : BOOLEAN
    '', -- TempBuffer : STRING
    '', -- SupData1 : STRING
    '', -- SupData2 : STRING
    0, -- CurrentLine : INTEGER
    0, -- CurrentCol : INTEGER
    0, -- currentKeyLettersLineNumber : INTEGER
    0, -- currentKeyLettersColumn : INTEGER
    0, -- currentParameterAssignmentNameLineNumber : INTEGER
    0, -- currentParameterAssignmentNameColumn : INTEGER
    0, -- currentAssociationNumberLineNumber : INTEGER
    0, -- currentAssociationNumberColumn : INTEGER
    0, -- currentAssociationPhraseLineNumber : INTEGER
    0, -- currentAssociationPhraseColumn : INTEGER
    0, -- currentDataTypeNameLineNumber : INTEGER
    0, -- currentDataTypeNameColumn : INTEGER
    0, -- blockInStackFrameCreated : BOOLEAN
    "53996296-9bd3-4afd-aaff-27211b36be33", -- Action_ID : UNIQUE_ID
    "4e1d6be5-8626-4e52-b99d-07206109a97a" -- Parsed_Action_ID : UNIQUE_ID
);
INSERT INTO ACT_BLK VALUES (
    "0ee16e96-501b-420f-bf0c-41aa8686d87b", -- Block_ID : UNIQUE_ID
    0, -- WhereSpecOK : BOOLEAN
    0, -- InWhereSpec : BOOLEAN
    0, -- SelectedFound : BOOLEAN
    '', -- TempBuffer : STRING
    '', -- SupData1 : STRING
    '', -- SupData2 : STRING
    0, -- CurrentLine : INTEGER
    0, -- CurrentCol : INTEGER
    0, -- currentKeyLettersLineNumber : INTEGER
    0, -- currentKeyLettersColumn : INTEGER
    0, -- currentParameterAssignmentNameLineNumber : INTEGER
    0, -- currentParameterAssignmentNameColumn : INTEGER
    0, -- currentAssociationNumberLineNumber : INTEGER
    0, -- currentAssociationNumberColumn : INTEGER
    0, -- currentAssociationPhraseLineNumber : INTEGER
    0, -- currentAssociationPhraseColumn : INTEGER
    0, -- currentDataTypeNameLineNumber : INTEGER
    0, -- currentDataTypeNameColumn : INTEGER
    0, -- blockInStackFrameCreated : BOOLEAN
    "399cba98-2f08-4d16-a950-ac0a3b5ded76", -- Action_ID : UNIQUE_ID
    "2f0246b9-5bdd-4f81-98cb-8dec83a0d777" -- Parsed_Action_ID : UNIQUE_ID
);
INSERT INTO ACT_BLK VALUES (
    "b90d40fc-f505-4d9b-b164-2e7fc47e64a8", -- Block_ID : UNIQUE_ID
    0, -- WhereSpecOK : BOOLEAN
    0, -- InWhereSpec : BOOLEAN
    0, -- SelectedFound : BOOLEAN
    '', -- TempBuffer : STRING
    '', -- SupData1 : STRING
    '', -- SupData2 : STRING
    0, -- CurrentLine : INTEGER
    0, -- CurrentCol : INTEGER
    0, -- currentKeyLettersLineNumber : INTEGER
    0, -- currentKeyLettersColumn : INTEGER
    0, -- currentParameterAssignmentNameLineNumber : INTEGER
    0, -- currentParameterAssignmentNameColumn : INTEGER
    0, -- currentAssociationNumberLineNumber : INTEGER
    0, -- currentAssociationNumberColumn : INTEGER
    0, -- currentAssociationPhraseLineNumber : INTEGER
    0, -- currentAssociationPhraseColumn : INTEGER
    0, -- currentDataTypeNameLineNumber : INTEGER
    0, -- currentDataTypeNameColumn : INTEGER
    0, -- blockInStackFrameCreated : BOOLEAN
    "b0029b84-f781-487b-bff7-3fd5fe556ca4", -- Action_ID : UNIQUE_ID
    "cff34816-f429-47cd-9489-481782f02e0f" -- Parsed_Action_ID : UNIQUE_ID
);
INSERT INTO ACT_BLK VALUES (
    "6b9cb337-57d8-4030-8454-92acb0019a4c", -- Block_ID : UNIQUE_ID
    0, -- WhereSpecOK : BOOLEAN
    0, -- InWhereSpec : BOOLEAN
    0, -- SelectedFound : BOOLEAN
    '', -- TempBuffer : STRING
    '', -- SupData1 : STRING
    '', -- SupData2 : STRING
    0, -- CurrentLine : INTEGER
    0, -- CurrentCol : INTEGER
    0, -- currentKeyLettersLineNumber : INTEGER
    0, -- currentKeyLettersColumn : INTEGER
    0, -- currentParameterAssignmentNameLineNumber : INTEGER
    0, -- currentParameterAssignmentNameColumn : INTEGER
    0, -- currentAssociationNumberLineNumber : INTEGER
    0, -- currentAssociationNumberColumn : INTEGER
    0, -- currentAssociationPhraseLineNumber : INTEGER
    0, -- currentAssociationPhraseColumn : INTEGER
    0, -- currentDataTypeNameLineNumber : INTEGER
    0, -- currentDataTypeNameColumn : INTEGER
    0, -- blockInStackFrameCreated : BOOLEAN
    "b32470d5-e748-4f59-99a9-393868f87444", -- Action_ID : UNIQUE_ID
    "63399710-4509-4537-98e0-05a79eeb3c7b" -- Parsed_Action_ID : UNIQUE_ID
);
INSERT INTO ACT_BLK VALUES (
    "91adc69c-9c65-4fdf-9355-acb105d45fcf", -- Block_ID : UNIQUE_ID
    0, -- WhereSpecOK : BOOLEAN
    0, -- InWhereSpec : BOOLEAN
    0, -- SelectedFound : BOOLEAN
    '', -- TempBuffer : STRING
    '', -- SupData1 : STRING
    '', -- SupData2 : STRING
    0, -- CurrentLine : INTEGER
    0, -- CurrentCol : INTEGER
    0, -- currentKeyLettersLineNumber : INTEGER
    0, -- currentKeyLettersColumn : INTEGER
    0, -- currentParameterAssignmentNameLineNumber : INTEGER
    0, -- currentParameterAssignmentNameColumn : INTEGER
    0, -- currentAssociationNumberLineNumber : INTEGER
    0, -- currentAssociationNumberColumn : INTEGER
    0, -- currentAssociationPhraseLineNumber : INTEGER
    0, -- currentAssociationPhraseColumn : INTEGER
    0, -- currentDataTypeNameLineNumber : INTEGER
    0, -- currentDataTypeNameColumn : INTEGER
    0, -- blockInStackFrameCreated : BOOLEAN
    "c45945ea-3e4e-4ee8-ae2a-ddd2b946568e", -- Action_ID : UNIQUE_ID
    "7a14e562-f369-4c7d-86a9-1ba2f2e0b4c7" -- Parsed_Action_ID : UNIQUE_ID
);
INSERT INTO ACT_BLK VALUES (
    "bbe95ae4-c01f-493a-9d4f-9ae730927460", -- Block_ID : UNIQUE_ID
    0, -- WhereSpecOK : BOOLEAN
    0, -- InWhereSpec : BOOLEAN
    0, -- SelectedFound : BOOLEAN
    '', -- TempBuffer : STRING
    '', -- SupData1 : STRING
    '', -- SupData2 : STRING
    0, -- CurrentLine : INTEGER
    0, -- CurrentCol : INTEGER
    0, -- currentKeyLettersLineNumber : INTEGER
    0, -- currentKeyLettersColumn : INTEGER
    0, -- currentParameterAssignmentNameLineNumber : INTEGER
    0, -- currentParameterAssignmentNameColumn : INTEGER
    0, -- currentAssociationNumberLineNumber : INTEGER
    0, -- currentAssociationNumberColumn : INTEGER
    0, -- currentAssociationPhraseLineNumber : INTEGER
    0, -- currentAssociationPhraseColumn : INTEGER
    0, -- currentDataTypeNameLineNumber : INTEGER
    0, -- currentDataTypeNameColumn : INTEGER
    0, -- blockInStackFrameCreated : BOOLEAN
    "c45945ea-3e4e-4ee8-ae2a-ddd2b946568e", -- Action_ID : UNIQUE_ID
    "65d2ce7c-abdf-4146-8de7-46ffd1f00c87" -- Parsed_Action_ID : UNIQUE_ID
);
INSERT INTO ACT_BLK VALUES (
    "2eed1624-54db-4b44-a375-afc7ac1f5531", -- Block_ID : UNIQUE_ID
    0, -- WhereSpecOK : BOOLEAN
    0, -- InWhereSpec : BOOLEAN
    0, -- SelectedFound : BOOLEAN
    '', -- TempBuffer : STRING
    '', -- SupData1 : STRING
    '', -- SupData2 : STRING
    0, -- CurrentLine : INTEGER
    0, -- CurrentCol : INTEGER
    0, -- currentKeyLettersLineNumber : INTEGER
    0, -- currentKeyLettersColumn : INTEGER
    0, -- currentParameterAssignmentNameLineNumber : INTEGER
    0, -- currentParameterAssignmentNameColumn : INTEGER
    0, -- currentAssociationNumberLineNumber : INTEGER
    0, -- currentAssociationNumberColumn : INTEGER
    0, -- currentAssociationPhraseLineNumber : INTEGER
    0, -- currentAssociationPhraseColumn : INTEGER
    0, -- currentDataTypeNameLineNumber : INTEGER
    0, -- currentDataTypeNameColumn : INTEGER
    0, -- blockInStackFrameCreated : BOOLEAN
    "c45945ea-3e4e-4ee8-ae2a-ddd2b946568e", -- Action_ID : UNIQUE_ID
    "1d7212cc-c5e2-4175-8097-c5b56dec3899" -- Parsed_Action_ID : UNIQUE_ID
);
INSERT INTO ACT_BLK VALUES (
    "eecaa149-6daa-4b53-b48b-f8594e36de4f", -- Block_ID : UNIQUE_ID
    0, -- WhereSpecOK : BOOLEAN
    0, -- InWhereSpec : BOOLEAN
    0, -- SelectedFound : BOOLEAN
    '', -- TempBuffer : STRING
    '', -- SupData1 : STRING
    '', -- SupData2 : STRING
    0, -- CurrentLine : INTEGER
    0, -- CurrentCol : INTEGER
    0, -- currentKeyLettersLineNumber : INTEGER
    0, -- currentKeyLettersColumn : INTEGER
    0, -- currentParameterAssignmentNameLineNumber : INTEGER
    0, -- currentParameterAssignmentNameColumn : INTEGER
    0, -- currentAssociationNumberLineNumber : INTEGER
    0, -- currentAssociationNumberColumn : INTEGER
    0, -- currentAssociationPhraseLineNumber : INTEGER
    0, -- currentAssociationPhraseColumn : INTEGER
    0, -- currentDataTypeNameLineNumber : INTEGER
    0, -- currentDataTypeNameColumn : INTEGER
    0, -- blockInStackFrameCreated : BOOLEAN
    "219091dc-a4b9-455a-8651-86a9832aeea6", -- Action_ID : UNIQUE_ID
    "14ef3b25-b783-4839-9176-699113321bd2" -- Parsed_Action_ID : UNIQUE_ID
);
INSERT INTO ACT_BLK VALUES (
    "862bd10c-f0b6-4ab5-842e-e82fb030e433", -- Block_ID : UNIQUE_ID
    0, -- WhereSpecOK : BOOLEAN
    0, -- InWhereSpec : BOOLEAN
    0, -- SelectedFound : BOOLEAN
    '', -- TempBuffer : STRING
    '', -- SupData1 : STRING
    '', -- SupData2 : STRING
    0, -- CurrentLine : INTEGER
    0, -- CurrentCol : INTEGER
    0, -- currentKeyLettersLineNumber : INTEGER
    0, -- currentKeyLettersColumn : INTEGER
    0, -- currentParameterAssignmentNameLineNumber : INTEGER
    0, -- currentParameterAssignmentNameColumn : INTEGER
    0, -- currentAssociationNumberLineNumber : INTEGER
    0, -- currentAssociationNumberColumn : INTEGER
    0, -- currentAssociationPhraseLineNumber : INTEGER
    0, -- currentAssociationPhraseColumn : INTEGER
    0, -- currentDataTypeNameLineNumber : INTEGER
    0, -- currentDataTypeNameColumn : INTEGER
    0, -- blockInStackFrameCreated : BOOLEAN
    "0a0b1c82-ac98-48e3-adfb-3526899a5f05", -- Action_ID : UNIQUE_ID
    "cdce46b3-0f81-41b6-8138-0b001c14f711" -- Parsed_Action_ID : UNIQUE_ID
);
INSERT INTO ACT_BLK VALUES (
    "0f284924-b90c-4593-864a-b87c500b237c", -- Block_ID : UNIQUE_ID
    0, -- WhereSpecOK : BOOLEAN
    0, -- InWhereSpec : BOOLEAN
    0, -- SelectedFound : BOOLEAN
    '', -- TempBuffer : STRING
    '', -- SupData1 : STRING
    '', -- SupData2 : STRING
    0, -- CurrentLine : INTEGER
    0, -- CurrentCol : INTEGER
    0, -- currentKeyLettersLineNumber : INTEGER
    0, -- currentKeyLettersColumn : INTEGER
    0, -- currentParameterAssignmentNameLineNumber : INTEGER
    0, -- currentParameterAssignmentNameColumn : INTEGER
    0, -- currentAssociationNumberLineNumber : INTEGER
    0, -- currentAssociationNumberColumn : INTEGER
    0, -- currentAssociationPhraseLineNumber : INTEGER
    0, -- currentAssociationPhraseColumn : INTEGER
    0, -- currentDataTypeNameLineNumber : INTEGER
    0, -- currentDataTypeNameColumn : INTEGER
    0, -- blockInStackFrameCreated : BOOLEAN
    "0a0b1c82-ac98-48e3-adfb-3526899a5f05", -- Action_ID : UNIQUE_ID
    "e810aa9b-77dc-439a-8ed9-dd624262603d" -- Parsed_Action_ID : UNIQUE_ID
);
INSERT INTO ACT_BLK VALUES (
    "2cc2ef70-5742-40dc-bad4-037415d2ea96", -- Block_ID : UNIQUE_ID
    0, -- WhereSpecOK : BOOLEAN
    0, -- InWhereSpec : BOOLEAN
    0, -- SelectedFound : BOOLEAN
    '', -- TempBuffer : STRING
    '', -- SupData1 : STRING
    '', -- SupData2 : STRING
    0, -- CurrentLine : INTEGER
    0, -- CurrentCol : INTEGER
    0, -- currentKeyLettersLineNumber : INTEGER
    0, -- currentKeyLettersColumn : INTEGER
    0, -- currentParameterAssignmentNameLineNumber : INTEGER
    0, -- currentParameterAssignmentNameColumn : INTEGER
    0, -- currentAssociationNumberLineNumber : INTEGER
    0, -- currentAssociationNumberColumn : INTEGER
    0, -- currentAssociationPhraseLineNumber : INTEGER
    0, -- currentAssociationPhraseColumn : INTEGER
    0, -- currentDataTypeNameLineNumber : INTEGER
    0, -- currentDataTypeNameColumn : INTEGER
    0, -- blockInStackFrameCreated : BOOLEAN
    "0a0b1c82-ac98-48e3-adfb-3526899a5f05", -- Action_ID : UNIQUE_ID
    "9ae4f7f2-b24b-4bd3-aba1-d9aa01fb68b2" -- Parsed_Action_ID : UNIQUE_ID
);
INSERT INTO ACT_BRB VALUES (
    "c34265c7-3fa6-49ae-9d86-9c6b4a0c91bc", -- Action_ID : UNIQUE_ID
    "112f319f-4c8e-482c-a552-276f1b56bc8d" -- Brg_ID : UNIQUE_ID
);
INSERT INTO ACT_BRB VALUES (
    "f45f5497-97e8-48de-afad-47396ded786d", -- Action_ID : UNIQUE_ID
    "b34ec664-6dea-44bc-afbf-69645da52f0a" -- Brg_ID : UNIQUE_ID
);
INSERT INTO ACT_BRB VALUES (
    "56df1d19-2317-413a-9437-fae4b3596118", -- Action_ID : UNIQUE_ID
    "2dcf3e84-1208-4e7f-a70c-a54d15f1ce77" -- Brg_ID : UNIQUE_ID
);
INSERT INTO ACT_BRB VALUES (
    "89a06348-4a3f-4898-9b7c-9cbff5356896", -- Action_ID : UNIQUE_ID
    "af615ef3-56dd-40b1-be6b-27e07023a829" -- Brg_ID : UNIQUE_ID
);
INSERT INTO ACT_BRB VALUES (
    "cd86ef8f-1ffd-4a9b-839c-88a25ec4dff3", -- Action_ID : UNIQUE_ID
    "a9e838fb-4772-4822-aee6-57f775da6967" -- Brg_ID : UNIQUE_ID
);
INSERT INTO ACT_BRB VALUES (
    "454ea03b-11f6-450d-b68b-fba777744dce", -- Action_ID : UNIQUE_ID
    "c56d3597-5a54-4d78-8914-2dc2594c2af4" -- Brg_ID : UNIQUE_ID
);
INSERT INTO ACT_BRB VALUES (
    "61d8ea41-1575-43c5-8ca8-c8438352cd7e", -- Action_ID : UNIQUE_ID
    "77300edb-b891-4e35-858b-9e8cb6437f19" -- Brg_ID : UNIQUE_ID
);
INSERT INTO ACT_BRB VALUES (
    "e0361db7-bc4a-431e-bc1e-50218c02b523", -- Action_ID : UNIQUE_ID
    "8a08e8b6-4de0-437f-968f-71d65464ceb7" -- Brg_ID : UNIQUE_ID
);
INSERT INTO ACT_BRB VALUES (
    "22aa3671-b0ab-4b51-9b65-209f991bb5e6", -- Action_ID : UNIQUE_ID
    "e6bddfad-112a-4e3d-983c-17cf660f6a1d" -- Brg_ID : UNIQUE_ID
);
INSERT INTO ACT_BRB VALUES (
    "d8702a4c-d2f6-44a1-8649-5bbfa819fde7", -- Action_ID : UNIQUE_ID
    "38a0bf36-f1fa-46ff-9ac5-30980dbf9ba0" -- Brg_ID : UNIQUE_ID
);
INSERT INTO ACT_BRB VALUES (
    "ad9bec7a-9739-470a-ab9b-25e833f08da6", -- Action_ID : UNIQUE_ID
    "2052aeb8-71a4-49e3-864d-b678d3906bed" -- Brg_ID : UNIQUE_ID
);
INSERT INTO ACT_BRB VALUES (
    "a2252a71-7f0f-458d-a714-e402c3857ae2", -- Action_ID : UNIQUE_ID
    "ffe9b4a1-cf2d-46b7-9789-be3f258319ec" -- Brg_ID : UNIQUE_ID
);
INSERT INTO ACT_BRB VALUES (
    "5d13131e-3566-4b26-9cb4-e1664fb80da3", -- Action_ID : UNIQUE_ID
    "cccf7316-ec6f-4823-ade0-eaab3e2435fc" -- Brg_ID : UNIQUE_ID
);
INSERT INTO ACT_BRB VALUES (
    "e3f26c83-02db-4410-a492-2f605316d64e", -- Action_ID : UNIQUE_ID
    "e4d7890a-c0ba-4e92-bb75-a89f7a1deb89" -- Brg_ID : UNIQUE_ID
);
INSERT INTO ACT_BRB VALUES (
    "4e04fc8e-2955-4bea-8114-d12b7dca09f5", -- Action_ID : UNIQUE_ID
    "cd04774e-daca-4924-8bf8-26acb2101a9a" -- Brg_ID : UNIQUE_ID
);
INSERT INTO ACT_BRB VALUES (
    "d7f165af-3f22-49c2-abb5-57a14115ef45", -- Action_ID : UNIQUE_ID
    "f3a7f92c-3c6b-4d36-8f32-849ae8fce50a" -- Brg_ID : UNIQUE_ID
);
INSERT INTO ACT_BRB VALUES (
    "768413ab-1a18-408d-9b93-1c905b5e76a4", -- Action_ID : UNIQUE_ID
    "0b4c485f-017d-40b6-9a7e-57fda5776da4" -- Brg_ID : UNIQUE_ID
);
INSERT INTO ACT_BRB VALUES (
    "e2bb25d8-083f-4250-92af-049baebe0ae0", -- Action_ID : UNIQUE_ID
    "16322409-ab18-4a8a-8189-42924b6ad4c7" -- Brg_ID : UNIQUE_ID
);
INSERT INTO ACT_BRB VALUES (
    "76dc2e32-73fa-4a8a-bccf-08529740ff8c", -- Action_ID : UNIQUE_ID
    "724d498a-672c-4565-ade3-ad23463f9c4e" -- Brg_ID : UNIQUE_ID
);
INSERT INTO ACT_BRB VALUES (
    "0a5aa28e-ca38-4b62-bc90-87b2a747fc56", -- Action_ID : UNIQUE_ID
    "587a5601-85c2-4712-9523-edb532578dab" -- Brg_ID : UNIQUE_ID
);
INSERT INTO ACT_BRB VALUES (
    "cb15db55-ec67-44a1-94dd-3acdf11cbe26", -- Action_ID : UNIQUE_ID
    "a160d621-7f28-44ee-b4d9-59b10ef2e404" -- Brg_ID : UNIQUE_ID
);
INSERT INTO ACT_BRB VALUES (
    "df449828-9257-48f5-9116-08c8283a50bd", -- Action_ID : UNIQUE_ID
    "b2f303f5-6e95-4731-a762-be0c0eb02ca7" -- Brg_ID : UNIQUE_ID
);
INSERT INTO ACT_BRB VALUES (
    "0175cc5c-cbe5-4997-abbf-d2637e6564c4", -- Action_ID : UNIQUE_ID
    "4c84eeef-580a-44c0-99a3-07b6a73452d7" -- Brg_ID : UNIQUE_ID
);
INSERT INTO ACT_BRB VALUES (
    "ea598437-a6bf-49fe-b4e9-c0a116d93a2b", -- Action_ID : UNIQUE_ID
    "552205ca-aa70-45be-9f6c-fed75e322243" -- Brg_ID : UNIQUE_ID
);
INSERT INTO ACT_BRB VALUES (
    "b9c7b4ae-fe2e-444c-933f-c47f9161444d", -- Action_ID : UNIQUE_ID
    "e14dac49-6263-450c-a836-b0d18eb918ce" -- Brg_ID : UNIQUE_ID
);
INSERT INTO ACT_BRB VALUES (
    "3ea62db9-b2f6-49af-a974-95074c0031bd", -- Action_ID : UNIQUE_ID
    "48b8f9dc-e8f2-41f2-9b8e-d6b671643328" -- Brg_ID : UNIQUE_ID
);
INSERT INTO ACT_BRB VALUES (
    "8b6e2397-26fc-470e-bc3c-d6a40481c016", -- Action_ID : UNIQUE_ID
    "029dc98c-3010-43ac-9592-e46b263472fe" -- Brg_ID : UNIQUE_ID
);
INSERT INTO ACT_BRB VALUES (
    "371bc9ee-f199-4753-931e-ece3820aa327", -- Action_ID : UNIQUE_ID
    "1f23e627-377e-4168-a4a2-bda0a5ec42eb" -- Brg_ID : UNIQUE_ID
);
INSERT INTO ACT_BRB VALUES (
    "c3c7e2b5-a895-4974-a5be-e07e6d3fc5ec", -- Action_ID : UNIQUE_ID
    "5f3c759c-6b7b-4ee8-8e47-370fb4a90427" -- Brg_ID : UNIQUE_ID
);
INSERT INTO ACT_BRB VALUES (
    "eaad4997-401f-4ff9-903e-c5edc0b7ce05", -- Action_ID : UNIQUE_ID
    "89d596ad-2792-4523-b93e-7f73d50eaa81" -- Brg_ID : UNIQUE_ID
);
INSERT INTO ACT_BRB VALUES (
    "1f228723-a46a-45ef-9f09-9d964d8ad04e", -- Action_ID : UNIQUE_ID
    "ffa333ae-485c-4095-8a9f-2ea460bbb53f" -- Brg_ID : UNIQUE_ID
);
INSERT INTO ACT_BRB VALUES (
    "123d064c-b114-47dd-9944-10397150db76", -- Action_ID : UNIQUE_ID
    "7336eafe-bf7f-45cf-a139-f0fa44c5400e" -- Brg_ID : UNIQUE_ID
);
INSERT INTO ACT_BRB VALUES (
    "394e6e0b-87b9-463e-8650-d18d5f2f3c02", -- Action_ID : UNIQUE_ID
    "d62c634b-74cc-4271-879d-bb16f8243125" -- Brg_ID : UNIQUE_ID
);
INSERT INTO ACT_BRB VALUES (
    "df909d9f-fd84-4e4a-881c-0a39191dccaf", -- Action_ID : UNIQUE_ID
    "bdfbe284-fdf5-4d84-b868-24a4494b1eed" -- Brg_ID : UNIQUE_ID
);
INSERT INTO ACT_BRB VALUES (
    "472b2dee-6617-4c73-a276-c1782932f0cd", -- Action_ID : UNIQUE_ID
    "98d84f3d-005b-4259-a245-635911bfd6d9" -- Brg_ID : UNIQUE_ID
);
INSERT INTO ACT_BRB VALUES (
    "c107e93f-d12d-4170-af11-1a7d141ab9b7", -- Action_ID : UNIQUE_ID
    "2d05e784-4e68-4ad9-b373-5583b0c79497" -- Brg_ID : UNIQUE_ID
);
INSERT INTO ACT_BRB VALUES (
    "7baa1cad-2633-4a81-b2e9-7c18462254d7", -- Action_ID : UNIQUE_ID
    "7b593108-9200-42f0-86c7-49dfd1e5d704" -- Brg_ID : UNIQUE_ID
);
INSERT INTO ACT_BRB VALUES (
    "e260ed6b-bdf4-4e52-9c2b-c641cbe98c3c", -- Action_ID : UNIQUE_ID
    "c1f05ae4-a5cb-40a3-a774-d2cddaff579b" -- Brg_ID : UNIQUE_ID
);
INSERT INTO ACT_BRB VALUES (
    "b3023b2d-695a-4efc-a4ba-2d6916dca57f", -- Action_ID : UNIQUE_ID
    "cc2b571f-54b2-4585-86b3-d879d5e34b3d" -- Brg_ID : UNIQUE_ID
);
INSERT INTO ACT_BRB VALUES (
    "a88de208-d61e-4e2b-b2d3-2907cf9cc8e2", -- Action_ID : UNIQUE_ID
    "3c5d78ee-496c-451e-bcc7-ad0d222c0e32" -- Brg_ID : UNIQUE_ID
);
INSERT INTO ACT_BRB VALUES (
    "b1687212-130d-4d8a-8c41-83a222a50beb", -- Action_ID : UNIQUE_ID
    "e4340945-3812-4aa8-bc9b-e374d680118b" -- Brg_ID : UNIQUE_ID
);
INSERT INTO ACT_BRB VALUES (
    "994c16c7-4ffd-44d5-8753-874caaa82405", -- Action_ID : UNIQUE_ID
    "5a5d5ceb-29f0-4209-aeba-150fb07052b7" -- Brg_ID : UNIQUE_ID
);
INSERT INTO ACT_BRB VALUES (
    "7e35aeb5-89d5-4483-920a-f835d51758d1", -- Action_ID : UNIQUE_ID
    "5dddfeb2-1f14-4aa5-ad63-8a909e0dec8c" -- Brg_ID : UNIQUE_ID
);
INSERT INTO ACT_BRB VALUES (
    "a64fdcd2-29c6-4cb1-b0ac-09561a250530", -- Action_ID : UNIQUE_ID
    "4d455ec0-5a4f-467f-bd96-0eda52082970" -- Brg_ID : UNIQUE_ID
);
INSERT INTO ACT_BRB VALUES (
    "0959f402-3eca-44ce-ac68-31a85fe2efdc", -- Action_ID : UNIQUE_ID
    "b890cabd-de2c-4828-a8a5-d955fb7d67c4" -- Brg_ID : UNIQUE_ID
);
INSERT INTO ACT_BRB VALUES (
    "1f392382-1601-4ade-b814-d25d9e84ca9b", -- Action_ID : UNIQUE_ID
    "41ba132d-a1d1-4191-a09b-2557dff31e03" -- Brg_ID : UNIQUE_ID
);
INSERT INTO ACT_BRB VALUES (
    "a68ad3cc-3265-48ab-a6e9-9dd993ba4da6", -- Action_ID : UNIQUE_ID
    "9c9ff561-0230-49c6-93a0-97e6e806f171" -- Brg_ID : UNIQUE_ID
);
INSERT INTO ACT_BRB VALUES (
    "745ddcf0-73e8-4cca-ac1c-46be682519ff", -- Action_ID : UNIQUE_ID
    "40eaec44-eb8d-4cae-959a-880b94c28c05" -- Brg_ID : UNIQUE_ID
);
INSERT INTO ACT_BRB VALUES (
    "2568861d-1f1e-445c-95d9-0b6a3567fb5a", -- Action_ID : UNIQUE_ID
    "a024f801-c9ad-4451-9c66-573aa528f182" -- Brg_ID : UNIQUE_ID
);
INSERT INTO ACT_BRB VALUES (
    "c1528d1e-1f28-4f05-be78-ff3a92179980", -- Action_ID : UNIQUE_ID
    "a83f64fc-8677-4fde-aa38-99aab40c8d1a" -- Brg_ID : UNIQUE_ID
);
INSERT INTO ACT_BRB VALUES (
    "67c382a3-7d19-4688-992e-df8f5c838a25", -- Action_ID : UNIQUE_ID
    "025ceff5-1023-427c-bbb0-750a3f4e97dc" -- Brg_ID : UNIQUE_ID
);
INSERT INTO ACT_BRB VALUES (
    "9ac9e2b5-03da-4d27-a809-a1de46b7c45a", -- Action_ID : UNIQUE_ID
    "f7a1de23-2e31-4e8a-988b-ace95920d6c0" -- Brg_ID : UNIQUE_ID
);
INSERT INTO ACT_BRB VALUES (
    "19335544-a422-4aec-aa0b-f27f88cc1c7f", -- Action_ID : UNIQUE_ID
    "56d78985-bd88-4f57-97f5-3a8479d36a75" -- Brg_ID : UNIQUE_ID
);
INSERT INTO ACT_BRB VALUES (
    "7d59aea7-80b4-4ace-a108-fa868fd6c8dd", -- Action_ID : UNIQUE_ID
    "ad4f1248-1786-4a6c-9f24-575f1b7d5401" -- Brg_ID : UNIQUE_ID
);
INSERT INTO ACT_BRB VALUES (
    "f69e8884-fd52-4eb7-b2ea-276d77de052f", -- Action_ID : UNIQUE_ID
    "387a0ac8-5355-48ef-a355-2676c1a68ecb" -- Brg_ID : UNIQUE_ID
);
INSERT INTO ACT_BRB VALUES (
    "4ed4204a-a0a5-4297-89ab-801491b3c783", -- Action_ID : UNIQUE_ID
    "a4310342-37b4-4aa7-825b-a056e08718c5" -- Brg_ID : UNIQUE_ID
);
INSERT INTO ACT_BRB VALUES (
    "dd410a47-1c96-4c2e-a9e7-7f69ea3ff8d4", -- Action_ID : UNIQUE_ID
    "3f74c1fa-616b-4b2a-aa3b-491d0b671973" -- Brg_ID : UNIQUE_ID
);
INSERT INTO ACT_BRB VALUES (
    "4d52c46c-a556-48b3-a556-c95a79083046", -- Action_ID : UNIQUE_ID
    "62c9655c-04ce-4730-add9-3f1212865a27" -- Brg_ID : UNIQUE_ID
);
INSERT INTO ACT_BRB VALUES (
    "e4ba421b-7a63-471d-be2f-0e2fbc34868e", -- Action_ID : UNIQUE_ID
    "c7c7b56a-16b4-47d8-a682-c148ba0ff869" -- Brg_ID : UNIQUE_ID
);
INSERT INTO ACT_BRB VALUES (
    "dd4264d1-920b-460c-812b-30d56a041dac", -- Action_ID : UNIQUE_ID
    "bdc9cf61-1955-40c9-9744-9b3004874cc6" -- Brg_ID : UNIQUE_ID
);
INSERT INTO ACT_BRB VALUES (
    "743bb9c9-24a5-4cdf-bedc-0699d77202bf", -- Action_ID : UNIQUE_ID
    "5bd13bba-debc-4b14-b39f-b6d284c5b08d" -- Brg_ID : UNIQUE_ID
);
INSERT INTO ACT_BRG VALUES (
    "5e8bc170-bcf5-429c-8fbb-22a6b5e9e6ac", -- Statement_ID : UNIQUE_ID
    "af615ef3-56dd-40b1-be6b-27e07023a829", -- Brg_ID : UNIQUE_ID
    0, -- bridgeNameLineNumber : INTEGER
    0, -- bridgeNameColumn : INTEGER
    0, -- externalEntityKeyLettersLineNumber : INTEGER
    0 -- externalEntityKeyLettersColumn : INTEGER
);
INSERT INTO ACT_BRG VALUES (
    "ac29aea1-de82-436f-a68c-fe51b792c94e", -- Statement_ID : UNIQUE_ID
    "af615ef3-56dd-40b1-be6b-27e07023a829", -- Brg_ID : UNIQUE_ID
    0, -- bridgeNameLineNumber : INTEGER
    0, -- bridgeNameColumn : INTEGER
    0, -- externalEntityKeyLettersLineNumber : INTEGER
    0 -- externalEntityKeyLettersColumn : INTEGER
);
INSERT INTO ACT_BRG VALUES (
    "e6aac201-284e-44f4-83b3-30e1cfe53125", -- Statement_ID : UNIQUE_ID
    "af615ef3-56dd-40b1-be6b-27e07023a829", -- Brg_ID : UNIQUE_ID
    0, -- bridgeNameLineNumber : INTEGER
    0, -- bridgeNameColumn : INTEGER
    0, -- externalEntityKeyLettersLineNumber : INTEGER
    0 -- externalEntityKeyLettersColumn : INTEGER
);
INSERT INTO ACT_BRG VALUES (
    "afcdfcc4-1b9b-4f16-af45-2195eddfefbf", -- Statement_ID : UNIQUE_ID
    "af615ef3-56dd-40b1-be6b-27e07023a829", -- Brg_ID : UNIQUE_ID
    0, -- bridgeNameLineNumber : INTEGER
    0, -- bridgeNameColumn : INTEGER
    0, -- externalEntityKeyLettersLineNumber : INTEGER
    0 -- externalEntityKeyLettersColumn : INTEGER
);
INSERT INTO ACT_CR VALUES (
    "7a888631-4de7-4e42-ab3e-59d3d77c1d69", -- Statement_ID : UNIQUE_ID
    "c78bb4db-70c9-4ea2-bdbc-a898a3c65ba6", -- Var_ID : UNIQUE_ID
    1, -- is_implicit : BOOLEAN
    "d8528470-976c-421b-a087-1201ac24302f", -- Obj_ID : UNIQUE_ID
    0, -- modelClassKeyLettersLineNumber : INTEGER
    0 -- modelClassKeyLettersColumn : INTEGER
);
INSERT INTO ACT_E VALUES (
    "2fcf66f7-e0cf-4455-b8d7-515e134e8be5", -- Statement_ID : UNIQUE_ID
    "2eed1624-54db-4b44-a375-afc7ac1f5531", -- Block_ID : UNIQUE_ID
    "edda63eb-68d2-4116-9309-c809a3eabb6f" -- If_Statement_ID : UNIQUE_ID
);
INSERT INTO ACT_E VALUES (
    "488cf7a8-18f4-4a52-9af0-d2a956f3c829", -- Statement_ID : UNIQUE_ID
    "2cc2ef70-5742-40dc-bad4-037415d2ea96", -- Block_ID : UNIQUE_ID
    "d115fd7f-1316-4c5b-911b-66b555c1f729" -- If_Statement_ID : UNIQUE_ID
);
INSERT INTO ACT_FIW VALUES (
    "b1c925f8-4867-42db-8b2c-79af3d2d1ca5", -- Statement_ID : UNIQUE_ID
    "2dda0efd-16ef-46d7-8785-fa676f30a3e2", -- Var_ID : UNIQUE_ID
    1, -- is_implicit : BOOLEAN
    'any', -- cardinality : STRING
    "bcddf177-7399-4a57-9d08-ea735aa1f6a5", -- Where_Clause_Value_ID : UNIQUE_ID
    "d8528470-976c-421b-a087-1201ac24302f", -- Obj_ID : UNIQUE_ID
    0, -- extentLineNumber : INTEGER
    0 -- extentColumn : INTEGER
);
INSERT INTO ACT_FIW VALUES (
    "57d1198e-bb7d-4315-a277-3f9dbdea12d7", -- Statement_ID : UNIQUE_ID
    "3d480eaa-c5e8-46d2-8722-9399592fac19", -- Var_ID : UNIQUE_ID
    1, -- is_implicit : BOOLEAN
    'any', -- cardinality : STRING
    "a484ddce-ec02-408d-98ed-cae2f3e19c16", -- Where_Clause_Value_ID : UNIQUE_ID
    "d8528470-976c-421b-a087-1201ac24302f", -- Obj_ID : UNIQUE_ID
    0, -- extentLineNumber : INTEGER
    0 -- extentColumn : INTEGER
);
INSERT INTO ACT_FNB VALUES (
    "a49340d1-99a8-4d89-b2a9-b890da23d31c", -- Action_ID : UNIQUE_ID
    "8e6515f0-ca9a-424d-b35b-60f69ec5dcc5" -- Sync_ID : UNIQUE_ID
);
INSERT INTO ACT_IF VALUES (
    "edda63eb-68d2-4116-9309-c809a3eabb6f", -- Statement_ID : UNIQUE_ID
    "bbe95ae4-c01f-493a-9d4f-9ae730927460", -- Block_ID : UNIQUE_ID
    "e5190a09-a759-4a33-a15f-9a40f160af88", -- Value_ID : UNIQUE_ID
    "00000000-0000-0000-0000-000000000000", -- Elif_Statement_ID : UNIQUE_ID
    "00000000-0000-0000-0000-000000000000" -- Else_Statement_ID : UNIQUE_ID
);
INSERT INTO ACT_IF VALUES (
    "d115fd7f-1316-4c5b-911b-66b555c1f729", -- Statement_ID : UNIQUE_ID
    "0f284924-b90c-4593-864a-b87c500b237c", -- Block_ID : UNIQUE_ID
    "d72562b9-338d-4404-9eff-7fb26bb0fa4b", -- Value_ID : UNIQUE_ID
    "00000000-0000-0000-0000-000000000000", -- Elif_Statement_ID : UNIQUE_ID
    "00000000-0000-0000-0000-000000000000" -- Else_Statement_ID : UNIQUE_ID
);
INSERT INTO ACT_OPB VALUES (
    "0d1530ef-61e0-4f1d-85a1-3ea931d18d82", -- Action_ID : UNIQUE_ID
    "8e2fc2d9-473c-4746-95ee-a6559c3b4230" -- Tfr_ID : UNIQUE_ID
);
INSERT INTO ACT_PSB VALUES (
    "c45945ea-3e4e-4ee8-ae2a-ddd2b946568e", -- Action_ID : UNIQUE_ID
    "7582ba79-c063-4631-bcbe-dde14b231908" -- Id : UNIQUE_ID
);
INSERT INTO ACT_PSB VALUES (
    "219091dc-a4b9-455a-8651-86a9832aeea6", -- Action_ID : UNIQUE_ID
    "fd447b6f-5a17-4d1f-8f3d-080eeeb6d3b5" -- Id : UNIQUE_ID
);
INSERT INTO ACT_PSB VALUES (
    "0a0b1c82-ac98-48e3-adfb-3526899a5f05", -- Action_ID : UNIQUE_ID
    "8e12193a-4915-4e0c-8044-11c6b3eaf358" -- Id : UNIQUE_ID
);
INSERT INTO ACT_RET VALUES (
    "52acb0cc-5e35-402c-8b9e-fcfbab147437", -- Statement_ID : UNIQUE_ID
    "fdc0624b-81d7-451f-aa3b-ba587b25a9d8" -- Value_ID : UNIQUE_ID
);
INSERT INTO ACT_RET VALUES (
    "a2467f7d-3856-4615-8f86-90c8556f3c68", -- Statement_ID : UNIQUE_ID
    "5e54c5f7-50a7-4666-9bec-d4927d976cbd" -- Value_ID : UNIQUE_ID
);
INSERT INTO ACT_RET VALUES (
    "6856f1fc-8f70-495e-b823-4517ef3571b5", -- Statement_ID : UNIQUE_ID
    "62d3b9e4-8c9f-4ef3-8aac-2f33dbb9cc35" -- Value_ID : UNIQUE_ID
);
INSERT INTO ACT_RET VALUES (
    "2812d10d-1b5b-4e59-b600-ac34bd6155fb", -- Statement_ID : UNIQUE_ID
    "bd4d2c13-800d-43e3-90b1-00eea795a71d" -- Value_ID : UNIQUE_ID
);
INSERT INTO ACT_RSB VALUES (
    "399cba98-2f08-4d16-a950-ac0a3b5ded76", -- Action_ID : UNIQUE_ID
    "4e8357dc-6003-4dae-b1c1-6f406f5216d6" -- Id : UNIQUE_ID
);
INSERT INTO ACT_RSB VALUES (
    "b0029b84-f781-487b-bff7-3fd5fe556ca4", -- Action_ID : UNIQUE_ID
    "62adeee1-7ea3-43cd-a822-47447631b0f8" -- Id : UNIQUE_ID
);
INSERT INTO ACT_RSB VALUES (
    "b32470d5-e748-4f59-99a9-393868f87444", -- Action_ID : UNIQUE_ID
    "3c887575-84ca-40f7-8c2b-fb4a9c9c2d37" -- Id : UNIQUE_ID
);
INSERT INTO ACT_SAB VALUES (
    "a3be3fed-03c7-40b3-9d22-379d1f09f6f4", -- Action_ID : UNIQUE_ID
    "7b5f90bd-656f-4bc9-83bf-771ed45973b0", -- SM_ID : UNIQUE_ID
    "2453e957-c72c-4ed6-a1bc-d234c403269c" -- Act_ID : UNIQUE_ID
);
INSERT INTO ACT_SAB VALUES (
    "aeb2a871-9865-4bac-92a9-fea30da57e7a", -- Action_ID : UNIQUE_ID
    "7b5f90bd-656f-4bc9-83bf-771ed45973b0", -- SM_ID : UNIQUE_ID
    "afb84c0b-8b92-481f-b009-4ac610325ad2" -- Act_ID : UNIQUE_ID
);
INSERT INTO ACT_SGN VALUES (
    "ae310147-f330-4c3b-9daa-95c0c11fc95e", -- Statement_ID : UNIQUE_ID
    0, -- sigNameLineNumber : INTEGER
    0, -- sigNameColumn : INTEGER
    0, -- ownerNameLineNumber : INTEGER
    0, -- ownerNameColumn : INTEGER
    "fd447b6f-5a17-4d1f-8f3d-080eeeb6d3b5", -- ProvidedSig_Id : UNIQUE_ID
    "00000000-0000-0000-0000-000000000000", -- RequiredSig_Id : UNIQUE_ID
    "00000000-0000-0000-0000-000000000000" -- Value_ID : UNIQUE_ID
);
INSERT INTO ACT_SGN VALUES (
    "70f8252c-3171-4ca0-86ab-2977d5e1ae63", -- Statement_ID : UNIQUE_ID
    0, -- sigNameLineNumber : INTEGER
    0, -- sigNameColumn : INTEGER
    0, -- ownerNameLineNumber : INTEGER
    0, -- ownerNameColumn : INTEGER
    "fd447b6f-5a17-4d1f-8f3d-080eeeb6d3b5", -- ProvidedSig_Id : UNIQUE_ID
    "00000000-0000-0000-0000-000000000000", -- RequiredSig_Id : UNIQUE_ID
    "00000000-0000-0000-0000-000000000000" -- Value_ID : UNIQUE_ID
);
INSERT INTO ACT_SGN VALUES (
    "f0bc3f11-fe8f-4fe2-904d-b7e24640785c", -- Statement_ID : UNIQUE_ID
    0, -- sigNameLineNumber : INTEGER
    0, -- sigNameColumn : INTEGER
    0, -- ownerNameLineNumber : INTEGER
    0, -- ownerNameColumn : INTEGER
    "fd447b6f-5a17-4d1f-8f3d-080eeeb6d3b5", -- ProvidedSig_Id : UNIQUE_ID
    "00000000-0000-0000-0000-000000000000", -- RequiredSig_Id : UNIQUE_ID
    "00000000-0000-0000-0000-000000000000" -- Value_ID : UNIQUE_ID
);
INSERT INTO ACT_SGN VALUES (
    "1c2187cf-035b-4e3f-995f-cf7d2b74883a", -- Statement_ID : UNIQUE_ID
    0, -- sigNameLineNumber : INTEGER
    0, -- sigNameColumn : INTEGER
    0, -- ownerNameLineNumber : INTEGER
    0, -- ownerNameColumn : INTEGER
    "fd447b6f-5a17-4d1f-8f3d-080eeeb6d3b5", -- ProvidedSig_Id : UNIQUE_ID
    "00000000-0000-0000-0000-000000000000", -- RequiredSig_Id : UNIQUE_ID
    "00000000-0000-0000-0000-000000000000" -- Value_ID : UNIQUE_ID
);
INSERT INTO ACT_SMT VALUES (
    "e02bdcef-0424-498b-9538-cdbe35f3dc1f", -- Statement_ID : UNIQUE_ID
    "d151754c-5697-4797-9f41-1fc5eb06fddf", -- Block_ID : UNIQUE_ID
    "b28519c2-cfe7-4862-aab2-80210418c7fc", -- Previous_Statement_ID : UNIQUE_ID
    1, -- LineNumber : INTEGER
    1, -- StartPosition : INTEGER
    'mapping[9]="9"' -- Label : STRING
);
INSERT INTO ACT_SMT VALUES (
    "b28519c2-cfe7-4862-aab2-80210418c7fc", -- Statement_ID : UNIQUE_ID
    "d151754c-5697-4797-9f41-1fc5eb06fddf", -- Block_ID : UNIQUE_ID
    "2c6270b6-6198-40a0-b988-8a56ba5b8356", -- Previous_Statement_ID : UNIQUE_ID
    1, -- LineNumber : INTEGER
    17, -- StartPosition : INTEGER
    'mapping[8]="8"' -- Label : STRING
);
INSERT INTO ACT_SMT VALUES (
    "2c6270b6-6198-40a0-b988-8a56ba5b8356", -- Statement_ID : UNIQUE_ID
    "d151754c-5697-4797-9f41-1fc5eb06fddf", -- Block_ID : UNIQUE_ID
    "8aa5d28f-e068-47c6-9477-3274715fe3af", -- Previous_Statement_ID : UNIQUE_ID
    1, -- LineNumber : INTEGER
    33, -- StartPosition : INTEGER
    'mapping[7]="7"' -- Label : STRING
);
INSERT INTO ACT_SMT VALUES (
    "8aa5d28f-e068-47c6-9477-3274715fe3af", -- Statement_ID : UNIQUE_ID
    "d151754c-5697-4797-9f41-1fc5eb06fddf", -- Block_ID : UNIQUE_ID
    "93fb84af-3715-4203-9148-670ca8c9ebbc", -- Previous_Statement_ID : UNIQUE_ID
    1, -- LineNumber : INTEGER
    49, -- StartPosition : INTEGER
    'mapping[6]="6"' -- Label : STRING
);
INSERT INTO ACT_SMT VALUES (
    "93fb84af-3715-4203-9148-670ca8c9ebbc", -- Statement_ID : UNIQUE_ID
    "d151754c-5697-4797-9f41-1fc5eb06fddf", -- Block_ID : UNIQUE_ID
    "61c03216-e47a-4feb-9242-ba3edcbcb295", -- Previous_Statement_ID : UNIQUE_ID
    1, -- LineNumber : INTEGER
    65, -- StartPosition : INTEGER
    'mapping[5]="5"' -- Label : STRING
);
INSERT INTO ACT_SMT VALUES (
    "61c03216-e47a-4feb-9242-ba3edcbcb295", -- Statement_ID : UNIQUE_ID
    "d151754c-5697-4797-9f41-1fc5eb06fddf", -- Block_ID : UNIQUE_ID
    "02902645-896a-44e5-82d5-6df4fe4ba16d", -- Previous_Statement_ID : UNIQUE_ID
    2, -- LineNumber : INTEGER
    1, -- StartPosition : INTEGER
    'mapping[4]="4"' -- Label : STRING
);
INSERT INTO ACT_SMT VALUES (
    "02902645-896a-44e5-82d5-6df4fe4ba16d", -- Statement_ID : UNIQUE_ID
    "d151754c-5697-4797-9f41-1fc5eb06fddf", -- Block_ID : UNIQUE_ID
    "506e8a81-525f-4794-9ebb-4eb95275ddc9", -- Previous_Statement_ID : UNIQUE_ID
    2, -- LineNumber : INTEGER
    17, -- StartPosition : INTEGER
    'mapping[3]="3"' -- Label : STRING
);
INSERT INTO ACT_SMT VALUES (
    "506e8a81-525f-4794-9ebb-4eb95275ddc9", -- Statement_ID : UNIQUE_ID
    "d151754c-5697-4797-9f41-1fc5eb06fddf", -- Block_ID : UNIQUE_ID
    "7fb6b490-840b-4e35-9b3e-05c5eb40f54c", -- Previous_Statement_ID : UNIQUE_ID
    2, -- LineNumber : INTEGER
    33, -- StartPosition : INTEGER
    'mapping[2]="2"' -- Label : STRING
);
INSERT INTO ACT_SMT VALUES (
    "7fb6b490-840b-4e35-9b3e-05c5eb40f54c", -- Statement_ID : UNIQUE_ID
    "d151754c-5697-4797-9f41-1fc5eb06fddf", -- Block_ID : UNIQUE_ID
    "208866ba-58cb-47ff-8d4d-0d48b40603e2", -- Previous_Statement_ID : UNIQUE_ID
    2, -- LineNumber : INTEGER
    49, -- StartPosition : INTEGER
    'mapping[1]="1"' -- Label : STRING
);
INSERT INTO ACT_SMT VALUES (
    "208866ba-58cb-47ff-8d4d-0d48b40603e2", -- Statement_ID : UNIQUE_ID
    "d151754c-5697-4797-9f41-1fc5eb06fddf", -- Block_ID : UNIQUE_ID
    "4deb1e63-1b06-43bd-acee-c30bd3231167", -- Previous_Statement_ID : UNIQUE_ID
    2, -- LineNumber : INTEGER
    65, -- StartPosition : INTEGER
    'mapping[0]="0"' -- Label : STRING
);
INSERT INTO ACT_SMT VALUES (
    "4deb1e63-1b06-43bd-acee-c30bd3231167", -- Statement_ID : UNIQUE_ID
    "d151754c-5697-4797-9f41-1fc5eb06fddf", -- Block_ID : UNIQUE_ID
    "159efd17-88c8-47c6-9a54-588ecd95cecb", -- Previous_Statement_ID : UNIQUE_ID
    4, -- LineNumber : INTEGER
    1, -- StartPosition : INTEGER
    'i = param.i' -- Label : STRING
);
INSERT INTO ACT_SMT VALUES (
    "159efd17-88c8-47c6-9a54-588ecd95cecb", -- Statement_ID : UNIQUE_ID
    "d151754c-5697-4797-9f41-1fc5eb06fddf", -- Block_ID : UNIQUE_ID
    "36dcf162-ea82-4b63-9097-f475ce97250f", -- Previous_Statement_ID : UNIQUE_ID
    4, -- LineNumber : INTEGER
    14, -- StartPosition : INTEGER
    's = ""' -- Label : STRING
);
INSERT INTO ACT_SMT VALUES (
    "36dcf162-ea82-4b63-9097-f475ce97250f", -- Statement_ID : UNIQUE_ID
    "d151754c-5697-4797-9f41-1fc5eb06fddf", -- Block_ID : UNIQUE_ID
    "52acb0cc-5e35-402c-8b9e-fcfbab147437", -- Previous_Statement_ID : UNIQUE_ID
    5, -- LineNumber : INTEGER
    1, -- StartPosition : INTEGER
    'while ( i >= 1 )
  d = i % 10;
  i = i / 10;
  s = mapping[ d ] + s;
end while' -- Label : STRING
);
INSERT INTO ACT_SMT VALUES (
    "9276ffee-ddb6-4846-bb08-ea70bf7ca9de", -- Statement_ID : UNIQUE_ID
    "96026f7b-cbee-4ec8-8329-9edb5c09e626", -- Block_ID : UNIQUE_ID
    "c77bf375-d52b-4509-bd0b-0a355468c162", -- Previous_Statement_ID : UNIQUE_ID
    6, -- LineNumber : INTEGER
    3, -- StartPosition : INTEGER
    'd = i % 10' -- Label : STRING
);
INSERT INTO ACT_SMT VALUES (
    "c77bf375-d52b-4509-bd0b-0a355468c162", -- Statement_ID : UNIQUE_ID
    "96026f7b-cbee-4ec8-8329-9edb5c09e626", -- Block_ID : UNIQUE_ID
    "8de56414-8a65-4445-a389-cec5f04dbecb", -- Previous_Statement_ID : UNIQUE_ID
    7, -- LineNumber : INTEGER
    3, -- StartPosition : INTEGER
    'i = i / 10' -- Label : STRING
);
INSERT INTO ACT_SMT VALUES (
    "8de56414-8a65-4445-a389-cec5f04dbecb", -- Statement_ID : UNIQUE_ID
    "96026f7b-cbee-4ec8-8329-9edb5c09e626", -- Block_ID : UNIQUE_ID
    "00000000-0000-0000-0000-000000000000", -- Previous_Statement_ID : UNIQUE_ID
    8, -- LineNumber : INTEGER
    3, -- StartPosition : INTEGER
    's = mapping[ d ] + s' -- Label : STRING
);
INSERT INTO ACT_SMT VALUES (
    "52acb0cc-5e35-402c-8b9e-fcfbab147437", -- Statement_ID : UNIQUE_ID
    "d151754c-5697-4797-9f41-1fc5eb06fddf", -- Block_ID : UNIQUE_ID
    "00000000-0000-0000-0000-000000000000", -- Previous_Statement_ID : UNIQUE_ID
    11, -- LineNumber : INTEGER
    1, -- StartPosition : INTEGER
    'return s' -- Label : STRING
);
INSERT INTO ACT_SMT VALUES (
    "a2467f7d-3856-4615-8f86-90c8556f3c68", -- Statement_ID : UNIQUE_ID
    "7060156d-7151-40d6-a9da-24c06bb7f5b8", -- Block_ID : UNIQUE_ID
    "00000000-0000-0000-0000-000000000000", -- Previous_Statement_ID : UNIQUE_ID
    1, -- LineNumber : INTEGER
    1, -- StartPosition : INTEGER
    'return 0' -- Label : STRING
);
INSERT INTO ACT_SMT VALUES (
    "6856f1fc-8f70-495e-b823-4517ef3571b5", -- Statement_ID : UNIQUE_ID
    "f0691d71-70c4-457f-951b-67e3cfb50df7", -- Block_ID : UNIQUE_ID
    "00000000-0000-0000-0000-000000000000", -- Previous_Statement_ID : UNIQUE_ID
    1, -- LineNumber : INTEGER
    1, -- StartPosition : INTEGER
    'return true' -- Label : STRING
);
INSERT INTO ACT_SMT VALUES (
    "2812d10d-1b5b-4e59-b600-ac34bd6155fb", -- Statement_ID : UNIQUE_ID
    "1f933886-7060-4a4a-b1ec-7d7aebe4be43", -- Block_ID : UNIQUE_ID
    "00000000-0000-0000-0000-000000000000", -- Previous_Statement_ID : UNIQUE_ID
    1, -- LineNumber : INTEGER
    1, -- StartPosition : INTEGER
    'return true' -- Label : STRING
);
INSERT INTO ACT_SMT VALUES (
    "d454df35-2b63-470d-972d-bcd1fded0159", -- Statement_ID : UNIQUE_ID
    "9025447a-1354-4e4b-a511-dea16a9d3abc", -- Block_ID : UNIQUE_ID
    "93805c50-bb07-4348-a602-9f6e147152a5", -- Previous_Statement_ID : UNIQUE_ID
    2, -- LineNumber : INTEGER
    2, -- StartPosition : INTEGER
    'FName =rcvd_evt.FName' -- Label : STRING
);
INSERT INTO ACT_SMT VALUES (
    "93805c50-bb07-4348-a602-9f6e147152a5", -- Statement_ID : UNIQUE_ID
    "9025447a-1354-4e4b-a511-dea16a9d3abc", -- Block_ID : UNIQUE_ID
    "b63f70fa-ef77-4a6c-9d02-7cabf6c2e667", -- Previous_Statement_ID : UNIQUE_ID
    3, -- LineNumber : INTEGER
    2, -- StartPosition : INTEGER
    'LName = rcvd_evt.LName' -- Label : STRING
);
INSERT INTO ACT_SMT VALUES (
    "b63f70fa-ef77-4a6c-9d02-7cabf6c2e667", -- Statement_ID : UNIQUE_ID
    "9025447a-1354-4e4b-a511-dea16a9d3abc", -- Block_ID : UNIQUE_ID
    "d087a64c-6496-4e77-8266-48fdf93256d3", -- Previous_Statement_ID : UNIQUE_ID
    4, -- LineNumber : INTEGER
    2, -- StartPosition : INTEGER
    'National_ID = rcvd_evt.National_ID' -- Label : STRING
);
INSERT INTO ACT_SMT VALUES (
    "d087a64c-6496-4e77-8266-48fdf93256d3", -- Statement_ID : UNIQUE_ID
    "9025447a-1354-4e4b-a511-dea16a9d3abc", -- Block_ID : UNIQUE_ID
    "5e8bc170-bcf5-429c-8fbb-22a6b5e9e6ac", -- Previous_Statement_ID : UNIQUE_ID
    5, -- LineNumber : INTEGER
    2, -- StartPosition : INTEGER
    'Birth_Date = rcvd_evt.Birth_Date' -- Label : STRING
);
INSERT INTO ACT_SMT VALUES (
    "5e8bc170-bcf5-429c-8fbb-22a6b5e9e6ac", -- Statement_ID : UNIQUE_ID
    "9025447a-1354-4e4b-a511-dea16a9d3abc", -- Block_ID : UNIQUE_ID
    "00000000-0000-0000-0000-000000000000", -- Previous_Statement_ID : UNIQUE_ID
    7, -- LineNumber : INTEGER
    1, -- StartPosition : INTEGER
    'LOG::LogInfo( message:"A new employee is added to the system:"+ FName + LName)' -- Label : STRING
);
INSERT INTO ACT_SMT VALUES (
    "abac7750-3c41-4d4f-8091-aed8eb72c816", -- Statement_ID : UNIQUE_ID
    "2e4b0ba3-76bc-475d-a336-2c5597930684", -- Block_ID : UNIQUE_ID
    "ac29aea1-de82-436f-a68c-fe51b792c94e", -- Previous_Statement_ID : UNIQUE_ID
    2, -- LineNumber : INTEGER
    1, -- StartPosition : INTEGER
    'Start_Date = TIM::current_date()' -- Label : STRING
);
INSERT INTO ACT_SMT VALUES (
    "ac29aea1-de82-436f-a68c-fe51b792c94e", -- Statement_ID : UNIQUE_ID
    "2e4b0ba3-76bc-475d-a336-2c5597930684", -- Block_ID : UNIQUE_ID
    "00000000-0000-0000-0000-000000000000", -- Previous_Statement_ID : UNIQUE_ID
    3, -- LineNumber : INTEGER
    1, -- StartPosition : INTEGER
    'LOG::LogInfo( message:"New employee has commenced" )' -- Label : STRING
);
INSERT INTO ACT_SMT VALUES (
    "b1c925f8-4867-42db-8b2c-79af3d2d1ca5", -- Statement_ID : UNIQUE_ID
    "91adc69c-9c65-4fdf-9355-acb105d45fcf", -- Block_ID : UNIQUE_ID
    "edda63eb-68d2-4116-9309-c809a3eabb6f", -- Previous_Statement_ID : UNIQUE_ID
    2, -- LineNumber : INTEGER
    1, -- StartPosition : INTEGER
    'select any employee from instances of Employee where selected.FName==param.FName and selected.LName==param.LName and selected.National_ID==param.National_ID' -- Label : STRING
);
INSERT INTO ACT_SMT VALUES (
    "edda63eb-68d2-4116-9309-c809a3eabb6f", -- Statement_ID : UNIQUE_ID
    "91adc69c-9c65-4fdf-9355-acb105d45fcf", -- Block_ID : UNIQUE_ID
    "00000000-0000-0000-0000-000000000000", -- Previous_Statement_ID : UNIQUE_ID
    3, -- LineNumber : INTEGER
    1, -- StartPosition : INTEGER
    'if ( empty employee )
	create object instance repeater of Employee;
	generate Employee1:newEmployeeRcvd(FName:param.FName, LName:param.LName, National_ID:param.National_ID, Birth_Date:param.Birth_Date) to employee;
	UI::Reply( msg:"Employee added successfully.", state:True);
else 
	LOG::LogInfo(message:"Employee already exists!" );	
	UI::Reply( msg:"Employee already exists", state:False);
end if' -- Label : STRING
);
INSERT INTO ACT_SMT VALUES (
    "7a888631-4de7-4e42-ab3e-59d3d77c1d69", -- Statement_ID : UNIQUE_ID
    "bbe95ae4-c01f-493a-9d4f-9ae730927460", -- Block_ID : UNIQUE_ID
    "c147ac63-ef64-42dd-8b4d-b7dd8d911b48", -- Previous_Statement_ID : UNIQUE_ID
    4, -- LineNumber : INTEGER
    2, -- StartPosition : INTEGER
    'create object instance repeater of Employee' -- Label : STRING
);
INSERT INTO ACT_SMT VALUES (
    "c147ac63-ef64-42dd-8b4d-b7dd8d911b48", -- Statement_ID : UNIQUE_ID
    "bbe95ae4-c01f-493a-9d4f-9ae730927460", -- Block_ID : UNIQUE_ID
    "ae310147-f330-4c3b-9daa-95c0c11fc95e", -- Previous_Statement_ID : UNIQUE_ID
    5, -- LineNumber : INTEGER
    2, -- StartPosition : INTEGER
    'generate Employee1:newEmployeeRcvd(FName:param.FName, LName:param.LName, National_ID:param.National_ID, Birth_Date:param.Birth_Date) to employee' -- Label : STRING
);
INSERT INTO ACT_SMT VALUES (
    "ae310147-f330-4c3b-9daa-95c0c11fc95e", -- Statement_ID : UNIQUE_ID
    "bbe95ae4-c01f-493a-9d4f-9ae730927460", -- Block_ID : UNIQUE_ID
    "00000000-0000-0000-0000-000000000000", -- Previous_Statement_ID : UNIQUE_ID
    6, -- LineNumber : INTEGER
    2, -- StartPosition : INTEGER
    'UI::Reply( msg:"Employee added successfully.", state:True)' -- Label : STRING
);
INSERT INTO ACT_SMT VALUES (
    "2fcf66f7-e0cf-4455-b8d7-515e134e8be5", -- Statement_ID : UNIQUE_ID
    "91adc69c-9c65-4fdf-9355-acb105d45fcf", -- Block_ID : UNIQUE_ID
    "00000000-0000-0000-0000-000000000000", -- Previous_Statement_ID : UNIQUE_ID
    7, -- LineNumber : INTEGER
    1, -- StartPosition : INTEGER
    'else 
	LOG::LogInfo(message:"Employee already exists!" );	
	UI::Reply( msg:"Employee already exists", state:False);' -- Label : STRING
);
INSERT INTO ACT_SMT VALUES (
    "e6aac201-284e-44f4-83b3-30e1cfe53125", -- Statement_ID : UNIQUE_ID
    "2eed1624-54db-4b44-a375-afc7ac1f5531", -- Block_ID : UNIQUE_ID
    "70f8252c-3171-4ca0-86ab-2977d5e1ae63", -- Previous_Statement_ID : UNIQUE_ID
    8, -- LineNumber : INTEGER
    2, -- StartPosition : INTEGER
    'LOG::LogInfo(message:"Employee already exists!" )' -- Label : STRING
);
INSERT INTO ACT_SMT VALUES (
    "70f8252c-3171-4ca0-86ab-2977d5e1ae63", -- Statement_ID : UNIQUE_ID
    "2eed1624-54db-4b44-a375-afc7ac1f5531", -- Block_ID : UNIQUE_ID
    "00000000-0000-0000-0000-000000000000", -- Previous_Statement_ID : UNIQUE_ID
    9, -- LineNumber : INTEGER
    2, -- StartPosition : INTEGER
    'UI::Reply( msg:"Employee already exists", state:False)' -- Label : STRING
);
INSERT INTO ACT_SMT VALUES (
    "57d1198e-bb7d-4315-a277-3f9dbdea12d7", -- Statement_ID : UNIQUE_ID
    "862bd10c-f0b6-4ab5-842e-e82fb030e433", -- Block_ID : UNIQUE_ID
    "d115fd7f-1316-4c5b-911b-66b555c1f729", -- Previous_Statement_ID : UNIQUE_ID
    2, -- LineNumber : INTEGER
    1, -- StartPosition : INTEGER
    'select any employee from instances of Employee where selected.National_ID==param.National_ID' -- Label : STRING
);
INSERT INTO ACT_SMT VALUES (
    "d115fd7f-1316-4c5b-911b-66b555c1f729", -- Statement_ID : UNIQUE_ID
    "862bd10c-f0b6-4ab5-842e-e82fb030e433", -- Block_ID : UNIQUE_ID
    "00000000-0000-0000-0000-000000000000", -- Previous_Statement_ID : UNIQUE_ID
    3, -- LineNumber : INTEGER
    1, -- StartPosition : INTEGER
    'if ( not empty employee )
	generate Employee2:commencedRcvd(date:param.date) to employee;
	UI::Reply( msg:"Employee has commenced ", state:True);

else 
	LOG::LogInfo(message:"Employee is not registered!" );
	UI::Reply( msg:"Employee is not found.", state:False);
end if' -- Label : STRING
);
INSERT INTO ACT_SMT VALUES (
    "766fb63c-7add-4853-9707-fb10636a84cb", -- Statement_ID : UNIQUE_ID
    "0f284924-b90c-4593-864a-b87c500b237c", -- Block_ID : UNIQUE_ID
    "f0bc3f11-fe8f-4fe2-904d-b7e24640785c", -- Previous_Statement_ID : UNIQUE_ID
    4, -- LineNumber : INTEGER
    2, -- StartPosition : INTEGER
    'generate Employee2:commencedRcvd(date:param.date) to employee' -- Label : STRING
);
INSERT INTO ACT_SMT VALUES (
    "f0bc3f11-fe8f-4fe2-904d-b7e24640785c", -- Statement_ID : UNIQUE_ID
    "0f284924-b90c-4593-864a-b87c500b237c", -- Block_ID : UNIQUE_ID
    "00000000-0000-0000-0000-000000000000", -- Previous_Statement_ID : UNIQUE_ID
    5, -- LineNumber : INTEGER
    2, -- StartPosition : INTEGER
    'UI::Reply( msg:"Employee has commenced ", state:True)' -- Label : STRING
);
INSERT INTO ACT_SMT VALUES (
    "488cf7a8-18f4-4a52-9af0-d2a956f3c829", -- Statement_ID : UNIQUE_ID
    "862bd10c-f0b6-4ab5-842e-e82fb030e433", -- Block_ID : UNIQUE_ID
    "00000000-0000-0000-0000-000000000000", -- Previous_Statement_ID : UNIQUE_ID
    7, -- LineNumber : INTEGER
    1, -- StartPosition : INTEGER
    'else 
	LOG::LogInfo(message:"Employee is not registered!" );
	UI::Reply( msg:"Employee is not found.", state:False);' -- Label : STRING
);
INSERT INTO ACT_SMT VALUES (
    "afcdfcc4-1b9b-4f16-af45-2195eddfefbf", -- Statement_ID : UNIQUE_ID
    "2cc2ef70-5742-40dc-bad4-037415d2ea96", -- Block_ID : UNIQUE_ID
    "1c2187cf-035b-4e3f-995f-cf7d2b74883a", -- Previous_Statement_ID : UNIQUE_ID
    8, -- LineNumber : INTEGER
    2, -- StartPosition : INTEGER
    'LOG::LogInfo(message:"Employee is not registered!" )' -- Label : STRING
);
INSERT INTO ACT_SMT VALUES (
    "1c2187cf-035b-4e3f-995f-cf7d2b74883a", -- Statement_ID : UNIQUE_ID
    "2cc2ef70-5742-40dc-bad4-037415d2ea96", -- Block_ID : UNIQUE_ID
    "00000000-0000-0000-0000-000000000000", -- Previous_Statement_ID : UNIQUE_ID
    9, -- LineNumber : INTEGER
    2, -- StartPosition : INTEGER
    'UI::Reply( msg:"Employee is not found.", state:False)' -- Label : STRING
);
INSERT INTO ACT_TAB VALUES (
    "3b2d7127-3059-4181-85fe-82df743e71f7", -- Action_ID : UNIQUE_ID
    "7b5f90bd-656f-4bc9-83bf-771ed45973b0", -- SM_ID : UNIQUE_ID
    "ca45fe8f-dbad-455c-899f-ef40d219d806" -- Act_ID : UNIQUE_ID
);
INSERT INTO ACT_TAB VALUES (
    "53996296-9bd3-4afd-aaff-27211b36be33", -- Action_ID : UNIQUE_ID
    "7b5f90bd-656f-4bc9-83bf-771ed45973b0", -- SM_ID : UNIQUE_ID
    "becd648f-4aa1-43ca-9b3a-d3fc35c0fd00" -- Act_ID : UNIQUE_ID
);
INSERT INTO ACT_WHL VALUES (
    "36dcf162-ea82-4b63-9097-f475ce97250f", -- Statement_ID : UNIQUE_ID
    "35cdffb2-8efd-4604-b3d8-14930b414eb9", -- Value_ID : UNIQUE_ID
    "96026f7b-cbee-4ec8-8329-9edb5c09e626" -- Block_ID : UNIQUE_ID
);
INSERT INTO CL_IC VALUES (
    "6aa4e315-9e4a-4187-afb6-075a37702da7", -- Id : UNIQUE_ID
    "8e4782c3-9567-4154-87b3-67069634e7a5", -- AssignedComp_Id : UNIQUE_ID
    "00000000-0000-0000-0000-000000000000", -- ParentComp_Id : UNIQUE_ID
    "00000000-0000-0000-0000-000000000000", -- Component_Package_ID : UNIQUE_ID
    0, -- Mult : INTEGER
    '', -- ClassifierName : STRING
    'dhrm::hrm::hr', -- Name : STRING
    '' -- Descrip : STRING
);
INSERT INTO CL_IC VALUES (
    "61527127-c692-4baf-8c6a-7b3bd54f8db3", -- Id : UNIQUE_ID
    "d81dc79e-6692-4a39-b6d9-f5fc0b765726", -- AssignedComp_Id : UNIQUE_ID
    "00000000-0000-0000-0000-000000000000", -- ParentComp_Id : UNIQUE_ID
    "00000000-0000-0000-0000-000000000000", -- Component_Package_ID : UNIQUE_ID
    0, -- Mult : INTEGER
    '', -- ClassifierName : STRING
    'UIHR::UIHR::UI', -- Name : STRING
    '' -- Descrip : STRING
);
INSERT INTO CL_IIR VALUES (
    "0d0011e5-9d08-4213-96c8-a4130d610109", -- Id : UNIQUE_ID
    "e211a314-f4cf-4d96-ab5d-86594500f9c9", -- Ref_Id : UNIQUE_ID
    "2a7e36f3-b8e3-488c-9a8a-8f2053b386fe", -- CL_POR_Id : UNIQUE_ID
    "00000000-0000-0000-0000-000000000000", -- Delegation_Id : UNIQUE_ID
    'EP', -- Name : STRING
    '' -- Descrip : STRING
);
INSERT INTO CL_IIR VALUES (
    "451e40ae-b2bc-4182-972d-e7cd49ffef97", -- Id : UNIQUE_ID
    "3c565891-207b-4f8f-906f-7a28c50fa9aa", -- Ref_Id : UNIQUE_ID
    "dc409749-3231-4f2f-a188-575f9623ca0a", -- CL_POR_Id : UNIQUE_ID
    "00000000-0000-0000-0000-000000000000", -- Delegation_Id : UNIQUE_ID
    'EP', -- Name : STRING
    '' -- Descrip : STRING
);
INSERT INTO CL_IP VALUES (
    "0d0011e5-9d08-4213-96c8-a4130d610109", -- Id : UNIQUE_ID
    'EP', -- Name : STRING
    '' -- Descrip : STRING
);
INSERT INTO CL_IPINS VALUES (
    "93daa695-5c19-4584-b8ff-aeda570a0f03", -- Satisfaction_Id : UNIQUE_ID
    "0d0011e5-9d08-4213-96c8-a4130d610109" -- ImportedProvision_Id : UNIQUE_ID
);
INSERT INTO CL_IR VALUES (
    "451e40ae-b2bc-4182-972d-e7cd49ffef97", -- Id : UNIQUE_ID
    "93daa695-5c19-4584-b8ff-aeda570a0f03", -- Satisfaction_Element_Id : UNIQUE_ID
    'EP', -- Name : STRING
    '' -- Descrip : STRING
);
INSERT INTO CL_POR VALUES (
    "6aa4e315-9e4a-4187-afb6-075a37702da7", -- CL_IC_Id : UNIQUE_ID
    "498d117c-4422-44a6-af7e-6cb02ada65c5", -- C_PO_Id : UNIQUE_ID
    'UI', -- Name : STRING
    "2a7e36f3-b8e3-488c-9a8a-8f2053b386fe" -- Id : UNIQUE_ID
);
INSERT INTO CL_POR VALUES (
    "61527127-c692-4baf-8c6a-7b3bd54f8db3", -- CL_IC_Id : UNIQUE_ID
    "d8aeacb7-ad9c-4082-9867-d8dc363f53b7", -- C_PO_Id : UNIQUE_ID
    'App', -- Name : STRING
    "dc409749-3231-4f2f-a188-575f9623ca0a" -- Id : UNIQUE_ID
);
INSERT INTO C_AS VALUES (
    "be4e38a9-c84b-44ce-a173-d57405caeeca", -- Id : UNIQUE_ID
    'New', -- Name : STRING
    '', -- Descrip : STRING
    0, -- Direction : INTEGER
    "00000000-0000-0000-0000-000000000000" -- Previous_Id : UNIQUE_ID
);
INSERT INTO C_AS VALUES (
    "f83ecd5c-00bd-42d1-a795-2868eba34aec", -- Id : UNIQUE_ID
    'Reply', -- Name : STRING
    '', -- Descrip : STRING
    1, -- Direction : INTEGER
    "be4e38a9-c84b-44ce-a173-d57405caeeca" -- Previous_Id : UNIQUE_ID
);
INSERT INTO C_AS VALUES (
    "dd791a09-c8bd-4868-8174-4726cea8e2d3", -- Id : UNIQUE_ID
    'Start', -- Name : STRING
    '', -- Descrip : STRING
    0, -- Direction : INTEGER
    "f83ecd5c-00bd-42d1-a795-2868eba34aec" -- Previous_Id : UNIQUE_ID
);
INSERT INTO C_C VALUES (
    "8e4782c3-9567-4154-87b3-67069634e7a5", -- Id : UNIQUE_ID
    "00000000-0000-0000-0000-000000000000", -- Package_ID : UNIQUE_ID
    "00000000-0000-0000-0000-000000000000", -- NestedComponent_Id : UNIQUE_ID
    'hr', -- Name : STRING
    '', -- Descrip : STRING
    0, -- Mult : INTEGER
    "00000000-0000-0000-0000-000000000000", -- Root_Package_ID : UNIQUE_ID
    0, -- isRealized : BOOLEAN
    '' -- Realized_Class_Path : STRING
);
INSERT INTO C_C VALUES (
    "d81dc79e-6692-4a39-b6d9-f5fc0b765726", -- Id : UNIQUE_ID
    "00000000-0000-0000-0000-000000000000", -- Package_ID : UNIQUE_ID
    "00000000-0000-0000-0000-000000000000", -- NestedComponent_Id : UNIQUE_ID
    'UI', -- Name : STRING
    '', -- Descrip : STRING
    0, -- Mult : INTEGER
    "00000000-0000-0000-0000-000000000000", -- Root_Package_ID : UNIQUE_ID
    0, -- isRealized : BOOLEAN
    '' -- Realized_Class_Path : STRING
);
INSERT INTO C_EP VALUES (
    "be4e38a9-c84b-44ce-a173-d57405caeeca", -- Id : UNIQUE_ID
    "102214df-1d03-428f-9eb8-5c5ce18bfdae", -- Interface_Id : UNIQUE_ID
    -1, -- Direction : INTEGER
    'New', -- Name : STRING
    '' -- Descrip : STRING
);
INSERT INTO C_EP VALUES (
    "f83ecd5c-00bd-42d1-a795-2868eba34aec", -- Id : UNIQUE_ID
    "102214df-1d03-428f-9eb8-5c5ce18bfdae", -- Interface_Id : UNIQUE_ID
    -1, -- Direction : INTEGER
    'Reply', -- Name : STRING
    '' -- Descrip : STRING
);
INSERT INTO C_EP VALUES (
    "dd791a09-c8bd-4868-8174-4726cea8e2d3", -- Id : UNIQUE_ID
    "102214df-1d03-428f-9eb8-5c5ce18bfdae", -- Interface_Id : UNIQUE_ID
    -1, -- Direction : INTEGER
    'Start', -- Name : STRING
    '' -- Descrip : STRING
);
INSERT INTO C_I VALUES (
    "102214df-1d03-428f-9eb8-5c5ce18bfdae", -- Id : UNIQUE_ID
    "00000000-0000-0000-0000-000000000000", -- Package_ID : UNIQUE_ID
    'EP', -- Name : STRING
    '' -- Descrip : STRING
);
INSERT INTO C_IR VALUES (
    "e211a314-f4cf-4d96-ab5d-86594500f9c9", -- Id : UNIQUE_ID
    "102214df-1d03-428f-9eb8-5c5ce18bfdae", -- Formal_Interface_Id : UNIQUE_ID
    "00000000-0000-0000-0000-000000000000", -- Delegation_Id : UNIQUE_ID
    "498d117c-4422-44a6-af7e-6cb02ada65c5" -- Port_Id : UNIQUE_ID
);
INSERT INTO C_IR VALUES (
    "3c565891-207b-4f8f-906f-7a28c50fa9aa", -- Id : UNIQUE_ID
    "102214df-1d03-428f-9eb8-5c5ce18bfdae", -- Formal_Interface_Id : UNIQUE_ID
    "00000000-0000-0000-0000-000000000000", -- Delegation_Id : UNIQUE_ID
    "d8aeacb7-ad9c-4082-9867-d8dc363f53b7" -- Port_Id : UNIQUE_ID
);
INSERT INTO C_P VALUES (
    "e211a314-f4cf-4d96-ab5d-86594500f9c9", -- Provision_Id : UNIQUE_ID
    'EP', -- Name : STRING
    'HRUI', -- InformalName : STRING
    '', -- Descrip : STRING
    'hr::UI::EP' -- pathFromComponent : STRING
);
INSERT INTO C_PO VALUES (
    "498d117c-4422-44a6-af7e-6cb02ada65c5", -- Id : UNIQUE_ID
    "8e4782c3-9567-4154-87b3-67069634e7a5", -- Component_Id : UNIQUE_ID
    'UI', -- Name : STRING
    0, -- Mult : INTEGER
    0 -- DoNotShowPortOnCanvas : BOOLEAN
);
INSERT INTO C_PO VALUES (
    "d8aeacb7-ad9c-4082-9867-d8dc363f53b7", -- Id : UNIQUE_ID
    "d81dc79e-6692-4a39-b6d9-f5fc0b765726", -- Component_Id : UNIQUE_ID
    'App', -- Name : STRING
    0, -- Mult : INTEGER
    0 -- DoNotShowPortOnCanvas : BOOLEAN
);
INSERT INTO C_PP VALUES (
    "8d5bd5a6-f248-4b87-a4bb-eb772b2397d8", -- PP_Id : UNIQUE_ID
    "be4e38a9-c84b-44ce-a173-d57405caeeca", -- Signal_Id : UNIQUE_ID
    "ba5eda7a-def5-0000-0000-000000000004", -- DT_ID : UNIQUE_ID
    'FName', -- Name : STRING
    '', -- Descrip : STRING
    0, -- By_Ref : INTEGER
    '', -- Dimensions : STRING
    "00000000-0000-0000-0000-000000000000" -- Previous_PP_Id : UNIQUE_ID
);
INSERT INTO C_PP VALUES (
    "b1170977-7e1a-4e1e-8ec1-9e9ef2712f79", -- PP_Id : UNIQUE_ID
    "be4e38a9-c84b-44ce-a173-d57405caeeca", -- Signal_Id : UNIQUE_ID
    "ba5eda7a-def5-0000-0000-000000000004", -- DT_ID : UNIQUE_ID
    'LName', -- Name : STRING
    '', -- Descrip : STRING
    0, -- By_Ref : INTEGER
    '', -- Dimensions : STRING
    "8d5bd5a6-f248-4b87-a4bb-eb772b2397d8" -- Previous_PP_Id : UNIQUE_ID
);
INSERT INTO C_PP VALUES (
    "28761f9b-5da3-4284-aa06-53a1471a18fd", -- PP_Id : UNIQUE_ID
    "be4e38a9-c84b-44ce-a173-d57405caeeca", -- Signal_Id : UNIQUE_ID
    "ba5eda7a-def5-0000-0000-000000000002", -- DT_ID : UNIQUE_ID
    'National_ID', -- Name : STRING
    '', -- Descrip : STRING
    0, -- By_Ref : INTEGER
    '', -- Dimensions : STRING
    "b1170977-7e1a-4e1e-8ec1-9e9ef2712f79" -- Previous_PP_Id : UNIQUE_ID
);
INSERT INTO C_PP VALUES (
    "52485bae-80b3-4ec8-b984-d694289d322f", -- PP_Id : UNIQUE_ID
    "be4e38a9-c84b-44ce-a173-d57405caeeca", -- Signal_Id : UNIQUE_ID
    "ba5eda7a-def5-0000-0000-00000000000e", -- DT_ID : UNIQUE_ID
    'Birth_Date', -- Name : STRING
    '', -- Descrip : STRING
    0, -- By_Ref : INTEGER
    '', -- Dimensions : STRING
    "28761f9b-5da3-4284-aa06-53a1471a18fd" -- Previous_PP_Id : UNIQUE_ID
);
INSERT INTO C_PP VALUES (
    "6c3424d1-f671-42a7-b29c-fad87a2ff081", -- PP_Id : UNIQUE_ID
    "f83ecd5c-00bd-42d1-a795-2868eba34aec", -- Signal_Id : UNIQUE_ID
    "ba5eda7a-def5-0000-0000-000000000004", -- DT_ID : UNIQUE_ID
    'msg', -- Name : STRING
    '', -- Descrip : STRING
    0, -- By_Ref : INTEGER
    '', -- Dimensions : STRING
    "00000000-0000-0000-0000-000000000000" -- Previous_PP_Id : UNIQUE_ID
);
INSERT INTO C_PP VALUES (
    "426a31f6-75f0-4356-affb-38fd98147139", -- PP_Id : UNIQUE_ID
    "f83ecd5c-00bd-42d1-a795-2868eba34aec", -- Signal_Id : UNIQUE_ID
    "ba5eda7a-def5-0000-0000-000000000001", -- DT_ID : UNIQUE_ID
    'state', -- Name : STRING
    '', -- Descrip : STRING
    0, -- By_Ref : INTEGER
    '', -- Dimensions : STRING
    "6c3424d1-f671-42a7-b29c-fad87a2ff081" -- Previous_PP_Id : UNIQUE_ID
);
INSERT INTO C_PP VALUES (
    "fbd872b5-6588-4e66-a457-b9c83b3e0105", -- PP_Id : UNIQUE_ID
    "dd791a09-c8bd-4868-8174-4726cea8e2d3", -- Signal_Id : UNIQUE_ID
    "ba5eda7a-def5-0000-0000-00000000000e", -- DT_ID : UNIQUE_ID
    'date', -- Name : STRING
    '', -- Descrip : STRING
    0, -- By_Ref : INTEGER
    '', -- Dimensions : STRING
    "00000000-0000-0000-0000-000000000000" -- Previous_PP_Id : UNIQUE_ID
);
INSERT INTO C_PP VALUES (
    "665d0f46-1f6b-4469-b345-11ad3a35684e", -- PP_Id : UNIQUE_ID
    "dd791a09-c8bd-4868-8174-4726cea8e2d3", -- Signal_Id : UNIQUE_ID
    "ba5eda7a-def5-0000-0000-000000000002", -- DT_ID : UNIQUE_ID
    'National_ID', -- Name : STRING
    '', -- Descrip : STRING
    0, -- By_Ref : INTEGER
    '', -- Dimensions : STRING
    "fbd872b5-6588-4e66-a457-b9c83b3e0105" -- Previous_PP_Id : UNIQUE_ID
);
INSERT INTO C_R VALUES (
    "3c565891-207b-4f8f-906f-7a28c50fa9aa", -- Requirement_Id : UNIQUE_ID
    'EP', -- Name : STRING
    '', -- Descrip : STRING
    'HRApp', -- InformalName : STRING
    'UI::App::EP' -- reversePathFromComponent : STRING
);
INSERT INTO C_SF VALUES (
    "93daa695-5c19-4584-b8ff-aeda570a0f03", -- Id : UNIQUE_ID
    "3c565891-207b-4f8f-906f-7a28c50fa9aa", -- Requirement_Id : UNIQUE_ID
    "e211a314-f4cf-4d96-ab5d-86594500f9c9", -- Provision_Id : UNIQUE_ID
    '', -- Descrip : STRING
    'hr::UI::EP -o)- UI::App::EP' -- Label : STRING
);
INSERT INTO EP_PKG VALUES (
    "63980537-a12c-49e3-a1f9-8bd1a2489218", -- Package_ID : UNIQUE_ID
    "7fdc406f-2939-49c0-8fab-99de27b70193", -- Sys_ID : UNIQUE_ID
    "7fdc406f-2939-49c0-8fab-99de27b70193", -- Direct_Sys_ID : UNIQUE_ID
    'io.ciera.runtime.summit.util', -- Name : STRING
    '', -- Descrip : STRING
    0 -- Num_Rng : INTEGER
);
INSERT INTO EP_PKG VALUES (
    "12c213af-4b2d-4e49-890c-453aa4660620", -- Package_ID : UNIQUE_ID
    "7fdc406f-2939-49c0-8fab-99de27b70193", -- Sys_ID : UNIQUE_ID
    "7fdc406f-2939-49c0-8fab-99de27b70193", -- Direct_Sys_ID : UNIQUE_ID
    'io.ciera.runtime.instanceloading.generic.util', -- Name : STRING
    '', -- Descrip : STRING
    0 -- Num_Rng : INTEGER
);
INSERT INTO EP_PKG VALUES (
    "78fb3e55-9840-4511-a824-62393e628058", -- Package_ID : UNIQUE_ID
    "7fdc406f-2939-49c0-8fab-99de27b70193", -- Sys_ID : UNIQUE_ID
    "7fdc406f-2939-49c0-8fab-99de27b70193", -- Direct_Sys_ID : UNIQUE_ID
    'io.ciera.runtime.instanceloading.sql.util', -- Name : STRING
    '', -- Descrip : STRING
    0 -- Num_Rng : INTEGER
);
INSERT INTO EP_PKG VALUES (
    "1df09104-1fdb-48ee-9ae7-06cc055c5770", -- Package_ID : UNIQUE_ID
    "7fdc406f-2939-49c0-8fab-99de27b70193", -- Sys_ID : UNIQUE_ID
    "7fdc406f-2939-49c0-8fab-99de27b70193", -- Direct_Sys_ID : UNIQUE_ID
    'io.ciera.runtime.template.util', -- Name : STRING
    '', -- Descrip : STRING
    0 -- Num_Rng : INTEGER
);
INSERT INTO EP_PKG VALUES (
    "ddbd5fec-558a-4967-bd11-9b09a6c6c428", -- Package_ID : UNIQUE_ID
    "7fdc406f-2939-49c0-8fab-99de27b70193", -- Sys_ID : UNIQUE_ID
    "7fdc406f-2939-49c0-8fab-99de27b70193", -- Direct_Sys_ID : UNIQUE_ID
    'io.ciera.runtime.instanceloading.dynamodb.util', -- Name : STRING
    '', -- Descrip : STRING
    0 -- Num_Rng : INTEGER
);
INSERT INTO EP_PKG VALUES (
    "27857a34-c690-49d3-a891-ae314dca5262", -- Package_ID : UNIQUE_ID
    "ccdb2e52-76fc-4422-936f-a0239fd9d106", -- Sys_ID : UNIQUE_ID
    "ccdb2e52-76fc-4422-936f-a0239fd9d106", -- Direct_Sys_ID : UNIQUE_ID
    'hr_datatypes', -- Name : STRING
    '', -- Descrip : STRING
    0 -- Num_Rng : INTEGER
);
INSERT INTO EP_PKG VALUES (
    "c26641d6-6bfe-4fa5-b78d-533f6fb8d396", -- Package_ID : UNIQUE_ID
    "ccdb2e52-76fc-4422-936f-a0239fd9d106", -- Sys_ID : UNIQUE_ID
    "ccdb2e52-76fc-4422-936f-a0239fd9d106", -- Direct_Sys_ID : UNIQUE_ID
    'hrm', -- Name : STRING
    '', -- Descrip : STRING
    0 -- Num_Rng : INTEGER
);
INSERT INTO EP_PKG VALUES (
    "fdd8efa1-97d4-4adc-a67d-1fb0bd49373b", -- Package_ID : UNIQUE_ID
    "00000000-0000-0000-0000-000000000000", -- Sys_ID : UNIQUE_ID
    "ccdb2e52-76fc-4422-936f-a0239fd9d106", -- Direct_Sys_ID : UNIQUE_ID
    'main', -- Name : STRING
    '', -- Descrip : STRING
    0 -- Num_Rng : INTEGER
);
INSERT INTO EP_PKG VALUES (
    "cabf7045-c6ff-41a5-afe9-032eec941581", -- Package_ID : UNIQUE_ID
    "00000000-0000-0000-0000-000000000000", -- Sys_ID : UNIQUE_ID
    "46564f98-385d-43d9-876a-ca551a77e802", -- Direct_Sys_ID : UNIQUE_ID
    'UI', -- Name : STRING
    '', -- Descrip : STRING
    0 -- Num_Rng : INTEGER
);
INSERT INTO EP_PKG VALUES (
    "941213f0-4346-48d9-89fe-196761630487", -- Package_ID : UNIQUE_ID
    "00000000-0000-0000-0000-000000000000", -- Sys_ID : UNIQUE_ID
    "46564f98-385d-43d9-876a-ca551a77e802", -- Direct_Sys_ID : UNIQUE_ID
    'Shared', -- Name : STRING
    '', -- Descrip : STRING
    0 -- Num_Rng : INTEGER
);
INSERT INTO EP_PKG VALUES (
    "2ac1b93e-087c-4999-856e-c988c703dec6", -- Package_ID : UNIQUE_ID
    "46564f98-385d-43d9-876a-ca551a77e802", -- Sys_ID : UNIQUE_ID
    "46564f98-385d-43d9-876a-ca551a77e802", -- Direct_Sys_ID : UNIQUE_ID
    'UI', -- Name : STRING
    '', -- Descrip : STRING
    0 -- Num_Rng : INTEGER
);
INSERT INTO EP_PKG VALUES (
    "b4605ab7-f9f1-4427-9a8b-300116f87fe6", -- Package_ID : UNIQUE_ID
    "a31b98b3-80c6-4eea-80cb-d84755441c10", -- Sys_ID : UNIQUE_ID
    "a31b98b3-80c6-4eea-80cb-d84755441c10", -- Direct_Sys_ID : UNIQUE_ID
    'HRsystem', -- Name : STRING
    '', -- Descrip : STRING
    0 -- Num_Rng : INTEGER
);
INSERT INTO E_ESS VALUES (
    "c147ac63-ef64-42dd-8b4d-b7dd8d911b48", -- Statement_ID : UNIQUE_ID
    0, -- ParmListOK : BOOLEAN
    0, -- PEIndicated : BOOLEAN
    0, -- eventDerivedLabelLineNumber : INTEGER
    0, -- eventDerivedLabelColumn : INTEGER
    0, -- eventMeaningLineNumber : INTEGER
    0, -- eventMeaningColumn : INTEGER
    0, -- eventTargetKeyLettersLineNumber : INTEGER
    0, -- eventTargetKeyLettersColumn : INTEGER
    0, -- firstEventDataItemNameLineNumber : INTEGER
    0, -- firstEventDataItemNameColumn : INTEGER
    0, -- currentLaterEventDataItemNameLineNumber : INTEGER
    0 -- currentLaterEventDataItemNameColumn : INTEGER
);
INSERT INTO E_ESS VALUES (
    "766fb63c-7add-4853-9707-fb10636a84cb", -- Statement_ID : UNIQUE_ID
    0, -- ParmListOK : BOOLEAN
    0, -- PEIndicated : BOOLEAN
    0, -- eventDerivedLabelLineNumber : INTEGER
    0, -- eventDerivedLabelColumn : INTEGER
    0, -- eventMeaningLineNumber : INTEGER
    0, -- eventMeaningColumn : INTEGER
    0, -- eventTargetKeyLettersLineNumber : INTEGER
    0, -- eventTargetKeyLettersColumn : INTEGER
    0, -- firstEventDataItemNameLineNumber : INTEGER
    0, -- firstEventDataItemNameColumn : INTEGER
    0, -- currentLaterEventDataItemNameLineNumber : INTEGER
    0 -- currentLaterEventDataItemNameColumn : INTEGER
);
INSERT INTO E_GEN VALUES (
    "c147ac63-ef64-42dd-8b4d-b7dd8d911b48", -- Statement_ID : UNIQUE_ID
    "2dda0efd-16ef-46d7-8785-fa676f30a3e2" -- Var_ID : UNIQUE_ID
);
INSERT INTO E_GEN VALUES (
    "766fb63c-7add-4853-9707-fb10636a84cb", -- Statement_ID : UNIQUE_ID
    "3d480eaa-c5e8-46d2-8722-9399592fac19" -- Var_ID : UNIQUE_ID
);
INSERT INTO E_GES VALUES (
    "c147ac63-ef64-42dd-8b4d-b7dd8d911b48" -- Statement_ID : UNIQUE_ID
);
INSERT INTO E_GES VALUES (
    "766fb63c-7add-4853-9707-fb10636a84cb" -- Statement_ID : UNIQUE_ID
);
INSERT INTO E_GSME VALUES (
    "c147ac63-ef64-42dd-8b4d-b7dd8d911b48", -- Statement_ID : UNIQUE_ID
    "291931bf-a34c-4717-94e5-c19b2a6bb5d3" -- SMevt_ID : UNIQUE_ID
);
INSERT INTO E_GSME VALUES (
    "766fb63c-7add-4853-9707-fb10636a84cb", -- Statement_ID : UNIQUE_ID
    "4399bed0-4e99-4616-aa45-eb724333bc35" -- SMevt_ID : UNIQUE_ID
);
INSERT INTO O_ATTR VALUES (
    "7e42a956-78c5-4651-8efb-01820a985edd", -- Attr_ID : UNIQUE_ID
    "d8528470-976c-421b-a087-1201ac24302f", -- Obj_ID : UNIQUE_ID
    "00000000-0000-0000-0000-000000000000", -- PAttr_ID : UNIQUE_ID
    'FName', -- Name : STRING
    '', -- Descrip : STRING
    '', -- Prefix : STRING
    'FName', -- Root_Nam : STRING
    0, -- Pfx_Mode : INTEGER
    "ba5eda7a-def5-0000-0000-000000000004", -- DT_ID : UNIQUE_ID
    '', -- Dimensions : STRING
    '' -- DefaultValue : STRING
);
INSERT INTO O_ATTR VALUES (
    "9066db86-0565-4761-9920-bcf2a1cd02d9", -- Attr_ID : UNIQUE_ID
    "d8528470-976c-421b-a087-1201ac24302f", -- Obj_ID : UNIQUE_ID
    "7e42a956-78c5-4651-8efb-01820a985edd", -- PAttr_ID : UNIQUE_ID
    'National_ID', -- Name : STRING
    '', -- Descrip : STRING
    '', -- Prefix : STRING
    'National_ID', -- Root_Nam : STRING
    0, -- Pfx_Mode : INTEGER
    "ba5eda7a-def5-0000-0000-000000000002", -- DT_ID : UNIQUE_ID
    '', -- Dimensions : STRING
    '' -- DefaultValue : STRING
);
INSERT INTO O_ATTR VALUES (
    "10da70ec-c8aa-41a2-801c-33e8884587ab", -- Attr_ID : UNIQUE_ID
    "d8528470-976c-421b-a087-1201ac24302f", -- Obj_ID : UNIQUE_ID
    "9066db86-0565-4761-9920-bcf2a1cd02d9", -- PAttr_ID : UNIQUE_ID
    'current_state', -- Name : STRING
    '', -- Descrip : STRING
    '', -- Prefix : STRING
    'current_state', -- Root_Nam : STRING
    0, -- Pfx_Mode : INTEGER
    "ba5eda7a-def5-0000-0000-000000000006", -- DT_ID : UNIQUE_ID
    '', -- Dimensions : STRING
    '' -- DefaultValue : STRING
);
INSERT INTO O_ATTR VALUES (
    "6fcbb260-360b-49c7-9abc-fd92603b44a0", -- Attr_ID : UNIQUE_ID
    "d8528470-976c-421b-a087-1201ac24302f", -- Obj_ID : UNIQUE_ID
    "10da70ec-c8aa-41a2-801c-33e8884587ab", -- PAttr_ID : UNIQUE_ID
    'Birth_Date', -- Name : STRING
    '', -- Descrip : STRING
    '', -- Prefix : STRING
    'Birth_Date', -- Root_Nam : STRING
    0, -- Pfx_Mode : INTEGER
    "ba5eda7a-def5-0000-0000-00000000000e", -- DT_ID : UNIQUE_ID
    '', -- Dimensions : STRING
    '' -- DefaultValue : STRING
);
INSERT INTO O_ATTR VALUES (
    "af90ebd4-1702-491f-85cd-2d5dbfad46bb", -- Attr_ID : UNIQUE_ID
    "d8528470-976c-421b-a087-1201ac24302f", -- Obj_ID : UNIQUE_ID
    "6fcbb260-360b-49c7-9abc-fd92603b44a0", -- PAttr_ID : UNIQUE_ID
    'LName', -- Name : STRING
    '', -- Descrip : STRING
    '', -- Prefix : STRING
    'LName', -- Root_Nam : STRING
    0, -- Pfx_Mode : INTEGER
    "ba5eda7a-def5-0000-0000-000000000004", -- DT_ID : UNIQUE_ID
    '', -- Dimensions : STRING
    '' -- DefaultValue : STRING
);
INSERT INTO O_ATTR VALUES (
    "43f89e8d-d809-4067-a812-d1d57bb3a42d", -- Attr_ID : UNIQUE_ID
    "d8528470-976c-421b-a087-1201ac24302f", -- Obj_ID : UNIQUE_ID
    "af90ebd4-1702-491f-85cd-2d5dbfad46bb", -- PAttr_ID : UNIQUE_ID
    'Start_Date', -- Name : STRING
    '', -- Descrip : STRING
    '', -- Prefix : STRING
    'Start_Date', -- Root_Nam : STRING
    0, -- Pfx_Mode : INTEGER
    "ba5eda7a-def5-0000-0000-00000000000e", -- DT_ID : UNIQUE_ID
    '', -- Dimensions : STRING
    '' -- DefaultValue : STRING
);
INSERT INTO O_BATTR VALUES (
    "7e42a956-78c5-4651-8efb-01820a985edd", -- Attr_ID : UNIQUE_ID
    "d8528470-976c-421b-a087-1201ac24302f" -- Obj_ID : UNIQUE_ID
);
INSERT INTO O_BATTR VALUES (
    "9066db86-0565-4761-9920-bcf2a1cd02d9", -- Attr_ID : UNIQUE_ID
    "d8528470-976c-421b-a087-1201ac24302f" -- Obj_ID : UNIQUE_ID
);
INSERT INTO O_BATTR VALUES (
    "10da70ec-c8aa-41a2-801c-33e8884587ab", -- Attr_ID : UNIQUE_ID
    "d8528470-976c-421b-a087-1201ac24302f" -- Obj_ID : UNIQUE_ID
);
INSERT INTO O_BATTR VALUES (
    "6fcbb260-360b-49c7-9abc-fd92603b44a0", -- Attr_ID : UNIQUE_ID
    "d8528470-976c-421b-a087-1201ac24302f" -- Obj_ID : UNIQUE_ID
);
INSERT INTO O_BATTR VALUES (
    "af90ebd4-1702-491f-85cd-2d5dbfad46bb", -- Attr_ID : UNIQUE_ID
    "d8528470-976c-421b-a087-1201ac24302f" -- Obj_ID : UNIQUE_ID
);
INSERT INTO O_BATTR VALUES (
    "43f89e8d-d809-4067-a812-d1d57bb3a42d", -- Attr_ID : UNIQUE_ID
    "d8528470-976c-421b-a087-1201ac24302f" -- Obj_ID : UNIQUE_ID
);
INSERT INTO O_ID VALUES (
    0, -- Oid_ID : INTEGER
    "d8528470-976c-421b-a087-1201ac24302f" -- Obj_ID : UNIQUE_ID
);
INSERT INTO O_ID VALUES (
    1, -- Oid_ID : INTEGER
    "d8528470-976c-421b-a087-1201ac24302f" -- Obj_ID : UNIQUE_ID
);
INSERT INTO O_ID VALUES (
    2, -- Oid_ID : INTEGER
    "d8528470-976c-421b-a087-1201ac24302f" -- Obj_ID : UNIQUE_ID
);
INSERT INTO O_NBATTR VALUES (
    "7e42a956-78c5-4651-8efb-01820a985edd", -- Attr_ID : UNIQUE_ID
    "d8528470-976c-421b-a087-1201ac24302f" -- Obj_ID : UNIQUE_ID
);
INSERT INTO O_NBATTR VALUES (
    "9066db86-0565-4761-9920-bcf2a1cd02d9", -- Attr_ID : UNIQUE_ID
    "d8528470-976c-421b-a087-1201ac24302f" -- Obj_ID : UNIQUE_ID
);
INSERT INTO O_NBATTR VALUES (
    "10da70ec-c8aa-41a2-801c-33e8884587ab", -- Attr_ID : UNIQUE_ID
    "d8528470-976c-421b-a087-1201ac24302f" -- Obj_ID : UNIQUE_ID
);
INSERT INTO O_NBATTR VALUES (
    "6fcbb260-360b-49c7-9abc-fd92603b44a0", -- Attr_ID : UNIQUE_ID
    "d8528470-976c-421b-a087-1201ac24302f" -- Obj_ID : UNIQUE_ID
);
INSERT INTO O_NBATTR VALUES (
    "af90ebd4-1702-491f-85cd-2d5dbfad46bb", -- Attr_ID : UNIQUE_ID
    "d8528470-976c-421b-a087-1201ac24302f" -- Obj_ID : UNIQUE_ID
);
INSERT INTO O_NBATTR VALUES (
    "43f89e8d-d809-4067-a812-d1d57bb3a42d", -- Attr_ID : UNIQUE_ID
    "d8528470-976c-421b-a087-1201ac24302f" -- Obj_ID : UNIQUE_ID
);
INSERT INTO O_OBJ VALUES (
    "d8528470-976c-421b-a087-1201ac24302f", -- Obj_ID : UNIQUE_ID
    'Employee', -- Name : STRING
    1, -- Numb : INTEGER
    'Employee', -- Key_Lett : STRING
    '', -- Descrip : STRING
    "00000000-0000-0000-0000-000000000000" -- SS_ID : UNIQUE_ID
);
INSERT INTO O_TFR VALUES (
    "8e2fc2d9-473c-4746-95ee-a6559c3b4230", -- Tfr_ID : UNIQUE_ID
    "d8528470-976c-421b-a087-1201ac24302f", -- Obj_ID : UNIQUE_ID
    'getAge', -- Name : STRING
    '', -- Descrip : STRING
    "ba5eda7a-def5-0000-0000-000000000000", -- DT_ID : UNIQUE_ID
    1, -- Instance_Based : INTEGER
    '', -- Action_Semantics_internal : STRING
    3, -- Suc_Pars : INTEGER
    '', -- Return_Dimensions : STRING
    "00000000-0000-0000-0000-000000000000", -- Previous_Tfr_ID : UNIQUE_ID
    0 -- Dialect : INTEGER
);
INSERT INTO PE_PE VALUES (
    "ba5eda7a-def5-0000-0000-000000000000", -- Element_ID : UNIQUE_ID
    1, -- Visibility : INTEGER
    "00000000-0000-0000-0000-000000000000", -- Package_ID : UNIQUE_ID
    "00000000-0000-0000-0000-000000000000", -- Component_ID : UNIQUE_ID
    3 -- type : INTEGER
);
INSERT INTO PE_PE VALUES (
    "ba5eda7a-def5-0000-0000-000000000001", -- Element_ID : UNIQUE_ID
    1, -- Visibility : INTEGER
    "00000000-0000-0000-0000-000000000000", -- Package_ID : UNIQUE_ID
    "00000000-0000-0000-0000-000000000000", -- Component_ID : UNIQUE_ID
    3 -- type : INTEGER
);
INSERT INTO PE_PE VALUES (
    "ba5eda7a-def5-0000-0000-000000000002", -- Element_ID : UNIQUE_ID
    1, -- Visibility : INTEGER
    "00000000-0000-0000-0000-000000000000", -- Package_ID : UNIQUE_ID
    "00000000-0000-0000-0000-000000000000", -- Component_ID : UNIQUE_ID
    3 -- type : INTEGER
);
INSERT INTO PE_PE VALUES (
    "ba5eda7a-def5-0000-0000-000000000003", -- Element_ID : UNIQUE_ID
    1, -- Visibility : INTEGER
    "00000000-0000-0000-0000-000000000000", -- Package_ID : UNIQUE_ID
    "00000000-0000-0000-0000-000000000000", -- Component_ID : UNIQUE_ID
    3 -- type : INTEGER
);
INSERT INTO PE_PE VALUES (
    "ba5eda7a-def5-0000-0000-000000000004", -- Element_ID : UNIQUE_ID
    1, -- Visibility : INTEGER
    "00000000-0000-0000-0000-000000000000", -- Package_ID : UNIQUE_ID
    "00000000-0000-0000-0000-000000000000", -- Component_ID : UNIQUE_ID
    3 -- type : INTEGER
);
INSERT INTO PE_PE VALUES (
    "ba5eda7a-def5-0000-0000-000000000005", -- Element_ID : UNIQUE_ID
    1, -- Visibility : INTEGER
    "00000000-0000-0000-0000-000000000000", -- Package_ID : UNIQUE_ID
    "00000000-0000-0000-0000-000000000000", -- Component_ID : UNIQUE_ID
    3 -- type : INTEGER
);
INSERT INTO PE_PE VALUES (
    "ba5eda7a-def5-0000-0000-000000000006", -- Element_ID : UNIQUE_ID
    1, -- Visibility : INTEGER
    "00000000-0000-0000-0000-000000000000", -- Package_ID : UNIQUE_ID
    "00000000-0000-0000-0000-000000000000", -- Component_ID : UNIQUE_ID
    3 -- type : INTEGER
);
INSERT INTO PE_PE VALUES (
    "ba5eda7a-def5-0000-0000-000000000007", -- Element_ID : UNIQUE_ID
    1, -- Visibility : INTEGER
    "00000000-0000-0000-0000-000000000000", -- Package_ID : UNIQUE_ID
    "00000000-0000-0000-0000-000000000000", -- Component_ID : UNIQUE_ID
    3 -- type : INTEGER
);
INSERT INTO PE_PE VALUES (
    "ba5eda7a-def5-0000-0000-000000000008", -- Element_ID : UNIQUE_ID
    1, -- Visibility : INTEGER
    "00000000-0000-0000-0000-000000000000", -- Package_ID : UNIQUE_ID
    "00000000-0000-0000-0000-000000000000", -- Component_ID : UNIQUE_ID
    3 -- type : INTEGER
);
INSERT INTO PE_PE VALUES (
    "ba5eda7a-def5-0000-0000-000000000009", -- Element_ID : UNIQUE_ID
    1, -- Visibility : INTEGER
    "00000000-0000-0000-0000-000000000000", -- Package_ID : UNIQUE_ID
    "00000000-0000-0000-0000-000000000000", -- Component_ID : UNIQUE_ID
    3 -- type : INTEGER
);
INSERT INTO PE_PE VALUES (
    "ba5eda7a-def5-0000-0000-00000000000a", -- Element_ID : UNIQUE_ID
    1, -- Visibility : INTEGER
    "00000000-0000-0000-0000-000000000000", -- Package_ID : UNIQUE_ID
    "00000000-0000-0000-0000-000000000000", -- Component_ID : UNIQUE_ID
    3 -- type : INTEGER
);
INSERT INTO PE_PE VALUES (
    "ba5eda7a-def5-0000-0000-00000000000b", -- Element_ID : UNIQUE_ID
    1, -- Visibility : INTEGER
    "00000000-0000-0000-0000-000000000000", -- Package_ID : UNIQUE_ID
    "00000000-0000-0000-0000-000000000000", -- Component_ID : UNIQUE_ID
    3 -- type : INTEGER
);
INSERT INTO PE_PE VALUES (
    "ba5eda7a-def5-0000-0000-00000000000c", -- Element_ID : UNIQUE_ID
    1, -- Visibility : INTEGER
    "00000000-0000-0000-0000-000000000000", -- Package_ID : UNIQUE_ID
    "00000000-0000-0000-0000-000000000000", -- Component_ID : UNIQUE_ID
    3 -- type : INTEGER
);
INSERT INTO PE_PE VALUES (
    "ba5eda7a-def5-0000-0000-00000000000d", -- Element_ID : UNIQUE_ID
    1, -- Visibility : INTEGER
    "00000000-0000-0000-0000-000000000000", -- Package_ID : UNIQUE_ID
    "00000000-0000-0000-0000-000000000000", -- Component_ID : UNIQUE_ID
    3 -- type : INTEGER
);
INSERT INTO PE_PE VALUES (
    "ba5eda7a-def5-0000-0000-00000000000e", -- Element_ID : UNIQUE_ID
    1, -- Visibility : INTEGER
    "00000000-0000-0000-0000-000000000000", -- Package_ID : UNIQUE_ID
    "00000000-0000-0000-0000-000000000000", -- Component_ID : UNIQUE_ID
    3 -- type : INTEGER
);
INSERT INTO PE_PE VALUES (
    "ba5eda7a-def5-0000-0000-00000000000f", -- Element_ID : UNIQUE_ID
    1, -- Visibility : INTEGER
    "00000000-0000-0000-0000-000000000000", -- Package_ID : UNIQUE_ID
    "00000000-0000-0000-0000-000000000000", -- Component_ID : UNIQUE_ID
    3 -- type : INTEGER
);
INSERT INTO PE_PE VALUES (
    "ba5eda7a-def5-0000-0000-000000000010", -- Element_ID : UNIQUE_ID
    1, -- Visibility : INTEGER
    "00000000-0000-0000-0000-000000000000", -- Package_ID : UNIQUE_ID
    "00000000-0000-0000-0000-000000000000", -- Component_ID : UNIQUE_ID
    3 -- type : INTEGER
);
INSERT INTO PE_PE VALUES (
    "301ed0ee-cd6b-49d6-949f-df904baa862c", -- Element_ID : UNIQUE_ID
    1, -- Visibility : INTEGER
    "63980537-a12c-49e3-a1f9-8bd1a2489218", -- Package_ID : UNIQUE_ID
    "00000000-0000-0000-0000-000000000000", -- Component_ID : UNIQUE_ID
    5 -- type : INTEGER
);
INSERT INTO PE_PE VALUES (
    "fb3760d2-2a3e-463f-bd24-66cd25fdba39", -- Element_ID : UNIQUE_ID
    1, -- Visibility : INTEGER
    "63980537-a12c-49e3-a1f9-8bd1a2489218", -- Package_ID : UNIQUE_ID
    "00000000-0000-0000-0000-000000000000", -- Component_ID : UNIQUE_ID
    5 -- type : INTEGER
);
INSERT INTO PE_PE VALUES (
    "0cbe8000-b94e-43c0-a74e-b3d9f70bb59d", -- Element_ID : UNIQUE_ID
    1, -- Visibility : INTEGER
    "63980537-a12c-49e3-a1f9-8bd1a2489218", -- Package_ID : UNIQUE_ID
    "00000000-0000-0000-0000-000000000000", -- Component_ID : UNIQUE_ID
    5 -- type : INTEGER
);
INSERT INTO PE_PE VALUES (
    "2c85491d-6998-469c-bc26-d447450f7f85", -- Element_ID : UNIQUE_ID
    1, -- Visibility : INTEGER
    "63980537-a12c-49e3-a1f9-8bd1a2489218", -- Package_ID : UNIQUE_ID
    "00000000-0000-0000-0000-000000000000", -- Component_ID : UNIQUE_ID
    5 -- type : INTEGER
);
INSERT INTO PE_PE VALUES (
    "33d21480-69a2-4ed7-9fd6-4b0d734cf2a9", -- Element_ID : UNIQUE_ID
    1, -- Visibility : INTEGER
    "63980537-a12c-49e3-a1f9-8bd1a2489218", -- Package_ID : UNIQUE_ID
    "00000000-0000-0000-0000-000000000000", -- Component_ID : UNIQUE_ID
    5 -- type : INTEGER
);
INSERT INTO PE_PE VALUES (
    "445e6cf8-2b35-4c6d-b9ff-1db8125259dc", -- Element_ID : UNIQUE_ID
    1, -- Visibility : INTEGER
    "63980537-a12c-49e3-a1f9-8bd1a2489218", -- Package_ID : UNIQUE_ID
    "00000000-0000-0000-0000-000000000000", -- Component_ID : UNIQUE_ID
    5 -- type : INTEGER
);
INSERT INTO PE_PE VALUES (
    "c9877e9a-7dfe-4912-b126-3e0d533cabd5", -- Element_ID : UNIQUE_ID
    1, -- Visibility : INTEGER
    "63980537-a12c-49e3-a1f9-8bd1a2489218", -- Package_ID : UNIQUE_ID
    "00000000-0000-0000-0000-000000000000", -- Component_ID : UNIQUE_ID
    5 -- type : INTEGER
);
INSERT INTO PE_PE VALUES (
    "63980537-a12c-49e3-a1f9-8bd1a2489218", -- Element_ID : UNIQUE_ID
    1, -- Visibility : INTEGER
    "00000000-0000-0000-0000-000000000000", -- Package_ID : UNIQUE_ID
    "00000000-0000-0000-0000-000000000000", -- Component_ID : UNIQUE_ID
    7 -- type : INTEGER
);
INSERT INTO PE_PE VALUES (
    "4525dfcd-89bc-4810-bceb-c727b8c25e05", -- Element_ID : UNIQUE_ID
    1, -- Visibility : INTEGER
    "12c213af-4b2d-4e49-890c-453aa4660620", -- Package_ID : UNIQUE_ID
    "00000000-0000-0000-0000-000000000000", -- Component_ID : UNIQUE_ID
    5 -- type : INTEGER
);
INSERT INTO PE_PE VALUES (
    "12c213af-4b2d-4e49-890c-453aa4660620", -- Element_ID : UNIQUE_ID
    1, -- Visibility : INTEGER
    "00000000-0000-0000-0000-000000000000", -- Package_ID : UNIQUE_ID
    "00000000-0000-0000-0000-000000000000", -- Component_ID : UNIQUE_ID
    7 -- type : INTEGER
);
INSERT INTO PE_PE VALUES (
    "3c9187e2-faac-4b05-986d-04c751e1632b", -- Element_ID : UNIQUE_ID
    1, -- Visibility : INTEGER
    "78fb3e55-9840-4511-a824-62393e628058", -- Package_ID : UNIQUE_ID
    "00000000-0000-0000-0000-000000000000", -- Component_ID : UNIQUE_ID
    5 -- type : INTEGER
);
INSERT INTO PE_PE VALUES (
    "78fb3e55-9840-4511-a824-62393e628058", -- Element_ID : UNIQUE_ID
    1, -- Visibility : INTEGER
    "00000000-0000-0000-0000-000000000000", -- Package_ID : UNIQUE_ID
    "00000000-0000-0000-0000-000000000000", -- Component_ID : UNIQUE_ID
    7 -- type : INTEGER
);
INSERT INTO PE_PE VALUES (
    "d6db4b3d-c6a5-400a-92b9-6a391237afbb", -- Element_ID : UNIQUE_ID
    1, -- Visibility : INTEGER
    "1df09104-1fdb-48ee-9ae7-06cc055c5770", -- Package_ID : UNIQUE_ID
    "00000000-0000-0000-0000-000000000000", -- Component_ID : UNIQUE_ID
    5 -- type : INTEGER
);
INSERT INTO PE_PE VALUES (
    "1df09104-1fdb-48ee-9ae7-06cc055c5770", -- Element_ID : UNIQUE_ID
    1, -- Visibility : INTEGER
    "00000000-0000-0000-0000-000000000000", -- Package_ID : UNIQUE_ID
    "00000000-0000-0000-0000-000000000000", -- Component_ID : UNIQUE_ID
    7 -- type : INTEGER
);
INSERT INTO PE_PE VALUES (
    "c03ccce5-cb73-48ca-b676-b00270c95839", -- Element_ID : UNIQUE_ID
    1, -- Visibility : INTEGER
    "ddbd5fec-558a-4967-bd11-9b09a6c6c428", -- Package_ID : UNIQUE_ID
    "00000000-0000-0000-0000-000000000000", -- Component_ID : UNIQUE_ID
    5 -- type : INTEGER
);
INSERT INTO PE_PE VALUES (
    "ddbd5fec-558a-4967-bd11-9b09a6c6c428", -- Element_ID : UNIQUE_ID
    1, -- Visibility : INTEGER
    "00000000-0000-0000-0000-000000000000", -- Package_ID : UNIQUE_ID
    "00000000-0000-0000-0000-000000000000", -- Component_ID : UNIQUE_ID
    7 -- type : INTEGER
);
INSERT INTO PE_PE VALUES (
    "168b328b-2af0-412b-bbf5-7e71f1fea433", -- Element_ID : UNIQUE_ID
    1, -- Visibility : INTEGER
    "27857a34-c690-49d3-a891-ae314dca5262", -- Package_ID : UNIQUE_ID
    "00000000-0000-0000-0000-000000000000", -- Component_ID : UNIQUE_ID
    3 -- type : INTEGER
);
INSERT INTO PE_PE VALUES (
    "0d542083-4531-45d6-8411-30f81c92d642", -- Element_ID : UNIQUE_ID
    1, -- Visibility : INTEGER
    "27857a34-c690-49d3-a891-ae314dca5262", -- Package_ID : UNIQUE_ID
    "00000000-0000-0000-0000-000000000000", -- Component_ID : UNIQUE_ID
    3 -- type : INTEGER
);
INSERT INTO PE_PE VALUES (
    "27857a34-c690-49d3-a891-ae314dca5262", -- Element_ID : UNIQUE_ID
    1, -- Visibility : INTEGER
    "00000000-0000-0000-0000-000000000000", -- Package_ID : UNIQUE_ID
    "00000000-0000-0000-0000-000000000000", -- Component_ID : UNIQUE_ID
    7 -- type : INTEGER
);
INSERT INTO PE_PE VALUES (
    "c26641d6-6bfe-4fa5-b78d-533f6fb8d396", -- Element_ID : UNIQUE_ID
    1, -- Visibility : INTEGER
    "00000000-0000-0000-0000-000000000000", -- Package_ID : UNIQUE_ID
    "00000000-0000-0000-0000-000000000000", -- Component_ID : UNIQUE_ID
    7 -- type : INTEGER
);
INSERT INTO PE_PE VALUES (
    "8e4782c3-9567-4154-87b3-67069634e7a5", -- Element_ID : UNIQUE_ID
    1, -- Visibility : INTEGER
    "c26641d6-6bfe-4fa5-b78d-533f6fb8d396", -- Package_ID : UNIQUE_ID
    "00000000-0000-0000-0000-000000000000", -- Component_ID : UNIQUE_ID
    2 -- type : INTEGER
);
INSERT INTO PE_PE VALUES (
    "51cda5d8-b9fa-4471-8c71-5014f092a96c", -- Element_ID : UNIQUE_ID
    1, -- Visibility : INTEGER
    "fdd8efa1-97d4-4adc-a67d-1fb0bd49373b", -- Package_ID : UNIQUE_ID
    "00000000-0000-0000-0000-000000000000", -- Component_ID : UNIQUE_ID
    3 -- type : INTEGER
);
INSERT INTO PE_PE VALUES (
    "fdd8efa1-97d4-4adc-a67d-1fb0bd49373b", -- Element_ID : UNIQUE_ID
    1, -- Visibility : INTEGER
    "00000000-0000-0000-0000-000000000000", -- Package_ID : UNIQUE_ID
    "8e4782c3-9567-4154-87b3-67069634e7a5", -- Component_ID : UNIQUE_ID
    7 -- type : INTEGER
);
INSERT INTO PE_PE VALUES (
    "d8528470-976c-421b-a087-1201ac24302f", -- Element_ID : UNIQUE_ID
    1, -- Visibility : INTEGER
    "fdd8efa1-97d4-4adc-a67d-1fb0bd49373b", -- Package_ID : UNIQUE_ID
    "00000000-0000-0000-0000-000000000000", -- Component_ID : UNIQUE_ID
    4 -- type : INTEGER
);
INSERT INTO PE_PE VALUES (
    "8e6515f0-ca9a-424d-b35b-60f69ec5dcc5", -- Element_ID : UNIQUE_ID
    1, -- Visibility : INTEGER
    "cabf7045-c6ff-41a5-afe9-032eec941581", -- Package_ID : UNIQUE_ID
    "00000000-0000-0000-0000-000000000000", -- Component_ID : UNIQUE_ID
    1 -- type : INTEGER
);
INSERT INTO PE_PE VALUES (
    "cabf7045-c6ff-41a5-afe9-032eec941581", -- Element_ID : UNIQUE_ID
    1, -- Visibility : INTEGER
    "00000000-0000-0000-0000-000000000000", -- Package_ID : UNIQUE_ID
    "d81dc79e-6692-4a39-b6d9-f5fc0b765726", -- Component_ID : UNIQUE_ID
    7 -- type : INTEGER
);
INSERT INTO PE_PE VALUES (
    "d81dc79e-6692-4a39-b6d9-f5fc0b765726", -- Element_ID : UNIQUE_ID
    1, -- Visibility : INTEGER
    "2ac1b93e-087c-4999-856e-c988c703dec6", -- Package_ID : UNIQUE_ID
    "00000000-0000-0000-0000-000000000000", -- Component_ID : UNIQUE_ID
    2 -- type : INTEGER
);
INSERT INTO PE_PE VALUES (
    "941213f0-4346-48d9-89fe-196761630487", -- Element_ID : UNIQUE_ID
    1, -- Visibility : INTEGER
    "2ac1b93e-087c-4999-856e-c988c703dec6", -- Package_ID : UNIQUE_ID
    "00000000-0000-0000-0000-000000000000", -- Component_ID : UNIQUE_ID
    7 -- type : INTEGER
);
INSERT INTO PE_PE VALUES (
    "102214df-1d03-428f-9eb8-5c5ce18bfdae", -- Element_ID : UNIQUE_ID
    1, -- Visibility : INTEGER
    "941213f0-4346-48d9-89fe-196761630487", -- Package_ID : UNIQUE_ID
    "00000000-0000-0000-0000-000000000000", -- Component_ID : UNIQUE_ID
    6 -- type : INTEGER
);
INSERT INTO PE_PE VALUES (
    "2ac1b93e-087c-4999-856e-c988c703dec6", -- Element_ID : UNIQUE_ID
    1, -- Visibility : INTEGER
    "00000000-0000-0000-0000-000000000000", -- Package_ID : UNIQUE_ID
    "00000000-0000-0000-0000-000000000000", -- Component_ID : UNIQUE_ID
    7 -- type : INTEGER
);
INSERT INTO PE_PE VALUES (
    "6aa4e315-9e4a-4187-afb6-075a37702da7", -- Element_ID : UNIQUE_ID
    1, -- Visibility : INTEGER
    "b4605ab7-f9f1-4427-9a8b-300116f87fe6", -- Package_ID : UNIQUE_ID
    "00000000-0000-0000-0000-000000000000", -- Component_ID : UNIQUE_ID
    21 -- type : INTEGER
);
INSERT INTO PE_PE VALUES (
    "61527127-c692-4baf-8c6a-7b3bd54f8db3", -- Element_ID : UNIQUE_ID
    1, -- Visibility : INTEGER
    "b4605ab7-f9f1-4427-9a8b-300116f87fe6", -- Package_ID : UNIQUE_ID
    "00000000-0000-0000-0000-000000000000", -- Component_ID : UNIQUE_ID
    21 -- type : INTEGER
);
INSERT INTO PE_PE VALUES (
    "93daa695-5c19-4584-b8ff-aeda570a0f03", -- Element_ID : UNIQUE_ID
    1, -- Visibility : INTEGER
    "b4605ab7-f9f1-4427-9a8b-300116f87fe6", -- Package_ID : UNIQUE_ID
    "00000000-0000-0000-0000-000000000000", -- Component_ID : UNIQUE_ID
    22 -- type : INTEGER
);
INSERT INTO PE_PE VALUES (
    "b4605ab7-f9f1-4427-9a8b-300116f87fe6", -- Element_ID : UNIQUE_ID
    1, -- Visibility : INTEGER
    "00000000-0000-0000-0000-000000000000", -- Package_ID : UNIQUE_ID
    "00000000-0000-0000-0000-000000000000", -- Component_ID : UNIQUE_ID
    7 -- type : INTEGER
);
INSERT INTO SM_ACT VALUES (
    "2453e957-c72c-4ed6-a1bc-d234c403269c", -- Act_ID : UNIQUE_ID
    "7b5f90bd-656f-4bc9-83bf-771ed45973b0", -- SM_ID : UNIQUE_ID
    1, -- Suc_Pars : INTEGER
    '//Assign attributes to the new employee
	FName =rcvd_evt.FName ;
	LName = rcvd_evt.LName;
	National_ID = rcvd_evt.National_ID;
	Birth_Date = rcvd_evt.Birth_Date;

LOG::LogInfo( message:"A new employee is added to the system:"+ FName + LName);
', -- Action_Semantics_internal : STRING
    '', -- Descrip : STRING
    0 -- Dialect : INTEGER
);
INSERT INTO SM_ACT VALUES (
    "ca45fe8f-dbad-455c-899f-ef40d219d806", -- Act_ID : UNIQUE_ID
    "7b5f90bd-656f-4bc9-83bf-771ed45973b0", -- SM_ID : UNIQUE_ID
    3, -- Suc_Pars : INTEGER
    '', -- Action_Semantics_internal : STRING
    '', -- Descrip : STRING
    0 -- Dialect : INTEGER
);
INSERT INTO SM_ACT VALUES (
    "afb84c0b-8b92-481f-b009-4ac610325ad2", -- Act_ID : UNIQUE_ID
    "7b5f90bd-656f-4bc9-83bf-771ed45973b0", -- SM_ID : UNIQUE_ID
    1, -- Suc_Pars : INTEGER
    '//add commencing date of a new employee
Start_Date = TIM::current_date(); //rcvd_evt.date;
LOG::LogInfo( message:"New employee has commenced" );

//LOG::LogInfo( message:"New employee has commenced");

', -- Action_Semantics_internal : STRING
    '', -- Descrip : STRING
    0 -- Dialect : INTEGER
);
INSERT INTO SM_ACT VALUES (
    "becd648f-4aa1-43ca-9b3a-d3fc35c0fd00", -- Act_ID : UNIQUE_ID
    "7b5f90bd-656f-4bc9-83bf-771ed45973b0", -- SM_ID : UNIQUE_ID
    3, -- Suc_Pars : INTEGER
    '', -- Action_Semantics_internal : STRING
    '', -- Descrip : STRING
    0 -- Dialect : INTEGER
);
INSERT INTO SM_AH VALUES (
    "2453e957-c72c-4ed6-a1bc-d234c403269c", -- Act_ID : UNIQUE_ID
    "7b5f90bd-656f-4bc9-83bf-771ed45973b0" -- SM_ID : UNIQUE_ID
);
INSERT INTO SM_AH VALUES (
    "ca45fe8f-dbad-455c-899f-ef40d219d806", -- Act_ID : UNIQUE_ID
    "7b5f90bd-656f-4bc9-83bf-771ed45973b0" -- SM_ID : UNIQUE_ID
);
INSERT INTO SM_AH VALUES (
    "afb84c0b-8b92-481f-b009-4ac610325ad2", -- Act_ID : UNIQUE_ID
    "7b5f90bd-656f-4bc9-83bf-771ed45973b0" -- SM_ID : UNIQUE_ID
);
INSERT INTO SM_AH VALUES (
    "becd648f-4aa1-43ca-9b3a-d3fc35c0fd00", -- Act_ID : UNIQUE_ID
    "7b5f90bd-656f-4bc9-83bf-771ed45973b0" -- SM_ID : UNIQUE_ID
);
INSERT INTO SM_CH VALUES (
    "d5537fcc-bc55-4cfb-8675-25a46ab91a01", -- SMstt_ID : UNIQUE_ID
    "291931bf-a34c-4717-94e5-c19b2a6bb5d3", -- SMevt_ID : UNIQUE_ID
    "7b5f90bd-656f-4bc9-83bf-771ed45973b0", -- SM_ID : UNIQUE_ID
    "00000000-0000-0000-0000-000000000000", -- SMspd_ID : UNIQUE_ID
    '' -- Descrip : STRING
);
INSERT INTO SM_CH VALUES (
    "7c656ab4-0ad9-4212-b7de-2ffb50ca75b4", -- SMstt_ID : UNIQUE_ID
    "291931bf-a34c-4717-94e5-c19b2a6bb5d3", -- SMevt_ID : UNIQUE_ID
    "7b5f90bd-656f-4bc9-83bf-771ed45973b0", -- SM_ID : UNIQUE_ID
    "00000000-0000-0000-0000-000000000000", -- SMspd_ID : UNIQUE_ID
    '' -- Descrip : STRING
);
INSERT INTO SM_CH VALUES (
    "7c656ab4-0ad9-4212-b7de-2ffb50ca75b4", -- SMstt_ID : UNIQUE_ID
    "4399bed0-4e99-4616-aa45-eb724333bc35", -- SMevt_ID : UNIQUE_ID
    "7b5f90bd-656f-4bc9-83bf-771ed45973b0", -- SM_ID : UNIQUE_ID
    "00000000-0000-0000-0000-000000000000", -- SMspd_ID : UNIQUE_ID
    '' -- Descrip : STRING
);
INSERT INTO SM_CRTXN VALUES (
    "292e5e93-2492-4c50-a140-f80cba136b89", -- Trans_ID : UNIQUE_ID
    "7b5f90bd-656f-4bc9-83bf-771ed45973b0", -- SM_ID : UNIQUE_ID
    "291931bf-a34c-4717-94e5-c19b2a6bb5d3", -- SMevt_ID : UNIQUE_ID
    "00000000-0000-0000-0000-000000000000" -- SMspd_ID : UNIQUE_ID
);
INSERT INTO SM_EVT VALUES (
    "291931bf-a34c-4717-94e5-c19b2a6bb5d3", -- SMevt_ID : UNIQUE_ID
    "7b5f90bd-656f-4bc9-83bf-771ed45973b0", -- SM_ID : UNIQUE_ID
    "00000000-0000-0000-0000-000000000000", -- SMspd_ID : UNIQUE_ID
    1, -- Numb : INTEGER
    'newEmployeeRcvd', -- Mning : STRING
    0, -- Is_Lbl_U : INTEGER
    '', -- Unq_Lbl : STRING
    'Employee1', -- Drv_Lbl : STRING
    '' -- Descrip : STRING
);
INSERT INTO SM_EVT VALUES (
    "4399bed0-4e99-4616-aa45-eb724333bc35", -- SMevt_ID : UNIQUE_ID
    "7b5f90bd-656f-4bc9-83bf-771ed45973b0", -- SM_ID : UNIQUE_ID
    "00000000-0000-0000-0000-000000000000", -- SMspd_ID : UNIQUE_ID
    2, -- Numb : INTEGER
    'commencedRcvd', -- Mning : STRING
    0, -- Is_Lbl_U : INTEGER
    '', -- Unq_Lbl : STRING
    'Employee2', -- Drv_Lbl : STRING
    '' -- Descrip : STRING
);
INSERT INTO SM_EVTDI VALUES (
    "1b4a66b0-5c23-4de8-9ae7-736c9f81c8b5", -- SMedi_ID : UNIQUE_ID
    "7b5f90bd-656f-4bc9-83bf-771ed45973b0", -- SM_ID : UNIQUE_ID
    'FName', -- Name : STRING
    '', -- Descrip : STRING
    "ba5eda7a-def5-0000-0000-000000000004", -- DT_ID : UNIQUE_ID
    '', -- Dimensions : STRING
    "291931bf-a34c-4717-94e5-c19b2a6bb5d3", -- SMevt_ID : UNIQUE_ID
    "00000000-0000-0000-0000-000000000000" -- Previous_SMedi_ID : UNIQUE_ID
);
INSERT INTO SM_EVTDI VALUES (
    "9b9b1fdb-7d5f-4288-b2ee-0d0fbd33bfec", -- SMedi_ID : UNIQUE_ID
    "7b5f90bd-656f-4bc9-83bf-771ed45973b0", -- SM_ID : UNIQUE_ID
    'National_ID', -- Name : STRING
    '', -- Descrip : STRING
    "ba5eda7a-def5-0000-0000-000000000002", -- DT_ID : UNIQUE_ID
    '', -- Dimensions : STRING
    "291931bf-a34c-4717-94e5-c19b2a6bb5d3", -- SMevt_ID : UNIQUE_ID
    "1b4a66b0-5c23-4de8-9ae7-736c9f81c8b5" -- Previous_SMedi_ID : UNIQUE_ID
);
INSERT INTO SM_EVTDI VALUES (
    "6709edaf-3b9c-4b26-a13a-6335f0827992", -- SMedi_ID : UNIQUE_ID
    "7b5f90bd-656f-4bc9-83bf-771ed45973b0", -- SM_ID : UNIQUE_ID
    'Birth_Date', -- Name : STRING
    '', -- Descrip : STRING
    "ba5eda7a-def5-0000-0000-00000000000e", -- DT_ID : UNIQUE_ID
    '', -- Dimensions : STRING
    "291931bf-a34c-4717-94e5-c19b2a6bb5d3", -- SMevt_ID : UNIQUE_ID
    "9b9b1fdb-7d5f-4288-b2ee-0d0fbd33bfec" -- Previous_SMedi_ID : UNIQUE_ID
);
INSERT INTO SM_EVTDI VALUES (
    "ae225fc1-9a11-41aa-8f79-514a33c9ec6a", -- SMedi_ID : UNIQUE_ID
    "7b5f90bd-656f-4bc9-83bf-771ed45973b0", -- SM_ID : UNIQUE_ID
    'LName', -- Name : STRING
    '', -- Descrip : STRING
    "ba5eda7a-def5-0000-0000-000000000004", -- DT_ID : UNIQUE_ID
    '', -- Dimensions : STRING
    "291931bf-a34c-4717-94e5-c19b2a6bb5d3", -- SMevt_ID : UNIQUE_ID
    "6709edaf-3b9c-4b26-a13a-6335f0827992" -- Previous_SMedi_ID : UNIQUE_ID
);
INSERT INTO SM_EVTDI VALUES (
    "f2e606c4-81bd-4c9c-b2ca-bb207454268c", -- SMedi_ID : UNIQUE_ID
    "7b5f90bd-656f-4bc9-83bf-771ed45973b0", -- SM_ID : UNIQUE_ID
    'date', -- Name : STRING
    '', -- Descrip : STRING
    "ba5eda7a-def5-0000-0000-00000000000e", -- DT_ID : UNIQUE_ID
    '', -- Dimensions : STRING
    "4399bed0-4e99-4616-aa45-eb724333bc35", -- SMevt_ID : UNIQUE_ID
    "00000000-0000-0000-0000-000000000000" -- Previous_SMedi_ID : UNIQUE_ID
);
INSERT INTO SM_ISM VALUES (
    "7b5f90bd-656f-4bc9-83bf-771ed45973b0", -- SM_ID : UNIQUE_ID
    "d8528470-976c-421b-a087-1201ac24302f" -- Obj_ID : UNIQUE_ID
);
INSERT INTO SM_LEVT VALUES (
    "291931bf-a34c-4717-94e5-c19b2a6bb5d3", -- SMevt_ID : UNIQUE_ID
    "7b5f90bd-656f-4bc9-83bf-771ed45973b0", -- SM_ID : UNIQUE_ID
    "00000000-0000-0000-0000-000000000000" -- SMspd_ID : UNIQUE_ID
);
INSERT INTO SM_LEVT VALUES (
    "4399bed0-4e99-4616-aa45-eb724333bc35", -- SMevt_ID : UNIQUE_ID
    "7b5f90bd-656f-4bc9-83bf-771ed45973b0", -- SM_ID : UNIQUE_ID
    "00000000-0000-0000-0000-000000000000" -- SMspd_ID : UNIQUE_ID
);
INSERT INTO SM_MOAH VALUES (
    "2453e957-c72c-4ed6-a1bc-d234c403269c", -- Act_ID : UNIQUE_ID
    "7b5f90bd-656f-4bc9-83bf-771ed45973b0", -- SM_ID : UNIQUE_ID
    "d5537fcc-bc55-4cfb-8675-25a46ab91a01" -- SMstt_ID : UNIQUE_ID
);
INSERT INTO SM_MOAH VALUES (
    "afb84c0b-8b92-481f-b009-4ac610325ad2", -- Act_ID : UNIQUE_ID
    "7b5f90bd-656f-4bc9-83bf-771ed45973b0", -- SM_ID : UNIQUE_ID
    "7c656ab4-0ad9-4212-b7de-2ffb50ca75b4" -- SMstt_ID : UNIQUE_ID
);
INSERT INTO SM_MOORE VALUES (
    "7b5f90bd-656f-4bc9-83bf-771ed45973b0" -- SM_ID : UNIQUE_ID
);
INSERT INTO SM_NSTXN VALUES (
    "e2bf3f31-2233-4fb0-9b43-3748dd5ec034", -- Trans_ID : UNIQUE_ID
    "7b5f90bd-656f-4bc9-83bf-771ed45973b0", -- SM_ID : UNIQUE_ID
    "d5537fcc-bc55-4cfb-8675-25a46ab91a01", -- SMstt_ID : UNIQUE_ID
    "4399bed0-4e99-4616-aa45-eb724333bc35", -- SMevt_ID : UNIQUE_ID
    "00000000-0000-0000-0000-000000000000" -- SMspd_ID : UNIQUE_ID
);
INSERT INTO SM_SEME VALUES (
    "d5537fcc-bc55-4cfb-8675-25a46ab91a01", -- SMstt_ID : UNIQUE_ID
    "291931bf-a34c-4717-94e5-c19b2a6bb5d3", -- SMevt_ID : UNIQUE_ID
    "7b5f90bd-656f-4bc9-83bf-771ed45973b0", -- SM_ID : UNIQUE_ID
    "00000000-0000-0000-0000-000000000000" -- SMspd_ID : UNIQUE_ID
);
INSERT INTO SM_SEME VALUES (
    "d5537fcc-bc55-4cfb-8675-25a46ab91a01", -- SMstt_ID : UNIQUE_ID
    "4399bed0-4e99-4616-aa45-eb724333bc35", -- SMevt_ID : UNIQUE_ID
    "7b5f90bd-656f-4bc9-83bf-771ed45973b0", -- SM_ID : UNIQUE_ID
    "00000000-0000-0000-0000-000000000000" -- SMspd_ID : UNIQUE_ID
);
INSERT INTO SM_SEME VALUES (
    "7c656ab4-0ad9-4212-b7de-2ffb50ca75b4", -- SMstt_ID : UNIQUE_ID
    "291931bf-a34c-4717-94e5-c19b2a6bb5d3", -- SMevt_ID : UNIQUE_ID
    "7b5f90bd-656f-4bc9-83bf-771ed45973b0", -- SM_ID : UNIQUE_ID
    "00000000-0000-0000-0000-000000000000" -- SMspd_ID : UNIQUE_ID
);
INSERT INTO SM_SEME VALUES (
    "7c656ab4-0ad9-4212-b7de-2ffb50ca75b4", -- SMstt_ID : UNIQUE_ID
    "4399bed0-4e99-4616-aa45-eb724333bc35", -- SMevt_ID : UNIQUE_ID
    "7b5f90bd-656f-4bc9-83bf-771ed45973b0", -- SM_ID : UNIQUE_ID
    "00000000-0000-0000-0000-000000000000" -- SMspd_ID : UNIQUE_ID
);
INSERT INTO SM_SEVT VALUES (
    "291931bf-a34c-4717-94e5-c19b2a6bb5d3", -- SMevt_ID : UNIQUE_ID
    "7b5f90bd-656f-4bc9-83bf-771ed45973b0", -- SM_ID : UNIQUE_ID
    "00000000-0000-0000-0000-000000000000" -- SMspd_ID : UNIQUE_ID
);
INSERT INTO SM_SEVT VALUES (
    "4399bed0-4e99-4616-aa45-eb724333bc35", -- SMevt_ID : UNIQUE_ID
    "7b5f90bd-656f-4bc9-83bf-771ed45973b0", -- SM_ID : UNIQUE_ID
    "00000000-0000-0000-0000-000000000000" -- SMspd_ID : UNIQUE_ID
);
INSERT INTO SM_SM VALUES (
    "7b5f90bd-656f-4bc9-83bf-771ed45973b0", -- SM_ID : UNIQUE_ID
    '', -- Descrip : STRING
    0 -- Config_ID : INTEGER
);
INSERT INTO SM_STATE VALUES (
    "d5537fcc-bc55-4cfb-8675-25a46ab91a01", -- SMstt_ID : UNIQUE_ID
    "7b5f90bd-656f-4bc9-83bf-771ed45973b0", -- SM_ID : UNIQUE_ID
    "00000000-0000-0000-0000-000000000000", -- SMspd_ID : UNIQUE_ID
    'Recruited', -- Name : STRING
    1, -- Numb : INTEGER
    0 -- Final : INTEGER
);
INSERT INTO SM_STATE VALUES (
    "7c656ab4-0ad9-4212-b7de-2ffb50ca75b4", -- SMstt_ID : UNIQUE_ID
    "7b5f90bd-656f-4bc9-83bf-771ed45973b0", -- SM_ID : UNIQUE_ID
    "00000000-0000-0000-0000-000000000000", -- SMspd_ID : UNIQUE_ID
    'Working', -- Name : STRING
    2, -- Numb : INTEGER
    0 -- Final : INTEGER
);
INSERT INTO SM_TAH VALUES (
    "ca45fe8f-dbad-455c-899f-ef40d219d806", -- Act_ID : UNIQUE_ID
    "7b5f90bd-656f-4bc9-83bf-771ed45973b0", -- SM_ID : UNIQUE_ID
    "292e5e93-2492-4c50-a140-f80cba136b89" -- Trans_ID : UNIQUE_ID
);
INSERT INTO SM_TAH VALUES (
    "becd648f-4aa1-43ca-9b3a-d3fc35c0fd00", -- Act_ID : UNIQUE_ID
    "7b5f90bd-656f-4bc9-83bf-771ed45973b0", -- SM_ID : UNIQUE_ID
    "e2bf3f31-2233-4fb0-9b43-3748dd5ec034" -- Trans_ID : UNIQUE_ID
);
INSERT INTO SM_TXN VALUES (
    "292e5e93-2492-4c50-a140-f80cba136b89", -- Trans_ID : UNIQUE_ID
    "7b5f90bd-656f-4bc9-83bf-771ed45973b0", -- SM_ID : UNIQUE_ID
    "d5537fcc-bc55-4cfb-8675-25a46ab91a01", -- SMstt_ID : UNIQUE_ID
    "00000000-0000-0000-0000-000000000000" -- SMspd_ID : UNIQUE_ID
);
INSERT INTO SM_TXN VALUES (
    "e2bf3f31-2233-4fb0-9b43-3748dd5ec034", -- Trans_ID : UNIQUE_ID
    "7b5f90bd-656f-4bc9-83bf-771ed45973b0", -- SM_ID : UNIQUE_ID
    "7c656ab4-0ad9-4212-b7de-2ffb50ca75b4", -- SMstt_ID : UNIQUE_ID
    "00000000-0000-0000-0000-000000000000" -- SMspd_ID : UNIQUE_ID
);
INSERT INTO SPR_PEP VALUES (
    "7582ba79-c063-4631-bcbe-dde14b231908", -- Id : UNIQUE_ID
    "be4e38a9-c84b-44ce-a173-d57405caeeca", -- ExecutableProperty_Id : UNIQUE_ID
    "e211a314-f4cf-4d96-ab5d-86594500f9c9" -- Provision_Id : UNIQUE_ID
);
INSERT INTO SPR_PEP VALUES (
    "fd447b6f-5a17-4d1f-8f3d-080eeeb6d3b5", -- Id : UNIQUE_ID
    "f83ecd5c-00bd-42d1-a795-2868eba34aec", -- ExecutableProperty_Id : UNIQUE_ID
    "e211a314-f4cf-4d96-ab5d-86594500f9c9" -- Provision_Id : UNIQUE_ID
);
INSERT INTO SPR_PEP VALUES (
    "8e12193a-4915-4e0c-8044-11c6b3eaf358", -- Id : UNIQUE_ID
    "dd791a09-c8bd-4868-8174-4726cea8e2d3", -- ExecutableProperty_Id : UNIQUE_ID
    "e211a314-f4cf-4d96-ab5d-86594500f9c9" -- Provision_Id : UNIQUE_ID
);
INSERT INTO SPR_PS VALUES (
    "7582ba79-c063-4631-bcbe-dde14b231908", -- Id : UNIQUE_ID
    'New', -- Name : STRING
    '', -- Descrip : STRING
    '//If there is not match for an employee, then create a new employee.
select any employee from instances of Employee where selected.FName==param.FName and selected.LName==param.LName and selected.National_ID==param.National_ID;
if ( empty employee )
	create object instance repeater of Employee;
	generate Employee1:newEmployeeRcvd(FName:param.FName, LName:param.LName, National_ID:param.National_ID, Birth_Date:param.Birth_Date) to employee;
	UI::Reply( msg:"Employee added successfully.", state:True);
else 
	LOG::LogInfo(message:"Employee already exists!" );	
	UI::Reply( msg:"Employee already exists", state:False);
end if;
', -- Action_Semantics_internal : STRING
    1, -- Suc_Pars : INTEGER
    0 -- Dialect : INTEGER
);
INSERT INTO SPR_PS VALUES (
    "fd447b6f-5a17-4d1f-8f3d-080eeeb6d3b5", -- Id : UNIQUE_ID
    'Reply', -- Name : STRING
    '', -- Descrip : STRING
    '//select many employee from instances of Employee;
//Employees emp = employee
//UI::Reply(emp);', -- Action_Semantics_internal : STRING
    1, -- Suc_Pars : INTEGER
    0 -- Dialect : INTEGER
);
INSERT INTO SPR_PS VALUES (
    "8e12193a-4915-4e0c-8044-11c6b3eaf358", -- Id : UNIQUE_ID
    'Start', -- Name : STRING
    '', -- Descrip : STRING
    '
select any employee from instances of Employee where selected.National_ID==param.National_ID;
if ( not empty employee )
	generate Employee2:commencedRcvd(date:param.date) to employee;
	UI::Reply( msg:"Employee has commenced ", state:True);

else 
	LOG::LogInfo(message:"Employee is not registered!" );
	UI::Reply( msg:"Employee is not found.", state:False);
end if;
', -- Action_Semantics_internal : STRING
    1, -- Suc_Pars : INTEGER
    0 -- Dialect : INTEGER
);
INSERT INTO SPR_REP VALUES (
    "4e8357dc-6003-4dae-b1c1-6f406f5216d6", -- Id : UNIQUE_ID
    "be4e38a9-c84b-44ce-a173-d57405caeeca", -- ExecutableProperty_Id : UNIQUE_ID
    "3c565891-207b-4f8f-906f-7a28c50fa9aa" -- Requirement_Id : UNIQUE_ID
);
INSERT INTO SPR_REP VALUES (
    "62adeee1-7ea3-43cd-a822-47447631b0f8", -- Id : UNIQUE_ID
    "f83ecd5c-00bd-42d1-a795-2868eba34aec", -- ExecutableProperty_Id : UNIQUE_ID
    "3c565891-207b-4f8f-906f-7a28c50fa9aa" -- Requirement_Id : UNIQUE_ID
);
INSERT INTO SPR_REP VALUES (
    "3c887575-84ca-40f7-8c2b-fb4a9c9c2d37", -- Id : UNIQUE_ID
    "dd791a09-c8bd-4868-8174-4726cea8e2d3", -- ExecutableProperty_Id : UNIQUE_ID
    "3c565891-207b-4f8f-906f-7a28c50fa9aa" -- Requirement_Id : UNIQUE_ID
);
INSERT INTO SPR_RS VALUES (
    "4e8357dc-6003-4dae-b1c1-6f406f5216d6", -- Id : UNIQUE_ID
    'New', -- Name : STRING
    '', -- Descrip : STRING
    '', -- Action_Semantics_internal : STRING
    3, -- Suc_Pars : INTEGER
    0 -- Dialect : INTEGER
);
INSERT INTO SPR_RS VALUES (
    "62adeee1-7ea3-43cd-a822-47447631b0f8", -- Id : UNIQUE_ID
    'Reply', -- Name : STRING
    '', -- Descrip : STRING
    '', -- Action_Semantics_internal : STRING
    3, -- Suc_Pars : INTEGER
    0 -- Dialect : INTEGER
);
INSERT INTO SPR_RS VALUES (
    "3c887575-84ca-40f7-8c2b-fb4a9c9c2d37", -- Id : UNIQUE_ID
    'Start', -- Name : STRING
    '', -- Descrip : STRING
    '', -- Action_Semantics_internal : STRING
    3, -- Suc_Pars : INTEGER
    0 -- Dialect : INTEGER
);
INSERT INTO S_BPARM VALUES (
    "e9c68522-20fa-4445-ab22-2abf9f8db971", -- BParm_ID : UNIQUE_ID
    "b34ec664-6dea-44bc-afbf-69645da52f0a", -- Brg_ID : UNIQUE_ID
    'd', -- Name : STRING
    "ba5eda7a-def5-0000-0000-00000000000e", -- DT_ID : UNIQUE_ID
    0, -- By_Ref : INTEGER
    '', -- Dimensions : STRING
    "00000000-0000-0000-0000-000000000000", -- Previous_BParm_ID : UNIQUE_ID
    '' -- Descrip : STRING
);
INSERT INTO S_BPARM VALUES (
    "0096da0d-b18b-4532-a1f3-6ca86fa459d2", -- BParm_ID : UNIQUE_ID
    "b34ec664-6dea-44bc-afbf-69645da52f0a", -- Brg_ID : UNIQUE_ID
    'message', -- Name : STRING
    "ba5eda7a-def5-0000-0000-000000000004", -- DT_ID : UNIQUE_ID
    0, -- By_Ref : INTEGER
    '', -- Dimensions : STRING
    "e9c68522-20fa-4445-ab22-2abf9f8db971", -- Previous_BParm_ID : UNIQUE_ID
    '' -- Descrip : STRING
);
INSERT INTO S_BPARM VALUES (
    "75ebdabf-e4e2-4133-8c3d-0e33be4c1f80", -- BParm_ID : UNIQUE_ID
    "2dcf3e84-1208-4e7f-a70c-a54d15f1ce77", -- Brg_ID : UNIQUE_ID
    'message', -- Name : STRING
    "ba5eda7a-def5-0000-0000-000000000004", -- DT_ID : UNIQUE_ID
    0, -- By_Ref : INTEGER
    '', -- Dimensions : STRING
    "00000000-0000-0000-0000-000000000000", -- Previous_BParm_ID : UNIQUE_ID
    '' -- Descrip : STRING
);
INSERT INTO S_BPARM VALUES (
    "b63b67af-56f4-4ea0-a7e4-10a0759fc2b9", -- BParm_ID : UNIQUE_ID
    "af615ef3-56dd-40b1-be6b-27e07023a829", -- Brg_ID : UNIQUE_ID
    'message', -- Name : STRING
    "ba5eda7a-def5-0000-0000-000000000004", -- DT_ID : UNIQUE_ID
    0, -- By_Ref : INTEGER
    '', -- Dimensions : STRING
    "00000000-0000-0000-0000-000000000000", -- Previous_BParm_ID : UNIQUE_ID
    '' -- Descrip : STRING
);
INSERT INTO S_BPARM VALUES (
    "ccdb7d2a-319c-4887-b31e-89e920b236fe", -- BParm_ID : UNIQUE_ID
    "474dc6f1-f8eb-4a43-8ae9-fd7ec3f494ce", -- Brg_ID : UNIQUE_ID
    'message', -- Name : STRING
    "ba5eda7a-def5-0000-0000-000000000002", -- DT_ID : UNIQUE_ID
    0, -- By_Ref : INTEGER
    '', -- Dimensions : STRING
    "00000000-0000-0000-0000-000000000000", -- Previous_BParm_ID : UNIQUE_ID
    '' -- Descrip : STRING
);
INSERT INTO S_BPARM VALUES (
    "dcd130d4-ee17-4be5-8b7e-6d847c7b3b19", -- BParm_ID : UNIQUE_ID
    "a9e838fb-4772-4822-aee6-57f775da6967", -- Brg_ID : UNIQUE_ID
    'r', -- Name : STRING
    "ba5eda7a-def5-0000-0000-000000000003", -- DT_ID : UNIQUE_ID
    0, -- By_Ref : INTEGER
    '', -- Dimensions : STRING
    "c0551359-a1b0-4e13-bde0-184892639b14", -- Previous_BParm_ID : UNIQUE_ID
    '' -- Descrip : STRING
);
INSERT INTO S_BPARM VALUES (
    "c0551359-a1b0-4e13-bde0-184892639b14", -- BParm_ID : UNIQUE_ID
    "a9e838fb-4772-4822-aee6-57f775da6967", -- Brg_ID : UNIQUE_ID
    'message', -- Name : STRING
    "ba5eda7a-def5-0000-0000-000000000004", -- DT_ID : UNIQUE_ID
    0, -- By_Ref : INTEGER
    '', -- Dimensions : STRING
    "00000000-0000-0000-0000-000000000000", -- Previous_BParm_ID : UNIQUE_ID
    '' -- Descrip : STRING
);
INSERT INTO S_BPARM VALUES (
    "062ab47d-832f-4c30-b495-e7e88749b61a", -- BParm_ID : UNIQUE_ID
    "c56d3597-5a54-4d78-8914-2dc2594c2af4", -- Brg_ID : UNIQUE_ID
    'message', -- Name : STRING
    "ba5eda7a-def5-0000-0000-000000000004", -- DT_ID : UNIQUE_ID
    0, -- By_Ref : INTEGER
    '', -- Dimensions : STRING
    "00000000-0000-0000-0000-000000000000", -- Previous_BParm_ID : UNIQUE_ID
    '' -- Descrip : STRING
);
INSERT INTO S_BPARM VALUES (
    "ddef5865-5c6c-48d0-ad1c-0ff53abaa403", -- BParm_ID : UNIQUE_ID
    "77300edb-b891-4e35-858b-9e8cb6437f19", -- Brg_ID : UNIQUE_ID
    't', -- Name : STRING
    "ba5eda7a-def5-0000-0000-000000000010", -- DT_ID : UNIQUE_ID
    0, -- By_Ref : INTEGER
    '', -- Dimensions : STRING
    "fa21667d-7b40-4f1e-8f18-bf2482852c21", -- Previous_BParm_ID : UNIQUE_ID
    '' -- Descrip : STRING
);
INSERT INTO S_BPARM VALUES (
    "fa21667d-7b40-4f1e-8f18-bf2482852c21", -- BParm_ID : UNIQUE_ID
    "77300edb-b891-4e35-858b-9e8cb6437f19", -- Brg_ID : UNIQUE_ID
    'message', -- Name : STRING
    "ba5eda7a-def5-0000-0000-000000000004", -- DT_ID : UNIQUE_ID
    0, -- By_Ref : INTEGER
    '', -- Dimensions : STRING
    "00000000-0000-0000-0000-000000000000", -- Previous_BParm_ID : UNIQUE_ID
    '' -- Descrip : STRING
);
INSERT INTO S_BPARM VALUES (
    "2ff84885-d9d8-4403-82b1-cf68d9f4c2ff", -- BParm_ID : UNIQUE_ID
    "e6bddfad-112a-4e3d-983c-17cf660f6a1d", -- Brg_ID : UNIQUE_ID
    'second', -- Name : STRING
    "ba5eda7a-def5-0000-0000-000000000002", -- DT_ID : UNIQUE_ID
    0, -- By_Ref : INTEGER
    '', -- Dimensions : STRING
    "b618c824-214f-496d-9f10-3fd50db9e512", -- Previous_BParm_ID : UNIQUE_ID
    '' -- Descrip : STRING
);
INSERT INTO S_BPARM VALUES (
    "b618c824-214f-496d-9f10-3fd50db9e512", -- BParm_ID : UNIQUE_ID
    "e6bddfad-112a-4e3d-983c-17cf660f6a1d", -- Brg_ID : UNIQUE_ID
    'minute', -- Name : STRING
    "ba5eda7a-def5-0000-0000-000000000002", -- DT_ID : UNIQUE_ID
    0, -- By_Ref : INTEGER
    '', -- Dimensions : STRING
    "aa1100ee-c7e5-4ecb-b21a-a458b9395f0f", -- Previous_BParm_ID : UNIQUE_ID
    '' -- Descrip : STRING
);
INSERT INTO S_BPARM VALUES (
    "aa1100ee-c7e5-4ecb-b21a-a458b9395f0f", -- BParm_ID : UNIQUE_ID
    "e6bddfad-112a-4e3d-983c-17cf660f6a1d", -- Brg_ID : UNIQUE_ID
    'hour', -- Name : STRING
    "ba5eda7a-def5-0000-0000-000000000002", -- DT_ID : UNIQUE_ID
    0, -- By_Ref : INTEGER
    '', -- Dimensions : STRING
    "076564bb-aa4b-45d4-a897-765cb7a7623d", -- Previous_BParm_ID : UNIQUE_ID
    '' -- Descrip : STRING
);
INSERT INTO S_BPARM VALUES (
    "076564bb-aa4b-45d4-a897-765cb7a7623d", -- BParm_ID : UNIQUE_ID
    "e6bddfad-112a-4e3d-983c-17cf660f6a1d", -- Brg_ID : UNIQUE_ID
    'day', -- Name : STRING
    "ba5eda7a-def5-0000-0000-000000000002", -- DT_ID : UNIQUE_ID
    0, -- By_Ref : INTEGER
    '', -- Dimensions : STRING
    "a8dc93e1-f7e2-4b96-ba42-d464e71e81dd", -- Previous_BParm_ID : UNIQUE_ID
    '' -- Descrip : STRING
);
INSERT INTO S_BPARM VALUES (
    "a8dc93e1-f7e2-4b96-ba42-d464e71e81dd", -- BParm_ID : UNIQUE_ID
    "e6bddfad-112a-4e3d-983c-17cf660f6a1d", -- Brg_ID : UNIQUE_ID
    'month', -- Name : STRING
    "ba5eda7a-def5-0000-0000-000000000002", -- DT_ID : UNIQUE_ID
    0, -- By_Ref : INTEGER
    '', -- Dimensions : STRING
    "bd9cb1eb-612c-4cf4-a5aa-5ba7f8820cc3", -- Previous_BParm_ID : UNIQUE_ID
    '' -- Descrip : STRING
);
INSERT INTO S_BPARM VALUES (
    "bd9cb1eb-612c-4cf4-a5aa-5ba7f8820cc3", -- BParm_ID : UNIQUE_ID
    "e6bddfad-112a-4e3d-983c-17cf660f6a1d", -- Brg_ID : UNIQUE_ID
    'year', -- Name : STRING
    "ba5eda7a-def5-0000-0000-000000000002", -- DT_ID : UNIQUE_ID
    0, -- By_Ref : INTEGER
    '', -- Dimensions : STRING
    "00000000-0000-0000-0000-000000000000", -- Previous_BParm_ID : UNIQUE_ID
    '' -- Descrip : STRING
);
INSERT INTO S_BPARM VALUES (
    "7521082d-9202-4338-9c55-6857f6eab728", -- BParm_ID : UNIQUE_ID
    "38a0bf36-f1fa-46ff-9ac5-30980dbf9ba0", -- Brg_ID : UNIQUE_ID
    'date', -- Name : STRING
    "ba5eda7a-def5-0000-0000-00000000000e", -- DT_ID : UNIQUE_ID
    0, -- By_Ref : INTEGER
    '', -- Dimensions : STRING
    "00000000-0000-0000-0000-000000000000", -- Previous_BParm_ID : UNIQUE_ID
    '' -- Descrip : STRING
);
INSERT INTO S_BPARM VALUES (
    "ec9a6f91-6a94-401e-a679-35130105b5ea", -- BParm_ID : UNIQUE_ID
    "2052aeb8-71a4-49e3-864d-b678d3906bed", -- Brg_ID : UNIQUE_ID
    'date', -- Name : STRING
    "ba5eda7a-def5-0000-0000-00000000000e", -- DT_ID : UNIQUE_ID
    0, -- By_Ref : INTEGER
    '', -- Dimensions : STRING
    "00000000-0000-0000-0000-000000000000", -- Previous_BParm_ID : UNIQUE_ID
    '' -- Descrip : STRING
);
INSERT INTO S_BPARM VALUES (
    "84d75bad-1e52-43aa-aa26-ca21bbf0a968", -- BParm_ID : UNIQUE_ID
    "ffe9b4a1-cf2d-46b7-9789-be3f258319ec", -- Brg_ID : UNIQUE_ID
    'date', -- Name : STRING
    "ba5eda7a-def5-0000-0000-00000000000e", -- DT_ID : UNIQUE_ID
    0, -- By_Ref : INTEGER
    '', -- Dimensions : STRING
    "00000000-0000-0000-0000-000000000000", -- Previous_BParm_ID : UNIQUE_ID
    '' -- Descrip : STRING
);
INSERT INTO S_BPARM VALUES (
    "4a4ba548-f47c-486b-8ef0-77ed20e6a45e", -- BParm_ID : UNIQUE_ID
    "cccf7316-ec6f-4823-ade0-eaab3e2435fc", -- Brg_ID : UNIQUE_ID
    'date', -- Name : STRING
    "ba5eda7a-def5-0000-0000-00000000000e", -- DT_ID : UNIQUE_ID
    0, -- By_Ref : INTEGER
    '', -- Dimensions : STRING
    "00000000-0000-0000-0000-000000000000", -- Previous_BParm_ID : UNIQUE_ID
    '' -- Descrip : STRING
);
INSERT INTO S_BPARM VALUES (
    "d40816f7-b76c-427b-b6d7-446d20d03ee3", -- BParm_ID : UNIQUE_ID
    "e4d7890a-c0ba-4e92-bb75-a89f7a1deb89", -- Brg_ID : UNIQUE_ID
    'date', -- Name : STRING
    "ba5eda7a-def5-0000-0000-00000000000e", -- DT_ID : UNIQUE_ID
    0, -- By_Ref : INTEGER
    '', -- Dimensions : STRING
    "00000000-0000-0000-0000-000000000000", -- Previous_BParm_ID : UNIQUE_ID
    '' -- Descrip : STRING
);
INSERT INTO S_BPARM VALUES (
    "5b29a6f6-08a1-4ddf-9107-136a053c0933", -- BParm_ID : UNIQUE_ID
    "cd04774e-daca-4924-8bf8-26acb2101a9a", -- Brg_ID : UNIQUE_ID
    'date', -- Name : STRING
    "ba5eda7a-def5-0000-0000-00000000000e", -- DT_ID : UNIQUE_ID
    0, -- By_Ref : INTEGER
    '', -- Dimensions : STRING
    "00000000-0000-0000-0000-000000000000", -- Previous_BParm_ID : UNIQUE_ID
    '' -- Descrip : STRING
);
INSERT INTO S_BPARM VALUES (
    "eebfd799-31fd-4ce8-a08a-9724a263b762", -- BParm_ID : UNIQUE_ID
    "0b4c485f-017d-40b6-9a7e-57fda5776da4", -- Brg_ID : UNIQUE_ID
    'microseconds', -- Name : STRING
    "ba5eda7a-def5-0000-0000-000000000002", -- DT_ID : UNIQUE_ID
    0, -- By_Ref : INTEGER
    '', -- Dimensions : STRING
    "9b715479-d702-47cb-8122-8620dc4ed902", -- Previous_BParm_ID : UNIQUE_ID
    '' -- Descrip : STRING
);
INSERT INTO S_BPARM VALUES (
    "9b715479-d702-47cb-8122-8620dc4ed902", -- BParm_ID : UNIQUE_ID
    "0b4c485f-017d-40b6-9a7e-57fda5776da4", -- Brg_ID : UNIQUE_ID
    'event_inst', -- Name : STRING
    "ba5eda7a-def5-0000-0000-00000000000a", -- DT_ID : UNIQUE_ID
    0, -- By_Ref : INTEGER
    '', -- Dimensions : STRING
    "00000000-0000-0000-0000-000000000000", -- Previous_BParm_ID : UNIQUE_ID
    '' -- Descrip : STRING
);
INSERT INTO S_BPARM VALUES (
    "f837dc1f-51c1-4f10-8f70-894551d66b04", -- BParm_ID : UNIQUE_ID
    "16322409-ab18-4a8a-8189-42924b6ad4c7", -- Brg_ID : UNIQUE_ID
    'microseconds', -- Name : STRING
    "ba5eda7a-def5-0000-0000-000000000002", -- DT_ID : UNIQUE_ID
    0, -- By_Ref : INTEGER
    '', -- Dimensions : STRING
    "d4bcf76d-bce4-4c9a-9fe9-5fd26309ed9a", -- Previous_BParm_ID : UNIQUE_ID
    '' -- Descrip : STRING
);
INSERT INTO S_BPARM VALUES (
    "d4bcf76d-bce4-4c9a-9fe9-5fd26309ed9a", -- BParm_ID : UNIQUE_ID
    "16322409-ab18-4a8a-8189-42924b6ad4c7", -- Brg_ID : UNIQUE_ID
    'event_inst', -- Name : STRING
    "ba5eda7a-def5-0000-0000-00000000000a", -- DT_ID : UNIQUE_ID
    0, -- By_Ref : INTEGER
    '', -- Dimensions : STRING
    "00000000-0000-0000-0000-000000000000", -- Previous_BParm_ID : UNIQUE_ID
    '' -- Descrip : STRING
);
INSERT INTO S_BPARM VALUES (
    "2acf22f9-c00d-4469-9fad-399b127eee5b", -- BParm_ID : UNIQUE_ID
    "724d498a-672c-4565-ade3-ad23463f9c4e", -- Brg_ID : UNIQUE_ID
    'timer_inst_ref', -- Name : STRING
    "ba5eda7a-def5-0000-0000-00000000000f", -- DT_ID : UNIQUE_ID
    0, -- By_Ref : INTEGER
    '', -- Dimensions : STRING
    "00000000-0000-0000-0000-000000000000", -- Previous_BParm_ID : UNIQUE_ID
    '' -- Descrip : STRING
);
INSERT INTO S_BPARM VALUES (
    "8c3b610d-cb43-431e-a887-f93a904a8d13", -- BParm_ID : UNIQUE_ID
    "587a5601-85c2-4712-9523-edb532578dab", -- Brg_ID : UNIQUE_ID
    'timer_inst_ref', -- Name : STRING
    "ba5eda7a-def5-0000-0000-00000000000f", -- DT_ID : UNIQUE_ID
    0, -- By_Ref : INTEGER
    '', -- Dimensions : STRING
    "f3102f1e-34e8-4504-bb2c-986aecdb906d", -- Previous_BParm_ID : UNIQUE_ID
    '' -- Descrip : STRING
);
INSERT INTO S_BPARM VALUES (
    "f3102f1e-34e8-4504-bb2c-986aecdb906d", -- BParm_ID : UNIQUE_ID
    "587a5601-85c2-4712-9523-edb532578dab", -- Brg_ID : UNIQUE_ID
    'microseconds', -- Name : STRING
    "ba5eda7a-def5-0000-0000-000000000002", -- DT_ID : UNIQUE_ID
    0, -- By_Ref : INTEGER
    '', -- Dimensions : STRING
    "00000000-0000-0000-0000-000000000000", -- Previous_BParm_ID : UNIQUE_ID
    '' -- Descrip : STRING
);
INSERT INTO S_BPARM VALUES (
    "468de39e-d4fc-4f30-accf-11eb27171171", -- BParm_ID : UNIQUE_ID
    "a160d621-7f28-44ee-b4d9-59b10ef2e404", -- Brg_ID : UNIQUE_ID
    'timer_inst_ref', -- Name : STRING
    "ba5eda7a-def5-0000-0000-00000000000f", -- DT_ID : UNIQUE_ID
    0, -- By_Ref : INTEGER
    '', -- Dimensions : STRING
    "d464f0b4-214d-40d1-87b3-f836b218ccaf", -- Previous_BParm_ID : UNIQUE_ID
    '' -- Descrip : STRING
);
INSERT INTO S_BPARM VALUES (
    "d464f0b4-214d-40d1-87b3-f836b218ccaf", -- BParm_ID : UNIQUE_ID
    "a160d621-7f28-44ee-b4d9-59b10ef2e404", -- Brg_ID : UNIQUE_ID
    'microseconds', -- Name : STRING
    "ba5eda7a-def5-0000-0000-000000000002", -- DT_ID : UNIQUE_ID
    0, -- By_Ref : INTEGER
    '', -- Dimensions : STRING
    "00000000-0000-0000-0000-000000000000", -- Previous_BParm_ID : UNIQUE_ID
    '' -- Descrip : STRING
);
INSERT INTO S_BPARM VALUES (
    "e74eb78d-a2ce-4224-bdad-cc900e1a843b", -- BParm_ID : UNIQUE_ID
    "b2f303f5-6e95-4731-a762-be0c0eb02ca7", -- Brg_ID : UNIQUE_ID
    'timer_inst_ref', -- Name : STRING
    "ba5eda7a-def5-0000-0000-00000000000f", -- DT_ID : UNIQUE_ID
    0, -- By_Ref : INTEGER
    '', -- Dimensions : STRING
    "00000000-0000-0000-0000-000000000000", -- Previous_BParm_ID : UNIQUE_ID
    '' -- Descrip : STRING
);
INSERT INTO S_BPARM VALUES (
    "c6e934fc-2ef0-40c1-a16c-0a06a0277880", -- BParm_ID : UNIQUE_ID
    "4c84eeef-580a-44c0-99a3-07b6a73452d7", -- Brg_ID : UNIQUE_ID
    'name', -- Name : STRING
    "ba5eda7a-def5-0000-0000-000000000004", -- DT_ID : UNIQUE_ID
    0, -- By_Ref : INTEGER
    '', -- Dimensions : STRING
    "00000000-0000-0000-0000-000000000000", -- Previous_BParm_ID : UNIQUE_ID
    '' -- Descrip : STRING
);
INSERT INTO S_BPARM VALUES (
    "aa97ca18-dd08-4372-a172-5fea79e99363", -- BParm_ID : UNIQUE_ID
    "4c84eeef-580a-44c0-99a3-07b6a73452d7", -- Brg_ID : UNIQUE_ID
    'usage', -- Name : STRING
    "ba5eda7a-def5-0000-0000-000000000004", -- DT_ID : UNIQUE_ID
    0, -- By_Ref : INTEGER
    '', -- Dimensions : STRING
    "c6e934fc-2ef0-40c1-a16c-0a06a0277880", -- Previous_BParm_ID : UNIQUE_ID
    '' -- Descrip : STRING
);
INSERT INTO S_BPARM VALUES (
    "fe6e347e-148c-41b0-93d2-103cb5b039c7", -- BParm_ID : UNIQUE_ID
    "552205ca-aa70-45be-9f6c-fed75e322243", -- Brg_ID : UNIQUE_ID
    'name', -- Name : STRING
    "ba5eda7a-def5-0000-0000-000000000004", -- DT_ID : UNIQUE_ID
    0, -- By_Ref : INTEGER
    '', -- Dimensions : STRING
    "00000000-0000-0000-0000-000000000000", -- Previous_BParm_ID : UNIQUE_ID
    '' -- Descrip : STRING
);
INSERT INTO S_BPARM VALUES (
    "aeafcd39-100f-4510-b577-b492a87341b4", -- BParm_ID : UNIQUE_ID
    "552205ca-aa70-45be-9f6c-fed75e322243", -- Brg_ID : UNIQUE_ID
    'usage', -- Name : STRING
    "ba5eda7a-def5-0000-0000-000000000004", -- DT_ID : UNIQUE_ID
    0, -- By_Ref : INTEGER
    '', -- Dimensions : STRING
    "de67d99a-f018-4c57-8c77-ae04092276d5", -- Previous_BParm_ID : UNIQUE_ID
    '' -- Descrip : STRING
);
INSERT INTO S_BPARM VALUES (
    "1116bbba-a679-4051-9499-b6b084b1ce4b", -- BParm_ID : UNIQUE_ID
    "552205ca-aa70-45be-9f6c-fed75e322243", -- Brg_ID : UNIQUE_ID
    'default_value', -- Name : STRING
    "ba5eda7a-def5-0000-0000-000000000004", -- DT_ID : UNIQUE_ID
    0, -- By_Ref : INTEGER
    '', -- Dimensions : STRING
    "aeafcd39-100f-4510-b577-b492a87341b4", -- Previous_BParm_ID : UNIQUE_ID
    '' -- Descrip : STRING
);
INSERT INTO S_BPARM VALUES (
    "de67d99a-f018-4c57-8c77-ae04092276d5", -- BParm_ID : UNIQUE_ID
    "552205ca-aa70-45be-9f6c-fed75e322243", -- Brg_ID : UNIQUE_ID
    'value_name', -- Name : STRING
    "ba5eda7a-def5-0000-0000-000000000004", -- DT_ID : UNIQUE_ID
    0, -- By_Ref : INTEGER
    '', -- Dimensions : STRING
    "fe6e347e-148c-41b0-93d2-103cb5b039c7", -- Previous_BParm_ID : UNIQUE_ID
    '' -- Descrip : STRING
);
INSERT INTO S_BPARM VALUES (
    "c0949355-b740-4feb-9f33-245a8ef01d3f", -- BParm_ID : UNIQUE_ID
    "552205ca-aa70-45be-9f6c-fed75e322243", -- Brg_ID : UNIQUE_ID
    'required', -- Name : STRING
    "ba5eda7a-def5-0000-0000-000000000001", -- DT_ID : UNIQUE_ID
    0, -- By_Ref : INTEGER
    '', -- Dimensions : STRING
    "1116bbba-a679-4051-9499-b6b084b1ce4b", -- Previous_BParm_ID : UNIQUE_ID
    '' -- Descrip : STRING
);
INSERT INTO S_BPARM VALUES (
    "0b5faa27-1c3c-451f-8cde-e5556fa72e6f", -- BParm_ID : UNIQUE_ID
    "e14dac49-6263-450c-a836-b0d18eb918ce", -- Brg_ID : UNIQUE_ID
    'name', -- Name : STRING
    "ba5eda7a-def5-0000-0000-000000000004", -- DT_ID : UNIQUE_ID
    0, -- By_Ref : INTEGER
    '', -- Dimensions : STRING
    "00000000-0000-0000-0000-000000000000", -- Previous_BParm_ID : UNIQUE_ID
    '' -- Descrip : STRING
);
INSERT INTO S_BPARM VALUES (
    "4c7c1c7f-d782-47de-94dc-8c16a0605a70", -- BParm_ID : UNIQUE_ID
    "48b8f9dc-e8f2-41f2-9b8e-d6b671643328", -- Brg_ID : UNIQUE_ID
    'name', -- Name : STRING
    "ba5eda7a-def5-0000-0000-000000000004", -- DT_ID : UNIQUE_ID
    0, -- By_Ref : INTEGER
    '', -- Dimensions : STRING
    "00000000-0000-0000-0000-000000000000", -- Previous_BParm_ID : UNIQUE_ID
    '' -- Descrip : STRING
);
INSERT INTO S_BPARM VALUES (
    "37ef52bb-354f-4080-951f-232d57d97550", -- BParm_ID : UNIQUE_ID
    "1f23e627-377e-4168-a4a2-bda0a5ec42eb", -- Brg_ID : UNIQUE_ID
    'i', -- Name : STRING
    "ba5eda7a-def5-0000-0000-000000000002", -- DT_ID : UNIQUE_ID
    0, -- By_Ref : INTEGER
    '', -- Dimensions : STRING
    "00000000-0000-0000-0000-000000000000", -- Previous_BParm_ID : UNIQUE_ID
    '' -- Descrip : STRING
);
INSERT INTO S_BPARM VALUES (
    "dcf08dfe-7a14-4dff-9610-adce1f97728c", -- BParm_ID : UNIQUE_ID
    "5f3c759c-6b7b-4ee8-8e47-370fb4a90427", -- Brg_ID : UNIQUE_ID
    's', -- Name : STRING
    "ba5eda7a-def5-0000-0000-000000000004", -- DT_ID : UNIQUE_ID
    0, -- By_Ref : INTEGER
    '', -- Dimensions : STRING
    "00000000-0000-0000-0000-000000000000", -- Previous_BParm_ID : UNIQUE_ID
    '' -- Descrip : STRING
);
INSERT INTO S_BPARM VALUES (
    "4d7b8f22-8059-47ca-a987-bb57179f7901", -- BParm_ID : UNIQUE_ID
    "89d596ad-2792-4523-b93e-7f73d50eaa81", -- Brg_ID : UNIQUE_ID
    's', -- Name : STRING
    "ba5eda7a-def5-0000-0000-000000000004", -- DT_ID : UNIQUE_ID
    0, -- By_Ref : INTEGER
    '', -- Dimensions : STRING
    "00000000-0000-0000-0000-000000000000", -- Previous_BParm_ID : UNIQUE_ID
    '' -- Descrip : STRING
);
INSERT INTO S_BPARM VALUES (
    "5672b300-8883-407f-b671-9972b79679ef", -- BParm_ID : UNIQUE_ID
    "89d596ad-2792-4523-b93e-7f73d50eaa81", -- Brg_ID : UNIQUE_ID
    'begin', -- Name : STRING
    "ba5eda7a-def5-0000-0000-000000000002", -- DT_ID : UNIQUE_ID
    0, -- By_Ref : INTEGER
    '', -- Dimensions : STRING
    "4d7b8f22-8059-47ca-a987-bb57179f7901", -- Previous_BParm_ID : UNIQUE_ID
    '' -- Descrip : STRING
);
INSERT INTO S_BPARM VALUES (
    "4d74bbb3-4555-4bb8-b43d-9c505332a21d", -- BParm_ID : UNIQUE_ID
    "89d596ad-2792-4523-b93e-7f73d50eaa81", -- Brg_ID : UNIQUE_ID
    'end', -- Name : STRING
    "ba5eda7a-def5-0000-0000-000000000002", -- DT_ID : UNIQUE_ID
    0, -- By_Ref : INTEGER
    '', -- Dimensions : STRING
    "5672b300-8883-407f-b671-9972b79679ef", -- Previous_BParm_ID : UNIQUE_ID
    '' -- Descrip : STRING
);
INSERT INTO S_BPARM VALUES (
    "fcac9711-b2b9-4b20-a255-28cd2024c9c5", -- BParm_ID : UNIQUE_ID
    "ffa333ae-485c-4095-8a9f-2ea460bbb53f", -- Brg_ID : UNIQUE_ID
    's', -- Name : STRING
    "ba5eda7a-def5-0000-0000-000000000004", -- DT_ID : UNIQUE_ID
    0, -- By_Ref : INTEGER
    '', -- Dimensions : STRING
    "00000000-0000-0000-0000-000000000000", -- Previous_BParm_ID : UNIQUE_ID
    '' -- Descrip : STRING
);
INSERT INTO S_BPARM VALUES (
    "03af71b0-2807-442d-9e88-c095ff2543ac", -- BParm_ID : UNIQUE_ID
    "7336eafe-bf7f-45cf-a139-f0fa44c5400e", -- Brg_ID : UNIQUE_ID
    'haystack', -- Name : STRING
    "ba5eda7a-def5-0000-0000-000000000004", -- DT_ID : UNIQUE_ID
    0, -- By_Ref : INTEGER
    '', -- Dimensions : STRING
    "00000000-0000-0000-0000-000000000000", -- Previous_BParm_ID : UNIQUE_ID
    '' -- Descrip : STRING
);
INSERT INTO S_BPARM VALUES (
    "42f61ab6-7e6f-4814-a9b2-e0b84a3f9187", -- BParm_ID : UNIQUE_ID
    "7336eafe-bf7f-45cf-a139-f0fa44c5400e", -- Brg_ID : UNIQUE_ID
    'needle', -- Name : STRING
    "ba5eda7a-def5-0000-0000-000000000004", -- DT_ID : UNIQUE_ID
    0, -- By_Ref : INTEGER
    '', -- Dimensions : STRING
    "03af71b0-2807-442d-9e88-c095ff2543ac", -- Previous_BParm_ID : UNIQUE_ID
    '' -- Descrip : STRING
);
INSERT INTO S_BPARM VALUES (
    "21d3e869-1404-48d5-a267-164cc9137af6", -- BParm_ID : UNIQUE_ID
    "d62c634b-74cc-4271-879d-bb16f8243125", -- Brg_ID : UNIQUE_ID
    's', -- Name : STRING
    "ba5eda7a-def5-0000-0000-000000000004", -- DT_ID : UNIQUE_ID
    0, -- By_Ref : INTEGER
    '', -- Dimensions : STRING
    "00000000-0000-0000-0000-000000000000", -- Previous_BParm_ID : UNIQUE_ID
    '' -- Descrip : STRING
);
INSERT INTO S_BPARM VALUES (
    "e87f42b4-d43e-43d5-ac81-caaa57626be5", -- BParm_ID : UNIQUE_ID
    "98d84f3d-005b-4259-a245-635911bfd6d9", -- Brg_ID : UNIQUE_ID
    's', -- Name : STRING
    "ba5eda7a-def5-0000-0000-000000000004", -- DT_ID : UNIQUE_ID
    0, -- By_Ref : INTEGER
    '', -- Dimensions : STRING
    "00000000-0000-0000-0000-000000000000", -- Previous_BParm_ID : UNIQUE_ID
    '' -- Descrip : STRING
);
INSERT INTO S_BPARM VALUES (
    "d5edd80c-223e-48c5-a69f-415ad3aaec87", -- BParm_ID : UNIQUE_ID
    "2d05e784-4e68-4ad9-b373-5583b0c79497", -- Brg_ID : UNIQUE_ID
    's', -- Name : STRING
    "ba5eda7a-def5-0000-0000-000000000004", -- DT_ID : UNIQUE_ID
    0, -- By_Ref : INTEGER
    '', -- Dimensions : STRING
    "00000000-0000-0000-0000-000000000000", -- Previous_BParm_ID : UNIQUE_ID
    '' -- Descrip : STRING
);
INSERT INTO S_BPARM VALUES (
    "95a61ef6-9dee-4090-a67d-d7662540764b", -- BParm_ID : UNIQUE_ID
    "7b593108-9200-42f0-86c7-49dfd1e5d704", -- Brg_ID : UNIQUE_ID
    'x', -- Name : STRING
    "ba5eda7a-def5-0000-0000-000000000003", -- DT_ID : UNIQUE_ID
    0, -- By_Ref : INTEGER
    '', -- Dimensions : STRING
    "00000000-0000-0000-0000-000000000000", -- Previous_BParm_ID : UNIQUE_ID
    '' -- Descrip : STRING
);
INSERT INTO S_BPARM VALUES (
    "a040d4f5-eff4-4e79-9892-bc6e87f12996", -- BParm_ID : UNIQUE_ID
    "c1f05ae4-a5cb-40a3-a774-d2cddaff579b", -- Brg_ID : UNIQUE_ID
    'attr', -- Name : STRING
    "ba5eda7a-def5-0000-0000-000000000004", -- DT_ID : UNIQUE_ID
    0, -- By_Ref : INTEGER
    '', -- Dimensions : STRING
    "00000000-0000-0000-0000-000000000000", -- Previous_BParm_ID : UNIQUE_ID
    '' -- Descrip : STRING
);
INSERT INTO S_BPARM VALUES (
    "59173bf2-34e1-49c0-82e9-647abc0e795c", -- BParm_ID : UNIQUE_ID
    "cc2b571f-54b2-4585-86b3-d879d5e34b3d", -- Brg_ID : UNIQUE_ID
    'attr', -- Name : STRING
    "ba5eda7a-def5-0000-0000-000000000004", -- DT_ID : UNIQUE_ID
    0, -- By_Ref : INTEGER
    '', -- Dimensions : STRING
    "00000000-0000-0000-0000-000000000000", -- Previous_BParm_ID : UNIQUE_ID
    '' -- Descrip : STRING
);
INSERT INTO S_BPARM VALUES (
    "7f80d22c-9adb-4f9b-8b1a-d20e9587a9ed", -- BParm_ID : UNIQUE_ID
    "3c5d78ee-496c-451e-bcc7-ad0d222c0e32", -- Brg_ID : UNIQUE_ID
    'java_class', -- Name : STRING
    "ba5eda7a-def5-0000-0000-000000000004", -- DT_ID : UNIQUE_ID
    0, -- By_Ref : INTEGER
    '', -- Dimensions : STRING
    "00000000-0000-0000-0000-000000000000", -- Previous_BParm_ID : UNIQUE_ID
    '' -- Descrip : STRING
);
INSERT INTO S_BPARM VALUES (
    "030b8ad4-05ad-415a-9745-c98c4f790575", -- BParm_ID : UNIQUE_ID
    "3c5d78ee-496c-451e-bcc7-ad0d222c0e32", -- Brg_ID : UNIQUE_ID
    'args', -- Name : STRING
    "ba5eda7a-def5-0000-0000-000000000004", -- DT_ID : UNIQUE_ID
    0, -- By_Ref : INTEGER
    '[]', -- Dimensions : STRING
    "7f80d22c-9adb-4f9b-8b1a-d20e9587a9ed", -- Previous_BParm_ID : UNIQUE_ID
    '' -- Descrip : STRING
);
INSERT INTO S_BPARM VALUES (
    "a08876d8-ddad-46b7-89ab-8191af6a9e1a", -- BParm_ID : UNIQUE_ID
    "e4340945-3812-4aa8-bc9b-e374d680118b", -- Brg_ID : UNIQUE_ID
    'key_letters', -- Name : STRING
    "ba5eda7a-def5-0000-0000-000000000004", -- DT_ID : UNIQUE_ID
    0, -- By_Ref : INTEGER
    '', -- Dimensions : STRING
    "00000000-0000-0000-0000-000000000000", -- Previous_BParm_ID : UNIQUE_ID
    '' -- Descrip : STRING
);
INSERT INTO S_BPARM VALUES (
    "7ef089be-a1ad-4b07-a0b2-d41f3588e7db", -- BParm_ID : UNIQUE_ID
    "5a5d5ceb-29f0-4209-aeba-150fb07052b7", -- Brg_ID : UNIQUE_ID
    'instance', -- Name : STRING
    "ba5eda7a-def5-0000-0000-000000000008", -- DT_ID : UNIQUE_ID
    0, -- By_Ref : INTEGER
    '', -- Dimensions : STRING
    "00000000-0000-0000-0000-000000000000", -- Previous_BParm_ID : UNIQUE_ID
    '' -- Descrip : STRING
);
INSERT INTO S_BPARM VALUES (
    "774a42db-19b4-4835-a8d7-6c145a107edb", -- BParm_ID : UNIQUE_ID
    "5a5d5ceb-29f0-4209-aeba-150fb07052b7", -- Brg_ID : UNIQUE_ID
    'attribute_name', -- Name : STRING
    "ba5eda7a-def5-0000-0000-000000000004", -- DT_ID : UNIQUE_ID
    0, -- By_Ref : INTEGER
    '', -- Dimensions : STRING
    "7ef089be-a1ad-4b07-a0b2-d41f3588e7db", -- Previous_BParm_ID : UNIQUE_ID
    '' -- Descrip : STRING
);
INSERT INTO S_BPARM VALUES (
    "dff6ad29-526a-4903-a715-d15a19113b1e", -- BParm_ID : UNIQUE_ID
    "5a5d5ceb-29f0-4209-aeba-150fb07052b7", -- Brg_ID : UNIQUE_ID
    'value', -- Name : STRING
    "ba5eda7a-def5-0000-0000-000000000008", -- DT_ID : UNIQUE_ID
    0, -- By_Ref : INTEGER
    '', -- Dimensions : STRING
    "774a42db-19b4-4835-a8d7-6c145a107edb", -- Previous_BParm_ID : UNIQUE_ID
    '' -- Descrip : STRING
);
INSERT INTO S_BPARM VALUES (
    "d501676f-5396-463c-92a3-1f34b8517ddc", -- BParm_ID : UNIQUE_ID
    "5dddfeb2-1f14-4aa5-ad63-8a909e0dec8c", -- Brg_ID : UNIQUE_ID
    'inst1', -- Name : STRING
    "ba5eda7a-def5-0000-0000-000000000008", -- DT_ID : UNIQUE_ID
    0, -- By_Ref : INTEGER
    '', -- Dimensions : STRING
    "00000000-0000-0000-0000-000000000000", -- Previous_BParm_ID : UNIQUE_ID
    '' -- Descrip : STRING
);
INSERT INTO S_BPARM VALUES (
    "decce6e5-3390-483a-9e44-25e7bcfcc192", -- BParm_ID : UNIQUE_ID
    "5dddfeb2-1f14-4aa5-ad63-8a909e0dec8c", -- Brg_ID : UNIQUE_ID
    'inst2', -- Name : STRING
    "ba5eda7a-def5-0000-0000-000000000008", -- DT_ID : UNIQUE_ID
    0, -- By_Ref : INTEGER
    '', -- Dimensions : STRING
    "d501676f-5396-463c-92a3-1f34b8517ddc", -- Previous_BParm_ID : UNIQUE_ID
    '' -- Descrip : STRING
);
INSERT INTO S_BPARM VALUES (
    "880ebbb6-b09f-4305-b214-46ccd127ac18", -- BParm_ID : UNIQUE_ID
    "5dddfeb2-1f14-4aa5-ad63-8a909e0dec8c", -- Brg_ID : UNIQUE_ID
    'rel_num', -- Name : STRING
    "ba5eda7a-def5-0000-0000-000000000002", -- DT_ID : UNIQUE_ID
    0, -- By_Ref : INTEGER
    '', -- Dimensions : STRING
    "decce6e5-3390-483a-9e44-25e7bcfcc192", -- Previous_BParm_ID : UNIQUE_ID
    '' -- Descrip : STRING
);
INSERT INTO S_BPARM VALUES (
    "470225d1-85e1-47fc-8375-99420dd21163", -- BParm_ID : UNIQUE_ID
    "5dddfeb2-1f14-4aa5-ad63-8a909e0dec8c", -- Brg_ID : UNIQUE_ID
    'phrase', -- Name : STRING
    "ba5eda7a-def5-0000-0000-000000000004", -- DT_ID : UNIQUE_ID
    0, -- By_Ref : INTEGER
    '', -- Dimensions : STRING
    "880ebbb6-b09f-4305-b214-46ccd127ac18", -- Previous_BParm_ID : UNIQUE_ID
    '' -- Descrip : STRING
);
INSERT INTO S_BPARM VALUES (
    "61fbe7a9-1ff1-4646-9036-699d8a77b4eb", -- BParm_ID : UNIQUE_ID
    "4d455ec0-5a4f-467f-bd96-0eda52082970", -- Brg_ID : UNIQUE_ID
    'inst1', -- Name : STRING
    "ba5eda7a-def5-0000-0000-000000000008", -- DT_ID : UNIQUE_ID
    0, -- By_Ref : INTEGER
    '', -- Dimensions : STRING
    "00000000-0000-0000-0000-000000000000", -- Previous_BParm_ID : UNIQUE_ID
    '' -- Descrip : STRING
);
INSERT INTO S_BPARM VALUES (
    "9853b7e4-33ce-4b17-9375-b3ba712c1769", -- BParm_ID : UNIQUE_ID
    "4d455ec0-5a4f-467f-bd96-0eda52082970", -- Brg_ID : UNIQUE_ID
    'inst2', -- Name : STRING
    "ba5eda7a-def5-0000-0000-000000000008", -- DT_ID : UNIQUE_ID
    0, -- By_Ref : INTEGER
    '', -- Dimensions : STRING
    "61fbe7a9-1ff1-4646-9036-699d8a77b4eb", -- Previous_BParm_ID : UNIQUE_ID
    '' -- Descrip : STRING
);
INSERT INTO S_BPARM VALUES (
    "b39dc106-616f-4e29-b6cd-364f1e935827", -- BParm_ID : UNIQUE_ID
    "4d455ec0-5a4f-467f-bd96-0eda52082970", -- Brg_ID : UNIQUE_ID
    'rel_num', -- Name : STRING
    "ba5eda7a-def5-0000-0000-000000000002", -- DT_ID : UNIQUE_ID
    0, -- By_Ref : INTEGER
    '', -- Dimensions : STRING
    "1012e3aa-873a-4131-8c05-a2dac7e250fe", -- Previous_BParm_ID : UNIQUE_ID
    '' -- Descrip : STRING
);
INSERT INTO S_BPARM VALUES (
    "2cadaa5f-0a37-40d6-bd78-846eb83a9235", -- BParm_ID : UNIQUE_ID
    "4d455ec0-5a4f-467f-bd96-0eda52082970", -- Brg_ID : UNIQUE_ID
    'phrase', -- Name : STRING
    "ba5eda7a-def5-0000-0000-000000000004", -- DT_ID : UNIQUE_ID
    0, -- By_Ref : INTEGER
    '', -- Dimensions : STRING
    "b39dc106-616f-4e29-b6cd-364f1e935827", -- Previous_BParm_ID : UNIQUE_ID
    '' -- Descrip : STRING
);
INSERT INTO S_BPARM VALUES (
    "1012e3aa-873a-4131-8c05-a2dac7e250fe", -- BParm_ID : UNIQUE_ID
    "4d455ec0-5a4f-467f-bd96-0eda52082970", -- Brg_ID : UNIQUE_ID
    'link', -- Name : STRING
    "ba5eda7a-def5-0000-0000-000000000008", -- DT_ID : UNIQUE_ID
    0, -- By_Ref : INTEGER
    '', -- Dimensions : STRING
    "9853b7e4-33ce-4b17-9375-b3ba712c1769", -- Previous_BParm_ID : UNIQUE_ID
    '' -- Descrip : STRING
);
INSERT INTO S_BPARM VALUES (
    "216fa774-c8d9-4dcb-82c8-d5a97e634c71", -- BParm_ID : UNIQUE_ID
    "b890cabd-de2c-4828-a8a5-d955fb7d67c4", -- Brg_ID : UNIQUE_ID
    'function_name', -- Name : STRING
    "ba5eda7a-def5-0000-0000-000000000004", -- DT_ID : UNIQUE_ID
    0, -- By_Ref : INTEGER
    '', -- Dimensions : STRING
    "00000000-0000-0000-0000-000000000000", -- Previous_BParm_ID : UNIQUE_ID
    '' -- Descrip : STRING
);
INSERT INTO S_BPARM VALUES (
    "9655860a-1775-4c02-bf88-60f28d3010cf", -- BParm_ID : UNIQUE_ID
    "b890cabd-de2c-4828-a8a5-d955fb7d67c4", -- Brg_ID : UNIQUE_ID
    'args', -- Name : STRING
    "ba5eda7a-def5-0000-0000-000000000008", -- DT_ID : UNIQUE_ID
    0, -- By_Ref : INTEGER
    '[]', -- Dimensions : STRING
    "216fa774-c8d9-4dcb-82c8-d5a97e634c71", -- Previous_BParm_ID : UNIQUE_ID
    '' -- Descrip : STRING
);
INSERT INTO S_BPARM VALUES (
    "cc59f84f-ad26-45ec-8f9d-fd87a49d1b24", -- BParm_ID : UNIQUE_ID
    "41ba132d-a1d1-4191-a09b-2557dff31e03", -- Brg_ID : UNIQUE_ID
    'file', -- Name : STRING
    "ba5eda7a-def5-0000-0000-000000000004", -- DT_ID : UNIQUE_ID
    0, -- By_Ref : INTEGER
    '', -- Dimensions : STRING
    "00000000-0000-0000-0000-000000000000", -- Previous_BParm_ID : UNIQUE_ID
    '' -- Descrip : STRING
);
INSERT INTO S_BPARM VALUES (
    "b44dee13-d04f-428c-9395-32ebe32a7438", -- BParm_ID : UNIQUE_ID
    "9c9ff561-0230-49c6-93a0-97e6e806f171", -- Brg_ID : UNIQUE_ID
    'file', -- Name : STRING
    "ba5eda7a-def5-0000-0000-000000000004", -- DT_ID : UNIQUE_ID
    0, -- By_Ref : INTEGER
    '', -- Dimensions : STRING
    "00000000-0000-0000-0000-000000000000", -- Previous_BParm_ID : UNIQUE_ID
    '' -- Descrip : STRING
);
INSERT INTO S_BPARM VALUES (
    "29a1bce9-53c7-4aa2-8b58-168e025fc45b", -- BParm_ID : UNIQUE_ID
    "f7a1de23-2e31-4e8a-988b-ace95920d6c0", -- Brg_ID : UNIQUE_ID
    's', -- Name : STRING
    "ba5eda7a-def5-0000-0000-000000000004", -- DT_ID : UNIQUE_ID
    0, -- By_Ref : INTEGER
    '', -- Dimensions : STRING
    "00000000-0000-0000-0000-000000000000", -- Previous_BParm_ID : UNIQUE_ID
    '' -- Descrip : STRING
);
INSERT INTO S_BPARM VALUES (
    "71abd594-35f7-47aa-a3fb-744f9cbe26b1", -- BParm_ID : UNIQUE_ID
    "56d78985-bd88-4f57-97f5-3a8479d36a75", -- Brg_ID : UNIQUE_ID
    'file', -- Name : STRING
    "ba5eda7a-def5-0000-0000-000000000004", -- DT_ID : UNIQUE_ID
    0, -- By_Ref : INTEGER
    '', -- Dimensions : STRING
    "00000000-0000-0000-0000-000000000000", -- Previous_BParm_ID : UNIQUE_ID
    '' -- Descrip : STRING
);
INSERT INTO S_BPARM VALUES (
    "d1ee6801-de07-4031-bd37-2a8ffd3f8473", -- BParm_ID : UNIQUE_ID
    "ad4f1248-1786-4a6c-9f24-575f1b7d5401", -- Brg_ID : UNIQUE_ID
    'file', -- Name : STRING
    "ba5eda7a-def5-0000-0000-000000000004", -- DT_ID : UNIQUE_ID
    0, -- By_Ref : INTEGER
    '', -- Dimensions : STRING
    "00000000-0000-0000-0000-000000000000", -- Previous_BParm_ID : UNIQUE_ID
    '' -- Descrip : STRING
);
INSERT INTO S_BPARM VALUES (
    "a7a80f0d-ee75-4ddb-a11f-c2ac2101f1e0", -- BParm_ID : UNIQUE_ID
    "387a0ac8-5355-48ef-a355-2676c1a68ecb", -- Brg_ID : UNIQUE_ID
    'format', -- Name : STRING
    "ba5eda7a-def5-0000-0000-000000000004", -- DT_ID : UNIQUE_ID
    0, -- By_Ref : INTEGER
    '', -- Dimensions : STRING
    "00000000-0000-0000-0000-000000000000", -- Previous_BParm_ID : UNIQUE_ID
    '' -- Descrip : STRING
);
INSERT INTO S_BPARM VALUES (
    "7ed56b5d-9bd9-499e-8848-be903121068c", -- BParm_ID : UNIQUE_ID
    "387a0ac8-5355-48ef-a355-2676c1a68ecb", -- Brg_ID : UNIQUE_ID
    's', -- Name : STRING
    "ba5eda7a-def5-0000-0000-000000000004", -- DT_ID : UNIQUE_ID
    0, -- By_Ref : INTEGER
    '', -- Dimensions : STRING
    "a7a80f0d-ee75-4ddb-a11f-c2ac2101f1e0", -- Previous_BParm_ID : UNIQUE_ID
    '' -- Descrip : STRING
);
INSERT INTO S_BPARM VALUES (
    "860f4a36-5e56-4945-80ba-9040088955af", -- BParm_ID : UNIQUE_ID
    "a4310342-37b4-4aa7-825b-a056e08718c5", -- Brg_ID : UNIQUE_ID
    'dir', -- Name : STRING
    "ba5eda7a-def5-0000-0000-000000000004", -- DT_ID : UNIQUE_ID
    0, -- By_Ref : INTEGER
    '', -- Dimensions : STRING
    "00000000-0000-0000-0000-000000000000", -- Previous_BParm_ID : UNIQUE_ID
    '' -- Descrip : STRING
);
INSERT INTO S_BRG VALUES (
    "112f319f-4c8e-482c-a552-276f1b56bc8d", -- Brg_ID : UNIQUE_ID
    "301ed0ee-cd6b-49d6-949f-df904baa862c", -- EE_ID : UNIQUE_ID
    'shutdown', -- Name : STRING
    '', -- Descrip : STRING
    0, -- Brg_Typ : INTEGER
    "ba5eda7a-def5-0000-0000-000000000000", -- DT_ID : UNIQUE_ID
    '//', -- Action_Semantics_internal : STRING
    1, -- Suc_Pars : INTEGER
    '', -- Return_Dimensions : STRING
    0 -- Dialect : INTEGER
);
INSERT INTO S_BRG VALUES (
    "b34ec664-6dea-44bc-afbf-69645da52f0a", -- Brg_ID : UNIQUE_ID
    "fb3760d2-2a3e-463f-bd24-66cd25fdba39", -- EE_ID : UNIQUE_ID
    'LogDate', -- Name : STRING
    '', -- Descrip : STRING
    0, -- Brg_Typ : INTEGER
    "ba5eda7a-def5-0000-0000-000000000000", -- DT_ID : UNIQUE_ID
    '', -- Action_Semantics_internal : STRING
    1, -- Suc_Pars : INTEGER
    '', -- Return_Dimensions : STRING
    0 -- Dialect : INTEGER
);
INSERT INTO S_BRG VALUES (
    "2dcf3e84-1208-4e7f-a70c-a54d15f1ce77", -- Brg_ID : UNIQUE_ID
    "fb3760d2-2a3e-463f-bd24-66cd25fdba39", -- EE_ID : UNIQUE_ID
    'LogFailure', -- Name : STRING
    '', -- Descrip : STRING
    0, -- Brg_Typ : INTEGER
    "ba5eda7a-def5-0000-0000-000000000000", -- DT_ID : UNIQUE_ID
    '', -- Action_Semantics_internal : STRING
    1, -- Suc_Pars : INTEGER
    '', -- Return_Dimensions : STRING
    0 -- Dialect : INTEGER
);
INSERT INTO S_BRG VALUES (
    "af615ef3-56dd-40b1-be6b-27e07023a829", -- Brg_ID : UNIQUE_ID
    "fb3760d2-2a3e-463f-bd24-66cd25fdba39", -- EE_ID : UNIQUE_ID
    'LogInfo', -- Name : STRING
    '', -- Descrip : STRING
    0, -- Brg_Typ : INTEGER
    "ba5eda7a-def5-0000-0000-000000000000", -- DT_ID : UNIQUE_ID
    '', -- Action_Semantics_internal : STRING
    1, -- Suc_Pars : INTEGER
    '', -- Return_Dimensions : STRING
    0 -- Dialect : INTEGER
);
INSERT INTO S_BRG VALUES (
    "474dc6f1-f8eb-4a43-8ae9-fd7ec3f494ce", -- Brg_ID : UNIQUE_ID
    "fb3760d2-2a3e-463f-bd24-66cd25fdba39", -- EE_ID : UNIQUE_ID
    'LogInteger', -- Name : STRING
    '', -- Descrip : STRING
    0, -- Brg_Typ : INTEGER
    "ba5eda7a-def5-0000-0000-000000000000", -- DT_ID : UNIQUE_ID
    '', -- Action_Semantics_internal : STRING
    0, -- Suc_Pars : INTEGER
    '', -- Return_Dimensions : STRING
    0 -- Dialect : INTEGER
);
INSERT INTO S_BRG VALUES (
    "a9e838fb-4772-4822-aee6-57f775da6967", -- Brg_ID : UNIQUE_ID
    "fb3760d2-2a3e-463f-bd24-66cd25fdba39", -- EE_ID : UNIQUE_ID
    'LogReal', -- Name : STRING
    '', -- Descrip : STRING
    0, -- Brg_Typ : INTEGER
    "ba5eda7a-def5-0000-0000-000000000000", -- DT_ID : UNIQUE_ID
    '', -- Action_Semantics_internal : STRING
    1, -- Suc_Pars : INTEGER
    '', -- Return_Dimensions : STRING
    0 -- Dialect : INTEGER
);
INSERT INTO S_BRG VALUES (
    "c56d3597-5a54-4d78-8914-2dc2594c2af4", -- Brg_ID : UNIQUE_ID
    "fb3760d2-2a3e-463f-bd24-66cd25fdba39", -- EE_ID : UNIQUE_ID
    'LogSuccess', -- Name : STRING
    '', -- Descrip : STRING
    0, -- Brg_Typ : INTEGER
    "ba5eda7a-def5-0000-0000-000000000000", -- DT_ID : UNIQUE_ID
    '', -- Action_Semantics_internal : STRING
    1, -- Suc_Pars : INTEGER
    '', -- Return_Dimensions : STRING
    0 -- Dialect : INTEGER
);
INSERT INTO S_BRG VALUES (
    "77300edb-b891-4e35-858b-9e8cb6437f19", -- Brg_ID : UNIQUE_ID
    "fb3760d2-2a3e-463f-bd24-66cd25fdba39", -- EE_ID : UNIQUE_ID
    'LogTime', -- Name : STRING
    '', -- Descrip : STRING
    0, -- Brg_Typ : INTEGER
    "ba5eda7a-def5-0000-0000-000000000000", -- DT_ID : UNIQUE_ID
    '', -- Action_Semantics_internal : STRING
    1, -- Suc_Pars : INTEGER
    '', -- Return_Dimensions : STRING
    0 -- Dialect : INTEGER
);
INSERT INTO S_BRG VALUES (
    "8a08e8b6-4de0-437f-968f-71d65464ceb7", -- Brg_ID : UNIQUE_ID
    "0cbe8000-b94e-43c0-a74e-b3d9f70bb59d", -- EE_ID : UNIQUE_ID
    'current_date', -- Name : STRING
    '', -- Descrip : STRING
    1, -- Brg_Typ : INTEGER
    "ba5eda7a-def5-0000-0000-00000000000e", -- DT_ID : UNIQUE_ID
    '', -- Action_Semantics_internal : STRING
    1, -- Suc_Pars : INTEGER
    '', -- Return_Dimensions : STRING
    0 -- Dialect : INTEGER
);
INSERT INTO S_BRG VALUES (
    "e6bddfad-112a-4e3d-983c-17cf660f6a1d", -- Brg_ID : UNIQUE_ID
    "0cbe8000-b94e-43c0-a74e-b3d9f70bb59d", -- EE_ID : UNIQUE_ID
    'create_date', -- Name : STRING
    '', -- Descrip : STRING
    1, -- Brg_Typ : INTEGER
    "ba5eda7a-def5-0000-0000-00000000000e", -- DT_ID : UNIQUE_ID
    '', -- Action_Semantics_internal : STRING
    1, -- Suc_Pars : INTEGER
    '', -- Return_Dimensions : STRING
    0 -- Dialect : INTEGER
);
INSERT INTO S_BRG VALUES (
    "38a0bf36-f1fa-46ff-9ac5-30980dbf9ba0", -- Brg_ID : UNIQUE_ID
    "0cbe8000-b94e-43c0-a74e-b3d9f70bb59d", -- EE_ID : UNIQUE_ID
    'get_second', -- Name : STRING
    '', -- Descrip : STRING
    1, -- Brg_Typ : INTEGER
    "ba5eda7a-def5-0000-0000-000000000002", -- DT_ID : UNIQUE_ID
    '', -- Action_Semantics_internal : STRING
    1, -- Suc_Pars : INTEGER
    '', -- Return_Dimensions : STRING
    0 -- Dialect : INTEGER
);
INSERT INTO S_BRG VALUES (
    "2052aeb8-71a4-49e3-864d-b678d3906bed", -- Brg_ID : UNIQUE_ID
    "0cbe8000-b94e-43c0-a74e-b3d9f70bb59d", -- EE_ID : UNIQUE_ID
    'get_minute', -- Name : STRING
    '', -- Descrip : STRING
    1, -- Brg_Typ : INTEGER
    "ba5eda7a-def5-0000-0000-000000000002", -- DT_ID : UNIQUE_ID
    '', -- Action_Semantics_internal : STRING
    1, -- Suc_Pars : INTEGER
    '', -- Return_Dimensions : STRING
    0 -- Dialect : INTEGER
);
INSERT INTO S_BRG VALUES (
    "ffe9b4a1-cf2d-46b7-9789-be3f258319ec", -- Brg_ID : UNIQUE_ID
    "0cbe8000-b94e-43c0-a74e-b3d9f70bb59d", -- EE_ID : UNIQUE_ID
    'get_hour', -- Name : STRING
    '', -- Descrip : STRING
    1, -- Brg_Typ : INTEGER
    "ba5eda7a-def5-0000-0000-000000000002", -- DT_ID : UNIQUE_ID
    '', -- Action_Semantics_internal : STRING
    1, -- Suc_Pars : INTEGER
    '', -- Return_Dimensions : STRING
    0 -- Dialect : INTEGER
);
INSERT INTO S_BRG VALUES (
    "cccf7316-ec6f-4823-ade0-eaab3e2435fc", -- Brg_ID : UNIQUE_ID
    "0cbe8000-b94e-43c0-a74e-b3d9f70bb59d", -- EE_ID : UNIQUE_ID
    'get_day', -- Name : STRING
    '', -- Descrip : STRING
    1, -- Brg_Typ : INTEGER
    "ba5eda7a-def5-0000-0000-000000000002", -- DT_ID : UNIQUE_ID
    '', -- Action_Semantics_internal : STRING
    1, -- Suc_Pars : INTEGER
    '', -- Return_Dimensions : STRING
    0 -- Dialect : INTEGER
);
INSERT INTO S_BRG VALUES (
    "e4d7890a-c0ba-4e92-bb75-a89f7a1deb89", -- Brg_ID : UNIQUE_ID
    "0cbe8000-b94e-43c0-a74e-b3d9f70bb59d", -- EE_ID : UNIQUE_ID
    'get_month', -- Name : STRING
    '', -- Descrip : STRING
    1, -- Brg_Typ : INTEGER
    "ba5eda7a-def5-0000-0000-000000000002", -- DT_ID : UNIQUE_ID
    '', -- Action_Semantics_internal : STRING
    1, -- Suc_Pars : INTEGER
    '', -- Return_Dimensions : STRING
    0 -- Dialect : INTEGER
);
INSERT INTO S_BRG VALUES (
    "cd04774e-daca-4924-8bf8-26acb2101a9a", -- Brg_ID : UNIQUE_ID
    "0cbe8000-b94e-43c0-a74e-b3d9f70bb59d", -- EE_ID : UNIQUE_ID
    'get_year', -- Name : STRING
    '', -- Descrip : STRING
    1, -- Brg_Typ : INTEGER
    "ba5eda7a-def5-0000-0000-000000000002", -- DT_ID : UNIQUE_ID
    '', -- Action_Semantics_internal : STRING
    1, -- Suc_Pars : INTEGER
    '', -- Return_Dimensions : STRING
    0 -- Dialect : INTEGER
);
INSERT INTO S_BRG VALUES (
    "f3a7f92c-3c6b-4d36-8f32-849ae8fce50a", -- Brg_ID : UNIQUE_ID
    "0cbe8000-b94e-43c0-a74e-b3d9f70bb59d", -- EE_ID : UNIQUE_ID
    'current_clock', -- Name : STRING
    '', -- Descrip : STRING
    1, -- Brg_Typ : INTEGER
    "ba5eda7a-def5-0000-0000-000000000010", -- DT_ID : UNIQUE_ID
    '', -- Action_Semantics_internal : STRING
    1, -- Suc_Pars : INTEGER
    '', -- Return_Dimensions : STRING
    0 -- Dialect : INTEGER
);
INSERT INTO S_BRG VALUES (
    "0b4c485f-017d-40b6-9a7e-57fda5776da4", -- Brg_ID : UNIQUE_ID
    "0cbe8000-b94e-43c0-a74e-b3d9f70bb59d", -- EE_ID : UNIQUE_ID
    'timer_start', -- Name : STRING
    'This bridge operation starts a timer set to expire in the specified number of
microseconds, generating the passed event upon expiration. Returns the instance
handle of the timer.', -- Descrip : STRING
    1, -- Brg_Typ : INTEGER
    "ba5eda7a-def5-0000-0000-00000000000f", -- DT_ID : UNIQUE_ID
    '', -- Action_Semantics_internal : STRING
    1, -- Suc_Pars : INTEGER
    '', -- Return_Dimensions : STRING
    0 -- Dialect : INTEGER
);
INSERT INTO S_BRG VALUES (
    "16322409-ab18-4a8a-8189-42924b6ad4c7", -- Brg_ID : UNIQUE_ID
    "0cbe8000-b94e-43c0-a74e-b3d9f70bb59d", -- EE_ID : UNIQUE_ID
    'timer_start_recurring', -- Name : STRING
    'This bridge operation starts a timer set to expire in the specified number of
microseconds, generating the passed event upon expiration. Upon expiration, the
timer will be restarted and fire again in the specified number of microseconds
generating the passed event. This bridge operation returns the instance handle
of the timer.', -- Descrip : STRING
    1, -- Brg_Typ : INTEGER
    "ba5eda7a-def5-0000-0000-00000000000f", -- DT_ID : UNIQUE_ID
    '', -- Action_Semantics_internal : STRING
    1, -- Suc_Pars : INTEGER
    '', -- Return_Dimensions : STRING
    0 -- Dialect : INTEGER
);
INSERT INTO S_BRG VALUES (
    "724d498a-672c-4565-ade3-ad23463f9c4e", -- Brg_ID : UNIQUE_ID
    "0cbe8000-b94e-43c0-a74e-b3d9f70bb59d", -- EE_ID : UNIQUE_ID
    'timer_remaining_time', -- Name : STRING
    'Returns the time remaining (in microseconds) for the passed timer instance. If
the timer has expired, a zero value is returned.', -- Descrip : STRING
    1, -- Brg_Typ : INTEGER
    "ba5eda7a-def5-0000-0000-000000000002", -- DT_ID : UNIQUE_ID
    '', -- Action_Semantics_internal : STRING
    1, -- Suc_Pars : INTEGER
    '', -- Return_Dimensions : STRING
    0 -- Dialect : INTEGER
);
INSERT INTO S_BRG VALUES (
    "587a5601-85c2-4712-9523-edb532578dab", -- Brg_ID : UNIQUE_ID
    "0cbe8000-b94e-43c0-a74e-b3d9f70bb59d", -- EE_ID : UNIQUE_ID
    'timer_reset_time', -- Name : STRING
    'This bridge operation attempts to set the passed existing timer to expire in
the specified number of microseconds. If the timer exists (that is, it has not
expired), a TRUE value is returned. If the timer no longer exists, a FALSE value
is returned.', -- Descrip : STRING
    1, -- Brg_Typ : INTEGER
    "ba5eda7a-def5-0000-0000-000000000001", -- DT_ID : UNIQUE_ID
    '', -- Action_Semantics_internal : STRING
    1, -- Suc_Pars : INTEGER
    '', -- Return_Dimensions : STRING
    0 -- Dialect : INTEGER
);
INSERT INTO S_BRG VALUES (
    "a160d621-7f28-44ee-b4d9-59b10ef2e404", -- Brg_ID : UNIQUE_ID
    "0cbe8000-b94e-43c0-a74e-b3d9f70bb59d", -- EE_ID : UNIQUE_ID
    'timer_add_time', -- Name : STRING
    'This bridge operation attempts to add the specified number of microseconds to a
passed existing timer. If the timer exists (that is, it has not expired), a TRUE
value is returned. If the timer no longer exists, a FALSE value is returned.', -- Descrip : STRING
    1, -- Brg_Typ : INTEGER
    "ba5eda7a-def5-0000-0000-000000000001", -- DT_ID : UNIQUE_ID
    '', -- Action_Semantics_internal : STRING
    1, -- Suc_Pars : INTEGER
    '', -- Return_Dimensions : STRING
    0 -- Dialect : INTEGER
);
INSERT INTO S_BRG VALUES (
    "b2f303f5-6e95-4731-a762-be0c0eb02ca7", -- Brg_ID : UNIQUE_ID
    "0cbe8000-b94e-43c0-a74e-b3d9f70bb59d", -- EE_ID : UNIQUE_ID
    'timer_cancel', -- Name : STRING
    'This bridge operation cancels and deletes the passed timer instance. If the
timer exists (that is, it had not expired), a TRUE value is returned. If the
timer no longer exists, a FALSE value is returned.', -- Descrip : STRING
    1, -- Brg_Typ : INTEGER
    "ba5eda7a-def5-0000-0000-000000000001", -- DT_ID : UNIQUE_ID
    '', -- Action_Semantics_internal : STRING
    1, -- Suc_Pars : INTEGER
    '', -- Return_Dimensions : STRING
    0 -- Dialect : INTEGER
);
INSERT INTO S_BRG VALUES (
    "4c84eeef-580a-44c0-99a3-07b6a73452d7", -- Brg_ID : UNIQUE_ID
    "2c85491d-6998-469c-bc26-d447450f7f85", -- EE_ID : UNIQUE_ID
    'register_flag', -- Name : STRING
    'Registers a command line option that may or may not be present. This option may not take a value.
  name: The name of the option. Values must be composed of uper and lowercase letters only.
  usage: Usage text to be displayed to the user.
  
Produces an error if:
  - The provided option name is invalid
  - The proivided option name has already been registered
  - It is invoked after ''read_command_line'' has been invoked', -- Descrip : STRING
    0, -- Brg_Typ : INTEGER
    "ba5eda7a-def5-0000-0000-000000000000", -- DT_ID : UNIQUE_ID
    '', -- Action_Semantics_internal : STRING
    1, -- Suc_Pars : INTEGER
    '', -- Return_Dimensions : STRING
    0 -- Dialect : INTEGER
);
INSERT INTO S_BRG VALUES (
    "552205ca-aa70-45be-9f6c-fed75e322243", -- Brg_ID : UNIQUE_ID
    "2c85491d-6998-469c-bc26-d447450f7f85", -- EE_ID : UNIQUE_ID
    'register_value', -- Name : STRING
    'Registers a command line option that is accompanied by a value.
  name: The name of the option. Values must be composed of uper and lowercase letters only.
  value_name: The name of the value to be printed in the usage information.
  usage: Usage text to be displayed to the user.
  default: The value to return if the option is not present.
  
Produces an error if:
  - The provided option name is invalid
  - The proivided option name has already been registered
  - It is invoked after ''read_command_line'' has been invoked', -- Descrip : STRING
    0, -- Brg_Typ : INTEGER
    "ba5eda7a-def5-0000-0000-000000000000", -- DT_ID : UNIQUE_ID
    '', -- Action_Semantics_internal : STRING
    1, -- Suc_Pars : INTEGER
    '', -- Return_Dimensions : STRING
    0 -- Dialect : INTEGER
);
INSERT INTO S_BRG VALUES (
    "e14dac49-6263-450c-a836-b0d18eb918ce", -- Brg_ID : UNIQUE_ID
    "2c85491d-6998-469c-bc26-d447450f7f85", -- EE_ID : UNIQUE_ID
    'get_flag', -- Name : STRING
    'Return true if the option is present.
  
Produces an error if:
  - The provided option name is invalid
  - The provided option name has not been registered
  - The provided option name has been registered as a value
  - It is invoked before ''read_command_line'' has been invoked', -- Descrip : STRING
    0, -- Brg_Typ : INTEGER
    "ba5eda7a-def5-0000-0000-000000000001", -- DT_ID : UNIQUE_ID
    '', -- Action_Semantics_internal : STRING
    1, -- Suc_Pars : INTEGER
    '', -- Return_Dimensions : STRING
    0 -- Dialect : INTEGER
);
INSERT INTO S_BRG VALUES (
    "48b8f9dc-e8f2-41f2-9b8e-d6b671643328", -- Brg_ID : UNIQUE_ID
    "2c85491d-6998-469c-bc26-d447450f7f85", -- EE_ID : UNIQUE_ID
    'get_value', -- Name : STRING
    'Get the value of a registered option.
  
Produces an error if:
  - The provided option name is invalid
  - The provided option name has not been registered
  - The provided option name has been registered as a flag
  - It is invoked before ''read_command_line'' has been invoked', -- Descrip : STRING
    0, -- Brg_Typ : INTEGER
    "ba5eda7a-def5-0000-0000-000000000004", -- DT_ID : UNIQUE_ID
    '', -- Action_Semantics_internal : STRING
    1, -- Suc_Pars : INTEGER
    '', -- Return_Dimensions : STRING
    0 -- Dialect : INTEGER
);
INSERT INTO S_BRG VALUES (
    "029dc98c-3010-43ac-9592-e46b263472fe", -- Brg_ID : UNIQUE_ID
    "2c85491d-6998-469c-bc26-d447450f7f85", -- EE_ID : UNIQUE_ID
    'read_command_line', -- Name : STRING
    'Parses the command line arguments and validates them based on the registered
options. This produces an error if it is called twice.', -- Descrip : STRING
    0, -- Brg_Typ : INTEGER
    "ba5eda7a-def5-0000-0000-000000000000", -- DT_ID : UNIQUE_ID
    '', -- Action_Semantics_internal : STRING
    1, -- Suc_Pars : INTEGER
    '', -- Return_Dimensions : STRING
    0 -- Dialect : INTEGER
);
INSERT INTO S_BRG VALUES (
    "1f23e627-377e-4168-a4a2-bda0a5ec42eb", -- Brg_ID : UNIQUE_ID
    "33d21480-69a2-4ed7-9fd6-4b0d734cf2a9", -- EE_ID : UNIQUE_ID
    'itoa', -- Name : STRING
    '', -- Descrip : STRING
    0, -- Brg_Typ : INTEGER
    "ba5eda7a-def5-0000-0000-000000000004", -- DT_ID : UNIQUE_ID
    'mapping[9]="9"; mapping[8]="8"; mapping[7]="7"; mapping[6]="6"; mapping[5]="5";
mapping[4]="4"; mapping[3]="3"; mapping[2]="2"; mapping[1]="1"; mapping[0]="0";

i = param.i; s = "";
while ( i >= 1 )
  d = i % 10;
  i = i / 10;
  s = mapping[ d ] + s;
end while;

return s;', -- Action_Semantics_internal : STRING
    1, -- Suc_Pars : INTEGER
    '', -- Return_Dimensions : STRING
    0 -- Dialect : INTEGER
);
INSERT INTO S_BRG VALUES (
    "5f3c759c-6b7b-4ee8-8e47-370fb4a90427", -- Brg_ID : UNIQUE_ID
    "33d21480-69a2-4ed7-9fd6-4b0d734cf2a9", -- EE_ID : UNIQUE_ID
    'atoi', -- Name : STRING
    '', -- Descrip : STRING
    0, -- Brg_Typ : INTEGER
    "ba5eda7a-def5-0000-0000-000000000002", -- DT_ID : UNIQUE_ID
    'return 0;', -- Action_Semantics_internal : STRING
    1, -- Suc_Pars : INTEGER
    '', -- Return_Dimensions : STRING
    0 -- Dialect : INTEGER
);
INSERT INTO S_BRG VALUES (
    "89d596ad-2792-4523-b93e-7f73d50eaa81", -- Brg_ID : UNIQUE_ID
    "33d21480-69a2-4ed7-9fd6-4b0d734cf2a9", -- EE_ID : UNIQUE_ID
    'substr', -- Name : STRING
    'returns a substring of the given string s starting at the index begin and ending at the index end - 1.
if begin < 0, returns a substring starting at the beginning of s
if begin > the length of s - 1, returns an empty string
if end < 0 or > the length of s, returns a substring starting at begin to the end of s
if end <= begin, returns empty string

usage examples:
foo = substr( s:"Hello, World!", 4, 8 );	// foo == "o, Wo"
bar = substr( s:"Hello, World!", 2, -1 );	// bar == "llo, World!"', -- Descrip : STRING
    0, -- Brg_Typ : INTEGER
    "ba5eda7a-def5-0000-0000-000000000004", -- DT_ID : UNIQUE_ID
    '', -- Action_Semantics_internal : STRING
    1, -- Suc_Pars : INTEGER
    '', -- Return_Dimensions : STRING
    0 -- Dialect : INTEGER
);
INSERT INTO S_BRG VALUES (
    "ffa333ae-485c-4095-8a9f-2ea460bbb53f", -- Brg_ID : UNIQUE_ID
    "33d21480-69a2-4ed7-9fd6-4b0d734cf2a9", -- EE_ID : UNIQUE_ID
    'strlen', -- Name : STRING
    '', -- Descrip : STRING
    0, -- Brg_Typ : INTEGER
    "ba5eda7a-def5-0000-0000-000000000002", -- DT_ID : UNIQUE_ID
    '', -- Action_Semantics_internal : STRING
    1, -- Suc_Pars : INTEGER
    '', -- Return_Dimensions : STRING
    0 -- Dialect : INTEGER
);
INSERT INTO S_BRG VALUES (
    "7336eafe-bf7f-45cf-a139-f0fa44c5400e", -- Brg_ID : UNIQUE_ID
    "33d21480-69a2-4ed7-9fd6-4b0d734cf2a9", -- EE_ID : UNIQUE_ID
    'indexof', -- Name : STRING
    'Returns the index of the first occurence of needle in haystack. Returns -1 if no match is found.', -- Descrip : STRING
    0, -- Brg_Typ : INTEGER
    "ba5eda7a-def5-0000-0000-000000000002", -- DT_ID : UNIQUE_ID
    '', -- Action_Semantics_internal : STRING
    1, -- Suc_Pars : INTEGER
    '', -- Return_Dimensions : STRING
    0 -- Dialect : INTEGER
);
INSERT INTO S_BRG VALUES (
    "d62c634b-74cc-4271-879d-bb16f8243125", -- Brg_ID : UNIQUE_ID
    "33d21480-69a2-4ed7-9fd6-4b0d734cf2a9", -- EE_ID : UNIQUE_ID
    'trim', -- Name : STRING
    'Returns the input string with whitespace ( '' '', ''\r'', ''\t'', and ''\n'' ) trimmed from the beginning
and the end of the string. If the input string is only whitespace, empty string is returned', -- Descrip : STRING
    0, -- Brg_Typ : INTEGER
    "ba5eda7a-def5-0000-0000-000000000004", -- DT_ID : UNIQUE_ID
    '', -- Action_Semantics_internal : STRING
    1, -- Suc_Pars : INTEGER
    '', -- Return_Dimensions : STRING
    0 -- Dialect : INTEGER
);
INSERT INTO S_BRG VALUES (
    "bdfbe284-fdf5-4d84-b868-24a4494b1eed", -- Brg_ID : UNIQUE_ID
    "33d21480-69a2-4ed7-9fd6-4b0d734cf2a9", -- EE_ID : UNIQUE_ID
    'quote', -- Name : STRING
    'Returns a literal double quote character as a string', -- Descrip : STRING
    0, -- Brg_Typ : INTEGER
    "ba5eda7a-def5-0000-0000-000000000004", -- DT_ID : UNIQUE_ID
    '', -- Action_Semantics_internal : STRING
    1, -- Suc_Pars : INTEGER
    '', -- Return_Dimensions : STRING
    0 -- Dialect : INTEGER
);
INSERT INTO S_BRG VALUES (
    "98d84f3d-005b-4259-a245-635911bfd6d9", -- Brg_ID : UNIQUE_ID
    "33d21480-69a2-4ed7-9fd6-4b0d734cf2a9", -- EE_ID : UNIQUE_ID
    'escapetics', -- Name : STRING
    'replaces all instances of '' with '''' to escape the tics for SQL. Assumes that the result will still fit in the max
string', -- Descrip : STRING
    0, -- Brg_Typ : INTEGER
    "ba5eda7a-def5-0000-0000-000000000004", -- DT_ID : UNIQUE_ID
    '', -- Action_Semantics_internal : STRING
    1, -- Suc_Pars : INTEGER
    '', -- Return_Dimensions : STRING
    0 -- Dialect : INTEGER
);
INSERT INTO S_BRG VALUES (
    "2d05e784-4e68-4ad9-b373-5583b0c79497", -- Brg_ID : UNIQUE_ID
    "33d21480-69a2-4ed7-9fd6-4b0d734cf2a9", -- EE_ID : UNIQUE_ID
    'unescapetics', -- Name : STRING
    'replaces all instances of '''' with '' to un-escape the tics for SQL', -- Descrip : STRING
    0, -- Brg_Typ : INTEGER
    "ba5eda7a-def5-0000-0000-000000000004", -- DT_ID : UNIQUE_ID
    '', -- Action_Semantics_internal : STRING
    1, -- Suc_Pars : INTEGER
    '', -- Return_Dimensions : STRING
    0 -- Dialect : INTEGER
);
INSERT INTO S_BRG VALUES (
    "7b593108-9200-42f0-86c7-49dfd1e5d704", -- Brg_ID : UNIQUE_ID
    "445e6cf8-2b35-4c6d-b9ff-1db8125259dc", -- EE_ID : UNIQUE_ID
    'sqrt', -- Name : STRING
    '', -- Descrip : STRING
    0, -- Brg_Typ : INTEGER
    "ba5eda7a-def5-0000-0000-000000000003", -- DT_ID : UNIQUE_ID
    '', -- Action_Semantics_internal : STRING
    1, -- Suc_Pars : INTEGER
    '', -- Return_Dimensions : STRING
    0 -- Dialect : INTEGER
);
INSERT INTO S_BRG VALUES (
    "c1f05ae4-a5cb-40a3-a774-d2cddaff579b", -- Brg_ID : UNIQUE_ID
    "c9877e9a-7dfe-4912-b126-3e0d533cabd5", -- EE_ID : UNIQUE_ID
    'ascending', -- Name : STRING
    '', -- Descrip : STRING
    0, -- Brg_Typ : INTEGER
    "ba5eda7a-def5-0000-0000-000000000001", -- DT_ID : UNIQUE_ID
    'return true;', -- Action_Semantics_internal : STRING
    1, -- Suc_Pars : INTEGER
    '', -- Return_Dimensions : STRING
    0 -- Dialect : INTEGER
);
INSERT INTO S_BRG VALUES (
    "cc2b571f-54b2-4585-86b3-d879d5e34b3d", -- Brg_ID : UNIQUE_ID
    "c9877e9a-7dfe-4912-b126-3e0d533cabd5", -- EE_ID : UNIQUE_ID
    'descending', -- Name : STRING
    '', -- Descrip : STRING
    0, -- Brg_Typ : INTEGER
    "ba5eda7a-def5-0000-0000-000000000001", -- DT_ID : UNIQUE_ID
    'return true;', -- Action_Semantics_internal : STRING
    1, -- Suc_Pars : INTEGER
    '', -- Return_Dimensions : STRING
    0 -- Dialect : INTEGER
);
INSERT INTO S_BRG VALUES (
    "3c5d78ee-496c-451e-bcc7-ad0d222c0e32", -- Brg_ID : UNIQUE_ID
    "4525dfcd-89bc-4810-bceb-c727b8c25e05", -- EE_ID : UNIQUE_ID
    'load', -- Name : STRING
    '', -- Descrip : STRING
    0, -- Brg_Typ : INTEGER
    "ba5eda7a-def5-0000-0000-000000000000", -- DT_ID : UNIQUE_ID
    '', -- Action_Semantics_internal : STRING
    1, -- Suc_Pars : INTEGER
    '', -- Return_Dimensions : STRING
    0 -- Dialect : INTEGER
);
INSERT INTO S_BRG VALUES (
    "e4340945-3812-4aa8-bc9b-e374d680118b", -- Brg_ID : UNIQUE_ID
    "4525dfcd-89bc-4810-bceb-c727b8c25e05", -- EE_ID : UNIQUE_ID
    'create', -- Name : STRING
    '', -- Descrip : STRING
    0, -- Brg_Typ : INTEGER
    "ba5eda7a-def5-0000-0000-000000000008", -- DT_ID : UNIQUE_ID
    '', -- Action_Semantics_internal : STRING
    1, -- Suc_Pars : INTEGER
    '', -- Return_Dimensions : STRING
    0 -- Dialect : INTEGER
);
INSERT INTO S_BRG VALUES (
    "5a5d5ceb-29f0-4209-aeba-150fb07052b7", -- Brg_ID : UNIQUE_ID
    "4525dfcd-89bc-4810-bceb-c727b8c25e05", -- EE_ID : UNIQUE_ID
    'set_attribute', -- Name : STRING
    '', -- Descrip : STRING
    0, -- Brg_Typ : INTEGER
    "ba5eda7a-def5-0000-0000-000000000000", -- DT_ID : UNIQUE_ID
    '', -- Action_Semantics_internal : STRING
    1, -- Suc_Pars : INTEGER
    '', -- Return_Dimensions : STRING
    0 -- Dialect : INTEGER
);
INSERT INTO S_BRG VALUES (
    "5dddfeb2-1f14-4aa5-ad63-8a909e0dec8c", -- Brg_ID : UNIQUE_ID
    "4525dfcd-89bc-4810-bceb-c727b8c25e05", -- EE_ID : UNIQUE_ID
    'relate', -- Name : STRING
    '', -- Descrip : STRING
    0, -- Brg_Typ : INTEGER
    "ba5eda7a-def5-0000-0000-000000000000", -- DT_ID : UNIQUE_ID
    '', -- Action_Semantics_internal : STRING
    1, -- Suc_Pars : INTEGER
    '', -- Return_Dimensions : STRING
    0 -- Dialect : INTEGER
);
INSERT INTO S_BRG VALUES (
    "4d455ec0-5a4f-467f-bd96-0eda52082970", -- Brg_ID : UNIQUE_ID
    "4525dfcd-89bc-4810-bceb-c727b8c25e05", -- EE_ID : UNIQUE_ID
    'relate_using', -- Name : STRING
    '', -- Descrip : STRING
    0, -- Brg_Typ : INTEGER
    "ba5eda7a-def5-0000-0000-000000000000", -- DT_ID : UNIQUE_ID
    '', -- Action_Semantics_internal : STRING
    1, -- Suc_Pars : INTEGER
    '', -- Return_Dimensions : STRING
    0 -- Dialect : INTEGER
);
INSERT INTO S_BRG VALUES (
    "b890cabd-de2c-4828-a8a5-d955fb7d67c4", -- Brg_ID : UNIQUE_ID
    "4525dfcd-89bc-4810-bceb-c727b8c25e05", -- EE_ID : UNIQUE_ID
    'call_function', -- Name : STRING
    '', -- Descrip : STRING
    0, -- Brg_Typ : INTEGER
    "ba5eda7a-def5-0000-0000-000000000008", -- DT_ID : UNIQUE_ID
    '', -- Action_Semantics_internal : STRING
    1, -- Suc_Pars : INTEGER
    '', -- Return_Dimensions : STRING
    0 -- Dialect : INTEGER
);
INSERT INTO S_BRG VALUES (
    "41ba132d-a1d1-4191-a09b-2557dff31e03", -- Brg_ID : UNIQUE_ID
    "3c9187e2-faac-4b05-986d-04c751e1632b", -- EE_ID : UNIQUE_ID
    'load_file', -- Name : STRING
    '', -- Descrip : STRING
    0, -- Brg_Typ : INTEGER
    "ba5eda7a-def5-0000-0000-000000000000", -- DT_ID : UNIQUE_ID
    '', -- Action_Semantics_internal : STRING
    1, -- Suc_Pars : INTEGER
    '', -- Return_Dimensions : STRING
    0 -- Dialect : INTEGER
);
INSERT INTO S_BRG VALUES (
    "9c9ff561-0230-49c6-93a0-97e6e806f171", -- Brg_ID : UNIQUE_ID
    "3c9187e2-faac-4b05-986d-04c751e1632b", -- EE_ID : UNIQUE_ID
    'serialize_file', -- Name : STRING
    '', -- Descrip : STRING
    0, -- Brg_Typ : INTEGER
    "ba5eda7a-def5-0000-0000-000000000000", -- DT_ID : UNIQUE_ID
    '', -- Action_Semantics_internal : STRING
    1, -- Suc_Pars : INTEGER
    '', -- Return_Dimensions : STRING
    0 -- Dialect : INTEGER
);
INSERT INTO S_BRG VALUES (
    "40eaec44-eb8d-4cae-959a-880b94c28c05", -- Brg_ID : UNIQUE_ID
    "3c9187e2-faac-4b05-986d-04c751e1632b", -- EE_ID : UNIQUE_ID
    'load', -- Name : STRING
    '', -- Descrip : STRING
    0, -- Brg_Typ : INTEGER
    "ba5eda7a-def5-0000-0000-000000000000", -- DT_ID : UNIQUE_ID
    '', -- Action_Semantics_internal : STRING
    1, -- Suc_Pars : INTEGER
    '', -- Return_Dimensions : STRING
    0 -- Dialect : INTEGER
);
INSERT INTO S_BRG VALUES (
    "a024f801-c9ad-4451-9c66-573aa528f182", -- Brg_ID : UNIQUE_ID
    "3c9187e2-faac-4b05-986d-04c751e1632b", -- EE_ID : UNIQUE_ID
    'serialize', -- Name : STRING
    '', -- Descrip : STRING
    0, -- Brg_Typ : INTEGER
    "ba5eda7a-def5-0000-0000-000000000000", -- DT_ID : UNIQUE_ID
    '', -- Action_Semantics_internal : STRING
    1, -- Suc_Pars : INTEGER
    '', -- Return_Dimensions : STRING
    0 -- Dialect : INTEGER
);
INSERT INTO S_BRG VALUES (
    "a83f64fc-8677-4fde-aa38-99aab40c8d1a", -- Brg_ID : UNIQUE_ID
    "d6db4b3d-c6a5-400a-92b9-6a391237afbb", -- EE_ID : UNIQUE_ID
    'body', -- Name : STRING
    '', -- Descrip : STRING
    0, -- Brg_Typ : INTEGER
    "ba5eda7a-def5-0000-0000-000000000004", -- DT_ID : UNIQUE_ID
    '', -- Action_Semantics_internal : STRING
    1, -- Suc_Pars : INTEGER
    '', -- Return_Dimensions : STRING
    0 -- Dialect : INTEGER
);
INSERT INTO S_BRG VALUES (
    "025ceff5-1023-427c-bbb0-750a3f4e97dc", -- Brg_ID : UNIQUE_ID
    "d6db4b3d-c6a5-400a-92b9-6a391237afbb", -- EE_ID : UNIQUE_ID
    'clear', -- Name : STRING
    '', -- Descrip : STRING
    0, -- Brg_Typ : INTEGER
    "ba5eda7a-def5-0000-0000-000000000000", -- DT_ID : UNIQUE_ID
    '', -- Action_Semantics_internal : STRING
    1, -- Suc_Pars : INTEGER
    '', -- Return_Dimensions : STRING
    0 -- Dialect : INTEGER
);
INSERT INTO S_BRG VALUES (
    "f7a1de23-2e31-4e8a-988b-ace95920d6c0", -- Brg_ID : UNIQUE_ID
    "d6db4b3d-c6a5-400a-92b9-6a391237afbb", -- EE_ID : UNIQUE_ID
    'append', -- Name : STRING
    '', -- Descrip : STRING
    0, -- Brg_Typ : INTEGER
    "ba5eda7a-def5-0000-0000-000000000000", -- DT_ID : UNIQUE_ID
    '', -- Action_Semantics_internal : STRING
    1, -- Suc_Pars : INTEGER
    '', -- Return_Dimensions : STRING
    0 -- Dialect : INTEGER
);
INSERT INTO S_BRG VALUES (
    "56d78985-bd88-4f57-97f5-3a8479d36a75", -- Brg_ID : UNIQUE_ID
    "d6db4b3d-c6a5-400a-92b9-6a391237afbb", -- EE_ID : UNIQUE_ID
    'include', -- Name : STRING
    '', -- Descrip : STRING
    0, -- Brg_Typ : INTEGER
    "ba5eda7a-def5-0000-0000-000000000000", -- DT_ID : UNIQUE_ID
    '', -- Action_Semantics_internal : STRING
    1, -- Suc_Pars : INTEGER
    '', -- Return_Dimensions : STRING
    0 -- Dialect : INTEGER
);
INSERT INTO S_BRG VALUES (
    "ad4f1248-1786-4a6c-9f24-575f1b7d5401", -- Brg_ID : UNIQUE_ID
    "d6db4b3d-c6a5-400a-92b9-6a391237afbb", -- EE_ID : UNIQUE_ID
    'emit', -- Name : STRING
    '', -- Descrip : STRING
    0, -- Brg_Typ : INTEGER
    "ba5eda7a-def5-0000-0000-000000000000", -- DT_ID : UNIQUE_ID
    '', -- Action_Semantics_internal : STRING
    1, -- Suc_Pars : INTEGER
    '', -- Return_Dimensions : STRING
    0 -- Dialect : INTEGER
);
INSERT INTO S_BRG VALUES (
    "387a0ac8-5355-48ef-a355-2676c1a68ecb", -- Brg_ID : UNIQUE_ID
    "d6db4b3d-c6a5-400a-92b9-6a391237afbb", -- EE_ID : UNIQUE_ID
    'sub', -- Name : STRING
    '', -- Descrip : STRING
    0, -- Brg_Typ : INTEGER
    "ba5eda7a-def5-0000-0000-000000000004", -- DT_ID : UNIQUE_ID
    '', -- Action_Semantics_internal : STRING
    1, -- Suc_Pars : INTEGER
    '', -- Return_Dimensions : STRING
    0 -- Dialect : INTEGER
);
INSERT INTO S_BRG VALUES (
    "a4310342-37b4-4aa7-825b-a056e08718c5", -- Brg_ID : UNIQUE_ID
    "d6db4b3d-c6a5-400a-92b9-6a391237afbb", -- EE_ID : UNIQUE_ID
    'set_output_directory', -- Name : STRING
    '', -- Descrip : STRING
    0, -- Brg_Typ : INTEGER
    "ba5eda7a-def5-0000-0000-000000000000", -- DT_ID : UNIQUE_ID
    '', -- Action_Semantics_internal : STRING
    1, -- Suc_Pars : INTEGER
    '', -- Return_Dimensions : STRING
    0 -- Dialect : INTEGER
);
INSERT INTO S_BRG VALUES (
    "3f74c1fa-616b-4b2a-aa3b-491d0b671973", -- Brg_ID : UNIQUE_ID
    "d6db4b3d-c6a5-400a-92b9-6a391237afbb", -- EE_ID : UNIQUE_ID
    'push_buffer', -- Name : STRING
    '', -- Descrip : STRING
    0, -- Brg_Typ : INTEGER
    "ba5eda7a-def5-0000-0000-000000000000", -- DT_ID : UNIQUE_ID
    '', -- Action_Semantics_internal : STRING
    1, -- Suc_Pars : INTEGER
    '', -- Return_Dimensions : STRING
    0 -- Dialect : INTEGER
);
INSERT INTO S_BRG VALUES (
    "62c9655c-04ce-4730-add9-3f1212865a27", -- Brg_ID : UNIQUE_ID
    "d6db4b3d-c6a5-400a-92b9-6a391237afbb", -- EE_ID : UNIQUE_ID
    'pop_buffer', -- Name : STRING
    '', -- Descrip : STRING
    0, -- Brg_Typ : INTEGER
    "ba5eda7a-def5-0000-0000-000000000000", -- DT_ID : UNIQUE_ID
    '', -- Action_Semantics_internal : STRING
    1, -- Suc_Pars : INTEGER
    '', -- Return_Dimensions : STRING
    0 -- Dialect : INTEGER
);
INSERT INTO S_BRG VALUES (
    "c7c7b56a-16b4-47d8-a682-c148ba0ff869", -- Brg_ID : UNIQUE_ID
    "c03ccce5-cb73-48ca-b676-b00270c95839", -- EE_ID : UNIQUE_ID
    'load', -- Name : STRING
    '', -- Descrip : STRING
    0, -- Brg_Typ : INTEGER
    "ba5eda7a-def5-0000-0000-000000000000", -- DT_ID : UNIQUE_ID
    '', -- Action_Semantics_internal : STRING
    1, -- Suc_Pars : INTEGER
    '', -- Return_Dimensions : STRING
    0 -- Dialect : INTEGER
);
INSERT INTO S_BRG VALUES (
    "bdc9cf61-1955-40c9-9744-9b3004874cc6", -- Brg_ID : UNIQUE_ID
    "c03ccce5-cb73-48ca-b676-b00270c95839", -- EE_ID : UNIQUE_ID
    'serialize', -- Name : STRING
    '', -- Descrip : STRING
    0, -- Brg_Typ : INTEGER
    "ba5eda7a-def5-0000-0000-000000000000", -- DT_ID : UNIQUE_ID
    '', -- Action_Semantics_internal : STRING
    1, -- Suc_Pars : INTEGER
    '', -- Return_Dimensions : STRING
    0 -- Dialect : INTEGER
);
INSERT INTO S_BRG VALUES (
    "5bd13bba-debc-4b14-b39f-b6d284c5b08d", -- Brg_ID : UNIQUE_ID
    "c03ccce5-cb73-48ca-b676-b00270c95839", -- EE_ID : UNIQUE_ID
    'initialize', -- Name : STRING
    '', -- Descrip : STRING
    0, -- Brg_Typ : INTEGER
    "ba5eda7a-def5-0000-0000-000000000000", -- DT_ID : UNIQUE_ID
    '', -- Action_Semantics_internal : STRING
    1, -- Suc_Pars : INTEGER
    '', -- Return_Dimensions : STRING
    0 -- Dialect : INTEGER
);
INSERT INTO S_CDT VALUES (
    "ba5eda7a-def5-0000-0000-000000000000", -- DT_ID : UNIQUE_ID
    0 -- Core_Typ : INTEGER
);
INSERT INTO S_CDT VALUES (
    "ba5eda7a-def5-0000-0000-000000000001", -- DT_ID : UNIQUE_ID
    1 -- Core_Typ : INTEGER
);
INSERT INTO S_CDT VALUES (
    "ba5eda7a-def5-0000-0000-000000000002", -- DT_ID : UNIQUE_ID
    2 -- Core_Typ : INTEGER
);
INSERT INTO S_CDT VALUES (
    "ba5eda7a-def5-0000-0000-000000000003", -- DT_ID : UNIQUE_ID
    3 -- Core_Typ : INTEGER
);
INSERT INTO S_CDT VALUES (
    "ba5eda7a-def5-0000-0000-000000000004", -- DT_ID : UNIQUE_ID
    4 -- Core_Typ : INTEGER
);
INSERT INTO S_CDT VALUES (
    "ba5eda7a-def5-0000-0000-000000000005", -- DT_ID : UNIQUE_ID
    5 -- Core_Typ : INTEGER
);
INSERT INTO S_CDT VALUES (
    "ba5eda7a-def5-0000-0000-000000000006", -- DT_ID : UNIQUE_ID
    6 -- Core_Typ : INTEGER
);
INSERT INTO S_CDT VALUES (
    "ba5eda7a-def5-0000-0000-000000000007", -- DT_ID : UNIQUE_ID
    7 -- Core_Typ : INTEGER
);
INSERT INTO S_CDT VALUES (
    "ba5eda7a-def5-0000-0000-000000000008", -- DT_ID : UNIQUE_ID
    8 -- Core_Typ : INTEGER
);
INSERT INTO S_CDT VALUES (
    "ba5eda7a-def5-0000-0000-000000000009", -- DT_ID : UNIQUE_ID
    9 -- Core_Typ : INTEGER
);
INSERT INTO S_CDT VALUES (
    "ba5eda7a-def5-0000-0000-00000000000a", -- DT_ID : UNIQUE_ID
    10 -- Core_Typ : INTEGER
);
INSERT INTO S_CDT VALUES (
    "ba5eda7a-def5-0000-0000-00000000000b", -- DT_ID : UNIQUE_ID
    11 -- Core_Typ : INTEGER
);
INSERT INTO S_CDT VALUES (
    "ba5eda7a-def5-0000-0000-00000000000c", -- DT_ID : UNIQUE_ID
    12 -- Core_Typ : INTEGER
);
INSERT INTO S_CDT VALUES (
    "ba5eda7a-def5-0000-0000-00000000000d", -- DT_ID : UNIQUE_ID
    13 -- Core_Typ : INTEGER
);
INSERT INTO S_DIM VALUES (
    0, -- elementCount : INTEGER
    0, -- dimensionCount : INTEGER
    "00000000-0000-0000-0000-000000000000", -- Sync_ID : UNIQUE_ID
    "00000000-0000-0000-0000-000000000000", -- SParm_ID : UNIQUE_ID
    "030b8ad4-05ad-415a-9745-c98c4f790575", -- BParm_ID : UNIQUE_ID
    "00000000-0000-0000-0000-000000000000", -- Brg_ID : UNIQUE_ID
    "00000000-0000-0000-0000-000000000000", -- Id : UNIQUE_ID
    "00000000-0000-0000-0000-000000000000", -- Obj_ID : UNIQUE_ID
    "00000000-0000-0000-0000-000000000000", -- Attr_ID : UNIQUE_ID
    "00000000-0000-0000-0000-000000000000", -- TParm_ID : UNIQUE_ID
    "00000000-0000-0000-0000-000000000000", -- Tfr_ID : UNIQUE_ID
    "00000000-0000-0000-0000-000000000000", -- Member_ID : UNIQUE_ID
    "00000000-0000-0000-0000-000000000000", -- DT_ID : UNIQUE_ID
    "00000000-0000-0000-0000-000000000000", -- PP_Id : UNIQUE_ID
    "00000000-0000-0000-0000-000000000000", -- SM_ID : UNIQUE_ID
    "00000000-0000-0000-0000-000000000000", -- SMedi_ID : UNIQUE_ID
    "8c0259e0-95ff-4d01-8783-8bb80f72108d", -- DIM_ID : UNIQUE_ID
    "00000000-0000-0000-0000-000000000000", -- Var_ID : UNIQUE_ID
    "00000000-0000-0000-0000-000000000000", -- TSParm_ID : UNIQUE_ID
    "00000000-0000-0000-0000-000000000000" -- Svc_ID : UNIQUE_ID
);
INSERT INTO S_DIM VALUES (
    0, -- elementCount : INTEGER
    0, -- dimensionCount : INTEGER
    "00000000-0000-0000-0000-000000000000", -- Sync_ID : UNIQUE_ID
    "00000000-0000-0000-0000-000000000000", -- SParm_ID : UNIQUE_ID
    "9655860a-1775-4c02-bf88-60f28d3010cf", -- BParm_ID : UNIQUE_ID
    "00000000-0000-0000-0000-000000000000", -- Brg_ID : UNIQUE_ID
    "00000000-0000-0000-0000-000000000000", -- Id : UNIQUE_ID
    "00000000-0000-0000-0000-000000000000", -- Obj_ID : UNIQUE_ID
    "00000000-0000-0000-0000-000000000000", -- Attr_ID : UNIQUE_ID
    "00000000-0000-0000-0000-000000000000", -- TParm_ID : UNIQUE_ID
    "00000000-0000-0000-0000-000000000000", -- Tfr_ID : UNIQUE_ID
    "00000000-0000-0000-0000-000000000000", -- Member_ID : UNIQUE_ID
    "00000000-0000-0000-0000-000000000000", -- DT_ID : UNIQUE_ID
    "00000000-0000-0000-0000-000000000000", -- PP_Id : UNIQUE_ID
    "00000000-0000-0000-0000-000000000000", -- SM_ID : UNIQUE_ID
    "00000000-0000-0000-0000-000000000000", -- SMedi_ID : UNIQUE_ID
    "520d3a81-54a2-4c9a-b2b6-72a3b5d856b5", -- DIM_ID : UNIQUE_ID
    "00000000-0000-0000-0000-000000000000", -- Var_ID : UNIQUE_ID
    "00000000-0000-0000-0000-000000000000", -- TSParm_ID : UNIQUE_ID
    "00000000-0000-0000-0000-000000000000" -- Svc_ID : UNIQUE_ID
);
INSERT INTO S_DIM VALUES (
    10, -- elementCount : INTEGER
    0, -- dimensionCount : INTEGER
    "00000000-0000-0000-0000-000000000000", -- Sync_ID : UNIQUE_ID
    "00000000-0000-0000-0000-000000000000", -- SParm_ID : UNIQUE_ID
    "00000000-0000-0000-0000-000000000000", -- BParm_ID : UNIQUE_ID
    "00000000-0000-0000-0000-000000000000", -- Brg_ID : UNIQUE_ID
    "00000000-0000-0000-0000-000000000000", -- Id : UNIQUE_ID
    "00000000-0000-0000-0000-000000000000", -- Obj_ID : UNIQUE_ID
    "00000000-0000-0000-0000-000000000000", -- Attr_ID : UNIQUE_ID
    "00000000-0000-0000-0000-000000000000", -- TParm_ID : UNIQUE_ID
    "00000000-0000-0000-0000-000000000000", -- Tfr_ID : UNIQUE_ID
    "00000000-0000-0000-0000-000000000000", -- Member_ID : UNIQUE_ID
    "00000000-0000-0000-0000-000000000000", -- DT_ID : UNIQUE_ID
    "00000000-0000-0000-0000-000000000000", -- PP_Id : UNIQUE_ID
    "00000000-0000-0000-0000-000000000000", -- SM_ID : UNIQUE_ID
    "00000000-0000-0000-0000-000000000000", -- SMedi_ID : UNIQUE_ID
    "36f1297a-490f-41c9-bc34-748ea8e4ade2", -- DIM_ID : UNIQUE_ID
    "b6c32430-64c4-4854-84d3-fadcea8ce17f", -- Var_ID : UNIQUE_ID
    "00000000-0000-0000-0000-000000000000", -- TSParm_ID : UNIQUE_ID
    "00000000-0000-0000-0000-000000000000" -- Svc_ID : UNIQUE_ID
);
INSERT INTO S_DT VALUES (
    "ba5eda7a-def5-0000-0000-000000000000", -- DT_ID : UNIQUE_ID
    "00000000-0000-0000-0000-000000000000", -- Dom_ID : UNIQUE_ID
    'void', -- Name : STRING
    '', -- Descrip : STRING
    '' -- DefaultValue : STRING
);
INSERT INTO S_DT VALUES (
    "ba5eda7a-def5-0000-0000-000000000001", -- DT_ID : UNIQUE_ID
    "00000000-0000-0000-0000-000000000000", -- Dom_ID : UNIQUE_ID
    'boolean', -- Name : STRING
    '', -- Descrip : STRING
    '' -- DefaultValue : STRING
);
INSERT INTO S_DT VALUES (
    "ba5eda7a-def5-0000-0000-000000000002", -- DT_ID : UNIQUE_ID
    "00000000-0000-0000-0000-000000000000", -- Dom_ID : UNIQUE_ID
    'integer', -- Name : STRING
    '', -- Descrip : STRING
    '' -- DefaultValue : STRING
);
INSERT INTO S_DT VALUES (
    "ba5eda7a-def5-0000-0000-000000000003", -- DT_ID : UNIQUE_ID
    "00000000-0000-0000-0000-000000000000", -- Dom_ID : UNIQUE_ID
    'real', -- Name : STRING
    '', -- Descrip : STRING
    '' -- DefaultValue : STRING
);
INSERT INTO S_DT VALUES (
    "ba5eda7a-def5-0000-0000-000000000004", -- DT_ID : UNIQUE_ID
    "00000000-0000-0000-0000-000000000000", -- Dom_ID : UNIQUE_ID
    'string', -- Name : STRING
    '', -- Descrip : STRING
    '' -- DefaultValue : STRING
);
INSERT INTO S_DT VALUES (
    "ba5eda7a-def5-0000-0000-000000000005", -- DT_ID : UNIQUE_ID
    "00000000-0000-0000-0000-000000000000", -- Dom_ID : UNIQUE_ID
    'unique_id', -- Name : STRING
    '', -- Descrip : STRING
    '' -- DefaultValue : STRING
);
INSERT INTO S_DT VALUES (
    "ba5eda7a-def5-0000-0000-000000000006", -- DT_ID : UNIQUE_ID
    "00000000-0000-0000-0000-000000000000", -- Dom_ID : UNIQUE_ID
    'state<State_Model>', -- Name : STRING
    '', -- Descrip : STRING
    '' -- DefaultValue : STRING
);
INSERT INTO S_DT VALUES (
    "ba5eda7a-def5-0000-0000-000000000007", -- DT_ID : UNIQUE_ID
    "00000000-0000-0000-0000-000000000000", -- Dom_ID : UNIQUE_ID
    'same_as<Base_Attribute>', -- Name : STRING
    '', -- Descrip : STRING
    '' -- DefaultValue : STRING
);
INSERT INTO S_DT VALUES (
    "ba5eda7a-def5-0000-0000-000000000008", -- DT_ID : UNIQUE_ID
    "00000000-0000-0000-0000-000000000000", -- Dom_ID : UNIQUE_ID
    'inst_ref<Object>', -- Name : STRING
    '', -- Descrip : STRING
    '' -- DefaultValue : STRING
);
INSERT INTO S_DT VALUES (
    "ba5eda7a-def5-0000-0000-000000000009", -- DT_ID : UNIQUE_ID
    "00000000-0000-0000-0000-000000000000", -- Dom_ID : UNIQUE_ID
    'inst_ref_set<Object>', -- Name : STRING
    '', -- Descrip : STRING
    '' -- DefaultValue : STRING
);
INSERT INTO S_DT VALUES (
    "ba5eda7a-def5-0000-0000-00000000000a", -- DT_ID : UNIQUE_ID
    "00000000-0000-0000-0000-000000000000", -- Dom_ID : UNIQUE_ID
    'inst<Event>', -- Name : STRING
    '', -- Descrip : STRING
    '' -- DefaultValue : STRING
);
INSERT INTO S_DT VALUES (
    "ba5eda7a-def5-0000-0000-00000000000b", -- DT_ID : UNIQUE_ID
    "00000000-0000-0000-0000-000000000000", -- Dom_ID : UNIQUE_ID
    'inst<Mapping>', -- Name : STRING
    '', -- Descrip : STRING
    '' -- DefaultValue : STRING
);
INSERT INTO S_DT VALUES (
    "ba5eda7a-def5-0000-0000-00000000000c", -- DT_ID : UNIQUE_ID
    "00000000-0000-0000-0000-000000000000", -- Dom_ID : UNIQUE_ID
    'inst_ref<Mapping>', -- Name : STRING
    '', -- Descrip : STRING
    '' -- DefaultValue : STRING
);
INSERT INTO S_DT VALUES (
    "ba5eda7a-def5-0000-0000-00000000000d", -- DT_ID : UNIQUE_ID
    "00000000-0000-0000-0000-000000000000", -- Dom_ID : UNIQUE_ID
    'component_ref', -- Name : STRING
    '', -- Descrip : STRING
    '' -- DefaultValue : STRING
);
INSERT INTO S_DT VALUES (
    "ba5eda7a-def5-0000-0000-00000000000e", -- DT_ID : UNIQUE_ID
    "00000000-0000-0000-0000-000000000000", -- Dom_ID : UNIQUE_ID
    'date', -- Name : STRING
    '', -- Descrip : STRING
    '' -- DefaultValue : STRING
);
INSERT INTO S_DT VALUES (
    "ba5eda7a-def5-0000-0000-00000000000f", -- DT_ID : UNIQUE_ID
    "00000000-0000-0000-0000-000000000000", -- Dom_ID : UNIQUE_ID
    'inst_ref<Timer>', -- Name : STRING
    '', -- Descrip : STRING
    '' -- DefaultValue : STRING
);
INSERT INTO S_DT VALUES (
    "ba5eda7a-def5-0000-0000-000000000010", -- DT_ID : UNIQUE_ID
    "00000000-0000-0000-0000-000000000000", -- Dom_ID : UNIQUE_ID
    'timestamp', -- Name : STRING
    '', -- Descrip : STRING
    '' -- DefaultValue : STRING
);
INSERT INTO S_DT VALUES (
    "168b328b-2af0-412b-bbf5-7e71f1fea433", -- DT_ID : UNIQUE_ID
    "00000000-0000-0000-0000-000000000000", -- Dom_ID : UNIQUE_ID
    'Employees', -- Name : STRING
    '', -- Descrip : STRING
    '' -- DefaultValue : STRING
);
INSERT INTO S_DT VALUES (
    "0d542083-4531-45d6-8411-30f81c92d642", -- DT_ID : UNIQUE_ID
    "00000000-0000-0000-0000-000000000000", -- Dom_ID : UNIQUE_ID
    'structureData', -- Name : STRING
    '', -- Descrip : STRING
    '' -- DefaultValue : STRING
);
INSERT INTO S_DT VALUES (
    "51cda5d8-b9fa-4471-8c71-5014f092a96c", -- DT_ID : UNIQUE_ID
    "00000000-0000-0000-0000-000000000000", -- Dom_ID : UNIQUE_ID
    'Employees', -- Name : STRING
    '', -- Descrip : STRING
    '' -- DefaultValue : STRING
);
INSERT INTO S_EE VALUES (
    "301ed0ee-cd6b-49d6-949f-df904baa862c", -- EE_ID : UNIQUE_ID
    'Architecture', -- Name : STRING
    '', -- Descrip : STRING
    'ARCH', -- Key_Lett : STRING
    "00000000-0000-0000-0000-000000000000", -- Dom_ID : UNIQUE_ID
    '', -- Realized_Class_Path : STRING
    'Architecture', -- Label : STRING
    1 -- isRealized : BOOLEAN
);
INSERT INTO S_EE VALUES (
    "fb3760d2-2a3e-463f-bd24-66cd25fdba39", -- EE_ID : UNIQUE_ID
    'Logging', -- Name : STRING
    '', -- Descrip : STRING
    'LOG', -- Key_Lett : STRING
    "00000000-0000-0000-0000-000000000000", -- Dom_ID : UNIQUE_ID
    '', -- Realized_Class_Path : STRING
    'Logging', -- Label : STRING
    1 -- isRealized : BOOLEAN
);
INSERT INTO S_EE VALUES (
    "0cbe8000-b94e-43c0-a74e-b3d9f70bb59d", -- EE_ID : UNIQUE_ID
    'Time', -- Name : STRING
    'The Time external entity provides date, timestamp, and timer related operations.', -- Descrip : STRING
    'TIM', -- Key_Lett : STRING
    "00000000-0000-0000-0000-000000000000", -- Dom_ID : UNIQUE_ID
    '', -- Realized_Class_Path : STRING
    'Time', -- Label : STRING
    1 -- isRealized : BOOLEAN
);
INSERT INTO S_EE VALUES (
    "2c85491d-6998-469c-bc26-d447450f7f85", -- EE_ID : UNIQUE_ID
    'Command Line', -- Name : STRING
    'This utility provides an interface to the command line arguements of the
application. ''register_flag'' and ''register_value'' are used to set up possible
options that may be queried. ''read_command_line'' signals the tool to parse
the command line arguments based on the registered options. ''get_flag'' and
''get_value'' query the loaded command line options. The ''register_*'' bridges
are intended to be called in the initializaion routine for a component. After
all options, are registered, ''read_command_line'' should be called to load
and validate the options. At this point, if the command line options do not
match the requirements of the registered options, the application will terminate.
Once ''read_command_line'' is invoked, no more options may be registered. The
''get_*'' bridges may be called any number of times afterwards to query the
command line.', -- Descrip : STRING
    'CMD', -- Key_Lett : STRING
    "00000000-0000-0000-0000-000000000000", -- Dom_ID : UNIQUE_ID
    '', -- Realized_Class_Path : STRING
    'Command Line', -- Label : STRING
    1 -- isRealized : BOOLEAN
);
INSERT INTO S_EE VALUES (
    "33d21480-69a2-4ed7-9fd6-4b0d734cf2a9", -- EE_ID : UNIQUE_ID
    'string', -- Name : STRING
    '', -- Descrip : STRING
    'STRING', -- Key_Lett : STRING
    "00000000-0000-0000-0000-000000000000", -- Dom_ID : UNIQUE_ID
    '', -- Realized_Class_Path : STRING
    'string', -- Label : STRING
    1 -- isRealized : BOOLEAN
);
INSERT INTO S_EE VALUES (
    "445e6cf8-2b35-4c6d-b9ff-1db8125259dc", -- EE_ID : UNIQUE_ID
    'math', -- Name : STRING
    '', -- Descrip : STRING
    'MATH', -- Key_Lett : STRING
    "00000000-0000-0000-0000-000000000000", -- Dom_ID : UNIQUE_ID
    '', -- Realized_Class_Path : STRING
    'math', -- Label : STRING
    1 -- isRealized : BOOLEAN
);
INSERT INTO S_EE VALUES (
    "c9877e9a-7dfe-4912-b126-3e0d533cabd5", -- EE_ID : UNIQUE_ID
    'sorting', -- Name : STRING
    '', -- Descrip : STRING
    'SORT', -- Key_Lett : STRING
    "00000000-0000-0000-0000-000000000000", -- Dom_ID : UNIQUE_ID
    '', -- Realized_Class_Path : STRING
    'sorting', -- Label : STRING
    1 -- isRealized : BOOLEAN
);
INSERT INTO S_EE VALUES (
    "4525dfcd-89bc-4810-bceb-c727b8c25e05", -- EE_ID : UNIQUE_ID
    'Load', -- Name : STRING
    '', -- Descrip : STRING
    'LOAD', -- Key_Lett : STRING
    "00000000-0000-0000-0000-000000000000", -- Dom_ID : UNIQUE_ID
    '', -- Realized_Class_Path : STRING
    'Load', -- Label : STRING
    1 -- isRealized : BOOLEAN
);
INSERT INTO S_EE VALUES (
    "3c9187e2-faac-4b05-986d-04c751e1632b", -- EE_ID : UNIQUE_ID
    'SQL', -- Name : STRING
    '', -- Descrip : STRING
    'SQL', -- Key_Lett : STRING
    "00000000-0000-0000-0000-000000000000", -- Dom_ID : UNIQUE_ID
    '', -- Realized_Class_Path : STRING
    'SQL', -- Label : STRING
    1 -- isRealized : BOOLEAN
);
INSERT INTO S_EE VALUES (
    "d6db4b3d-c6a5-400a-92b9-6a391237afbb", -- EE_ID : UNIQUE_ID
    'templating', -- Name : STRING
    '', -- Descrip : STRING
    'T', -- Key_Lett : STRING
    "00000000-0000-0000-0000-000000000000", -- Dom_ID : UNIQUE_ID
    '', -- Realized_Class_Path : STRING
    'templating', -- Label : STRING
    1 -- isRealized : BOOLEAN
);
INSERT INTO S_EE VALUES (
    "c03ccce5-cb73-48ca-b676-b00270c95839", -- EE_ID : UNIQUE_ID
    'DynamoDB', -- Name : STRING
    '', -- Descrip : STRING
    'DynamoDB', -- Key_Lett : STRING
    "00000000-0000-0000-0000-000000000000", -- Dom_ID : UNIQUE_ID
    '', -- Realized_Class_Path : STRING
    'DynamoDB', -- Label : STRING
    1 -- isRealized : BOOLEAN
);
INSERT INTO S_MBR VALUES (
    "630a0855-b5dd-4017-82e8-5fc7a27cba26", -- Member_ID : UNIQUE_ID
    'what', -- Name : STRING
    '', -- Descrip : STRING
    "0d542083-4531-45d6-8411-30f81c92d642", -- Parent_DT_DT_ID : UNIQUE_ID
    "ba5eda7a-def5-0000-0000-000000000002", -- DT_ID : UNIQUE_ID
    "00000000-0000-0000-0000-000000000000", -- Previous_Member_ID : UNIQUE_ID
    '' -- Dimensions : STRING
);
INSERT INTO S_SDT VALUES (
    "0d542083-4531-45d6-8411-30f81c92d642" -- DT_ID : UNIQUE_ID
);
INSERT INTO S_SPARM VALUES (
    "3a8c0fe8-12a7-4d09-8b8f-b61c254b15f4", -- SParm_ID : UNIQUE_ID
    "8e6515f0-ca9a-424d-b35b-60f69ec5dcc5", -- Sync_ID : UNIQUE_ID
    'msg', -- Name : STRING
    "ba5eda7a-def5-0000-0000-000000000002", -- DT_ID : UNIQUE_ID
    0, -- By_Ref : INTEGER
    '', -- Dimensions : STRING
    "00000000-0000-0000-0000-000000000000", -- Previous_SParm_ID : UNIQUE_ID
    '' -- Descrip : STRING
);
INSERT INTO S_SYNC VALUES (
    "8e6515f0-ca9a-424d-b35b-60f69ec5dcc5", -- Sync_ID : UNIQUE_ID
    "00000000-0000-0000-0000-000000000000", -- Dom_ID : UNIQUE_ID
    'Reply', -- Name : STRING
    '', -- Descrip : STRING
    '', -- Action_Semantics_internal : STRING
    "ba5eda7a-def5-0000-0000-000000000000", -- DT_ID : UNIQUE_ID
    3, -- Suc_Pars : INTEGER
    '', -- Return_Dimensions : STRING
    0 -- Dialect : INTEGER
);
INSERT INTO S_SYS VALUES (
    "7fdc406f-2939-49c0-8fab-99de27b70193", -- Sys_ID : UNIQUE_ID
    'runtime', -- Name : STRING
    1 -- useGlobals : BOOLEAN
);
INSERT INTO S_SYS VALUES (
    "ccdb2e52-76fc-4422-936f-a0239fd9d106", -- Sys_ID : UNIQUE_ID
    'hrm', -- Name : STRING
    1 -- useGlobals : BOOLEAN
);
INSERT INTO S_SYS VALUES (
    "46564f98-385d-43d9-876a-ca551a77e802", -- Sys_ID : UNIQUE_ID
    'HRUI', -- Name : STRING
    1 -- useGlobals : BOOLEAN
);
INSERT INTO S_SYS VALUES (
    "a31b98b3-80c6-4eea-80cb-d84755441c10", -- Sys_ID : UNIQUE_ID
    'HRsystem', -- Name : STRING
    1 -- useGlobals : BOOLEAN
);
INSERT INTO S_UDT VALUES (
    "ba5eda7a-def5-0000-0000-00000000000e", -- DT_ID : UNIQUE_ID
    "ba5eda7a-def5-0000-0000-00000000000b", -- CDT_DT_ID : UNIQUE_ID
    1, -- Gen_Type : INTEGER
    '' -- Definition : STRING
);
INSERT INTO S_UDT VALUES (
    "ba5eda7a-def5-0000-0000-00000000000f", -- DT_ID : UNIQUE_ID
    "ba5eda7a-def5-0000-0000-00000000000c", -- CDT_DT_ID : UNIQUE_ID
    3, -- Gen_Type : INTEGER
    '' -- Definition : STRING
);
INSERT INTO S_UDT VALUES (
    "ba5eda7a-def5-0000-0000-000000000010", -- DT_ID : UNIQUE_ID
    "ba5eda7a-def5-0000-0000-00000000000b", -- CDT_DT_ID : UNIQUE_ID
    2, -- Gen_Type : INTEGER
    '' -- Definition : STRING
);
INSERT INTO S_UDT VALUES (
    "168b328b-2af0-412b-bbf5-7e71f1fea433", -- DT_ID : UNIQUE_ID
    "ba5eda7a-def5-0000-0000-00000000000b", -- CDT_DT_ID : UNIQUE_ID
    0, -- Gen_Type : INTEGER
    '' -- Definition : STRING
);
INSERT INTO S_UDT VALUES (
    "51cda5d8-b9fa-4471-8c71-5014f092a96c", -- DT_ID : UNIQUE_ID
    "ba5eda7a-def5-0000-0000-00000000000b", -- CDT_DT_ID : UNIQUE_ID
    0, -- Gen_Type : INTEGER
    '' -- Definition : STRING
);
INSERT INTO V_AER VALUES (
    "63bcc298-adba-4b2c-be70-d220de839f87", -- Value_ID : UNIQUE_ID
    "c01afc86-78a7-41d3-95a5-b59415fb52da", -- Root_Value_ID : UNIQUE_ID
    "9e327a6e-4df2-46d9-84a8-8e5b2c8c714d" -- Index_Value_ID : UNIQUE_ID
);
INSERT INTO V_AER VALUES (
    "37327c78-71a9-43ba-981a-6ff67e1b3f78", -- Value_ID : UNIQUE_ID
    "6f8e27f1-495f-4038-bf5c-823615e031d0", -- Root_Value_ID : UNIQUE_ID
    "0a1c2f16-df8c-4b3d-8420-95d968b0e9ad" -- Index_Value_ID : UNIQUE_ID
);
INSERT INTO V_AER VALUES (
    "e5f9b8bd-8fd9-47bd-8169-5a3032af5d07", -- Value_ID : UNIQUE_ID
    "fd92b35f-9402-436f-bed0-fc5a039257b0", -- Root_Value_ID : UNIQUE_ID
    "d6de0fd8-64d0-464d-b64d-c07125c80979" -- Index_Value_ID : UNIQUE_ID
);
INSERT INTO V_AER VALUES (
    "740e7e3b-a5c9-4f49-9af0-c685ef125926", -- Value_ID : UNIQUE_ID
    "b01a53ac-b428-43a2-b487-f10147c08e7a", -- Root_Value_ID : UNIQUE_ID
    "ea5a9841-4390-4503-afed-a3fba1da81f8" -- Index_Value_ID : UNIQUE_ID
);
INSERT INTO V_AER VALUES (
    "cd46b2f1-2975-49b3-a9c1-bff7ca4049d1", -- Value_ID : UNIQUE_ID
    "7018c973-cfbb-4f70-98a1-407318f7184d", -- Root_Value_ID : UNIQUE_ID
    "1df3d92c-4d91-4269-b061-a0f168b6a782" -- Index_Value_ID : UNIQUE_ID
);
INSERT INTO V_AER VALUES (
    "0d375878-bf19-4829-8200-e4d486d37a49", -- Value_ID : UNIQUE_ID
    "b781cb1b-860e-479c-ad9c-645e561f7b21", -- Root_Value_ID : UNIQUE_ID
    "6e58e835-3d23-4476-9373-0796ddb1d1f9" -- Index_Value_ID : UNIQUE_ID
);
INSERT INTO V_AER VALUES (
    "4ec96bc8-ac51-401b-bda4-4346fa9c443d", -- Value_ID : UNIQUE_ID
    "f7d2f547-b843-4c57-905c-145da2adcf3f", -- Root_Value_ID : UNIQUE_ID
    "a6bc9857-ff1c-4b25-8165-a7fcbf6c9965" -- Index_Value_ID : UNIQUE_ID
);
INSERT INTO V_AER VALUES (
    "af09d84a-b148-4717-b3ec-eca2c4b9fe24", -- Value_ID : UNIQUE_ID
    "1379de47-47ab-442b-b6a5-f88f379e04e5", -- Root_Value_ID : UNIQUE_ID
    "aebf4d75-892d-4bfb-bd2b-a92017b780e5" -- Index_Value_ID : UNIQUE_ID
);
INSERT INTO V_AER VALUES (
    "bb7c2d6d-920d-45ec-a40a-5bfcc356e7d3", -- Value_ID : UNIQUE_ID
    "1e8f1c02-2175-4ce4-85d1-47d2cf26b6d9", -- Root_Value_ID : UNIQUE_ID
    "ee9bf796-b71c-4b91-97b7-17b8686c1b33" -- Index_Value_ID : UNIQUE_ID
);
INSERT INTO V_AER VALUES (
    "c7b8989e-b9ff-46e7-954e-27de9da93a06", -- Value_ID : UNIQUE_ID
    "88bd3516-72c0-4895-b965-275eb1bdc48f", -- Root_Value_ID : UNIQUE_ID
    "065eb9e3-ac3f-4302-af8a-227ec34b88ff" -- Index_Value_ID : UNIQUE_ID
);
INSERT INTO V_AER VALUES (
    "6afd032c-d7c1-4216-8ca4-8664009031b6", -- Value_ID : UNIQUE_ID
    "361cf703-f266-43c9-8638-5879077f72a1", -- Root_Value_ID : UNIQUE_ID
    "f7151f21-3c25-4c8c-9376-076aadb373e4" -- Index_Value_ID : UNIQUE_ID
);
INSERT INTO V_AVL VALUES (
    "78156eb2-c77b-4def-b52d-f0fc8a4fecb7", -- Value_ID : UNIQUE_ID
    "69c78f73-c0eb-41de-861c-ffc644118c92", -- Root_Value_ID : UNIQUE_ID
    "d8528470-976c-421b-a087-1201ac24302f", -- Obj_ID : UNIQUE_ID
    "7e42a956-78c5-4651-8efb-01820a985edd" -- Attr_ID : UNIQUE_ID
);
INSERT INTO V_AVL VALUES (
    "ddfa2080-bad6-46e7-9239-8aed8bb66cc4", -- Value_ID : UNIQUE_ID
    "4670150d-502d-4c62-9c87-fea72d1495ce", -- Root_Value_ID : UNIQUE_ID
    "d8528470-976c-421b-a087-1201ac24302f", -- Obj_ID : UNIQUE_ID
    "af90ebd4-1702-491f-85cd-2d5dbfad46bb" -- Attr_ID : UNIQUE_ID
);
INSERT INTO V_AVL VALUES (
    "c82c24eb-adaf-46c1-8a45-d7f4d305825a", -- Value_ID : UNIQUE_ID
    "f77a529a-faf1-4163-9a79-ce1c45b8c79e", -- Root_Value_ID : UNIQUE_ID
    "d8528470-976c-421b-a087-1201ac24302f", -- Obj_ID : UNIQUE_ID
    "9066db86-0565-4761-9920-bcf2a1cd02d9" -- Attr_ID : UNIQUE_ID
);
INSERT INTO V_AVL VALUES (
    "777c7f5e-6505-4a79-9f6e-48d6162760f2", -- Value_ID : UNIQUE_ID
    "761f14fe-916e-474c-b1d6-cfa978d11003", -- Root_Value_ID : UNIQUE_ID
    "d8528470-976c-421b-a087-1201ac24302f", -- Obj_ID : UNIQUE_ID
    "9066db86-0565-4761-9920-bcf2a1cd02d9" -- Attr_ID : UNIQUE_ID
);
INSERT INTO V_BIN VALUES (
    "35cdffb2-8efd-4604-b3d8-14930b414eb9", -- Value_ID : UNIQUE_ID
    "9850eea7-d5d3-478a-b45d-24076c14fcef", -- Right_Value_ID : UNIQUE_ID
    "7f8b6ba5-9349-454d-961d-c6f0602971ba", -- Left_Value_ID : UNIQUE_ID
    '>=' -- Operator : STRING
);
INSERT INTO V_BIN VALUES (
    "388d0923-d08e-497a-9e54-27232a36bfb4", -- Value_ID : UNIQUE_ID
    "ac3df506-fe49-4f40-87da-06212252e3a2", -- Right_Value_ID : UNIQUE_ID
    "32442fd2-3346-4fd0-b183-cb81d0bbf1f4", -- Left_Value_ID : UNIQUE_ID
    '%' -- Operator : STRING
);
INSERT INTO V_BIN VALUES (
    "2852efb7-56ba-4f3c-95df-6fd286e30e6f", -- Value_ID : UNIQUE_ID
    "7cf3a374-f7fd-4d6d-a7f3-6ae680879070", -- Right_Value_ID : UNIQUE_ID
    "ec1444e0-819e-4cc7-9c2f-1b153e75e1d4", -- Left_Value_ID : UNIQUE_ID
    '/' -- Operator : STRING
);
INSERT INTO V_BIN VALUES (
    "f384c4a2-c155-4c77-81d5-174839b95d9e", -- Value_ID : UNIQUE_ID
    "b4fa5791-e4f1-4446-97c1-0690241a1570", -- Right_Value_ID : UNIQUE_ID
    "6afd032c-d7c1-4216-8ca4-8664009031b6", -- Left_Value_ID : UNIQUE_ID
    '+' -- Operator : STRING
);
INSERT INTO V_BIN VALUES (
    "4b56962e-0483-4e77-afe1-f76664cfe572", -- Value_ID : UNIQUE_ID
    "79c04992-92f6-4869-95bd-d84b8e5fdf04", -- Right_Value_ID : UNIQUE_ID
    "6ee6d648-166f-4aec-905d-0b836760595f", -- Left_Value_ID : UNIQUE_ID
    '+' -- Operator : STRING
);
INSERT INTO V_BIN VALUES (
    "3f585ecb-f7c1-4ef8-b3be-3b2af77033c9", -- Value_ID : UNIQUE_ID
    "ca24fbb0-0661-40e3-ab7e-8be22f9cfc03", -- Right_Value_ID : UNIQUE_ID
    "4b56962e-0483-4e77-afe1-f76664cfe572", -- Left_Value_ID : UNIQUE_ID
    '+' -- Operator : STRING
);
INSERT INTO V_BIN VALUES (
    "4d8f85ac-207c-4237-9a5f-447ac7ce240e", -- Value_ID : UNIQUE_ID
    "b5e6f29b-bd0d-4716-89e8-34463140711b", -- Right_Value_ID : UNIQUE_ID
    "78156eb2-c77b-4def-b52d-f0fc8a4fecb7", -- Left_Value_ID : UNIQUE_ID
    '==' -- Operator : STRING
);
INSERT INTO V_BIN VALUES (
    "e68668f0-1e75-431d-ae8b-d3d5a5f6920c", -- Value_ID : UNIQUE_ID
    "09ea0dbb-6d5a-4b64-8c85-b101f48c650c", -- Right_Value_ID : UNIQUE_ID
    "ddfa2080-bad6-46e7-9239-8aed8bb66cc4", -- Left_Value_ID : UNIQUE_ID
    '==' -- Operator : STRING
);
INSERT INTO V_BIN VALUES (
    "d2403c92-6987-4518-a26a-df6ff72c318b", -- Value_ID : UNIQUE_ID
    "e68668f0-1e75-431d-ae8b-d3d5a5f6920c", -- Right_Value_ID : UNIQUE_ID
    "4d8f85ac-207c-4237-9a5f-447ac7ce240e", -- Left_Value_ID : UNIQUE_ID
    'and' -- Operator : STRING
);
INSERT INTO V_BIN VALUES (
    "676e82d6-a314-4b39-b42f-f224957ab920", -- Value_ID : UNIQUE_ID
    "3a0d961a-da60-4355-b6f1-97c326000107", -- Right_Value_ID : UNIQUE_ID
    "c82c24eb-adaf-46c1-8a45-d7f4d305825a", -- Left_Value_ID : UNIQUE_ID
    '==' -- Operator : STRING
);
INSERT INTO V_BIN VALUES (
    "bcddf177-7399-4a57-9d08-ea735aa1f6a5", -- Value_ID : UNIQUE_ID
    "676e82d6-a314-4b39-b42f-f224957ab920", -- Right_Value_ID : UNIQUE_ID
    "d2403c92-6987-4518-a26a-df6ff72c318b", -- Left_Value_ID : UNIQUE_ID
    'and' -- Operator : STRING
);
INSERT INTO V_BIN VALUES (
    "a484ddce-ec02-408d-98ed-cae2f3e19c16", -- Value_ID : UNIQUE_ID
    "2bd81e55-9ed3-4ebd-9ab9-aa8b19effabe", -- Right_Value_ID : UNIQUE_ID
    "777c7f5e-6505-4a79-9f6e-48d6162760f2", -- Left_Value_ID : UNIQUE_ID
    '==' -- Operator : STRING
);
INSERT INTO V_BRV VALUES (
    "f1b5e6e6-6375-418d-9ba2-8e98b03d8fd1", -- Value_ID : UNIQUE_ID
    "af615ef3-56dd-40b1-be6b-27e07023a829", -- Brg_ID : UNIQUE_ID
    1, -- ParmListOK : BOOLEAN
    0, -- externalEntityKeyLettersLineNumber : INTEGER
    0 -- externalEntityKeyLettersColumn : INTEGER
);
INSERT INTO V_BRV VALUES (
    "1260bccf-94f0-43f3-a4cd-7b03907724f2", -- Value_ID : UNIQUE_ID
    "8a08e8b6-4de0-437f-968f-71d65464ceb7", -- Brg_ID : UNIQUE_ID
    1, -- ParmListOK : BOOLEAN
    0, -- externalEntityKeyLettersLineNumber : INTEGER
    0 -- externalEntityKeyLettersColumn : INTEGER
);
INSERT INTO V_BRV VALUES (
    "c556f018-8d8d-42df-85da-c351edf082e3", -- Value_ID : UNIQUE_ID
    "af615ef3-56dd-40b1-be6b-27e07023a829", -- Brg_ID : UNIQUE_ID
    1, -- ParmListOK : BOOLEAN
    0, -- externalEntityKeyLettersLineNumber : INTEGER
    0 -- externalEntityKeyLettersColumn : INTEGER
);
INSERT INTO V_BRV VALUES (
    "2ae48709-8dc2-4824-99f4-e854d3d5fc60", -- Value_ID : UNIQUE_ID
    "af615ef3-56dd-40b1-be6b-27e07023a829", -- Brg_ID : UNIQUE_ID
    1, -- ParmListOK : BOOLEAN
    0, -- externalEntityKeyLettersLineNumber : INTEGER
    0 -- externalEntityKeyLettersColumn : INTEGER
);
INSERT INTO V_BRV VALUES (
    "79ad1bca-5e1f-4551-af91-d7a6cd2364ee", -- Value_ID : UNIQUE_ID
    "af615ef3-56dd-40b1-be6b-27e07023a829", -- Brg_ID : UNIQUE_ID
    1, -- ParmListOK : BOOLEAN
    0, -- externalEntityKeyLettersLineNumber : INTEGER
    0 -- externalEntityKeyLettersColumn : INTEGER
);
INSERT INTO V_EDV VALUES (
    "384d2c99-66ae-46cd-909c-115d7ba7089c" -- Value_ID : UNIQUE_ID
);
INSERT INTO V_EDV VALUES (
    "00509224-b783-4f2d-8f5f-0acb66adf3ab" -- Value_ID : UNIQUE_ID
);
INSERT INTO V_EDV VALUES (
    "0378b300-7952-4d92-934d-df4d1f214a40" -- Value_ID : UNIQUE_ID
);
INSERT INTO V_EDV VALUES (
    "e6a056bb-95b8-4f67-a1f3-ed31cc6e8b2b" -- Value_ID : UNIQUE_ID
);
INSERT INTO V_EPR VALUES (
    "384d2c99-66ae-46cd-909c-115d7ba7089c", -- Value_ID : UNIQUE_ID
    "7b5f90bd-656f-4bc9-83bf-771ed45973b0", -- SM_ID : UNIQUE_ID
    "1b4a66b0-5c23-4de8-9ae7-736c9f81c8b5", -- SMedi_ID : UNIQUE_ID
    "00000000-0000-0000-0000-000000000000" -- PP_Id : UNIQUE_ID
);
INSERT INTO V_EPR VALUES (
    "00509224-b783-4f2d-8f5f-0acb66adf3ab", -- Value_ID : UNIQUE_ID
    "7b5f90bd-656f-4bc9-83bf-771ed45973b0", -- SM_ID : UNIQUE_ID
    "ae225fc1-9a11-41aa-8f79-514a33c9ec6a", -- SMedi_ID : UNIQUE_ID
    "00000000-0000-0000-0000-000000000000" -- PP_Id : UNIQUE_ID
);
INSERT INTO V_EPR VALUES (
    "0378b300-7952-4d92-934d-df4d1f214a40", -- Value_ID : UNIQUE_ID
    "7b5f90bd-656f-4bc9-83bf-771ed45973b0", -- SM_ID : UNIQUE_ID
    "9b9b1fdb-7d5f-4288-b2ee-0d0fbd33bfec", -- SMedi_ID : UNIQUE_ID
    "00000000-0000-0000-0000-000000000000" -- PP_Id : UNIQUE_ID
);
INSERT INTO V_EPR VALUES (
    "e6a056bb-95b8-4f67-a1f3-ed31cc6e8b2b", -- Value_ID : UNIQUE_ID
    "7b5f90bd-656f-4bc9-83bf-771ed45973b0", -- SM_ID : UNIQUE_ID
    "6709edaf-3b9c-4b26-a13a-6335f0827992", -- SMedi_ID : UNIQUE_ID
    "00000000-0000-0000-0000-000000000000" -- PP_Id : UNIQUE_ID
);
INSERT INTO V_INT VALUES (
    "2dda0efd-16ef-46d7-8785-fa676f30a3e2", -- Var_ID : UNIQUE_ID
    0, -- IsImplicitInFor : BOOLEAN
    "d8528470-976c-421b-a087-1201ac24302f" -- Obj_ID : UNIQUE_ID
);
INSERT INTO V_INT VALUES (
    "c78bb4db-70c9-4ea2-bdbc-a898a3c65ba6", -- Var_ID : UNIQUE_ID
    0, -- IsImplicitInFor : BOOLEAN
    "d8528470-976c-421b-a087-1201ac24302f" -- Obj_ID : UNIQUE_ID
);
INSERT INTO V_INT VALUES (
    "3d480eaa-c5e8-46d2-8722-9399592fac19", -- Var_ID : UNIQUE_ID
    0, -- IsImplicitInFor : BOOLEAN
    "d8528470-976c-421b-a087-1201ac24302f" -- Obj_ID : UNIQUE_ID
);
INSERT INTO V_IRF VALUES (
    "5f75f607-fecd-4b9a-9a03-d7cb99715947", -- Value_ID : UNIQUE_ID
    "2dda0efd-16ef-46d7-8785-fa676f30a3e2" -- Var_ID : UNIQUE_ID
);
INSERT INTO V_IRF VALUES (
    "535efa24-b41d-4836-b363-5a1cdc5432f1", -- Value_ID : UNIQUE_ID
    "3d480eaa-c5e8-46d2-8722-9399592fac19" -- Var_ID : UNIQUE_ID
);
INSERT INTO V_LBO VALUES (
    "62d3b9e4-8c9f-4ef3-8aac-2f33dbb9cc35", -- Value_ID : UNIQUE_ID
    'TRUE' -- Value : STRING
);
INSERT INTO V_LBO VALUES (
    "bd4d2c13-800d-43e3-90b1-00eea795a71d", -- Value_ID : UNIQUE_ID
    'TRUE' -- Value : STRING
);
INSERT INTO V_LBO VALUES (
    "8c5aebe0-6e3d-4618-ab61-bb3b919d133a", -- Value_ID : UNIQUE_ID
    'TRUE' -- Value : STRING
);
INSERT INTO V_LBO VALUES (
    "8b95633b-48f9-48de-96fe-d29a99330fa4", -- Value_ID : UNIQUE_ID
    'FALSE' -- Value : STRING
);
INSERT INTO V_LBO VALUES (
    "d5000cf7-638d-4a96-b71d-8a8028f1b4c0", -- Value_ID : UNIQUE_ID
    'TRUE' -- Value : STRING
);
INSERT INTO V_LBO VALUES (
    "0091587b-3a63-4492-b5c0-4c51a675f0b9", -- Value_ID : UNIQUE_ID
    'FALSE' -- Value : STRING
);
INSERT INTO V_LIN VALUES (
    "9e327a6e-4df2-46d9-84a8-8e5b2c8c714d", -- Value_ID : UNIQUE_ID
    '9' -- Value : STRING
);
INSERT INTO V_LIN VALUES (
    "0a1c2f16-df8c-4b3d-8420-95d968b0e9ad", -- Value_ID : UNIQUE_ID
    '8' -- Value : STRING
);
INSERT INTO V_LIN VALUES (
    "d6de0fd8-64d0-464d-b64d-c07125c80979", -- Value_ID : UNIQUE_ID
    '7' -- Value : STRING
);
INSERT INTO V_LIN VALUES (
    "ea5a9841-4390-4503-afed-a3fba1da81f8", -- Value_ID : UNIQUE_ID
    '6' -- Value : STRING
);
INSERT INTO V_LIN VALUES (
    "1df3d92c-4d91-4269-b061-a0f168b6a782", -- Value_ID : UNIQUE_ID
    '5' -- Value : STRING
);
INSERT INTO V_LIN VALUES (
    "6e58e835-3d23-4476-9373-0796ddb1d1f9", -- Value_ID : UNIQUE_ID
    '4' -- Value : STRING
);
INSERT INTO V_LIN VALUES (
    "a6bc9857-ff1c-4b25-8165-a7fcbf6c9965", -- Value_ID : UNIQUE_ID
    '3' -- Value : STRING
);
INSERT INTO V_LIN VALUES (
    "aebf4d75-892d-4bfb-bd2b-a92017b780e5", -- Value_ID : UNIQUE_ID
    '2' -- Value : STRING
);
INSERT INTO V_LIN VALUES (
    "ee9bf796-b71c-4b91-97b7-17b8686c1b33", -- Value_ID : UNIQUE_ID
    '1' -- Value : STRING
);
INSERT INTO V_LIN VALUES (
    "065eb9e3-ac3f-4302-af8a-227ec34b88ff", -- Value_ID : UNIQUE_ID
    '0' -- Value : STRING
);
INSERT INTO V_LIN VALUES (
    "9850eea7-d5d3-478a-b45d-24076c14fcef", -- Value_ID : UNIQUE_ID
    '1' -- Value : STRING
);
INSERT INTO V_LIN VALUES (
    "ac3df506-fe49-4f40-87da-06212252e3a2", -- Value_ID : UNIQUE_ID
    '10' -- Value : STRING
);
INSERT INTO V_LIN VALUES (
    "7cf3a374-f7fd-4d6d-a7f3-6ae680879070", -- Value_ID : UNIQUE_ID
    '10' -- Value : STRING
);
INSERT INTO V_LIN VALUES (
    "5e54c5f7-50a7-4666-9bec-d4927d976cbd", -- Value_ID : UNIQUE_ID
    '0' -- Value : STRING
);
INSERT INTO V_LOC VALUES (
    "a55d8f26-b158-4951-80be-65453f7f9960", -- Id : UNIQUE_ID
    1, -- LineNumber : INTEGER
    1, -- StartPosition : INTEGER
    7, -- EndPosition : INTEGER
    "b6c32430-64c4-4854-84d3-fadcea8ce17f" -- Var_ID : UNIQUE_ID
);
INSERT INTO V_LOC VALUES (
    "8d10e4a4-3a6d-46ea-b54f-c54b7218cf90", -- Id : UNIQUE_ID
    4, -- LineNumber : INTEGER
    1, -- StartPosition : INTEGER
    1, -- EndPosition : INTEGER
    "f3905499-187a-4d7c-8a5a-4ee7ab5957b0" -- Var_ID : UNIQUE_ID
);
INSERT INTO V_LOC VALUES (
    "e74ebd9b-6044-4223-a608-a45e975f4cbe", -- Id : UNIQUE_ID
    4, -- LineNumber : INTEGER
    14, -- StartPosition : INTEGER
    14, -- EndPosition : INTEGER
    "7b2fe47a-8907-47b5-bc29-a06a491a19eb" -- Var_ID : UNIQUE_ID
);
INSERT INTO V_LOC VALUES (
    "90047927-2b2d-49f3-adcd-ab374eea5aec", -- Id : UNIQUE_ID
    6, -- LineNumber : INTEGER
    3, -- StartPosition : INTEGER
    3, -- EndPosition : INTEGER
    "0e095788-7cc0-4c8a-84d7-dec7dd618d2b" -- Var_ID : UNIQUE_ID
);
INSERT INTO V_LOC VALUES (
    "e67f4e59-21b4-4280-b033-fc651ac3dccd", -- Id : UNIQUE_ID
    2, -- LineNumber : INTEGER
    2, -- StartPosition : INTEGER
    6, -- EndPosition : INTEGER
    "e028b525-93bb-40a4-a141-6c4cc61cb185" -- Var_ID : UNIQUE_ID
);
INSERT INTO V_LOC VALUES (
    "2c4d3bc9-fb93-4450-9500-dfc2741c9141", -- Id : UNIQUE_ID
    3, -- LineNumber : INTEGER
    2, -- StartPosition : INTEGER
    6, -- EndPosition : INTEGER
    "958d56f5-b106-438e-97d3-be288b3ce256" -- Var_ID : UNIQUE_ID
);
INSERT INTO V_LOC VALUES (
    "80014de7-d2e2-4923-a028-99f4e31fca60", -- Id : UNIQUE_ID
    4, -- LineNumber : INTEGER
    2, -- StartPosition : INTEGER
    12, -- EndPosition : INTEGER
    "8036d6c3-4868-4b9a-930c-f9d0f32947d5" -- Var_ID : UNIQUE_ID
);
INSERT INTO V_LOC VALUES (
    "45743e9e-0d87-463d-92c5-bbf90dc72beb", -- Id : UNIQUE_ID
    5, -- LineNumber : INTEGER
    2, -- StartPosition : INTEGER
    11, -- EndPosition : INTEGER
    "f65802b6-3b8a-4379-94a0-be9949fce0ea" -- Var_ID : UNIQUE_ID
);
INSERT INTO V_LOC VALUES (
    "2ddefefd-05ad-411e-bd2b-e2fdb9519c34", -- Id : UNIQUE_ID
    2, -- LineNumber : INTEGER
    1, -- StartPosition : INTEGER
    10, -- EndPosition : INTEGER
    "a68076ba-470d-46b9-8c4b-fa4f32d99d32" -- Var_ID : UNIQUE_ID
);
INSERT INTO V_LOC VALUES (
    "1dfce88c-52eb-4210-a49a-c2cb71cbfa95", -- Id : UNIQUE_ID
    2, -- LineNumber : INTEGER
    1, -- StartPosition : INTEGER
    156, -- EndPosition : INTEGER
    "2dda0efd-16ef-46d7-8785-fa676f30a3e2" -- Var_ID : UNIQUE_ID
);
INSERT INTO V_LOC VALUES (
    "03e1808d-83b8-42b6-b5c3-ca7ef95f3165", -- Id : UNIQUE_ID
    4, -- LineNumber : INTEGER
    2, -- StartPosition : INTEGER
    44, -- EndPosition : INTEGER
    "c78bb4db-70c9-4ea2-bdbc-a898a3c65ba6" -- Var_ID : UNIQUE_ID
);
INSERT INTO V_LOC VALUES (
    "4df754ab-2664-4cca-8cb9-493014af3ca7", -- Id : UNIQUE_ID
    2, -- LineNumber : INTEGER
    1, -- StartPosition : INTEGER
    92, -- EndPosition : INTEGER
    "3d480eaa-c5e8-46d2-8722-9399592fac19" -- Var_ID : UNIQUE_ID
);
INSERT INTO V_LST VALUES (
    "1a0a2ab9-6f28-44f3-8f82-84888281839e", -- Value_ID : UNIQUE_ID
    '9' -- Value : STRING
);
INSERT INTO V_LST VALUES (
    "380981b8-087d-4c6d-a3a3-0071af2f7fd4", -- Value_ID : UNIQUE_ID
    '8' -- Value : STRING
);
INSERT INTO V_LST VALUES (
    "e9b5979f-a407-439f-a58b-fc5186900aca", -- Value_ID : UNIQUE_ID
    '7' -- Value : STRING
);
INSERT INTO V_LST VALUES (
    "29c44c7a-87e6-4653-8084-909eb315e8d7", -- Value_ID : UNIQUE_ID
    '6' -- Value : STRING
);
INSERT INTO V_LST VALUES (
    "4a6a9680-1223-4067-bfc9-7d7bb4c9ad89", -- Value_ID : UNIQUE_ID
    '5' -- Value : STRING
);
INSERT INTO V_LST VALUES (
    "9037290c-6cdf-4e82-8030-ebde3047a7b1", -- Value_ID : UNIQUE_ID
    '4' -- Value : STRING
);
INSERT INTO V_LST VALUES (
    "1c7d2958-62ed-468e-9c7a-778b629ff632", -- Value_ID : UNIQUE_ID
    '3' -- Value : STRING
);
INSERT INTO V_LST VALUES (
    "0307dd15-9ab6-4a61-a2d2-7976330acddf", -- Value_ID : UNIQUE_ID
    '2' -- Value : STRING
);
INSERT INTO V_LST VALUES (
    "db0e01ef-210b-4f4c-82bd-dfc446e07883", -- Value_ID : UNIQUE_ID
    '1' -- Value : STRING
);
INSERT INTO V_LST VALUES (
    "b91cd376-7dd5-41de-9256-c1e775952f3c", -- Value_ID : UNIQUE_ID
    '0' -- Value : STRING
);
INSERT INTO V_LST VALUES (
    "c521fc3a-85f0-4dbd-a0da-927affc55d6a", -- Value_ID : UNIQUE_ID
    '' -- Value : STRING
);
INSERT INTO V_LST VALUES (
    "6ee6d648-166f-4aec-905d-0b836760595f", -- Value_ID : UNIQUE_ID
    'A new employee is added to the system:' -- Value : STRING
);
INSERT INTO V_LST VALUES (
    "0ae5c9b5-b24b-466a-8dce-8f0cfa885f37", -- Value_ID : UNIQUE_ID
    'New employee has commenced' -- Value : STRING
);
INSERT INTO V_LST VALUES (
    "27177259-4445-45ba-9dc1-4e554036eb58", -- Value_ID : UNIQUE_ID
    'Employee added successfully.' -- Value : STRING
);
INSERT INTO V_LST VALUES (
    "d0d3094f-b3cc-4093-8099-c4ef13712d20", -- Value_ID : UNIQUE_ID
    'Employee already exists!' -- Value : STRING
);
INSERT INTO V_LST VALUES (
    "98d2b3cb-f181-42bc-b3a0-34137599d438", -- Value_ID : UNIQUE_ID
    'Employee already exists' -- Value : STRING
);
INSERT INTO V_LST VALUES (
    "7726c7bb-826e-4ead-90ed-7201d58e4ec8", -- Value_ID : UNIQUE_ID
    'Employee has commenced ' -- Value : STRING
);
INSERT INTO V_LST VALUES (
    "84e9f285-d1c4-4c0d-b2f6-b66363ffcf80", -- Value_ID : UNIQUE_ID
    'Employee is not registered!' -- Value : STRING
);
INSERT INTO V_LST VALUES (
    "eab75962-bd5f-4230-83d9-f464661874dc", -- Value_ID : UNIQUE_ID
    'Employee is not found.' -- Value : STRING
);
INSERT INTO V_PAR VALUES (
    "3f585ecb-f7c1-4ef8-b3be-3b2af77033c9", -- Value_ID : UNIQUE_ID
    "5e8bc170-bcf5-429c-8fbb-22a6b5e9e6ac", -- Statement_ID : UNIQUE_ID
    "f1b5e6e6-6375-418d-9ba2-8e98b03d8fd1", -- Invocation_Value_ID : UNIQUE_ID
    'message', -- Name : STRING
    "00000000-0000-0000-0000-000000000000", -- Next_Value_ID : UNIQUE_ID
    0, -- labelLineNumber : INTEGER
    0 -- labelColumn : INTEGER
);
INSERT INTO V_PAR VALUES (
    "0ae5c9b5-b24b-466a-8dce-8f0cfa885f37", -- Value_ID : UNIQUE_ID
    "ac29aea1-de82-436f-a68c-fe51b792c94e", -- Statement_ID : UNIQUE_ID
    "c556f018-8d8d-42df-85da-c351edf082e3", -- Invocation_Value_ID : UNIQUE_ID
    'message', -- Name : STRING
    "00000000-0000-0000-0000-000000000000", -- Next_Value_ID : UNIQUE_ID
    0, -- labelLineNumber : INTEGER
    0 -- labelColumn : INTEGER
);
INSERT INTO V_PAR VALUES (
    "cd7302cc-6c14-4619-9794-16e35bbeaf02", -- Value_ID : UNIQUE_ID
    "c147ac63-ef64-42dd-8b4d-b7dd8d911b48", -- Statement_ID : UNIQUE_ID
    "00000000-0000-0000-0000-000000000000", -- Invocation_Value_ID : UNIQUE_ID
    'FName', -- Name : STRING
    "00000000-0000-0000-0000-000000000000", -- Next_Value_ID : UNIQUE_ID
    0, -- labelLineNumber : INTEGER
    0 -- labelColumn : INTEGER
);
INSERT INTO V_PAR VALUES (
    "c687c9aa-f18e-4c94-bce9-9ec956a8040f", -- Value_ID : UNIQUE_ID
    "c147ac63-ef64-42dd-8b4d-b7dd8d911b48", -- Statement_ID : UNIQUE_ID
    "00000000-0000-0000-0000-000000000000", -- Invocation_Value_ID : UNIQUE_ID
    'LName', -- Name : STRING
    "cd7302cc-6c14-4619-9794-16e35bbeaf02", -- Next_Value_ID : UNIQUE_ID
    0, -- labelLineNumber : INTEGER
    0 -- labelColumn : INTEGER
);
INSERT INTO V_PAR VALUES (
    "6332ab27-6b15-45c7-a417-1a217b6b102d", -- Value_ID : UNIQUE_ID
    "c147ac63-ef64-42dd-8b4d-b7dd8d911b48", -- Statement_ID : UNIQUE_ID
    "00000000-0000-0000-0000-000000000000", -- Invocation_Value_ID : UNIQUE_ID
    'National_ID', -- Name : STRING
    "c687c9aa-f18e-4c94-bce9-9ec956a8040f", -- Next_Value_ID : UNIQUE_ID
    0, -- labelLineNumber : INTEGER
    0 -- labelColumn : INTEGER
);
INSERT INTO V_PAR VALUES (
    "5a81b879-e9fc-4aa6-9d2a-5c7ea5097254", -- Value_ID : UNIQUE_ID
    "c147ac63-ef64-42dd-8b4d-b7dd8d911b48", -- Statement_ID : UNIQUE_ID
    "00000000-0000-0000-0000-000000000000", -- Invocation_Value_ID : UNIQUE_ID
    'Birth_Date', -- Name : STRING
    "6332ab27-6b15-45c7-a417-1a217b6b102d", -- Next_Value_ID : UNIQUE_ID
    0, -- labelLineNumber : INTEGER
    0 -- labelColumn : INTEGER
);
INSERT INTO V_PAR VALUES (
    "8c5aebe0-6e3d-4618-ab61-bb3b919d133a", -- Value_ID : UNIQUE_ID
    "ae310147-f330-4c3b-9daa-95c0c11fc95e", -- Statement_ID : UNIQUE_ID
    "00000000-0000-0000-0000-000000000000", -- Invocation_Value_ID : UNIQUE_ID
    'state', -- Name : STRING
    "27177259-4445-45ba-9dc1-4e554036eb58", -- Next_Value_ID : UNIQUE_ID
    0, -- labelLineNumber : INTEGER
    0 -- labelColumn : INTEGER
);
INSERT INTO V_PAR VALUES (
    "27177259-4445-45ba-9dc1-4e554036eb58", -- Value_ID : UNIQUE_ID
    "ae310147-f330-4c3b-9daa-95c0c11fc95e", -- Statement_ID : UNIQUE_ID
    "00000000-0000-0000-0000-000000000000", -- Invocation_Value_ID : UNIQUE_ID
    'msg', -- Name : STRING
    "00000000-0000-0000-0000-000000000000", -- Next_Value_ID : UNIQUE_ID
    0, -- labelLineNumber : INTEGER
    0 -- labelColumn : INTEGER
);
INSERT INTO V_PAR VALUES (
    "d0d3094f-b3cc-4093-8099-c4ef13712d20", -- Value_ID : UNIQUE_ID
    "e6aac201-284e-44f4-83b3-30e1cfe53125", -- Statement_ID : UNIQUE_ID
    "2ae48709-8dc2-4824-99f4-e854d3d5fc60", -- Invocation_Value_ID : UNIQUE_ID
    'message', -- Name : STRING
    "00000000-0000-0000-0000-000000000000", -- Next_Value_ID : UNIQUE_ID
    0, -- labelLineNumber : INTEGER
    0 -- labelColumn : INTEGER
);
INSERT INTO V_PAR VALUES (
    "8b95633b-48f9-48de-96fe-d29a99330fa4", -- Value_ID : UNIQUE_ID
    "70f8252c-3171-4ca0-86ab-2977d5e1ae63", -- Statement_ID : UNIQUE_ID
    "00000000-0000-0000-0000-000000000000", -- Invocation_Value_ID : UNIQUE_ID
    'state', -- Name : STRING
    "98d2b3cb-f181-42bc-b3a0-34137599d438", -- Next_Value_ID : UNIQUE_ID
    0, -- labelLineNumber : INTEGER
    0 -- labelColumn : INTEGER
);
INSERT INTO V_PAR VALUES (
    "98d2b3cb-f181-42bc-b3a0-34137599d438", -- Value_ID : UNIQUE_ID
    "70f8252c-3171-4ca0-86ab-2977d5e1ae63", -- Statement_ID : UNIQUE_ID
    "00000000-0000-0000-0000-000000000000", -- Invocation_Value_ID : UNIQUE_ID
    'msg', -- Name : STRING
    "00000000-0000-0000-0000-000000000000", -- Next_Value_ID : UNIQUE_ID
    0, -- labelLineNumber : INTEGER
    0 -- labelColumn : INTEGER
);
INSERT INTO V_PAR VALUES (
    "0aa8a59b-5060-493e-80c6-dcacdcb2b80b", -- Value_ID : UNIQUE_ID
    "766fb63c-7add-4853-9707-fb10636a84cb", -- Statement_ID : UNIQUE_ID
    "00000000-0000-0000-0000-000000000000", -- Invocation_Value_ID : UNIQUE_ID
    'date', -- Name : STRING
    "00000000-0000-0000-0000-000000000000", -- Next_Value_ID : UNIQUE_ID
    0, -- labelLineNumber : INTEGER
    0 -- labelColumn : INTEGER
);
INSERT INTO V_PAR VALUES (
    "d5000cf7-638d-4a96-b71d-8a8028f1b4c0", -- Value_ID : UNIQUE_ID
    "f0bc3f11-fe8f-4fe2-904d-b7e24640785c", -- Statement_ID : UNIQUE_ID
    "00000000-0000-0000-0000-000000000000", -- Invocation_Value_ID : UNIQUE_ID
    'state', -- Name : STRING
    "7726c7bb-826e-4ead-90ed-7201d58e4ec8", -- Next_Value_ID : UNIQUE_ID
    0, -- labelLineNumber : INTEGER
    0 -- labelColumn : INTEGER
);
INSERT INTO V_PAR VALUES (
    "7726c7bb-826e-4ead-90ed-7201d58e4ec8", -- Value_ID : UNIQUE_ID
    "f0bc3f11-fe8f-4fe2-904d-b7e24640785c", -- Statement_ID : UNIQUE_ID
    "00000000-0000-0000-0000-000000000000", -- Invocation_Value_ID : UNIQUE_ID
    'msg', -- Name : STRING
    "00000000-0000-0000-0000-000000000000", -- Next_Value_ID : UNIQUE_ID
    0, -- labelLineNumber : INTEGER
    0 -- labelColumn : INTEGER
);
INSERT INTO V_PAR VALUES (
    "84e9f285-d1c4-4c0d-b2f6-b66363ffcf80", -- Value_ID : UNIQUE_ID
    "afcdfcc4-1b9b-4f16-af45-2195eddfefbf", -- Statement_ID : UNIQUE_ID
    "79ad1bca-5e1f-4551-af91-d7a6cd2364ee", -- Invocation_Value_ID : UNIQUE_ID
    'message', -- Name : STRING
    "00000000-0000-0000-0000-000000000000", -- Next_Value_ID : UNIQUE_ID
    0, -- labelLineNumber : INTEGER
    0 -- labelColumn : INTEGER
);
INSERT INTO V_PAR VALUES (
    "0091587b-3a63-4492-b5c0-4c51a675f0b9", -- Value_ID : UNIQUE_ID
    "1c2187cf-035b-4e3f-995f-cf7d2b74883a", -- Statement_ID : UNIQUE_ID
    "00000000-0000-0000-0000-000000000000", -- Invocation_Value_ID : UNIQUE_ID
    'state', -- Name : STRING
    "eab75962-bd5f-4230-83d9-f464661874dc", -- Next_Value_ID : UNIQUE_ID
    0, -- labelLineNumber : INTEGER
    0 -- labelColumn : INTEGER
);
INSERT INTO V_PAR VALUES (
    "eab75962-bd5f-4230-83d9-f464661874dc", -- Value_ID : UNIQUE_ID
    "1c2187cf-035b-4e3f-995f-cf7d2b74883a", -- Statement_ID : UNIQUE_ID
    "00000000-0000-0000-0000-000000000000", -- Invocation_Value_ID : UNIQUE_ID
    'msg', -- Name : STRING
    "00000000-0000-0000-0000-000000000000", -- Next_Value_ID : UNIQUE_ID
    0, -- labelLineNumber : INTEGER
    0 -- labelColumn : INTEGER
);
INSERT INTO V_PVL VALUES (
    "f4e394cb-63d5-4262-9892-d8e931ad6bb5", -- Value_ID : UNIQUE_ID
    "37ef52bb-354f-4080-951f-232d57d97550", -- BParm_ID : UNIQUE_ID
    "00000000-0000-0000-0000-000000000000", -- SParm_ID : UNIQUE_ID
    "00000000-0000-0000-0000-000000000000", -- TParm_ID : UNIQUE_ID
    "00000000-0000-0000-0000-000000000000" -- PP_Id : UNIQUE_ID
);
INSERT INTO V_PVL VALUES (
    "b5e6f29b-bd0d-4716-89e8-34463140711b", -- Value_ID : UNIQUE_ID
    "00000000-0000-0000-0000-000000000000", -- BParm_ID : UNIQUE_ID
    "00000000-0000-0000-0000-000000000000", -- SParm_ID : UNIQUE_ID
    "00000000-0000-0000-0000-000000000000", -- TParm_ID : UNIQUE_ID
    "8d5bd5a6-f248-4b87-a4bb-eb772b2397d8" -- PP_Id : UNIQUE_ID
);
INSERT INTO V_PVL VALUES (
    "09ea0dbb-6d5a-4b64-8c85-b101f48c650c", -- Value_ID : UNIQUE_ID
    "00000000-0000-0000-0000-000000000000", -- BParm_ID : UNIQUE_ID
    "00000000-0000-0000-0000-000000000000", -- SParm_ID : UNIQUE_ID
    "00000000-0000-0000-0000-000000000000", -- TParm_ID : UNIQUE_ID
    "b1170977-7e1a-4e1e-8ec1-9e9ef2712f79" -- PP_Id : UNIQUE_ID
);
INSERT INTO V_PVL VALUES (
    "3a0d961a-da60-4355-b6f1-97c326000107", -- Value_ID : UNIQUE_ID
    "00000000-0000-0000-0000-000000000000", -- BParm_ID : UNIQUE_ID
    "00000000-0000-0000-0000-000000000000", -- SParm_ID : UNIQUE_ID
    "00000000-0000-0000-0000-000000000000", -- TParm_ID : UNIQUE_ID
    "28761f9b-5da3-4284-aa06-53a1471a18fd" -- PP_Id : UNIQUE_ID
);
INSERT INTO V_PVL VALUES (
    "cd7302cc-6c14-4619-9794-16e35bbeaf02", -- Value_ID : UNIQUE_ID
    "00000000-0000-0000-0000-000000000000", -- BParm_ID : UNIQUE_ID
    "00000000-0000-0000-0000-000000000000", -- SParm_ID : UNIQUE_ID
    "00000000-0000-0000-0000-000000000000", -- TParm_ID : UNIQUE_ID
    "8d5bd5a6-f248-4b87-a4bb-eb772b2397d8" -- PP_Id : UNIQUE_ID
);
INSERT INTO V_PVL VALUES (
    "c687c9aa-f18e-4c94-bce9-9ec956a8040f", -- Value_ID : UNIQUE_ID
    "00000000-0000-0000-0000-000000000000", -- BParm_ID : UNIQUE_ID
    "00000000-0000-0000-0000-000000000000", -- SParm_ID : UNIQUE_ID
    "00000000-0000-0000-0000-000000000000", -- TParm_ID : UNIQUE_ID
    "b1170977-7e1a-4e1e-8ec1-9e9ef2712f79" -- PP_Id : UNIQUE_ID
);
INSERT INTO V_PVL VALUES (
    "6332ab27-6b15-45c7-a417-1a217b6b102d", -- Value_ID : UNIQUE_ID
    "00000000-0000-0000-0000-000000000000", -- BParm_ID : UNIQUE_ID
    "00000000-0000-0000-0000-000000000000", -- SParm_ID : UNIQUE_ID
    "00000000-0000-0000-0000-000000000000", -- TParm_ID : UNIQUE_ID
    "28761f9b-5da3-4284-aa06-53a1471a18fd" -- PP_Id : UNIQUE_ID
);
INSERT INTO V_PVL VALUES (
    "5a81b879-e9fc-4aa6-9d2a-5c7ea5097254", -- Value_ID : UNIQUE_ID
    "00000000-0000-0000-0000-000000000000", -- BParm_ID : UNIQUE_ID
    "00000000-0000-0000-0000-000000000000", -- SParm_ID : UNIQUE_ID
    "00000000-0000-0000-0000-000000000000", -- TParm_ID : UNIQUE_ID
    "52485bae-80b3-4ec8-b984-d694289d322f" -- PP_Id : UNIQUE_ID
);
INSERT INTO V_PVL VALUES (
    "2bd81e55-9ed3-4ebd-9ab9-aa8b19effabe", -- Value_ID : UNIQUE_ID
    "00000000-0000-0000-0000-000000000000", -- BParm_ID : UNIQUE_ID
    "00000000-0000-0000-0000-000000000000", -- SParm_ID : UNIQUE_ID
    "00000000-0000-0000-0000-000000000000", -- TParm_ID : UNIQUE_ID
    "665d0f46-1f6b-4469-b345-11ad3a35684e" -- PP_Id : UNIQUE_ID
);
INSERT INTO V_PVL VALUES (
    "0aa8a59b-5060-493e-80c6-dcacdcb2b80b", -- Value_ID : UNIQUE_ID
    "00000000-0000-0000-0000-000000000000", -- BParm_ID : UNIQUE_ID
    "00000000-0000-0000-0000-000000000000", -- SParm_ID : UNIQUE_ID
    "00000000-0000-0000-0000-000000000000", -- TParm_ID : UNIQUE_ID
    "fbd872b5-6588-4e66-a457-b9c83b3e0105" -- PP_Id : UNIQUE_ID
);
INSERT INTO V_SLR VALUES (
    "69c78f73-c0eb-41de-861c-ffc644118c92", -- Value_ID : UNIQUE_ID
    "00000000-0000-0000-0000-000000000000", -- Obj_ID : UNIQUE_ID
    "00000000-0000-0000-0000-000000000000", -- Attr_ID : UNIQUE_ID
    "00000000-0000-0000-0000-000000000000" -- Op_Value_ID : UNIQUE_ID
);
INSERT INTO V_SLR VALUES (
    "4670150d-502d-4c62-9c87-fea72d1495ce", -- Value_ID : UNIQUE_ID
    "00000000-0000-0000-0000-000000000000", -- Obj_ID : UNIQUE_ID
    "00000000-0000-0000-0000-000000000000", -- Attr_ID : UNIQUE_ID
    "00000000-0000-0000-0000-000000000000" -- Op_Value_ID : UNIQUE_ID
);
INSERT INTO V_SLR VALUES (
    "f77a529a-faf1-4163-9a79-ce1c45b8c79e", -- Value_ID : UNIQUE_ID
    "00000000-0000-0000-0000-000000000000", -- Obj_ID : UNIQUE_ID
    "00000000-0000-0000-0000-000000000000", -- Attr_ID : UNIQUE_ID
    "00000000-0000-0000-0000-000000000000" -- Op_Value_ID : UNIQUE_ID
);
INSERT INTO V_SLR VALUES (
    "761f14fe-916e-474c-b1d6-cfa978d11003", -- Value_ID : UNIQUE_ID
    "00000000-0000-0000-0000-000000000000", -- Obj_ID : UNIQUE_ID
    "00000000-0000-0000-0000-000000000000", -- Attr_ID : UNIQUE_ID
    "00000000-0000-0000-0000-000000000000" -- Op_Value_ID : UNIQUE_ID
);
INSERT INTO V_TRN VALUES (
    "b6c32430-64c4-4854-84d3-fadcea8ce17f", -- Var_ID : UNIQUE_ID
    "00000000-0000-0000-0000-000000000000", -- DT_ID : UNIQUE_ID
    '' -- Dimensions : STRING
);
INSERT INTO V_TRN VALUES (
    "f3905499-187a-4d7c-8a5a-4ee7ab5957b0", -- Var_ID : UNIQUE_ID
    "00000000-0000-0000-0000-000000000000", -- DT_ID : UNIQUE_ID
    '' -- Dimensions : STRING
);
INSERT INTO V_TRN VALUES (
    "7b2fe47a-8907-47b5-bc29-a06a491a19eb", -- Var_ID : UNIQUE_ID
    "00000000-0000-0000-0000-000000000000", -- DT_ID : UNIQUE_ID
    '' -- Dimensions : STRING
);
INSERT INTO V_TRN VALUES (
    "0e095788-7cc0-4c8a-84d7-dec7dd618d2b", -- Var_ID : UNIQUE_ID
    "00000000-0000-0000-0000-000000000000", -- DT_ID : UNIQUE_ID
    '' -- Dimensions : STRING
);
INSERT INTO V_TRN VALUES (
    "e028b525-93bb-40a4-a141-6c4cc61cb185", -- Var_ID : UNIQUE_ID
    "00000000-0000-0000-0000-000000000000", -- DT_ID : UNIQUE_ID
    '' -- Dimensions : STRING
);
INSERT INTO V_TRN VALUES (
    "958d56f5-b106-438e-97d3-be288b3ce256", -- Var_ID : UNIQUE_ID
    "00000000-0000-0000-0000-000000000000", -- DT_ID : UNIQUE_ID
    '' -- Dimensions : STRING
);
INSERT INTO V_TRN VALUES (
    "8036d6c3-4868-4b9a-930c-f9d0f32947d5", -- Var_ID : UNIQUE_ID
    "00000000-0000-0000-0000-000000000000", -- DT_ID : UNIQUE_ID
    '' -- Dimensions : STRING
);
INSERT INTO V_TRN VALUES (
    "f65802b6-3b8a-4379-94a0-be9949fce0ea", -- Var_ID : UNIQUE_ID
    "00000000-0000-0000-0000-000000000000", -- DT_ID : UNIQUE_ID
    '' -- Dimensions : STRING
);
INSERT INTO V_TRN VALUES (
    "a68076ba-470d-46b9-8c4b-fa4f32d99d32", -- Var_ID : UNIQUE_ID
    "00000000-0000-0000-0000-000000000000", -- DT_ID : UNIQUE_ID
    '' -- Dimensions : STRING
);
INSERT INTO V_TVL VALUES (
    "c01afc86-78a7-41d3-95a5-b59415fb52da", -- Value_ID : UNIQUE_ID
    "b6c32430-64c4-4854-84d3-fadcea8ce17f" -- Var_ID : UNIQUE_ID
);
INSERT INTO V_TVL VALUES (
    "6f8e27f1-495f-4038-bf5c-823615e031d0", -- Value_ID : UNIQUE_ID
    "b6c32430-64c4-4854-84d3-fadcea8ce17f" -- Var_ID : UNIQUE_ID
);
INSERT INTO V_TVL VALUES (
    "fd92b35f-9402-436f-bed0-fc5a039257b0", -- Value_ID : UNIQUE_ID
    "b6c32430-64c4-4854-84d3-fadcea8ce17f" -- Var_ID : UNIQUE_ID
);
INSERT INTO V_TVL VALUES (
    "b01a53ac-b428-43a2-b487-f10147c08e7a", -- Value_ID : UNIQUE_ID
    "b6c32430-64c4-4854-84d3-fadcea8ce17f" -- Var_ID : UNIQUE_ID
);
INSERT INTO V_TVL VALUES (
    "7018c973-cfbb-4f70-98a1-407318f7184d", -- Value_ID : UNIQUE_ID
    "b6c32430-64c4-4854-84d3-fadcea8ce17f" -- Var_ID : UNIQUE_ID
);
INSERT INTO V_TVL VALUES (
    "b781cb1b-860e-479c-ad9c-645e561f7b21", -- Value_ID : UNIQUE_ID
    "b6c32430-64c4-4854-84d3-fadcea8ce17f" -- Var_ID : UNIQUE_ID
);
INSERT INTO V_TVL VALUES (
    "f7d2f547-b843-4c57-905c-145da2adcf3f", -- Value_ID : UNIQUE_ID
    "b6c32430-64c4-4854-84d3-fadcea8ce17f" -- Var_ID : UNIQUE_ID
);
INSERT INTO V_TVL VALUES (
    "1379de47-47ab-442b-b6a5-f88f379e04e5", -- Value_ID : UNIQUE_ID
    "b6c32430-64c4-4854-84d3-fadcea8ce17f" -- Var_ID : UNIQUE_ID
);
INSERT INTO V_TVL VALUES (
    "1e8f1c02-2175-4ce4-85d1-47d2cf26b6d9", -- Value_ID : UNIQUE_ID
    "b6c32430-64c4-4854-84d3-fadcea8ce17f" -- Var_ID : UNIQUE_ID
);
INSERT INTO V_TVL VALUES (
    "88bd3516-72c0-4895-b965-275eb1bdc48f", -- Value_ID : UNIQUE_ID
    "b6c32430-64c4-4854-84d3-fadcea8ce17f" -- Var_ID : UNIQUE_ID
);
INSERT INTO V_TVL VALUES (
    "48b7b785-01f0-4275-99cf-f23f16994498", -- Value_ID : UNIQUE_ID
    "f3905499-187a-4d7c-8a5a-4ee7ab5957b0" -- Var_ID : UNIQUE_ID
);
INSERT INTO V_TVL VALUES (
    "de616b25-4a07-4a9b-8ba2-81e240086152", -- Value_ID : UNIQUE_ID
    "7b2fe47a-8907-47b5-bc29-a06a491a19eb" -- Var_ID : UNIQUE_ID
);
INSERT INTO V_TVL VALUES (
    "7f8b6ba5-9349-454d-961d-c6f0602971ba", -- Value_ID : UNIQUE_ID
    "f3905499-187a-4d7c-8a5a-4ee7ab5957b0" -- Var_ID : UNIQUE_ID
);
INSERT INTO V_TVL VALUES (
    "32442fd2-3346-4fd0-b183-cb81d0bbf1f4", -- Value_ID : UNIQUE_ID
    "f3905499-187a-4d7c-8a5a-4ee7ab5957b0" -- Var_ID : UNIQUE_ID
);
INSERT INTO V_TVL VALUES (
    "50ac8856-424e-413d-a9c4-406563fb04ed", -- Value_ID : UNIQUE_ID
    "0e095788-7cc0-4c8a-84d7-dec7dd618d2b" -- Var_ID : UNIQUE_ID
);
INSERT INTO V_TVL VALUES (
    "ec1444e0-819e-4cc7-9c2f-1b153e75e1d4", -- Value_ID : UNIQUE_ID
    "f3905499-187a-4d7c-8a5a-4ee7ab5957b0" -- Var_ID : UNIQUE_ID
);
INSERT INTO V_TVL VALUES (
    "90df11bd-b1e7-4736-ad14-84f7d988f375", -- Value_ID : UNIQUE_ID
    "f3905499-187a-4d7c-8a5a-4ee7ab5957b0" -- Var_ID : UNIQUE_ID
);
INSERT INTO V_TVL VALUES (
    "361cf703-f266-43c9-8638-5879077f72a1", -- Value_ID : UNIQUE_ID
    "b6c32430-64c4-4854-84d3-fadcea8ce17f" -- Var_ID : UNIQUE_ID
);
INSERT INTO V_TVL VALUES (
    "f7151f21-3c25-4c8c-9376-076aadb373e4", -- Value_ID : UNIQUE_ID
    "0e095788-7cc0-4c8a-84d7-dec7dd618d2b" -- Var_ID : UNIQUE_ID
);
INSERT INTO V_TVL VALUES (
    "b4fa5791-e4f1-4446-97c1-0690241a1570", -- Value_ID : UNIQUE_ID
    "7b2fe47a-8907-47b5-bc29-a06a491a19eb" -- Var_ID : UNIQUE_ID
);
INSERT INTO V_TVL VALUES (
    "f8cb7c2b-4f16-4547-ad21-9a0fab8e49eb", -- Value_ID : UNIQUE_ID
    "7b2fe47a-8907-47b5-bc29-a06a491a19eb" -- Var_ID : UNIQUE_ID
);
INSERT INTO V_TVL VALUES (
    "fdc0624b-81d7-451f-aa3b-ba587b25a9d8", -- Value_ID : UNIQUE_ID
    "7b2fe47a-8907-47b5-bc29-a06a491a19eb" -- Var_ID : UNIQUE_ID
);
INSERT INTO V_TVL VALUES (
    "c9803bfb-6712-4ff6-b1d3-2f2ffac8df0e", -- Value_ID : UNIQUE_ID
    "e028b525-93bb-40a4-a141-6c4cc61cb185" -- Var_ID : UNIQUE_ID
);
INSERT INTO V_TVL VALUES (
    "7e167f01-c44d-47d7-9fd9-0c0d26d89bc3", -- Value_ID : UNIQUE_ID
    "958d56f5-b106-438e-97d3-be288b3ce256" -- Var_ID : UNIQUE_ID
);
INSERT INTO V_TVL VALUES (
    "ddf4dc0f-a4bd-47c0-adff-847ea1b8bfef", -- Value_ID : UNIQUE_ID
    "8036d6c3-4868-4b9a-930c-f9d0f32947d5" -- Var_ID : UNIQUE_ID
);
INSERT INTO V_TVL VALUES (
    "6a135ec4-5c16-4406-af8e-136d0da05866", -- Value_ID : UNIQUE_ID
    "f65802b6-3b8a-4379-94a0-be9949fce0ea" -- Var_ID : UNIQUE_ID
);
INSERT INTO V_TVL VALUES (
    "79c04992-92f6-4869-95bd-d84b8e5fdf04", -- Value_ID : UNIQUE_ID
    "e028b525-93bb-40a4-a141-6c4cc61cb185" -- Var_ID : UNIQUE_ID
);
INSERT INTO V_TVL VALUES (
    "ca24fbb0-0661-40e3-ab7e-8be22f9cfc03", -- Value_ID : UNIQUE_ID
    "958d56f5-b106-438e-97d3-be288b3ce256" -- Var_ID : UNIQUE_ID
);
INSERT INTO V_TVL VALUES (
    "93140ac2-ca24-4527-bf15-99ba12744c71", -- Value_ID : UNIQUE_ID
    "a68076ba-470d-46b9-8c4b-fa4f32d99d32" -- Var_ID : UNIQUE_ID
);
INSERT INTO V_UNY VALUES (
    "e5190a09-a759-4a33-a15f-9a40f160af88", -- Value_ID : UNIQUE_ID
    "5f75f607-fecd-4b9a-9a03-d7cb99715947", -- Operand_Value_ID : UNIQUE_ID
    'empty' -- Operator : STRING
);
INSERT INTO V_UNY VALUES (
    "f5a49789-1a02-4a91-8340-4f3065c272f6", -- Value_ID : UNIQUE_ID
    "535efa24-b41d-4836-b363-5a1cdc5432f1", -- Operand_Value_ID : UNIQUE_ID
    'empty' -- Operator : STRING
);
INSERT INTO V_UNY VALUES (
    "d72562b9-338d-4404-9eff-7fb26bb0fa4b", -- Value_ID : UNIQUE_ID
    "f5a49789-1a02-4a91-8340-4f3065c272f6", -- Operand_Value_ID : UNIQUE_ID
    'not' -- Operator : STRING
);
INSERT INTO V_VAL VALUES (
    "1a0a2ab9-6f28-44f3-8f82-84888281839e", -- Value_ID : UNIQUE_ID
    0, -- isLValue : BOOLEAN
    0, -- isImplicit : BOOLEAN
    1, -- LineNumber : INTEGER
    12, -- StartPosition : INTEGER
    14, -- EndPosition : INTEGER
    0, -- firstParameterLabelLineNumber : INTEGER
    0, -- firstParameterLabelColumn : INTEGER
    0, -- currentLaterParameterLabelLineNumber : INTEGER
    0, -- currentLaterParameterLabelColumn : INTEGER
    "ba5eda7a-def5-0000-0000-000000000004", -- DT_ID : UNIQUE_ID
    "d151754c-5697-4797-9f41-1fc5eb06fddf" -- Block_ID : UNIQUE_ID
);
INSERT INTO V_VAL VALUES (
    "c01afc86-78a7-41d3-95a5-b59415fb52da", -- Value_ID : UNIQUE_ID
    0, -- isLValue : BOOLEAN
    1, -- isImplicit : BOOLEAN
    1, -- LineNumber : INTEGER
    1, -- StartPosition : INTEGER
    7, -- EndPosition : INTEGER
    0, -- firstParameterLabelLineNumber : INTEGER
    0, -- firstParameterLabelColumn : INTEGER
    0, -- currentLaterParameterLabelLineNumber : INTEGER
    0, -- currentLaterParameterLabelColumn : INTEGER
    "ba5eda7a-def5-0000-0000-000000000004", -- DT_ID : UNIQUE_ID
    "d151754c-5697-4797-9f41-1fc5eb06fddf" -- Block_ID : UNIQUE_ID
);
INSERT INTO V_VAL VALUES (
    "9e327a6e-4df2-46d9-84a8-8e5b2c8c714d", -- Value_ID : UNIQUE_ID
    0, -- isLValue : BOOLEAN
    0, -- isImplicit : BOOLEAN
    1, -- LineNumber : INTEGER
    9, -- StartPosition : INTEGER
    9, -- EndPosition : INTEGER
    0, -- firstParameterLabelLineNumber : INTEGER
    0, -- firstParameterLabelColumn : INTEGER
    0, -- currentLaterParameterLabelLineNumber : INTEGER
    0, -- currentLaterParameterLabelColumn : INTEGER
    "ba5eda7a-def5-0000-0000-000000000002", -- DT_ID : UNIQUE_ID
    "d151754c-5697-4797-9f41-1fc5eb06fddf" -- Block_ID : UNIQUE_ID
);
INSERT INTO V_VAL VALUES (
    "63bcc298-adba-4b2c-be70-d220de839f87", -- Value_ID : UNIQUE_ID
    1, -- isLValue : BOOLEAN
    0, -- isImplicit : BOOLEAN
    1, -- LineNumber : INTEGER
    1, -- StartPosition : INTEGER
    10, -- EndPosition : INTEGER
    0, -- firstParameterLabelLineNumber : INTEGER
    0, -- firstParameterLabelColumn : INTEGER
    0, -- currentLaterParameterLabelLineNumber : INTEGER
    0, -- currentLaterParameterLabelColumn : INTEGER
    "ba5eda7a-def5-0000-0000-000000000004", -- DT_ID : UNIQUE_ID
    "d151754c-5697-4797-9f41-1fc5eb06fddf" -- Block_ID : UNIQUE_ID
);
INSERT INTO V_VAL VALUES (
    "380981b8-087d-4c6d-a3a3-0071af2f7fd4", -- Value_ID : UNIQUE_ID
    0, -- isLValue : BOOLEAN
    0, -- isImplicit : BOOLEAN
    1, -- LineNumber : INTEGER
    28, -- StartPosition : INTEGER
    30, -- EndPosition : INTEGER
    0, -- firstParameterLabelLineNumber : INTEGER
    0, -- firstParameterLabelColumn : INTEGER
    0, -- currentLaterParameterLabelLineNumber : INTEGER
    0, -- currentLaterParameterLabelColumn : INTEGER
    "ba5eda7a-def5-0000-0000-000000000004", -- DT_ID : UNIQUE_ID
    "d151754c-5697-4797-9f41-1fc5eb06fddf" -- Block_ID : UNIQUE_ID
);
INSERT INTO V_VAL VALUES (
    "6f8e27f1-495f-4038-bf5c-823615e031d0", -- Value_ID : UNIQUE_ID
    0, -- isLValue : BOOLEAN
    0, -- isImplicit : BOOLEAN
    1, -- LineNumber : INTEGER
    17, -- StartPosition : INTEGER
    23, -- EndPosition : INTEGER
    0, -- firstParameterLabelLineNumber : INTEGER
    0, -- firstParameterLabelColumn : INTEGER
    0, -- currentLaterParameterLabelLineNumber : INTEGER
    0, -- currentLaterParameterLabelColumn : INTEGER
    "ba5eda7a-def5-0000-0000-000000000004", -- DT_ID : UNIQUE_ID
    "d151754c-5697-4797-9f41-1fc5eb06fddf" -- Block_ID : UNIQUE_ID
);
INSERT INTO V_VAL VALUES (
    "0a1c2f16-df8c-4b3d-8420-95d968b0e9ad", -- Value_ID : UNIQUE_ID
    0, -- isLValue : BOOLEAN
    0, -- isImplicit : BOOLEAN
    1, -- LineNumber : INTEGER
    25, -- StartPosition : INTEGER
    25, -- EndPosition : INTEGER
    0, -- firstParameterLabelLineNumber : INTEGER
    0, -- firstParameterLabelColumn : INTEGER
    0, -- currentLaterParameterLabelLineNumber : INTEGER
    0, -- currentLaterParameterLabelColumn : INTEGER
    "ba5eda7a-def5-0000-0000-000000000002", -- DT_ID : UNIQUE_ID
    "d151754c-5697-4797-9f41-1fc5eb06fddf" -- Block_ID : UNIQUE_ID
);
INSERT INTO V_VAL VALUES (
    "37327c78-71a9-43ba-981a-6ff67e1b3f78", -- Value_ID : UNIQUE_ID
    1, -- isLValue : BOOLEAN
    0, -- isImplicit : BOOLEAN
    1, -- LineNumber : INTEGER
    17, -- StartPosition : INTEGER
    26, -- EndPosition : INTEGER
    0, -- firstParameterLabelLineNumber : INTEGER
    0, -- firstParameterLabelColumn : INTEGER
    0, -- currentLaterParameterLabelLineNumber : INTEGER
    0, -- currentLaterParameterLabelColumn : INTEGER
    "ba5eda7a-def5-0000-0000-000000000004", -- DT_ID : UNIQUE_ID
    "d151754c-5697-4797-9f41-1fc5eb06fddf" -- Block_ID : UNIQUE_ID
);
INSERT INTO V_VAL VALUES (
    "e9b5979f-a407-439f-a58b-fc5186900aca", -- Value_ID : UNIQUE_ID
    0, -- isLValue : BOOLEAN
    0, -- isImplicit : BOOLEAN
    1, -- LineNumber : INTEGER
    44, -- StartPosition : INTEGER
    46, -- EndPosition : INTEGER
    0, -- firstParameterLabelLineNumber : INTEGER
    0, -- firstParameterLabelColumn : INTEGER
    0, -- currentLaterParameterLabelLineNumber : INTEGER
    0, -- currentLaterParameterLabelColumn : INTEGER
    "ba5eda7a-def5-0000-0000-000000000004", -- DT_ID : UNIQUE_ID
    "d151754c-5697-4797-9f41-1fc5eb06fddf" -- Block_ID : UNIQUE_ID
);
INSERT INTO V_VAL VALUES (
    "fd92b35f-9402-436f-bed0-fc5a039257b0", -- Value_ID : UNIQUE_ID
    0, -- isLValue : BOOLEAN
    0, -- isImplicit : BOOLEAN
    1, -- LineNumber : INTEGER
    33, -- StartPosition : INTEGER
    39, -- EndPosition : INTEGER
    0, -- firstParameterLabelLineNumber : INTEGER
    0, -- firstParameterLabelColumn : INTEGER
    0, -- currentLaterParameterLabelLineNumber : INTEGER
    0, -- currentLaterParameterLabelColumn : INTEGER
    "ba5eda7a-def5-0000-0000-000000000004", -- DT_ID : UNIQUE_ID
    "d151754c-5697-4797-9f41-1fc5eb06fddf" -- Block_ID : UNIQUE_ID
);
INSERT INTO V_VAL VALUES (
    "d6de0fd8-64d0-464d-b64d-c07125c80979", -- Value_ID : UNIQUE_ID
    0, -- isLValue : BOOLEAN
    0, -- isImplicit : BOOLEAN
    1, -- LineNumber : INTEGER
    41, -- StartPosition : INTEGER
    41, -- EndPosition : INTEGER
    0, -- firstParameterLabelLineNumber : INTEGER
    0, -- firstParameterLabelColumn : INTEGER
    0, -- currentLaterParameterLabelLineNumber : INTEGER
    0, -- currentLaterParameterLabelColumn : INTEGER
    "ba5eda7a-def5-0000-0000-000000000002", -- DT_ID : UNIQUE_ID
    "d151754c-5697-4797-9f41-1fc5eb06fddf" -- Block_ID : UNIQUE_ID
);
INSERT INTO V_VAL VALUES (
    "e5f9b8bd-8fd9-47bd-8169-5a3032af5d07", -- Value_ID : UNIQUE_ID
    1, -- isLValue : BOOLEAN
    0, -- isImplicit : BOOLEAN
    1, -- LineNumber : INTEGER
    33, -- StartPosition : INTEGER
    42, -- EndPosition : INTEGER
    0, -- firstParameterLabelLineNumber : INTEGER
    0, -- firstParameterLabelColumn : INTEGER
    0, -- currentLaterParameterLabelLineNumber : INTEGER
    0, -- currentLaterParameterLabelColumn : INTEGER
    "ba5eda7a-def5-0000-0000-000000000004", -- DT_ID : UNIQUE_ID
    "d151754c-5697-4797-9f41-1fc5eb06fddf" -- Block_ID : UNIQUE_ID
);
INSERT INTO V_VAL VALUES (
    "29c44c7a-87e6-4653-8084-909eb315e8d7", -- Value_ID : UNIQUE_ID
    0, -- isLValue : BOOLEAN
    0, -- isImplicit : BOOLEAN
    1, -- LineNumber : INTEGER
    60, -- StartPosition : INTEGER
    62, -- EndPosition : INTEGER
    0, -- firstParameterLabelLineNumber : INTEGER
    0, -- firstParameterLabelColumn : INTEGER
    0, -- currentLaterParameterLabelLineNumber : INTEGER
    0, -- currentLaterParameterLabelColumn : INTEGER
    "ba5eda7a-def5-0000-0000-000000000004", -- DT_ID : UNIQUE_ID
    "d151754c-5697-4797-9f41-1fc5eb06fddf" -- Block_ID : UNIQUE_ID
);
INSERT INTO V_VAL VALUES (
    "b01a53ac-b428-43a2-b487-f10147c08e7a", -- Value_ID : UNIQUE_ID
    0, -- isLValue : BOOLEAN
    0, -- isImplicit : BOOLEAN
    1, -- LineNumber : INTEGER
    49, -- StartPosition : INTEGER
    55, -- EndPosition : INTEGER
    0, -- firstParameterLabelLineNumber : INTEGER
    0, -- firstParameterLabelColumn : INTEGER
    0, -- currentLaterParameterLabelLineNumber : INTEGER
    0, -- currentLaterParameterLabelColumn : INTEGER
    "ba5eda7a-def5-0000-0000-000000000004", -- DT_ID : UNIQUE_ID
    "d151754c-5697-4797-9f41-1fc5eb06fddf" -- Block_ID : UNIQUE_ID
);
INSERT INTO V_VAL VALUES (
    "ea5a9841-4390-4503-afed-a3fba1da81f8", -- Value_ID : UNIQUE_ID
    0, -- isLValue : BOOLEAN
    0, -- isImplicit : BOOLEAN
    1, -- LineNumber : INTEGER
    57, -- StartPosition : INTEGER
    57, -- EndPosition : INTEGER
    0, -- firstParameterLabelLineNumber : INTEGER
    0, -- firstParameterLabelColumn : INTEGER
    0, -- currentLaterParameterLabelLineNumber : INTEGER
    0, -- currentLaterParameterLabelColumn : INTEGER
    "ba5eda7a-def5-0000-0000-000000000002", -- DT_ID : UNIQUE_ID
    "d151754c-5697-4797-9f41-1fc5eb06fddf" -- Block_ID : UNIQUE_ID
);
INSERT INTO V_VAL VALUES (
    "740e7e3b-a5c9-4f49-9af0-c685ef125926", -- Value_ID : UNIQUE_ID
    1, -- isLValue : BOOLEAN
    0, -- isImplicit : BOOLEAN
    1, -- LineNumber : INTEGER
    49, -- StartPosition : INTEGER
    58, -- EndPosition : INTEGER
    0, -- firstParameterLabelLineNumber : INTEGER
    0, -- firstParameterLabelColumn : INTEGER
    0, -- currentLaterParameterLabelLineNumber : INTEGER
    0, -- currentLaterParameterLabelColumn : INTEGER
    "ba5eda7a-def5-0000-0000-000000000004", -- DT_ID : UNIQUE_ID
    "d151754c-5697-4797-9f41-1fc5eb06fddf" -- Block_ID : UNIQUE_ID
);
INSERT INTO V_VAL VALUES (
    "4a6a9680-1223-4067-bfc9-7d7bb4c9ad89", -- Value_ID : UNIQUE_ID
    0, -- isLValue : BOOLEAN
    0, -- isImplicit : BOOLEAN
    1, -- LineNumber : INTEGER
    76, -- StartPosition : INTEGER
    78, -- EndPosition : INTEGER
    0, -- firstParameterLabelLineNumber : INTEGER
    0, -- firstParameterLabelColumn : INTEGER
    0, -- currentLaterParameterLabelLineNumber : INTEGER
    0, -- currentLaterParameterLabelColumn : INTEGER
    "ba5eda7a-def5-0000-0000-000000000004", -- DT_ID : UNIQUE_ID
    "d151754c-5697-4797-9f41-1fc5eb06fddf" -- Block_ID : UNIQUE_ID
);
INSERT INTO V_VAL VALUES (
    "7018c973-cfbb-4f70-98a1-407318f7184d", -- Value_ID : UNIQUE_ID
    0, -- isLValue : BOOLEAN
    0, -- isImplicit : BOOLEAN
    1, -- LineNumber : INTEGER
    65, -- StartPosition : INTEGER
    71, -- EndPosition : INTEGER
    0, -- firstParameterLabelLineNumber : INTEGER
    0, -- firstParameterLabelColumn : INTEGER
    0, -- currentLaterParameterLabelLineNumber : INTEGER
    0, -- currentLaterParameterLabelColumn : INTEGER
    "ba5eda7a-def5-0000-0000-000000000004", -- DT_ID : UNIQUE_ID
    "d151754c-5697-4797-9f41-1fc5eb06fddf" -- Block_ID : UNIQUE_ID
);
INSERT INTO V_VAL VALUES (
    "1df3d92c-4d91-4269-b061-a0f168b6a782", -- Value_ID : UNIQUE_ID
    0, -- isLValue : BOOLEAN
    0, -- isImplicit : BOOLEAN
    1, -- LineNumber : INTEGER
    73, -- StartPosition : INTEGER
    73, -- EndPosition : INTEGER
    0, -- firstParameterLabelLineNumber : INTEGER
    0, -- firstParameterLabelColumn : INTEGER
    0, -- currentLaterParameterLabelLineNumber : INTEGER
    0, -- currentLaterParameterLabelColumn : INTEGER
    "ba5eda7a-def5-0000-0000-000000000002", -- DT_ID : UNIQUE_ID
    "d151754c-5697-4797-9f41-1fc5eb06fddf" -- Block_ID : UNIQUE_ID
);
INSERT INTO V_VAL VALUES (
    "cd46b2f1-2975-49b3-a9c1-bff7ca4049d1", -- Value_ID : UNIQUE_ID
    1, -- isLValue : BOOLEAN
    0, -- isImplicit : BOOLEAN
    1, -- LineNumber : INTEGER
    65, -- StartPosition : INTEGER
    74, -- EndPosition : INTEGER
    0, -- firstParameterLabelLineNumber : INTEGER
    0, -- firstParameterLabelColumn : INTEGER
    0, -- currentLaterParameterLabelLineNumber : INTEGER
    0, -- currentLaterParameterLabelColumn : INTEGER
    "ba5eda7a-def5-0000-0000-000000000004", -- DT_ID : UNIQUE_ID
    "d151754c-5697-4797-9f41-1fc5eb06fddf" -- Block_ID : UNIQUE_ID
);
INSERT INTO V_VAL VALUES (
    "9037290c-6cdf-4e82-8030-ebde3047a7b1", -- Value_ID : UNIQUE_ID
    0, -- isLValue : BOOLEAN
    0, -- isImplicit : BOOLEAN
    2, -- LineNumber : INTEGER
    12, -- StartPosition : INTEGER
    14, -- EndPosition : INTEGER
    0, -- firstParameterLabelLineNumber : INTEGER
    0, -- firstParameterLabelColumn : INTEGER
    0, -- currentLaterParameterLabelLineNumber : INTEGER
    0, -- currentLaterParameterLabelColumn : INTEGER
    "ba5eda7a-def5-0000-0000-000000000004", -- DT_ID : UNIQUE_ID
    "d151754c-5697-4797-9f41-1fc5eb06fddf" -- Block_ID : UNIQUE_ID
);
INSERT INTO V_VAL VALUES (
    "b781cb1b-860e-479c-ad9c-645e561f7b21", -- Value_ID : UNIQUE_ID
    0, -- isLValue : BOOLEAN
    0, -- isImplicit : BOOLEAN
    2, -- LineNumber : INTEGER
    1, -- StartPosition : INTEGER
    7, -- EndPosition : INTEGER
    0, -- firstParameterLabelLineNumber : INTEGER
    0, -- firstParameterLabelColumn : INTEGER
    0, -- currentLaterParameterLabelLineNumber : INTEGER
    0, -- currentLaterParameterLabelColumn : INTEGER
    "ba5eda7a-def5-0000-0000-000000000004", -- DT_ID : UNIQUE_ID
    "d151754c-5697-4797-9f41-1fc5eb06fddf" -- Block_ID : UNIQUE_ID
);
INSERT INTO V_VAL VALUES (
    "6e58e835-3d23-4476-9373-0796ddb1d1f9", -- Value_ID : UNIQUE_ID
    0, -- isLValue : BOOLEAN
    0, -- isImplicit : BOOLEAN
    2, -- LineNumber : INTEGER
    9, -- StartPosition : INTEGER
    9, -- EndPosition : INTEGER
    0, -- firstParameterLabelLineNumber : INTEGER
    0, -- firstParameterLabelColumn : INTEGER
    0, -- currentLaterParameterLabelLineNumber : INTEGER
    0, -- currentLaterParameterLabelColumn : INTEGER
    "ba5eda7a-def5-0000-0000-000000000002", -- DT_ID : UNIQUE_ID
    "d151754c-5697-4797-9f41-1fc5eb06fddf" -- Block_ID : UNIQUE_ID
);
INSERT INTO V_VAL VALUES (
    "0d375878-bf19-4829-8200-e4d486d37a49", -- Value_ID : UNIQUE_ID
    1, -- isLValue : BOOLEAN
    0, -- isImplicit : BOOLEAN
    2, -- LineNumber : INTEGER
    1, -- StartPosition : INTEGER
    10, -- EndPosition : INTEGER
    0, -- firstParameterLabelLineNumber : INTEGER
    0, -- firstParameterLabelColumn : INTEGER
    0, -- currentLaterParameterLabelLineNumber : INTEGER
    0, -- currentLaterParameterLabelColumn : INTEGER
    "ba5eda7a-def5-0000-0000-000000000004", -- DT_ID : UNIQUE_ID
    "d151754c-5697-4797-9f41-1fc5eb06fddf" -- Block_ID : UNIQUE_ID
);
INSERT INTO V_VAL VALUES (
    "1c7d2958-62ed-468e-9c7a-778b629ff632", -- Value_ID : UNIQUE_ID
    0, -- isLValue : BOOLEAN
    0, -- isImplicit : BOOLEAN
    2, -- LineNumber : INTEGER
    28, -- StartPosition : INTEGER
    30, -- EndPosition : INTEGER
    0, -- firstParameterLabelLineNumber : INTEGER
    0, -- firstParameterLabelColumn : INTEGER
    0, -- currentLaterParameterLabelLineNumber : INTEGER
    0, -- currentLaterParameterLabelColumn : INTEGER
    "ba5eda7a-def5-0000-0000-000000000004", -- DT_ID : UNIQUE_ID
    "d151754c-5697-4797-9f41-1fc5eb06fddf" -- Block_ID : UNIQUE_ID
);
INSERT INTO V_VAL VALUES (
    "f7d2f547-b843-4c57-905c-145da2adcf3f", -- Value_ID : UNIQUE_ID
    0, -- isLValue : BOOLEAN
    0, -- isImplicit : BOOLEAN
    2, -- LineNumber : INTEGER
    17, -- StartPosition : INTEGER
    23, -- EndPosition : INTEGER
    0, -- firstParameterLabelLineNumber : INTEGER
    0, -- firstParameterLabelColumn : INTEGER
    0, -- currentLaterParameterLabelLineNumber : INTEGER
    0, -- currentLaterParameterLabelColumn : INTEGER
    "ba5eda7a-def5-0000-0000-000000000004", -- DT_ID : UNIQUE_ID
    "d151754c-5697-4797-9f41-1fc5eb06fddf" -- Block_ID : UNIQUE_ID
);
INSERT INTO V_VAL VALUES (
    "a6bc9857-ff1c-4b25-8165-a7fcbf6c9965", -- Value_ID : UNIQUE_ID
    0, -- isLValue : BOOLEAN
    0, -- isImplicit : BOOLEAN
    2, -- LineNumber : INTEGER
    25, -- StartPosition : INTEGER
    25, -- EndPosition : INTEGER
    0, -- firstParameterLabelLineNumber : INTEGER
    0, -- firstParameterLabelColumn : INTEGER
    0, -- currentLaterParameterLabelLineNumber : INTEGER
    0, -- currentLaterParameterLabelColumn : INTEGER
    "ba5eda7a-def5-0000-0000-000000000002", -- DT_ID : UNIQUE_ID
    "d151754c-5697-4797-9f41-1fc5eb06fddf" -- Block_ID : UNIQUE_ID
);
INSERT INTO V_VAL VALUES (
    "4ec96bc8-ac51-401b-bda4-4346fa9c443d", -- Value_ID : UNIQUE_ID
    1, -- isLValue : BOOLEAN
    0, -- isImplicit : BOOLEAN
    2, -- LineNumber : INTEGER
    17, -- StartPosition : INTEGER
    26, -- EndPosition : INTEGER
    0, -- firstParameterLabelLineNumber : INTEGER
    0, -- firstParameterLabelColumn : INTEGER
    0, -- currentLaterParameterLabelLineNumber : INTEGER
    0, -- currentLaterParameterLabelColumn : INTEGER
    "ba5eda7a-def5-0000-0000-000000000004", -- DT_ID : UNIQUE_ID
    "d151754c-5697-4797-9f41-1fc5eb06fddf" -- Block_ID : UNIQUE_ID
);
INSERT INTO V_VAL VALUES (
    "0307dd15-9ab6-4a61-a2d2-7976330acddf", -- Value_ID : UNIQUE_ID
    0, -- isLValue : BOOLEAN
    0, -- isImplicit : BOOLEAN
    2, -- LineNumber : INTEGER
    44, -- StartPosition : INTEGER
    46, -- EndPosition : INTEGER
    0, -- firstParameterLabelLineNumber : INTEGER
    0, -- firstParameterLabelColumn : INTEGER
    0, -- currentLaterParameterLabelLineNumber : INTEGER
    0, -- currentLaterParameterLabelColumn : INTEGER
    "ba5eda7a-def5-0000-0000-000000000004", -- DT_ID : UNIQUE_ID
    "d151754c-5697-4797-9f41-1fc5eb06fddf" -- Block_ID : UNIQUE_ID
);
INSERT INTO V_VAL VALUES (
    "1379de47-47ab-442b-b6a5-f88f379e04e5", -- Value_ID : UNIQUE_ID
    0, -- isLValue : BOOLEAN
    0, -- isImplicit : BOOLEAN
    2, -- LineNumber : INTEGER
    33, -- StartPosition : INTEGER
    39, -- EndPosition : INTEGER
    0, -- firstParameterLabelLineNumber : INTEGER
    0, -- firstParameterLabelColumn : INTEGER
    0, -- currentLaterParameterLabelLineNumber : INTEGER
    0, -- currentLaterParameterLabelColumn : INTEGER
    "ba5eda7a-def5-0000-0000-000000000004", -- DT_ID : UNIQUE_ID
    "d151754c-5697-4797-9f41-1fc5eb06fddf" -- Block_ID : UNIQUE_ID
);
INSERT INTO V_VAL VALUES (
    "aebf4d75-892d-4bfb-bd2b-a92017b780e5", -- Value_ID : UNIQUE_ID
    0, -- isLValue : BOOLEAN
    0, -- isImplicit : BOOLEAN
    2, -- LineNumber : INTEGER
    41, -- StartPosition : INTEGER
    41, -- EndPosition : INTEGER
    0, -- firstParameterLabelLineNumber : INTEGER
    0, -- firstParameterLabelColumn : INTEGER
    0, -- currentLaterParameterLabelLineNumber : INTEGER
    0, -- currentLaterParameterLabelColumn : INTEGER
    "ba5eda7a-def5-0000-0000-000000000002", -- DT_ID : UNIQUE_ID
    "d151754c-5697-4797-9f41-1fc5eb06fddf" -- Block_ID : UNIQUE_ID
);
INSERT INTO V_VAL VALUES (
    "af09d84a-b148-4717-b3ec-eca2c4b9fe24", -- Value_ID : UNIQUE_ID
    1, -- isLValue : BOOLEAN
    0, -- isImplicit : BOOLEAN
    2, -- LineNumber : INTEGER
    33, -- StartPosition : INTEGER
    42, -- EndPosition : INTEGER
    0, -- firstParameterLabelLineNumber : INTEGER
    0, -- firstParameterLabelColumn : INTEGER
    0, -- currentLaterParameterLabelLineNumber : INTEGER
    0, -- currentLaterParameterLabelColumn : INTEGER
    "ba5eda7a-def5-0000-0000-000000000004", -- DT_ID : UNIQUE_ID
    "d151754c-5697-4797-9f41-1fc5eb06fddf" -- Block_ID : UNIQUE_ID
);
INSERT INTO V_VAL VALUES (
    "db0e01ef-210b-4f4c-82bd-dfc446e07883", -- Value_ID : UNIQUE_ID
    0, -- isLValue : BOOLEAN
    0, -- isImplicit : BOOLEAN
    2, -- LineNumber : INTEGER
    60, -- StartPosition : INTEGER
    62, -- EndPosition : INTEGER
    0, -- firstParameterLabelLineNumber : INTEGER
    0, -- firstParameterLabelColumn : INTEGER
    0, -- currentLaterParameterLabelLineNumber : INTEGER
    0, -- currentLaterParameterLabelColumn : INTEGER
    "ba5eda7a-def5-0000-0000-000000000004", -- DT_ID : UNIQUE_ID
    "d151754c-5697-4797-9f41-1fc5eb06fddf" -- Block_ID : UNIQUE_ID
);
INSERT INTO V_VAL VALUES (
    "1e8f1c02-2175-4ce4-85d1-47d2cf26b6d9", -- Value_ID : UNIQUE_ID
    0, -- isLValue : BOOLEAN
    0, -- isImplicit : BOOLEAN
    2, -- LineNumber : INTEGER
    49, -- StartPosition : INTEGER
    55, -- EndPosition : INTEGER
    0, -- firstParameterLabelLineNumber : INTEGER
    0, -- firstParameterLabelColumn : INTEGER
    0, -- currentLaterParameterLabelLineNumber : INTEGER
    0, -- currentLaterParameterLabelColumn : INTEGER
    "ba5eda7a-def5-0000-0000-000000000004", -- DT_ID : UNIQUE_ID
    "d151754c-5697-4797-9f41-1fc5eb06fddf" -- Block_ID : UNIQUE_ID
);
INSERT INTO V_VAL VALUES (
    "ee9bf796-b71c-4b91-97b7-17b8686c1b33", -- Value_ID : UNIQUE_ID
    0, -- isLValue : BOOLEAN
    0, -- isImplicit : BOOLEAN
    2, -- LineNumber : INTEGER
    57, -- StartPosition : INTEGER
    57, -- EndPosition : INTEGER
    0, -- firstParameterLabelLineNumber : INTEGER
    0, -- firstParameterLabelColumn : INTEGER
    0, -- currentLaterParameterLabelLineNumber : INTEGER
    0, -- currentLaterParameterLabelColumn : INTEGER
    "ba5eda7a-def5-0000-0000-000000000002", -- DT_ID : UNIQUE_ID
    "d151754c-5697-4797-9f41-1fc5eb06fddf" -- Block_ID : UNIQUE_ID
);
INSERT INTO V_VAL VALUES (
    "bb7c2d6d-920d-45ec-a40a-5bfcc356e7d3", -- Value_ID : UNIQUE_ID
    1, -- isLValue : BOOLEAN
    0, -- isImplicit : BOOLEAN
    2, -- LineNumber : INTEGER
    49, -- StartPosition : INTEGER
    58, -- EndPosition : INTEGER
    0, -- firstParameterLabelLineNumber : INTEGER
    0, -- firstParameterLabelColumn : INTEGER
    0, -- currentLaterParameterLabelLineNumber : INTEGER
    0, -- currentLaterParameterLabelColumn : INTEGER
    "ba5eda7a-def5-0000-0000-000000000004", -- DT_ID : UNIQUE_ID
    "d151754c-5697-4797-9f41-1fc5eb06fddf" -- Block_ID : UNIQUE_ID
);
INSERT INTO V_VAL VALUES (
    "b91cd376-7dd5-41de-9256-c1e775952f3c", -- Value_ID : UNIQUE_ID
    0, -- isLValue : BOOLEAN
    0, -- isImplicit : BOOLEAN
    2, -- LineNumber : INTEGER
    76, -- StartPosition : INTEGER
    78, -- EndPosition : INTEGER
    0, -- firstParameterLabelLineNumber : INTEGER
    0, -- firstParameterLabelColumn : INTEGER
    0, -- currentLaterParameterLabelLineNumber : INTEGER
    0, -- currentLaterParameterLabelColumn : INTEGER
    "ba5eda7a-def5-0000-0000-000000000004", -- DT_ID : UNIQUE_ID
    "d151754c-5697-4797-9f41-1fc5eb06fddf" -- Block_ID : UNIQUE_ID
);
INSERT INTO V_VAL VALUES (
    "88bd3516-72c0-4895-b965-275eb1bdc48f", -- Value_ID : UNIQUE_ID
    0, -- isLValue : BOOLEAN
    0, -- isImplicit : BOOLEAN
    2, -- LineNumber : INTEGER
    65, -- StartPosition : INTEGER
    71, -- EndPosition : INTEGER
    0, -- firstParameterLabelLineNumber : INTEGER
    0, -- firstParameterLabelColumn : INTEGER
    0, -- currentLaterParameterLabelLineNumber : INTEGER
    0, -- currentLaterParameterLabelColumn : INTEGER
    "ba5eda7a-def5-0000-0000-000000000004", -- DT_ID : UNIQUE_ID
    "d151754c-5697-4797-9f41-1fc5eb06fddf" -- Block_ID : UNIQUE_ID
);
INSERT INTO V_VAL VALUES (
    "065eb9e3-ac3f-4302-af8a-227ec34b88ff", -- Value_ID : UNIQUE_ID
    0, -- isLValue : BOOLEAN
    0, -- isImplicit : BOOLEAN
    2, -- LineNumber : INTEGER
    73, -- StartPosition : INTEGER
    73, -- EndPosition : INTEGER
    0, -- firstParameterLabelLineNumber : INTEGER
    0, -- firstParameterLabelColumn : INTEGER
    0, -- currentLaterParameterLabelLineNumber : INTEGER
    0, -- currentLaterParameterLabelColumn : INTEGER
    "ba5eda7a-def5-0000-0000-000000000002", -- DT_ID : UNIQUE_ID
    "d151754c-5697-4797-9f41-1fc5eb06fddf" -- Block_ID : UNIQUE_ID
);
INSERT INTO V_VAL VALUES (
    "c7b8989e-b9ff-46e7-954e-27de9da93a06", -- Value_ID : UNIQUE_ID
    1, -- isLValue : BOOLEAN
    0, -- isImplicit : BOOLEAN
    2, -- LineNumber : INTEGER
    65, -- StartPosition : INTEGER
    74, -- EndPosition : INTEGER
    0, -- firstParameterLabelLineNumber : INTEGER
    0, -- firstParameterLabelColumn : INTEGER
    0, -- currentLaterParameterLabelLineNumber : INTEGER
    0, -- currentLaterParameterLabelColumn : INTEGER
    "ba5eda7a-def5-0000-0000-000000000004", -- DT_ID : UNIQUE_ID
    "d151754c-5697-4797-9f41-1fc5eb06fddf" -- Block_ID : UNIQUE_ID
);
INSERT INTO V_VAL VALUES (
    "f4e394cb-63d5-4262-9892-d8e931ad6bb5", -- Value_ID : UNIQUE_ID
    0, -- isLValue : BOOLEAN
    0, -- isImplicit : BOOLEAN
    4, -- LineNumber : INTEGER
    5, -- StartPosition : INTEGER
    11, -- EndPosition : INTEGER
    0, -- firstParameterLabelLineNumber : INTEGER
    0, -- firstParameterLabelColumn : INTEGER
    0, -- currentLaterParameterLabelLineNumber : INTEGER
    0, -- currentLaterParameterLabelColumn : INTEGER
    "ba5eda7a-def5-0000-0000-000000000002", -- DT_ID : UNIQUE_ID
    "d151754c-5697-4797-9f41-1fc5eb06fddf" -- Block_ID : UNIQUE_ID
);
INSERT INTO V_VAL VALUES (
    "48b7b785-01f0-4275-99cf-f23f16994498", -- Value_ID : UNIQUE_ID
    1, -- isLValue : BOOLEAN
    1, -- isImplicit : BOOLEAN
    4, -- LineNumber : INTEGER
    1, -- StartPosition : INTEGER
    1, -- EndPosition : INTEGER
    0, -- firstParameterLabelLineNumber : INTEGER
    0, -- firstParameterLabelColumn : INTEGER
    0, -- currentLaterParameterLabelLineNumber : INTEGER
    0, -- currentLaterParameterLabelColumn : INTEGER
    "ba5eda7a-def5-0000-0000-000000000002", -- DT_ID : UNIQUE_ID
    "d151754c-5697-4797-9f41-1fc5eb06fddf" -- Block_ID : UNIQUE_ID
);
INSERT INTO V_VAL VALUES (
    "c521fc3a-85f0-4dbd-a0da-927affc55d6a", -- Value_ID : UNIQUE_ID
    0, -- isLValue : BOOLEAN
    0, -- isImplicit : BOOLEAN
    4, -- LineNumber : INTEGER
    18, -- StartPosition : INTEGER
    19, -- EndPosition : INTEGER
    0, -- firstParameterLabelLineNumber : INTEGER
    0, -- firstParameterLabelColumn : INTEGER
    0, -- currentLaterParameterLabelLineNumber : INTEGER
    0, -- currentLaterParameterLabelColumn : INTEGER
    "ba5eda7a-def5-0000-0000-000000000004", -- DT_ID : UNIQUE_ID
    "d151754c-5697-4797-9f41-1fc5eb06fddf" -- Block_ID : UNIQUE_ID
);
INSERT INTO V_VAL VALUES (
    "de616b25-4a07-4a9b-8ba2-81e240086152", -- Value_ID : UNIQUE_ID
    1, -- isLValue : BOOLEAN
    1, -- isImplicit : BOOLEAN
    4, -- LineNumber : INTEGER
    14, -- StartPosition : INTEGER
    14, -- EndPosition : INTEGER
    0, -- firstParameterLabelLineNumber : INTEGER
    0, -- firstParameterLabelColumn : INTEGER
    0, -- currentLaterParameterLabelLineNumber : INTEGER
    0, -- currentLaterParameterLabelColumn : INTEGER
    "ba5eda7a-def5-0000-0000-000000000004", -- DT_ID : UNIQUE_ID
    "d151754c-5697-4797-9f41-1fc5eb06fddf" -- Block_ID : UNIQUE_ID
);
INSERT INTO V_VAL VALUES (
    "7f8b6ba5-9349-454d-961d-c6f0602971ba", -- Value_ID : UNIQUE_ID
    0, -- isLValue : BOOLEAN
    0, -- isImplicit : BOOLEAN
    5, -- LineNumber : INTEGER
    9, -- StartPosition : INTEGER
    9, -- EndPosition : INTEGER
    0, -- firstParameterLabelLineNumber : INTEGER
    0, -- firstParameterLabelColumn : INTEGER
    0, -- currentLaterParameterLabelLineNumber : INTEGER
    0, -- currentLaterParameterLabelColumn : INTEGER
    "ba5eda7a-def5-0000-0000-000000000002", -- DT_ID : UNIQUE_ID
    "d151754c-5697-4797-9f41-1fc5eb06fddf" -- Block_ID : UNIQUE_ID
);
INSERT INTO V_VAL VALUES (
    "9850eea7-d5d3-478a-b45d-24076c14fcef", -- Value_ID : UNIQUE_ID
    0, -- isLValue : BOOLEAN
    0, -- isImplicit : BOOLEAN
    5, -- LineNumber : INTEGER
    14, -- StartPosition : INTEGER
    14, -- EndPosition : INTEGER
    0, -- firstParameterLabelLineNumber : INTEGER
    0, -- firstParameterLabelColumn : INTEGER
    0, -- currentLaterParameterLabelLineNumber : INTEGER
    0, -- currentLaterParameterLabelColumn : INTEGER
    "ba5eda7a-def5-0000-0000-000000000002", -- DT_ID : UNIQUE_ID
    "d151754c-5697-4797-9f41-1fc5eb06fddf" -- Block_ID : UNIQUE_ID
);
INSERT INTO V_VAL VALUES (
    "35cdffb2-8efd-4604-b3d8-14930b414eb9", -- Value_ID : UNIQUE_ID
    0, -- isLValue : BOOLEAN
    0, -- isImplicit : BOOLEAN
    5, -- LineNumber : INTEGER
    7, -- StartPosition : INTEGER
    16, -- EndPosition : INTEGER
    0, -- firstParameterLabelLineNumber : INTEGER
    0, -- firstParameterLabelColumn : INTEGER
    0, -- currentLaterParameterLabelLineNumber : INTEGER
    0, -- currentLaterParameterLabelColumn : INTEGER
    "ba5eda7a-def5-0000-0000-000000000001", -- DT_ID : UNIQUE_ID
    "d151754c-5697-4797-9f41-1fc5eb06fddf" -- Block_ID : UNIQUE_ID
);
INSERT INTO V_VAL VALUES (
    "32442fd2-3346-4fd0-b183-cb81d0bbf1f4", -- Value_ID : UNIQUE_ID
    0, -- isLValue : BOOLEAN
    0, -- isImplicit : BOOLEAN
    6, -- LineNumber : INTEGER
    7, -- StartPosition : INTEGER
    7, -- EndPosition : INTEGER
    0, -- firstParameterLabelLineNumber : INTEGER
    0, -- firstParameterLabelColumn : INTEGER
    0, -- currentLaterParameterLabelLineNumber : INTEGER
    0, -- currentLaterParameterLabelColumn : INTEGER
    "ba5eda7a-def5-0000-0000-000000000002", -- DT_ID : UNIQUE_ID
    "96026f7b-cbee-4ec8-8329-9edb5c09e626" -- Block_ID : UNIQUE_ID
);
INSERT INTO V_VAL VALUES (
    "ac3df506-fe49-4f40-87da-06212252e3a2", -- Value_ID : UNIQUE_ID
    0, -- isLValue : BOOLEAN
    0, -- isImplicit : BOOLEAN
    6, -- LineNumber : INTEGER
    11, -- StartPosition : INTEGER
    12, -- EndPosition : INTEGER
    0, -- firstParameterLabelLineNumber : INTEGER
    0, -- firstParameterLabelColumn : INTEGER
    0, -- currentLaterParameterLabelLineNumber : INTEGER
    0, -- currentLaterParameterLabelColumn : INTEGER
    "ba5eda7a-def5-0000-0000-000000000002", -- DT_ID : UNIQUE_ID
    "96026f7b-cbee-4ec8-8329-9edb5c09e626" -- Block_ID : UNIQUE_ID
);
INSERT INTO V_VAL VALUES (
    "388d0923-d08e-497a-9e54-27232a36bfb4", -- Value_ID : UNIQUE_ID
    0, -- isLValue : BOOLEAN
    0, -- isImplicit : BOOLEAN
    6, -- LineNumber : INTEGER
    7, -- StartPosition : INTEGER
    12, -- EndPosition : INTEGER
    0, -- firstParameterLabelLineNumber : INTEGER
    0, -- firstParameterLabelColumn : INTEGER
    0, -- currentLaterParameterLabelLineNumber : INTEGER
    0, -- currentLaterParameterLabelColumn : INTEGER
    "ba5eda7a-def5-0000-0000-000000000002", -- DT_ID : UNIQUE_ID
    "96026f7b-cbee-4ec8-8329-9edb5c09e626" -- Block_ID : UNIQUE_ID
);
INSERT INTO V_VAL VALUES (
    "50ac8856-424e-413d-a9c4-406563fb04ed", -- Value_ID : UNIQUE_ID
    1, -- isLValue : BOOLEAN
    1, -- isImplicit : BOOLEAN
    6, -- LineNumber : INTEGER
    3, -- StartPosition : INTEGER
    3, -- EndPosition : INTEGER
    0, -- firstParameterLabelLineNumber : INTEGER
    0, -- firstParameterLabelColumn : INTEGER
    0, -- currentLaterParameterLabelLineNumber : INTEGER
    0, -- currentLaterParameterLabelColumn : INTEGER
    "ba5eda7a-def5-0000-0000-000000000002", -- DT_ID : UNIQUE_ID
    "96026f7b-cbee-4ec8-8329-9edb5c09e626" -- Block_ID : UNIQUE_ID
);
INSERT INTO V_VAL VALUES (
    "ec1444e0-819e-4cc7-9c2f-1b153e75e1d4", -- Value_ID : UNIQUE_ID
    0, -- isLValue : BOOLEAN
    0, -- isImplicit : BOOLEAN
    7, -- LineNumber : INTEGER
    7, -- StartPosition : INTEGER
    7, -- EndPosition : INTEGER
    0, -- firstParameterLabelLineNumber : INTEGER
    0, -- firstParameterLabelColumn : INTEGER
    0, -- currentLaterParameterLabelLineNumber : INTEGER
    0, -- currentLaterParameterLabelColumn : INTEGER
    "ba5eda7a-def5-0000-0000-000000000002", -- DT_ID : UNIQUE_ID
    "96026f7b-cbee-4ec8-8329-9edb5c09e626" -- Block_ID : UNIQUE_ID
);
INSERT INTO V_VAL VALUES (
    "7cf3a374-f7fd-4d6d-a7f3-6ae680879070", -- Value_ID : UNIQUE_ID
    0, -- isLValue : BOOLEAN
    0, -- isImplicit : BOOLEAN
    7, -- LineNumber : INTEGER
    11, -- StartPosition : INTEGER
    12, -- EndPosition : INTEGER
    0, -- firstParameterLabelLineNumber : INTEGER
    0, -- firstParameterLabelColumn : INTEGER
    0, -- currentLaterParameterLabelLineNumber : INTEGER
    0, -- currentLaterParameterLabelColumn : INTEGER
    "ba5eda7a-def5-0000-0000-000000000002", -- DT_ID : UNIQUE_ID
    "96026f7b-cbee-4ec8-8329-9edb5c09e626" -- Block_ID : UNIQUE_ID
);
INSERT INTO V_VAL VALUES (
    "2852efb7-56ba-4f3c-95df-6fd286e30e6f", -- Value_ID : UNIQUE_ID
    0, -- isLValue : BOOLEAN
    0, -- isImplicit : BOOLEAN
    7, -- LineNumber : INTEGER
    7, -- StartPosition : INTEGER
    12, -- EndPosition : INTEGER
    0, -- firstParameterLabelLineNumber : INTEGER
    0, -- firstParameterLabelColumn : INTEGER
    0, -- currentLaterParameterLabelLineNumber : INTEGER
    0, -- currentLaterParameterLabelColumn : INTEGER
    "ba5eda7a-def5-0000-0000-000000000002", -- DT_ID : UNIQUE_ID
    "96026f7b-cbee-4ec8-8329-9edb5c09e626" -- Block_ID : UNIQUE_ID
);
INSERT INTO V_VAL VALUES (
    "90df11bd-b1e7-4736-ad14-84f7d988f375", -- Value_ID : UNIQUE_ID
    1, -- isLValue : BOOLEAN
    0, -- isImplicit : BOOLEAN
    7, -- LineNumber : INTEGER
    3, -- StartPosition : INTEGER
    3, -- EndPosition : INTEGER
    0, -- firstParameterLabelLineNumber : INTEGER
    0, -- firstParameterLabelColumn : INTEGER
    0, -- currentLaterParameterLabelLineNumber : INTEGER
    0, -- currentLaterParameterLabelColumn : INTEGER
    "ba5eda7a-def5-0000-0000-000000000002", -- DT_ID : UNIQUE_ID
    "96026f7b-cbee-4ec8-8329-9edb5c09e626" -- Block_ID : UNIQUE_ID
);
INSERT INTO V_VAL VALUES (
    "361cf703-f266-43c9-8638-5879077f72a1", -- Value_ID : UNIQUE_ID
    0, -- isLValue : BOOLEAN
    0, -- isImplicit : BOOLEAN
    8, -- LineNumber : INTEGER
    7, -- StartPosition : INTEGER
    13, -- EndPosition : INTEGER
    0, -- firstParameterLabelLineNumber : INTEGER
    0, -- firstParameterLabelColumn : INTEGER
    0, -- currentLaterParameterLabelLineNumber : INTEGER
    0, -- currentLaterParameterLabelColumn : INTEGER
    "ba5eda7a-def5-0000-0000-000000000004", -- DT_ID : UNIQUE_ID
    "96026f7b-cbee-4ec8-8329-9edb5c09e626" -- Block_ID : UNIQUE_ID
);
INSERT INTO V_VAL VALUES (
    "f7151f21-3c25-4c8c-9376-076aadb373e4", -- Value_ID : UNIQUE_ID
    0, -- isLValue : BOOLEAN
    0, -- isImplicit : BOOLEAN
    8, -- LineNumber : INTEGER
    16, -- StartPosition : INTEGER
    16, -- EndPosition : INTEGER
    0, -- firstParameterLabelLineNumber : INTEGER
    0, -- firstParameterLabelColumn : INTEGER
    0, -- currentLaterParameterLabelLineNumber : INTEGER
    0, -- currentLaterParameterLabelColumn : INTEGER
    "ba5eda7a-def5-0000-0000-000000000002", -- DT_ID : UNIQUE_ID
    "96026f7b-cbee-4ec8-8329-9edb5c09e626" -- Block_ID : UNIQUE_ID
);
INSERT INTO V_VAL VALUES (
    "6afd032c-d7c1-4216-8ca4-8664009031b6", -- Value_ID : UNIQUE_ID
    0, -- isLValue : BOOLEAN
    0, -- isImplicit : BOOLEAN
    8, -- LineNumber : INTEGER
    7, -- StartPosition : INTEGER
    18, -- EndPosition : INTEGER
    0, -- firstParameterLabelLineNumber : INTEGER
    0, -- firstParameterLabelColumn : INTEGER
    0, -- currentLaterParameterLabelLineNumber : INTEGER
    0, -- currentLaterParameterLabelColumn : INTEGER
    "ba5eda7a-def5-0000-0000-000000000004", -- DT_ID : UNIQUE_ID
    "96026f7b-cbee-4ec8-8329-9edb5c09e626" -- Block_ID : UNIQUE_ID
);
INSERT INTO V_VAL VALUES (
    "b4fa5791-e4f1-4446-97c1-0690241a1570", -- Value_ID : UNIQUE_ID
    0, -- isLValue : BOOLEAN
    0, -- isImplicit : BOOLEAN
    8, -- LineNumber : INTEGER
    22, -- StartPosition : INTEGER
    22, -- EndPosition : INTEGER
    0, -- firstParameterLabelLineNumber : INTEGER
    0, -- firstParameterLabelColumn : INTEGER
    0, -- currentLaterParameterLabelLineNumber : INTEGER
    0, -- currentLaterParameterLabelColumn : INTEGER
    "ba5eda7a-def5-0000-0000-000000000004", -- DT_ID : UNIQUE_ID
    "96026f7b-cbee-4ec8-8329-9edb5c09e626" -- Block_ID : UNIQUE_ID
);
INSERT INTO V_VAL VALUES (
    "f384c4a2-c155-4c77-81d5-174839b95d9e", -- Value_ID : UNIQUE_ID
    0, -- isLValue : BOOLEAN
    0, -- isImplicit : BOOLEAN
    8, -- LineNumber : INTEGER
    7, -- StartPosition : INTEGER
    22, -- EndPosition : INTEGER
    0, -- firstParameterLabelLineNumber : INTEGER
    0, -- firstParameterLabelColumn : INTEGER
    0, -- currentLaterParameterLabelLineNumber : INTEGER
    0, -- currentLaterParameterLabelColumn : INTEGER
    "ba5eda7a-def5-0000-0000-000000000004", -- DT_ID : UNIQUE_ID
    "96026f7b-cbee-4ec8-8329-9edb5c09e626" -- Block_ID : UNIQUE_ID
);
INSERT INTO V_VAL VALUES (
    "f8cb7c2b-4f16-4547-ad21-9a0fab8e49eb", -- Value_ID : UNIQUE_ID
    1, -- isLValue : BOOLEAN
    0, -- isImplicit : BOOLEAN
    8, -- LineNumber : INTEGER
    3, -- StartPosition : INTEGER
    3, -- EndPosition : INTEGER
    0, -- firstParameterLabelLineNumber : INTEGER
    0, -- firstParameterLabelColumn : INTEGER
    0, -- currentLaterParameterLabelLineNumber : INTEGER
    0, -- currentLaterParameterLabelColumn : INTEGER
    "ba5eda7a-def5-0000-0000-000000000004", -- DT_ID : UNIQUE_ID
    "96026f7b-cbee-4ec8-8329-9edb5c09e626" -- Block_ID : UNIQUE_ID
);
INSERT INTO V_VAL VALUES (
    "fdc0624b-81d7-451f-aa3b-ba587b25a9d8", -- Value_ID : UNIQUE_ID
    0, -- isLValue : BOOLEAN
    0, -- isImplicit : BOOLEAN
    11, -- LineNumber : INTEGER
    8, -- StartPosition : INTEGER
    8, -- EndPosition : INTEGER
    0, -- firstParameterLabelLineNumber : INTEGER
    0, -- firstParameterLabelColumn : INTEGER
    0, -- currentLaterParameterLabelLineNumber : INTEGER
    0, -- currentLaterParameterLabelColumn : INTEGER
    "ba5eda7a-def5-0000-0000-000000000004", -- DT_ID : UNIQUE_ID
    "d151754c-5697-4797-9f41-1fc5eb06fddf" -- Block_ID : UNIQUE_ID
);
INSERT INTO V_VAL VALUES (
    "5e54c5f7-50a7-4666-9bec-d4927d976cbd", -- Value_ID : UNIQUE_ID
    0, -- isLValue : BOOLEAN
    0, -- isImplicit : BOOLEAN
    1, -- LineNumber : INTEGER
    8, -- StartPosition : INTEGER
    8, -- EndPosition : INTEGER
    0, -- firstParameterLabelLineNumber : INTEGER
    0, -- firstParameterLabelColumn : INTEGER
    0, -- currentLaterParameterLabelLineNumber : INTEGER
    0, -- currentLaterParameterLabelColumn : INTEGER
    "ba5eda7a-def5-0000-0000-000000000002", -- DT_ID : UNIQUE_ID
    "7060156d-7151-40d6-a9da-24c06bb7f5b8" -- Block_ID : UNIQUE_ID
);
INSERT INTO V_VAL VALUES (
    "62d3b9e4-8c9f-4ef3-8aac-2f33dbb9cc35", -- Value_ID : UNIQUE_ID
    0, -- isLValue : BOOLEAN
    0, -- isImplicit : BOOLEAN
    1, -- LineNumber : INTEGER
    8, -- StartPosition : INTEGER
    11, -- EndPosition : INTEGER
    0, -- firstParameterLabelLineNumber : INTEGER
    0, -- firstParameterLabelColumn : INTEGER
    0, -- currentLaterParameterLabelLineNumber : INTEGER
    0, -- currentLaterParameterLabelColumn : INTEGER
    "ba5eda7a-def5-0000-0000-000000000001", -- DT_ID : UNIQUE_ID
    "f0691d71-70c4-457f-951b-67e3cfb50df7" -- Block_ID : UNIQUE_ID
);
INSERT INTO V_VAL VALUES (
    "bd4d2c13-800d-43e3-90b1-00eea795a71d", -- Value_ID : UNIQUE_ID
    0, -- isLValue : BOOLEAN
    0, -- isImplicit : BOOLEAN
    1, -- LineNumber : INTEGER
    8, -- StartPosition : INTEGER
    11, -- EndPosition : INTEGER
    0, -- firstParameterLabelLineNumber : INTEGER
    0, -- firstParameterLabelColumn : INTEGER
    0, -- currentLaterParameterLabelLineNumber : INTEGER
    0, -- currentLaterParameterLabelColumn : INTEGER
    "ba5eda7a-def5-0000-0000-000000000001", -- DT_ID : UNIQUE_ID
    "1f933886-7060-4a4a-b1ec-7d7aebe4be43" -- Block_ID : UNIQUE_ID
);
INSERT INTO V_VAL VALUES (
    "384d2c99-66ae-46cd-909c-115d7ba7089c", -- Value_ID : UNIQUE_ID
    0, -- isLValue : BOOLEAN
    0, -- isImplicit : BOOLEAN
    2, -- LineNumber : INTEGER
    9, -- StartPosition : INTEGER
    22, -- EndPosition : INTEGER
    0, -- firstParameterLabelLineNumber : INTEGER
    0, -- firstParameterLabelColumn : INTEGER
    0, -- currentLaterParameterLabelLineNumber : INTEGER
    0, -- currentLaterParameterLabelColumn : INTEGER
    "ba5eda7a-def5-0000-0000-000000000004", -- DT_ID : UNIQUE_ID
    "9025447a-1354-4e4b-a511-dea16a9d3abc" -- Block_ID : UNIQUE_ID
);
INSERT INTO V_VAL VALUES (
    "c9803bfb-6712-4ff6-b1d3-2f2ffac8df0e", -- Value_ID : UNIQUE_ID
    1, -- isLValue : BOOLEAN
    1, -- isImplicit : BOOLEAN
    2, -- LineNumber : INTEGER
    2, -- StartPosition : INTEGER
    6, -- EndPosition : INTEGER
    0, -- firstParameterLabelLineNumber : INTEGER
    0, -- firstParameterLabelColumn : INTEGER
    0, -- currentLaterParameterLabelLineNumber : INTEGER
    0, -- currentLaterParameterLabelColumn : INTEGER
    "ba5eda7a-def5-0000-0000-000000000004", -- DT_ID : UNIQUE_ID
    "9025447a-1354-4e4b-a511-dea16a9d3abc" -- Block_ID : UNIQUE_ID
);
INSERT INTO V_VAL VALUES (
    "00509224-b783-4f2d-8f5f-0acb66adf3ab", -- Value_ID : UNIQUE_ID
    0, -- isLValue : BOOLEAN
    0, -- isImplicit : BOOLEAN
    3, -- LineNumber : INTEGER
    10, -- StartPosition : INTEGER
    23, -- EndPosition : INTEGER
    0, -- firstParameterLabelLineNumber : INTEGER
    0, -- firstParameterLabelColumn : INTEGER
    0, -- currentLaterParameterLabelLineNumber : INTEGER
    0, -- currentLaterParameterLabelColumn : INTEGER
    "ba5eda7a-def5-0000-0000-000000000004", -- DT_ID : UNIQUE_ID
    "9025447a-1354-4e4b-a511-dea16a9d3abc" -- Block_ID : UNIQUE_ID
);
INSERT INTO V_VAL VALUES (
    "7e167f01-c44d-47d7-9fd9-0c0d26d89bc3", -- Value_ID : UNIQUE_ID
    1, -- isLValue : BOOLEAN
    1, -- isImplicit : BOOLEAN
    3, -- LineNumber : INTEGER
    2, -- StartPosition : INTEGER
    6, -- EndPosition : INTEGER
    0, -- firstParameterLabelLineNumber : INTEGER
    0, -- firstParameterLabelColumn : INTEGER
    0, -- currentLaterParameterLabelLineNumber : INTEGER
    0, -- currentLaterParameterLabelColumn : INTEGER
    "ba5eda7a-def5-0000-0000-000000000004", -- DT_ID : UNIQUE_ID
    "9025447a-1354-4e4b-a511-dea16a9d3abc" -- Block_ID : UNIQUE_ID
);
INSERT INTO V_VAL VALUES (
    "0378b300-7952-4d92-934d-df4d1f214a40", -- Value_ID : UNIQUE_ID
    0, -- isLValue : BOOLEAN
    0, -- isImplicit : BOOLEAN
    4, -- LineNumber : INTEGER
    16, -- StartPosition : INTEGER
    35, -- EndPosition : INTEGER
    0, -- firstParameterLabelLineNumber : INTEGER
    0, -- firstParameterLabelColumn : INTEGER
    0, -- currentLaterParameterLabelLineNumber : INTEGER
    0, -- currentLaterParameterLabelColumn : INTEGER
    "ba5eda7a-def5-0000-0000-000000000002", -- DT_ID : UNIQUE_ID
    "9025447a-1354-4e4b-a511-dea16a9d3abc" -- Block_ID : UNIQUE_ID
);
INSERT INTO V_VAL VALUES (
    "ddf4dc0f-a4bd-47c0-adff-847ea1b8bfef", -- Value_ID : UNIQUE_ID
    1, -- isLValue : BOOLEAN
    1, -- isImplicit : BOOLEAN
    4, -- LineNumber : INTEGER
    2, -- StartPosition : INTEGER
    12, -- EndPosition : INTEGER
    0, -- firstParameterLabelLineNumber : INTEGER
    0, -- firstParameterLabelColumn : INTEGER
    0, -- currentLaterParameterLabelLineNumber : INTEGER
    0, -- currentLaterParameterLabelColumn : INTEGER
    "ba5eda7a-def5-0000-0000-000000000002", -- DT_ID : UNIQUE_ID
    "9025447a-1354-4e4b-a511-dea16a9d3abc" -- Block_ID : UNIQUE_ID
);
INSERT INTO V_VAL VALUES (
    "e6a056bb-95b8-4f67-a1f3-ed31cc6e8b2b", -- Value_ID : UNIQUE_ID
    0, -- isLValue : BOOLEAN
    0, -- isImplicit : BOOLEAN
    5, -- LineNumber : INTEGER
    15, -- StartPosition : INTEGER
    33, -- EndPosition : INTEGER
    0, -- firstParameterLabelLineNumber : INTEGER
    0, -- firstParameterLabelColumn : INTEGER
    0, -- currentLaterParameterLabelLineNumber : INTEGER
    0, -- currentLaterParameterLabelColumn : INTEGER
    "ba5eda7a-def5-0000-0000-00000000000e", -- DT_ID : UNIQUE_ID
    "9025447a-1354-4e4b-a511-dea16a9d3abc" -- Block_ID : UNIQUE_ID
);
INSERT INTO V_VAL VALUES (
    "6a135ec4-5c16-4406-af8e-136d0da05866", -- Value_ID : UNIQUE_ID
    1, -- isLValue : BOOLEAN
    1, -- isImplicit : BOOLEAN
    5, -- LineNumber : INTEGER
    2, -- StartPosition : INTEGER
    11, -- EndPosition : INTEGER
    0, -- firstParameterLabelLineNumber : INTEGER
    0, -- firstParameterLabelColumn : INTEGER
    0, -- currentLaterParameterLabelLineNumber : INTEGER
    0, -- currentLaterParameterLabelColumn : INTEGER
    "ba5eda7a-def5-0000-0000-00000000000e", -- DT_ID : UNIQUE_ID
    "9025447a-1354-4e4b-a511-dea16a9d3abc" -- Block_ID : UNIQUE_ID
);
INSERT INTO V_VAL VALUES (
    "f1b5e6e6-6375-418d-9ba2-8e98b03d8fd1", -- Value_ID : UNIQUE_ID
    0, -- isLValue : BOOLEAN
    0, -- isImplicit : BOOLEAN
    7, -- LineNumber : INTEGER
    1, -- StartPosition : INTEGER
    78, -- EndPosition : INTEGER
    0, -- firstParameterLabelLineNumber : INTEGER
    0, -- firstParameterLabelColumn : INTEGER
    0, -- currentLaterParameterLabelLineNumber : INTEGER
    0, -- currentLaterParameterLabelColumn : INTEGER
    "ba5eda7a-def5-0000-0000-000000000000", -- DT_ID : UNIQUE_ID
    "9025447a-1354-4e4b-a511-dea16a9d3abc" -- Block_ID : UNIQUE_ID
);
INSERT INTO V_VAL VALUES (
    "6ee6d648-166f-4aec-905d-0b836760595f", -- Value_ID : UNIQUE_ID
    0, -- isLValue : BOOLEAN
    0, -- isImplicit : BOOLEAN
    7, -- LineNumber : INTEGER
    23, -- StartPosition : INTEGER
    62, -- EndPosition : INTEGER
    0, -- firstParameterLabelLineNumber : INTEGER
    0, -- firstParameterLabelColumn : INTEGER
    0, -- currentLaterParameterLabelLineNumber : INTEGER
    0, -- currentLaterParameterLabelColumn : INTEGER
    "ba5eda7a-def5-0000-0000-000000000004", -- DT_ID : UNIQUE_ID
    "9025447a-1354-4e4b-a511-dea16a9d3abc" -- Block_ID : UNIQUE_ID
);
INSERT INTO V_VAL VALUES (
    "79c04992-92f6-4869-95bd-d84b8e5fdf04", -- Value_ID : UNIQUE_ID
    0, -- isLValue : BOOLEAN
    0, -- isImplicit : BOOLEAN
    7, -- LineNumber : INTEGER
    65, -- StartPosition : INTEGER
    69, -- EndPosition : INTEGER
    0, -- firstParameterLabelLineNumber : INTEGER
    0, -- firstParameterLabelColumn : INTEGER
    0, -- currentLaterParameterLabelLineNumber : INTEGER
    0, -- currentLaterParameterLabelColumn : INTEGER
    "ba5eda7a-def5-0000-0000-000000000004", -- DT_ID : UNIQUE_ID
    "9025447a-1354-4e4b-a511-dea16a9d3abc" -- Block_ID : UNIQUE_ID
);
INSERT INTO V_VAL VALUES (
    "4b56962e-0483-4e77-afe1-f76664cfe572", -- Value_ID : UNIQUE_ID
    0, -- isLValue : BOOLEAN
    0, -- isImplicit : BOOLEAN
    7, -- LineNumber : INTEGER
    23, -- StartPosition : INTEGER
    69, -- EndPosition : INTEGER
    0, -- firstParameterLabelLineNumber : INTEGER
    0, -- firstParameterLabelColumn : INTEGER
    0, -- currentLaterParameterLabelLineNumber : INTEGER
    0, -- currentLaterParameterLabelColumn : INTEGER
    "ba5eda7a-def5-0000-0000-000000000004", -- DT_ID : UNIQUE_ID
    "9025447a-1354-4e4b-a511-dea16a9d3abc" -- Block_ID : UNIQUE_ID
);
INSERT INTO V_VAL VALUES (
    "ca24fbb0-0661-40e3-ab7e-8be22f9cfc03", -- Value_ID : UNIQUE_ID
    0, -- isLValue : BOOLEAN
    0, -- isImplicit : BOOLEAN
    7, -- LineNumber : INTEGER
    73, -- StartPosition : INTEGER
    77, -- EndPosition : INTEGER
    0, -- firstParameterLabelLineNumber : INTEGER
    0, -- firstParameterLabelColumn : INTEGER
    0, -- currentLaterParameterLabelLineNumber : INTEGER
    0, -- currentLaterParameterLabelColumn : INTEGER
    "ba5eda7a-def5-0000-0000-000000000004", -- DT_ID : UNIQUE_ID
    "9025447a-1354-4e4b-a511-dea16a9d3abc" -- Block_ID : UNIQUE_ID
);
INSERT INTO V_VAL VALUES (
    "3f585ecb-f7c1-4ef8-b3be-3b2af77033c9", -- Value_ID : UNIQUE_ID
    0, -- isLValue : BOOLEAN
    0, -- isImplicit : BOOLEAN
    7, -- LineNumber : INTEGER
    23, -- StartPosition : INTEGER
    77, -- EndPosition : INTEGER
    0, -- firstParameterLabelLineNumber : INTEGER
    0, -- firstParameterLabelColumn : INTEGER
    0, -- currentLaterParameterLabelLineNumber : INTEGER
    0, -- currentLaterParameterLabelColumn : INTEGER
    "ba5eda7a-def5-0000-0000-000000000004", -- DT_ID : UNIQUE_ID
    "9025447a-1354-4e4b-a511-dea16a9d3abc" -- Block_ID : UNIQUE_ID
);
INSERT INTO V_VAL VALUES (
    "1260bccf-94f0-43f3-a4cd-7b03907724f2", -- Value_ID : UNIQUE_ID
    0, -- isLValue : BOOLEAN
    0, -- isImplicit : BOOLEAN
    2, -- LineNumber : INTEGER
    14, -- StartPosition : INTEGER
    32, -- EndPosition : INTEGER
    0, -- firstParameterLabelLineNumber : INTEGER
    0, -- firstParameterLabelColumn : INTEGER
    0, -- currentLaterParameterLabelLineNumber : INTEGER
    0, -- currentLaterParameterLabelColumn : INTEGER
    "ba5eda7a-def5-0000-0000-00000000000e", -- DT_ID : UNIQUE_ID
    "2e4b0ba3-76bc-475d-a336-2c5597930684" -- Block_ID : UNIQUE_ID
);
INSERT INTO V_VAL VALUES (
    "93140ac2-ca24-4527-bf15-99ba12744c71", -- Value_ID : UNIQUE_ID
    1, -- isLValue : BOOLEAN
    1, -- isImplicit : BOOLEAN
    2, -- LineNumber : INTEGER
    1, -- StartPosition : INTEGER
    10, -- EndPosition : INTEGER
    0, -- firstParameterLabelLineNumber : INTEGER
    0, -- firstParameterLabelColumn : INTEGER
    0, -- currentLaterParameterLabelLineNumber : INTEGER
    0, -- currentLaterParameterLabelColumn : INTEGER
    "ba5eda7a-def5-0000-0000-00000000000e", -- DT_ID : UNIQUE_ID
    "2e4b0ba3-76bc-475d-a336-2c5597930684" -- Block_ID : UNIQUE_ID
);
INSERT INTO V_VAL VALUES (
    "c556f018-8d8d-42df-85da-c351edf082e3", -- Value_ID : UNIQUE_ID
    0, -- isLValue : BOOLEAN
    0, -- isImplicit : BOOLEAN
    3, -- LineNumber : INTEGER
    1, -- StartPosition : INTEGER
    52, -- EndPosition : INTEGER
    0, -- firstParameterLabelLineNumber : INTEGER
    0, -- firstParameterLabelColumn : INTEGER
    0, -- currentLaterParameterLabelLineNumber : INTEGER
    0, -- currentLaterParameterLabelColumn : INTEGER
    "ba5eda7a-def5-0000-0000-000000000000", -- DT_ID : UNIQUE_ID
    "2e4b0ba3-76bc-475d-a336-2c5597930684" -- Block_ID : UNIQUE_ID
);
INSERT INTO V_VAL VALUES (
    "0ae5c9b5-b24b-466a-8dce-8f0cfa885f37", -- Value_ID : UNIQUE_ID
    0, -- isLValue : BOOLEAN
    0, -- isImplicit : BOOLEAN
    3, -- LineNumber : INTEGER
    23, -- StartPosition : INTEGER
    50, -- EndPosition : INTEGER
    0, -- firstParameterLabelLineNumber : INTEGER
    0, -- firstParameterLabelColumn : INTEGER
    0, -- currentLaterParameterLabelLineNumber : INTEGER
    0, -- currentLaterParameterLabelColumn : INTEGER
    "ba5eda7a-def5-0000-0000-000000000004", -- DT_ID : UNIQUE_ID
    "2e4b0ba3-76bc-475d-a336-2c5597930684" -- Block_ID : UNIQUE_ID
);
INSERT INTO V_VAL VALUES (
    "69c78f73-c0eb-41de-861c-ffc644118c92", -- Value_ID : UNIQUE_ID
    0, -- isLValue : BOOLEAN
    0, -- isImplicit : BOOLEAN
    2, -- LineNumber : INTEGER
    54, -- StartPosition : INTEGER
    61, -- EndPosition : INTEGER
    0, -- firstParameterLabelLineNumber : INTEGER
    0, -- firstParameterLabelColumn : INTEGER
    0, -- currentLaterParameterLabelLineNumber : INTEGER
    0, -- currentLaterParameterLabelColumn : INTEGER
    "ba5eda7a-def5-0000-0000-000000000008", -- DT_ID : UNIQUE_ID
    "91adc69c-9c65-4fdf-9355-acb105d45fcf" -- Block_ID : UNIQUE_ID
);
INSERT INTO V_VAL VALUES (
    "78156eb2-c77b-4def-b52d-f0fc8a4fecb7", -- Value_ID : UNIQUE_ID
    0, -- isLValue : BOOLEAN
    0, -- isImplicit : BOOLEAN
    2, -- LineNumber : INTEGER
    54, -- StartPosition : INTEGER
    67, -- EndPosition : INTEGER
    0, -- firstParameterLabelLineNumber : INTEGER
    0, -- firstParameterLabelColumn : INTEGER
    0, -- currentLaterParameterLabelLineNumber : INTEGER
    0, -- currentLaterParameterLabelColumn : INTEGER
    "ba5eda7a-def5-0000-0000-000000000004", -- DT_ID : UNIQUE_ID
    "91adc69c-9c65-4fdf-9355-acb105d45fcf" -- Block_ID : UNIQUE_ID
);
INSERT INTO V_VAL VALUES (
    "b5e6f29b-bd0d-4716-89e8-34463140711b", -- Value_ID : UNIQUE_ID
    0, -- isLValue : BOOLEAN
    0, -- isImplicit : BOOLEAN
    2, -- LineNumber : INTEGER
    70, -- StartPosition : INTEGER
    80, -- EndPosition : INTEGER
    0, -- firstParameterLabelLineNumber : INTEGER
    0, -- firstParameterLabelColumn : INTEGER
    0, -- currentLaterParameterLabelLineNumber : INTEGER
    0, -- currentLaterParameterLabelColumn : INTEGER
    "ba5eda7a-def5-0000-0000-000000000004", -- DT_ID : UNIQUE_ID
    "91adc69c-9c65-4fdf-9355-acb105d45fcf" -- Block_ID : UNIQUE_ID
);
INSERT INTO V_VAL VALUES (
    "4d8f85ac-207c-4237-9a5f-447ac7ce240e", -- Value_ID : UNIQUE_ID
    0, -- isLValue : BOOLEAN
    0, -- isImplicit : BOOLEAN
    2, -- LineNumber : INTEGER
    54, -- StartPosition : INTEGER
    80, -- EndPosition : INTEGER
    0, -- firstParameterLabelLineNumber : INTEGER
    0, -- firstParameterLabelColumn : INTEGER
    0, -- currentLaterParameterLabelLineNumber : INTEGER
    0, -- currentLaterParameterLabelColumn : INTEGER
    "ba5eda7a-def5-0000-0000-000000000001", -- DT_ID : UNIQUE_ID
    "91adc69c-9c65-4fdf-9355-acb105d45fcf" -- Block_ID : UNIQUE_ID
);
INSERT INTO V_VAL VALUES (
    "4670150d-502d-4c62-9c87-fea72d1495ce", -- Value_ID : UNIQUE_ID
    0, -- isLValue : BOOLEAN
    0, -- isImplicit : BOOLEAN
    2, -- LineNumber : INTEGER
    86, -- StartPosition : INTEGER
    93, -- EndPosition : INTEGER
    0, -- firstParameterLabelLineNumber : INTEGER
    0, -- firstParameterLabelColumn : INTEGER
    0, -- currentLaterParameterLabelLineNumber : INTEGER
    0, -- currentLaterParameterLabelColumn : INTEGER
    "ba5eda7a-def5-0000-0000-000000000008", -- DT_ID : UNIQUE_ID
    "91adc69c-9c65-4fdf-9355-acb105d45fcf" -- Block_ID : UNIQUE_ID
);
INSERT INTO V_VAL VALUES (
    "ddfa2080-bad6-46e7-9239-8aed8bb66cc4", -- Value_ID : UNIQUE_ID
    0, -- isLValue : BOOLEAN
    0, -- isImplicit : BOOLEAN
    2, -- LineNumber : INTEGER
    86, -- StartPosition : INTEGER
    99, -- EndPosition : INTEGER
    0, -- firstParameterLabelLineNumber : INTEGER
    0, -- firstParameterLabelColumn : INTEGER
    0, -- currentLaterParameterLabelLineNumber : INTEGER
    0, -- currentLaterParameterLabelColumn : INTEGER
    "ba5eda7a-def5-0000-0000-000000000004", -- DT_ID : UNIQUE_ID
    "91adc69c-9c65-4fdf-9355-acb105d45fcf" -- Block_ID : UNIQUE_ID
);
INSERT INTO V_VAL VALUES (
    "09ea0dbb-6d5a-4b64-8c85-b101f48c650c", -- Value_ID : UNIQUE_ID
    0, -- isLValue : BOOLEAN
    0, -- isImplicit : BOOLEAN
    2, -- LineNumber : INTEGER
    102, -- StartPosition : INTEGER
    112, -- EndPosition : INTEGER
    0, -- firstParameterLabelLineNumber : INTEGER
    0, -- firstParameterLabelColumn : INTEGER
    0, -- currentLaterParameterLabelLineNumber : INTEGER
    0, -- currentLaterParameterLabelColumn : INTEGER
    "ba5eda7a-def5-0000-0000-000000000004", -- DT_ID : UNIQUE_ID
    "91adc69c-9c65-4fdf-9355-acb105d45fcf" -- Block_ID : UNIQUE_ID
);
INSERT INTO V_VAL VALUES (
    "e68668f0-1e75-431d-ae8b-d3d5a5f6920c", -- Value_ID : UNIQUE_ID
    0, -- isLValue : BOOLEAN
    0, -- isImplicit : BOOLEAN
    2, -- LineNumber : INTEGER
    86, -- StartPosition : INTEGER
    112, -- EndPosition : INTEGER
    0, -- firstParameterLabelLineNumber : INTEGER
    0, -- firstParameterLabelColumn : INTEGER
    0, -- currentLaterParameterLabelLineNumber : INTEGER
    0, -- currentLaterParameterLabelColumn : INTEGER
    "ba5eda7a-def5-0000-0000-000000000001", -- DT_ID : UNIQUE_ID
    "91adc69c-9c65-4fdf-9355-acb105d45fcf" -- Block_ID : UNIQUE_ID
);
INSERT INTO V_VAL VALUES (
    "d2403c92-6987-4518-a26a-df6ff72c318b", -- Value_ID : UNIQUE_ID
    0, -- isLValue : BOOLEAN
    0, -- isImplicit : BOOLEAN
    2, -- LineNumber : INTEGER
    54, -- StartPosition : INTEGER
    112, -- EndPosition : INTEGER
    0, -- firstParameterLabelLineNumber : INTEGER
    0, -- firstParameterLabelColumn : INTEGER
    0, -- currentLaterParameterLabelLineNumber : INTEGER
    0, -- currentLaterParameterLabelColumn : INTEGER
    "ba5eda7a-def5-0000-0000-000000000001", -- DT_ID : UNIQUE_ID
    "91adc69c-9c65-4fdf-9355-acb105d45fcf" -- Block_ID : UNIQUE_ID
);
INSERT INTO V_VAL VALUES (
    "f77a529a-faf1-4163-9a79-ce1c45b8c79e", -- Value_ID : UNIQUE_ID
    0, -- isLValue : BOOLEAN
    0, -- isImplicit : BOOLEAN
    2, -- LineNumber : INTEGER
    118, -- StartPosition : INTEGER
    125, -- EndPosition : INTEGER
    0, -- firstParameterLabelLineNumber : INTEGER
    0, -- firstParameterLabelColumn : INTEGER
    0, -- currentLaterParameterLabelLineNumber : INTEGER
    0, -- currentLaterParameterLabelColumn : INTEGER
    "ba5eda7a-def5-0000-0000-000000000008", -- DT_ID : UNIQUE_ID
    "91adc69c-9c65-4fdf-9355-acb105d45fcf" -- Block_ID : UNIQUE_ID
);
INSERT INTO V_VAL VALUES (
    "c82c24eb-adaf-46c1-8a45-d7f4d305825a", -- Value_ID : UNIQUE_ID
    0, -- isLValue : BOOLEAN
    0, -- isImplicit : BOOLEAN
    2, -- LineNumber : INTEGER
    118, -- StartPosition : INTEGER
    137, -- EndPosition : INTEGER
    0, -- firstParameterLabelLineNumber : INTEGER
    0, -- firstParameterLabelColumn : INTEGER
    0, -- currentLaterParameterLabelLineNumber : INTEGER
    0, -- currentLaterParameterLabelColumn : INTEGER
    "ba5eda7a-def5-0000-0000-000000000002", -- DT_ID : UNIQUE_ID
    "91adc69c-9c65-4fdf-9355-acb105d45fcf" -- Block_ID : UNIQUE_ID
);
INSERT INTO V_VAL VALUES (
    "3a0d961a-da60-4355-b6f1-97c326000107", -- Value_ID : UNIQUE_ID
    0, -- isLValue : BOOLEAN
    0, -- isImplicit : BOOLEAN
    2, -- LineNumber : INTEGER
    140, -- StartPosition : INTEGER
    156, -- EndPosition : INTEGER
    0, -- firstParameterLabelLineNumber : INTEGER
    0, -- firstParameterLabelColumn : INTEGER
    0, -- currentLaterParameterLabelLineNumber : INTEGER
    0, -- currentLaterParameterLabelColumn : INTEGER
    "ba5eda7a-def5-0000-0000-000000000002", -- DT_ID : UNIQUE_ID
    "91adc69c-9c65-4fdf-9355-acb105d45fcf" -- Block_ID : UNIQUE_ID
);
INSERT INTO V_VAL VALUES (
    "676e82d6-a314-4b39-b42f-f224957ab920", -- Value_ID : UNIQUE_ID
    0, -- isLValue : BOOLEAN
    0, -- isImplicit : BOOLEAN
    2, -- LineNumber : INTEGER
    118, -- StartPosition : INTEGER
    156, -- EndPosition : INTEGER
    0, -- firstParameterLabelLineNumber : INTEGER
    0, -- firstParameterLabelColumn : INTEGER
    0, -- currentLaterParameterLabelLineNumber : INTEGER
    0, -- currentLaterParameterLabelColumn : INTEGER
    "ba5eda7a-def5-0000-0000-000000000001", -- DT_ID : UNIQUE_ID
    "91adc69c-9c65-4fdf-9355-acb105d45fcf" -- Block_ID : UNIQUE_ID
);
INSERT INTO V_VAL VALUES (
    "bcddf177-7399-4a57-9d08-ea735aa1f6a5", -- Value_ID : UNIQUE_ID
    0, -- isLValue : BOOLEAN
    0, -- isImplicit : BOOLEAN
    2, -- LineNumber : INTEGER
    54, -- StartPosition : INTEGER
    156, -- EndPosition : INTEGER
    0, -- firstParameterLabelLineNumber : INTEGER
    0, -- firstParameterLabelColumn : INTEGER
    0, -- currentLaterParameterLabelLineNumber : INTEGER
    0, -- currentLaterParameterLabelColumn : INTEGER
    "ba5eda7a-def5-0000-0000-000000000001", -- DT_ID : UNIQUE_ID
    "91adc69c-9c65-4fdf-9355-acb105d45fcf" -- Block_ID : UNIQUE_ID
);
INSERT INTO V_VAL VALUES (
    "5f75f607-fecd-4b9a-9a03-d7cb99715947", -- Value_ID : UNIQUE_ID
    0, -- isLValue : BOOLEAN
    0, -- isImplicit : BOOLEAN
    3, -- LineNumber : INTEGER
    12, -- StartPosition : INTEGER
    19, -- EndPosition : INTEGER
    0, -- firstParameterLabelLineNumber : INTEGER
    0, -- firstParameterLabelColumn : INTEGER
    0, -- currentLaterParameterLabelLineNumber : INTEGER
    0, -- currentLaterParameterLabelColumn : INTEGER
    "ba5eda7a-def5-0000-0000-000000000008", -- DT_ID : UNIQUE_ID
    "91adc69c-9c65-4fdf-9355-acb105d45fcf" -- Block_ID : UNIQUE_ID
);
INSERT INTO V_VAL VALUES (
    "e5190a09-a759-4a33-a15f-9a40f160af88", -- Value_ID : UNIQUE_ID
    0, -- isLValue : BOOLEAN
    0, -- isImplicit : BOOLEAN
    3, -- LineNumber : INTEGER
    4, -- StartPosition : INTEGER
    21, -- EndPosition : INTEGER
    0, -- firstParameterLabelLineNumber : INTEGER
    0, -- firstParameterLabelColumn : INTEGER
    0, -- currentLaterParameterLabelLineNumber : INTEGER
    0, -- currentLaterParameterLabelColumn : INTEGER
    "ba5eda7a-def5-0000-0000-000000000001", -- DT_ID : UNIQUE_ID
    "91adc69c-9c65-4fdf-9355-acb105d45fcf" -- Block_ID : UNIQUE_ID
);
INSERT INTO V_VAL VALUES (
    "cd7302cc-6c14-4619-9794-16e35bbeaf02", -- Value_ID : UNIQUE_ID
    0, -- isLValue : BOOLEAN
    0, -- isImplicit : BOOLEAN
    5, -- LineNumber : INTEGER
    43, -- StartPosition : INTEGER
    53, -- EndPosition : INTEGER
    0, -- firstParameterLabelLineNumber : INTEGER
    0, -- firstParameterLabelColumn : INTEGER
    0, -- currentLaterParameterLabelLineNumber : INTEGER
    0, -- currentLaterParameterLabelColumn : INTEGER
    "ba5eda7a-def5-0000-0000-000000000004", -- DT_ID : UNIQUE_ID
    "bbe95ae4-c01f-493a-9d4f-9ae730927460" -- Block_ID : UNIQUE_ID
);
INSERT INTO V_VAL VALUES (
    "c687c9aa-f18e-4c94-bce9-9ec956a8040f", -- Value_ID : UNIQUE_ID
    0, -- isLValue : BOOLEAN
    0, -- isImplicit : BOOLEAN
    5, -- LineNumber : INTEGER
    62, -- StartPosition : INTEGER
    72, -- EndPosition : INTEGER
    0, -- firstParameterLabelLineNumber : INTEGER
    0, -- firstParameterLabelColumn : INTEGER
    0, -- currentLaterParameterLabelLineNumber : INTEGER
    0, -- currentLaterParameterLabelColumn : INTEGER
    "ba5eda7a-def5-0000-0000-000000000004", -- DT_ID : UNIQUE_ID
    "bbe95ae4-c01f-493a-9d4f-9ae730927460" -- Block_ID : UNIQUE_ID
);
INSERT INTO V_VAL VALUES (
    "6332ab27-6b15-45c7-a417-1a217b6b102d", -- Value_ID : UNIQUE_ID
    0, -- isLValue : BOOLEAN
    0, -- isImplicit : BOOLEAN
    5, -- LineNumber : INTEGER
    87, -- StartPosition : INTEGER
    103, -- EndPosition : INTEGER
    0, -- firstParameterLabelLineNumber : INTEGER
    0, -- firstParameterLabelColumn : INTEGER
    0, -- currentLaterParameterLabelLineNumber : INTEGER
    0, -- currentLaterParameterLabelColumn : INTEGER
    "ba5eda7a-def5-0000-0000-000000000002", -- DT_ID : UNIQUE_ID
    "bbe95ae4-c01f-493a-9d4f-9ae730927460" -- Block_ID : UNIQUE_ID
);
INSERT INTO V_VAL VALUES (
    "5a81b879-e9fc-4aa6-9d2a-5c7ea5097254", -- Value_ID : UNIQUE_ID
    0, -- isLValue : BOOLEAN
    0, -- isImplicit : BOOLEAN
    5, -- LineNumber : INTEGER
    117, -- StartPosition : INTEGER
    132, -- EndPosition : INTEGER
    0, -- firstParameterLabelLineNumber : INTEGER
    0, -- firstParameterLabelColumn : INTEGER
    0, -- currentLaterParameterLabelLineNumber : INTEGER
    0, -- currentLaterParameterLabelColumn : INTEGER
    "ba5eda7a-def5-0000-0000-00000000000e", -- DT_ID : UNIQUE_ID
    "bbe95ae4-c01f-493a-9d4f-9ae730927460" -- Block_ID : UNIQUE_ID
);
INSERT INTO V_VAL VALUES (
    "8c5aebe0-6e3d-4618-ab61-bb3b919d133a", -- Value_ID : UNIQUE_ID
    0, -- isLValue : BOOLEAN
    0, -- isImplicit : BOOLEAN
    6, -- LineNumber : INTEGER
    55, -- StartPosition : INTEGER
    58, -- EndPosition : INTEGER
    0, -- firstParameterLabelLineNumber : INTEGER
    0, -- firstParameterLabelColumn : INTEGER
    0, -- currentLaterParameterLabelLineNumber : INTEGER
    0, -- currentLaterParameterLabelColumn : INTEGER
    "ba5eda7a-def5-0000-0000-000000000001", -- DT_ID : UNIQUE_ID
    "bbe95ae4-c01f-493a-9d4f-9ae730927460" -- Block_ID : UNIQUE_ID
);
INSERT INTO V_VAL VALUES (
    "27177259-4445-45ba-9dc1-4e554036eb58", -- Value_ID : UNIQUE_ID
    0, -- isLValue : BOOLEAN
    0, -- isImplicit : BOOLEAN
    6, -- LineNumber : INTEGER
    17, -- StartPosition : INTEGER
    46, -- EndPosition : INTEGER
    0, -- firstParameterLabelLineNumber : INTEGER
    0, -- firstParameterLabelColumn : INTEGER
    0, -- currentLaterParameterLabelLineNumber : INTEGER
    0, -- currentLaterParameterLabelColumn : INTEGER
    "ba5eda7a-def5-0000-0000-000000000004", -- DT_ID : UNIQUE_ID
    "bbe95ae4-c01f-493a-9d4f-9ae730927460" -- Block_ID : UNIQUE_ID
);
INSERT INTO V_VAL VALUES (
    "2ae48709-8dc2-4824-99f4-e854d3d5fc60", -- Value_ID : UNIQUE_ID
    0, -- isLValue : BOOLEAN
    0, -- isImplicit : BOOLEAN
    8, -- LineNumber : INTEGER
    2, -- StartPosition : INTEGER
    50, -- EndPosition : INTEGER
    0, -- firstParameterLabelLineNumber : INTEGER
    0, -- firstParameterLabelColumn : INTEGER
    0, -- currentLaterParameterLabelLineNumber : INTEGER
    0, -- currentLaterParameterLabelColumn : INTEGER
    "ba5eda7a-def5-0000-0000-000000000000", -- DT_ID : UNIQUE_ID
    "2eed1624-54db-4b44-a375-afc7ac1f5531" -- Block_ID : UNIQUE_ID
);
INSERT INTO V_VAL VALUES (
    "d0d3094f-b3cc-4093-8099-c4ef13712d20", -- Value_ID : UNIQUE_ID
    0, -- isLValue : BOOLEAN
    0, -- isImplicit : BOOLEAN
    8, -- LineNumber : INTEGER
    23, -- StartPosition : INTEGER
    48, -- EndPosition : INTEGER
    0, -- firstParameterLabelLineNumber : INTEGER
    0, -- firstParameterLabelColumn : INTEGER
    0, -- currentLaterParameterLabelLineNumber : INTEGER
    0, -- currentLaterParameterLabelColumn : INTEGER
    "ba5eda7a-def5-0000-0000-000000000004", -- DT_ID : UNIQUE_ID
    "2eed1624-54db-4b44-a375-afc7ac1f5531" -- Block_ID : UNIQUE_ID
);
INSERT INTO V_VAL VALUES (
    "8b95633b-48f9-48de-96fe-d29a99330fa4", -- Value_ID : UNIQUE_ID
    0, -- isLValue : BOOLEAN
    0, -- isImplicit : BOOLEAN
    9, -- LineNumber : INTEGER
    50, -- StartPosition : INTEGER
    54, -- EndPosition : INTEGER
    0, -- firstParameterLabelLineNumber : INTEGER
    0, -- firstParameterLabelColumn : INTEGER
    0, -- currentLaterParameterLabelLineNumber : INTEGER
    0, -- currentLaterParameterLabelColumn : INTEGER
    "ba5eda7a-def5-0000-0000-000000000001", -- DT_ID : UNIQUE_ID
    "2eed1624-54db-4b44-a375-afc7ac1f5531" -- Block_ID : UNIQUE_ID
);
INSERT INTO V_VAL VALUES (
    "98d2b3cb-f181-42bc-b3a0-34137599d438", -- Value_ID : UNIQUE_ID
    0, -- isLValue : BOOLEAN
    0, -- isImplicit : BOOLEAN
    9, -- LineNumber : INTEGER
    17, -- StartPosition : INTEGER
    41, -- EndPosition : INTEGER
    0, -- firstParameterLabelLineNumber : INTEGER
    0, -- firstParameterLabelColumn : INTEGER
    0, -- currentLaterParameterLabelLineNumber : INTEGER
    0, -- currentLaterParameterLabelColumn : INTEGER
    "ba5eda7a-def5-0000-0000-000000000004", -- DT_ID : UNIQUE_ID
    "2eed1624-54db-4b44-a375-afc7ac1f5531" -- Block_ID : UNIQUE_ID
);
INSERT INTO V_VAL VALUES (
    "761f14fe-916e-474c-b1d6-cfa978d11003", -- Value_ID : UNIQUE_ID
    0, -- isLValue : BOOLEAN
    0, -- isImplicit : BOOLEAN
    2, -- LineNumber : INTEGER
    54, -- StartPosition : INTEGER
    61, -- EndPosition : INTEGER
    0, -- firstParameterLabelLineNumber : INTEGER
    0, -- firstParameterLabelColumn : INTEGER
    0, -- currentLaterParameterLabelLineNumber : INTEGER
    0, -- currentLaterParameterLabelColumn : INTEGER
    "ba5eda7a-def5-0000-0000-000000000008", -- DT_ID : UNIQUE_ID
    "862bd10c-f0b6-4ab5-842e-e82fb030e433" -- Block_ID : UNIQUE_ID
);
INSERT INTO V_VAL VALUES (
    "777c7f5e-6505-4a79-9f6e-48d6162760f2", -- Value_ID : UNIQUE_ID
    0, -- isLValue : BOOLEAN
    0, -- isImplicit : BOOLEAN
    2, -- LineNumber : INTEGER
    54, -- StartPosition : INTEGER
    73, -- EndPosition : INTEGER
    0, -- firstParameterLabelLineNumber : INTEGER
    0, -- firstParameterLabelColumn : INTEGER
    0, -- currentLaterParameterLabelLineNumber : INTEGER
    0, -- currentLaterParameterLabelColumn : INTEGER
    "ba5eda7a-def5-0000-0000-000000000002", -- DT_ID : UNIQUE_ID
    "862bd10c-f0b6-4ab5-842e-e82fb030e433" -- Block_ID : UNIQUE_ID
);
INSERT INTO V_VAL VALUES (
    "2bd81e55-9ed3-4ebd-9ab9-aa8b19effabe", -- Value_ID : UNIQUE_ID
    0, -- isLValue : BOOLEAN
    0, -- isImplicit : BOOLEAN
    2, -- LineNumber : INTEGER
    76, -- StartPosition : INTEGER
    92, -- EndPosition : INTEGER
    0, -- firstParameterLabelLineNumber : INTEGER
    0, -- firstParameterLabelColumn : INTEGER
    0, -- currentLaterParameterLabelLineNumber : INTEGER
    0, -- currentLaterParameterLabelColumn : INTEGER
    "ba5eda7a-def5-0000-0000-000000000002", -- DT_ID : UNIQUE_ID
    "862bd10c-f0b6-4ab5-842e-e82fb030e433" -- Block_ID : UNIQUE_ID
);
INSERT INTO V_VAL VALUES (
    "a484ddce-ec02-408d-98ed-cae2f3e19c16", -- Value_ID : UNIQUE_ID
    0, -- isLValue : BOOLEAN
    0, -- isImplicit : BOOLEAN
    2, -- LineNumber : INTEGER
    54, -- StartPosition : INTEGER
    92, -- EndPosition : INTEGER
    0, -- firstParameterLabelLineNumber : INTEGER
    0, -- firstParameterLabelColumn : INTEGER
    0, -- currentLaterParameterLabelLineNumber : INTEGER
    0, -- currentLaterParameterLabelColumn : INTEGER
    "ba5eda7a-def5-0000-0000-000000000001", -- DT_ID : UNIQUE_ID
    "862bd10c-f0b6-4ab5-842e-e82fb030e433" -- Block_ID : UNIQUE_ID
);
INSERT INTO V_VAL VALUES (
    "535efa24-b41d-4836-b363-5a1cdc5432f1", -- Value_ID : UNIQUE_ID
    0, -- isLValue : BOOLEAN
    0, -- isImplicit : BOOLEAN
    3, -- LineNumber : INTEGER
    16, -- StartPosition : INTEGER
    23, -- EndPosition : INTEGER
    0, -- firstParameterLabelLineNumber : INTEGER
    0, -- firstParameterLabelColumn : INTEGER
    0, -- currentLaterParameterLabelLineNumber : INTEGER
    0, -- currentLaterParameterLabelColumn : INTEGER
    "ba5eda7a-def5-0000-0000-000000000008", -- DT_ID : UNIQUE_ID
    "862bd10c-f0b6-4ab5-842e-e82fb030e433" -- Block_ID : UNIQUE_ID
);
INSERT INTO V_VAL VALUES (
    "f5a49789-1a02-4a91-8340-4f3065c272f6", -- Value_ID : UNIQUE_ID
    0, -- isLValue : BOOLEAN
    0, -- isImplicit : BOOLEAN
    3, -- LineNumber : INTEGER
    10, -- StartPosition : INTEGER
    23, -- EndPosition : INTEGER
    0, -- firstParameterLabelLineNumber : INTEGER
    0, -- firstParameterLabelColumn : INTEGER
    0, -- currentLaterParameterLabelLineNumber : INTEGER
    0, -- currentLaterParameterLabelColumn : INTEGER
    "ba5eda7a-def5-0000-0000-000000000001", -- DT_ID : UNIQUE_ID
    "862bd10c-f0b6-4ab5-842e-e82fb030e433" -- Block_ID : UNIQUE_ID
);
INSERT INTO V_VAL VALUES (
    "d72562b9-338d-4404-9eff-7fb26bb0fa4b", -- Value_ID : UNIQUE_ID
    0, -- isLValue : BOOLEAN
    0, -- isImplicit : BOOLEAN
    3, -- LineNumber : INTEGER
    4, -- StartPosition : INTEGER
    25, -- EndPosition : INTEGER
    0, -- firstParameterLabelLineNumber : INTEGER
    0, -- firstParameterLabelColumn : INTEGER
    0, -- currentLaterParameterLabelLineNumber : INTEGER
    0, -- currentLaterParameterLabelColumn : INTEGER
    "ba5eda7a-def5-0000-0000-000000000001", -- DT_ID : UNIQUE_ID
    "862bd10c-f0b6-4ab5-842e-e82fb030e433" -- Block_ID : UNIQUE_ID
);
INSERT INTO V_VAL VALUES (
    "0aa8a59b-5060-493e-80c6-dcacdcb2b80b", -- Value_ID : UNIQUE_ID
    0, -- isLValue : BOOLEAN
    0, -- isImplicit : BOOLEAN
    4, -- LineNumber : INTEGER
    40, -- StartPosition : INTEGER
    49, -- EndPosition : INTEGER
    0, -- firstParameterLabelLineNumber : INTEGER
    0, -- firstParameterLabelColumn : INTEGER
    0, -- currentLaterParameterLabelLineNumber : INTEGER
    0, -- currentLaterParameterLabelColumn : INTEGER
    "ba5eda7a-def5-0000-0000-00000000000e", -- DT_ID : UNIQUE_ID
    "0f284924-b90c-4593-864a-b87c500b237c" -- Block_ID : UNIQUE_ID
);
INSERT INTO V_VAL VALUES (
    "d5000cf7-638d-4a96-b71d-8a8028f1b4c0", -- Value_ID : UNIQUE_ID
    0, -- isLValue : BOOLEAN
    0, -- isImplicit : BOOLEAN
    5, -- LineNumber : INTEGER
    50, -- StartPosition : INTEGER
    53, -- EndPosition : INTEGER
    0, -- firstParameterLabelLineNumber : INTEGER
    0, -- firstParameterLabelColumn : INTEGER
    0, -- currentLaterParameterLabelLineNumber : INTEGER
    0, -- currentLaterParameterLabelColumn : INTEGER
    "ba5eda7a-def5-0000-0000-000000000001", -- DT_ID : UNIQUE_ID
    "0f284924-b90c-4593-864a-b87c500b237c" -- Block_ID : UNIQUE_ID
);
INSERT INTO V_VAL VALUES (
    "7726c7bb-826e-4ead-90ed-7201d58e4ec8", -- Value_ID : UNIQUE_ID
    0, -- isLValue : BOOLEAN
    0, -- isImplicit : BOOLEAN
    5, -- LineNumber : INTEGER
    17, -- StartPosition : INTEGER
    41, -- EndPosition : INTEGER
    0, -- firstParameterLabelLineNumber : INTEGER
    0, -- firstParameterLabelColumn : INTEGER
    0, -- currentLaterParameterLabelLineNumber : INTEGER
    0, -- currentLaterParameterLabelColumn : INTEGER
    "ba5eda7a-def5-0000-0000-000000000004", -- DT_ID : UNIQUE_ID
    "0f284924-b90c-4593-864a-b87c500b237c" -- Block_ID : UNIQUE_ID
);
INSERT INTO V_VAL VALUES (
    "79ad1bca-5e1f-4551-af91-d7a6cd2364ee", -- Value_ID : UNIQUE_ID
    0, -- isLValue : BOOLEAN
    0, -- isImplicit : BOOLEAN
    8, -- LineNumber : INTEGER
    2, -- StartPosition : INTEGER
    53, -- EndPosition : INTEGER
    0, -- firstParameterLabelLineNumber : INTEGER
    0, -- firstParameterLabelColumn : INTEGER
    0, -- currentLaterParameterLabelLineNumber : INTEGER
    0, -- currentLaterParameterLabelColumn : INTEGER
    "ba5eda7a-def5-0000-0000-000000000000", -- DT_ID : UNIQUE_ID
    "2cc2ef70-5742-40dc-bad4-037415d2ea96" -- Block_ID : UNIQUE_ID
);
INSERT INTO V_VAL VALUES (
    "84e9f285-d1c4-4c0d-b2f6-b66363ffcf80", -- Value_ID : UNIQUE_ID
    0, -- isLValue : BOOLEAN
    0, -- isImplicit : BOOLEAN
    8, -- LineNumber : INTEGER
    23, -- StartPosition : INTEGER
    51, -- EndPosition : INTEGER
    0, -- firstParameterLabelLineNumber : INTEGER
    0, -- firstParameterLabelColumn : INTEGER
    0, -- currentLaterParameterLabelLineNumber : INTEGER
    0, -- currentLaterParameterLabelColumn : INTEGER
    "ba5eda7a-def5-0000-0000-000000000004", -- DT_ID : UNIQUE_ID
    "2cc2ef70-5742-40dc-bad4-037415d2ea96" -- Block_ID : UNIQUE_ID
);
INSERT INTO V_VAL VALUES (
    "0091587b-3a63-4492-b5c0-4c51a675f0b9", -- Value_ID : UNIQUE_ID
    0, -- isLValue : BOOLEAN
    0, -- isImplicit : BOOLEAN
    9, -- LineNumber : INTEGER
    49, -- StartPosition : INTEGER
    53, -- EndPosition : INTEGER
    0, -- firstParameterLabelLineNumber : INTEGER
    0, -- firstParameterLabelColumn : INTEGER
    0, -- currentLaterParameterLabelLineNumber : INTEGER
    0, -- currentLaterParameterLabelColumn : INTEGER
    "ba5eda7a-def5-0000-0000-000000000001", -- DT_ID : UNIQUE_ID
    "2cc2ef70-5742-40dc-bad4-037415d2ea96" -- Block_ID : UNIQUE_ID
);
INSERT INTO V_VAL VALUES (
    "eab75962-bd5f-4230-83d9-f464661874dc", -- Value_ID : UNIQUE_ID
    0, -- isLValue : BOOLEAN
    0, -- isImplicit : BOOLEAN
    9, -- LineNumber : INTEGER
    17, -- StartPosition : INTEGER
    40, -- EndPosition : INTEGER
    0, -- firstParameterLabelLineNumber : INTEGER
    0, -- firstParameterLabelColumn : INTEGER
    0, -- currentLaterParameterLabelLineNumber : INTEGER
    0, -- currentLaterParameterLabelColumn : INTEGER
    "ba5eda7a-def5-0000-0000-000000000004", -- DT_ID : UNIQUE_ID
    "2cc2ef70-5742-40dc-bad4-037415d2ea96" -- Block_ID : UNIQUE_ID
);
INSERT INTO V_VAR VALUES (
    "b6c32430-64c4-4854-84d3-fadcea8ce17f", -- Var_ID : UNIQUE_ID
    "d151754c-5697-4797-9f41-1fc5eb06fddf", -- Block_ID : UNIQUE_ID
    'mapping', -- Name : STRING
    1, -- Declared : BOOLEAN
    "ba5eda7a-def5-0000-0000-000000000004" -- DT_ID : UNIQUE_ID
);
INSERT INTO V_VAR VALUES (
    "f3905499-187a-4d7c-8a5a-4ee7ab5957b0", -- Var_ID : UNIQUE_ID
    "d151754c-5697-4797-9f41-1fc5eb06fddf", -- Block_ID : UNIQUE_ID
    'i', -- Name : STRING
    1, -- Declared : BOOLEAN
    "ba5eda7a-def5-0000-0000-000000000002" -- DT_ID : UNIQUE_ID
);
INSERT INTO V_VAR VALUES (
    "7b2fe47a-8907-47b5-bc29-a06a491a19eb", -- Var_ID : UNIQUE_ID
    "d151754c-5697-4797-9f41-1fc5eb06fddf", -- Block_ID : UNIQUE_ID
    's', -- Name : STRING
    1, -- Declared : BOOLEAN
    "ba5eda7a-def5-0000-0000-000000000004" -- DT_ID : UNIQUE_ID
);
INSERT INTO V_VAR VALUES (
    "0e095788-7cc0-4c8a-84d7-dec7dd618d2b", -- Var_ID : UNIQUE_ID
    "96026f7b-cbee-4ec8-8329-9edb5c09e626", -- Block_ID : UNIQUE_ID
    'd', -- Name : STRING
    1, -- Declared : BOOLEAN
    "ba5eda7a-def5-0000-0000-000000000002" -- DT_ID : UNIQUE_ID
);
INSERT INTO V_VAR VALUES (
    "e028b525-93bb-40a4-a141-6c4cc61cb185", -- Var_ID : UNIQUE_ID
    "9025447a-1354-4e4b-a511-dea16a9d3abc", -- Block_ID : UNIQUE_ID
    'FName', -- Name : STRING
    1, -- Declared : BOOLEAN
    "ba5eda7a-def5-0000-0000-000000000004" -- DT_ID : UNIQUE_ID
);
INSERT INTO V_VAR VALUES (
    "958d56f5-b106-438e-97d3-be288b3ce256", -- Var_ID : UNIQUE_ID
    "9025447a-1354-4e4b-a511-dea16a9d3abc", -- Block_ID : UNIQUE_ID
    'LName', -- Name : STRING
    1, -- Declared : BOOLEAN
    "ba5eda7a-def5-0000-0000-000000000004" -- DT_ID : UNIQUE_ID
);
INSERT INTO V_VAR VALUES (
    "8036d6c3-4868-4b9a-930c-f9d0f32947d5", -- Var_ID : UNIQUE_ID
    "9025447a-1354-4e4b-a511-dea16a9d3abc", -- Block_ID : UNIQUE_ID
    'National_ID', -- Name : STRING
    1, -- Declared : BOOLEAN
    "ba5eda7a-def5-0000-0000-000000000002" -- DT_ID : UNIQUE_ID
);
INSERT INTO V_VAR VALUES (
    "f65802b6-3b8a-4379-94a0-be9949fce0ea", -- Var_ID : UNIQUE_ID
    "9025447a-1354-4e4b-a511-dea16a9d3abc", -- Block_ID : UNIQUE_ID
    'Birth_Date', -- Name : STRING
    1, -- Declared : BOOLEAN
    "ba5eda7a-def5-0000-0000-00000000000e" -- DT_ID : UNIQUE_ID
);
INSERT INTO V_VAR VALUES (
    "a68076ba-470d-46b9-8c4b-fa4f32d99d32", -- Var_ID : UNIQUE_ID
    "2e4b0ba3-76bc-475d-a336-2c5597930684", -- Block_ID : UNIQUE_ID
    'Start_Date', -- Name : STRING
    1, -- Declared : BOOLEAN
    "ba5eda7a-def5-0000-0000-00000000000e" -- DT_ID : UNIQUE_ID
);
INSERT INTO V_VAR VALUES (
    "2dda0efd-16ef-46d7-8785-fa676f30a3e2", -- Var_ID : UNIQUE_ID
    "91adc69c-9c65-4fdf-9355-acb105d45fcf", -- Block_ID : UNIQUE_ID
    'employee', -- Name : STRING
    0, -- Declared : BOOLEAN
    "ba5eda7a-def5-0000-0000-000000000008" -- DT_ID : UNIQUE_ID
);
INSERT INTO V_VAR VALUES (
    "c78bb4db-70c9-4ea2-bdbc-a898a3c65ba6", -- Var_ID : UNIQUE_ID
    "bbe95ae4-c01f-493a-9d4f-9ae730927460", -- Block_ID : UNIQUE_ID
    'repeater', -- Name : STRING
    0, -- Declared : BOOLEAN
    "ba5eda7a-def5-0000-0000-000000000008" -- DT_ID : UNIQUE_ID
);
INSERT INTO V_VAR VALUES (
    "3d480eaa-c5e8-46d2-8722-9399592fac19", -- Var_ID : UNIQUE_ID
    "862bd10c-f0b6-4ab5-842e-e82fb030e433", -- Block_ID : UNIQUE_ID
    'employee', -- Name : STRING
    0, -- Declared : BOOLEAN
    "ba5eda7a-def5-0000-0000-000000000008" -- DT_ID : UNIQUE_ID
);
INSERT INTO S_SYS_PROXY VALUES (
    "7fdc406f-2939-49c0-8fab-99de27b70193", -- _0 : UNIQUE_ID
    'runtime', -- _1 : STRING
    1, -- _2 : INTEGER
    '../runtime.xtuml' -- _3 : STRING
);
INSERT INTO S_SYS_PROXY VALUES (
    "7fdc406f-2939-49c0-8fab-99de27b70193", -- _0 : UNIQUE_ID
    'runtime', -- _1 : STRING
    1, -- _2 : INTEGER
    '../runtime.xtuml' -- _3 : STRING
);
INSERT INTO S_SYS_PROXY VALUES (
    "7fdc406f-2939-49c0-8fab-99de27b70193", -- _0 : UNIQUE_ID
    'runtime', -- _1 : STRING
    1, -- _2 : INTEGER
    '../runtime.xtuml' -- _3 : STRING
);
INSERT INTO S_SYS_PROXY VALUES (
    "7fdc406f-2939-49c0-8fab-99de27b70193", -- _0 : UNIQUE_ID
    'runtime', -- _1 : STRING
    1, -- _2 : INTEGER
    '../runtime.xtuml' -- _3 : STRING
);
INSERT INTO S_SYS_PROXY VALUES (
    "7fdc406f-2939-49c0-8fab-99de27b70193", -- _0 : UNIQUE_ID
    'runtime', -- _1 : STRING
    1, -- _2 : INTEGER
    '../runtime.xtuml' -- _3 : STRING
);
INSERT INTO S_SYS_PROXY VALUES (
    "ccdb2e52-76fc-4422-936f-a0239fd9d106", -- _0 : UNIQUE_ID
    'hrm', -- _1 : STRING
    1, -- _2 : INTEGER
    '../hrm.xtuml' -- _3 : STRING
);
INSERT INTO S_SYS_PROXY VALUES (
    "ccdb2e52-76fc-4422-936f-a0239fd9d106", -- _0 : UNIQUE_ID
    'hrm', -- _1 : STRING
    1, -- _2 : INTEGER
    '../hrm.xtuml' -- _3 : STRING
);
INSERT INTO S_SYS_PROXY VALUES (
    "ccdb2e52-76fc-4422-936f-a0239fd9d106", -- _0 : UNIQUE_ID
    'hrm', -- _1 : STRING
    1, -- _2 : INTEGER
    '../../../hrm.xtuml' -- _3 : STRING
);
INSERT INTO S_SYS_PROXY VALUES (
    "46564f98-385d-43d9-876a-ca551a77e802", -- _0 : UNIQUE_ID
    'HRUI', -- _1 : STRING
    1, -- _2 : INTEGER
    '../../../HRUI.xtuml' -- _3 : STRING
);
INSERT INTO S_SYS_PROXY VALUES (
    "46564f98-385d-43d9-876a-ca551a77e802", -- _0 : UNIQUE_ID
    'HRUI', -- _1 : STRING
    1, -- _2 : INTEGER
    '../../HRUI.xtuml' -- _3 : STRING
);
INSERT INTO S_SYS_PROXY VALUES (
    "46564f98-385d-43d9-876a-ca551a77e802", -- _0 : UNIQUE_ID
    'HRUI', -- _1 : STRING
    1, -- _2 : INTEGER
    '../HRUI.xtuml' -- _3 : STRING
);
INSERT INTO S_SYS_PROXY VALUES (
    "a31b98b3-80c6-4eea-80cb-d84755441c10", -- _0 : UNIQUE_ID
    'HRsystem', -- _1 : STRING
    1, -- _2 : INTEGER
    '../HRsystem.xtuml' -- _3 : STRING
);
INSERT INTO GD_MD VALUES (
    "2f6a7c9c-29f6-4d07-bc99-3518dd2d5fa1", -- _0 : UNIQUE_ID
    112, -- _1 : INTEGER
    "12c213af-4b2d-4e49-890c-453aa4660620", -- _2 : UNIQUE_ID
    108, -- _3 : INTEGER
    0, -- _4 : INTEGER
    0, -- _5 : INTEGER
    1, -- _6 : INTEGER
    1, -- _7 : INTEGER
    1, -- _8 : INTEGER
    12, -- _9 : INTEGER
    1, -- _10 : INTEGER
    0, -- _11 : INTEGER
    0, -- _12 : INTEGER
    200, -- _13 : INTEGER
    150, -- _14 : INTEGER
    0, -- _15 : INTEGER
    '', -- _16 : STRING
    'runtime::io.ciera.runtime.instanceloading.generic.util' -- _17 : STRING
);
INSERT INTO GD_MD VALUES (
    "c583e9a1-e3ff-44b5-9b35-322ca643e77c", -- _0 : UNIQUE_ID
    112, -- _1 : INTEGER
    "78fb3e55-9840-4511-a824-62393e628058", -- _2 : UNIQUE_ID
    108, -- _3 : INTEGER
    0, -- _4 : INTEGER
    0, -- _5 : INTEGER
    1, -- _6 : INTEGER
    1, -- _7 : INTEGER
    1, -- _8 : INTEGER
    12, -- _9 : INTEGER
    1, -- _10 : INTEGER
    0, -- _11 : INTEGER
    0, -- _12 : INTEGER
    0, -- _13 : INTEGER
    0, -- _14 : INTEGER
    0, -- _15 : INTEGER
    '', -- _16 : STRING
    'runtime::io.ciera.runtime.instanceloading.sql.util' -- _17 : STRING
);
INSERT INTO GD_MD VALUES (
    "aad0165c-b18e-4b9c-a99d-445fb7a93215", -- _0 : UNIQUE_ID
    108, -- _1 : INTEGER
    "7fdc406f-2939-49c0-8fab-99de27b70193", -- _2 : UNIQUE_ID
    92, -- _3 : INTEGER
    0, -- _4 : INTEGER
    0, -- _5 : INTEGER
    1, -- _6 : INTEGER
    1, -- _7 : INTEGER
    1, -- _8 : INTEGER
    12, -- _9 : INTEGER
    1, -- _10 : INTEGER
    0, -- _11 : INTEGER
    0, -- _12 : INTEGER
    200, -- _13 : INTEGER
    150, -- _14 : INTEGER
    0, -- _15 : INTEGER
    '4.1.17', -- _16 : STRING
    'runtime' -- _17 : STRING
);
INSERT INTO GD_MD VALUES (
    "5d4f79b5-79fc-4c52-b971-fa73cdd5585e", -- _0 : UNIQUE_ID
    112, -- _1 : INTEGER
    "1df09104-1fdb-48ee-9ae7-06cc055c5770", -- _2 : UNIQUE_ID
    108, -- _3 : INTEGER
    0, -- _4 : INTEGER
    0, -- _5 : INTEGER
    1, -- _6 : INTEGER
    1, -- _7 : INTEGER
    1, -- _8 : INTEGER
    12, -- _9 : INTEGER
    1, -- _10 : INTEGER
    0, -- _11 : INTEGER
    0, -- _12 : INTEGER
    0, -- _13 : INTEGER
    0, -- _14 : INTEGER
    0, -- _15 : INTEGER
    '', -- _16 : STRING
    'runtime::io.ciera.runtime.template.util' -- _17 : STRING
);
INSERT INTO GD_MD VALUES (
    "59c17cd3-57f0-44ba-80bc-4fd79c863941", -- _0 : UNIQUE_ID
    112, -- _1 : INTEGER
    "ddbd5fec-558a-4967-bd11-9b09a6c6c428", -- _2 : UNIQUE_ID
    108, -- _3 : INTEGER
    0, -- _4 : INTEGER
    0, -- _5 : INTEGER
    1, -- _6 : INTEGER
    1, -- _7 : INTEGER
    1, -- _8 : INTEGER
    12, -- _9 : INTEGER
    1, -- _10 : INTEGER
    0, -- _11 : INTEGER
    0, -- _12 : INTEGER
    0, -- _13 : INTEGER
    0, -- _14 : INTEGER
    0, -- _15 : INTEGER
    '', -- _16 : STRING
    'runtime::io.ciera.runtime.instanceloading.dynamodb.util' -- _17 : STRING
);
INSERT INTO GD_MD VALUES (
    "192d2bad-eea3-4a0b-8334-4b7934242c6b", -- _0 : UNIQUE_ID
    112, -- _1 : INTEGER
    "27857a34-c690-49d3-a891-ae314dca5262", -- _2 : UNIQUE_ID
    108, -- _3 : INTEGER
    0, -- _4 : INTEGER
    0, -- _5 : INTEGER
    1, -- _6 : INTEGER
    1, -- _7 : INTEGER
    1, -- _8 : INTEGER
    12, -- _9 : INTEGER
    1, -- _10 : INTEGER
    0, -- _11 : INTEGER
    0, -- _12 : INTEGER
    0, -- _13 : INTEGER
    0, -- _14 : INTEGER
    0, -- _15 : INTEGER
    '4.1.17', -- _16 : STRING
    'hrm::hr_datatypes' -- _17 : STRING
);
INSERT INTO GD_MD VALUES (
    "8458b4a8-d1ae-46e5-8dd3-03126e082c37", -- _0 : UNIQUE_ID
    112, -- _1 : INTEGER
    "c26641d6-6bfe-4fa5-b78d-533f6fb8d396", -- _2 : UNIQUE_ID
    108, -- _3 : INTEGER
    0, -- _4 : INTEGER
    0, -- _5 : INTEGER
    1, -- _6 : INTEGER
    1, -- _7 : INTEGER
    1, -- _8 : INTEGER
    12, -- _9 : INTEGER
    1, -- _10 : INTEGER
    0, -- _11 : INTEGER
    0, -- _12 : INTEGER
    200, -- _13 : INTEGER
    150, -- _14 : INTEGER
    0, -- _15 : INTEGER
    '', -- _16 : STRING
    'hrm::hrm' -- _17 : STRING
);
INSERT INTO GD_MD VALUES (
    "ee86ddd2-4d3a-47ec-8131-c5225c1bb12b", -- _0 : UNIQUE_ID
    111, -- _1 : INTEGER
    "8e4782c3-9567-4154-87b3-67069634e7a5", -- _2 : UNIQUE_ID
    98, -- _3 : INTEGER
    0, -- _4 : INTEGER
    0, -- _5 : INTEGER
    1, -- _6 : INTEGER
    1, -- _7 : INTEGER
    1, -- _8 : INTEGER
    12, -- _9 : INTEGER
    1, -- _10 : INTEGER
    0, -- _11 : INTEGER
    0, -- _12 : INTEGER
    200, -- _13 : INTEGER
    150, -- _14 : INTEGER
    0, -- _15 : INTEGER
    '4.1.17', -- _16 : STRING
    'hrm::hrm::hr' -- _17 : STRING
);
INSERT INTO GD_MD VALUES (
    "99029f38-611e-4958-a86d-3e9e4ee3f7fc", -- _0 : UNIQUE_ID
    112, -- _1 : INTEGER
    "fdd8efa1-97d4-4adc-a67d-1fb0bd49373b", -- _2 : UNIQUE_ID
    108, -- _3 : INTEGER
    0, -- _4 : INTEGER
    0, -- _5 : INTEGER
    1, -- _6 : INTEGER
    1, -- _7 : INTEGER
    1, -- _8 : INTEGER
    12, -- _9 : INTEGER
    1, -- _10 : INTEGER
    0, -- _11 : INTEGER
    0, -- _12 : INTEGER
    200, -- _13 : INTEGER
    150, -- _14 : INTEGER
    0, -- _15 : INTEGER
    '4.1.17', -- _16 : STRING
    'hrm::hrm::hr::main' -- _17 : STRING
);
INSERT INTO GD_MD VALUES (
    "704fdc3f-4d4e-4da3-b3b7-7544b6f5fab6", -- _0 : UNIQUE_ID
    8, -- _1 : INTEGER
    "7b5f90bd-656f-4bc9-83bf-771ed45973b0", -- _2 : UNIQUE_ID
    40, -- _3 : INTEGER
    0, -- _4 : INTEGER
    0, -- _5 : INTEGER
    1, -- _6 : INTEGER
    1, -- _7 : INTEGER
    1, -- _8 : INTEGER
    12, -- _9 : INTEGER
    1, -- _10 : INTEGER
    0, -- _11 : INTEGER
    0, -- _12 : INTEGER
    0, -- _13 : INTEGER
    0, -- _14 : INTEGER
    0, -- _15 : INTEGER
    '4.1.17', -- _16 : STRING
    'hrm::hrm::hr::main::Employee::Instance State Machine' -- _17 : STRING
);
INSERT INTO GD_MD VALUES (
    "d2c8956e-9205-4462-9c1a-506047c0b912", -- _0 : UNIQUE_ID
    108, -- _1 : INTEGER
    "ccdb2e52-76fc-4422-936f-a0239fd9d106", -- _2 : UNIQUE_ID
    92, -- _3 : INTEGER
    0, -- _4 : INTEGER
    0, -- _5 : INTEGER
    1, -- _6 : INTEGER
    1, -- _7 : INTEGER
    1, -- _8 : INTEGER
    12, -- _9 : INTEGER
    1, -- _10 : INTEGER
    0, -- _11 : INTEGER
    0, -- _12 : INTEGER
    200, -- _13 : INTEGER
    150, -- _14 : INTEGER
    0, -- _15 : INTEGER
    '', -- _16 : STRING
    'hrm' -- _17 : STRING
);
INSERT INTO GD_MD VALUES (
    "46a50ca9-1f9d-4de6-88c7-b09ee7ee7391", -- _0 : UNIQUE_ID
    112, -- _1 : INTEGER
    "cabf7045-c6ff-41a5-afe9-032eec941581", -- _2 : UNIQUE_ID
    108, -- _3 : INTEGER
    0, -- _4 : INTEGER
    0, -- _5 : INTEGER
    1, -- _6 : INTEGER
    1, -- _7 : INTEGER
    1, -- _8 : INTEGER
    12, -- _9 : INTEGER
    1, -- _10 : INTEGER
    0, -- _11 : INTEGER
    0, -- _12 : INTEGER
    0, -- _13 : INTEGER
    0, -- _14 : INTEGER
    0, -- _15 : INTEGER
    '', -- _16 : STRING
    'HRUI::UI::UI::UI' -- _17 : STRING
);
INSERT INTO GD_MD VALUES (
    "41125cbf-38a6-44de-a9ab-3fa10c459399", -- _0 : UNIQUE_ID
    111, -- _1 : INTEGER
    "d81dc79e-6692-4a39-b6d9-f5fc0b765726", -- _2 : UNIQUE_ID
    98, -- _3 : INTEGER
    0, -- _4 : INTEGER
    0, -- _5 : INTEGER
    1, -- _6 : INTEGER
    1, -- _7 : INTEGER
    1, -- _8 : INTEGER
    12, -- _9 : INTEGER
    1, -- _10 : INTEGER
    0, -- _11 : INTEGER
    0, -- _12 : INTEGER
    200, -- _13 : INTEGER
    150, -- _14 : INTEGER
    0, -- _15 : INTEGER
    '4.1.17', -- _16 : STRING
    'HRUI::UI::UI' -- _17 : STRING
);
INSERT INTO GD_MD VALUES (
    "d6bffb76-b36d-41e2-9be7-8aff2f37cd03", -- _0 : UNIQUE_ID
    112, -- _1 : INTEGER
    "941213f0-4346-48d9-89fe-196761630487", -- _2 : UNIQUE_ID
    108, -- _3 : INTEGER
    0, -- _4 : INTEGER
    0, -- _5 : INTEGER
    1, -- _6 : INTEGER
    1, -- _7 : INTEGER
    1, -- _8 : INTEGER
    12, -- _9 : INTEGER
    1, -- _10 : INTEGER
    0, -- _11 : INTEGER
    0, -- _12 : INTEGER
    200, -- _13 : INTEGER
    150, -- _14 : INTEGER
    0, -- _15 : INTEGER
    '', -- _16 : STRING
    'HRUI::UI::Shared' -- _17 : STRING
);
INSERT INTO GD_MD VALUES (
    "71b186b2-dcea-423f-839e-9b6a25f3e5b2", -- _0 : UNIQUE_ID
    112, -- _1 : INTEGER
    "2ac1b93e-087c-4999-856e-c988c703dec6", -- _2 : UNIQUE_ID
    108, -- _3 : INTEGER
    0, -- _4 : INTEGER
    0, -- _5 : INTEGER
    1, -- _6 : INTEGER
    1, -- _7 : INTEGER
    1, -- _8 : INTEGER
    12, -- _9 : INTEGER
    1, -- _10 : INTEGER
    0, -- _11 : INTEGER
    0, -- _12 : INTEGER
    200, -- _13 : INTEGER
    150, -- _14 : INTEGER
    0, -- _15 : INTEGER
    '', -- _16 : STRING
    'HRUI::UI' -- _17 : STRING
);
INSERT INTO GD_MD VALUES (
    "1a44f04b-948a-4e43-9b12-e4439172ae27", -- _0 : UNIQUE_ID
    108, -- _1 : INTEGER
    "46564f98-385d-43d9-876a-ca551a77e802", -- _2 : UNIQUE_ID
    92, -- _3 : INTEGER
    0, -- _4 : INTEGER
    0, -- _5 : INTEGER
    1, -- _6 : INTEGER
    1, -- _7 : INTEGER
    1, -- _8 : INTEGER
    12, -- _9 : INTEGER
    1, -- _10 : INTEGER
    0, -- _11 : INTEGER
    0, -- _12 : INTEGER
    200, -- _13 : INTEGER
    150, -- _14 : INTEGER
    0, -- _15 : INTEGER
    '', -- _16 : STRING
    'HRUI' -- _17 : STRING
);
INSERT INTO GD_MD VALUES (
    "e16f3bab-481a-46b0-8b83-4541aeed00e9", -- _0 : UNIQUE_ID
    108, -- _1 : INTEGER
    "a31b98b3-80c6-4eea-80cb-d84755441c10", -- _2 : UNIQUE_ID
    92, -- _3 : INTEGER
    0, -- _4 : INTEGER
    0, -- _5 : INTEGER
    1, -- _6 : INTEGER
    1, -- _7 : INTEGER
    1, -- _8 : INTEGER
    12, -- _9 : INTEGER
    1, -- _10 : INTEGER
    0, -- _11 : INTEGER
    0, -- _12 : INTEGER
    200, -- _13 : INTEGER
    150, -- _14 : INTEGER
    0, -- _15 : INTEGER
    '', -- _16 : STRING
    'HRsystem' -- _17 : STRING
);
INSERT INTO GD_MD VALUES (
    "fdf02ff5-476f-4d4e-8467-c6902cdf72f0", -- _0 : UNIQUE_ID
    112, -- _1 : INTEGER
    "b4605ab7-f9f1-4427-9a8b-300116f87fe6", -- _2 : UNIQUE_ID
    108, -- _3 : INTEGER
    0, -- _4 : INTEGER
    0, -- _5 : INTEGER
    1, -- _6 : INTEGER
    1, -- _7 : INTEGER
    1, -- _8 : INTEGER
    12, -- _9 : INTEGER
    1, -- _10 : INTEGER
    0, -- _11 : INTEGER
    0, -- _12 : INTEGER
    0, -- _13 : INTEGER
    0, -- _14 : INTEGER
    0, -- _15 : INTEGER
    '4.1.17', -- _16 : STRING
    'HRsystem::HRsystem' -- _17 : STRING
);
INSERT INTO GD_GE VALUES (
    "47e73ee7-a7e4-4834-ab20-8dbe8067b245", -- _0 : UNIQUE_ID
    "2f6a7c9c-29f6-4d07-bc99-3518dd2d5fa1", -- _1 : UNIQUE_ID
    "4525dfcd-89bc-4810-bceb-c727b8c25e05", -- _2 : UNIQUE_ID
    12, -- _3 : INTEGER
    0, -- _4 : INTEGER
    'runtime::io.ciera.runtime.instanceloading.generic.util::Load' -- _5 : STRING
);
INSERT INTO GD_GE VALUES (
    "2a79e99f-8d48-4840-a9af-963c816e64cf", -- _0 : UNIQUE_ID
    "c583e9a1-e3ff-44b5-9b35-322ca643e77c", -- _1 : UNIQUE_ID
    "3c9187e2-faac-4b05-986d-04c751e1632b", -- _2 : UNIQUE_ID
    12, -- _3 : INTEGER
    0, -- _4 : INTEGER
    'runtime::io.ciera.runtime.instanceloading.sql.util::SQL' -- _5 : STRING
);
INSERT INTO GD_GE VALUES (
    "b338d10f-5ead-401b-a7be-1593614ec0df", -- _0 : UNIQUE_ID
    "aad0165c-b18e-4b9c-a99d-445fb7a93215", -- _1 : UNIQUE_ID
    "63980537-a12c-49e3-a1f9-8bd1a2489218", -- _2 : UNIQUE_ID
    108, -- _3 : INTEGER
    0, -- _4 : INTEGER
    'runtime::io.ciera.runtime.summit.util' -- _5 : STRING
);
INSERT INTO GD_GE VALUES (
    "0f471f9f-a938-4191-a624-af30b406b49a", -- _0 : UNIQUE_ID
    "aad0165c-b18e-4b9c-a99d-445fb7a93215", -- _1 : UNIQUE_ID
    "78fb3e55-9840-4511-a824-62393e628058", -- _2 : UNIQUE_ID
    108, -- _3 : INTEGER
    0, -- _4 : INTEGER
    'runtime::io.ciera.runtime.instanceloading.sql.util' -- _5 : STRING
);
INSERT INTO GD_GE VALUES (
    "9bbac918-642f-4bf0-9460-5e8fcaed8580", -- _0 : UNIQUE_ID
    "aad0165c-b18e-4b9c-a99d-445fb7a93215", -- _1 : UNIQUE_ID
    "1df09104-1fdb-48ee-9ae7-06cc055c5770", -- _2 : UNIQUE_ID
    108, -- _3 : INTEGER
    0, -- _4 : INTEGER
    'runtime::io.ciera.runtime.template.util' -- _5 : STRING
);
INSERT INTO GD_GE VALUES (
    "99f0c301-009f-4de1-8719-28c038e63959", -- _0 : UNIQUE_ID
    "aad0165c-b18e-4b9c-a99d-445fb7a93215", -- _1 : UNIQUE_ID
    "ddbd5fec-558a-4967-bd11-9b09a6c6c428", -- _2 : UNIQUE_ID
    108, -- _3 : INTEGER
    0, -- _4 : INTEGER
    'runtime::io.ciera.runtime.instanceloading.dynamodb.util' -- _5 : STRING
);
INSERT INTO GD_GE VALUES (
    "6d2f1dfa-1460-4d30-9c6d-27930f9432d6", -- _0 : UNIQUE_ID
    "aad0165c-b18e-4b9c-a99d-445fb7a93215", -- _1 : UNIQUE_ID
    "12c213af-4b2d-4e49-890c-453aa4660620", -- _2 : UNIQUE_ID
    108, -- _3 : INTEGER
    0, -- _4 : INTEGER
    'runtime::io.ciera.runtime.instanceloading.generic.util' -- _5 : STRING
);
INSERT INTO GD_GE VALUES (
    "aa81864f-4650-4fac-a858-94602d7f45e1", -- _0 : UNIQUE_ID
    "5d4f79b5-79fc-4c52-b971-fa73cdd5585e", -- _1 : UNIQUE_ID
    "d6db4b3d-c6a5-400a-92b9-6a391237afbb", -- _2 : UNIQUE_ID
    12, -- _3 : INTEGER
    0, -- _4 : INTEGER
    'runtime::io.ciera.runtime.template.util::templating' -- _5 : STRING
);
INSERT INTO GD_GE VALUES (
    "cd19f362-e320-4e99-9086-14abdeed993e", -- _0 : UNIQUE_ID
    "59c17cd3-57f0-44ba-80bc-4fd79c863941", -- _1 : UNIQUE_ID
    "c03ccce5-cb73-48ca-b676-b00270c95839", -- _2 : UNIQUE_ID
    12, -- _3 : INTEGER
    0, -- _4 : INTEGER
    'runtime::io.ciera.runtime.instanceloading.dynamodb.util::DynamoDB' -- _5 : STRING
);
INSERT INTO GD_GE VALUES (
    "02184012-d96b-4d11-b529-6c6ad43a4969", -- _0 : UNIQUE_ID
    "192d2bad-eea3-4a0b-8334-4b7934242c6b", -- _1 : UNIQUE_ID
    "168b328b-2af0-412b-bbf5-7e71f1fea433", -- _2 : UNIQUE_ID
    51, -- _3 : INTEGER
    0, -- _4 : INTEGER
    'hrm::hr_datatypes::Employees' -- _5 : STRING
);
INSERT INTO GD_GE VALUES (
    "75315f47-767f-4cf5-9e10-41a01d18c3b6", -- _0 : UNIQUE_ID
    "192d2bad-eea3-4a0b-8334-4b7934242c6b", -- _1 : UNIQUE_ID
    "0d542083-4531-45d6-8411-30f81c92d642", -- _2 : UNIQUE_ID
    101, -- _3 : INTEGER
    0, -- _4 : INTEGER
    'hrm::hr_datatypes::structureData' -- _5 : STRING
);
INSERT INTO GD_GE VALUES (
    "f5739c23-9126-43ad-9a1b-0f37c7e1dd94", -- _0 : UNIQUE_ID
    "8458b4a8-d1ae-46e5-8dd3-03126e082c37", -- _1 : UNIQUE_ID
    "8e4782c3-9567-4154-87b3-67069634e7a5", -- _2 : UNIQUE_ID
    98, -- _3 : INTEGER
    0, -- _4 : INTEGER
    'hrm::hrm::hr' -- _5 : STRING
);
INSERT INTO GD_GE VALUES (
    "b7208601-6c1d-4a70-9874-af630427b85c", -- _0 : UNIQUE_ID
    "8458b4a8-d1ae-46e5-8dd3-03126e082c37", -- _1 : UNIQUE_ID
    "e211a314-f4cf-4d96-ab5d-86594500f9c9", -- _2 : UNIQUE_ID
    94, -- _3 : INTEGER
    0, -- _4 : INTEGER
    'hrm::hrm::hr::UI::EP' -- _5 : STRING
);
INSERT INTO GD_GE VALUES (
    "26ab6a35-97f1-49d5-ae78-5b9e619b0c16", -- _0 : UNIQUE_ID
    "ee86ddd2-4d3a-47ec-8131-c5225c1bb12b", -- _1 : UNIQUE_ID
    "8e4782c3-9567-4154-87b3-67069634e7a5", -- _2 : UNIQUE_ID
    103, -- _3 : INTEGER
    0, -- _4 : INTEGER
    'hrm::hrm::hr' -- _5 : STRING
);
INSERT INTO GD_GE VALUES (
    "909ab02b-31c7-429f-b99a-d940860bd6d2", -- _0 : UNIQUE_ID
    "ee86ddd2-4d3a-47ec-8131-c5225c1bb12b", -- _1 : UNIQUE_ID
    "fdd8efa1-97d4-4adc-a67d-1fb0bd49373b", -- _2 : UNIQUE_ID
    108, -- _3 : INTEGER
    0, -- _4 : INTEGER
    'hrm::hrm::hr::main' -- _5 : STRING
);
INSERT INTO GD_GE VALUES (
    "b982d6cf-9550-416f-8b35-312dcfff4b27", -- _0 : UNIQUE_ID
    "ee86ddd2-4d3a-47ec-8131-c5225c1bb12b", -- _1 : UNIQUE_ID
    "e211a314-f4cf-4d96-ab5d-86594500f9c9", -- _2 : UNIQUE_ID
    94, -- _3 : INTEGER
    0, -- _4 : INTEGER
    'hrm::hrm::hr::UI::EP' -- _5 : STRING
);
INSERT INTO GD_GE VALUES (
    "ed420ffb-23fe-4148-864b-a72d054bd0af", -- _0 : UNIQUE_ID
    "99029f38-611e-4958-a86d-3e9e4ee3f7fc", -- _1 : UNIQUE_ID
    "d8528470-976c-421b-a087-1201ac24302f", -- _2 : UNIQUE_ID
    21, -- _3 : INTEGER
    0, -- _4 : INTEGER
    'hrm::hrm::hr::main::Employee' -- _5 : STRING
);
INSERT INTO GD_GE VALUES (
    "cc06369f-91cf-4f2e-a482-03645919fd13", -- _0 : UNIQUE_ID
    "99029f38-611e-4958-a86d-3e9e4ee3f7fc", -- _1 : UNIQUE_ID
    "51cda5d8-b9fa-4471-8c71-5014f092a96c", -- _2 : UNIQUE_ID
    51, -- _3 : INTEGER
    0, -- _4 : INTEGER
    'hrm::hrm::hr::main::Employees' -- _5 : STRING
);
INSERT INTO GD_GE VALUES (
    "35340b72-a698-43a9-950c-8ff984a45719", -- _0 : UNIQUE_ID
    "704fdc3f-4d4e-4da3-b3b7-7544b6f5fab6", -- _1 : UNIQUE_ID
    "d5537fcc-bc55-4cfb-8675-25a46ab91a01", -- _2 : UNIQUE_ID
    41, -- _3 : INTEGER
    0, -- _4 : INTEGER
    'hrm::hrm::hr::main::Employee::Instance State Machine::Recruited' -- _5 : STRING
);
INSERT INTO GD_GE VALUES (
    "08d89651-9bdd-4e26-b02a-e04f7b6e5cf9", -- _0 : UNIQUE_ID
    "704fdc3f-4d4e-4da3-b3b7-7544b6f5fab6", -- _1 : UNIQUE_ID
    "292e5e93-2492-4c50-a140-f80cba136b89", -- _2 : UNIQUE_ID
    49, -- _3 : INTEGER
    0, -- _4 : INTEGER
    'Employee1: newEmployeeRcvd(FName, National_ID, Birth_Date, LName)' -- _5 : STRING
);
INSERT INTO GD_GE VALUES (
    "5a08134b-a95f-4abb-aa2d-4518a032e798", -- _0 : UNIQUE_ID
    "704fdc3f-4d4e-4da3-b3b7-7544b6f5fab6", -- _1 : UNIQUE_ID
    "7c656ab4-0ad9-4212-b7de-2ffb50ca75b4", -- _2 : UNIQUE_ID
    41, -- _3 : INTEGER
    0, -- _4 : INTEGER
    'hrm::hrm::hr::main::Employee::Instance State Machine::Working' -- _5 : STRING
);
INSERT INTO GD_GE VALUES (
    "f84eae49-c82d-45b4-8c15-f2d7416b1878", -- _0 : UNIQUE_ID
    "704fdc3f-4d4e-4da3-b3b7-7544b6f5fab6", -- _1 : UNIQUE_ID
    "e2bf3f31-2233-4fb0-9b43-3748dd5ec034", -- _2 : UNIQUE_ID
    42, -- _3 : INTEGER
    0, -- _4 : INTEGER
    'hrm::hrm::hr::main::Employee::Instance State Machine::Recruited::Employee2: commencedRcvd' -- _5 : STRING
);
INSERT INTO GD_GE VALUES (
    "71c66339-3e2d-4499-8f00-c89dfd4dfc8c", -- _0 : UNIQUE_ID
    "d2c8956e-9205-4462-9c1a-506047c0b912", -- _1 : UNIQUE_ID
    "c26641d6-6bfe-4fa5-b78d-533f6fb8d396", -- _2 : UNIQUE_ID
    108, -- _3 : INTEGER
    0, -- _4 : INTEGER
    'hrm::hrm' -- _5 : STRING
);
INSERT INTO GD_GE VALUES (
    "440ae350-84b2-46a8-8c8a-2ec5bc3bc426", -- _0 : UNIQUE_ID
    "d2c8956e-9205-4462-9c1a-506047c0b912", -- _1 : UNIQUE_ID
    "27857a34-c690-49d3-a891-ae314dca5262", -- _2 : UNIQUE_ID
    108, -- _3 : INTEGER
    0, -- _4 : INTEGER
    'hrm::hr_datatypes' -- _5 : STRING
);
INSERT INTO GD_GE VALUES (
    "eddfd0d8-cb75-47d8-99ce-5cdb9e99e5a1", -- _0 : UNIQUE_ID
    "41125cbf-38a6-44de-a9ab-3fa10c459399", -- _1 : UNIQUE_ID
    "d81dc79e-6692-4a39-b6d9-f5fc0b765726", -- _2 : UNIQUE_ID
    103, -- _3 : INTEGER
    0, -- _4 : INTEGER
    'HRUI::UI::UI' -- _5 : STRING
);
INSERT INTO GD_GE VALUES (
    "bb11508d-4888-4ca5-a0a8-c353cfcf0e3f", -- _0 : UNIQUE_ID
    "41125cbf-38a6-44de-a9ab-3fa10c459399", -- _1 : UNIQUE_ID
    "cabf7045-c6ff-41a5-afe9-032eec941581", -- _2 : UNIQUE_ID
    108, -- _3 : INTEGER
    0, -- _4 : INTEGER
    'HRUI::UI::UI::UI' -- _5 : STRING
);
INSERT INTO GD_GE VALUES (
    "432cc52d-be9e-4ae8-95dc-458429c448f9", -- _0 : UNIQUE_ID
    "41125cbf-38a6-44de-a9ab-3fa10c459399", -- _1 : UNIQUE_ID
    "3c565891-207b-4f8f-906f-7a28c50fa9aa", -- _2 : UNIQUE_ID
    93, -- _3 : INTEGER
    0, -- _4 : INTEGER
    'HRUI::UI::UI::App::EP' -- _5 : STRING
);
INSERT INTO GD_GE VALUES (
    "927331ad-d65e-4e2c-8275-799133855e3a", -- _0 : UNIQUE_ID
    "d6bffb76-b36d-41e2-9be7-8aff2f37cd03", -- _1 : UNIQUE_ID
    "102214df-1d03-428f-9eb8-5c5ce18bfdae", -- _2 : UNIQUE_ID
    96, -- _3 : INTEGER
    0, -- _4 : INTEGER
    'HRUI::UI::Shared::EP' -- _5 : STRING
);
INSERT INTO GD_GE VALUES (
    "f4b5fb62-5881-41fe-a7aa-362c0a83fbaf", -- _0 : UNIQUE_ID
    "71b186b2-dcea-423f-839e-9b6a25f3e5b2", -- _1 : UNIQUE_ID
    "d81dc79e-6692-4a39-b6d9-f5fc0b765726", -- _2 : UNIQUE_ID
    98, -- _3 : INTEGER
    0, -- _4 : INTEGER
    'HRUI::UI::UI' -- _5 : STRING
);
INSERT INTO GD_GE VALUES (
    "e43671e1-17ed-4f7e-8d09-750416b4fc30", -- _0 : UNIQUE_ID
    "71b186b2-dcea-423f-839e-9b6a25f3e5b2", -- _1 : UNIQUE_ID
    "941213f0-4346-48d9-89fe-196761630487", -- _2 : UNIQUE_ID
    108, -- _3 : INTEGER
    0, -- _4 : INTEGER
    'HRUI::UI::Shared' -- _5 : STRING
);
INSERT INTO GD_GE VALUES (
    "c36dcfd8-6128-4ea6-8ada-504c4809dfa0", -- _0 : UNIQUE_ID
    "71b186b2-dcea-423f-839e-9b6a25f3e5b2", -- _1 : UNIQUE_ID
    "3c565891-207b-4f8f-906f-7a28c50fa9aa", -- _2 : UNIQUE_ID
    93, -- _3 : INTEGER
    0, -- _4 : INTEGER
    'HRUI::UI::UI::App::EP' -- _5 : STRING
);
INSERT INTO GD_GE VALUES (
    "e857f929-02d5-44f6-8679-6e70b8701630", -- _0 : UNIQUE_ID
    "1a44f04b-948a-4e43-9b12-e4439172ae27", -- _1 : UNIQUE_ID
    "2ac1b93e-087c-4999-856e-c988c703dec6", -- _2 : UNIQUE_ID
    108, -- _3 : INTEGER
    0, -- _4 : INTEGER
    'HRUI::UIHR' -- _5 : STRING
);
INSERT INTO GD_GE VALUES (
    "f0c15f86-db3b-40f5-889a-dff0c21c156f", -- _0 : UNIQUE_ID
    "e16f3bab-481a-46b0-8b83-4541aeed00e9", -- _1 : UNIQUE_ID
    "b4605ab7-f9f1-4427-9a8b-300116f87fe6", -- _2 : UNIQUE_ID
    108, -- _3 : INTEGER
    0, -- _4 : INTEGER
    'HRsystem::HRsystem' -- _5 : STRING
);
INSERT INTO GD_GE VALUES (
    "92ffb006-7e74-497e-b004-9458a6871f92", -- _0 : UNIQUE_ID
    "fdf02ff5-476f-4d4e-8467-c6902cdf72f0", -- _1 : UNIQUE_ID
    "6aa4e315-9e4a-4187-afb6-075a37702da7", -- _2 : UNIQUE_ID
    100, -- _3 : INTEGER
    0, -- _4 : INTEGER
    'HRsystem::HRsystem::dhrm::hrm::hr' -- _5 : STRING
);
INSERT INTO GD_GE VALUES (
    "adabfe16-42c0-4cd5-b08c-ee19f02b4594", -- _0 : UNIQUE_ID
    "fdf02ff5-476f-4d4e-8467-c6902cdf72f0", -- _1 : UNIQUE_ID
    "61527127-c692-4baf-8c6a-7b3bd54f8db3", -- _2 : UNIQUE_ID
    100, -- _3 : INTEGER
    0, -- _4 : INTEGER
    'HRsystem::HRsystem::UIHR::UIHR::UI' -- _5 : STRING
);
INSERT INTO GD_GE VALUES (
    "eebc4a6a-cf5b-452d-a523-b9536407fb18", -- _0 : UNIQUE_ID
    "fdf02ff5-476f-4d4e-8467-c6902cdf72f0", -- _1 : UNIQUE_ID
    "0d0011e5-9d08-4213-96c8-a4130d610109", -- _2 : UNIQUE_ID
    105, -- _3 : INTEGER
    0, -- _4 : INTEGER
    'HRsystem::HRsystem::dhrm::hrm::hr::UI::EP' -- _5 : STRING
);
INSERT INTO GD_GE VALUES (
    "c3a89d2e-fa90-4439-8ce1-f2f3990190fe", -- _0 : UNIQUE_ID
    "fdf02ff5-476f-4d4e-8467-c6902cdf72f0", -- _1 : UNIQUE_ID
    "451e40ae-b2bc-4182-972d-e7cd49ffef97", -- _2 : UNIQUE_ID
    106, -- _3 : INTEGER
    0, -- _4 : INTEGER
    'HRsystem::HRsystem::UIHR::UIHR::UI::App::EP' -- _5 : STRING
);
INSERT INTO GD_SHP VALUES (
    "47e73ee7-a7e4-4834-ab20-8dbe8067b245" -- _0 : UNIQUE_ID
);
INSERT INTO GD_SHP VALUES (
    "2a79e99f-8d48-4840-a9af-963c816e64cf" -- _0 : UNIQUE_ID
);
INSERT INTO GD_SHP VALUES (
    "b338d10f-5ead-401b-a7be-1593614ec0df" -- _0 : UNIQUE_ID
);
INSERT INTO GD_SHP VALUES (
    "0f471f9f-a938-4191-a624-af30b406b49a" -- _0 : UNIQUE_ID
);
INSERT INTO GD_SHP VALUES (
    "9bbac918-642f-4bf0-9460-5e8fcaed8580" -- _0 : UNIQUE_ID
);
INSERT INTO GD_SHP VALUES (
    "99f0c301-009f-4de1-8719-28c038e63959" -- _0 : UNIQUE_ID
);
INSERT INTO GD_SHP VALUES (
    "6d2f1dfa-1460-4d30-9c6d-27930f9432d6" -- _0 : UNIQUE_ID
);
INSERT INTO GD_SHP VALUES (
    "aa81864f-4650-4fac-a858-94602d7f45e1" -- _0 : UNIQUE_ID
);
INSERT INTO GD_SHP VALUES (
    "cd19f362-e320-4e99-9086-14abdeed993e" -- _0 : UNIQUE_ID
);
INSERT INTO GD_SHP VALUES (
    "02184012-d96b-4d11-b529-6c6ad43a4969" -- _0 : UNIQUE_ID
);
INSERT INTO GD_SHP VALUES (
    "75315f47-767f-4cf5-9e10-41a01d18c3b6" -- _0 : UNIQUE_ID
);
INSERT INTO GD_SHP VALUES (
    "f5739c23-9126-43ad-9a1b-0f37c7e1dd94" -- _0 : UNIQUE_ID
);
INSERT INTO GD_SHP VALUES (
    "26ab6a35-97f1-49d5-ae78-5b9e619b0c16" -- _0 : UNIQUE_ID
);
INSERT INTO GD_SHP VALUES (
    "909ab02b-31c7-429f-b99a-d940860bd6d2" -- _0 : UNIQUE_ID
);
INSERT INTO GD_SHP VALUES (
    "ed420ffb-23fe-4148-864b-a72d054bd0af" -- _0 : UNIQUE_ID
);
INSERT INTO GD_SHP VALUES (
    "cc06369f-91cf-4f2e-a482-03645919fd13" -- _0 : UNIQUE_ID
);
INSERT INTO GD_SHP VALUES (
    "35340b72-a698-43a9-950c-8ff984a45719" -- _0 : UNIQUE_ID
);
INSERT INTO GD_SHP VALUES (
    "5a08134b-a95f-4abb-aa2d-4518a032e798" -- _0 : UNIQUE_ID
);
INSERT INTO GD_SHP VALUES (
    "71c66339-3e2d-4499-8f00-c89dfd4dfc8c" -- _0 : UNIQUE_ID
);
INSERT INTO GD_SHP VALUES (
    "440ae350-84b2-46a8-8c8a-2ec5bc3bc426" -- _0 : UNIQUE_ID
);
INSERT INTO GD_SHP VALUES (
    "eddfd0d8-cb75-47d8-99ce-5cdb9e99e5a1" -- _0 : UNIQUE_ID
);
INSERT INTO GD_SHP VALUES (
    "bb11508d-4888-4ca5-a0a8-c353cfcf0e3f" -- _0 : UNIQUE_ID
);
INSERT INTO GD_SHP VALUES (
    "927331ad-d65e-4e2c-8275-799133855e3a" -- _0 : UNIQUE_ID
);
INSERT INTO GD_SHP VALUES (
    "f4b5fb62-5881-41fe-a7aa-362c0a83fbaf" -- _0 : UNIQUE_ID
);
INSERT INTO GD_SHP VALUES (
    "e43671e1-17ed-4f7e-8d09-750416b4fc30" -- _0 : UNIQUE_ID
);
INSERT INTO GD_SHP VALUES (
    "e857f929-02d5-44f6-8679-6e70b8701630" -- _0 : UNIQUE_ID
);
INSERT INTO GD_SHP VALUES (
    "f0c15f86-db3b-40f5-889a-dff0c21c156f" -- _0 : UNIQUE_ID
);
INSERT INTO GD_SHP VALUES (
    "92ffb006-7e74-497e-b004-9458a6871f92" -- _0 : UNIQUE_ID
);
INSERT INTO GD_SHP VALUES (
    "adabfe16-42c0-4cd5-b08c-ee19f02b4594" -- _0 : UNIQUE_ID
);
INSERT INTO GD_NCS VALUES (
    "47e73ee7-a7e4-4834-ab20-8dbe8067b245" -- _0 : UNIQUE_ID
);
INSERT INTO GD_NCS VALUES (
    "2a79e99f-8d48-4840-a9af-963c816e64cf" -- _0 : UNIQUE_ID
);
INSERT INTO GD_NCS VALUES (
    "b338d10f-5ead-401b-a7be-1593614ec0df" -- _0 : UNIQUE_ID
);
INSERT INTO GD_NCS VALUES (
    "0f471f9f-a938-4191-a624-af30b406b49a" -- _0 : UNIQUE_ID
);
INSERT INTO GD_NCS VALUES (
    "9bbac918-642f-4bf0-9460-5e8fcaed8580" -- _0 : UNIQUE_ID
);
INSERT INTO GD_NCS VALUES (
    "99f0c301-009f-4de1-8719-28c038e63959" -- _0 : UNIQUE_ID
);
INSERT INTO GD_NCS VALUES (
    "6d2f1dfa-1460-4d30-9c6d-27930f9432d6" -- _0 : UNIQUE_ID
);
INSERT INTO GD_NCS VALUES (
    "aa81864f-4650-4fac-a858-94602d7f45e1" -- _0 : UNIQUE_ID
);
INSERT INTO GD_NCS VALUES (
    "cd19f362-e320-4e99-9086-14abdeed993e" -- _0 : UNIQUE_ID
);
INSERT INTO GD_NCS VALUES (
    "02184012-d96b-4d11-b529-6c6ad43a4969" -- _0 : UNIQUE_ID
);
INSERT INTO GD_NCS VALUES (
    "75315f47-767f-4cf5-9e10-41a01d18c3b6" -- _0 : UNIQUE_ID
);
INSERT INTO GD_NCS VALUES (
    "f5739c23-9126-43ad-9a1b-0f37c7e1dd94" -- _0 : UNIQUE_ID
);
INSERT INTO GD_NCS VALUES (
    "909ab02b-31c7-429f-b99a-d940860bd6d2" -- _0 : UNIQUE_ID
);
INSERT INTO GD_NCS VALUES (
    "ed420ffb-23fe-4148-864b-a72d054bd0af" -- _0 : UNIQUE_ID
);
INSERT INTO GD_NCS VALUES (
    "cc06369f-91cf-4f2e-a482-03645919fd13" -- _0 : UNIQUE_ID
);
INSERT INTO GD_NCS VALUES (
    "35340b72-a698-43a9-950c-8ff984a45719" -- _0 : UNIQUE_ID
);
INSERT INTO GD_NCS VALUES (
    "5a08134b-a95f-4abb-aa2d-4518a032e798" -- _0 : UNIQUE_ID
);
INSERT INTO GD_NCS VALUES (
    "71c66339-3e2d-4499-8f00-c89dfd4dfc8c" -- _0 : UNIQUE_ID
);
INSERT INTO GD_NCS VALUES (
    "440ae350-84b2-46a8-8c8a-2ec5bc3bc426" -- _0 : UNIQUE_ID
);
INSERT INTO GD_NCS VALUES (
    "bb11508d-4888-4ca5-a0a8-c353cfcf0e3f" -- _0 : UNIQUE_ID
);
INSERT INTO GD_NCS VALUES (
    "927331ad-d65e-4e2c-8275-799133855e3a" -- _0 : UNIQUE_ID
);
INSERT INTO GD_NCS VALUES (
    "f4b5fb62-5881-41fe-a7aa-362c0a83fbaf" -- _0 : UNIQUE_ID
);
INSERT INTO GD_NCS VALUES (
    "e43671e1-17ed-4f7e-8d09-750416b4fc30" -- _0 : UNIQUE_ID
);
INSERT INTO GD_NCS VALUES (
    "e857f929-02d5-44f6-8679-6e70b8701630" -- _0 : UNIQUE_ID
);
INSERT INTO GD_NCS VALUES (
    "f0c15f86-db3b-40f5-889a-dff0c21c156f" -- _0 : UNIQUE_ID
);
INSERT INTO GD_NCS VALUES (
    "92ffb006-7e74-497e-b004-9458a6871f92" -- _0 : UNIQUE_ID
);
INSERT INTO GD_NCS VALUES (
    "adabfe16-42c0-4cd5-b08c-ee19f02b4594" -- _0 : UNIQUE_ID
);
INSERT INTO DIM_ND VALUES (
    200.000000, -- _0 : REAL
    150.000000, -- _1 : REAL
    "47e73ee7-a7e4-4834-ab20-8dbe8067b245" -- _2 : UNIQUE_ID
);
INSERT INTO DIM_ND VALUES (
    200.000000, -- _0 : REAL
    150.000000, -- _1 : REAL
    "2a79e99f-8d48-4840-a9af-963c816e64cf" -- _2 : UNIQUE_ID
);
INSERT INTO DIM_ND VALUES (
    200.000000, -- _0 : REAL
    150.000000, -- _1 : REAL
    "b338d10f-5ead-401b-a7be-1593614ec0df" -- _2 : UNIQUE_ID
);
INSERT INTO DIM_ND VALUES (
    200.000000, -- _0 : REAL
    150.000000, -- _1 : REAL
    "0f471f9f-a938-4191-a624-af30b406b49a" -- _2 : UNIQUE_ID
);
INSERT INTO DIM_ND VALUES (
    200.000000, -- _0 : REAL
    150.000000, -- _1 : REAL
    "9bbac918-642f-4bf0-9460-5e8fcaed8580" -- _2 : UNIQUE_ID
);
INSERT INTO DIM_ND VALUES (
    200.000000, -- _0 : REAL
    150.000000, -- _1 : REAL
    "99f0c301-009f-4de1-8719-28c038e63959" -- _2 : UNIQUE_ID
);
INSERT INTO DIM_ND VALUES (
    200.000000, -- _0 : REAL
    150.000000, -- _1 : REAL
    "6d2f1dfa-1460-4d30-9c6d-27930f9432d6" -- _2 : UNIQUE_ID
);
INSERT INTO DIM_ND VALUES (
    200.000000, -- _0 : REAL
    150.000000, -- _1 : REAL
    "aa81864f-4650-4fac-a858-94602d7f45e1" -- _2 : UNIQUE_ID
);
INSERT INTO DIM_ND VALUES (
    200.000000, -- _0 : REAL
    150.000000, -- _1 : REAL
    "cd19f362-e320-4e99-9086-14abdeed993e" -- _2 : UNIQUE_ID
);
INSERT INTO DIM_ND VALUES (
    204.000000, -- _0 : REAL
    144.000000, -- _1 : REAL
    "02184012-d96b-4d11-b529-6c6ad43a4969" -- _2 : UNIQUE_ID
);
INSERT INTO DIM_ND VALUES (
    204.000000, -- _0 : REAL
    144.000000, -- _1 : REAL
    "75315f47-767f-4cf5-9e10-41a01d18c3b6" -- _2 : UNIQUE_ID
);
INSERT INTO DIM_ND VALUES (
    200.000000, -- _0 : REAL
    150.000000, -- _1 : REAL
    "f5739c23-9126-43ad-9a1b-0f37c7e1dd94" -- _2 : UNIQUE_ID
);
INSERT INTO DIM_ND VALUES (
    0.000000, -- _0 : REAL
    0.000000, -- _1 : REAL
    "590f870e-b7ca-46f8-8500-ea6abcbb3010" -- _2 : UNIQUE_ID
);
INSERT INTO DIM_ND VALUES (
    0.000000, -- _0 : REAL
    0.000000, -- _1 : REAL
    "86402be8-bb4b-4376-a115-e699b0a52f11" -- _2 : UNIQUE_ID
);
INSERT INTO DIM_ND VALUES (
    0.000000, -- _0 : REAL
    0.000000, -- _1 : REAL
    "29676bb3-3870-4ca6-9e12-5289bcd5ae93" -- _2 : UNIQUE_ID
);
INSERT INTO DIM_ND VALUES (
    1032.000000, -- _0 : REAL
    800.000000, -- _1 : REAL
    "26ab6a35-97f1-49d5-ae78-5b9e619b0c16" -- _2 : UNIQUE_ID
);
INSERT INTO DIM_ND VALUES (
    200.000000, -- _0 : REAL
    150.000000, -- _1 : REAL
    "909ab02b-31c7-429f-b99a-d940860bd6d2" -- _2 : UNIQUE_ID
);
INSERT INTO DIM_ND VALUES (
    0.000000, -- _0 : REAL
    0.000000, -- _1 : REAL
    "dd27e626-43d7-4efd-a5c2-8d0834432a8c" -- _2 : UNIQUE_ID
);
INSERT INTO DIM_ND VALUES (
    0.000000, -- _0 : REAL
    0.000000, -- _1 : REAL
    "5d418687-f480-4153-b7b2-76bb769b9fc0" -- _2 : UNIQUE_ID
);
INSERT INTO DIM_ND VALUES (
    0.000000, -- _0 : REAL
    0.000000, -- _1 : REAL
    "efaa4664-7a69-4f7b-83fc-13965abcd008" -- _2 : UNIQUE_ID
);
INSERT INTO DIM_ND VALUES (
    200.000000, -- _0 : REAL
    150.000000, -- _1 : REAL
    "ed420ffb-23fe-4148-864b-a72d054bd0af" -- _2 : UNIQUE_ID
);
INSERT INTO DIM_ND VALUES (
    145.000000, -- _0 : REAL
    109.000000, -- _1 : REAL
    "cc06369f-91cf-4f2e-a482-03645919fd13" -- _2 : UNIQUE_ID
);
INSERT INTO DIM_ND VALUES (
    204.000000, -- _0 : REAL
    144.000000, -- _1 : REAL
    "35340b72-a698-43a9-950c-8ff984a45719" -- _2 : UNIQUE_ID
);
INSERT INTO DIM_ND VALUES (
    0.000000, -- _0 : REAL
    0.000000, -- _1 : REAL
    "657f63f8-e1d0-4a1e-abfb-6a9cfea8d373" -- _2 : UNIQUE_ID
);
INSERT INTO DIM_ND VALUES (
    0.000000, -- _0 : REAL
    0.000000, -- _1 : REAL
    "b9fdc610-f254-42f6-ae7f-4805a06e893c" -- _2 : UNIQUE_ID
);
INSERT INTO DIM_ND VALUES (
    0.000000, -- _0 : REAL
    0.000000, -- _1 : REAL
    "b8e0f031-4317-4598-b83f-046de471eeb7" -- _2 : UNIQUE_ID
);
INSERT INTO DIM_ND VALUES (
    204.000000, -- _0 : REAL
    144.000000, -- _1 : REAL
    "5a08134b-a95f-4abb-aa2d-4518a032e798" -- _2 : UNIQUE_ID
);
INSERT INTO DIM_ND VALUES (
    0.000000, -- _0 : REAL
    0.000000, -- _1 : REAL
    "b104e90c-22a4-4384-ae44-fa9fd90e0427" -- _2 : UNIQUE_ID
);
INSERT INTO DIM_ND VALUES (
    0.000000, -- _0 : REAL
    0.000000, -- _1 : REAL
    "32905cb4-f5ac-4f79-b6f5-2be5d4b5281f" -- _2 : UNIQUE_ID
);
INSERT INTO DIM_ND VALUES (
    0.000000, -- _0 : REAL
    0.000000, -- _1 : REAL
    "410044bf-19d9-45a8-b93f-69d0ee61b173" -- _2 : UNIQUE_ID
);
INSERT INTO DIM_ND VALUES (
    200.000000, -- _0 : REAL
    150.000000, -- _1 : REAL
    "71c66339-3e2d-4499-8f00-c89dfd4dfc8c" -- _2 : UNIQUE_ID
);
INSERT INTO DIM_ND VALUES (
    200.000000, -- _0 : REAL
    150.000000, -- _1 : REAL
    "440ae350-84b2-46a8-8c8a-2ec5bc3bc426" -- _2 : UNIQUE_ID
);
INSERT INTO DIM_ND VALUES (
    522.000000, -- _0 : REAL
    162.000000, -- _1 : REAL
    "eddfd0d8-cb75-47d8-99ce-5cdb9e99e5a1" -- _2 : UNIQUE_ID
);
INSERT INTO DIM_ND VALUES (
    200.000000, -- _0 : REAL
    150.000000, -- _1 : REAL
    "bb11508d-4888-4ca5-a0a8-c353cfcf0e3f" -- _2 : UNIQUE_ID
);
INSERT INTO DIM_ND VALUES (
    0.000000, -- _0 : REAL
    0.000000, -- _1 : REAL
    "8d496faf-0f8e-45af-8581-e81ee4bb69b1" -- _2 : UNIQUE_ID
);
INSERT INTO DIM_ND VALUES (
    0.000000, -- _0 : REAL
    0.000000, -- _1 : REAL
    "22e09dc6-f6a7-4be9-aecf-b6a614fd9b11" -- _2 : UNIQUE_ID
);
INSERT INTO DIM_ND VALUES (
    0.000000, -- _0 : REAL
    0.000000, -- _1 : REAL
    "2b6dbeea-9dc2-420f-9501-a507c9568a2c" -- _2 : UNIQUE_ID
);
INSERT INTO DIM_ND VALUES (
    200.000000, -- _0 : REAL
    150.000000, -- _1 : REAL
    "927331ad-d65e-4e2c-8275-799133855e3a" -- _2 : UNIQUE_ID
);
INSERT INTO DIM_ND VALUES (
    200.000000, -- _0 : REAL
    150.000000, -- _1 : REAL
    "f4b5fb62-5881-41fe-a7aa-362c0a83fbaf" -- _2 : UNIQUE_ID
);
INSERT INTO DIM_ND VALUES (
    200.000000, -- _0 : REAL
    150.000000, -- _1 : REAL
    "e43671e1-17ed-4f7e-8d09-750416b4fc30" -- _2 : UNIQUE_ID
);
INSERT INTO DIM_ND VALUES (
    0.000000, -- _0 : REAL
    0.000000, -- _1 : REAL
    "e0078476-c9af-443d-a1ed-8e1dbda2db02" -- _2 : UNIQUE_ID
);
INSERT INTO DIM_ND VALUES (
    0.000000, -- _0 : REAL
    0.000000, -- _1 : REAL
    "d00d3a6b-a2cb-4ddd-b4c9-6a9646574955" -- _2 : UNIQUE_ID
);
INSERT INTO DIM_ND VALUES (
    0.000000, -- _0 : REAL
    0.000000, -- _1 : REAL
    "c0df5eaf-b872-434c-becc-ca967e6b1904" -- _2 : UNIQUE_ID
);
INSERT INTO DIM_ND VALUES (
    200.000000, -- _0 : REAL
    150.000000, -- _1 : REAL
    "e857f929-02d5-44f6-8679-6e70b8701630" -- _2 : UNIQUE_ID
);
INSERT INTO DIM_ND VALUES (
    200.000000, -- _0 : REAL
    150.000000, -- _1 : REAL
    "f0c15f86-db3b-40f5-889a-dff0c21c156f" -- _2 : UNIQUE_ID
);
INSERT INTO DIM_ND VALUES (
    204.000000, -- _0 : REAL
    144.000000, -- _1 : REAL
    "92ffb006-7e74-497e-b004-9458a6871f92" -- _2 : UNIQUE_ID
);
INSERT INTO DIM_ND VALUES (
    204.000000, -- _0 : REAL
    144.000000, -- _1 : REAL
    "adabfe16-42c0-4cd5-b08c-ee19f02b4594" -- _2 : UNIQUE_ID
);
INSERT INTO DIM_ND VALUES (
    0.000000, -- _0 : REAL
    0.000000, -- _1 : REAL
    "594d4f9b-9f7e-4f37-bfe3-c6ca309b2716" -- _2 : UNIQUE_ID
);
INSERT INTO DIM_ND VALUES (
    0.000000, -- _0 : REAL
    0.000000, -- _1 : REAL
    "665b84fa-f37e-4d1d-92ab-956821094a11" -- _2 : UNIQUE_ID
);
INSERT INTO DIM_ND VALUES (
    0.000000, -- _0 : REAL
    0.000000, -- _1 : REAL
    "92685918-1ab6-4a74-986e-8393ba8bf6b5" -- _2 : UNIQUE_ID
);
INSERT INTO DIM_ND VALUES (
    0.000000, -- _0 : REAL
    0.000000, -- _1 : REAL
    "ce6d8f53-1a3a-4ac1-bbda-f29ac3475992" -- _2 : UNIQUE_ID
);
INSERT INTO DIM_ND VALUES (
    0.000000, -- _0 : REAL
    0.000000, -- _1 : REAL
    "246f54b4-7a6f-4630-8c44-3d9cdf95e495" -- _2 : UNIQUE_ID
);
INSERT INTO DIM_ND VALUES (
    0.000000, -- _0 : REAL
    0.000000, -- _1 : REAL
    "6e85febf-a3f2-4df7-8712-a171a4921fd0" -- _2 : UNIQUE_ID
);
INSERT INTO DIM_GE VALUES (
    0.000000, -- _0 : REAL
    0.000000, -- _1 : REAL
    "47e73ee7-a7e4-4834-ab20-8dbe8067b245", -- _2 : UNIQUE_ID
    "00000000-0000-0000-0000-000000000000" -- _3 : UNIQUE_ID
);
INSERT INTO DIM_GE VALUES (
    250.000000, -- _0 : REAL
    0.000000, -- _1 : REAL
    "2a79e99f-8d48-4840-a9af-963c816e64cf", -- _2 : UNIQUE_ID
    "00000000-0000-0000-0000-000000000000" -- _3 : UNIQUE_ID
);
INSERT INTO DIM_GE VALUES (
    250.000000, -- _0 : REAL
    0.000000, -- _1 : REAL
    "b338d10f-5ead-401b-a7be-1593614ec0df", -- _2 : UNIQUE_ID
    "00000000-0000-0000-0000-000000000000" -- _3 : UNIQUE_ID
);
INSERT INTO DIM_GE VALUES (
    0.000000, -- _0 : REAL
    0.000000, -- _1 : REAL
    "0f471f9f-a938-4191-a624-af30b406b49a", -- _2 : UNIQUE_ID
    "00000000-0000-0000-0000-000000000000" -- _3 : UNIQUE_ID
);
INSERT INTO DIM_GE VALUES (
    0.000000, -- _0 : REAL
    0.000000, -- _1 : REAL
    "9bbac918-642f-4bf0-9460-5e8fcaed8580", -- _2 : UNIQUE_ID
    "00000000-0000-0000-0000-000000000000" -- _3 : UNIQUE_ID
);
INSERT INTO DIM_GE VALUES (
    0.000000, -- _0 : REAL
    0.000000, -- _1 : REAL
    "99f0c301-009f-4de1-8719-28c038e63959", -- _2 : UNIQUE_ID
    "00000000-0000-0000-0000-000000000000" -- _3 : UNIQUE_ID
);
INSERT INTO DIM_GE VALUES (
    0.000000, -- _0 : REAL
    0.000000, -- _1 : REAL
    "6d2f1dfa-1460-4d30-9c6d-27930f9432d6", -- _2 : UNIQUE_ID
    "00000000-0000-0000-0000-000000000000" -- _3 : UNIQUE_ID
);
INSERT INTO DIM_GE VALUES (
    970.000000, -- _0 : REAL
    0.000000, -- _1 : REAL
    "aa81864f-4650-4fac-a858-94602d7f45e1", -- _2 : UNIQUE_ID
    "00000000-0000-0000-0000-000000000000" -- _3 : UNIQUE_ID
);
INSERT INTO DIM_GE VALUES (
    250.000000, -- _0 : REAL
    0.000000, -- _1 : REAL
    "cd19f362-e320-4e99-9086-14abdeed993e", -- _2 : UNIQUE_ID
    "00000000-0000-0000-0000-000000000000" -- _3 : UNIQUE_ID
);
INSERT INTO DIM_GE VALUES (
    4140.000000, -- _0 : REAL
    3096.000000, -- _1 : REAL
    "02184012-d96b-4d11-b529-6c6ad43a4969", -- _2 : UNIQUE_ID
    "00000000-0000-0000-0000-000000000000" -- _3 : UNIQUE_ID
);
INSERT INTO DIM_GE VALUES (
    4464.000000, -- _0 : REAL
    3120.000000, -- _1 : REAL
    "75315f47-767f-4cf5-9e10-41a01d18c3b6", -- _2 : UNIQUE_ID
    "00000000-0000-0000-0000-000000000000" -- _3 : UNIQUE_ID
);
INSERT INTO DIM_GE VALUES (
    0.000000, -- _0 : REAL
    0.000000, -- _1 : REAL
    "f5739c23-9126-43ad-9a1b-0f37c7e1dd94", -- _2 : UNIQUE_ID
    "00000000-0000-0000-0000-000000000000" -- _3 : UNIQUE_ID
);
INSERT INTO DIM_GE VALUES (
    0.000000, -- _0 : REAL
    0.000000, -- _1 : REAL
    "590f870e-b7ca-46f8-8500-ea6abcbb3010", -- _2 : UNIQUE_ID
    "00000000-0000-0000-0000-000000000000" -- _3 : UNIQUE_ID
);
INSERT INTO DIM_GE VALUES (
    0.000000, -- _0 : REAL
    0.000000, -- _1 : REAL
    "86402be8-bb4b-4376-a115-e699b0a52f11", -- _2 : UNIQUE_ID
    "00000000-0000-0000-0000-000000000000" -- _3 : UNIQUE_ID
);
INSERT INTO DIM_GE VALUES (
    0.000000, -- _0 : REAL
    0.000000, -- _1 : REAL
    "29676bb3-3870-4ca6-9e12-5289bcd5ae93", -- _2 : UNIQUE_ID
    "00000000-0000-0000-0000-000000000000" -- _3 : UNIQUE_ID
);
INSERT INTO DIM_GE VALUES (
    0.000000, -- _0 : REAL
    0.000000, -- _1 : REAL
    "b7208601-6c1d-4a70-9874-af630427b85c", -- _2 : UNIQUE_ID
    "00000000-0000-0000-0000-000000000000" -- _3 : UNIQUE_ID
);
INSERT INTO DIM_GE VALUES (
    4100.000000, -- _0 : REAL
    3100.000000, -- _1 : REAL
    "26ab6a35-97f1-49d5-ae78-5b9e619b0c16", -- _2 : UNIQUE_ID
    "00000000-0000-0000-0000-000000000000" -- _3 : UNIQUE_ID
);
INSERT INTO DIM_GE VALUES (
    4920.000000, -- _0 : REAL
    3100.000000, -- _1 : REAL
    "909ab02b-31c7-429f-b99a-d940860bd6d2", -- _2 : UNIQUE_ID
    "00000000-0000-0000-0000-000000000000" -- _3 : UNIQUE_ID
);
INSERT INTO DIM_GE VALUES (
    0.000000, -- _0 : REAL
    0.000000, -- _1 : REAL
    "dd27e626-43d7-4efd-a5c2-8d0834432a8c", -- _2 : UNIQUE_ID
    "00000000-0000-0000-0000-000000000000" -- _3 : UNIQUE_ID
);
INSERT INTO DIM_GE VALUES (
    5119.000000, -- _0 : REAL
    3512.000000, -- _1 : REAL
    "5d418687-f480-4153-b7b2-76bb769b9fc0", -- _2 : UNIQUE_ID
    "00000000-0000-0000-0000-000000000000" -- _3 : UNIQUE_ID
);
INSERT INTO DIM_GE VALUES (
    0.000000, -- _0 : REAL
    0.000000, -- _1 : REAL
    "efaa4664-7a69-4f7b-83fc-13965abcd008", -- _2 : UNIQUE_ID
    "00000000-0000-0000-0000-000000000000" -- _3 : UNIQUE_ID
);
INSERT INTO DIM_GE VALUES (
    0.000000, -- _0 : REAL
    0.000000, -- _1 : REAL
    "b982d6cf-9550-416f-8b35-312dcfff4b27", -- _2 : UNIQUE_ID
    "00000000-0000-0000-0000-000000000000" -- _3 : UNIQUE_ID
);
INSERT INTO DIM_GE VALUES (
    0.000000, -- _0 : REAL
    0.000000, -- _1 : REAL
    "ed420ffb-23fe-4148-864b-a72d054bd0af", -- _2 : UNIQUE_ID
    "00000000-0000-0000-0000-000000000000" -- _3 : UNIQUE_ID
);
INSERT INTO DIM_GE VALUES (
    288.000000, -- _0 : REAL
    96.000000, -- _1 : REAL
    "cc06369f-91cf-4f2e-a482-03645919fd13", -- _2 : UNIQUE_ID
    "00000000-0000-0000-0000-000000000000" -- _3 : UNIQUE_ID
);
INSERT INTO DIM_GE VALUES (
    4116.000000, -- _0 : REAL
    3120.000000, -- _1 : REAL
    "35340b72-a698-43a9-950c-8ff984a45719", -- _2 : UNIQUE_ID
    "00000000-0000-0000-0000-000000000000" -- _3 : UNIQUE_ID
);
INSERT INTO DIM_GE VALUES (
    0.000000, -- _0 : REAL
    0.000000, -- _1 : REAL
    "657f63f8-e1d0-4a1e-abfb-6a9cfea8d373", -- _2 : UNIQUE_ID
    "00000000-0000-0000-0000-000000000000" -- _3 : UNIQUE_ID
);
INSERT INTO DIM_GE VALUES (
    4140.000000, -- _0 : REAL
    3081.000000, -- _1 : REAL
    "b9fdc610-f254-42f6-ae7f-4805a06e893c", -- _2 : UNIQUE_ID
    "00000000-0000-0000-0000-000000000000" -- _3 : UNIQUE_ID
);
INSERT INTO DIM_GE VALUES (
    0.000000, -- _0 : REAL
    0.000000, -- _1 : REAL
    "b8e0f031-4317-4598-b83f-046de471eeb7", -- _2 : UNIQUE_ID
    "00000000-0000-0000-0000-000000000000" -- _3 : UNIQUE_ID
);
INSERT INTO DIM_GE VALUES (
    0.000000, -- _0 : REAL
    0.000000, -- _1 : REAL
    "08d89651-9bdd-4e26-b02a-e04f7b6e5cf9", -- _2 : UNIQUE_ID
    "00000000-0000-0000-0000-000000000000" -- _3 : UNIQUE_ID
);
INSERT INTO DIM_GE VALUES (
    4116.000000, -- _0 : REAL
    3324.000000, -- _1 : REAL
    "5a08134b-a95f-4abb-aa2d-4518a032e798", -- _2 : UNIQUE_ID
    "00000000-0000-0000-0000-000000000000" -- _3 : UNIQUE_ID
);
INSERT INTO DIM_GE VALUES (
    0.000000, -- _0 : REAL
    0.000000, -- _1 : REAL
    "b104e90c-22a4-4384-ae44-fa9fd90e0427", -- _2 : UNIQUE_ID
    "00000000-0000-0000-0000-000000000000" -- _3 : UNIQUE_ID
);
INSERT INTO DIM_GE VALUES (
    4015.000000, -- _0 : REAL
    3285.000000, -- _1 : REAL
    "32905cb4-f5ac-4f79-b6f5-2be5d4b5281f", -- _2 : UNIQUE_ID
    "00000000-0000-0000-0000-000000000000" -- _3 : UNIQUE_ID
);
INSERT INTO DIM_GE VALUES (
    0.000000, -- _0 : REAL
    0.000000, -- _1 : REAL
    "410044bf-19d9-45a8-b93f-69d0ee61b173", -- _2 : UNIQUE_ID
    "00000000-0000-0000-0000-000000000000" -- _3 : UNIQUE_ID
);
INSERT INTO DIM_GE VALUES (
    0.000000, -- _0 : REAL
    0.000000, -- _1 : REAL
    "f84eae49-c82d-45b4-8c15-f2d7416b1878", -- _2 : UNIQUE_ID
    "00000000-0000-0000-0000-000000000000" -- _3 : UNIQUE_ID
);
INSERT INTO DIM_GE VALUES (
    0.000000, -- _0 : REAL
    0.000000, -- _1 : REAL
    "71c66339-3e2d-4499-8f00-c89dfd4dfc8c", -- _2 : UNIQUE_ID
    "00000000-0000-0000-0000-000000000000" -- _3 : UNIQUE_ID
);
INSERT INTO DIM_GE VALUES (
    220.000000, -- _0 : REAL
    0.000000, -- _1 : REAL
    "440ae350-84b2-46a8-8c8a-2ec5bc3bc426", -- _2 : UNIQUE_ID
    "00000000-0000-0000-0000-000000000000" -- _3 : UNIQUE_ID
);
INSERT INTO DIM_GE VALUES (
    4100.000000, -- _0 : REAL
    3100.000000, -- _1 : REAL
    "eddfd0d8-cb75-47d8-99ce-5cdb9e99e5a1", -- _2 : UNIQUE_ID
    "00000000-0000-0000-0000-000000000000" -- _3 : UNIQUE_ID
);
INSERT INTO DIM_GE VALUES (
    4410.000000, -- _0 : REAL
    3100.000000, -- _1 : REAL
    "bb11508d-4888-4ca5-a0a8-c353cfcf0e3f", -- _2 : UNIQUE_ID
    "00000000-0000-0000-0000-000000000000" -- _3 : UNIQUE_ID
);
INSERT INTO DIM_GE VALUES (
    0.000000, -- _0 : REAL
    0.000000, -- _1 : REAL
    "8d496faf-0f8e-45af-8581-e81ee4bb69b1", -- _2 : UNIQUE_ID
    "00000000-0000-0000-0000-000000000000" -- _3 : UNIQUE_ID
);
INSERT INTO DIM_GE VALUES (
    4613.000000, -- _0 : REAL
    3178.000000, -- _1 : REAL
    "22e09dc6-f6a7-4be9-aecf-b6a614fd9b11", -- _2 : UNIQUE_ID
    "00000000-0000-0000-0000-000000000000" -- _3 : UNIQUE_ID
);
INSERT INTO DIM_GE VALUES (
    0.000000, -- _0 : REAL
    0.000000, -- _1 : REAL
    "2b6dbeea-9dc2-420f-9501-a507c9568a2c", -- _2 : UNIQUE_ID
    "00000000-0000-0000-0000-000000000000" -- _3 : UNIQUE_ID
);
INSERT INTO DIM_GE VALUES (
    0.000000, -- _0 : REAL
    0.000000, -- _1 : REAL
    "432cc52d-be9e-4ae8-95dc-458429c448f9", -- _2 : UNIQUE_ID
    "00000000-0000-0000-0000-000000000000" -- _3 : UNIQUE_ID
);
INSERT INTO DIM_GE VALUES (
    0.000000, -- _0 : REAL
    0.000000, -- _1 : REAL
    "927331ad-d65e-4e2c-8275-799133855e3a", -- _2 : UNIQUE_ID
    "00000000-0000-0000-0000-000000000000" -- _3 : UNIQUE_ID
);
INSERT INTO DIM_GE VALUES (
    0.000000, -- _0 : REAL
    0.000000, -- _1 : REAL
    "f4b5fb62-5881-41fe-a7aa-362c0a83fbaf", -- _2 : UNIQUE_ID
    "00000000-0000-0000-0000-000000000000" -- _3 : UNIQUE_ID
);
INSERT INTO DIM_GE VALUES (
    220.000000, -- _0 : REAL
    0.000000, -- _1 : REAL
    "e43671e1-17ed-4f7e-8d09-750416b4fc30", -- _2 : UNIQUE_ID
    "00000000-0000-0000-0000-000000000000" -- _3 : UNIQUE_ID
);
INSERT INTO DIM_GE VALUES (
    0.000000, -- _0 : REAL
    0.000000, -- _1 : REAL
    "e0078476-c9af-443d-a1ed-8e1dbda2db02", -- _2 : UNIQUE_ID
    "00000000-0000-0000-0000-000000000000" -- _3 : UNIQUE_ID
);
INSERT INTO DIM_GE VALUES (
    0.000000, -- _0 : REAL
    0.000000, -- _1 : REAL
    "d00d3a6b-a2cb-4ddd-b4c9-6a9646574955", -- _2 : UNIQUE_ID
    "00000000-0000-0000-0000-000000000000" -- _3 : UNIQUE_ID
);
INSERT INTO DIM_GE VALUES (
    0.000000, -- _0 : REAL
    0.000000, -- _1 : REAL
    "c0df5eaf-b872-434c-becc-ca967e6b1904", -- _2 : UNIQUE_ID
    "00000000-0000-0000-0000-000000000000" -- _3 : UNIQUE_ID
);
INSERT INTO DIM_GE VALUES (
    0.000000, -- _0 : REAL
    0.000000, -- _1 : REAL
    "c36dcfd8-6128-4ea6-8ada-504c4809dfa0", -- _2 : UNIQUE_ID
    "00000000-0000-0000-0000-000000000000" -- _3 : UNIQUE_ID
);
INSERT INTO DIM_GE VALUES (
    0.000000, -- _0 : REAL
    0.000000, -- _1 : REAL
    "e857f929-02d5-44f6-8679-6e70b8701630", -- _2 : UNIQUE_ID
    "00000000-0000-0000-0000-000000000000" -- _3 : UNIQUE_ID
);
INSERT INTO DIM_GE VALUES (
    0.000000, -- _0 : REAL
    0.000000, -- _1 : REAL
    "f0c15f86-db3b-40f5-889a-dff0c21c156f", -- _2 : UNIQUE_ID
    "00000000-0000-0000-0000-000000000000" -- _3 : UNIQUE_ID
);
INSERT INTO DIM_GE VALUES (
    4020.000000, -- _0 : REAL
    3144.000000, -- _1 : REAL
    "92ffb006-7e74-497e-b004-9458a6871f92", -- _2 : UNIQUE_ID
    "00000000-0000-0000-0000-000000000000" -- _3 : UNIQUE_ID
);
INSERT INTO DIM_GE VALUES (
    4416.000000, -- _0 : REAL
    3144.000000, -- _1 : REAL
    "adabfe16-42c0-4cd5-b08c-ee19f02b4594", -- _2 : UNIQUE_ID
    "00000000-0000-0000-0000-000000000000" -- _3 : UNIQUE_ID
);
INSERT INTO DIM_GE VALUES (
    0.000000, -- _0 : REAL
    0.000000, -- _1 : REAL
    "594d4f9b-9f7e-4f37-bfe3-c6ca309b2716", -- _2 : UNIQUE_ID
    "00000000-0000-0000-0000-000000000000" -- _3 : UNIQUE_ID
);
INSERT INTO DIM_GE VALUES (
    4259.000000, -- _0 : REAL
    3190.000000, -- _1 : REAL
    "665b84fa-f37e-4d1d-92ab-956821094a11", -- _2 : UNIQUE_ID
    "00000000-0000-0000-0000-000000000000" -- _3 : UNIQUE_ID
);
INSERT INTO DIM_GE VALUES (
    0.000000, -- _0 : REAL
    0.000000, -- _1 : REAL
    "92685918-1ab6-4a74-986e-8393ba8bf6b5", -- _2 : UNIQUE_ID
    "00000000-0000-0000-0000-000000000000" -- _3 : UNIQUE_ID
);
INSERT INTO DIM_GE VALUES (
    0.000000, -- _0 : REAL
    0.000000, -- _1 : REAL
    "eebc4a6a-cf5b-452d-a523-b9536407fb18", -- _2 : UNIQUE_ID
    "00000000-0000-0000-0000-000000000000" -- _3 : UNIQUE_ID
);
INSERT INTO DIM_GE VALUES (
    0.000000, -- _0 : REAL
    0.000000, -- _1 : REAL
    "ce6d8f53-1a3a-4ac1-bbda-f29ac3475992", -- _2 : UNIQUE_ID
    "00000000-0000-0000-0000-000000000000" -- _3 : UNIQUE_ID
);
INSERT INTO DIM_GE VALUES (
    4374.000000, -- _0 : REAL
    3190.000000, -- _1 : REAL
    "246f54b4-7a6f-4630-8c44-3d9cdf95e495", -- _2 : UNIQUE_ID
    "00000000-0000-0000-0000-000000000000" -- _3 : UNIQUE_ID
);
INSERT INTO DIM_GE VALUES (
    0.000000, -- _0 : REAL
    0.000000, -- _1 : REAL
    "6e85febf-a3f2-4df7-8712-a171a4921fd0", -- _2 : UNIQUE_ID
    "00000000-0000-0000-0000-000000000000" -- _3 : UNIQUE_ID
);
INSERT INTO DIM_GE VALUES (
    0.000000, -- _0 : REAL
    0.000000, -- _1 : REAL
    "c3a89d2e-fa90-4439-8ce1-f2f3990190fe", -- _2 : UNIQUE_ID
    "00000000-0000-0000-0000-000000000000" -- _3 : UNIQUE_ID
);
INSERT INTO DIM_ELE VALUES (
    "47e73ee7-a7e4-4834-ab20-8dbe8067b245", -- _0 : UNIQUE_ID
    0, -- _1 : INTEGER
    "00000000-0000-0000-0000-000000000000" -- _2 : UNIQUE_ID
);
INSERT INTO DIM_ELE VALUES (
    "2a79e99f-8d48-4840-a9af-963c816e64cf", -- _0 : UNIQUE_ID
    0, -- _1 : INTEGER
    "00000000-0000-0000-0000-000000000000" -- _2 : UNIQUE_ID
);
INSERT INTO DIM_ELE VALUES (
    "b338d10f-5ead-401b-a7be-1593614ec0df", -- _0 : UNIQUE_ID
    0, -- _1 : INTEGER
    "00000000-0000-0000-0000-000000000000" -- _2 : UNIQUE_ID
);
INSERT INTO DIM_ELE VALUES (
    "0f471f9f-a938-4191-a624-af30b406b49a", -- _0 : UNIQUE_ID
    0, -- _1 : INTEGER
    "00000000-0000-0000-0000-000000000000" -- _2 : UNIQUE_ID
);
INSERT INTO DIM_ELE VALUES (
    "9bbac918-642f-4bf0-9460-5e8fcaed8580", -- _0 : UNIQUE_ID
    0, -- _1 : INTEGER
    "00000000-0000-0000-0000-000000000000" -- _2 : UNIQUE_ID
);
INSERT INTO DIM_ELE VALUES (
    "99f0c301-009f-4de1-8719-28c038e63959", -- _0 : UNIQUE_ID
    0, -- _1 : INTEGER
    "00000000-0000-0000-0000-000000000000" -- _2 : UNIQUE_ID
);
INSERT INTO DIM_ELE VALUES (
    "6d2f1dfa-1460-4d30-9c6d-27930f9432d6", -- _0 : UNIQUE_ID
    0, -- _1 : INTEGER
    "00000000-0000-0000-0000-000000000000" -- _2 : UNIQUE_ID
);
INSERT INTO DIM_ELE VALUES (
    "aa81864f-4650-4fac-a858-94602d7f45e1", -- _0 : UNIQUE_ID
    0, -- _1 : INTEGER
    "00000000-0000-0000-0000-000000000000" -- _2 : UNIQUE_ID
);
INSERT INTO DIM_ELE VALUES (
    "cd19f362-e320-4e99-9086-14abdeed993e", -- _0 : UNIQUE_ID
    0, -- _1 : INTEGER
    "00000000-0000-0000-0000-000000000000" -- _2 : UNIQUE_ID
);
INSERT INTO DIM_ELE VALUES (
    "02184012-d96b-4d11-b529-6c6ad43a4969", -- _0 : UNIQUE_ID
    0, -- _1 : INTEGER
    "00000000-0000-0000-0000-000000000000" -- _2 : UNIQUE_ID
);
INSERT INTO DIM_ELE VALUES (
    "75315f47-767f-4cf5-9e10-41a01d18c3b6", -- _0 : UNIQUE_ID
    0, -- _1 : INTEGER
    "00000000-0000-0000-0000-000000000000" -- _2 : UNIQUE_ID
);
INSERT INTO DIM_ELE VALUES (
    "f5739c23-9126-43ad-9a1b-0f37c7e1dd94", -- _0 : UNIQUE_ID
    0, -- _1 : INTEGER
    "00000000-0000-0000-0000-000000000000" -- _2 : UNIQUE_ID
);
INSERT INTO DIM_ELE VALUES (
    "590f870e-b7ca-46f8-8500-ea6abcbb3010", -- _0 : UNIQUE_ID
    0, -- _1 : INTEGER
    "00000000-0000-0000-0000-000000000000" -- _2 : UNIQUE_ID
);
INSERT INTO DIM_ELE VALUES (
    "86402be8-bb4b-4376-a115-e699b0a52f11", -- _0 : UNIQUE_ID
    0, -- _1 : INTEGER
    "00000000-0000-0000-0000-000000000000" -- _2 : UNIQUE_ID
);
INSERT INTO DIM_ELE VALUES (
    "29676bb3-3870-4ca6-9e12-5289bcd5ae93", -- _0 : UNIQUE_ID
    0, -- _1 : INTEGER
    "00000000-0000-0000-0000-000000000000" -- _2 : UNIQUE_ID
);
INSERT INTO DIM_ELE VALUES (
    "b7208601-6c1d-4a70-9874-af630427b85c", -- _0 : UNIQUE_ID
    0, -- _1 : INTEGER
    "00000000-0000-0000-0000-000000000000" -- _2 : UNIQUE_ID
);
INSERT INTO DIM_ELE VALUES (
    "26ab6a35-97f1-49d5-ae78-5b9e619b0c16", -- _0 : UNIQUE_ID
    0, -- _1 : INTEGER
    "00000000-0000-0000-0000-000000000000" -- _2 : UNIQUE_ID
);
INSERT INTO DIM_ELE VALUES (
    "909ab02b-31c7-429f-b99a-d940860bd6d2", -- _0 : UNIQUE_ID
    0, -- _1 : INTEGER
    "26ab6a35-97f1-49d5-ae78-5b9e619b0c16" -- _2 : UNIQUE_ID
);
INSERT INTO DIM_ELE VALUES (
    "dd27e626-43d7-4efd-a5c2-8d0834432a8c", -- _0 : UNIQUE_ID
    0, -- _1 : INTEGER
    "00000000-0000-0000-0000-000000000000" -- _2 : UNIQUE_ID
);
INSERT INTO DIM_ELE VALUES (
    "5d418687-f480-4153-b7b2-76bb769b9fc0", -- _0 : UNIQUE_ID
    0, -- _1 : INTEGER
    "00000000-0000-0000-0000-000000000000" -- _2 : UNIQUE_ID
);
INSERT INTO DIM_ELE VALUES (
    "efaa4664-7a69-4f7b-83fc-13965abcd008", -- _0 : UNIQUE_ID
    0, -- _1 : INTEGER
    "00000000-0000-0000-0000-000000000000" -- _2 : UNIQUE_ID
);
INSERT INTO DIM_ELE VALUES (
    "b982d6cf-9550-416f-8b35-312dcfff4b27", -- _0 : UNIQUE_ID
    0, -- _1 : INTEGER
    "00000000-0000-0000-0000-000000000000" -- _2 : UNIQUE_ID
);
INSERT INTO DIM_ELE VALUES (
    "ed420ffb-23fe-4148-864b-a72d054bd0af", -- _0 : UNIQUE_ID
    0, -- _1 : INTEGER
    "00000000-0000-0000-0000-000000000000" -- _2 : UNIQUE_ID
);
INSERT INTO DIM_ELE VALUES (
    "cc06369f-91cf-4f2e-a482-03645919fd13", -- _0 : UNIQUE_ID
    0, -- _1 : INTEGER
    "00000000-0000-0000-0000-000000000000" -- _2 : UNIQUE_ID
);
INSERT INTO DIM_ELE VALUES (
    "35340b72-a698-43a9-950c-8ff984a45719", -- _0 : UNIQUE_ID
    0, -- _1 : INTEGER
    "00000000-0000-0000-0000-000000000000" -- _2 : UNIQUE_ID
);
INSERT INTO DIM_ELE VALUES (
    "657f63f8-e1d0-4a1e-abfb-6a9cfea8d373", -- _0 : UNIQUE_ID
    0, -- _1 : INTEGER
    "00000000-0000-0000-0000-000000000000" -- _2 : UNIQUE_ID
);
INSERT INTO DIM_ELE VALUES (
    "b9fdc610-f254-42f6-ae7f-4805a06e893c", -- _0 : UNIQUE_ID
    0, -- _1 : INTEGER
    "00000000-0000-0000-0000-000000000000" -- _2 : UNIQUE_ID
);
INSERT INTO DIM_ELE VALUES (
    "b8e0f031-4317-4598-b83f-046de471eeb7", -- _0 : UNIQUE_ID
    0, -- _1 : INTEGER
    "00000000-0000-0000-0000-000000000000" -- _2 : UNIQUE_ID
);
INSERT INTO DIM_ELE VALUES (
    "08d89651-9bdd-4e26-b02a-e04f7b6e5cf9", -- _0 : UNIQUE_ID
    0, -- _1 : INTEGER
    "00000000-0000-0000-0000-000000000000" -- _2 : UNIQUE_ID
);
INSERT INTO DIM_ELE VALUES (
    "5a08134b-a95f-4abb-aa2d-4518a032e798", -- _0 : UNIQUE_ID
    0, -- _1 : INTEGER
    "00000000-0000-0000-0000-000000000000" -- _2 : UNIQUE_ID
);
INSERT INTO DIM_ELE VALUES (
    "b104e90c-22a4-4384-ae44-fa9fd90e0427", -- _0 : UNIQUE_ID
    0, -- _1 : INTEGER
    "00000000-0000-0000-0000-000000000000" -- _2 : UNIQUE_ID
);
INSERT INTO DIM_ELE VALUES (
    "32905cb4-f5ac-4f79-b6f5-2be5d4b5281f", -- _0 : UNIQUE_ID
    0, -- _1 : INTEGER
    "00000000-0000-0000-0000-000000000000" -- _2 : UNIQUE_ID
);
INSERT INTO DIM_ELE VALUES (
    "410044bf-19d9-45a8-b93f-69d0ee61b173", -- _0 : UNIQUE_ID
    0, -- _1 : INTEGER
    "00000000-0000-0000-0000-000000000000" -- _2 : UNIQUE_ID
);
INSERT INTO DIM_ELE VALUES (
    "f84eae49-c82d-45b4-8c15-f2d7416b1878", -- _0 : UNIQUE_ID
    0, -- _1 : INTEGER
    "00000000-0000-0000-0000-000000000000" -- _2 : UNIQUE_ID
);
INSERT INTO DIM_ELE VALUES (
    "71c66339-3e2d-4499-8f00-c89dfd4dfc8c", -- _0 : UNIQUE_ID
    0, -- _1 : INTEGER
    "00000000-0000-0000-0000-000000000000" -- _2 : UNIQUE_ID
);
INSERT INTO DIM_ELE VALUES (
    "440ae350-84b2-46a8-8c8a-2ec5bc3bc426", -- _0 : UNIQUE_ID
    0, -- _1 : INTEGER
    "00000000-0000-0000-0000-000000000000" -- _2 : UNIQUE_ID
);
INSERT INTO DIM_ELE VALUES (
    "eddfd0d8-cb75-47d8-99ce-5cdb9e99e5a1", -- _0 : UNIQUE_ID
    0, -- _1 : INTEGER
    "00000000-0000-0000-0000-000000000000" -- _2 : UNIQUE_ID
);
INSERT INTO DIM_ELE VALUES (
    "bb11508d-4888-4ca5-a0a8-c353cfcf0e3f", -- _0 : UNIQUE_ID
    0, -- _1 : INTEGER
    "eddfd0d8-cb75-47d8-99ce-5cdb9e99e5a1" -- _2 : UNIQUE_ID
);
INSERT INTO DIM_ELE VALUES (
    "8d496faf-0f8e-45af-8581-e81ee4bb69b1", -- _0 : UNIQUE_ID
    0, -- _1 : INTEGER
    "00000000-0000-0000-0000-000000000000" -- _2 : UNIQUE_ID
);
INSERT INTO DIM_ELE VALUES (
    "22e09dc6-f6a7-4be9-aecf-b6a614fd9b11", -- _0 : UNIQUE_ID
    0, -- _1 : INTEGER
    "00000000-0000-0000-0000-000000000000" -- _2 : UNIQUE_ID
);
INSERT INTO DIM_ELE VALUES (
    "2b6dbeea-9dc2-420f-9501-a507c9568a2c", -- _0 : UNIQUE_ID
    0, -- _1 : INTEGER
    "00000000-0000-0000-0000-000000000000" -- _2 : UNIQUE_ID
);
INSERT INTO DIM_ELE VALUES (
    "432cc52d-be9e-4ae8-95dc-458429c448f9", -- _0 : UNIQUE_ID
    0, -- _1 : INTEGER
    "00000000-0000-0000-0000-000000000000" -- _2 : UNIQUE_ID
);
INSERT INTO DIM_ELE VALUES (
    "927331ad-d65e-4e2c-8275-799133855e3a", -- _0 : UNIQUE_ID
    0, -- _1 : INTEGER
    "00000000-0000-0000-0000-000000000000" -- _2 : UNIQUE_ID
);
INSERT INTO DIM_ELE VALUES (
    "f4b5fb62-5881-41fe-a7aa-362c0a83fbaf", -- _0 : UNIQUE_ID
    0, -- _1 : INTEGER
    "00000000-0000-0000-0000-000000000000" -- _2 : UNIQUE_ID
);
INSERT INTO DIM_ELE VALUES (
    "e43671e1-17ed-4f7e-8d09-750416b4fc30", -- _0 : UNIQUE_ID
    0, -- _1 : INTEGER
    "00000000-0000-0000-0000-000000000000" -- _2 : UNIQUE_ID
);
INSERT INTO DIM_ELE VALUES (
    "e0078476-c9af-443d-a1ed-8e1dbda2db02", -- _0 : UNIQUE_ID
    0, -- _1 : INTEGER
    "00000000-0000-0000-0000-000000000000" -- _2 : UNIQUE_ID
);
INSERT INTO DIM_ELE VALUES (
    "d00d3a6b-a2cb-4ddd-b4c9-6a9646574955", -- _0 : UNIQUE_ID
    0, -- _1 : INTEGER
    "00000000-0000-0000-0000-000000000000" -- _2 : UNIQUE_ID
);
INSERT INTO DIM_ELE VALUES (
    "c0df5eaf-b872-434c-becc-ca967e6b1904", -- _0 : UNIQUE_ID
    0, -- _1 : INTEGER
    "00000000-0000-0000-0000-000000000000" -- _2 : UNIQUE_ID
);
INSERT INTO DIM_ELE VALUES (
    "c36dcfd8-6128-4ea6-8ada-504c4809dfa0", -- _0 : UNIQUE_ID
    0, -- _1 : INTEGER
    "00000000-0000-0000-0000-000000000000" -- _2 : UNIQUE_ID
);
INSERT INTO DIM_ELE VALUES (
    "e857f929-02d5-44f6-8679-6e70b8701630", -- _0 : UNIQUE_ID
    0, -- _1 : INTEGER
    "00000000-0000-0000-0000-000000000000" -- _2 : UNIQUE_ID
);
INSERT INTO DIM_ELE VALUES (
    "f0c15f86-db3b-40f5-889a-dff0c21c156f", -- _0 : UNIQUE_ID
    0, -- _1 : INTEGER
    "00000000-0000-0000-0000-000000000000" -- _2 : UNIQUE_ID
);
INSERT INTO DIM_ELE VALUES (
    "92ffb006-7e74-497e-b004-9458a6871f92", -- _0 : UNIQUE_ID
    0, -- _1 : INTEGER
    "00000000-0000-0000-0000-000000000000" -- _2 : UNIQUE_ID
);
INSERT INTO DIM_ELE VALUES (
    "adabfe16-42c0-4cd5-b08c-ee19f02b4594", -- _0 : UNIQUE_ID
    0, -- _1 : INTEGER
    "00000000-0000-0000-0000-000000000000" -- _2 : UNIQUE_ID
);
INSERT INTO DIM_ELE VALUES (
    "594d4f9b-9f7e-4f37-bfe3-c6ca309b2716", -- _0 : UNIQUE_ID
    0, -- _1 : INTEGER
    "00000000-0000-0000-0000-000000000000" -- _2 : UNIQUE_ID
);
INSERT INTO DIM_ELE VALUES (
    "665b84fa-f37e-4d1d-92ab-956821094a11", -- _0 : UNIQUE_ID
    0, -- _1 : INTEGER
    "00000000-0000-0000-0000-000000000000" -- _2 : UNIQUE_ID
);
INSERT INTO DIM_ELE VALUES (
    "92685918-1ab6-4a74-986e-8393ba8bf6b5", -- _0 : UNIQUE_ID
    0, -- _1 : INTEGER
    "00000000-0000-0000-0000-000000000000" -- _2 : UNIQUE_ID
);
INSERT INTO DIM_ELE VALUES (
    "eebc4a6a-cf5b-452d-a523-b9536407fb18", -- _0 : UNIQUE_ID
    0, -- _1 : INTEGER
    "00000000-0000-0000-0000-000000000000" -- _2 : UNIQUE_ID
);
INSERT INTO DIM_ELE VALUES (
    "ce6d8f53-1a3a-4ac1-bbda-f29ac3475992", -- _0 : UNIQUE_ID
    0, -- _1 : INTEGER
    "00000000-0000-0000-0000-000000000000" -- _2 : UNIQUE_ID
);
INSERT INTO DIM_ELE VALUES (
    "246f54b4-7a6f-4630-8c44-3d9cdf95e495", -- _0 : UNIQUE_ID
    0, -- _1 : INTEGER
    "00000000-0000-0000-0000-000000000000" -- _2 : UNIQUE_ID
);
INSERT INTO DIM_ELE VALUES (
    "6e85febf-a3f2-4df7-8712-a171a4921fd0", -- _0 : UNIQUE_ID
    0, -- _1 : INTEGER
    "00000000-0000-0000-0000-000000000000" -- _2 : UNIQUE_ID
);
INSERT INTO DIM_ELE VALUES (
    "c3a89d2e-fa90-4439-8ce1-f2f3990190fe", -- _0 : UNIQUE_ID
    0, -- _1 : INTEGER
    "00000000-0000-0000-0000-000000000000" -- _2 : UNIQUE_ID
);
INSERT INTO DIM_DIA VALUES (
    "2f6a7c9c-29f6-4d07-bc99-3518dd2d5fa1", -- _0 : UNIQUE_ID
    '', -- _1 : STRING
    1.000000, -- _2 : REAL
    0.000000, -- _3 : REAL
    0.000000, -- _4 : REAL
    "00000000-0000-0000-0000-000000000000" -- _5 : UNIQUE_ID
);
INSERT INTO DIM_DIA VALUES (
    "c583e9a1-e3ff-44b5-9b35-322ca643e77c", -- _0 : UNIQUE_ID
    '', -- _1 : STRING
    1.000000, -- _2 : REAL
    0.000000, -- _3 : REAL
    0.000000, -- _4 : REAL
    "00000000-0000-0000-0000-000000000000" -- _5 : UNIQUE_ID
);
INSERT INTO DIM_DIA VALUES (
    "aad0165c-b18e-4b9c-a99d-445fb7a93215", -- _0 : UNIQUE_ID
    '', -- _1 : STRING
    1.000000, -- _2 : REAL
    0.000000, -- _3 : REAL
    0.000000, -- _4 : REAL
    "00000000-0000-0000-0000-000000000000" -- _5 : UNIQUE_ID
);
INSERT INTO DIM_DIA VALUES (
    "5d4f79b5-79fc-4c52-b971-fa73cdd5585e", -- _0 : UNIQUE_ID
    '', -- _1 : STRING
    1.000000, -- _2 : REAL
    0.000000, -- _3 : REAL
    0.000000, -- _4 : REAL
    "00000000-0000-0000-0000-000000000000" -- _5 : UNIQUE_ID
);
INSERT INTO DIM_DIA VALUES (
    "59c17cd3-57f0-44ba-80bc-4fd79c863941", -- _0 : UNIQUE_ID
    '', -- _1 : STRING
    1.000000, -- _2 : REAL
    0.000000, -- _3 : REAL
    0.000000, -- _4 : REAL
    "00000000-0000-0000-0000-000000000000" -- _5 : UNIQUE_ID
);
INSERT INTO DIM_DIA VALUES (
    "192d2bad-eea3-4a0b-8334-4b7934242c6b", -- _0 : UNIQUE_ID
    '', -- _1 : STRING
    1.000000, -- _2 : REAL
    0.000000, -- _3 : REAL
    0.000000, -- _4 : REAL
    "00000000-0000-0000-0000-000000000000" -- _5 : UNIQUE_ID
);
INSERT INTO DIM_DIA VALUES (
    "8458b4a8-d1ae-46e5-8dd3-03126e082c37", -- _0 : UNIQUE_ID
    '', -- _1 : STRING
    1.000000, -- _2 : REAL
    0.000000, -- _3 : REAL
    0.000000, -- _4 : REAL
    "00000000-0000-0000-0000-000000000000" -- _5 : UNIQUE_ID
);
INSERT INTO DIM_DIA VALUES (
    "ee86ddd2-4d3a-47ec-8131-c5225c1bb12b", -- _0 : UNIQUE_ID
    '', -- _1 : STRING
    1.000000, -- _2 : REAL
    0.000000, -- _3 : REAL
    0.000000, -- _4 : REAL
    "00000000-0000-0000-0000-000000000000" -- _5 : UNIQUE_ID
);
INSERT INTO DIM_DIA VALUES (
    "99029f38-611e-4958-a86d-3e9e4ee3f7fc", -- _0 : UNIQUE_ID
    '', -- _1 : STRING
    1.000000, -- _2 : REAL
    0.000000, -- _3 : REAL
    0.000000, -- _4 : REAL
    "00000000-0000-0000-0000-000000000000" -- _5 : UNIQUE_ID
);
INSERT INTO DIM_DIA VALUES (
    "704fdc3f-4d4e-4da3-b3b7-7544b6f5fab6", -- _0 : UNIQUE_ID
    '', -- _1 : STRING
    1.000000, -- _2 : REAL
    0.000000, -- _3 : REAL
    0.000000, -- _4 : REAL
    "00000000-0000-0000-0000-000000000000" -- _5 : UNIQUE_ID
);
INSERT INTO DIM_DIA VALUES (
    "d2c8956e-9205-4462-9c1a-506047c0b912", -- _0 : UNIQUE_ID
    '', -- _1 : STRING
    1.000000, -- _2 : REAL
    0.000000, -- _3 : REAL
    0.000000, -- _4 : REAL
    "00000000-0000-0000-0000-000000000000" -- _5 : UNIQUE_ID
);
INSERT INTO DIM_DIA VALUES (
    "46a50ca9-1f9d-4de6-88c7-b09ee7ee7391", -- _0 : UNIQUE_ID
    '', -- _1 : STRING
    1.000000, -- _2 : REAL
    0.000000, -- _3 : REAL
    0.000000, -- _4 : REAL
    "00000000-0000-0000-0000-000000000000" -- _5 : UNIQUE_ID
);
INSERT INTO DIM_DIA VALUES (
    "41125cbf-38a6-44de-a9ab-3fa10c459399", -- _0 : UNIQUE_ID
    '', -- _1 : STRING
    1.000000, -- _2 : REAL
    0.000000, -- _3 : REAL
    0.000000, -- _4 : REAL
    "00000000-0000-0000-0000-000000000000" -- _5 : UNIQUE_ID
);
INSERT INTO DIM_DIA VALUES (
    "d6bffb76-b36d-41e2-9be7-8aff2f37cd03", -- _0 : UNIQUE_ID
    '', -- _1 : STRING
    1.000000, -- _2 : REAL
    0.000000, -- _3 : REAL
    0.000000, -- _4 : REAL
    "00000000-0000-0000-0000-000000000000" -- _5 : UNIQUE_ID
);
INSERT INTO DIM_DIA VALUES (
    "71b186b2-dcea-423f-839e-9b6a25f3e5b2", -- _0 : UNIQUE_ID
    '', -- _1 : STRING
    1.000000, -- _2 : REAL
    0.000000, -- _3 : REAL
    0.000000, -- _4 : REAL
    "00000000-0000-0000-0000-000000000000" -- _5 : UNIQUE_ID
);
INSERT INTO DIM_DIA VALUES (
    "1a44f04b-948a-4e43-9b12-e4439172ae27", -- _0 : UNIQUE_ID
    '', -- _1 : STRING
    1.000000, -- _2 : REAL
    0.000000, -- _3 : REAL
    0.000000, -- _4 : REAL
    "00000000-0000-0000-0000-000000000000" -- _5 : UNIQUE_ID
);
INSERT INTO DIM_DIA VALUES (
    "e16f3bab-481a-46b0-8b83-4541aeed00e9", -- _0 : UNIQUE_ID
    '', -- _1 : STRING
    1.000000, -- _2 : REAL
    0.000000, -- _3 : REAL
    0.000000, -- _4 : REAL
    "00000000-0000-0000-0000-000000000000" -- _5 : UNIQUE_ID
);
INSERT INTO DIM_DIA VALUES (
    "fdf02ff5-476f-4d4e-8467-c6902cdf72f0", -- _0 : UNIQUE_ID
    '', -- _1 : STRING
    1.000000, -- _2 : REAL
    0.000000, -- _3 : REAL
    0.000000, -- _4 : REAL
    "00000000-0000-0000-0000-000000000000" -- _5 : UNIQUE_ID
);
INSERT INTO DIM_CON VALUES (
    "be3afbbb-9614-4348-9abe-d65a332996e2", -- _0 : UNIQUE_ID
    200.000000, -- _1 : REAL
    78.000000, -- _2 : REAL
    "f5739c23-9126-43ad-9a1b-0f37c7e1dd94" -- _3 : UNIQUE_ID
);
INSERT INTO DIM_CON VALUES (
    "0efbf7f2-e258-44cc-aac7-de6197b38c9a", -- _0 : UNIQUE_ID
    200.000000, -- _1 : REAL
    84.000000, -- _2 : REAL
    "f5739c23-9126-43ad-9a1b-0f37c7e1dd94" -- _3 : UNIQUE_ID
);
INSERT INTO DIM_CON VALUES (
    "f93b1b8c-8f44-4b39-9222-6f2909c1f189", -- _0 : UNIQUE_ID
    5132.000000, -- _1 : REAL
    3502.000000, -- _2 : REAL
    "26ab6a35-97f1-49d5-ae78-5b9e619b0c16" -- _3 : UNIQUE_ID
);
INSERT INTO DIM_CON VALUES (
    "70cfb4cd-5d43-4e26-96ff-1dc7871d832a", -- _0 : UNIQUE_ID
    5132.000000, -- _1 : REAL
    3550.000000, -- _2 : REAL
    "26ab6a35-97f1-49d5-ae78-5b9e619b0c16" -- _3 : UNIQUE_ID
);
INSERT INTO DIM_CON VALUES (
    "19f929a7-dd88-4f7c-ba28-19bafd2b2425", -- _0 : UNIQUE_ID
    4212.000000, -- _1 : REAL
    3120.000000, -- _2 : REAL
    "35340b72-a698-43a9-950c-8ff984a45719" -- _3 : UNIQUE_ID
);
INSERT INTO DIM_CON VALUES (
    "42aa71b1-4371-4f7c-88df-aecba631557e", -- _0 : UNIQUE_ID
    4212.000000, -- _1 : REAL
    3264.000000, -- _2 : REAL
    "35340b72-a698-43a9-950c-8ff984a45719" -- _3 : UNIQUE_ID
);
INSERT INTO DIM_CON VALUES (
    "4744dd43-3b4c-4ea8-80a3-ea9adb0504e0", -- _0 : UNIQUE_ID
    4212.000000, -- _1 : REAL
    3324.000000, -- _2 : REAL
    "5a08134b-a95f-4abb-aa2d-4518a032e798" -- _3 : UNIQUE_ID
);
INSERT INTO DIM_CON VALUES (
    "c700114e-95b2-4e09-a6e9-ca2acea8bca9", -- _0 : UNIQUE_ID
    4622.000000, -- _1 : REAL
    3216.000000, -- _2 : REAL
    "eddfd0d8-cb75-47d8-99ce-5cdb9e99e5a1" -- _3 : UNIQUE_ID
);
INSERT INTO DIM_CON VALUES (
    "4b6eb0df-a579-480d-b351-0c9d0c36c7e4", -- _0 : UNIQUE_ID
    200.000000, -- _1 : REAL
    108.000000, -- _2 : REAL
    "f4b5fb62-5881-41fe-a7aa-362c0a83fbaf" -- _3 : UNIQUE_ID
);
INSERT INTO DIM_CON VALUES (
    "e5caefa0-3405-41e7-94b6-3adb0043cd3e", -- _0 : UNIQUE_ID
    4224.000000, -- _1 : REAL
    3228.000000, -- _2 : REAL
    "92ffb006-7e74-497e-b004-9458a6871f92" -- _3 : UNIQUE_ID
);
INSERT INTO DIM_CON VALUES (
    "fca0ec3d-df96-4e9d-be43-d9a183fb669a", -- _0 : UNIQUE_ID
    4416.000000, -- _1 : REAL
    3228.000000, -- _2 : REAL
    "adabfe16-42c0-4cd5-b08c-ee19f02b4594" -- _3 : UNIQUE_ID
);
INSERT INTO DIM_CON VALUES (
    "9a1664c8-f22d-4036-8780-8cd28e475a6d", -- _0 : UNIQUE_ID
    4308.000000, -- _1 : REAL
    3228.000000, -- _2 : REAL
    "eebc4a6a-cf5b-452d-a523-b9536407fb18" -- _3 : UNIQUE_ID
);
INSERT INTO GD_CON VALUES (
    "b7208601-6c1d-4a70-9874-af630427b85c", -- _0 : UNIQUE_ID
    "00000000-0000-0000-0000-000000000000" -- _1 : UNIQUE_ID
);
INSERT INTO GD_CON VALUES (
    "b982d6cf-9550-416f-8b35-312dcfff4b27", -- _0 : UNIQUE_ID
    "00000000-0000-0000-0000-000000000000" -- _1 : UNIQUE_ID
);
INSERT INTO GD_CON VALUES (
    "08d89651-9bdd-4e26-b02a-e04f7b6e5cf9", -- _0 : UNIQUE_ID
    "00000000-0000-0000-0000-000000000000" -- _1 : UNIQUE_ID
);
INSERT INTO GD_CON VALUES (
    "f84eae49-c82d-45b4-8c15-f2d7416b1878", -- _0 : UNIQUE_ID
    "00000000-0000-0000-0000-000000000000" -- _1 : UNIQUE_ID
);
INSERT INTO GD_CON VALUES (
    "432cc52d-be9e-4ae8-95dc-458429c448f9", -- _0 : UNIQUE_ID
    "00000000-0000-0000-0000-000000000000" -- _1 : UNIQUE_ID
);
INSERT INTO GD_CON VALUES (
    "c36dcfd8-6128-4ea6-8ada-504c4809dfa0", -- _0 : UNIQUE_ID
    "00000000-0000-0000-0000-000000000000" -- _1 : UNIQUE_ID
);
INSERT INTO GD_CON VALUES (
    "eebc4a6a-cf5b-452d-a523-b9536407fb18", -- _0 : UNIQUE_ID
    "00000000-0000-0000-0000-000000000000" -- _1 : UNIQUE_ID
);
INSERT INTO GD_CON VALUES (
    "c3a89d2e-fa90-4439-8ce1-f2f3990190fe", -- _0 : UNIQUE_ID
    "00000000-0000-0000-0000-000000000000" -- _1 : UNIQUE_ID
);
INSERT INTO GD_CTXT VALUES (
    "590f870e-b7ca-46f8-8500-ea6abcbb3010", -- _0 : UNIQUE_ID
    "b7208601-6c1d-4a70-9874-af630427b85c", -- _1 : UNIQUE_ID
    0, -- _2 : INTEGER
    0.000000, -- _3 : REAL
    0.000000 -- _4 : REAL
);
INSERT INTO GD_CTXT VALUES (
    "86402be8-bb4b-4376-a115-e699b0a52f11", -- _0 : UNIQUE_ID
    "b7208601-6c1d-4a70-9874-af630427b85c", -- _1 : UNIQUE_ID
    2, -- _2 : INTEGER
    0.000000, -- _3 : REAL
    0.000000 -- _4 : REAL
);
INSERT INTO GD_CTXT VALUES (
    "29676bb3-3870-4ca6-9e12-5289bcd5ae93", -- _0 : UNIQUE_ID
    "b7208601-6c1d-4a70-9874-af630427b85c", -- _1 : UNIQUE_ID
    1, -- _2 : INTEGER
    0.000000, -- _3 : REAL
    0.000000 -- _4 : REAL
);
INSERT INTO GD_CTXT VALUES (
    "dd27e626-43d7-4efd-a5c2-8d0834432a8c", -- _0 : UNIQUE_ID
    "b982d6cf-9550-416f-8b35-312dcfff4b27", -- _1 : UNIQUE_ID
    0, -- _2 : INTEGER
    0.000000, -- _3 : REAL
    0.000000 -- _4 : REAL
);
INSERT INTO GD_CTXT VALUES (
    "5d418687-f480-4153-b7b2-76bb769b9fc0", -- _0 : UNIQUE_ID
    "b982d6cf-9550-416f-8b35-312dcfff4b27", -- _1 : UNIQUE_ID
    2, -- _2 : INTEGER
    0.000000, -- _3 : REAL
    0.000000 -- _4 : REAL
);
INSERT INTO GD_CTXT VALUES (
    "efaa4664-7a69-4f7b-83fc-13965abcd008", -- _0 : UNIQUE_ID
    "b982d6cf-9550-416f-8b35-312dcfff4b27", -- _1 : UNIQUE_ID
    1, -- _2 : INTEGER
    0.000000, -- _3 : REAL
    0.000000 -- _4 : REAL
);
INSERT INTO GD_CTXT VALUES (
    "657f63f8-e1d0-4a1e-abfb-6a9cfea8d373", -- _0 : UNIQUE_ID
    "08d89651-9bdd-4e26-b02a-e04f7b6e5cf9", -- _1 : UNIQUE_ID
    0, -- _2 : INTEGER
    0.000000, -- _3 : REAL
    0.000000 -- _4 : REAL
);
INSERT INTO GD_CTXT VALUES (
    "b9fdc610-f254-42f6-ae7f-4805a06e893c", -- _0 : UNIQUE_ID
    "08d89651-9bdd-4e26-b02a-e04f7b6e5cf9", -- _1 : UNIQUE_ID
    2, -- _2 : INTEGER
    0.000000, -- _3 : REAL
    0.000000 -- _4 : REAL
);
INSERT INTO GD_CTXT VALUES (
    "b8e0f031-4317-4598-b83f-046de471eeb7", -- _0 : UNIQUE_ID
    "08d89651-9bdd-4e26-b02a-e04f7b6e5cf9", -- _1 : UNIQUE_ID
    1, -- _2 : INTEGER
    0.000000, -- _3 : REAL
    0.000000 -- _4 : REAL
);
INSERT INTO GD_CTXT VALUES (
    "b104e90c-22a4-4384-ae44-fa9fd90e0427", -- _0 : UNIQUE_ID
    "f84eae49-c82d-45b4-8c15-f2d7416b1878", -- _1 : UNIQUE_ID
    0, -- _2 : INTEGER
    0.000000, -- _3 : REAL
    0.000000 -- _4 : REAL
);
INSERT INTO GD_CTXT VALUES (
    "32905cb4-f5ac-4f79-b6f5-2be5d4b5281f", -- _0 : UNIQUE_ID
    "f84eae49-c82d-45b4-8c15-f2d7416b1878", -- _1 : UNIQUE_ID
    2, -- _2 : INTEGER
    0.000000, -- _3 : REAL
    0.000000 -- _4 : REAL
);
INSERT INTO GD_CTXT VALUES (
    "410044bf-19d9-45a8-b93f-69d0ee61b173", -- _0 : UNIQUE_ID
    "f84eae49-c82d-45b4-8c15-f2d7416b1878", -- _1 : UNIQUE_ID
    1, -- _2 : INTEGER
    0.000000, -- _3 : REAL
    0.000000 -- _4 : REAL
);
INSERT INTO GD_CTXT VALUES (
    "8d496faf-0f8e-45af-8581-e81ee4bb69b1", -- _0 : UNIQUE_ID
    "432cc52d-be9e-4ae8-95dc-458429c448f9", -- _1 : UNIQUE_ID
    0, -- _2 : INTEGER
    0.000000, -- _3 : REAL
    0.000000 -- _4 : REAL
);
INSERT INTO GD_CTXT VALUES (
    "22e09dc6-f6a7-4be9-aecf-b6a614fd9b11", -- _0 : UNIQUE_ID
    "432cc52d-be9e-4ae8-95dc-458429c448f9", -- _1 : UNIQUE_ID
    2, -- _2 : INTEGER
    0.000000, -- _3 : REAL
    0.000000 -- _4 : REAL
);
INSERT INTO GD_CTXT VALUES (
    "2b6dbeea-9dc2-420f-9501-a507c9568a2c", -- _0 : UNIQUE_ID
    "432cc52d-be9e-4ae8-95dc-458429c448f9", -- _1 : UNIQUE_ID
    1, -- _2 : INTEGER
    0.000000, -- _3 : REAL
    0.000000 -- _4 : REAL
);
INSERT INTO GD_CTXT VALUES (
    "e0078476-c9af-443d-a1ed-8e1dbda2db02", -- _0 : UNIQUE_ID
    "c36dcfd8-6128-4ea6-8ada-504c4809dfa0", -- _1 : UNIQUE_ID
    0, -- _2 : INTEGER
    0.000000, -- _3 : REAL
    0.000000 -- _4 : REAL
);
INSERT INTO GD_CTXT VALUES (
    "d00d3a6b-a2cb-4ddd-b4c9-6a9646574955", -- _0 : UNIQUE_ID
    "c36dcfd8-6128-4ea6-8ada-504c4809dfa0", -- _1 : UNIQUE_ID
    2, -- _2 : INTEGER
    0.000000, -- _3 : REAL
    0.000000 -- _4 : REAL
);
INSERT INTO GD_CTXT VALUES (
    "c0df5eaf-b872-434c-becc-ca967e6b1904", -- _0 : UNIQUE_ID
    "c36dcfd8-6128-4ea6-8ada-504c4809dfa0", -- _1 : UNIQUE_ID
    1, -- _2 : INTEGER
    0.000000, -- _3 : REAL
    0.000000 -- _4 : REAL
);
INSERT INTO GD_CTXT VALUES (
    "594d4f9b-9f7e-4f37-bfe3-c6ca309b2716", -- _0 : UNIQUE_ID
    "eebc4a6a-cf5b-452d-a523-b9536407fb18", -- _1 : UNIQUE_ID
    0, -- _2 : INTEGER
    0.000000, -- _3 : REAL
    0.000000 -- _4 : REAL
);
INSERT INTO GD_CTXT VALUES (
    "665b84fa-f37e-4d1d-92ab-956821094a11", -- _0 : UNIQUE_ID
    "eebc4a6a-cf5b-452d-a523-b9536407fb18", -- _1 : UNIQUE_ID
    2, -- _2 : INTEGER
    0.000000, -- _3 : REAL
    0.000000 -- _4 : REAL
);
INSERT INTO GD_CTXT VALUES (
    "92685918-1ab6-4a74-986e-8393ba8bf6b5", -- _0 : UNIQUE_ID
    "eebc4a6a-cf5b-452d-a523-b9536407fb18", -- _1 : UNIQUE_ID
    1, -- _2 : INTEGER
    0.000000, -- _3 : REAL
    0.000000 -- _4 : REAL
);
INSERT INTO GD_CTXT VALUES (
    "ce6d8f53-1a3a-4ac1-bbda-f29ac3475992", -- _0 : UNIQUE_ID
    "c3a89d2e-fa90-4439-8ce1-f2f3990190fe", -- _1 : UNIQUE_ID
    0, -- _2 : INTEGER
    0.000000, -- _3 : REAL
    0.000000 -- _4 : REAL
);
INSERT INTO GD_CTXT VALUES (
    "246f54b4-7a6f-4630-8c44-3d9cdf95e495", -- _0 : UNIQUE_ID
    "c3a89d2e-fa90-4439-8ce1-f2f3990190fe", -- _1 : UNIQUE_ID
    2, -- _2 : INTEGER
    0.000000, -- _3 : REAL
    0.000000 -- _4 : REAL
);
INSERT INTO GD_CTXT VALUES (
    "6e85febf-a3f2-4df7-8712-a171a4921fd0", -- _0 : UNIQUE_ID
    "c3a89d2e-fa90-4439-8ce1-f2f3990190fe", -- _1 : UNIQUE_ID
    1, -- _2 : INTEGER
    0.000000, -- _3 : REAL
    0.000000 -- _4 : REAL
);
INSERT INTO GD_LS VALUES (
    "c3a8cefd-7e1d-40d9-8852-ead8d43d784f", -- _0 : UNIQUE_ID
    "b7208601-6c1d-4a70-9874-af630427b85c", -- _1 : UNIQUE_ID
    "00000000-0000-0000-0000-000000000000", -- _2 : UNIQUE_ID
    "03071865-9138-4185-85ae-5afdb9dc8f21", -- _3 : UNIQUE_ID
    "c68024c6-46f4-447f-a454-eef60f379332" -- _4 : UNIQUE_ID
);
INSERT INTO GD_LS VALUES (
    "a8855c2c-a054-41c5-bc1b-c8c7f2cd8deb", -- _0 : UNIQUE_ID
    "b982d6cf-9550-416f-8b35-312dcfff4b27", -- _1 : UNIQUE_ID
    "00000000-0000-0000-0000-000000000000", -- _2 : UNIQUE_ID
    "3026dadb-8c79-4e5d-86b8-1827ce7d8f4c", -- _3 : UNIQUE_ID
    "a6cb29a1-037c-4f58-9bf7-9ca75d42446d" -- _4 : UNIQUE_ID
);
INSERT INTO GD_LS VALUES (
    "2385aeb0-b157-4de8-bba0-0108d6206277", -- _0 : UNIQUE_ID
    "08d89651-9bdd-4e26-b02a-e04f7b6e5cf9", -- _1 : UNIQUE_ID
    "00000000-0000-0000-0000-000000000000", -- _2 : UNIQUE_ID
    "9b5cd1ac-d054-4159-bea1-52425992cc08", -- _3 : UNIQUE_ID
    "fad17a7d-5872-499c-aecd-3c92d86d0de1" -- _4 : UNIQUE_ID
);
INSERT INTO GD_LS VALUES (
    "9e4988ed-223c-4fdf-9ddb-6fc64bf620b9", -- _0 : UNIQUE_ID
    "f84eae49-c82d-45b4-8c15-f2d7416b1878", -- _1 : UNIQUE_ID
    "00000000-0000-0000-0000-000000000000", -- _2 : UNIQUE_ID
    "f2d7763f-98c3-4817-ad6b-12a20947a15f", -- _3 : UNIQUE_ID
    "c662d64a-d017-4e42-beef-cf1e2c2a676f" -- _4 : UNIQUE_ID
);
INSERT INTO GD_LS VALUES (
    "d6b6c99b-2aa7-4f9e-bb9a-edca053d80a5", -- _0 : UNIQUE_ID
    "432cc52d-be9e-4ae8-95dc-458429c448f9", -- _1 : UNIQUE_ID
    "00000000-0000-0000-0000-000000000000", -- _2 : UNIQUE_ID
    "70c20583-35bc-46bf-917c-735390f79e3d", -- _3 : UNIQUE_ID
    "d79e4407-2609-4f12-ad8a-ea62b2b73929" -- _4 : UNIQUE_ID
);
INSERT INTO GD_LS VALUES (
    "3da1c85d-417e-418f-979f-33fcaff5e17c", -- _0 : UNIQUE_ID
    "c36dcfd8-6128-4ea6-8ada-504c4809dfa0", -- _1 : UNIQUE_ID
    "00000000-0000-0000-0000-000000000000", -- _2 : UNIQUE_ID
    "727d6e93-9dc1-4478-8494-0caa0abbc891", -- _3 : UNIQUE_ID
    "b6b1bfb5-9ad1-4ab9-bf02-27c75969057f" -- _4 : UNIQUE_ID
);
INSERT INTO GD_LS VALUES (
    "c923b7f9-469d-4b77-9f53-0b705877d799", -- _0 : UNIQUE_ID
    "eebc4a6a-cf5b-452d-a523-b9536407fb18", -- _1 : UNIQUE_ID
    "00000000-0000-0000-0000-000000000000", -- _2 : UNIQUE_ID
    "a7952182-6a95-4d7a-b049-f4c5f2c8ab49", -- _3 : UNIQUE_ID
    "a7e94fc8-d50b-4f42-80ce-4ab0dcb8800c" -- _4 : UNIQUE_ID
);
INSERT INTO GD_LS VALUES (
    "c8d05d42-914f-4c5a-8d57-a7f73a47b955", -- _0 : UNIQUE_ID
    "c3a89d2e-fa90-4439-8ce1-f2f3990190fe", -- _1 : UNIQUE_ID
    "00000000-0000-0000-0000-000000000000", -- _2 : UNIQUE_ID
    "d154006f-191b-492c-9e96-6d1b4a6ffb90", -- _3 : UNIQUE_ID
    "afac585d-cac2-49ea-9a4a-ffc43eab5cd0" -- _4 : UNIQUE_ID
);
INSERT INTO DIM_WAY VALUES (
    "03071865-9138-4185-85ae-5afdb9dc8f21", -- _0 : UNIQUE_ID
    200.000000, -- _1 : REAL
    84.000000, -- _2 : REAL
    "b7208601-6c1d-4a70-9874-af630427b85c", -- _3 : UNIQUE_ID
    "00000000-0000-0000-0000-000000000000", -- _4 : UNIQUE_ID
    "00000000-0000-0000-0000-000000000000" -- _5 : UNIQUE_ID
);
INSERT INTO DIM_WAY VALUES (
    "c68024c6-46f4-447f-a454-eef60f379332", -- _0 : UNIQUE_ID
    275.000000, -- _1 : REAL
    84.000000, -- _2 : REAL
    "b7208601-6c1d-4a70-9874-af630427b85c", -- _3 : UNIQUE_ID
    "00000000-0000-0000-0000-000000000000", -- _4 : UNIQUE_ID
    "03071865-9138-4185-85ae-5afdb9dc8f21" -- _5 : UNIQUE_ID
);
INSERT INTO DIM_WAY VALUES (
    "3026dadb-8c79-4e5d-86b8-1827ce7d8f4c", -- _0 : UNIQUE_ID
    5132.000000, -- _1 : REAL
    3550.000000, -- _2 : REAL
    "b982d6cf-9550-416f-8b35-312dcfff4b27", -- _3 : UNIQUE_ID
    "00000000-0000-0000-0000-000000000000", -- _4 : UNIQUE_ID
    "00000000-0000-0000-0000-000000000000" -- _5 : UNIQUE_ID
);
INSERT INTO DIM_WAY VALUES (
    "a6cb29a1-037c-4f58-9bf7-9ca75d42446d", -- _0 : UNIQUE_ID
    5207.000000, -- _1 : REAL
    3550.000000, -- _2 : REAL
    "b982d6cf-9550-416f-8b35-312dcfff4b27", -- _3 : UNIQUE_ID
    "00000000-0000-0000-0000-000000000000", -- _4 : UNIQUE_ID
    "3026dadb-8c79-4e5d-86b8-1827ce7d8f4c" -- _5 : UNIQUE_ID
);
INSERT INTO DIM_WAY VALUES (
    "9b5cd1ac-d054-4159-bea1-52425992cc08", -- _0 : UNIQUE_ID
    4212.000000, -- _1 : REAL
    3120.000000, -- _2 : REAL
    "08d89651-9bdd-4e26-b02a-e04f7b6e5cf9", -- _3 : UNIQUE_ID
    "00000000-0000-0000-0000-000000000000", -- _4 : UNIQUE_ID
    "00000000-0000-0000-0000-000000000000" -- _5 : UNIQUE_ID
);
INSERT INTO DIM_WAY VALUES (
    "fad17a7d-5872-499c-aecd-3c92d86d0de1", -- _0 : UNIQUE_ID
    4212.000000, -- _1 : REAL
    3036.000000, -- _2 : REAL
    "08d89651-9bdd-4e26-b02a-e04f7b6e5cf9", -- _3 : UNIQUE_ID
    "00000000-0000-0000-0000-000000000000", -- _4 : UNIQUE_ID
    "9b5cd1ac-d054-4159-bea1-52425992cc08" -- _5 : UNIQUE_ID
);
INSERT INTO DIM_WAY VALUES (
    "f2d7763f-98c3-4817-ad6b-12a20947a15f", -- _0 : UNIQUE_ID
    4212.000000, -- _1 : REAL
    3264.000000, -- _2 : REAL
    "f84eae49-c82d-45b4-8c15-f2d7416b1878", -- _3 : UNIQUE_ID
    "00000000-0000-0000-0000-000000000000", -- _4 : UNIQUE_ID
    "00000000-0000-0000-0000-000000000000" -- _5 : UNIQUE_ID
);
INSERT INTO DIM_WAY VALUES (
    "c662d64a-d017-4e42-beef-cf1e2c2a676f", -- _0 : UNIQUE_ID
    4212.000000, -- _1 : REAL
    3324.000000, -- _2 : REAL
    "f84eae49-c82d-45b4-8c15-f2d7416b1878", -- _3 : UNIQUE_ID
    "00000000-0000-0000-0000-000000000000", -- _4 : UNIQUE_ID
    "f2d7763f-98c3-4817-ad6b-12a20947a15f" -- _5 : UNIQUE_ID
);
INSERT INTO DIM_WAY VALUES (
    "70c20583-35bc-46bf-917c-735390f79e3d", -- _0 : UNIQUE_ID
    4622.000000, -- _1 : REAL
    3216.000000, -- _2 : REAL
    "432cc52d-be9e-4ae8-95dc-458429c448f9", -- _3 : UNIQUE_ID
    "00000000-0000-0000-0000-000000000000", -- _4 : UNIQUE_ID
    "00000000-0000-0000-0000-000000000000" -- _5 : UNIQUE_ID
);
INSERT INTO DIM_WAY VALUES (
    "d79e4407-2609-4f12-ad8a-ea62b2b73929", -- _0 : UNIQUE_ID
    4704.000000, -- _1 : REAL
    3216.000000, -- _2 : REAL
    "432cc52d-be9e-4ae8-95dc-458429c448f9", -- _3 : UNIQUE_ID
    "00000000-0000-0000-0000-000000000000", -- _4 : UNIQUE_ID
    "70c20583-35bc-46bf-917c-735390f79e3d" -- _5 : UNIQUE_ID
);
INSERT INTO DIM_WAY VALUES (
    "727d6e93-9dc1-4478-8494-0caa0abbc891", -- _0 : UNIQUE_ID
    200.000000, -- _1 : REAL
    108.000000, -- _2 : REAL
    "c36dcfd8-6128-4ea6-8ada-504c4809dfa0", -- _3 : UNIQUE_ID
    "00000000-0000-0000-0000-000000000000", -- _4 : UNIQUE_ID
    "00000000-0000-0000-0000-000000000000" -- _5 : UNIQUE_ID
);
INSERT INTO DIM_WAY VALUES (
    "b6b1bfb5-9ad1-4ab9-bf02-27c75969057f", -- _0 : UNIQUE_ID
    275.000000, -- _1 : REAL
    108.000000, -- _2 : REAL
    "c36dcfd8-6128-4ea6-8ada-504c4809dfa0", -- _3 : UNIQUE_ID
    "00000000-0000-0000-0000-000000000000", -- _4 : UNIQUE_ID
    "727d6e93-9dc1-4478-8494-0caa0abbc891" -- _5 : UNIQUE_ID
);
INSERT INTO DIM_WAY VALUES (
    "a7952182-6a95-4d7a-b049-f4c5f2c8ab49", -- _0 : UNIQUE_ID
    4224.000000, -- _1 : REAL
    3228.000000, -- _2 : REAL
    "eebc4a6a-cf5b-452d-a523-b9536407fb18", -- _3 : UNIQUE_ID
    "00000000-0000-0000-0000-000000000000", -- _4 : UNIQUE_ID
    "00000000-0000-0000-0000-000000000000" -- _5 : UNIQUE_ID
);
INSERT INTO DIM_WAY VALUES (
    "a7e94fc8-d50b-4f42-80ce-4ab0dcb8800c", -- _0 : UNIQUE_ID
    4308.000000, -- _1 : REAL
    3228.000000, -- _2 : REAL
    "eebc4a6a-cf5b-452d-a523-b9536407fb18", -- _3 : UNIQUE_ID
    "00000000-0000-0000-0000-000000000000", -- _4 : UNIQUE_ID
    "a7952182-6a95-4d7a-b049-f4c5f2c8ab49" -- _5 : UNIQUE_ID
);
INSERT INTO DIM_WAY VALUES (
    "d154006f-191b-492c-9e96-6d1b4a6ffb90", -- _0 : UNIQUE_ID
    4416.000000, -- _1 : REAL
    3228.000000, -- _2 : REAL
    "c3a89d2e-fa90-4439-8ce1-f2f3990190fe", -- _3 : UNIQUE_ID
    "00000000-0000-0000-0000-000000000000", -- _4 : UNIQUE_ID
    "00000000-0000-0000-0000-000000000000" -- _5 : UNIQUE_ID
);
INSERT INTO DIM_WAY VALUES (
    "afac585d-cac2-49ea-9a4a-ffc43eab5cd0", -- _0 : UNIQUE_ID
    4308.000000, -- _1 : REAL
    3228.000000, -- _2 : REAL
    "c3a89d2e-fa90-4439-8ce1-f2f3990190fe", -- _3 : UNIQUE_ID
    "00000000-0000-0000-0000-000000000000", -- _4 : UNIQUE_ID
    "d154006f-191b-492c-9e96-6d1b4a6ffb90" -- _5 : UNIQUE_ID
);
INSERT INTO DIM_ED VALUES (
    "0efbf7f2-e258-44cc-aac7-de6197b38c9a", -- _0 : UNIQUE_ID
    "00000000-0000-0000-0000-000000000000", -- _1 : UNIQUE_ID
    "b7208601-6c1d-4a70-9874-af630427b85c" -- _2 : UNIQUE_ID
);
INSERT INTO DIM_ED VALUES (
    "70cfb4cd-5d43-4e26-96ff-1dc7871d832a", -- _0 : UNIQUE_ID
    "00000000-0000-0000-0000-000000000000", -- _1 : UNIQUE_ID
    "b982d6cf-9550-416f-8b35-312dcfff4b27" -- _2 : UNIQUE_ID
);
INSERT INTO DIM_ED VALUES (
    "19f929a7-dd88-4f7c-ba28-19bafd2b2425", -- _0 : UNIQUE_ID
    "00000000-0000-0000-0000-000000000000", -- _1 : UNIQUE_ID
    "08d89651-9bdd-4e26-b02a-e04f7b6e5cf9" -- _2 : UNIQUE_ID
);
INSERT INTO DIM_ED VALUES (
    "42aa71b1-4371-4f7c-88df-aecba631557e", -- _0 : UNIQUE_ID
    "4744dd43-3b4c-4ea8-80a3-ea9adb0504e0", -- _1 : UNIQUE_ID
    "f84eae49-c82d-45b4-8c15-f2d7416b1878" -- _2 : UNIQUE_ID
);
INSERT INTO DIM_ED VALUES (
    "c700114e-95b2-4e09-a6e9-ca2acea8bca9", -- _0 : UNIQUE_ID
    "00000000-0000-0000-0000-000000000000", -- _1 : UNIQUE_ID
    "432cc52d-be9e-4ae8-95dc-458429c448f9" -- _2 : UNIQUE_ID
);
INSERT INTO DIM_ED VALUES (
    "4b6eb0df-a579-480d-b351-0c9d0c36c7e4", -- _0 : UNIQUE_ID
    "00000000-0000-0000-0000-000000000000", -- _1 : UNIQUE_ID
    "c36dcfd8-6128-4ea6-8ada-504c4809dfa0" -- _2 : UNIQUE_ID
);
INSERT INTO DIM_ED VALUES (
    "e5caefa0-3405-41e7-94b6-3adb0043cd3e", -- _0 : UNIQUE_ID
    "00000000-0000-0000-0000-000000000000", -- _1 : UNIQUE_ID
    "eebc4a6a-cf5b-452d-a523-b9536407fb18" -- _2 : UNIQUE_ID
);
INSERT INTO DIM_ED VALUES (
    "fca0ec3d-df96-4e9d-be43-d9a183fb669a", -- _0 : UNIQUE_ID
    "9a1664c8-f22d-4036-8780-8cd28e475a6d", -- _1 : UNIQUE_ID
    "c3a89d2e-fa90-4439-8ce1-f2f3990190fe" -- _2 : UNIQUE_ID
);
INSERT INTO GD_CTR VALUES (
    "26ab6a35-97f1-49d5-ae78-5b9e619b0c16" -- _0 : UNIQUE_ID
);
INSERT INTO GD_CTR VALUES (
    "eddfd0d8-cb75-47d8-99ce-5cdb9e99e5a1" -- _0 : UNIQUE_ID
);
INSERT INTO C_EP_PROXY VALUES (
    "be4e38a9-c84b-44ce-a173-d57405caeeca", -- _0 : UNIQUE_ID
    "102214df-1d03-428f-9eb8-5c5ce18bfdae", -- _1 : UNIQUE_ID
    -1, -- _2 : INTEGER
    'New', -- _3 : STRING
    '', -- _4 : STRING
    '../../../../../HRUI/models/HRUI/UI/Shared/EP/EP.xtuml' -- _5 : STRING
);
INSERT INTO C_EP_PROXY VALUES (
    "f83ecd5c-00bd-42d1-a795-2868eba34aec", -- _0 : UNIQUE_ID
    "102214df-1d03-428f-9eb8-5c5ce18bfdae", -- _1 : UNIQUE_ID
    -1, -- _2 : INTEGER
    'Reply', -- _3 : STRING
    '', -- _4 : STRING
    '../../../../../HRUI/models/HRUI/UI/Shared/EP/EP.xtuml' -- _5 : STRING
);
INSERT INTO C_EP_PROXY VALUES (
    "dd791a09-c8bd-4868-8174-4726cea8e2d3", -- _0 : UNIQUE_ID
    "102214df-1d03-428f-9eb8-5c5ce18bfdae", -- _1 : UNIQUE_ID
    -1, -- _2 : INTEGER
    'Start', -- _3 : STRING
    '', -- _4 : STRING
    '../../../../../HRUI/models/HRUI/UI/Shared/EP/EP.xtuml' -- _5 : STRING
);
INSERT INTO C_EP_PROXY VALUES (
    "be4e38a9-c84b-44ce-a173-d57405caeeca", -- _0 : UNIQUE_ID
    "102214df-1d03-428f-9eb8-5c5ce18bfdae", -- _1 : UNIQUE_ID
    -1, -- _2 : INTEGER
    'New', -- _3 : STRING
    '', -- _4 : STRING
    '../Shared/EP/EP.xtuml' -- _5 : STRING
);
INSERT INTO C_EP_PROXY VALUES (
    "f83ecd5c-00bd-42d1-a795-2868eba34aec", -- _0 : UNIQUE_ID
    "102214df-1d03-428f-9eb8-5c5ce18bfdae", -- _1 : UNIQUE_ID
    -1, -- _2 : INTEGER
    'Reply', -- _3 : STRING
    '', -- _4 : STRING
    '../Shared/EP/EP.xtuml' -- _5 : STRING
);
INSERT INTO C_EP_PROXY VALUES (
    "dd791a09-c8bd-4868-8174-4726cea8e2d3", -- _0 : UNIQUE_ID
    "102214df-1d03-428f-9eb8-5c5ce18bfdae", -- _1 : UNIQUE_ID
    -1, -- _2 : INTEGER
    'Start', -- _3 : STRING
    '', -- _4 : STRING
    '../Shared/EP/EP.xtuml' -- _5 : STRING
);
INSERT INTO C_I_PROXY VALUES (
    "102214df-1d03-428f-9eb8-5c5ce18bfdae", -- _0 : UNIQUE_ID
    "00000000-0000-0000-0000-000000000000", -- _1 : UNIQUE_ID
    'EP', -- _2 : STRING
    '', -- _3 : STRING
    '../../../../../HRUI/models/HRUI/UI/Shared/EP/EP.xtuml' -- _4 : STRING
);
INSERT INTO C_I_PROXY VALUES (
    "102214df-1d03-428f-9eb8-5c5ce18bfdae", -- _0 : UNIQUE_ID
    "00000000-0000-0000-0000-000000000000", -- _1 : UNIQUE_ID
    'EP', -- _2 : STRING
    '', -- _3 : STRING
    '../Shared/EP/EP.xtuml' -- _4 : STRING
);
INSERT INTO EP_PKG_PROXY VALUES (
    "c26641d6-6bfe-4fa5-b78d-533f6fb8d396", -- _0 : UNIQUE_ID
    "ccdb2e52-76fc-4422-936f-a0239fd9d106", -- _1 : UNIQUE_ID
    "ccdb2e52-76fc-4422-936f-a0239fd9d106", -- _2 : UNIQUE_ID
    'hrm', -- _3 : STRING
    '', -- _4 : STRING
    0, -- _5 : INTEGER
    '../hrm.xtuml' -- _6 : STRING
);
INSERT INTO EP_PKG_PROXY VALUES (
    "fdd8efa1-97d4-4adc-a67d-1fb0bd49373b", -- _0 : UNIQUE_ID
    "00000000-0000-0000-0000-000000000000", -- _1 : UNIQUE_ID
    "ccdb2e52-76fc-4422-936f-a0239fd9d106", -- _2 : UNIQUE_ID
    'main', -- _3 : STRING
    '', -- _4 : STRING
    0, -- _5 : INTEGER
    '../main.xtuml' -- _6 : STRING
);
INSERT INTO EP_PKG_PROXY VALUES (
    "2ac1b93e-087c-4999-856e-c988c703dec6", -- _0 : UNIQUE_ID
    "46564f98-385d-43d9-876a-ca551a77e802", -- _1 : UNIQUE_ID
    "46564f98-385d-43d9-876a-ca551a77e802", -- _2 : UNIQUE_ID
    'UI', -- _3 : STRING
    '', -- _4 : STRING
    0, -- _5 : INTEGER
    '../UI.xtuml' -- _6 : STRING
);
INSERT INTO EP_PKG_PROXY VALUES (
    "2ac1b93e-087c-4999-856e-c988c703dec6", -- _0 : UNIQUE_ID
    "46564f98-385d-43d9-876a-ca551a77e802", -- _1 : UNIQUE_ID
    "46564f98-385d-43d9-876a-ca551a77e802", -- _2 : UNIQUE_ID
    'UI', -- _3 : STRING
    '', -- _4 : STRING
    0, -- _5 : INTEGER
    '../UI.xtuml' -- _6 : STRING
);
INSERT INTO EP_PKG_PROXY VALUES (
    "941213f0-4346-48d9-89fe-196761630487", -- _0 : UNIQUE_ID
    "00000000-0000-0000-0000-000000000000", -- _1 : UNIQUE_ID
    "46564f98-385d-43d9-876a-ca551a77e802", -- _2 : UNIQUE_ID
    'Shared', -- _3 : STRING
    '', -- _4 : STRING
    0, -- _5 : INTEGER
    '../Shared.xtuml' -- _6 : STRING
);
INSERT INTO C_C_PROXY VALUES (
    "8e4782c3-9567-4154-87b3-67069634e7a5", -- _0 : UNIQUE_ID
    "00000000-0000-0000-0000-000000000000", -- _1 : UNIQUE_ID
    "00000000-0000-0000-0000-000000000000", -- _2 : UNIQUE_ID
    'hr', -- _3 : STRING
    '', -- _4 : STRING
    0, -- _5 : INTEGER
    "00000000-0000-0000-0000-000000000000", -- _6 : UNIQUE_ID
    0, -- _7 : INTEGER
    '', -- _8 : STRING
    '../hr.xtuml' -- _9 : STRING
);
INSERT INTO C_C_PROXY VALUES (
    "d81dc79e-6692-4a39-b6d9-f5fc0b765726", -- _0 : UNIQUE_ID
    "00000000-0000-0000-0000-000000000000", -- _1 : UNIQUE_ID
    "00000000-0000-0000-0000-000000000000", -- _2 : UNIQUE_ID
    'UI', -- _3 : STRING
    '', -- _4 : STRING
    0, -- _5 : INTEGER
    "00000000-0000-0000-0000-000000000000", -- _6 : UNIQUE_ID
    0, -- _7 : INTEGER
    '', -- _8 : STRING
    '../UI.xtuml' -- _9 : STRING
);
INSERT INTO C_C_PROXY VALUES (
    "8e4782c3-9567-4154-87b3-67069634e7a5", -- _0 : UNIQUE_ID
    "00000000-0000-0000-0000-000000000000", -- _1 : UNIQUE_ID
    "00000000-0000-0000-0000-000000000000", -- _2 : UNIQUE_ID
    'hr', -- _3 : STRING
    '', -- _4 : STRING
    0, -- _5 : INTEGER
    "00000000-0000-0000-0000-000000000000", -- _6 : UNIQUE_ID
    0, -- _7 : INTEGER
    '', -- _8 : STRING
    '../../../../dhrm/models/dhrm/hrm/hr/hr.xtuml' -- _9 : STRING
);
INSERT INTO C_C_PROXY VALUES (
    "d81dc79e-6692-4a39-b6d9-f5fc0b765726", -- _0 : UNIQUE_ID
    "00000000-0000-0000-0000-000000000000", -- _1 : UNIQUE_ID
    "00000000-0000-0000-0000-000000000000", -- _2 : UNIQUE_ID
    'UI', -- _3 : STRING
    '', -- _4 : STRING
    0, -- _5 : INTEGER
    "00000000-0000-0000-0000-000000000000", -- _6 : UNIQUE_ID
    0, -- _7 : INTEGER
    '', -- _8 : STRING
    '../../../../UIHR/models/UIHR/UIHR/UI/UI.xtuml' -- _9 : STRING
);
INSERT INTO O_OBJ_PROXY VALUES (
    "d8528470-976c-421b-a087-1201ac24302f", -- _0 : UNIQUE_ID
    'Employee', -- _1 : STRING
    1, -- _2 : INTEGER
    'Employee', -- _3 : STRING
    '', -- _4 : STRING
    "00000000-0000-0000-0000-000000000000", -- _5 : UNIQUE_ID
    '../Employee.xtuml' -- _6 : STRING
);
INSERT INTO GD_AOS VALUES (
    "9a1664c8-f22d-4036-8780-8cd28e475a6d", -- _0 : UNIQUE_ID
    "c923b7f9-469d-4b77-9f53-0b705877d799" -- _1 : UNIQUE_ID
);
INSERT INTO C_IR_PROXY VALUES (
    "e211a314-f4cf-4d96-ab5d-86594500f9c9", -- _0 : UNIQUE_ID
    "102214df-1d03-428f-9eb8-5c5ce18bfdae", -- _1 : UNIQUE_ID
    "00000000-0000-0000-0000-000000000000", -- _2 : UNIQUE_ID
    "498d117c-4422-44a6-af7e-6cb02ada65c5", -- _3 : UNIQUE_ID
    '../../../../dhrm/models/dhrm/hrm/hr/hr.xtuml' -- _4 : STRING
);
INSERT INTO C_IR_PROXY VALUES (
    "3c565891-207b-4f8f-906f-7a28c50fa9aa", -- _0 : UNIQUE_ID
    "102214df-1d03-428f-9eb8-5c5ce18bfdae", -- _1 : UNIQUE_ID
    "00000000-0000-0000-0000-000000000000", -- _2 : UNIQUE_ID
    "d8aeacb7-ad9c-4082-9867-d8dc363f53b7", -- _3 : UNIQUE_ID
    '../../../../UIHR/models/UIHR/UIHR/UI/UI.xtuml' -- _4 : STRING
);
INSERT INTO C_PO_PROXY VALUES (
    "498d117c-4422-44a6-af7e-6cb02ada65c5", -- _0 : UNIQUE_ID
    "8e4782c3-9567-4154-87b3-67069634e7a5", -- _1 : UNIQUE_ID
    'UI', -- _2 : STRING
    0, -- _3 : INTEGER
    0, -- _4 : INTEGER
    '../../../../dhrm/models/dhrm/hrm/hr/hr.xtuml' -- _5 : STRING
);
INSERT INTO C_PO_PROXY VALUES (
    "d8aeacb7-ad9c-4082-9867-d8dc363f53b7", -- _0 : UNIQUE_ID
    "d81dc79e-6692-4a39-b6d9-f5fc0b765726", -- _1 : UNIQUE_ID
    'App', -- _2 : STRING
    0, -- _3 : INTEGER
    0, -- _4 : INTEGER
    '../../../../UIHR/models/UIHR/UIHR/UI/UI.xtuml' -- _5 : STRING
);
INSERT INTO C_R_PROXY VALUES (
    "3c565891-207b-4f8f-906f-7a28c50fa9aa", -- _0 : UNIQUE_ID
    'EP', -- _1 : STRING
    '', -- _2 : STRING
    'HRApp', -- _3 : STRING
    'UI::App::EP', -- _4 : STRING
    '../../../../UIHR/models/UIHR/UIHR/UI/UI.xtuml' -- _5 : STRING
);
INSERT INTO C_P_PROXY VALUES (
    "e211a314-f4cf-4d96-ab5d-86594500f9c9", -- _0 : UNIQUE_ID
    'EP', -- _1 : STRING
    'HRUI', -- _2 : STRING
    '', -- _3 : STRING
    'hr::UI::EP', -- _4 : STRING
    '../../../../dhrm/models/dhrm/hrm/hr/hr.xtuml' -- _5 : STRING
);
