INSERT INTO ACT_ACT VALUES (
    "966ddb9f-cb06-4406-b8e2-107308c35f5c", -- Action_ID : UNIQUE_ID
    'function', -- Type : STRING
    0, -- LoopLevel : INTEGER
    "dd79756f-b8ff-48c4-b491-06d4fa1f5415", -- Block_ID : UNIQUE_ID
    "00000000-0000-0000-0000-000000000000", -- CurrentScope_ID : UNIQUE_ID
    0, -- return_value : INTEGER
    'Reply', -- Label : STRING
    "a7bd53fb-f4e0-462c-aaec-231b57325d4b" -- Parsed_Block_ID : UNIQUE_ID
);
INSERT INTO ACT_ACT VALUES (
    "9ea8e3e0-185a-4ad1-ab95-fc49a837bedf", -- Action_ID : UNIQUE_ID
    'bridge', -- Type : STRING
    0, -- LoopLevel : INTEGER
    "1f66eec2-b9c7-4896-b34d-0936f5744349", -- Block_ID : UNIQUE_ID
    "00000000-0000-0000-0000-000000000000", -- CurrentScope_ID : UNIQUE_ID
    0, -- return_value : INTEGER
    '', -- Label : STRING
    "4d467e8a-ef20-48c2-ad5a-85e9c17e2087" -- Parsed_Block_ID : UNIQUE_ID
);
INSERT INTO ACT_ACT VALUES (
    "e0b80da1-29c8-4a23-9e91-e43c53226955", -- Action_ID : UNIQUE_ID
    'bridge', -- Type : STRING
    0, -- LoopLevel : INTEGER
    "1f7d4743-1f4d-4854-9dc8-51c490e24328", -- Block_ID : UNIQUE_ID
    "00000000-0000-0000-0000-000000000000", -- CurrentScope_ID : UNIQUE_ID
    0, -- return_value : INTEGER
    '', -- Label : STRING
    "e5fbc4e6-4d30-4d35-bac0-647b94228d46" -- Parsed_Block_ID : UNIQUE_ID
);
INSERT INTO ACT_ACT VALUES (
    "0516a57b-875f-4f12-bfce-cdaaa6742fda", -- Action_ID : UNIQUE_ID
    'bridge', -- Type : STRING
    0, -- LoopLevel : INTEGER
    "80c6a4ff-f034-4152-b161-ec76b8b8ca57", -- Block_ID : UNIQUE_ID
    "00000000-0000-0000-0000-000000000000", -- CurrentScope_ID : UNIQUE_ID
    0, -- return_value : INTEGER
    '', -- Label : STRING
    "792f137d-4fab-4b53-b583-532624371d9d" -- Parsed_Block_ID : UNIQUE_ID
);
INSERT INTO ACT_ACT VALUES (
    "c1c2ff1b-81f0-4ec5-91e5-2e426fe624c2", -- Action_ID : UNIQUE_ID
    'bridge', -- Type : STRING
    0, -- LoopLevel : INTEGER
    "2d3b0d99-4654-45a3-b02e-fdbb90421a17", -- Block_ID : UNIQUE_ID
    "00000000-0000-0000-0000-000000000000", -- CurrentScope_ID : UNIQUE_ID
    0, -- return_value : INTEGER
    '', -- Label : STRING
    "6414a336-ab4b-4d95-96ad-a2f4e9222058" -- Parsed_Block_ID : UNIQUE_ID
);
INSERT INTO ACT_ACT VALUES (
    "d562c775-b66d-4fc0-b84c-465e72739a6f", -- Action_ID : UNIQUE_ID
    'bridge', -- Type : STRING
    0, -- LoopLevel : INTEGER
    "e2d13ffb-62bb-4985-939f-597cc07889b9", -- Block_ID : UNIQUE_ID
    "00000000-0000-0000-0000-000000000000", -- CurrentScope_ID : UNIQUE_ID
    0, -- return_value : INTEGER
    '', -- Label : STRING
    "136bfd35-3de7-40fd-82ed-32e20d76b894" -- Parsed_Block_ID : UNIQUE_ID
);
INSERT INTO ACT_ACT VALUES (
    "eb2e196d-48c6-4325-b492-7055aa5aa0c4", -- Action_ID : UNIQUE_ID
    'bridge', -- Type : STRING
    0, -- LoopLevel : INTEGER
    "85666b9d-482d-48eb-8889-3a5c2034440b", -- Block_ID : UNIQUE_ID
    "00000000-0000-0000-0000-000000000000", -- CurrentScope_ID : UNIQUE_ID
    0, -- return_value : INTEGER
    '', -- Label : STRING
    "b315ecb2-409c-4a46-b792-f6eec182e9f6" -- Parsed_Block_ID : UNIQUE_ID
);
INSERT INTO ACT_ACT VALUES (
    "3c080fe4-1eba-435b-97dd-7c90531f0f9d", -- Action_ID : UNIQUE_ID
    'bridge', -- Type : STRING
    0, -- LoopLevel : INTEGER
    "e675ba98-7364-4515-812a-07b082fc57c8", -- Block_ID : UNIQUE_ID
    "00000000-0000-0000-0000-000000000000", -- CurrentScope_ID : UNIQUE_ID
    0, -- return_value : INTEGER
    '', -- Label : STRING
    "600a86e6-44ac-4bfa-8576-c6bb1f895638" -- Parsed_Block_ID : UNIQUE_ID
);
INSERT INTO ACT_ACT VALUES (
    "f3406b70-5f39-4412-8ca8-d095a3d7a201", -- Action_ID : UNIQUE_ID
    'bridge', -- Type : STRING
    0, -- LoopLevel : INTEGER
    "cd1adec8-9090-40c8-93aa-e5308bfdda31", -- Block_ID : UNIQUE_ID
    "00000000-0000-0000-0000-000000000000", -- CurrentScope_ID : UNIQUE_ID
    0, -- return_value : INTEGER
    '', -- Label : STRING
    "7a61477b-8a21-430e-9cd9-249ba8bd5703" -- Parsed_Block_ID : UNIQUE_ID
);
INSERT INTO ACT_ACT VALUES (
    "7dc09467-ba55-4281-8c6c-564c732a22b9", -- Action_ID : UNIQUE_ID
    'bridge', -- Type : STRING
    0, -- LoopLevel : INTEGER
    "487d24ad-3f63-47fc-91cd-d90da746bb8f", -- Block_ID : UNIQUE_ID
    "00000000-0000-0000-0000-000000000000", -- CurrentScope_ID : UNIQUE_ID
    0, -- return_value : INTEGER
    '', -- Label : STRING
    "dd6f7b2c-0af7-4fcf-9c27-7b3762e647c0" -- Parsed_Block_ID : UNIQUE_ID
);
INSERT INTO ACT_ACT VALUES (
    "e0ca2b42-d0f8-4a89-a694-ea7ff39556f0", -- Action_ID : UNIQUE_ID
    'bridge', -- Type : STRING
    0, -- LoopLevel : INTEGER
    "8d901fab-3fb2-490c-bda2-62349e59ed46", -- Block_ID : UNIQUE_ID
    "00000000-0000-0000-0000-000000000000", -- CurrentScope_ID : UNIQUE_ID
    0, -- return_value : INTEGER
    '', -- Label : STRING
    "bc7cfa0f-126d-43bd-92cb-76a018ca697a" -- Parsed_Block_ID : UNIQUE_ID
);
INSERT INTO ACT_ACT VALUES (
    "453df26b-4ed3-4690-b7c1-63bf412c146a", -- Action_ID : UNIQUE_ID
    'bridge', -- Type : STRING
    0, -- LoopLevel : INTEGER
    "86f5d66c-0f2b-4cec-90eb-81e20250e31b", -- Block_ID : UNIQUE_ID
    "00000000-0000-0000-0000-000000000000", -- CurrentScope_ID : UNIQUE_ID
    0, -- return_value : INTEGER
    '', -- Label : STRING
    "c3d284e3-5e32-4863-82a0-081a4fbc09a0" -- Parsed_Block_ID : UNIQUE_ID
);
INSERT INTO ACT_ACT VALUES (
    "2254ce3e-cd88-4e2b-ab7b-1a051331153a", -- Action_ID : UNIQUE_ID
    'bridge', -- Type : STRING
    0, -- LoopLevel : INTEGER
    "7ea946a2-91bd-4613-9398-bb26c117e4a3", -- Block_ID : UNIQUE_ID
    "00000000-0000-0000-0000-000000000000", -- CurrentScope_ID : UNIQUE_ID
    0, -- return_value : INTEGER
    '', -- Label : STRING
    "ade1bc45-504d-4e87-9631-d444ff38150f" -- Parsed_Block_ID : UNIQUE_ID
);
INSERT INTO ACT_ACT VALUES (
    "6a4074bf-ad58-4416-8d65-384cbeb7bf26", -- Action_ID : UNIQUE_ID
    'bridge', -- Type : STRING
    0, -- LoopLevel : INTEGER
    "816adaf0-063b-4bd1-a61f-5fe95b5e463e", -- Block_ID : UNIQUE_ID
    "00000000-0000-0000-0000-000000000000", -- CurrentScope_ID : UNIQUE_ID
    0, -- return_value : INTEGER
    '', -- Label : STRING
    "1cb8646d-2173-4800-9a2f-91c41229539f" -- Parsed_Block_ID : UNIQUE_ID
);
INSERT INTO ACT_ACT VALUES (
    "7806abff-d1cb-45cd-aa2d-492a9d0c6ded", -- Action_ID : UNIQUE_ID
    'bridge', -- Type : STRING
    0, -- LoopLevel : INTEGER
    "697c95b8-39ea-4c9d-9021-574065b4509c", -- Block_ID : UNIQUE_ID
    "00000000-0000-0000-0000-000000000000", -- CurrentScope_ID : UNIQUE_ID
    0, -- return_value : INTEGER
    '', -- Label : STRING
    "8afd6828-2334-4ad8-992f-e0b19ef7d5bd" -- Parsed_Block_ID : UNIQUE_ID
);
INSERT INTO ACT_ACT VALUES (
    "e7713843-da13-43e6-bb59-c801b46a5f7c", -- Action_ID : UNIQUE_ID
    'bridge', -- Type : STRING
    0, -- LoopLevel : INTEGER
    "c19b9602-a13e-46aa-8781-a84851172829", -- Block_ID : UNIQUE_ID
    "00000000-0000-0000-0000-000000000000", -- CurrentScope_ID : UNIQUE_ID
    0, -- return_value : INTEGER
    '', -- Label : STRING
    "e4124223-5390-4833-87f4-793e22b29e54" -- Parsed_Block_ID : UNIQUE_ID
);
INSERT INTO ACT_ACT VALUES (
    "7a6dda8b-8601-41a2-88e9-699247334b27", -- Action_ID : UNIQUE_ID
    'bridge', -- Type : STRING
    0, -- LoopLevel : INTEGER
    "4e28d6cc-9902-401a-a5d1-92c47a306b82", -- Block_ID : UNIQUE_ID
    "00000000-0000-0000-0000-000000000000", -- CurrentScope_ID : UNIQUE_ID
    0, -- return_value : INTEGER
    '', -- Label : STRING
    "10d35999-b371-4543-8a2d-2f36bc719e64" -- Parsed_Block_ID : UNIQUE_ID
);
INSERT INTO ACT_ACT VALUES (
    "30672f53-7a66-4500-80b5-38048e0d4c54", -- Action_ID : UNIQUE_ID
    'bridge', -- Type : STRING
    0, -- LoopLevel : INTEGER
    "22391a79-d56d-415d-9214-ee03849447f5", -- Block_ID : UNIQUE_ID
    "00000000-0000-0000-0000-000000000000", -- CurrentScope_ID : UNIQUE_ID
    0, -- return_value : INTEGER
    '', -- Label : STRING
    "2c92c4f9-1dcc-47aa-9b07-e9f4645f7cb8" -- Parsed_Block_ID : UNIQUE_ID
);
INSERT INTO ACT_ACT VALUES (
    "4f8b4a74-8c59-446f-b5ab-fdbb113f1ff0", -- Action_ID : UNIQUE_ID
    'bridge', -- Type : STRING
    0, -- LoopLevel : INTEGER
    "38f10722-847a-4029-89fe-93d51509aec8", -- Block_ID : UNIQUE_ID
    "00000000-0000-0000-0000-000000000000", -- CurrentScope_ID : UNIQUE_ID
    0, -- return_value : INTEGER
    '', -- Label : STRING
    "c811fa25-8b19-4d87-89af-00473709057e" -- Parsed_Block_ID : UNIQUE_ID
);
INSERT INTO ACT_ACT VALUES (
    "d467eba3-d8aa-45bb-9c36-2bce3e2180c7", -- Action_ID : UNIQUE_ID
    'bridge', -- Type : STRING
    0, -- LoopLevel : INTEGER
    "0b4bd52d-7b9b-4cfc-a3bc-51975bb2834c", -- Block_ID : UNIQUE_ID
    "00000000-0000-0000-0000-000000000000", -- CurrentScope_ID : UNIQUE_ID
    0, -- return_value : INTEGER
    '', -- Label : STRING
    "61a47e25-192d-45a6-b347-8910c10d390b" -- Parsed_Block_ID : UNIQUE_ID
);
INSERT INTO ACT_ACT VALUES (
    "7a55dcad-86f6-45c8-8f87-ccf7df08265a", -- Action_ID : UNIQUE_ID
    'bridge', -- Type : STRING
    0, -- LoopLevel : INTEGER
    "31be5738-3283-40d3-bafb-8c4485ac37ca", -- Block_ID : UNIQUE_ID
    "00000000-0000-0000-0000-000000000000", -- CurrentScope_ID : UNIQUE_ID
    0, -- return_value : INTEGER
    '', -- Label : STRING
    "8d989258-21a2-4a4f-89ca-a0446f2b21e3" -- Parsed_Block_ID : UNIQUE_ID
);
INSERT INTO ACT_ACT VALUES (
    "f17cfd04-6541-4adc-a232-7ad9aeeabbd9", -- Action_ID : UNIQUE_ID
    'bridge', -- Type : STRING
    0, -- LoopLevel : INTEGER
    "6aa017b6-f191-4320-8008-2a0c751fdf0f", -- Block_ID : UNIQUE_ID
    "00000000-0000-0000-0000-000000000000", -- CurrentScope_ID : UNIQUE_ID
    0, -- return_value : INTEGER
    '', -- Label : STRING
    "d409b167-148d-451b-993f-4bd4fa897b4b" -- Parsed_Block_ID : UNIQUE_ID
);
INSERT INTO ACT_ACT VALUES (
    "45e2f4b3-3a09-440d-8553-e040ea316aab", -- Action_ID : UNIQUE_ID
    'bridge', -- Type : STRING
    0, -- LoopLevel : INTEGER
    "e85a6052-34c8-45a5-b984-759ae7126b1b", -- Block_ID : UNIQUE_ID
    "00000000-0000-0000-0000-000000000000", -- CurrentScope_ID : UNIQUE_ID
    0, -- return_value : INTEGER
    '', -- Label : STRING
    "b2434a44-7105-48bf-a744-3f37a96635c8" -- Parsed_Block_ID : UNIQUE_ID
);
INSERT INTO ACT_ACT VALUES (
    "f6479385-de93-443f-a9d9-2d5e095d5966", -- Action_ID : UNIQUE_ID
    'bridge', -- Type : STRING
    0, -- LoopLevel : INTEGER
    "a967aa1d-239e-4f27-9054-2443487464d1", -- Block_ID : UNIQUE_ID
    "00000000-0000-0000-0000-000000000000", -- CurrentScope_ID : UNIQUE_ID
    0, -- return_value : INTEGER
    '', -- Label : STRING
    "65bcbaca-ccae-4787-8a27-ce650f63436b" -- Parsed_Block_ID : UNIQUE_ID
);
INSERT INTO ACT_ACT VALUES (
    "4269e95a-6e8a-467e-bf33-b8effea6455b", -- Action_ID : UNIQUE_ID
    'bridge', -- Type : STRING
    0, -- LoopLevel : INTEGER
    "18737513-bb3f-4a18-afd1-8aa039e1e2fd", -- Block_ID : UNIQUE_ID
    "00000000-0000-0000-0000-000000000000", -- CurrentScope_ID : UNIQUE_ID
    0, -- return_value : INTEGER
    '', -- Label : STRING
    "c92aaaf0-7734-43d1-af27-73c80e48472e" -- Parsed_Block_ID : UNIQUE_ID
);
INSERT INTO ACT_ACT VALUES (
    "75643f1f-f947-4206-bada-b3b71098cf15", -- Action_ID : UNIQUE_ID
    'bridge', -- Type : STRING
    0, -- LoopLevel : INTEGER
    "df6e80f1-79b3-49e6-828e-324908f22282", -- Block_ID : UNIQUE_ID
    "00000000-0000-0000-0000-000000000000", -- CurrentScope_ID : UNIQUE_ID
    0, -- return_value : INTEGER
    '', -- Label : STRING
    "2f8f1acd-2fda-4d32-b5a8-18d9144f5bca" -- Parsed_Block_ID : UNIQUE_ID
);
INSERT INTO ACT_ACT VALUES (
    "dfc0a90d-2d7d-4834-96b0-f71804b0e534", -- Action_ID : UNIQUE_ID
    'bridge', -- Type : STRING
    0, -- LoopLevel : INTEGER
    "ef595919-544e-4613-84f2-9ab778665f92", -- Block_ID : UNIQUE_ID
    "00000000-0000-0000-0000-000000000000", -- CurrentScope_ID : UNIQUE_ID
    0, -- return_value : INTEGER
    '', -- Label : STRING
    "6d243a80-e6c0-40b7-b979-e92859fc54a4" -- Parsed_Block_ID : UNIQUE_ID
);
INSERT INTO ACT_ACT VALUES (
    "7b887fdd-8f21-4840-a6da-b0da60baeb94", -- Action_ID : UNIQUE_ID
    'bridge', -- Type : STRING
    0, -- LoopLevel : INTEGER
    "9f0db3b1-f8b6-4624-9c0b-f8adbcfcf87f", -- Block_ID : UNIQUE_ID
    "00000000-0000-0000-0000-000000000000", -- CurrentScope_ID : UNIQUE_ID
    0, -- return_value : INTEGER
    '', -- Label : STRING
    "be7b11f9-50a2-44bc-bfcc-de2e4cc122f3" -- Parsed_Block_ID : UNIQUE_ID
);
INSERT INTO ACT_ACT VALUES (
    "e9be4cab-7b26-4136-a9f1-0b3276f3982b", -- Action_ID : UNIQUE_ID
    'bridge', -- Type : STRING
    0, -- LoopLevel : INTEGER
    "d578abdf-2606-4af3-95f6-731dd7319ebe", -- Block_ID : UNIQUE_ID
    "00000000-0000-0000-0000-000000000000", -- CurrentScope_ID : UNIQUE_ID
    0, -- return_value : INTEGER
    '', -- Label : STRING
    "a302a80d-d66e-467d-b537-275e15ea741f" -- Parsed_Block_ID : UNIQUE_ID
);
INSERT INTO ACT_ACT VALUES (
    "95f937d3-ca42-4462-80a1-fde7cde4d950", -- Action_ID : UNIQUE_ID
    'bridge', -- Type : STRING
    0, -- LoopLevel : INTEGER
    "617888e9-738c-405a-be7e-b873ba1c795b", -- Block_ID : UNIQUE_ID
    "00000000-0000-0000-0000-000000000000", -- CurrentScope_ID : UNIQUE_ID
    0, -- return_value : INTEGER
    '', -- Label : STRING
    "6f41298c-6b35-4aaf-9356-8311ffeee6f9" -- Parsed_Block_ID : UNIQUE_ID
);
INSERT INTO ACT_ACT VALUES (
    "77bea803-0050-49b6-a900-217114376e71", -- Action_ID : UNIQUE_ID
    'bridge', -- Type : STRING
    0, -- LoopLevel : INTEGER
    "5a83b18a-c7b0-42c2-8de9-e791e31d8a73", -- Block_ID : UNIQUE_ID
    "00000000-0000-0000-0000-000000000000", -- CurrentScope_ID : UNIQUE_ID
    0, -- return_value : INTEGER
    '', -- Label : STRING
    "f9e01524-b203-4e5b-a0cb-97de771f3635" -- Parsed_Block_ID : UNIQUE_ID
);
INSERT INTO ACT_ACT VALUES (
    "c24ba9ca-7595-46e2-832c-d40cddcd82f7", -- Action_ID : UNIQUE_ID
    'bridge', -- Type : STRING
    0, -- LoopLevel : INTEGER
    "5f35a019-3956-432c-99a9-6898f1fb42ed", -- Block_ID : UNIQUE_ID
    "00000000-0000-0000-0000-000000000000", -- CurrentScope_ID : UNIQUE_ID
    0, -- return_value : INTEGER
    '', -- Label : STRING
    "d7a72b0a-46f2-4c86-9cf1-a012c79deddc" -- Parsed_Block_ID : UNIQUE_ID
);
INSERT INTO ACT_ACT VALUES (
    "5e7b4470-dab9-4c04-b85d-0e56519e8713", -- Action_ID : UNIQUE_ID
    'bridge', -- Type : STRING
    0, -- LoopLevel : INTEGER
    "6da87701-8648-4d2d-9d94-cb5100feea7c", -- Block_ID : UNIQUE_ID
    "00000000-0000-0000-0000-000000000000", -- CurrentScope_ID : UNIQUE_ID
    0, -- return_value : INTEGER
    '', -- Label : STRING
    "3d5ff7d5-971d-4e12-84cc-ed8450ade169" -- Parsed_Block_ID : UNIQUE_ID
);
INSERT INTO ACT_ACT VALUES (
    "19c8b775-421e-4149-9bf0-28614363dbb8", -- Action_ID : UNIQUE_ID
    'bridge', -- Type : STRING
    0, -- LoopLevel : INTEGER
    "e6c02803-8e28-4367-95b5-8cfe3e752587", -- Block_ID : UNIQUE_ID
    "00000000-0000-0000-0000-000000000000", -- CurrentScope_ID : UNIQUE_ID
    0, -- return_value : INTEGER
    '', -- Label : STRING
    "d0a4122e-38c8-4db5-8039-eacfd04a0350" -- Parsed_Block_ID : UNIQUE_ID
);
INSERT INTO ACT_ACT VALUES (
    "82f9acfe-f708-47e7-8b11-689ad4ef17a7", -- Action_ID : UNIQUE_ID
    'bridge', -- Type : STRING
    0, -- LoopLevel : INTEGER
    "73cce5cf-c919-45ca-805c-13f60549527e", -- Block_ID : UNIQUE_ID
    "00000000-0000-0000-0000-000000000000", -- CurrentScope_ID : UNIQUE_ID
    0, -- return_value : INTEGER
    '', -- Label : STRING
    "10df04e8-4e67-4956-b992-973d3fcca3dc" -- Parsed_Block_ID : UNIQUE_ID
);
INSERT INTO ACT_ACT VALUES (
    "47740bf5-b50f-4e43-9dc8-7a8ffc7e4ad0", -- Action_ID : UNIQUE_ID
    'bridge', -- Type : STRING
    0, -- LoopLevel : INTEGER
    "7279366a-2a0e-4a15-b6bf-c8765b00e6cc", -- Block_ID : UNIQUE_ID
    "00000000-0000-0000-0000-000000000000", -- CurrentScope_ID : UNIQUE_ID
    0, -- return_value : INTEGER
    '', -- Label : STRING
    "131a06c2-e137-4cec-8367-f084d4240669" -- Parsed_Block_ID : UNIQUE_ID
);
INSERT INTO ACT_ACT VALUES (
    "11b0cff7-a19b-48a5-bd1c-d71ae33d51e4", -- Action_ID : UNIQUE_ID
    'bridge', -- Type : STRING
    0, -- LoopLevel : INTEGER
    "35f3c752-f3e8-4c18-a24d-377441a1e2a5", -- Block_ID : UNIQUE_ID
    "00000000-0000-0000-0000-000000000000", -- CurrentScope_ID : UNIQUE_ID
    0, -- return_value : INTEGER
    '', -- Label : STRING
    "54b23f17-8315-4702-884e-859b0a5aebab" -- Parsed_Block_ID : UNIQUE_ID
);
INSERT INTO ACT_ACT VALUES (
    "c9f227d5-8993-40f7-87c7-40a9c886d87d", -- Action_ID : UNIQUE_ID
    'bridge', -- Type : STRING
    0, -- LoopLevel : INTEGER
    "e2687c5d-3800-4564-962b-a5cf0af7d259", -- Block_ID : UNIQUE_ID
    "00000000-0000-0000-0000-000000000000", -- CurrentScope_ID : UNIQUE_ID
    0, -- return_value : INTEGER
    '', -- Label : STRING
    "accd9b2b-1f57-494f-855b-7c5f48e38d35" -- Parsed_Block_ID : UNIQUE_ID
);
INSERT INTO ACT_ACT VALUES (
    "6b9bed19-c8a3-45a8-bac6-579ad5a1ef4a", -- Action_ID : UNIQUE_ID
    'bridge', -- Type : STRING
    0, -- LoopLevel : INTEGER
    "331e1039-6400-4335-b64e-2049412419df", -- Block_ID : UNIQUE_ID
    "00000000-0000-0000-0000-000000000000", -- CurrentScope_ID : UNIQUE_ID
    0, -- return_value : INTEGER
    '', -- Label : STRING
    "cc807dc3-8ac1-4a84-8d62-e8c0ff8689e8" -- Parsed_Block_ID : UNIQUE_ID
);
INSERT INTO ACT_ACT VALUES (
    "529ca66e-48fa-4d4b-8ae1-743f278f4e34", -- Action_ID : UNIQUE_ID
    'bridge', -- Type : STRING
    0, -- LoopLevel : INTEGER
    "0f21f6f3-5530-4dbb-8b5a-6b1861a4a959", -- Block_ID : UNIQUE_ID
    "00000000-0000-0000-0000-000000000000", -- CurrentScope_ID : UNIQUE_ID
    0, -- return_value : INTEGER
    '', -- Label : STRING
    "68e9efbf-a009-4e54-b4ad-40ee04c44b0f" -- Parsed_Block_ID : UNIQUE_ID
);
INSERT INTO ACT_ACT VALUES (
    "5e9a20d0-6949-4a50-ac9c-abab69d50276", -- Action_ID : UNIQUE_ID
    'bridge', -- Type : STRING
    0, -- LoopLevel : INTEGER
    "1e24c886-55e4-407e-a6d1-ede6b3e3bfb9", -- Block_ID : UNIQUE_ID
    "00000000-0000-0000-0000-000000000000", -- CurrentScope_ID : UNIQUE_ID
    0, -- return_value : INTEGER
    '', -- Label : STRING
    "67e62301-becf-47f3-a234-8c74dde93120" -- Parsed_Block_ID : UNIQUE_ID
);
INSERT INTO ACT_ACT VALUES (
    "88975c59-4e99-4b97-bc44-222af328462e", -- Action_ID : UNIQUE_ID
    'bridge', -- Type : STRING
    0, -- LoopLevel : INTEGER
    "dfda80de-5f90-4047-a239-263b0a09f757", -- Block_ID : UNIQUE_ID
    "00000000-0000-0000-0000-000000000000", -- CurrentScope_ID : UNIQUE_ID
    0, -- return_value : INTEGER
    '', -- Label : STRING
    "443941ec-709b-47c2-bbca-220c04d3aa11" -- Parsed_Block_ID : UNIQUE_ID
);
INSERT INTO ACT_ACT VALUES (
    "4d026cb3-0b73-42c5-a4b8-522634ea1b80", -- Action_ID : UNIQUE_ID
    'bridge', -- Type : STRING
    0, -- LoopLevel : INTEGER
    "9cb85f54-0988-4179-90d9-ff7f3288a3b9", -- Block_ID : UNIQUE_ID
    "00000000-0000-0000-0000-000000000000", -- CurrentScope_ID : UNIQUE_ID
    0, -- return_value : INTEGER
    '', -- Label : STRING
    "a7eb1d13-4513-4471-ae4c-f9b959bf81f2" -- Parsed_Block_ID : UNIQUE_ID
);
INSERT INTO ACT_ACT VALUES (
    "496f4578-e6ab-4197-bcfd-2c76af201cb6", -- Action_ID : UNIQUE_ID
    'bridge', -- Type : STRING
    0, -- LoopLevel : INTEGER
    "b08b1f3e-55a0-4ec6-a506-42321c2a5ef6", -- Block_ID : UNIQUE_ID
    "00000000-0000-0000-0000-000000000000", -- CurrentScope_ID : UNIQUE_ID
    0, -- return_value : INTEGER
    '', -- Label : STRING
    "f3957bc6-d4a4-4ccd-8ef4-eae02eb1a42f" -- Parsed_Block_ID : UNIQUE_ID
);
INSERT INTO ACT_ACT VALUES (
    "a4fe2aba-f456-4461-b76f-1cd139bcc58e", -- Action_ID : UNIQUE_ID
    'bridge', -- Type : STRING
    0, -- LoopLevel : INTEGER
    "6ba5ffb7-2156-4049-a54e-bf1bcd925a77", -- Block_ID : UNIQUE_ID
    "00000000-0000-0000-0000-000000000000", -- CurrentScope_ID : UNIQUE_ID
    0, -- return_value : INTEGER
    '', -- Label : STRING
    "819cb727-0c85-4d5e-afc3-f528420242ab" -- Parsed_Block_ID : UNIQUE_ID
);
INSERT INTO ACT_ACT VALUES (
    "5dd2623d-67c4-485d-8f46-02c707386e32", -- Action_ID : UNIQUE_ID
    'bridge', -- Type : STRING
    0, -- LoopLevel : INTEGER
    "8e2ba41b-7c99-4a52-a6ca-906c5567fc89", -- Block_ID : UNIQUE_ID
    "00000000-0000-0000-0000-000000000000", -- CurrentScope_ID : UNIQUE_ID
    0, -- return_value : INTEGER
    '', -- Label : STRING
    "13937592-3ace-492f-aee4-108db61b3c02" -- Parsed_Block_ID : UNIQUE_ID
);
INSERT INTO ACT_ACT VALUES (
    "c1eef87c-279b-46b5-bfd6-6af3ebad66b4", -- Action_ID : UNIQUE_ID
    'bridge', -- Type : STRING
    0, -- LoopLevel : INTEGER
    "5222b2de-6bd4-4b8d-8f8f-e4e3747dc127", -- Block_ID : UNIQUE_ID
    "00000000-0000-0000-0000-000000000000", -- CurrentScope_ID : UNIQUE_ID
    0, -- return_value : INTEGER
    '', -- Label : STRING
    "63c8eb7d-93df-4303-acf6-58299ed9fc02" -- Parsed_Block_ID : UNIQUE_ID
);
INSERT INTO ACT_ACT VALUES (
    "ca1a25ca-8cdd-49bd-b583-0dd95b2bd300", -- Action_ID : UNIQUE_ID
    'bridge', -- Type : STRING
    0, -- LoopLevel : INTEGER
    "40819ed6-06bb-477c-806f-040e28b621d3", -- Block_ID : UNIQUE_ID
    "00000000-0000-0000-0000-000000000000", -- CurrentScope_ID : UNIQUE_ID
    0, -- return_value : INTEGER
    '', -- Label : STRING
    "020d2c31-fc75-41b4-b75a-617e56a867fb" -- Parsed_Block_ID : UNIQUE_ID
);
INSERT INTO ACT_ACT VALUES (
    "c259c769-76f8-4352-86e1-97df6c7f6824", -- Action_ID : UNIQUE_ID
    'bridge', -- Type : STRING
    0, -- LoopLevel : INTEGER
    "f9821ac0-eccf-4e38-b148-3c43f795488d", -- Block_ID : UNIQUE_ID
    "00000000-0000-0000-0000-000000000000", -- CurrentScope_ID : UNIQUE_ID
    0, -- return_value : INTEGER
    '', -- Label : STRING
    "58137204-cab1-4459-b21d-36b574f1097c" -- Parsed_Block_ID : UNIQUE_ID
);
INSERT INTO ACT_ACT VALUES (
    "3b6d953c-c6c2-4363-91fc-e6943f992094", -- Action_ID : UNIQUE_ID
    'bridge', -- Type : STRING
    0, -- LoopLevel : INTEGER
    "ccc2b2a9-a891-463b-ad81-5d652cc3c443", -- Block_ID : UNIQUE_ID
    "00000000-0000-0000-0000-000000000000", -- CurrentScope_ID : UNIQUE_ID
    0, -- return_value : INTEGER
    '', -- Label : STRING
    "8b6cbdb5-5204-4d57-b14c-e5530cf098fd" -- Parsed_Block_ID : UNIQUE_ID
);
INSERT INTO ACT_ACT VALUES (
    "e1e027d9-2698-48d5-bb28-4e2d7655f294", -- Action_ID : UNIQUE_ID
    'bridge', -- Type : STRING
    0, -- LoopLevel : INTEGER
    "1271e61f-dcfa-49a0-905a-4aafd537b7ee", -- Block_ID : UNIQUE_ID
    "00000000-0000-0000-0000-000000000000", -- CurrentScope_ID : UNIQUE_ID
    0, -- return_value : INTEGER
    '', -- Label : STRING
    "ce1b8c43-b297-4989-8143-3c679b37c053" -- Parsed_Block_ID : UNIQUE_ID
);
INSERT INTO ACT_ACT VALUES (
    "d7b1982b-9247-4074-b600-59bd19831396", -- Action_ID : UNIQUE_ID
    'bridge', -- Type : STRING
    0, -- LoopLevel : INTEGER
    "fb7aba5b-4a8d-4739-97a2-64ab889c562e", -- Block_ID : UNIQUE_ID
    "00000000-0000-0000-0000-000000000000", -- CurrentScope_ID : UNIQUE_ID
    0, -- return_value : INTEGER
    '', -- Label : STRING
    "65e4d624-8ee9-4245-9c1a-e2fa4da8a405" -- Parsed_Block_ID : UNIQUE_ID
);
INSERT INTO ACT_ACT VALUES (
    "45ac3edb-2a8b-4e2e-b0f2-0921bede6b7f", -- Action_ID : UNIQUE_ID
    'bridge', -- Type : STRING
    0, -- LoopLevel : INTEGER
    "3ad7bb9a-511e-4c10-964a-ba95eeb8d882", -- Block_ID : UNIQUE_ID
    "00000000-0000-0000-0000-000000000000", -- CurrentScope_ID : UNIQUE_ID
    0, -- return_value : INTEGER
    '', -- Label : STRING
    "5c58ff35-b1cf-4f91-8bc3-051b90e26091" -- Parsed_Block_ID : UNIQUE_ID
);
INSERT INTO ACT_ACT VALUES (
    "96a0bf5d-a8fc-4097-97b4-44211590b4df", -- Action_ID : UNIQUE_ID
    'bridge', -- Type : STRING
    0, -- LoopLevel : INTEGER
    "02a779f2-d798-47d7-a10f-c25fd066b12a", -- Block_ID : UNIQUE_ID
    "00000000-0000-0000-0000-000000000000", -- CurrentScope_ID : UNIQUE_ID
    0, -- return_value : INTEGER
    '', -- Label : STRING
    "668bfd32-3441-411a-8616-5d1db01f29c3" -- Parsed_Block_ID : UNIQUE_ID
);
INSERT INTO ACT_ACT VALUES (
    "1abab7cb-ae42-42a2-9dd9-e9903ac10cbf", -- Action_ID : UNIQUE_ID
    'bridge', -- Type : STRING
    0, -- LoopLevel : INTEGER
    "079a44de-bb03-4b23-856c-ae9e7d9cbd6c", -- Block_ID : UNIQUE_ID
    "00000000-0000-0000-0000-000000000000", -- CurrentScope_ID : UNIQUE_ID
    0, -- return_value : INTEGER
    '', -- Label : STRING
    "4e9828c4-9e46-4493-8951-6f20bdb66e1d" -- Parsed_Block_ID : UNIQUE_ID
);
INSERT INTO ACT_ACT VALUES (
    "355bde16-01d2-45e9-8bed-2eefb4f34acf", -- Action_ID : UNIQUE_ID
    'bridge', -- Type : STRING
    0, -- LoopLevel : INTEGER
    "288efb3a-6acc-45fc-8509-4d322ffe991a", -- Block_ID : UNIQUE_ID
    "00000000-0000-0000-0000-000000000000", -- CurrentScope_ID : UNIQUE_ID
    0, -- return_value : INTEGER
    '', -- Label : STRING
    "13cdb5cc-96d9-4771-97cb-b734c4cfa061" -- Parsed_Block_ID : UNIQUE_ID
);
INSERT INTO ACT_ACT VALUES (
    "ee51bbac-4d90-4fac-8461-593ed07586d6", -- Action_ID : UNIQUE_ID
    'bridge', -- Type : STRING
    0, -- LoopLevel : INTEGER
    "c5a59589-059b-4901-b21c-b4f7ee517b3f", -- Block_ID : UNIQUE_ID
    "00000000-0000-0000-0000-000000000000", -- CurrentScope_ID : UNIQUE_ID
    0, -- return_value : INTEGER
    '', -- Label : STRING
    "090cbb81-0f0b-4983-bd1e-413ba38150ed" -- Parsed_Block_ID : UNIQUE_ID
);
INSERT INTO ACT_ACT VALUES (
    "1974cb09-9eba-4263-823c-90c46623836d", -- Action_ID : UNIQUE_ID
    'bridge', -- Type : STRING
    0, -- LoopLevel : INTEGER
    "172150d6-b6b4-4a06-a073-dd2082321e02", -- Block_ID : UNIQUE_ID
    "00000000-0000-0000-0000-000000000000", -- CurrentScope_ID : UNIQUE_ID
    0, -- return_value : INTEGER
    '', -- Label : STRING
    "1ea1e8da-fffb-4997-9433-b0212056b08b" -- Parsed_Block_ID : UNIQUE_ID
);
INSERT INTO ACT_ACT VALUES (
    "8a992ea3-bd82-4fc1-be35-4c869605c4d1", -- Action_ID : UNIQUE_ID
    'bridge', -- Type : STRING
    0, -- LoopLevel : INTEGER
    "1d30fef6-d7eb-45f2-8c1c-593b5a43061a", -- Block_ID : UNIQUE_ID
    "00000000-0000-0000-0000-000000000000", -- CurrentScope_ID : UNIQUE_ID
    0, -- return_value : INTEGER
    '', -- Label : STRING
    "37c98bc9-513e-497c-add1-84f117bd979a" -- Parsed_Block_ID : UNIQUE_ID
);
INSERT INTO ACT_ACT VALUES (
    "200dc7f2-7cc5-4d55-b3c3-f1d0330ed79d", -- Action_ID : UNIQUE_ID
    'bridge', -- Type : STRING
    0, -- LoopLevel : INTEGER
    "b7476a4c-67a8-476f-89ef-1db7cf39767c", -- Block_ID : UNIQUE_ID
    "00000000-0000-0000-0000-000000000000", -- CurrentScope_ID : UNIQUE_ID
    0, -- return_value : INTEGER
    '', -- Label : STRING
    "c162f9dc-90b3-4fc7-be85-f11cedd93cb0" -- Parsed_Block_ID : UNIQUE_ID
);
INSERT INTO ACT_ACT VALUES (
    "301d5b17-98dd-42d2-aa20-ff6a312c2599", -- Action_ID : UNIQUE_ID
    'bridge', -- Type : STRING
    0, -- LoopLevel : INTEGER
    "6afce4c3-28fe-44b4-9809-11f48b40dd5a", -- Block_ID : UNIQUE_ID
    "00000000-0000-0000-0000-000000000000", -- CurrentScope_ID : UNIQUE_ID
    0, -- return_value : INTEGER
    '', -- Label : STRING
    "81d15479-dd24-4fbf-be05-0515740b466c" -- Parsed_Block_ID : UNIQUE_ID
);
INSERT INTO ACT_ACT VALUES (
    "c8e23e33-7a15-46a6-8bd9-a56ed3ba082a", -- Action_ID : UNIQUE_ID
    'bridge', -- Type : STRING
    0, -- LoopLevel : INTEGER
    "640781d5-06b4-4f19-b554-d9f9c3ff35ac", -- Block_ID : UNIQUE_ID
    "00000000-0000-0000-0000-000000000000", -- CurrentScope_ID : UNIQUE_ID
    0, -- return_value : INTEGER
    '', -- Label : STRING
    "dedea26d-8b79-481e-b5cf-f49e647736c4" -- Parsed_Block_ID : UNIQUE_ID
);
INSERT INTO ACT_ACT VALUES (
    "28253312-8942-48de-af73-2b20b883fe68", -- Action_ID : UNIQUE_ID
    'operation', -- Type : STRING
    0, -- LoopLevel : INTEGER
    "637a46cc-29b5-4895-b8d6-0026269d91bd", -- Block_ID : UNIQUE_ID
    "00000000-0000-0000-0000-000000000000", -- CurrentScope_ID : UNIQUE_ID
    0, -- return_value : INTEGER
    'Employee::createEmployee', -- Label : STRING
    "614f5661-03aa-4094-8441-e59a2910248b" -- Parsed_Block_ID : UNIQUE_ID
);
INSERT INTO ACT_ACT VALUES (
    "ad1d5253-ce66-4332-a702-10ec5ef0954a", -- Action_ID : UNIQUE_ID
    'operation', -- Type : STRING
    0, -- LoopLevel : INTEGER
    "fc495f64-a662-4818-8fd0-58be2ace9ea8", -- Block_ID : UNIQUE_ID
    "00000000-0000-0000-0000-000000000000", -- CurrentScope_ID : UNIQUE_ID
    0, -- return_value : INTEGER
    'Leave::createLeave', -- Label : STRING
    "3b6f5492-007c-47e4-8c2d-e40ab807d54f" -- Parsed_Block_ID : UNIQUE_ID
);
INSERT INTO ACT_ACT VALUES (
    "603aa5dc-9630-43a3-bcc9-a53da9383e97", -- Action_ID : UNIQUE_ID
    '', -- Type : STRING
    0, -- LoopLevel : INTEGER
    "8a27ab76-2f90-4950-8d69-9ac941434f1f", -- Block_ID : UNIQUE_ID
    "00000000-0000-0000-0000-000000000000", -- CurrentScope_ID : UNIQUE_ID
    0, -- return_value : INTEGER
    '', -- Label : STRING
    "d4fbe5c4-04e9-4ad6-a9a3-4d0683c9f3d7" -- Parsed_Block_ID : UNIQUE_ID
);
INSERT INTO ACT_ACT VALUES (
    "bff2efa3-6a65-4d0f-b002-551d2031c4b6", -- Action_ID : UNIQUE_ID
    '', -- Type : STRING
    0, -- LoopLevel : INTEGER
    "4cda8e80-39ca-4ba5-9786-e7453e8323ed", -- Block_ID : UNIQUE_ID
    "00000000-0000-0000-0000-000000000000", -- CurrentScope_ID : UNIQUE_ID
    0, -- return_value : INTEGER
    '', -- Label : STRING
    "1a59a0d1-f566-4f5b-bc41-25eba6c313a8" -- Parsed_Block_ID : UNIQUE_ID
);
INSERT INTO ACT_ACT VALUES (
    "aed6b9f2-e8d3-43a1-8258-620a2a008c5b", -- Action_ID : UNIQUE_ID
    '', -- Type : STRING
    0, -- LoopLevel : INTEGER
    "829be438-832c-46c7-8147-e7b94a374ca2", -- Block_ID : UNIQUE_ID
    "00000000-0000-0000-0000-000000000000", -- CurrentScope_ID : UNIQUE_ID
    0, -- return_value : INTEGER
    '', -- Label : STRING
    "4f74773d-c130-4bbd-b976-c41f7eaee004" -- Parsed_Block_ID : UNIQUE_ID
);
INSERT INTO ACT_ACT VALUES (
    "ca896c1d-84d9-473f-ad18-c312c3830076", -- Action_ID : UNIQUE_ID
    '', -- Type : STRING
    0, -- LoopLevel : INTEGER
    "a9ba84c9-a18a-4588-821a-b0ee45f5a92a", -- Block_ID : UNIQUE_ID
    "00000000-0000-0000-0000-000000000000", -- CurrentScope_ID : UNIQUE_ID
    0, -- return_value : INTEGER
    '', -- Label : STRING
    "18815ccb-44df-4b5f-bfdb-dc477047db82" -- Parsed_Block_ID : UNIQUE_ID
);
INSERT INTO ACT_ACT VALUES (
    "3f9d813a-e055-4896-9a89-a993ba76b98e", -- Action_ID : UNIQUE_ID
    '', -- Type : STRING
    0, -- LoopLevel : INTEGER
    "123ca22d-82d8-4b90-9ba4-ca861edfde72", -- Block_ID : UNIQUE_ID
    "00000000-0000-0000-0000-000000000000", -- CurrentScope_ID : UNIQUE_ID
    0, -- return_value : INTEGER
    '', -- Label : STRING
    "003526cb-4840-4bc3-aab8-10fdf5fd3ada" -- Parsed_Block_ID : UNIQUE_ID
);
INSERT INTO ACT_ACT VALUES (
    "2d93b727-ce2b-43eb-8082-7c9be13f5d3d", -- Action_ID : UNIQUE_ID
    '', -- Type : STRING
    0, -- LoopLevel : INTEGER
    "34d95115-f0e1-4936-b286-b966e20d46d9", -- Block_ID : UNIQUE_ID
    "00000000-0000-0000-0000-000000000000", -- CurrentScope_ID : UNIQUE_ID
    0, -- return_value : INTEGER
    '', -- Label : STRING
    "0e9baa12-7854-4685-8f2a-271ba17514d2" -- Parsed_Block_ID : UNIQUE_ID
);
INSERT INTO ACT_ACT VALUES (
    "8aa250c7-3c9b-4017-ac50-7a46edcd299e", -- Action_ID : UNIQUE_ID
    '', -- Type : STRING
    0, -- LoopLevel : INTEGER
    "5f09c9d6-f686-411e-9b78-82c33f1601ef", -- Block_ID : UNIQUE_ID
    "00000000-0000-0000-0000-000000000000", -- CurrentScope_ID : UNIQUE_ID
    0, -- return_value : INTEGER
    '', -- Label : STRING
    "5bcf867a-0040-4432-87a7-0f401d0a67fe" -- Parsed_Block_ID : UNIQUE_ID
);
INSERT INTO ACT_ACT VALUES (
    "de41e945-7083-4ff6-b6ff-09a315d9a500", -- Action_ID : UNIQUE_ID
    '', -- Type : STRING
    0, -- LoopLevel : INTEGER
    "264c51e1-919a-4684-8762-3dad2fa7fc09", -- Block_ID : UNIQUE_ID
    "00000000-0000-0000-0000-000000000000", -- CurrentScope_ID : UNIQUE_ID
    0, -- return_value : INTEGER
    '', -- Label : STRING
    "fdd3f3de-61f0-43af-9190-95ae8a25035d" -- Parsed_Block_ID : UNIQUE_ID
);
INSERT INTO ACT_ACT VALUES (
    "de8ac88c-91c1-4770-a94d-1c1bcf84b5f6", -- Action_ID : UNIQUE_ID
    '', -- Type : STRING
    0, -- LoopLevel : INTEGER
    "01db3ea6-4417-424d-ab43-a689d21b2305", -- Block_ID : UNIQUE_ID
    "00000000-0000-0000-0000-000000000000", -- CurrentScope_ID : UNIQUE_ID
    0, -- return_value : INTEGER
    '', -- Label : STRING
    "d769597e-1eef-4ced-b73d-520705620512" -- Parsed_Block_ID : UNIQUE_ID
);
INSERT INTO ACT_ACT VALUES (
    "bd2beb9d-b65e-4c4f-9620-f619eb051185", -- Action_ID : UNIQUE_ID
    '', -- Type : STRING
    0, -- LoopLevel : INTEGER
    "038de8f0-487a-4316-bfff-90f223743c9d", -- Block_ID : UNIQUE_ID
    "00000000-0000-0000-0000-000000000000", -- CurrentScope_ID : UNIQUE_ID
    0, -- return_value : INTEGER
    '', -- Label : STRING
    "235cb9e4-e971-483f-ac30-2209533747fc" -- Parsed_Block_ID : UNIQUE_ID
);
INSERT INTO ACT_ACT VALUES (
    "e4939887-359c-4bda-bfcf-69b1cd35401d", -- Action_ID : UNIQUE_ID
    '', -- Type : STRING
    0, -- LoopLevel : INTEGER
    "4168945d-d578-4cd7-8f8c-395930978b52", -- Block_ID : UNIQUE_ID
    "00000000-0000-0000-0000-000000000000", -- CurrentScope_ID : UNIQUE_ID
    0, -- return_value : INTEGER
    '', -- Label : STRING
    "f4873b3c-8393-44b8-bf65-a23bc4d45ffe" -- Parsed_Block_ID : UNIQUE_ID
);
INSERT INTO ACT_ACT VALUES (
    "c40cbd1d-39be-4c1c-ac1b-8de522bcb258", -- Action_ID : UNIQUE_ID
    'interface signal', -- Type : STRING
    0, -- LoopLevel : INTEGER
    "aa4b2bf1-635d-4012-b733-44311480aaa1", -- Block_ID : UNIQUE_ID
    "00000000-0000-0000-0000-000000000000", -- CurrentScope_ID : UNIQUE_ID
    0, -- return_value : INTEGER
    '', -- Label : STRING
    "fa46481a-e108-4029-b6da-2ab53b182315" -- Parsed_Block_ID : UNIQUE_ID
);
INSERT INTO ACT_ACT VALUES (
    "2a7d078e-135f-4908-a17f-8cb175bc69ed", -- Action_ID : UNIQUE_ID
    'interface signal', -- Type : STRING
    0, -- LoopLevel : INTEGER
    "fee5d401-ae92-4541-b2aa-73f06b67248a", -- Block_ID : UNIQUE_ID
    "00000000-0000-0000-0000-000000000000", -- CurrentScope_ID : UNIQUE_ID
    0, -- return_value : INTEGER
    '', -- Label : STRING
    "430b235e-4057-485c-946f-b4ad24ebfa85" -- Parsed_Block_ID : UNIQUE_ID
);
INSERT INTO ACT_ACT VALUES (
    "a7fe6fc9-a58d-4a6f-8265-9b8a67c6b7e4", -- Action_ID : UNIQUE_ID
    'interface signal', -- Type : STRING
    0, -- LoopLevel : INTEGER
    "a7e85743-f104-49df-ae52-ae59e9024d07", -- Block_ID : UNIQUE_ID
    "00000000-0000-0000-0000-000000000000", -- CurrentScope_ID : UNIQUE_ID
    0, -- return_value : INTEGER
    '', -- Label : STRING
    "a945d08e-7f1a-455f-b70c-ecb598144f18" -- Parsed_Block_ID : UNIQUE_ID
);
INSERT INTO ACT_ACT VALUES (
    "948f13e4-d97b-4441-ae43-508520938187", -- Action_ID : UNIQUE_ID
    'interface signal', -- Type : STRING
    0, -- LoopLevel : INTEGER
    "9bc24180-ea56-4489-95a3-7abb007541a2", -- Block_ID : UNIQUE_ID
    "00000000-0000-0000-0000-000000000000", -- CurrentScope_ID : UNIQUE_ID
    0, -- return_value : INTEGER
    '', -- Label : STRING
    "27794689-a5fb-4b69-9d58-19a71650516b" -- Parsed_Block_ID : UNIQUE_ID
);
INSERT INTO ACT_ACT VALUES (
    "e6476e52-3a19-49e5-9ea5-d326781954e0", -- Action_ID : UNIQUE_ID
    'interface signal', -- Type : STRING
    0, -- LoopLevel : INTEGER
    "a680307b-ae47-4d92-98e0-20b61c9703bf", -- Block_ID : UNIQUE_ID
    "00000000-0000-0000-0000-000000000000", -- CurrentScope_ID : UNIQUE_ID
    0, -- return_value : INTEGER
    '', -- Label : STRING
    "3e21ca4c-0deb-434c-8a14-bc1a5aa3232d" -- Parsed_Block_ID : UNIQUE_ID
);
INSERT INTO ACT_ACT VALUES (
    "efa9949d-c532-4f0a-b8a5-dd746810625b", -- Action_ID : UNIQUE_ID
    'interface signal', -- Type : STRING
    0, -- LoopLevel : INTEGER
    "92f6d78f-3789-4e61-a009-8d93795c1858", -- Block_ID : UNIQUE_ID
    "00000000-0000-0000-0000-000000000000", -- CurrentScope_ID : UNIQUE_ID
    0, -- return_value : INTEGER
    '', -- Label : STRING
    "6fe2984a-9706-4a7d-a143-1be5a985911c" -- Parsed_Block_ID : UNIQUE_ID
);
INSERT INTO ACT_ACT VALUES (
    "bc6ec68d-037d-4ca1-9862-edf9726c292c", -- Action_ID : UNIQUE_ID
    'interface signal', -- Type : STRING
    0, -- LoopLevel : INTEGER
    "07a76310-38c8-41df-8578-32720bbd7ff6", -- Block_ID : UNIQUE_ID
    "00000000-0000-0000-0000-000000000000", -- CurrentScope_ID : UNIQUE_ID
    0, -- return_value : INTEGER
    '', -- Label : STRING
    "7b6849be-f98f-4066-b108-c178254adca6" -- Parsed_Block_ID : UNIQUE_ID
);
INSERT INTO ACT_ACT VALUES (
    "55593eea-e893-4bb5-9f85-38ad50307444", -- Action_ID : UNIQUE_ID
    'interface signal', -- Type : STRING
    0, -- LoopLevel : INTEGER
    "c1982ebe-d5bf-495b-ac12-2e3f0c66c2cd", -- Block_ID : UNIQUE_ID
    "00000000-0000-0000-0000-000000000000", -- CurrentScope_ID : UNIQUE_ID
    0, -- return_value : INTEGER
    '', -- Label : STRING
    "2e0ea241-2254-4dcc-a71d-fed562456d0e" -- Parsed_Block_ID : UNIQUE_ID
);
INSERT INTO ACT_ACT VALUES (
    "564ab780-fa6c-48f2-aba8-60a24abc0283", -- Action_ID : UNIQUE_ID
    'interface signal', -- Type : STRING
    0, -- LoopLevel : INTEGER
    "31eb499c-448d-4570-8c74-76a6918bba97", -- Block_ID : UNIQUE_ID
    "00000000-0000-0000-0000-000000000000", -- CurrentScope_ID : UNIQUE_ID
    0, -- return_value : INTEGER
    '', -- Label : STRING
    "ffd1b6b8-cda3-49dc-9843-ed1168ccd3aa" -- Parsed_Block_ID : UNIQUE_ID
);
INSERT INTO ACT_ACT VALUES (
    "bae07e1c-70cf-4d07-8d65-01ce06807a99", -- Action_ID : UNIQUE_ID
    'interface signal', -- Type : STRING
    0, -- LoopLevel : INTEGER
    "7720eee9-7437-4ddb-83f6-5d35cd6390b5", -- Block_ID : UNIQUE_ID
    "00000000-0000-0000-0000-000000000000", -- CurrentScope_ID : UNIQUE_ID
    0, -- return_value : INTEGER
    '', -- Label : STRING
    "e9b60203-0f35-480b-a3f2-172b82b81153" -- Parsed_Block_ID : UNIQUE_ID
);
INSERT INTO ACT_ACT VALUES (
    "519d88d3-83db-4425-a9a2-7643ced5aba9", -- Action_ID : UNIQUE_ID
    'interface signal', -- Type : STRING
    0, -- LoopLevel : INTEGER
    "f2fc9a85-222e-4958-b1b9-23c7a399e02f", -- Block_ID : UNIQUE_ID
    "00000000-0000-0000-0000-000000000000", -- CurrentScope_ID : UNIQUE_ID
    0, -- return_value : INTEGER
    '', -- Label : STRING
    "e780ce35-34da-4b80-a65b-53c09f93f00f" -- Parsed_Block_ID : UNIQUE_ID
);
INSERT INTO ACT_AI VALUES (
    "e1331951-dfcd-4b52-ac05-febfd7deadc5", -- Statement_ID : UNIQUE_ID
    "48958185-4552-4221-a09e-3ece19cb797e", -- r_Value_ID : UNIQUE_ID
    "82a81f0c-decd-4c96-bd7c-6aa9199e8e08", -- l_Value_ID : UNIQUE_ID
    0, -- attributeLineNumber : INTEGER
    0 -- attributeColumn : INTEGER
);
INSERT INTO ACT_AI VALUES (
    "2b9f680c-f79c-436d-bd57-caf9926cc6e3", -- Statement_ID : UNIQUE_ID
    "86035c2c-70f6-47dd-85fd-e78f0d4e115f", -- r_Value_ID : UNIQUE_ID
    "7a8811fb-c388-4db7-8537-dbc07b9ae0b2", -- l_Value_ID : UNIQUE_ID
    0, -- attributeLineNumber : INTEGER
    0 -- attributeColumn : INTEGER
);
INSERT INTO ACT_AI VALUES (
    "b315d866-32da-4272-9efe-01a737f25e70", -- Statement_ID : UNIQUE_ID
    "2066348c-6eb0-4cd6-980a-550c3f0072e0", -- r_Value_ID : UNIQUE_ID
    "fde1f497-1e5e-4eb7-8456-3dc5505035e4", -- l_Value_ID : UNIQUE_ID
    0, -- attributeLineNumber : INTEGER
    0 -- attributeColumn : INTEGER
);
INSERT INTO ACT_AI VALUES (
    "fc052781-79f6-41cf-8cdc-f662a11ad4d3", -- Statement_ID : UNIQUE_ID
    "d2042c56-0328-43a0-b79e-c8df92ad906f", -- r_Value_ID : UNIQUE_ID
    "1541e051-16e1-4d2f-b849-7347ace3966e", -- l_Value_ID : UNIQUE_ID
    0, -- attributeLineNumber : INTEGER
    0 -- attributeColumn : INTEGER
);
INSERT INTO ACT_AI VALUES (
    "431c7113-011d-4f13-8f51-5f78487f074c", -- Statement_ID : UNIQUE_ID
    "484fef5b-4074-4f47-abe1-8eaee7a1eb50", -- r_Value_ID : UNIQUE_ID
    "ee302e9e-6b94-43d2-afce-94cc13a81785", -- l_Value_ID : UNIQUE_ID
    0, -- attributeLineNumber : INTEGER
    0 -- attributeColumn : INTEGER
);
INSERT INTO ACT_AI VALUES (
    "e2656c77-b84b-46cf-aaa2-d25b91bc0a8d", -- Statement_ID : UNIQUE_ID
    "d3433f70-0a95-43e3-8d01-dd345e954187", -- r_Value_ID : UNIQUE_ID
    "727e5ed4-8388-4cc5-a419-383da1041513", -- l_Value_ID : UNIQUE_ID
    0, -- attributeLineNumber : INTEGER
    0 -- attributeColumn : INTEGER
);
INSERT INTO ACT_AI VALUES (
    "af917b5b-af06-4a28-b187-ccc711667271", -- Statement_ID : UNIQUE_ID
    "dd498141-024c-404e-bf5b-01e3d65bb530", -- r_Value_ID : UNIQUE_ID
    "ccc6485b-78c4-4f9e-9436-e8800d33b2b6", -- l_Value_ID : UNIQUE_ID
    0, -- attributeLineNumber : INTEGER
    0 -- attributeColumn : INTEGER
);
INSERT INTO ACT_AI VALUES (
    "4d2fcb19-f3cd-4ae9-bd15-dcab3ac2f251", -- Statement_ID : UNIQUE_ID
    "2b834767-3113-4536-9ef4-7dd944c86a9b", -- r_Value_ID : UNIQUE_ID
    "9743923c-5dc2-4f38-9baa-5ae5beb8a291", -- l_Value_ID : UNIQUE_ID
    0, -- attributeLineNumber : INTEGER
    0 -- attributeColumn : INTEGER
);
INSERT INTO ACT_AI VALUES (
    "1cf2f6e4-ac7c-4e00-9c0d-b65cd44fe9a8", -- Statement_ID : UNIQUE_ID
    "8861f956-e4f3-4599-afce-657913a22dba", -- r_Value_ID : UNIQUE_ID
    "a1d4871a-d4a0-409f-a2e8-9c5e8e42e176", -- l_Value_ID : UNIQUE_ID
    0, -- attributeLineNumber : INTEGER
    0 -- attributeColumn : INTEGER
);
INSERT INTO ACT_AI VALUES (
    "8c3b838e-5aae-4ca2-8a80-fc9f8467297e", -- Statement_ID : UNIQUE_ID
    "cb757ce2-d344-4298-8885-06c24b9f3484", -- r_Value_ID : UNIQUE_ID
    "7184d23d-eb91-4411-a9b0-0647a6932dd1", -- l_Value_ID : UNIQUE_ID
    0, -- attributeLineNumber : INTEGER
    0 -- attributeColumn : INTEGER
);
INSERT INTO ACT_AI VALUES (
    "fd7122d0-1131-4d57-8cb5-26580b40ff9b", -- Statement_ID : UNIQUE_ID
    "cb02d4be-91ec-4c53-bf16-8df3e08dc9a0", -- r_Value_ID : UNIQUE_ID
    "665a9e68-ec17-4fec-b0e8-e98b4b53f69e", -- l_Value_ID : UNIQUE_ID
    0, -- attributeLineNumber : INTEGER
    0 -- attributeColumn : INTEGER
);
INSERT INTO ACT_AI VALUES (
    "274b2db9-3444-4b90-9164-64ef09ce8828", -- Statement_ID : UNIQUE_ID
    "050d5a69-83ac-4e26-9364-ac6c5b007cc8", -- r_Value_ID : UNIQUE_ID
    "3f9928e7-7034-4d34-98df-97faa9bbf8ad", -- l_Value_ID : UNIQUE_ID
    0, -- attributeLineNumber : INTEGER
    0 -- attributeColumn : INTEGER
);
INSERT INTO ACT_AI VALUES (
    "81fbb3a9-d7c3-49df-bdd4-d786f7363e79", -- Statement_ID : UNIQUE_ID
    "c0e3ce5a-9b34-4e9f-b60c-721553409abc", -- r_Value_ID : UNIQUE_ID
    "ece328f0-5a7a-4b08-a400-e4d54816477a", -- l_Value_ID : UNIQUE_ID
    0, -- attributeLineNumber : INTEGER
    0 -- attributeColumn : INTEGER
);
INSERT INTO ACT_AI VALUES (
    "128837d2-edb5-4625-a1c2-b595a57d5824", -- Statement_ID : UNIQUE_ID
    "6954e5b0-3f71-4425-95d1-a1fadd55288a", -- r_Value_ID : UNIQUE_ID
    "7a4006f3-bac4-4ac0-924c-ff946eacb3b1", -- l_Value_ID : UNIQUE_ID
    0, -- attributeLineNumber : INTEGER
    0 -- attributeColumn : INTEGER
);
INSERT INTO ACT_AI VALUES (
    "228cb446-0355-4a19-9c5f-2477391fbec1", -- Statement_ID : UNIQUE_ID
    "ca7d1f0a-0f3a-4eac-a903-647adf855d72", -- r_Value_ID : UNIQUE_ID
    "456a0606-891b-46f3-a267-37b6da6e54e5", -- l_Value_ID : UNIQUE_ID
    0, -- attributeLineNumber : INTEGER
    0 -- attributeColumn : INTEGER
);
INSERT INTO ACT_AI VALUES (
    "d730bbc0-b474-4e9a-b45b-0d3f9cc777ac", -- Statement_ID : UNIQUE_ID
    "ba82f784-7e0b-43cb-81f8-65e1b634fc1e", -- r_Value_ID : UNIQUE_ID
    "371f2bc4-2d19-4a6d-87e0-c0c4f6690c4a", -- l_Value_ID : UNIQUE_ID
    0, -- attributeLineNumber : INTEGER
    0 -- attributeColumn : INTEGER
);
INSERT INTO ACT_AI VALUES (
    "5f8ca2a9-3d4d-47c6-be28-97d78b854209", -- Statement_ID : UNIQUE_ID
    "20ba2355-e0be-4ddd-ba7a-0e87848003ca", -- r_Value_ID : UNIQUE_ID
    "20c67985-af29-465d-b3db-e2733a3c44bb", -- l_Value_ID : UNIQUE_ID
    0, -- attributeLineNumber : INTEGER
    0 -- attributeColumn : INTEGER
);
INSERT INTO ACT_AI VALUES (
    "828c3708-1ec1-4669-b4cb-34e1b5f22eac", -- Statement_ID : UNIQUE_ID
    "6ed2be0a-c93d-4685-ada1-9cb179b9a542", -- r_Value_ID : UNIQUE_ID
    "9b5bf208-3eee-452d-8a1d-0daa75028c8e", -- l_Value_ID : UNIQUE_ID
    0, -- attributeLineNumber : INTEGER
    0 -- attributeColumn : INTEGER
);
INSERT INTO ACT_AI VALUES (
    "08ad54c8-83aa-446a-ad97-810022881b18", -- Statement_ID : UNIQUE_ID
    "5aec314b-a43a-487b-9d0e-8ff899c6122a", -- r_Value_ID : UNIQUE_ID
    "449b4ba1-ce0a-4bc6-ba28-b83b963a3b7e", -- l_Value_ID : UNIQUE_ID
    0, -- attributeLineNumber : INTEGER
    0 -- attributeColumn : INTEGER
);
INSERT INTO ACT_AI VALUES (
    "5301bbd5-957e-4cd9-bbcd-16c6e07bcb60", -- Statement_ID : UNIQUE_ID
    "7e33f798-47f2-45eb-bb66-276805c825a5", -- r_Value_ID : UNIQUE_ID
    "bf32f450-2767-4265-830b-f44870457dcb", -- l_Value_ID : UNIQUE_ID
    0, -- attributeLineNumber : INTEGER
    0 -- attributeColumn : INTEGER
);
INSERT INTO ACT_AI VALUES (
    "006c7193-8320-48e6-a399-506d2c4c169e", -- Statement_ID : UNIQUE_ID
    "cef7c1f6-2b67-40a6-82c9-937f119a4d6b", -- r_Value_ID : UNIQUE_ID
    "5c6afcf6-a1c5-4144-bf29-ccc080bae3e0", -- l_Value_ID : UNIQUE_ID
    0, -- attributeLineNumber : INTEGER
    0 -- attributeColumn : INTEGER
);
INSERT INTO ACT_AI VALUES (
    "e166b452-b46e-4102-b7dd-cbb72b8e3ac1", -- Statement_ID : UNIQUE_ID
    "1c35c585-57de-4a3c-955b-ad924ee3e09a", -- r_Value_ID : UNIQUE_ID
    "dba363c9-6aaa-4676-9c51-a1248b5031d7", -- l_Value_ID : UNIQUE_ID
    0, -- attributeLineNumber : INTEGER
    0 -- attributeColumn : INTEGER
);
INSERT INTO ACT_AI VALUES (
    "16dbc656-8d75-49bd-9630-b34cc414f4eb", -- Statement_ID : UNIQUE_ID
    "b8b1be91-ee28-4043-aa61-69a3828df885", -- r_Value_ID : UNIQUE_ID
    "07f6640f-8649-4b79-afd1-86e60208a513", -- l_Value_ID : UNIQUE_ID
    0, -- attributeLineNumber : INTEGER
    0 -- attributeColumn : INTEGER
);
INSERT INTO ACT_AI VALUES (
    "c9235363-9ed0-40ae-ba81-ad28c60a19bd", -- Statement_ID : UNIQUE_ID
    "fb109eaa-5abe-4069-92c1-211f40ead2ef", -- r_Value_ID : UNIQUE_ID
    "e46edd3d-0803-4cc0-b704-4850b1344eb7", -- l_Value_ID : UNIQUE_ID
    0, -- attributeLineNumber : INTEGER
    0 -- attributeColumn : INTEGER
);
INSERT INTO ACT_AI VALUES (
    "2ede0985-505a-4c26-a8be-0524397c56db", -- Statement_ID : UNIQUE_ID
    "13e7acea-d675-49f2-8d1d-54dec35daf47", -- r_Value_ID : UNIQUE_ID
    "2fa9f297-c6b0-403f-b408-6e28783073ea", -- l_Value_ID : UNIQUE_ID
    0, -- attributeLineNumber : INTEGER
    0 -- attributeColumn : INTEGER
);
INSERT INTO ACT_BLK VALUES (
    "dd79756f-b8ff-48c4-b491-06d4fa1f5415", -- Block_ID : UNIQUE_ID
    0, -- WhereSpecOK : BOOLEAN
    0, -- InWhereSpec : BOOLEAN
    0, -- SelectedFound : BOOLEAN
    '', -- TempBuffer : STRING
    '', -- SupData1 : STRING
    '', -- SupData2 : STRING
    0, -- CurrentLine : INTEGER
    0, -- CurrentCol : INTEGER
    0, -- currentKeyLettersLineNumber : INTEGER
    0, -- currentKeyLettersColumn : INTEGER
    0, -- currentParameterAssignmentNameLineNumber : INTEGER
    0, -- currentParameterAssignmentNameColumn : INTEGER
    0, -- currentAssociationNumberLineNumber : INTEGER
    0, -- currentAssociationNumberColumn : INTEGER
    0, -- currentAssociationPhraseLineNumber : INTEGER
    0, -- currentAssociationPhraseColumn : INTEGER
    0, -- currentDataTypeNameLineNumber : INTEGER
    0, -- currentDataTypeNameColumn : INTEGER
    0, -- blockInStackFrameCreated : BOOLEAN
    "966ddb9f-cb06-4406-b8e2-107308c35f5c", -- Action_ID : UNIQUE_ID
    "32641d13-cec5-4d1a-93b0-0328285e4507" -- Parsed_Action_ID : UNIQUE_ID
);
INSERT INTO ACT_BLK VALUES (
    "1f66eec2-b9c7-4896-b34d-0936f5744349", -- Block_ID : UNIQUE_ID
    0, -- WhereSpecOK : BOOLEAN
    0, -- InWhereSpec : BOOLEAN
    0, -- SelectedFound : BOOLEAN
    '', -- TempBuffer : STRING
    '', -- SupData1 : STRING
    '', -- SupData2 : STRING
    0, -- CurrentLine : INTEGER
    0, -- CurrentCol : INTEGER
    0, -- currentKeyLettersLineNumber : INTEGER
    0, -- currentKeyLettersColumn : INTEGER
    0, -- currentParameterAssignmentNameLineNumber : INTEGER
    0, -- currentParameterAssignmentNameColumn : INTEGER
    0, -- currentAssociationNumberLineNumber : INTEGER
    0, -- currentAssociationNumberColumn : INTEGER
    0, -- currentAssociationPhraseLineNumber : INTEGER
    0, -- currentAssociationPhraseColumn : INTEGER
    0, -- currentDataTypeNameLineNumber : INTEGER
    0, -- currentDataTypeNameColumn : INTEGER
    0, -- blockInStackFrameCreated : BOOLEAN
    "9ea8e3e0-185a-4ad1-ab95-fc49a837bedf", -- Action_ID : UNIQUE_ID
    "25313275-30a1-4c06-a433-f21b4c284c1f" -- Parsed_Action_ID : UNIQUE_ID
);
INSERT INTO ACT_BLK VALUES (
    "1f7d4743-1f4d-4854-9dc8-51c490e24328", -- Block_ID : UNIQUE_ID
    0, -- WhereSpecOK : BOOLEAN
    0, -- InWhereSpec : BOOLEAN
    0, -- SelectedFound : BOOLEAN
    '', -- TempBuffer : STRING
    '', -- SupData1 : STRING
    '', -- SupData2 : STRING
    0, -- CurrentLine : INTEGER
    0, -- CurrentCol : INTEGER
    0, -- currentKeyLettersLineNumber : INTEGER
    0, -- currentKeyLettersColumn : INTEGER
    0, -- currentParameterAssignmentNameLineNumber : INTEGER
    0, -- currentParameterAssignmentNameColumn : INTEGER
    0, -- currentAssociationNumberLineNumber : INTEGER
    0, -- currentAssociationNumberColumn : INTEGER
    0, -- currentAssociationPhraseLineNumber : INTEGER
    0, -- currentAssociationPhraseColumn : INTEGER
    0, -- currentDataTypeNameLineNumber : INTEGER
    0, -- currentDataTypeNameColumn : INTEGER
    0, -- blockInStackFrameCreated : BOOLEAN
    "e0b80da1-29c8-4a23-9e91-e43c53226955", -- Action_ID : UNIQUE_ID
    "7372f548-26b8-427c-9b60-4f8d8dfed0eb" -- Parsed_Action_ID : UNIQUE_ID
);
INSERT INTO ACT_BLK VALUES (
    "80c6a4ff-f034-4152-b161-ec76b8b8ca57", -- Block_ID : UNIQUE_ID
    0, -- WhereSpecOK : BOOLEAN
    0, -- InWhereSpec : BOOLEAN
    0, -- SelectedFound : BOOLEAN
    '', -- TempBuffer : STRING
    '', -- SupData1 : STRING
    '', -- SupData2 : STRING
    0, -- CurrentLine : INTEGER
    0, -- CurrentCol : INTEGER
    0, -- currentKeyLettersLineNumber : INTEGER
    0, -- currentKeyLettersColumn : INTEGER
    0, -- currentParameterAssignmentNameLineNumber : INTEGER
    0, -- currentParameterAssignmentNameColumn : INTEGER
    0, -- currentAssociationNumberLineNumber : INTEGER
    0, -- currentAssociationNumberColumn : INTEGER
    0, -- currentAssociationPhraseLineNumber : INTEGER
    0, -- currentAssociationPhraseColumn : INTEGER
    0, -- currentDataTypeNameLineNumber : INTEGER
    0, -- currentDataTypeNameColumn : INTEGER
    0, -- blockInStackFrameCreated : BOOLEAN
    "0516a57b-875f-4f12-bfce-cdaaa6742fda", -- Action_ID : UNIQUE_ID
    "86fdd9fc-5f98-4767-bc96-b7dc3a316922" -- Parsed_Action_ID : UNIQUE_ID
);
INSERT INTO ACT_BLK VALUES (
    "2d3b0d99-4654-45a3-b02e-fdbb90421a17", -- Block_ID : UNIQUE_ID
    0, -- WhereSpecOK : BOOLEAN
    0, -- InWhereSpec : BOOLEAN
    0, -- SelectedFound : BOOLEAN
    '', -- TempBuffer : STRING
    '', -- SupData1 : STRING
    '', -- SupData2 : STRING
    0, -- CurrentLine : INTEGER
    0, -- CurrentCol : INTEGER
    0, -- currentKeyLettersLineNumber : INTEGER
    0, -- currentKeyLettersColumn : INTEGER
    0, -- currentParameterAssignmentNameLineNumber : INTEGER
    0, -- currentParameterAssignmentNameColumn : INTEGER
    0, -- currentAssociationNumberLineNumber : INTEGER
    0, -- currentAssociationNumberColumn : INTEGER
    0, -- currentAssociationPhraseLineNumber : INTEGER
    0, -- currentAssociationPhraseColumn : INTEGER
    0, -- currentDataTypeNameLineNumber : INTEGER
    0, -- currentDataTypeNameColumn : INTEGER
    0, -- blockInStackFrameCreated : BOOLEAN
    "c1c2ff1b-81f0-4ec5-91e5-2e426fe624c2", -- Action_ID : UNIQUE_ID
    "883c8d81-dc6b-4d5d-bec4-d08ba955749d" -- Parsed_Action_ID : UNIQUE_ID
);
INSERT INTO ACT_BLK VALUES (
    "e2d13ffb-62bb-4985-939f-597cc07889b9", -- Block_ID : UNIQUE_ID
    0, -- WhereSpecOK : BOOLEAN
    0, -- InWhereSpec : BOOLEAN
    0, -- SelectedFound : BOOLEAN
    '', -- TempBuffer : STRING
    '', -- SupData1 : STRING
    '', -- SupData2 : STRING
    0, -- CurrentLine : INTEGER
    0, -- CurrentCol : INTEGER
    0, -- currentKeyLettersLineNumber : INTEGER
    0, -- currentKeyLettersColumn : INTEGER
    0, -- currentParameterAssignmentNameLineNumber : INTEGER
    0, -- currentParameterAssignmentNameColumn : INTEGER
    0, -- currentAssociationNumberLineNumber : INTEGER
    0, -- currentAssociationNumberColumn : INTEGER
    0, -- currentAssociationPhraseLineNumber : INTEGER
    0, -- currentAssociationPhraseColumn : INTEGER
    0, -- currentDataTypeNameLineNumber : INTEGER
    0, -- currentDataTypeNameColumn : INTEGER
    0, -- blockInStackFrameCreated : BOOLEAN
    "d562c775-b66d-4fc0-b84c-465e72739a6f", -- Action_ID : UNIQUE_ID
    "fe6a7c10-bf53-4814-8170-a2337b438204" -- Parsed_Action_ID : UNIQUE_ID
);
INSERT INTO ACT_BLK VALUES (
    "85666b9d-482d-48eb-8889-3a5c2034440b", -- Block_ID : UNIQUE_ID
    0, -- WhereSpecOK : BOOLEAN
    0, -- InWhereSpec : BOOLEAN
    0, -- SelectedFound : BOOLEAN
    '', -- TempBuffer : STRING
    '', -- SupData1 : STRING
    '', -- SupData2 : STRING
    0, -- CurrentLine : INTEGER
    0, -- CurrentCol : INTEGER
    0, -- currentKeyLettersLineNumber : INTEGER
    0, -- currentKeyLettersColumn : INTEGER
    0, -- currentParameterAssignmentNameLineNumber : INTEGER
    0, -- currentParameterAssignmentNameColumn : INTEGER
    0, -- currentAssociationNumberLineNumber : INTEGER
    0, -- currentAssociationNumberColumn : INTEGER
    0, -- currentAssociationPhraseLineNumber : INTEGER
    0, -- currentAssociationPhraseColumn : INTEGER
    0, -- currentDataTypeNameLineNumber : INTEGER
    0, -- currentDataTypeNameColumn : INTEGER
    0, -- blockInStackFrameCreated : BOOLEAN
    "eb2e196d-48c6-4325-b492-7055aa5aa0c4", -- Action_ID : UNIQUE_ID
    "46a1a586-05b7-4edd-bc0f-e8dc9458a494" -- Parsed_Action_ID : UNIQUE_ID
);
INSERT INTO ACT_BLK VALUES (
    "e675ba98-7364-4515-812a-07b082fc57c8", -- Block_ID : UNIQUE_ID
    0, -- WhereSpecOK : BOOLEAN
    0, -- InWhereSpec : BOOLEAN
    0, -- SelectedFound : BOOLEAN
    '', -- TempBuffer : STRING
    '', -- SupData1 : STRING
    '', -- SupData2 : STRING
    0, -- CurrentLine : INTEGER
    0, -- CurrentCol : INTEGER
    0, -- currentKeyLettersLineNumber : INTEGER
    0, -- currentKeyLettersColumn : INTEGER
    0, -- currentParameterAssignmentNameLineNumber : INTEGER
    0, -- currentParameterAssignmentNameColumn : INTEGER
    0, -- currentAssociationNumberLineNumber : INTEGER
    0, -- currentAssociationNumberColumn : INTEGER
    0, -- currentAssociationPhraseLineNumber : INTEGER
    0, -- currentAssociationPhraseColumn : INTEGER
    0, -- currentDataTypeNameLineNumber : INTEGER
    0, -- currentDataTypeNameColumn : INTEGER
    0, -- blockInStackFrameCreated : BOOLEAN
    "3c080fe4-1eba-435b-97dd-7c90531f0f9d", -- Action_ID : UNIQUE_ID
    "5e009c03-0aed-4c1c-94bb-4e408fa91884" -- Parsed_Action_ID : UNIQUE_ID
);
INSERT INTO ACT_BLK VALUES (
    "cd1adec8-9090-40c8-93aa-e5308bfdda31", -- Block_ID : UNIQUE_ID
    0, -- WhereSpecOK : BOOLEAN
    0, -- InWhereSpec : BOOLEAN
    0, -- SelectedFound : BOOLEAN
    '', -- TempBuffer : STRING
    '', -- SupData1 : STRING
    '', -- SupData2 : STRING
    0, -- CurrentLine : INTEGER
    0, -- CurrentCol : INTEGER
    0, -- currentKeyLettersLineNumber : INTEGER
    0, -- currentKeyLettersColumn : INTEGER
    0, -- currentParameterAssignmentNameLineNumber : INTEGER
    0, -- currentParameterAssignmentNameColumn : INTEGER
    0, -- currentAssociationNumberLineNumber : INTEGER
    0, -- currentAssociationNumberColumn : INTEGER
    0, -- currentAssociationPhraseLineNumber : INTEGER
    0, -- currentAssociationPhraseColumn : INTEGER
    0, -- currentDataTypeNameLineNumber : INTEGER
    0, -- currentDataTypeNameColumn : INTEGER
    0, -- blockInStackFrameCreated : BOOLEAN
    "f3406b70-5f39-4412-8ca8-d095a3d7a201", -- Action_ID : UNIQUE_ID
    "e762253f-f9a6-4708-af93-b723b62687fa" -- Parsed_Action_ID : UNIQUE_ID
);
INSERT INTO ACT_BLK VALUES (
    "487d24ad-3f63-47fc-91cd-d90da746bb8f", -- Block_ID : UNIQUE_ID
    0, -- WhereSpecOK : BOOLEAN
    0, -- InWhereSpec : BOOLEAN
    0, -- SelectedFound : BOOLEAN
    '', -- TempBuffer : STRING
    '', -- SupData1 : STRING
    '', -- SupData2 : STRING
    0, -- CurrentLine : INTEGER
    0, -- CurrentCol : INTEGER
    0, -- currentKeyLettersLineNumber : INTEGER
    0, -- currentKeyLettersColumn : INTEGER
    0, -- currentParameterAssignmentNameLineNumber : INTEGER
    0, -- currentParameterAssignmentNameColumn : INTEGER
    0, -- currentAssociationNumberLineNumber : INTEGER
    0, -- currentAssociationNumberColumn : INTEGER
    0, -- currentAssociationPhraseLineNumber : INTEGER
    0, -- currentAssociationPhraseColumn : INTEGER
    0, -- currentDataTypeNameLineNumber : INTEGER
    0, -- currentDataTypeNameColumn : INTEGER
    0, -- blockInStackFrameCreated : BOOLEAN
    "7dc09467-ba55-4281-8c6c-564c732a22b9", -- Action_ID : UNIQUE_ID
    "ddef31a9-eb1a-4810-a568-66c117e49ce6" -- Parsed_Action_ID : UNIQUE_ID
);
INSERT INTO ACT_BLK VALUES (
    "8d901fab-3fb2-490c-bda2-62349e59ed46", -- Block_ID : UNIQUE_ID
    0, -- WhereSpecOK : BOOLEAN
    0, -- InWhereSpec : BOOLEAN
    0, -- SelectedFound : BOOLEAN
    '', -- TempBuffer : STRING
    '', -- SupData1 : STRING
    '', -- SupData2 : STRING
    0, -- CurrentLine : INTEGER
    0, -- CurrentCol : INTEGER
    0, -- currentKeyLettersLineNumber : INTEGER
    0, -- currentKeyLettersColumn : INTEGER
    0, -- currentParameterAssignmentNameLineNumber : INTEGER
    0, -- currentParameterAssignmentNameColumn : INTEGER
    0, -- currentAssociationNumberLineNumber : INTEGER
    0, -- currentAssociationNumberColumn : INTEGER
    0, -- currentAssociationPhraseLineNumber : INTEGER
    0, -- currentAssociationPhraseColumn : INTEGER
    0, -- currentDataTypeNameLineNumber : INTEGER
    0, -- currentDataTypeNameColumn : INTEGER
    0, -- blockInStackFrameCreated : BOOLEAN
    "e0ca2b42-d0f8-4a89-a694-ea7ff39556f0", -- Action_ID : UNIQUE_ID
    "2869d86a-9804-47c5-9610-9b1b6a58d28f" -- Parsed_Action_ID : UNIQUE_ID
);
INSERT INTO ACT_BLK VALUES (
    "86f5d66c-0f2b-4cec-90eb-81e20250e31b", -- Block_ID : UNIQUE_ID
    0, -- WhereSpecOK : BOOLEAN
    0, -- InWhereSpec : BOOLEAN
    0, -- SelectedFound : BOOLEAN
    '', -- TempBuffer : STRING
    '', -- SupData1 : STRING
    '', -- SupData2 : STRING
    0, -- CurrentLine : INTEGER
    0, -- CurrentCol : INTEGER
    0, -- currentKeyLettersLineNumber : INTEGER
    0, -- currentKeyLettersColumn : INTEGER
    0, -- currentParameterAssignmentNameLineNumber : INTEGER
    0, -- currentParameterAssignmentNameColumn : INTEGER
    0, -- currentAssociationNumberLineNumber : INTEGER
    0, -- currentAssociationNumberColumn : INTEGER
    0, -- currentAssociationPhraseLineNumber : INTEGER
    0, -- currentAssociationPhraseColumn : INTEGER
    0, -- currentDataTypeNameLineNumber : INTEGER
    0, -- currentDataTypeNameColumn : INTEGER
    0, -- blockInStackFrameCreated : BOOLEAN
    "453df26b-4ed3-4690-b7c1-63bf412c146a", -- Action_ID : UNIQUE_ID
    "d948aff0-e5cc-48de-89ad-059bd5a17fe9" -- Parsed_Action_ID : UNIQUE_ID
);
INSERT INTO ACT_BLK VALUES (
    "7ea946a2-91bd-4613-9398-bb26c117e4a3", -- Block_ID : UNIQUE_ID
    0, -- WhereSpecOK : BOOLEAN
    0, -- InWhereSpec : BOOLEAN
    0, -- SelectedFound : BOOLEAN
    '', -- TempBuffer : STRING
    '', -- SupData1 : STRING
    '', -- SupData2 : STRING
    0, -- CurrentLine : INTEGER
    0, -- CurrentCol : INTEGER
    0, -- currentKeyLettersLineNumber : INTEGER
    0, -- currentKeyLettersColumn : INTEGER
    0, -- currentParameterAssignmentNameLineNumber : INTEGER
    0, -- currentParameterAssignmentNameColumn : INTEGER
    0, -- currentAssociationNumberLineNumber : INTEGER
    0, -- currentAssociationNumberColumn : INTEGER
    0, -- currentAssociationPhraseLineNumber : INTEGER
    0, -- currentAssociationPhraseColumn : INTEGER
    0, -- currentDataTypeNameLineNumber : INTEGER
    0, -- currentDataTypeNameColumn : INTEGER
    0, -- blockInStackFrameCreated : BOOLEAN
    "2254ce3e-cd88-4e2b-ab7b-1a051331153a", -- Action_ID : UNIQUE_ID
    "14bbdaea-da83-494c-a45e-73e67d1632f7" -- Parsed_Action_ID : UNIQUE_ID
);
INSERT INTO ACT_BLK VALUES (
    "816adaf0-063b-4bd1-a61f-5fe95b5e463e", -- Block_ID : UNIQUE_ID
    0, -- WhereSpecOK : BOOLEAN
    0, -- InWhereSpec : BOOLEAN
    0, -- SelectedFound : BOOLEAN
    '', -- TempBuffer : STRING
    '', -- SupData1 : STRING
    '', -- SupData2 : STRING
    0, -- CurrentLine : INTEGER
    0, -- CurrentCol : INTEGER
    0, -- currentKeyLettersLineNumber : INTEGER
    0, -- currentKeyLettersColumn : INTEGER
    0, -- currentParameterAssignmentNameLineNumber : INTEGER
    0, -- currentParameterAssignmentNameColumn : INTEGER
    0, -- currentAssociationNumberLineNumber : INTEGER
    0, -- currentAssociationNumberColumn : INTEGER
    0, -- currentAssociationPhraseLineNumber : INTEGER
    0, -- currentAssociationPhraseColumn : INTEGER
    0, -- currentDataTypeNameLineNumber : INTEGER
    0, -- currentDataTypeNameColumn : INTEGER
    0, -- blockInStackFrameCreated : BOOLEAN
    "6a4074bf-ad58-4416-8d65-384cbeb7bf26", -- Action_ID : UNIQUE_ID
    "7594e907-9a85-44fa-92f3-e459d757cb54" -- Parsed_Action_ID : UNIQUE_ID
);
INSERT INTO ACT_BLK VALUES (
    "697c95b8-39ea-4c9d-9021-574065b4509c", -- Block_ID : UNIQUE_ID
    0, -- WhereSpecOK : BOOLEAN
    0, -- InWhereSpec : BOOLEAN
    0, -- SelectedFound : BOOLEAN
    '', -- TempBuffer : STRING
    '', -- SupData1 : STRING
    '', -- SupData2 : STRING
    0, -- CurrentLine : INTEGER
    0, -- CurrentCol : INTEGER
    0, -- currentKeyLettersLineNumber : INTEGER
    0, -- currentKeyLettersColumn : INTEGER
    0, -- currentParameterAssignmentNameLineNumber : INTEGER
    0, -- currentParameterAssignmentNameColumn : INTEGER
    0, -- currentAssociationNumberLineNumber : INTEGER
    0, -- currentAssociationNumberColumn : INTEGER
    0, -- currentAssociationPhraseLineNumber : INTEGER
    0, -- currentAssociationPhraseColumn : INTEGER
    0, -- currentDataTypeNameLineNumber : INTEGER
    0, -- currentDataTypeNameColumn : INTEGER
    0, -- blockInStackFrameCreated : BOOLEAN
    "7806abff-d1cb-45cd-aa2d-492a9d0c6ded", -- Action_ID : UNIQUE_ID
    "27248ce8-6437-49cd-ab5f-8fcee3ee0f18" -- Parsed_Action_ID : UNIQUE_ID
);
INSERT INTO ACT_BLK VALUES (
    "c19b9602-a13e-46aa-8781-a84851172829", -- Block_ID : UNIQUE_ID
    0, -- WhereSpecOK : BOOLEAN
    0, -- InWhereSpec : BOOLEAN
    0, -- SelectedFound : BOOLEAN
    '', -- TempBuffer : STRING
    '', -- SupData1 : STRING
    '', -- SupData2 : STRING
    0, -- CurrentLine : INTEGER
    0, -- CurrentCol : INTEGER
    0, -- currentKeyLettersLineNumber : INTEGER
    0, -- currentKeyLettersColumn : INTEGER
    0, -- currentParameterAssignmentNameLineNumber : INTEGER
    0, -- currentParameterAssignmentNameColumn : INTEGER
    0, -- currentAssociationNumberLineNumber : INTEGER
    0, -- currentAssociationNumberColumn : INTEGER
    0, -- currentAssociationPhraseLineNumber : INTEGER
    0, -- currentAssociationPhraseColumn : INTEGER
    0, -- currentDataTypeNameLineNumber : INTEGER
    0, -- currentDataTypeNameColumn : INTEGER
    0, -- blockInStackFrameCreated : BOOLEAN
    "e7713843-da13-43e6-bb59-c801b46a5f7c", -- Action_ID : UNIQUE_ID
    "0f5f2d4f-ba56-43b4-aa00-f2b0005ea860" -- Parsed_Action_ID : UNIQUE_ID
);
INSERT INTO ACT_BLK VALUES (
    "4e28d6cc-9902-401a-a5d1-92c47a306b82", -- Block_ID : UNIQUE_ID
    0, -- WhereSpecOK : BOOLEAN
    0, -- InWhereSpec : BOOLEAN
    0, -- SelectedFound : BOOLEAN
    '', -- TempBuffer : STRING
    '', -- SupData1 : STRING
    '', -- SupData2 : STRING
    0, -- CurrentLine : INTEGER
    0, -- CurrentCol : INTEGER
    0, -- currentKeyLettersLineNumber : INTEGER
    0, -- currentKeyLettersColumn : INTEGER
    0, -- currentParameterAssignmentNameLineNumber : INTEGER
    0, -- currentParameterAssignmentNameColumn : INTEGER
    0, -- currentAssociationNumberLineNumber : INTEGER
    0, -- currentAssociationNumberColumn : INTEGER
    0, -- currentAssociationPhraseLineNumber : INTEGER
    0, -- currentAssociationPhraseColumn : INTEGER
    0, -- currentDataTypeNameLineNumber : INTEGER
    0, -- currentDataTypeNameColumn : INTEGER
    0, -- blockInStackFrameCreated : BOOLEAN
    "7a6dda8b-8601-41a2-88e9-699247334b27", -- Action_ID : UNIQUE_ID
    "8182e1ee-5bdd-4c39-961c-f419fdebe0f4" -- Parsed_Action_ID : UNIQUE_ID
);
INSERT INTO ACT_BLK VALUES (
    "22391a79-d56d-415d-9214-ee03849447f5", -- Block_ID : UNIQUE_ID
    0, -- WhereSpecOK : BOOLEAN
    0, -- InWhereSpec : BOOLEAN
    0, -- SelectedFound : BOOLEAN
    '', -- TempBuffer : STRING
    '', -- SupData1 : STRING
    '', -- SupData2 : STRING
    0, -- CurrentLine : INTEGER
    0, -- CurrentCol : INTEGER
    0, -- currentKeyLettersLineNumber : INTEGER
    0, -- currentKeyLettersColumn : INTEGER
    0, -- currentParameterAssignmentNameLineNumber : INTEGER
    0, -- currentParameterAssignmentNameColumn : INTEGER
    0, -- currentAssociationNumberLineNumber : INTEGER
    0, -- currentAssociationNumberColumn : INTEGER
    0, -- currentAssociationPhraseLineNumber : INTEGER
    0, -- currentAssociationPhraseColumn : INTEGER
    0, -- currentDataTypeNameLineNumber : INTEGER
    0, -- currentDataTypeNameColumn : INTEGER
    0, -- blockInStackFrameCreated : BOOLEAN
    "30672f53-7a66-4500-80b5-38048e0d4c54", -- Action_ID : UNIQUE_ID
    "3101c34e-a03c-4d20-80ff-276aa96ba488" -- Parsed_Action_ID : UNIQUE_ID
);
INSERT INTO ACT_BLK VALUES (
    "38f10722-847a-4029-89fe-93d51509aec8", -- Block_ID : UNIQUE_ID
    0, -- WhereSpecOK : BOOLEAN
    0, -- InWhereSpec : BOOLEAN
    0, -- SelectedFound : BOOLEAN
    '', -- TempBuffer : STRING
    '', -- SupData1 : STRING
    '', -- SupData2 : STRING
    0, -- CurrentLine : INTEGER
    0, -- CurrentCol : INTEGER
    0, -- currentKeyLettersLineNumber : INTEGER
    0, -- currentKeyLettersColumn : INTEGER
    0, -- currentParameterAssignmentNameLineNumber : INTEGER
    0, -- currentParameterAssignmentNameColumn : INTEGER
    0, -- currentAssociationNumberLineNumber : INTEGER
    0, -- currentAssociationNumberColumn : INTEGER
    0, -- currentAssociationPhraseLineNumber : INTEGER
    0, -- currentAssociationPhraseColumn : INTEGER
    0, -- currentDataTypeNameLineNumber : INTEGER
    0, -- currentDataTypeNameColumn : INTEGER
    0, -- blockInStackFrameCreated : BOOLEAN
    "4f8b4a74-8c59-446f-b5ab-fdbb113f1ff0", -- Action_ID : UNIQUE_ID
    "35110721-f44e-4009-b7e4-00e4b20b6cb0" -- Parsed_Action_ID : UNIQUE_ID
);
INSERT INTO ACT_BLK VALUES (
    "0b4bd52d-7b9b-4cfc-a3bc-51975bb2834c", -- Block_ID : UNIQUE_ID
    0, -- WhereSpecOK : BOOLEAN
    0, -- InWhereSpec : BOOLEAN
    0, -- SelectedFound : BOOLEAN
    '', -- TempBuffer : STRING
    '', -- SupData1 : STRING
    '', -- SupData2 : STRING
    0, -- CurrentLine : INTEGER
    0, -- CurrentCol : INTEGER
    0, -- currentKeyLettersLineNumber : INTEGER
    0, -- currentKeyLettersColumn : INTEGER
    0, -- currentParameterAssignmentNameLineNumber : INTEGER
    0, -- currentParameterAssignmentNameColumn : INTEGER
    0, -- currentAssociationNumberLineNumber : INTEGER
    0, -- currentAssociationNumberColumn : INTEGER
    0, -- currentAssociationPhraseLineNumber : INTEGER
    0, -- currentAssociationPhraseColumn : INTEGER
    0, -- currentDataTypeNameLineNumber : INTEGER
    0, -- currentDataTypeNameColumn : INTEGER
    0, -- blockInStackFrameCreated : BOOLEAN
    "d467eba3-d8aa-45bb-9c36-2bce3e2180c7", -- Action_ID : UNIQUE_ID
    "39ba0304-32d0-4692-90ba-d60cf453f5e5" -- Parsed_Action_ID : UNIQUE_ID
);
INSERT INTO ACT_BLK VALUES (
    "31be5738-3283-40d3-bafb-8c4485ac37ca", -- Block_ID : UNIQUE_ID
    0, -- WhereSpecOK : BOOLEAN
    0, -- InWhereSpec : BOOLEAN
    0, -- SelectedFound : BOOLEAN
    '', -- TempBuffer : STRING
    '', -- SupData1 : STRING
    '', -- SupData2 : STRING
    0, -- CurrentLine : INTEGER
    0, -- CurrentCol : INTEGER
    0, -- currentKeyLettersLineNumber : INTEGER
    0, -- currentKeyLettersColumn : INTEGER
    0, -- currentParameterAssignmentNameLineNumber : INTEGER
    0, -- currentParameterAssignmentNameColumn : INTEGER
    0, -- currentAssociationNumberLineNumber : INTEGER
    0, -- currentAssociationNumberColumn : INTEGER
    0, -- currentAssociationPhraseLineNumber : INTEGER
    0, -- currentAssociationPhraseColumn : INTEGER
    0, -- currentDataTypeNameLineNumber : INTEGER
    0, -- currentDataTypeNameColumn : INTEGER
    0, -- blockInStackFrameCreated : BOOLEAN
    "7a55dcad-86f6-45c8-8f87-ccf7df08265a", -- Action_ID : UNIQUE_ID
    "18f539e2-8012-48d5-81b5-31e9a8167585" -- Parsed_Action_ID : UNIQUE_ID
);
INSERT INTO ACT_BLK VALUES (
    "6aa017b6-f191-4320-8008-2a0c751fdf0f", -- Block_ID : UNIQUE_ID
    0, -- WhereSpecOK : BOOLEAN
    0, -- InWhereSpec : BOOLEAN
    0, -- SelectedFound : BOOLEAN
    '', -- TempBuffer : STRING
    '', -- SupData1 : STRING
    '', -- SupData2 : STRING
    0, -- CurrentLine : INTEGER
    0, -- CurrentCol : INTEGER
    0, -- currentKeyLettersLineNumber : INTEGER
    0, -- currentKeyLettersColumn : INTEGER
    0, -- currentParameterAssignmentNameLineNumber : INTEGER
    0, -- currentParameterAssignmentNameColumn : INTEGER
    0, -- currentAssociationNumberLineNumber : INTEGER
    0, -- currentAssociationNumberColumn : INTEGER
    0, -- currentAssociationPhraseLineNumber : INTEGER
    0, -- currentAssociationPhraseColumn : INTEGER
    0, -- currentDataTypeNameLineNumber : INTEGER
    0, -- currentDataTypeNameColumn : INTEGER
    0, -- blockInStackFrameCreated : BOOLEAN
    "f17cfd04-6541-4adc-a232-7ad9aeeabbd9", -- Action_ID : UNIQUE_ID
    "b165bce0-ca5b-4b95-bfdb-82b07039a685" -- Parsed_Action_ID : UNIQUE_ID
);
INSERT INTO ACT_BLK VALUES (
    "e85a6052-34c8-45a5-b984-759ae7126b1b", -- Block_ID : UNIQUE_ID
    0, -- WhereSpecOK : BOOLEAN
    0, -- InWhereSpec : BOOLEAN
    0, -- SelectedFound : BOOLEAN
    '', -- TempBuffer : STRING
    '', -- SupData1 : STRING
    '', -- SupData2 : STRING
    0, -- CurrentLine : INTEGER
    0, -- CurrentCol : INTEGER
    0, -- currentKeyLettersLineNumber : INTEGER
    0, -- currentKeyLettersColumn : INTEGER
    0, -- currentParameterAssignmentNameLineNumber : INTEGER
    0, -- currentParameterAssignmentNameColumn : INTEGER
    0, -- currentAssociationNumberLineNumber : INTEGER
    0, -- currentAssociationNumberColumn : INTEGER
    0, -- currentAssociationPhraseLineNumber : INTEGER
    0, -- currentAssociationPhraseColumn : INTEGER
    0, -- currentDataTypeNameLineNumber : INTEGER
    0, -- currentDataTypeNameColumn : INTEGER
    0, -- blockInStackFrameCreated : BOOLEAN
    "45e2f4b3-3a09-440d-8553-e040ea316aab", -- Action_ID : UNIQUE_ID
    "bd2a84f8-c6ad-4271-a072-f8b624c2b267" -- Parsed_Action_ID : UNIQUE_ID
);
INSERT INTO ACT_BLK VALUES (
    "a967aa1d-239e-4f27-9054-2443487464d1", -- Block_ID : UNIQUE_ID
    0, -- WhereSpecOK : BOOLEAN
    0, -- InWhereSpec : BOOLEAN
    0, -- SelectedFound : BOOLEAN
    '', -- TempBuffer : STRING
    '', -- SupData1 : STRING
    '', -- SupData2 : STRING
    0, -- CurrentLine : INTEGER
    0, -- CurrentCol : INTEGER
    0, -- currentKeyLettersLineNumber : INTEGER
    0, -- currentKeyLettersColumn : INTEGER
    0, -- currentParameterAssignmentNameLineNumber : INTEGER
    0, -- currentParameterAssignmentNameColumn : INTEGER
    0, -- currentAssociationNumberLineNumber : INTEGER
    0, -- currentAssociationNumberColumn : INTEGER
    0, -- currentAssociationPhraseLineNumber : INTEGER
    0, -- currentAssociationPhraseColumn : INTEGER
    0, -- currentDataTypeNameLineNumber : INTEGER
    0, -- currentDataTypeNameColumn : INTEGER
    0, -- blockInStackFrameCreated : BOOLEAN
    "f6479385-de93-443f-a9d9-2d5e095d5966", -- Action_ID : UNIQUE_ID
    "a65cdb82-c033-4e24-87f3-e0e5298d69c4" -- Parsed_Action_ID : UNIQUE_ID
);
INSERT INTO ACT_BLK VALUES (
    "18737513-bb3f-4a18-afd1-8aa039e1e2fd", -- Block_ID : UNIQUE_ID
    0, -- WhereSpecOK : BOOLEAN
    0, -- InWhereSpec : BOOLEAN
    0, -- SelectedFound : BOOLEAN
    '', -- TempBuffer : STRING
    '', -- SupData1 : STRING
    '', -- SupData2 : STRING
    0, -- CurrentLine : INTEGER
    0, -- CurrentCol : INTEGER
    0, -- currentKeyLettersLineNumber : INTEGER
    0, -- currentKeyLettersColumn : INTEGER
    0, -- currentParameterAssignmentNameLineNumber : INTEGER
    0, -- currentParameterAssignmentNameColumn : INTEGER
    0, -- currentAssociationNumberLineNumber : INTEGER
    0, -- currentAssociationNumberColumn : INTEGER
    0, -- currentAssociationPhraseLineNumber : INTEGER
    0, -- currentAssociationPhraseColumn : INTEGER
    0, -- currentDataTypeNameLineNumber : INTEGER
    0, -- currentDataTypeNameColumn : INTEGER
    0, -- blockInStackFrameCreated : BOOLEAN
    "4269e95a-6e8a-467e-bf33-b8effea6455b", -- Action_ID : UNIQUE_ID
    "96a19f39-a14b-473b-8197-0aad18fc4568" -- Parsed_Action_ID : UNIQUE_ID
);
INSERT INTO ACT_BLK VALUES (
    "df6e80f1-79b3-49e6-828e-324908f22282", -- Block_ID : UNIQUE_ID
    0, -- WhereSpecOK : BOOLEAN
    0, -- InWhereSpec : BOOLEAN
    0, -- SelectedFound : BOOLEAN
    '', -- TempBuffer : STRING
    '', -- SupData1 : STRING
    '', -- SupData2 : STRING
    0, -- CurrentLine : INTEGER
    0, -- CurrentCol : INTEGER
    0, -- currentKeyLettersLineNumber : INTEGER
    0, -- currentKeyLettersColumn : INTEGER
    0, -- currentParameterAssignmentNameLineNumber : INTEGER
    0, -- currentParameterAssignmentNameColumn : INTEGER
    0, -- currentAssociationNumberLineNumber : INTEGER
    0, -- currentAssociationNumberColumn : INTEGER
    0, -- currentAssociationPhraseLineNumber : INTEGER
    0, -- currentAssociationPhraseColumn : INTEGER
    0, -- currentDataTypeNameLineNumber : INTEGER
    0, -- currentDataTypeNameColumn : INTEGER
    0, -- blockInStackFrameCreated : BOOLEAN
    "75643f1f-f947-4206-bada-b3b71098cf15", -- Action_ID : UNIQUE_ID
    "481caad8-036c-4d4f-9e3c-5503ae45723e" -- Parsed_Action_ID : UNIQUE_ID
);
INSERT INTO ACT_BLK VALUES (
    "ef595919-544e-4613-84f2-9ab778665f92", -- Block_ID : UNIQUE_ID
    0, -- WhereSpecOK : BOOLEAN
    0, -- InWhereSpec : BOOLEAN
    0, -- SelectedFound : BOOLEAN
    '', -- TempBuffer : STRING
    '', -- SupData1 : STRING
    '', -- SupData2 : STRING
    0, -- CurrentLine : INTEGER
    0, -- CurrentCol : INTEGER
    0, -- currentKeyLettersLineNumber : INTEGER
    0, -- currentKeyLettersColumn : INTEGER
    0, -- currentParameterAssignmentNameLineNumber : INTEGER
    0, -- currentParameterAssignmentNameColumn : INTEGER
    0, -- currentAssociationNumberLineNumber : INTEGER
    0, -- currentAssociationNumberColumn : INTEGER
    0, -- currentAssociationPhraseLineNumber : INTEGER
    0, -- currentAssociationPhraseColumn : INTEGER
    0, -- currentDataTypeNameLineNumber : INTEGER
    0, -- currentDataTypeNameColumn : INTEGER
    0, -- blockInStackFrameCreated : BOOLEAN
    "dfc0a90d-2d7d-4834-96b0-f71804b0e534", -- Action_ID : UNIQUE_ID
    "94fb9d73-bb47-4bf8-8172-e9b2108c2099" -- Parsed_Action_ID : UNIQUE_ID
);
INSERT INTO ACT_BLK VALUES (
    "9f0db3b1-f8b6-4624-9c0b-f8adbcfcf87f", -- Block_ID : UNIQUE_ID
    0, -- WhereSpecOK : BOOLEAN
    0, -- InWhereSpec : BOOLEAN
    0, -- SelectedFound : BOOLEAN
    '', -- TempBuffer : STRING
    '', -- SupData1 : STRING
    '', -- SupData2 : STRING
    0, -- CurrentLine : INTEGER
    0, -- CurrentCol : INTEGER
    0, -- currentKeyLettersLineNumber : INTEGER
    0, -- currentKeyLettersColumn : INTEGER
    0, -- currentParameterAssignmentNameLineNumber : INTEGER
    0, -- currentParameterAssignmentNameColumn : INTEGER
    0, -- currentAssociationNumberLineNumber : INTEGER
    0, -- currentAssociationNumberColumn : INTEGER
    0, -- currentAssociationPhraseLineNumber : INTEGER
    0, -- currentAssociationPhraseColumn : INTEGER
    0, -- currentDataTypeNameLineNumber : INTEGER
    0, -- currentDataTypeNameColumn : INTEGER
    0, -- blockInStackFrameCreated : BOOLEAN
    "7b887fdd-8f21-4840-a6da-b0da60baeb94", -- Action_ID : UNIQUE_ID
    "004877df-494e-4ea9-a08e-fc8d836592ad" -- Parsed_Action_ID : UNIQUE_ID
);
INSERT INTO ACT_BLK VALUES (
    "d578abdf-2606-4af3-95f6-731dd7319ebe", -- Block_ID : UNIQUE_ID
    0, -- WhereSpecOK : BOOLEAN
    0, -- InWhereSpec : BOOLEAN
    0, -- SelectedFound : BOOLEAN
    '', -- TempBuffer : STRING
    '', -- SupData1 : STRING
    '', -- SupData2 : STRING
    0, -- CurrentLine : INTEGER
    0, -- CurrentCol : INTEGER
    0, -- currentKeyLettersLineNumber : INTEGER
    0, -- currentKeyLettersColumn : INTEGER
    0, -- currentParameterAssignmentNameLineNumber : INTEGER
    0, -- currentParameterAssignmentNameColumn : INTEGER
    0, -- currentAssociationNumberLineNumber : INTEGER
    0, -- currentAssociationNumberColumn : INTEGER
    0, -- currentAssociationPhraseLineNumber : INTEGER
    0, -- currentAssociationPhraseColumn : INTEGER
    0, -- currentDataTypeNameLineNumber : INTEGER
    0, -- currentDataTypeNameColumn : INTEGER
    0, -- blockInStackFrameCreated : BOOLEAN
    "e9be4cab-7b26-4136-a9f1-0b3276f3982b", -- Action_ID : UNIQUE_ID
    "89d64cd2-2cd9-4293-b5cc-0fd482b05bbf" -- Parsed_Action_ID : UNIQUE_ID
);
INSERT INTO ACT_BLK VALUES (
    "6afb6373-c364-47b8-b564-9d501b7a8004", -- Block_ID : UNIQUE_ID
    0, -- WhereSpecOK : BOOLEAN
    0, -- InWhereSpec : BOOLEAN
    0, -- SelectedFound : BOOLEAN
    '', -- TempBuffer : STRING
    '', -- SupData1 : STRING
    '', -- SupData2 : STRING
    0, -- CurrentLine : INTEGER
    0, -- CurrentCol : INTEGER
    0, -- currentKeyLettersLineNumber : INTEGER
    0, -- currentKeyLettersColumn : INTEGER
    0, -- currentParameterAssignmentNameLineNumber : INTEGER
    0, -- currentParameterAssignmentNameColumn : INTEGER
    0, -- currentAssociationNumberLineNumber : INTEGER
    0, -- currentAssociationNumberColumn : INTEGER
    0, -- currentAssociationPhraseLineNumber : INTEGER
    0, -- currentAssociationPhraseColumn : INTEGER
    0, -- currentDataTypeNameLineNumber : INTEGER
    0, -- currentDataTypeNameColumn : INTEGER
    0, -- blockInStackFrameCreated : BOOLEAN
    "e9be4cab-7b26-4136-a9f1-0b3276f3982b", -- Action_ID : UNIQUE_ID
    "a49276b6-f367-4d73-80d3-6a08b07ed0e1" -- Parsed_Action_ID : UNIQUE_ID
);
INSERT INTO ACT_BLK VALUES (
    "617888e9-738c-405a-be7e-b873ba1c795b", -- Block_ID : UNIQUE_ID
    0, -- WhereSpecOK : BOOLEAN
    0, -- InWhereSpec : BOOLEAN
    0, -- SelectedFound : BOOLEAN
    '', -- TempBuffer : STRING
    '', -- SupData1 : STRING
    '', -- SupData2 : STRING
    0, -- CurrentLine : INTEGER
    0, -- CurrentCol : INTEGER
    0, -- currentKeyLettersLineNumber : INTEGER
    0, -- currentKeyLettersColumn : INTEGER
    0, -- currentParameterAssignmentNameLineNumber : INTEGER
    0, -- currentParameterAssignmentNameColumn : INTEGER
    0, -- currentAssociationNumberLineNumber : INTEGER
    0, -- currentAssociationNumberColumn : INTEGER
    0, -- currentAssociationPhraseLineNumber : INTEGER
    0, -- currentAssociationPhraseColumn : INTEGER
    0, -- currentDataTypeNameLineNumber : INTEGER
    0, -- currentDataTypeNameColumn : INTEGER
    0, -- blockInStackFrameCreated : BOOLEAN
    "95f937d3-ca42-4462-80a1-fde7cde4d950", -- Action_ID : UNIQUE_ID
    "d5563f6a-0158-477b-93ab-93dc8d81cae2" -- Parsed_Action_ID : UNIQUE_ID
);
INSERT INTO ACT_BLK VALUES (
    "5a83b18a-c7b0-42c2-8de9-e791e31d8a73", -- Block_ID : UNIQUE_ID
    0, -- WhereSpecOK : BOOLEAN
    0, -- InWhereSpec : BOOLEAN
    0, -- SelectedFound : BOOLEAN
    '', -- TempBuffer : STRING
    '', -- SupData1 : STRING
    '', -- SupData2 : STRING
    0, -- CurrentLine : INTEGER
    0, -- CurrentCol : INTEGER
    0, -- currentKeyLettersLineNumber : INTEGER
    0, -- currentKeyLettersColumn : INTEGER
    0, -- currentParameterAssignmentNameLineNumber : INTEGER
    0, -- currentParameterAssignmentNameColumn : INTEGER
    0, -- currentAssociationNumberLineNumber : INTEGER
    0, -- currentAssociationNumberColumn : INTEGER
    0, -- currentAssociationPhraseLineNumber : INTEGER
    0, -- currentAssociationPhraseColumn : INTEGER
    0, -- currentDataTypeNameLineNumber : INTEGER
    0, -- currentDataTypeNameColumn : INTEGER
    0, -- blockInStackFrameCreated : BOOLEAN
    "77bea803-0050-49b6-a900-217114376e71", -- Action_ID : UNIQUE_ID
    "37d968eb-b58c-48d6-8a18-c61a672ff64a" -- Parsed_Action_ID : UNIQUE_ID
);
INSERT INTO ACT_BLK VALUES (
    "5f35a019-3956-432c-99a9-6898f1fb42ed", -- Block_ID : UNIQUE_ID
    0, -- WhereSpecOK : BOOLEAN
    0, -- InWhereSpec : BOOLEAN
    0, -- SelectedFound : BOOLEAN
    '', -- TempBuffer : STRING
    '', -- SupData1 : STRING
    '', -- SupData2 : STRING
    0, -- CurrentLine : INTEGER
    0, -- CurrentCol : INTEGER
    0, -- currentKeyLettersLineNumber : INTEGER
    0, -- currentKeyLettersColumn : INTEGER
    0, -- currentParameterAssignmentNameLineNumber : INTEGER
    0, -- currentParameterAssignmentNameColumn : INTEGER
    0, -- currentAssociationNumberLineNumber : INTEGER
    0, -- currentAssociationNumberColumn : INTEGER
    0, -- currentAssociationPhraseLineNumber : INTEGER
    0, -- currentAssociationPhraseColumn : INTEGER
    0, -- currentDataTypeNameLineNumber : INTEGER
    0, -- currentDataTypeNameColumn : INTEGER
    0, -- blockInStackFrameCreated : BOOLEAN
    "c24ba9ca-7595-46e2-832c-d40cddcd82f7", -- Action_ID : UNIQUE_ID
    "77b42ca3-b7db-4092-a0bb-ee0e57768dec" -- Parsed_Action_ID : UNIQUE_ID
);
INSERT INTO ACT_BLK VALUES (
    "6da87701-8648-4d2d-9d94-cb5100feea7c", -- Block_ID : UNIQUE_ID
    0, -- WhereSpecOK : BOOLEAN
    0, -- InWhereSpec : BOOLEAN
    0, -- SelectedFound : BOOLEAN
    '', -- TempBuffer : STRING
    '', -- SupData1 : STRING
    '', -- SupData2 : STRING
    0, -- CurrentLine : INTEGER
    0, -- CurrentCol : INTEGER
    0, -- currentKeyLettersLineNumber : INTEGER
    0, -- currentKeyLettersColumn : INTEGER
    0, -- currentParameterAssignmentNameLineNumber : INTEGER
    0, -- currentParameterAssignmentNameColumn : INTEGER
    0, -- currentAssociationNumberLineNumber : INTEGER
    0, -- currentAssociationNumberColumn : INTEGER
    0, -- currentAssociationPhraseLineNumber : INTEGER
    0, -- currentAssociationPhraseColumn : INTEGER
    0, -- currentDataTypeNameLineNumber : INTEGER
    0, -- currentDataTypeNameColumn : INTEGER
    0, -- blockInStackFrameCreated : BOOLEAN
    "5e7b4470-dab9-4c04-b85d-0e56519e8713", -- Action_ID : UNIQUE_ID
    "d22a9bfd-468b-4fd5-a1f0-f7e9af926d59" -- Parsed_Action_ID : UNIQUE_ID
);
INSERT INTO ACT_BLK VALUES (
    "e6c02803-8e28-4367-95b5-8cfe3e752587", -- Block_ID : UNIQUE_ID
    0, -- WhereSpecOK : BOOLEAN
    0, -- InWhereSpec : BOOLEAN
    0, -- SelectedFound : BOOLEAN
    '', -- TempBuffer : STRING
    '', -- SupData1 : STRING
    '', -- SupData2 : STRING
    0, -- CurrentLine : INTEGER
    0, -- CurrentCol : INTEGER
    0, -- currentKeyLettersLineNumber : INTEGER
    0, -- currentKeyLettersColumn : INTEGER
    0, -- currentParameterAssignmentNameLineNumber : INTEGER
    0, -- currentParameterAssignmentNameColumn : INTEGER
    0, -- currentAssociationNumberLineNumber : INTEGER
    0, -- currentAssociationNumberColumn : INTEGER
    0, -- currentAssociationPhraseLineNumber : INTEGER
    0, -- currentAssociationPhraseColumn : INTEGER
    0, -- currentDataTypeNameLineNumber : INTEGER
    0, -- currentDataTypeNameColumn : INTEGER
    0, -- blockInStackFrameCreated : BOOLEAN
    "19c8b775-421e-4149-9bf0-28614363dbb8", -- Action_ID : UNIQUE_ID
    "64407959-de70-4ee9-8820-8bcc2a415996" -- Parsed_Action_ID : UNIQUE_ID
);
INSERT INTO ACT_BLK VALUES (
    "73cce5cf-c919-45ca-805c-13f60549527e", -- Block_ID : UNIQUE_ID
    0, -- WhereSpecOK : BOOLEAN
    0, -- InWhereSpec : BOOLEAN
    0, -- SelectedFound : BOOLEAN
    '', -- TempBuffer : STRING
    '', -- SupData1 : STRING
    '', -- SupData2 : STRING
    0, -- CurrentLine : INTEGER
    0, -- CurrentCol : INTEGER
    0, -- currentKeyLettersLineNumber : INTEGER
    0, -- currentKeyLettersColumn : INTEGER
    0, -- currentParameterAssignmentNameLineNumber : INTEGER
    0, -- currentParameterAssignmentNameColumn : INTEGER
    0, -- currentAssociationNumberLineNumber : INTEGER
    0, -- currentAssociationNumberColumn : INTEGER
    0, -- currentAssociationPhraseLineNumber : INTEGER
    0, -- currentAssociationPhraseColumn : INTEGER
    0, -- currentDataTypeNameLineNumber : INTEGER
    0, -- currentDataTypeNameColumn : INTEGER
    0, -- blockInStackFrameCreated : BOOLEAN
    "82f9acfe-f708-47e7-8b11-689ad4ef17a7", -- Action_ID : UNIQUE_ID
    "d54ac0bf-1a69-4d4a-b0b3-578391e7abb2" -- Parsed_Action_ID : UNIQUE_ID
);
INSERT INTO ACT_BLK VALUES (
    "7279366a-2a0e-4a15-b6bf-c8765b00e6cc", -- Block_ID : UNIQUE_ID
    0, -- WhereSpecOK : BOOLEAN
    0, -- InWhereSpec : BOOLEAN
    0, -- SelectedFound : BOOLEAN
    '', -- TempBuffer : STRING
    '', -- SupData1 : STRING
    '', -- SupData2 : STRING
    0, -- CurrentLine : INTEGER
    0, -- CurrentCol : INTEGER
    0, -- currentKeyLettersLineNumber : INTEGER
    0, -- currentKeyLettersColumn : INTEGER
    0, -- currentParameterAssignmentNameLineNumber : INTEGER
    0, -- currentParameterAssignmentNameColumn : INTEGER
    0, -- currentAssociationNumberLineNumber : INTEGER
    0, -- currentAssociationNumberColumn : INTEGER
    0, -- currentAssociationPhraseLineNumber : INTEGER
    0, -- currentAssociationPhraseColumn : INTEGER
    0, -- currentDataTypeNameLineNumber : INTEGER
    0, -- currentDataTypeNameColumn : INTEGER
    0, -- blockInStackFrameCreated : BOOLEAN
    "47740bf5-b50f-4e43-9dc8-7a8ffc7e4ad0", -- Action_ID : UNIQUE_ID
    "7e694fcc-f6cf-4b95-ba96-8321bf5925ca" -- Parsed_Action_ID : UNIQUE_ID
);
INSERT INTO ACT_BLK VALUES (
    "35f3c752-f3e8-4c18-a24d-377441a1e2a5", -- Block_ID : UNIQUE_ID
    0, -- WhereSpecOK : BOOLEAN
    0, -- InWhereSpec : BOOLEAN
    0, -- SelectedFound : BOOLEAN
    '', -- TempBuffer : STRING
    '', -- SupData1 : STRING
    '', -- SupData2 : STRING
    0, -- CurrentLine : INTEGER
    0, -- CurrentCol : INTEGER
    0, -- currentKeyLettersLineNumber : INTEGER
    0, -- currentKeyLettersColumn : INTEGER
    0, -- currentParameterAssignmentNameLineNumber : INTEGER
    0, -- currentParameterAssignmentNameColumn : INTEGER
    0, -- currentAssociationNumberLineNumber : INTEGER
    0, -- currentAssociationNumberColumn : INTEGER
    0, -- currentAssociationPhraseLineNumber : INTEGER
    0, -- currentAssociationPhraseColumn : INTEGER
    0, -- currentDataTypeNameLineNumber : INTEGER
    0, -- currentDataTypeNameColumn : INTEGER
    0, -- blockInStackFrameCreated : BOOLEAN
    "11b0cff7-a19b-48a5-bd1c-d71ae33d51e4", -- Action_ID : UNIQUE_ID
    "553f65db-c4b7-4186-bc84-05fe3f5f3668" -- Parsed_Action_ID : UNIQUE_ID
);
INSERT INTO ACT_BLK VALUES (
    "e2687c5d-3800-4564-962b-a5cf0af7d259", -- Block_ID : UNIQUE_ID
    0, -- WhereSpecOK : BOOLEAN
    0, -- InWhereSpec : BOOLEAN
    0, -- SelectedFound : BOOLEAN
    '', -- TempBuffer : STRING
    '', -- SupData1 : STRING
    '', -- SupData2 : STRING
    0, -- CurrentLine : INTEGER
    0, -- CurrentCol : INTEGER
    0, -- currentKeyLettersLineNumber : INTEGER
    0, -- currentKeyLettersColumn : INTEGER
    0, -- currentParameterAssignmentNameLineNumber : INTEGER
    0, -- currentParameterAssignmentNameColumn : INTEGER
    0, -- currentAssociationNumberLineNumber : INTEGER
    0, -- currentAssociationNumberColumn : INTEGER
    0, -- currentAssociationPhraseLineNumber : INTEGER
    0, -- currentAssociationPhraseColumn : INTEGER
    0, -- currentDataTypeNameLineNumber : INTEGER
    0, -- currentDataTypeNameColumn : INTEGER
    0, -- blockInStackFrameCreated : BOOLEAN
    "c9f227d5-8993-40f7-87c7-40a9c886d87d", -- Action_ID : UNIQUE_ID
    "85615eb3-58d5-434c-a856-3ff2795b4c54" -- Parsed_Action_ID : UNIQUE_ID
);
INSERT INTO ACT_BLK VALUES (
    "331e1039-6400-4335-b64e-2049412419df", -- Block_ID : UNIQUE_ID
    0, -- WhereSpecOK : BOOLEAN
    0, -- InWhereSpec : BOOLEAN
    0, -- SelectedFound : BOOLEAN
    '', -- TempBuffer : STRING
    '', -- SupData1 : STRING
    '', -- SupData2 : STRING
    0, -- CurrentLine : INTEGER
    0, -- CurrentCol : INTEGER
    0, -- currentKeyLettersLineNumber : INTEGER
    0, -- currentKeyLettersColumn : INTEGER
    0, -- currentParameterAssignmentNameLineNumber : INTEGER
    0, -- currentParameterAssignmentNameColumn : INTEGER
    0, -- currentAssociationNumberLineNumber : INTEGER
    0, -- currentAssociationNumberColumn : INTEGER
    0, -- currentAssociationPhraseLineNumber : INTEGER
    0, -- currentAssociationPhraseColumn : INTEGER
    0, -- currentDataTypeNameLineNumber : INTEGER
    0, -- currentDataTypeNameColumn : INTEGER
    0, -- blockInStackFrameCreated : BOOLEAN
    "6b9bed19-c8a3-45a8-bac6-579ad5a1ef4a", -- Action_ID : UNIQUE_ID
    "68ab78c9-2c38-4856-ba91-d7bd5973f383" -- Parsed_Action_ID : UNIQUE_ID
);
INSERT INTO ACT_BLK VALUES (
    "0f21f6f3-5530-4dbb-8b5a-6b1861a4a959", -- Block_ID : UNIQUE_ID
    0, -- WhereSpecOK : BOOLEAN
    0, -- InWhereSpec : BOOLEAN
    0, -- SelectedFound : BOOLEAN
    '', -- TempBuffer : STRING
    '', -- SupData1 : STRING
    '', -- SupData2 : STRING
    0, -- CurrentLine : INTEGER
    0, -- CurrentCol : INTEGER
    0, -- currentKeyLettersLineNumber : INTEGER
    0, -- currentKeyLettersColumn : INTEGER
    0, -- currentParameterAssignmentNameLineNumber : INTEGER
    0, -- currentParameterAssignmentNameColumn : INTEGER
    0, -- currentAssociationNumberLineNumber : INTEGER
    0, -- currentAssociationNumberColumn : INTEGER
    0, -- currentAssociationPhraseLineNumber : INTEGER
    0, -- currentAssociationPhraseColumn : INTEGER
    0, -- currentDataTypeNameLineNumber : INTEGER
    0, -- currentDataTypeNameColumn : INTEGER
    0, -- blockInStackFrameCreated : BOOLEAN
    "529ca66e-48fa-4d4b-8ae1-743f278f4e34", -- Action_ID : UNIQUE_ID
    "4aabd955-7e31-4e05-8a15-3ec2728399f0" -- Parsed_Action_ID : UNIQUE_ID
);
INSERT INTO ACT_BLK VALUES (
    "1e24c886-55e4-407e-a6d1-ede6b3e3bfb9", -- Block_ID : UNIQUE_ID
    0, -- WhereSpecOK : BOOLEAN
    0, -- InWhereSpec : BOOLEAN
    0, -- SelectedFound : BOOLEAN
    '', -- TempBuffer : STRING
    '', -- SupData1 : STRING
    '', -- SupData2 : STRING
    0, -- CurrentLine : INTEGER
    0, -- CurrentCol : INTEGER
    0, -- currentKeyLettersLineNumber : INTEGER
    0, -- currentKeyLettersColumn : INTEGER
    0, -- currentParameterAssignmentNameLineNumber : INTEGER
    0, -- currentParameterAssignmentNameColumn : INTEGER
    0, -- currentAssociationNumberLineNumber : INTEGER
    0, -- currentAssociationNumberColumn : INTEGER
    0, -- currentAssociationPhraseLineNumber : INTEGER
    0, -- currentAssociationPhraseColumn : INTEGER
    0, -- currentDataTypeNameLineNumber : INTEGER
    0, -- currentDataTypeNameColumn : INTEGER
    0, -- blockInStackFrameCreated : BOOLEAN
    "5e9a20d0-6949-4a50-ac9c-abab69d50276", -- Action_ID : UNIQUE_ID
    "a3c6b598-e808-4a68-9260-1272fc6c8eed" -- Parsed_Action_ID : UNIQUE_ID
);
INSERT INTO ACT_BLK VALUES (
    "dfda80de-5f90-4047-a239-263b0a09f757", -- Block_ID : UNIQUE_ID
    0, -- WhereSpecOK : BOOLEAN
    0, -- InWhereSpec : BOOLEAN
    0, -- SelectedFound : BOOLEAN
    '', -- TempBuffer : STRING
    '', -- SupData1 : STRING
    '', -- SupData2 : STRING
    0, -- CurrentLine : INTEGER
    0, -- CurrentCol : INTEGER
    0, -- currentKeyLettersLineNumber : INTEGER
    0, -- currentKeyLettersColumn : INTEGER
    0, -- currentParameterAssignmentNameLineNumber : INTEGER
    0, -- currentParameterAssignmentNameColumn : INTEGER
    0, -- currentAssociationNumberLineNumber : INTEGER
    0, -- currentAssociationNumberColumn : INTEGER
    0, -- currentAssociationPhraseLineNumber : INTEGER
    0, -- currentAssociationPhraseColumn : INTEGER
    0, -- currentDataTypeNameLineNumber : INTEGER
    0, -- currentDataTypeNameColumn : INTEGER
    0, -- blockInStackFrameCreated : BOOLEAN
    "88975c59-4e99-4b97-bc44-222af328462e", -- Action_ID : UNIQUE_ID
    "60967c96-e51c-4731-8e60-39a9356368be" -- Parsed_Action_ID : UNIQUE_ID
);
INSERT INTO ACT_BLK VALUES (
    "9cb85f54-0988-4179-90d9-ff7f3288a3b9", -- Block_ID : UNIQUE_ID
    0, -- WhereSpecOK : BOOLEAN
    0, -- InWhereSpec : BOOLEAN
    0, -- SelectedFound : BOOLEAN
    '', -- TempBuffer : STRING
    '', -- SupData1 : STRING
    '', -- SupData2 : STRING
    0, -- CurrentLine : INTEGER
    0, -- CurrentCol : INTEGER
    0, -- currentKeyLettersLineNumber : INTEGER
    0, -- currentKeyLettersColumn : INTEGER
    0, -- currentParameterAssignmentNameLineNumber : INTEGER
    0, -- currentParameterAssignmentNameColumn : INTEGER
    0, -- currentAssociationNumberLineNumber : INTEGER
    0, -- currentAssociationNumberColumn : INTEGER
    0, -- currentAssociationPhraseLineNumber : INTEGER
    0, -- currentAssociationPhraseColumn : INTEGER
    0, -- currentDataTypeNameLineNumber : INTEGER
    0, -- currentDataTypeNameColumn : INTEGER
    0, -- blockInStackFrameCreated : BOOLEAN
    "4d026cb3-0b73-42c5-a4b8-522634ea1b80", -- Action_ID : UNIQUE_ID
    "b955471a-7311-47cc-85e4-6b47f0b7640d" -- Parsed_Action_ID : UNIQUE_ID
);
INSERT INTO ACT_BLK VALUES (
    "b08b1f3e-55a0-4ec6-a506-42321c2a5ef6", -- Block_ID : UNIQUE_ID
    0, -- WhereSpecOK : BOOLEAN
    0, -- InWhereSpec : BOOLEAN
    0, -- SelectedFound : BOOLEAN
    '', -- TempBuffer : STRING
    '', -- SupData1 : STRING
    '', -- SupData2 : STRING
    0, -- CurrentLine : INTEGER
    0, -- CurrentCol : INTEGER
    0, -- currentKeyLettersLineNumber : INTEGER
    0, -- currentKeyLettersColumn : INTEGER
    0, -- currentParameterAssignmentNameLineNumber : INTEGER
    0, -- currentParameterAssignmentNameColumn : INTEGER
    0, -- currentAssociationNumberLineNumber : INTEGER
    0, -- currentAssociationNumberColumn : INTEGER
    0, -- currentAssociationPhraseLineNumber : INTEGER
    0, -- currentAssociationPhraseColumn : INTEGER
    0, -- currentDataTypeNameLineNumber : INTEGER
    0, -- currentDataTypeNameColumn : INTEGER
    0, -- blockInStackFrameCreated : BOOLEAN
    "496f4578-e6ab-4197-bcfd-2c76af201cb6", -- Action_ID : UNIQUE_ID
    "8b0d0b41-a119-4000-8af9-188bbf1918f2" -- Parsed_Action_ID : UNIQUE_ID
);
INSERT INTO ACT_BLK VALUES (
    "6ba5ffb7-2156-4049-a54e-bf1bcd925a77", -- Block_ID : UNIQUE_ID
    0, -- WhereSpecOK : BOOLEAN
    0, -- InWhereSpec : BOOLEAN
    0, -- SelectedFound : BOOLEAN
    '', -- TempBuffer : STRING
    '', -- SupData1 : STRING
    '', -- SupData2 : STRING
    0, -- CurrentLine : INTEGER
    0, -- CurrentCol : INTEGER
    0, -- currentKeyLettersLineNumber : INTEGER
    0, -- currentKeyLettersColumn : INTEGER
    0, -- currentParameterAssignmentNameLineNumber : INTEGER
    0, -- currentParameterAssignmentNameColumn : INTEGER
    0, -- currentAssociationNumberLineNumber : INTEGER
    0, -- currentAssociationNumberColumn : INTEGER
    0, -- currentAssociationPhraseLineNumber : INTEGER
    0, -- currentAssociationPhraseColumn : INTEGER
    0, -- currentDataTypeNameLineNumber : INTEGER
    0, -- currentDataTypeNameColumn : INTEGER
    0, -- blockInStackFrameCreated : BOOLEAN
    "a4fe2aba-f456-4461-b76f-1cd139bcc58e", -- Action_ID : UNIQUE_ID
    "d1a2bde6-8933-4456-b72e-69c492edf33c" -- Parsed_Action_ID : UNIQUE_ID
);
INSERT INTO ACT_BLK VALUES (
    "8e2ba41b-7c99-4a52-a6ca-906c5567fc89", -- Block_ID : UNIQUE_ID
    0, -- WhereSpecOK : BOOLEAN
    0, -- InWhereSpec : BOOLEAN
    0, -- SelectedFound : BOOLEAN
    '', -- TempBuffer : STRING
    '', -- SupData1 : STRING
    '', -- SupData2 : STRING
    0, -- CurrentLine : INTEGER
    0, -- CurrentCol : INTEGER
    0, -- currentKeyLettersLineNumber : INTEGER
    0, -- currentKeyLettersColumn : INTEGER
    0, -- currentParameterAssignmentNameLineNumber : INTEGER
    0, -- currentParameterAssignmentNameColumn : INTEGER
    0, -- currentAssociationNumberLineNumber : INTEGER
    0, -- currentAssociationNumberColumn : INTEGER
    0, -- currentAssociationPhraseLineNumber : INTEGER
    0, -- currentAssociationPhraseColumn : INTEGER
    0, -- currentDataTypeNameLineNumber : INTEGER
    0, -- currentDataTypeNameColumn : INTEGER
    0, -- blockInStackFrameCreated : BOOLEAN
    "5dd2623d-67c4-485d-8f46-02c707386e32", -- Action_ID : UNIQUE_ID
    "fa7434ad-bd6d-471b-a122-6cdc7f1044a5" -- Parsed_Action_ID : UNIQUE_ID
);
INSERT INTO ACT_BLK VALUES (
    "5222b2de-6bd4-4b8d-8f8f-e4e3747dc127", -- Block_ID : UNIQUE_ID
    0, -- WhereSpecOK : BOOLEAN
    0, -- InWhereSpec : BOOLEAN
    0, -- SelectedFound : BOOLEAN
    '', -- TempBuffer : STRING
    '', -- SupData1 : STRING
    '', -- SupData2 : STRING
    0, -- CurrentLine : INTEGER
    0, -- CurrentCol : INTEGER
    0, -- currentKeyLettersLineNumber : INTEGER
    0, -- currentKeyLettersColumn : INTEGER
    0, -- currentParameterAssignmentNameLineNumber : INTEGER
    0, -- currentParameterAssignmentNameColumn : INTEGER
    0, -- currentAssociationNumberLineNumber : INTEGER
    0, -- currentAssociationNumberColumn : INTEGER
    0, -- currentAssociationPhraseLineNumber : INTEGER
    0, -- currentAssociationPhraseColumn : INTEGER
    0, -- currentDataTypeNameLineNumber : INTEGER
    0, -- currentDataTypeNameColumn : INTEGER
    0, -- blockInStackFrameCreated : BOOLEAN
    "c1eef87c-279b-46b5-bfd6-6af3ebad66b4", -- Action_ID : UNIQUE_ID
    "0a07c577-492d-44a0-89e5-f6550a4eadd6" -- Parsed_Action_ID : UNIQUE_ID
);
INSERT INTO ACT_BLK VALUES (
    "40819ed6-06bb-477c-806f-040e28b621d3", -- Block_ID : UNIQUE_ID
    0, -- WhereSpecOK : BOOLEAN
    0, -- InWhereSpec : BOOLEAN
    0, -- SelectedFound : BOOLEAN
    '', -- TempBuffer : STRING
    '', -- SupData1 : STRING
    '', -- SupData2 : STRING
    0, -- CurrentLine : INTEGER
    0, -- CurrentCol : INTEGER
    0, -- currentKeyLettersLineNumber : INTEGER
    0, -- currentKeyLettersColumn : INTEGER
    0, -- currentParameterAssignmentNameLineNumber : INTEGER
    0, -- currentParameterAssignmentNameColumn : INTEGER
    0, -- currentAssociationNumberLineNumber : INTEGER
    0, -- currentAssociationNumberColumn : INTEGER
    0, -- currentAssociationPhraseLineNumber : INTEGER
    0, -- currentAssociationPhraseColumn : INTEGER
    0, -- currentDataTypeNameLineNumber : INTEGER
    0, -- currentDataTypeNameColumn : INTEGER
    0, -- blockInStackFrameCreated : BOOLEAN
    "ca1a25ca-8cdd-49bd-b583-0dd95b2bd300", -- Action_ID : UNIQUE_ID
    "0da88d05-0022-49e7-b313-212d46b35ad3" -- Parsed_Action_ID : UNIQUE_ID
);
INSERT INTO ACT_BLK VALUES (
    "f9821ac0-eccf-4e38-b148-3c43f795488d", -- Block_ID : UNIQUE_ID
    0, -- WhereSpecOK : BOOLEAN
    0, -- InWhereSpec : BOOLEAN
    0, -- SelectedFound : BOOLEAN
    '', -- TempBuffer : STRING
    '', -- SupData1 : STRING
    '', -- SupData2 : STRING
    0, -- CurrentLine : INTEGER
    0, -- CurrentCol : INTEGER
    0, -- currentKeyLettersLineNumber : INTEGER
    0, -- currentKeyLettersColumn : INTEGER
    0, -- currentParameterAssignmentNameLineNumber : INTEGER
    0, -- currentParameterAssignmentNameColumn : INTEGER
    0, -- currentAssociationNumberLineNumber : INTEGER
    0, -- currentAssociationNumberColumn : INTEGER
    0, -- currentAssociationPhraseLineNumber : INTEGER
    0, -- currentAssociationPhraseColumn : INTEGER
    0, -- currentDataTypeNameLineNumber : INTEGER
    0, -- currentDataTypeNameColumn : INTEGER
    0, -- blockInStackFrameCreated : BOOLEAN
    "c259c769-76f8-4352-86e1-97df6c7f6824", -- Action_ID : UNIQUE_ID
    "c255b2f8-2815-44bc-b866-51d20b0b01f6" -- Parsed_Action_ID : UNIQUE_ID
);
INSERT INTO ACT_BLK VALUES (
    "ccc2b2a9-a891-463b-ad81-5d652cc3c443", -- Block_ID : UNIQUE_ID
    0, -- WhereSpecOK : BOOLEAN
    0, -- InWhereSpec : BOOLEAN
    0, -- SelectedFound : BOOLEAN
    '', -- TempBuffer : STRING
    '', -- SupData1 : STRING
    '', -- SupData2 : STRING
    0, -- CurrentLine : INTEGER
    0, -- CurrentCol : INTEGER
    0, -- currentKeyLettersLineNumber : INTEGER
    0, -- currentKeyLettersColumn : INTEGER
    0, -- currentParameterAssignmentNameLineNumber : INTEGER
    0, -- currentParameterAssignmentNameColumn : INTEGER
    0, -- currentAssociationNumberLineNumber : INTEGER
    0, -- currentAssociationNumberColumn : INTEGER
    0, -- currentAssociationPhraseLineNumber : INTEGER
    0, -- currentAssociationPhraseColumn : INTEGER
    0, -- currentDataTypeNameLineNumber : INTEGER
    0, -- currentDataTypeNameColumn : INTEGER
    0, -- blockInStackFrameCreated : BOOLEAN
    "3b6d953c-c6c2-4363-91fc-e6943f992094", -- Action_ID : UNIQUE_ID
    "21973d09-efc0-4991-b204-713df4b6a0de" -- Parsed_Action_ID : UNIQUE_ID
);
INSERT INTO ACT_BLK VALUES (
    "1271e61f-dcfa-49a0-905a-4aafd537b7ee", -- Block_ID : UNIQUE_ID
    0, -- WhereSpecOK : BOOLEAN
    0, -- InWhereSpec : BOOLEAN
    0, -- SelectedFound : BOOLEAN
    '', -- TempBuffer : STRING
    '', -- SupData1 : STRING
    '', -- SupData2 : STRING
    0, -- CurrentLine : INTEGER
    0, -- CurrentCol : INTEGER
    0, -- currentKeyLettersLineNumber : INTEGER
    0, -- currentKeyLettersColumn : INTEGER
    0, -- currentParameterAssignmentNameLineNumber : INTEGER
    0, -- currentParameterAssignmentNameColumn : INTEGER
    0, -- currentAssociationNumberLineNumber : INTEGER
    0, -- currentAssociationNumberColumn : INTEGER
    0, -- currentAssociationPhraseLineNumber : INTEGER
    0, -- currentAssociationPhraseColumn : INTEGER
    0, -- currentDataTypeNameLineNumber : INTEGER
    0, -- currentDataTypeNameColumn : INTEGER
    0, -- blockInStackFrameCreated : BOOLEAN
    "e1e027d9-2698-48d5-bb28-4e2d7655f294", -- Action_ID : UNIQUE_ID
    "3f008145-8648-43a1-a90b-275965a8a385" -- Parsed_Action_ID : UNIQUE_ID
);
INSERT INTO ACT_BLK VALUES (
    "fb7aba5b-4a8d-4739-97a2-64ab889c562e", -- Block_ID : UNIQUE_ID
    0, -- WhereSpecOK : BOOLEAN
    0, -- InWhereSpec : BOOLEAN
    0, -- SelectedFound : BOOLEAN
    '', -- TempBuffer : STRING
    '', -- SupData1 : STRING
    '', -- SupData2 : STRING
    0, -- CurrentLine : INTEGER
    0, -- CurrentCol : INTEGER
    0, -- currentKeyLettersLineNumber : INTEGER
    0, -- currentKeyLettersColumn : INTEGER
    0, -- currentParameterAssignmentNameLineNumber : INTEGER
    0, -- currentParameterAssignmentNameColumn : INTEGER
    0, -- currentAssociationNumberLineNumber : INTEGER
    0, -- currentAssociationNumberColumn : INTEGER
    0, -- currentAssociationPhraseLineNumber : INTEGER
    0, -- currentAssociationPhraseColumn : INTEGER
    0, -- currentDataTypeNameLineNumber : INTEGER
    0, -- currentDataTypeNameColumn : INTEGER
    0, -- blockInStackFrameCreated : BOOLEAN
    "d7b1982b-9247-4074-b600-59bd19831396", -- Action_ID : UNIQUE_ID
    "874ff917-1add-413d-8ff2-f64a46842fa6" -- Parsed_Action_ID : UNIQUE_ID
);
INSERT INTO ACT_BLK VALUES (
    "3ad7bb9a-511e-4c10-964a-ba95eeb8d882", -- Block_ID : UNIQUE_ID
    0, -- WhereSpecOK : BOOLEAN
    0, -- InWhereSpec : BOOLEAN
    0, -- SelectedFound : BOOLEAN
    '', -- TempBuffer : STRING
    '', -- SupData1 : STRING
    '', -- SupData2 : STRING
    0, -- CurrentLine : INTEGER
    0, -- CurrentCol : INTEGER
    0, -- currentKeyLettersLineNumber : INTEGER
    0, -- currentKeyLettersColumn : INTEGER
    0, -- currentParameterAssignmentNameLineNumber : INTEGER
    0, -- currentParameterAssignmentNameColumn : INTEGER
    0, -- currentAssociationNumberLineNumber : INTEGER
    0, -- currentAssociationNumberColumn : INTEGER
    0, -- currentAssociationPhraseLineNumber : INTEGER
    0, -- currentAssociationPhraseColumn : INTEGER
    0, -- currentDataTypeNameLineNumber : INTEGER
    0, -- currentDataTypeNameColumn : INTEGER
    0, -- blockInStackFrameCreated : BOOLEAN
    "45ac3edb-2a8b-4e2e-b0f2-0921bede6b7f", -- Action_ID : UNIQUE_ID
    "28f3eb35-6ab3-492f-bfdf-208fbc724e3a" -- Parsed_Action_ID : UNIQUE_ID
);
INSERT INTO ACT_BLK VALUES (
    "02a779f2-d798-47d7-a10f-c25fd066b12a", -- Block_ID : UNIQUE_ID
    0, -- WhereSpecOK : BOOLEAN
    0, -- InWhereSpec : BOOLEAN
    0, -- SelectedFound : BOOLEAN
    '', -- TempBuffer : STRING
    '', -- SupData1 : STRING
    '', -- SupData2 : STRING
    0, -- CurrentLine : INTEGER
    0, -- CurrentCol : INTEGER
    0, -- currentKeyLettersLineNumber : INTEGER
    0, -- currentKeyLettersColumn : INTEGER
    0, -- currentParameterAssignmentNameLineNumber : INTEGER
    0, -- currentParameterAssignmentNameColumn : INTEGER
    0, -- currentAssociationNumberLineNumber : INTEGER
    0, -- currentAssociationNumberColumn : INTEGER
    0, -- currentAssociationPhraseLineNumber : INTEGER
    0, -- currentAssociationPhraseColumn : INTEGER
    0, -- currentDataTypeNameLineNumber : INTEGER
    0, -- currentDataTypeNameColumn : INTEGER
    0, -- blockInStackFrameCreated : BOOLEAN
    "96a0bf5d-a8fc-4097-97b4-44211590b4df", -- Action_ID : UNIQUE_ID
    "7747e294-2d84-4fdc-bea3-3501b14965d7" -- Parsed_Action_ID : UNIQUE_ID
);
INSERT INTO ACT_BLK VALUES (
    "079a44de-bb03-4b23-856c-ae9e7d9cbd6c", -- Block_ID : UNIQUE_ID
    0, -- WhereSpecOK : BOOLEAN
    0, -- InWhereSpec : BOOLEAN
    0, -- SelectedFound : BOOLEAN
    '', -- TempBuffer : STRING
    '', -- SupData1 : STRING
    '', -- SupData2 : STRING
    0, -- CurrentLine : INTEGER
    0, -- CurrentCol : INTEGER
    0, -- currentKeyLettersLineNumber : INTEGER
    0, -- currentKeyLettersColumn : INTEGER
    0, -- currentParameterAssignmentNameLineNumber : INTEGER
    0, -- currentParameterAssignmentNameColumn : INTEGER
    0, -- currentAssociationNumberLineNumber : INTEGER
    0, -- currentAssociationNumberColumn : INTEGER
    0, -- currentAssociationPhraseLineNumber : INTEGER
    0, -- currentAssociationPhraseColumn : INTEGER
    0, -- currentDataTypeNameLineNumber : INTEGER
    0, -- currentDataTypeNameColumn : INTEGER
    0, -- blockInStackFrameCreated : BOOLEAN
    "1abab7cb-ae42-42a2-9dd9-e9903ac10cbf", -- Action_ID : UNIQUE_ID
    "1677d76f-2066-4df5-a839-59a329600a1e" -- Parsed_Action_ID : UNIQUE_ID
);
INSERT INTO ACT_BLK VALUES (
    "288efb3a-6acc-45fc-8509-4d322ffe991a", -- Block_ID : UNIQUE_ID
    0, -- WhereSpecOK : BOOLEAN
    0, -- InWhereSpec : BOOLEAN
    0, -- SelectedFound : BOOLEAN
    '', -- TempBuffer : STRING
    '', -- SupData1 : STRING
    '', -- SupData2 : STRING
    0, -- CurrentLine : INTEGER
    0, -- CurrentCol : INTEGER
    0, -- currentKeyLettersLineNumber : INTEGER
    0, -- currentKeyLettersColumn : INTEGER
    0, -- currentParameterAssignmentNameLineNumber : INTEGER
    0, -- currentParameterAssignmentNameColumn : INTEGER
    0, -- currentAssociationNumberLineNumber : INTEGER
    0, -- currentAssociationNumberColumn : INTEGER
    0, -- currentAssociationPhraseLineNumber : INTEGER
    0, -- currentAssociationPhraseColumn : INTEGER
    0, -- currentDataTypeNameLineNumber : INTEGER
    0, -- currentDataTypeNameColumn : INTEGER
    0, -- blockInStackFrameCreated : BOOLEAN
    "355bde16-01d2-45e9-8bed-2eefb4f34acf", -- Action_ID : UNIQUE_ID
    "6de1a2fe-ee81-46ae-b57d-a09e4b6ea6e4" -- Parsed_Action_ID : UNIQUE_ID
);
INSERT INTO ACT_BLK VALUES (
    "c5a59589-059b-4901-b21c-b4f7ee517b3f", -- Block_ID : UNIQUE_ID
    0, -- WhereSpecOK : BOOLEAN
    0, -- InWhereSpec : BOOLEAN
    0, -- SelectedFound : BOOLEAN
    '', -- TempBuffer : STRING
    '', -- SupData1 : STRING
    '', -- SupData2 : STRING
    0, -- CurrentLine : INTEGER
    0, -- CurrentCol : INTEGER
    0, -- currentKeyLettersLineNumber : INTEGER
    0, -- currentKeyLettersColumn : INTEGER
    0, -- currentParameterAssignmentNameLineNumber : INTEGER
    0, -- currentParameterAssignmentNameColumn : INTEGER
    0, -- currentAssociationNumberLineNumber : INTEGER
    0, -- currentAssociationNumberColumn : INTEGER
    0, -- currentAssociationPhraseLineNumber : INTEGER
    0, -- currentAssociationPhraseColumn : INTEGER
    0, -- currentDataTypeNameLineNumber : INTEGER
    0, -- currentDataTypeNameColumn : INTEGER
    0, -- blockInStackFrameCreated : BOOLEAN
    "ee51bbac-4d90-4fac-8461-593ed07586d6", -- Action_ID : UNIQUE_ID
    "2a941dec-9d52-44c0-8f9f-ed3d90631517" -- Parsed_Action_ID : UNIQUE_ID
);
INSERT INTO ACT_BLK VALUES (
    "172150d6-b6b4-4a06-a073-dd2082321e02", -- Block_ID : UNIQUE_ID
    0, -- WhereSpecOK : BOOLEAN
    0, -- InWhereSpec : BOOLEAN
    0, -- SelectedFound : BOOLEAN
    '', -- TempBuffer : STRING
    '', -- SupData1 : STRING
    '', -- SupData2 : STRING
    0, -- CurrentLine : INTEGER
    0, -- CurrentCol : INTEGER
    0, -- currentKeyLettersLineNumber : INTEGER
    0, -- currentKeyLettersColumn : INTEGER
    0, -- currentParameterAssignmentNameLineNumber : INTEGER
    0, -- currentParameterAssignmentNameColumn : INTEGER
    0, -- currentAssociationNumberLineNumber : INTEGER
    0, -- currentAssociationNumberColumn : INTEGER
    0, -- currentAssociationPhraseLineNumber : INTEGER
    0, -- currentAssociationPhraseColumn : INTEGER
    0, -- currentDataTypeNameLineNumber : INTEGER
    0, -- currentDataTypeNameColumn : INTEGER
    0, -- blockInStackFrameCreated : BOOLEAN
    "1974cb09-9eba-4263-823c-90c46623836d", -- Action_ID : UNIQUE_ID
    "948bbeb1-563b-4774-b8f5-dc1494e1be0b" -- Parsed_Action_ID : UNIQUE_ID
);
INSERT INTO ACT_BLK VALUES (
    "1d30fef6-d7eb-45f2-8c1c-593b5a43061a", -- Block_ID : UNIQUE_ID
    0, -- WhereSpecOK : BOOLEAN
    0, -- InWhereSpec : BOOLEAN
    0, -- SelectedFound : BOOLEAN
    '', -- TempBuffer : STRING
    '', -- SupData1 : STRING
    '', -- SupData2 : STRING
    0, -- CurrentLine : INTEGER
    0, -- CurrentCol : INTEGER
    0, -- currentKeyLettersLineNumber : INTEGER
    0, -- currentKeyLettersColumn : INTEGER
    0, -- currentParameterAssignmentNameLineNumber : INTEGER
    0, -- currentParameterAssignmentNameColumn : INTEGER
    0, -- currentAssociationNumberLineNumber : INTEGER
    0, -- currentAssociationNumberColumn : INTEGER
    0, -- currentAssociationPhraseLineNumber : INTEGER
    0, -- currentAssociationPhraseColumn : INTEGER
    0, -- currentDataTypeNameLineNumber : INTEGER
    0, -- currentDataTypeNameColumn : INTEGER
    0, -- blockInStackFrameCreated : BOOLEAN
    "8a992ea3-bd82-4fc1-be35-4c869605c4d1", -- Action_ID : UNIQUE_ID
    "d513ed49-d260-4803-a960-0afb7934966f" -- Parsed_Action_ID : UNIQUE_ID
);
INSERT INTO ACT_BLK VALUES (
    "b7476a4c-67a8-476f-89ef-1db7cf39767c", -- Block_ID : UNIQUE_ID
    0, -- WhereSpecOK : BOOLEAN
    0, -- InWhereSpec : BOOLEAN
    0, -- SelectedFound : BOOLEAN
    '', -- TempBuffer : STRING
    '', -- SupData1 : STRING
    '', -- SupData2 : STRING
    0, -- CurrentLine : INTEGER
    0, -- CurrentCol : INTEGER
    0, -- currentKeyLettersLineNumber : INTEGER
    0, -- currentKeyLettersColumn : INTEGER
    0, -- currentParameterAssignmentNameLineNumber : INTEGER
    0, -- currentParameterAssignmentNameColumn : INTEGER
    0, -- currentAssociationNumberLineNumber : INTEGER
    0, -- currentAssociationNumberColumn : INTEGER
    0, -- currentAssociationPhraseLineNumber : INTEGER
    0, -- currentAssociationPhraseColumn : INTEGER
    0, -- currentDataTypeNameLineNumber : INTEGER
    0, -- currentDataTypeNameColumn : INTEGER
    0, -- blockInStackFrameCreated : BOOLEAN
    "200dc7f2-7cc5-4d55-b3c3-f1d0330ed79d", -- Action_ID : UNIQUE_ID
    "d90d1e42-b094-42a1-8764-0ddab1116ac9" -- Parsed_Action_ID : UNIQUE_ID
);
INSERT INTO ACT_BLK VALUES (
    "6afce4c3-28fe-44b4-9809-11f48b40dd5a", -- Block_ID : UNIQUE_ID
    0, -- WhereSpecOK : BOOLEAN
    0, -- InWhereSpec : BOOLEAN
    0, -- SelectedFound : BOOLEAN
    '', -- TempBuffer : STRING
    '', -- SupData1 : STRING
    '', -- SupData2 : STRING
    0, -- CurrentLine : INTEGER
    0, -- CurrentCol : INTEGER
    0, -- currentKeyLettersLineNumber : INTEGER
    0, -- currentKeyLettersColumn : INTEGER
    0, -- currentParameterAssignmentNameLineNumber : INTEGER
    0, -- currentParameterAssignmentNameColumn : INTEGER
    0, -- currentAssociationNumberLineNumber : INTEGER
    0, -- currentAssociationNumberColumn : INTEGER
    0, -- currentAssociationPhraseLineNumber : INTEGER
    0, -- currentAssociationPhraseColumn : INTEGER
    0, -- currentDataTypeNameLineNumber : INTEGER
    0, -- currentDataTypeNameColumn : INTEGER
    0, -- blockInStackFrameCreated : BOOLEAN
    "301d5b17-98dd-42d2-aa20-ff6a312c2599", -- Action_ID : UNIQUE_ID
    "ddec9600-f525-4605-b1ab-9cb3c6b48af0" -- Parsed_Action_ID : UNIQUE_ID
);
INSERT INTO ACT_BLK VALUES (
    "640781d5-06b4-4f19-b554-d9f9c3ff35ac", -- Block_ID : UNIQUE_ID
    0, -- WhereSpecOK : BOOLEAN
    0, -- InWhereSpec : BOOLEAN
    0, -- SelectedFound : BOOLEAN
    '', -- TempBuffer : STRING
    '', -- SupData1 : STRING
    '', -- SupData2 : STRING
    0, -- CurrentLine : INTEGER
    0, -- CurrentCol : INTEGER
    0, -- currentKeyLettersLineNumber : INTEGER
    0, -- currentKeyLettersColumn : INTEGER
    0, -- currentParameterAssignmentNameLineNumber : INTEGER
    0, -- currentParameterAssignmentNameColumn : INTEGER
    0, -- currentAssociationNumberLineNumber : INTEGER
    0, -- currentAssociationNumberColumn : INTEGER
    0, -- currentAssociationPhraseLineNumber : INTEGER
    0, -- currentAssociationPhraseColumn : INTEGER
    0, -- currentDataTypeNameLineNumber : INTEGER
    0, -- currentDataTypeNameColumn : INTEGER
    0, -- blockInStackFrameCreated : BOOLEAN
    "c8e23e33-7a15-46a6-8bd9-a56ed3ba082a", -- Action_ID : UNIQUE_ID
    "b0321e67-98bd-4a81-b297-ccb09a6f6eb3" -- Parsed_Action_ID : UNIQUE_ID
);
INSERT INTO ACT_BLK VALUES (
    "637a46cc-29b5-4895-b8d6-0026269d91bd", -- Block_ID : UNIQUE_ID
    0, -- WhereSpecOK : BOOLEAN
    0, -- InWhereSpec : BOOLEAN
    0, -- SelectedFound : BOOLEAN
    '', -- TempBuffer : STRING
    '', -- SupData1 : STRING
    '', -- SupData2 : STRING
    0, -- CurrentLine : INTEGER
    0, -- CurrentCol : INTEGER
    0, -- currentKeyLettersLineNumber : INTEGER
    0, -- currentKeyLettersColumn : INTEGER
    0, -- currentParameterAssignmentNameLineNumber : INTEGER
    0, -- currentParameterAssignmentNameColumn : INTEGER
    0, -- currentAssociationNumberLineNumber : INTEGER
    0, -- currentAssociationNumberColumn : INTEGER
    0, -- currentAssociationPhraseLineNumber : INTEGER
    0, -- currentAssociationPhraseColumn : INTEGER
    0, -- currentDataTypeNameLineNumber : INTEGER
    0, -- currentDataTypeNameColumn : INTEGER
    0, -- blockInStackFrameCreated : BOOLEAN
    "28253312-8942-48de-af73-2b20b883fe68", -- Action_ID : UNIQUE_ID
    "079cc22a-cc26-4fd0-aa0d-3b86dc2119e0" -- Parsed_Action_ID : UNIQUE_ID
);
INSERT INTO ACT_BLK VALUES (
    "fc495f64-a662-4818-8fd0-58be2ace9ea8", -- Block_ID : UNIQUE_ID
    0, -- WhereSpecOK : BOOLEAN
    0, -- InWhereSpec : BOOLEAN
    0, -- SelectedFound : BOOLEAN
    '', -- TempBuffer : STRING
    '', -- SupData1 : STRING
    '', -- SupData2 : STRING
    0, -- CurrentLine : INTEGER
    0, -- CurrentCol : INTEGER
    0, -- currentKeyLettersLineNumber : INTEGER
    0, -- currentKeyLettersColumn : INTEGER
    0, -- currentParameterAssignmentNameLineNumber : INTEGER
    0, -- currentParameterAssignmentNameColumn : INTEGER
    0, -- currentAssociationNumberLineNumber : INTEGER
    0, -- currentAssociationNumberColumn : INTEGER
    0, -- currentAssociationPhraseLineNumber : INTEGER
    0, -- currentAssociationPhraseColumn : INTEGER
    0, -- currentDataTypeNameLineNumber : INTEGER
    0, -- currentDataTypeNameColumn : INTEGER
    0, -- blockInStackFrameCreated : BOOLEAN
    "ad1d5253-ce66-4332-a702-10ec5ef0954a", -- Action_ID : UNIQUE_ID
    "18efac9e-9c9a-4e5f-a51a-ce5def0bb8c6" -- Parsed_Action_ID : UNIQUE_ID
);
INSERT INTO ACT_BLK VALUES (
    "8a27ab76-2f90-4950-8d69-9ac941434f1f", -- Block_ID : UNIQUE_ID
    0, -- WhereSpecOK : BOOLEAN
    0, -- InWhereSpec : BOOLEAN
    0, -- SelectedFound : BOOLEAN
    '', -- TempBuffer : STRING
    '', -- SupData1 : STRING
    '', -- SupData2 : STRING
    0, -- CurrentLine : INTEGER
    0, -- CurrentCol : INTEGER
    0, -- currentKeyLettersLineNumber : INTEGER
    0, -- currentKeyLettersColumn : INTEGER
    0, -- currentParameterAssignmentNameLineNumber : INTEGER
    0, -- currentParameterAssignmentNameColumn : INTEGER
    0, -- currentAssociationNumberLineNumber : INTEGER
    0, -- currentAssociationNumberColumn : INTEGER
    0, -- currentAssociationPhraseLineNumber : INTEGER
    0, -- currentAssociationPhraseColumn : INTEGER
    0, -- currentDataTypeNameLineNumber : INTEGER
    0, -- currentDataTypeNameColumn : INTEGER
    0, -- blockInStackFrameCreated : BOOLEAN
    "603aa5dc-9630-43a3-bcc9-a53da9383e97", -- Action_ID : UNIQUE_ID
    "5ec31c8e-b43f-4591-b71e-67446251955c" -- Parsed_Action_ID : UNIQUE_ID
);
INSERT INTO ACT_BLK VALUES (
    "4cda8e80-39ca-4ba5-9786-e7453e8323ed", -- Block_ID : UNIQUE_ID
    0, -- WhereSpecOK : BOOLEAN
    0, -- InWhereSpec : BOOLEAN
    0, -- SelectedFound : BOOLEAN
    '', -- TempBuffer : STRING
    '', -- SupData1 : STRING
    '', -- SupData2 : STRING
    0, -- CurrentLine : INTEGER
    0, -- CurrentCol : INTEGER
    0, -- currentKeyLettersLineNumber : INTEGER
    0, -- currentKeyLettersColumn : INTEGER
    0, -- currentParameterAssignmentNameLineNumber : INTEGER
    0, -- currentParameterAssignmentNameColumn : INTEGER
    0, -- currentAssociationNumberLineNumber : INTEGER
    0, -- currentAssociationNumberColumn : INTEGER
    0, -- currentAssociationPhraseLineNumber : INTEGER
    0, -- currentAssociationPhraseColumn : INTEGER
    0, -- currentDataTypeNameLineNumber : INTEGER
    0, -- currentDataTypeNameColumn : INTEGER
    0, -- blockInStackFrameCreated : BOOLEAN
    "bff2efa3-6a65-4d0f-b002-551d2031c4b6", -- Action_ID : UNIQUE_ID
    "56adee7f-0d75-4184-8d4e-f62feefa6722" -- Parsed_Action_ID : UNIQUE_ID
);
INSERT INTO ACT_BLK VALUES (
    "829be438-832c-46c7-8147-e7b94a374ca2", -- Block_ID : UNIQUE_ID
    0, -- WhereSpecOK : BOOLEAN
    0, -- InWhereSpec : BOOLEAN
    0, -- SelectedFound : BOOLEAN
    '', -- TempBuffer : STRING
    '', -- SupData1 : STRING
    '', -- SupData2 : STRING
    0, -- CurrentLine : INTEGER
    0, -- CurrentCol : INTEGER
    0, -- currentKeyLettersLineNumber : INTEGER
    0, -- currentKeyLettersColumn : INTEGER
    0, -- currentParameterAssignmentNameLineNumber : INTEGER
    0, -- currentParameterAssignmentNameColumn : INTEGER
    0, -- currentAssociationNumberLineNumber : INTEGER
    0, -- currentAssociationNumberColumn : INTEGER
    0, -- currentAssociationPhraseLineNumber : INTEGER
    0, -- currentAssociationPhraseColumn : INTEGER
    0, -- currentDataTypeNameLineNumber : INTEGER
    0, -- currentDataTypeNameColumn : INTEGER
    0, -- blockInStackFrameCreated : BOOLEAN
    "aed6b9f2-e8d3-43a1-8258-620a2a008c5b", -- Action_ID : UNIQUE_ID
    "8193888a-9b91-465a-952b-184fac0dd01f" -- Parsed_Action_ID : UNIQUE_ID
);
INSERT INTO ACT_BLK VALUES (
    "a9ba84c9-a18a-4588-821a-b0ee45f5a92a", -- Block_ID : UNIQUE_ID
    0, -- WhereSpecOK : BOOLEAN
    0, -- InWhereSpec : BOOLEAN
    0, -- SelectedFound : BOOLEAN
    '', -- TempBuffer : STRING
    '', -- SupData1 : STRING
    '', -- SupData2 : STRING
    0, -- CurrentLine : INTEGER
    0, -- CurrentCol : INTEGER
    0, -- currentKeyLettersLineNumber : INTEGER
    0, -- currentKeyLettersColumn : INTEGER
    0, -- currentParameterAssignmentNameLineNumber : INTEGER
    0, -- currentParameterAssignmentNameColumn : INTEGER
    0, -- currentAssociationNumberLineNumber : INTEGER
    0, -- currentAssociationNumberColumn : INTEGER
    0, -- currentAssociationPhraseLineNumber : INTEGER
    0, -- currentAssociationPhraseColumn : INTEGER
    0, -- currentDataTypeNameLineNumber : INTEGER
    0, -- currentDataTypeNameColumn : INTEGER
    0, -- blockInStackFrameCreated : BOOLEAN
    "ca896c1d-84d9-473f-ad18-c312c3830076", -- Action_ID : UNIQUE_ID
    "44cf5779-c573-408d-abb7-3709c1a84b11" -- Parsed_Action_ID : UNIQUE_ID
);
INSERT INTO ACT_BLK VALUES (
    "123ca22d-82d8-4b90-9ba4-ca861edfde72", -- Block_ID : UNIQUE_ID
    0, -- WhereSpecOK : BOOLEAN
    0, -- InWhereSpec : BOOLEAN
    0, -- SelectedFound : BOOLEAN
    '', -- TempBuffer : STRING
    '', -- SupData1 : STRING
    '', -- SupData2 : STRING
    0, -- CurrentLine : INTEGER
    0, -- CurrentCol : INTEGER
    0, -- currentKeyLettersLineNumber : INTEGER
    0, -- currentKeyLettersColumn : INTEGER
    0, -- currentParameterAssignmentNameLineNumber : INTEGER
    0, -- currentParameterAssignmentNameColumn : INTEGER
    0, -- currentAssociationNumberLineNumber : INTEGER
    0, -- currentAssociationNumberColumn : INTEGER
    0, -- currentAssociationPhraseLineNumber : INTEGER
    0, -- currentAssociationPhraseColumn : INTEGER
    0, -- currentDataTypeNameLineNumber : INTEGER
    0, -- currentDataTypeNameColumn : INTEGER
    0, -- blockInStackFrameCreated : BOOLEAN
    "3f9d813a-e055-4896-9a89-a993ba76b98e", -- Action_ID : UNIQUE_ID
    "2151a37b-5e49-4927-b6d8-33736c824da0" -- Parsed_Action_ID : UNIQUE_ID
);
INSERT INTO ACT_BLK VALUES (
    "34d95115-f0e1-4936-b286-b966e20d46d9", -- Block_ID : UNIQUE_ID
    0, -- WhereSpecOK : BOOLEAN
    0, -- InWhereSpec : BOOLEAN
    0, -- SelectedFound : BOOLEAN
    '', -- TempBuffer : STRING
    '', -- SupData1 : STRING
    '', -- SupData2 : STRING
    0, -- CurrentLine : INTEGER
    0, -- CurrentCol : INTEGER
    0, -- currentKeyLettersLineNumber : INTEGER
    0, -- currentKeyLettersColumn : INTEGER
    0, -- currentParameterAssignmentNameLineNumber : INTEGER
    0, -- currentParameterAssignmentNameColumn : INTEGER
    0, -- currentAssociationNumberLineNumber : INTEGER
    0, -- currentAssociationNumberColumn : INTEGER
    0, -- currentAssociationPhraseLineNumber : INTEGER
    0, -- currentAssociationPhraseColumn : INTEGER
    0, -- currentDataTypeNameLineNumber : INTEGER
    0, -- currentDataTypeNameColumn : INTEGER
    0, -- blockInStackFrameCreated : BOOLEAN
    "2d93b727-ce2b-43eb-8082-7c9be13f5d3d", -- Action_ID : UNIQUE_ID
    "1882aacd-21d6-4fb8-a3f0-b63a03964a3b" -- Parsed_Action_ID : UNIQUE_ID
);
INSERT INTO ACT_BLK VALUES (
    "5f09c9d6-f686-411e-9b78-82c33f1601ef", -- Block_ID : UNIQUE_ID
    0, -- WhereSpecOK : BOOLEAN
    0, -- InWhereSpec : BOOLEAN
    0, -- SelectedFound : BOOLEAN
    '', -- TempBuffer : STRING
    '', -- SupData1 : STRING
    '', -- SupData2 : STRING
    0, -- CurrentLine : INTEGER
    0, -- CurrentCol : INTEGER
    0, -- currentKeyLettersLineNumber : INTEGER
    0, -- currentKeyLettersColumn : INTEGER
    0, -- currentParameterAssignmentNameLineNumber : INTEGER
    0, -- currentParameterAssignmentNameColumn : INTEGER
    0, -- currentAssociationNumberLineNumber : INTEGER
    0, -- currentAssociationNumberColumn : INTEGER
    0, -- currentAssociationPhraseLineNumber : INTEGER
    0, -- currentAssociationPhraseColumn : INTEGER
    0, -- currentDataTypeNameLineNumber : INTEGER
    0, -- currentDataTypeNameColumn : INTEGER
    0, -- blockInStackFrameCreated : BOOLEAN
    "8aa250c7-3c9b-4017-ac50-7a46edcd299e", -- Action_ID : UNIQUE_ID
    "a2be321a-ad08-44e8-a9c3-457d0721ecd3" -- Parsed_Action_ID : UNIQUE_ID
);
INSERT INTO ACT_BLK VALUES (
    "264c51e1-919a-4684-8762-3dad2fa7fc09", -- Block_ID : UNIQUE_ID
    0, -- WhereSpecOK : BOOLEAN
    0, -- InWhereSpec : BOOLEAN
    0, -- SelectedFound : BOOLEAN
    '', -- TempBuffer : STRING
    '', -- SupData1 : STRING
    '', -- SupData2 : STRING
    0, -- CurrentLine : INTEGER
    0, -- CurrentCol : INTEGER
    0, -- currentKeyLettersLineNumber : INTEGER
    0, -- currentKeyLettersColumn : INTEGER
    0, -- currentParameterAssignmentNameLineNumber : INTEGER
    0, -- currentParameterAssignmentNameColumn : INTEGER
    0, -- currentAssociationNumberLineNumber : INTEGER
    0, -- currentAssociationNumberColumn : INTEGER
    0, -- currentAssociationPhraseLineNumber : INTEGER
    0, -- currentAssociationPhraseColumn : INTEGER
    0, -- currentDataTypeNameLineNumber : INTEGER
    0, -- currentDataTypeNameColumn : INTEGER
    0, -- blockInStackFrameCreated : BOOLEAN
    "de41e945-7083-4ff6-b6ff-09a315d9a500", -- Action_ID : UNIQUE_ID
    "a6bc3541-b885-4461-8c7c-511f14dde6fc" -- Parsed_Action_ID : UNIQUE_ID
);
INSERT INTO ACT_BLK VALUES (
    "01db3ea6-4417-424d-ab43-a689d21b2305", -- Block_ID : UNIQUE_ID
    0, -- WhereSpecOK : BOOLEAN
    0, -- InWhereSpec : BOOLEAN
    0, -- SelectedFound : BOOLEAN
    '', -- TempBuffer : STRING
    '', -- SupData1 : STRING
    '', -- SupData2 : STRING
    0, -- CurrentLine : INTEGER
    0, -- CurrentCol : INTEGER
    0, -- currentKeyLettersLineNumber : INTEGER
    0, -- currentKeyLettersColumn : INTEGER
    0, -- currentParameterAssignmentNameLineNumber : INTEGER
    0, -- currentParameterAssignmentNameColumn : INTEGER
    0, -- currentAssociationNumberLineNumber : INTEGER
    0, -- currentAssociationNumberColumn : INTEGER
    0, -- currentAssociationPhraseLineNumber : INTEGER
    0, -- currentAssociationPhraseColumn : INTEGER
    0, -- currentDataTypeNameLineNumber : INTEGER
    0, -- currentDataTypeNameColumn : INTEGER
    0, -- blockInStackFrameCreated : BOOLEAN
    "de8ac88c-91c1-4770-a94d-1c1bcf84b5f6", -- Action_ID : UNIQUE_ID
    "28e72ce8-088f-42e0-b3fa-60fc10302eb5" -- Parsed_Action_ID : UNIQUE_ID
);
INSERT INTO ACT_BLK VALUES (
    "038de8f0-487a-4316-bfff-90f223743c9d", -- Block_ID : UNIQUE_ID
    0, -- WhereSpecOK : BOOLEAN
    0, -- InWhereSpec : BOOLEAN
    0, -- SelectedFound : BOOLEAN
    '', -- TempBuffer : STRING
    '', -- SupData1 : STRING
    '', -- SupData2 : STRING
    0, -- CurrentLine : INTEGER
    0, -- CurrentCol : INTEGER
    0, -- currentKeyLettersLineNumber : INTEGER
    0, -- currentKeyLettersColumn : INTEGER
    0, -- currentParameterAssignmentNameLineNumber : INTEGER
    0, -- currentParameterAssignmentNameColumn : INTEGER
    0, -- currentAssociationNumberLineNumber : INTEGER
    0, -- currentAssociationNumberColumn : INTEGER
    0, -- currentAssociationPhraseLineNumber : INTEGER
    0, -- currentAssociationPhraseColumn : INTEGER
    0, -- currentDataTypeNameLineNumber : INTEGER
    0, -- currentDataTypeNameColumn : INTEGER
    0, -- blockInStackFrameCreated : BOOLEAN
    "bd2beb9d-b65e-4c4f-9620-f619eb051185", -- Action_ID : UNIQUE_ID
    "460f31d3-e2ff-4d78-85df-0f0a0d5a2094" -- Parsed_Action_ID : UNIQUE_ID
);
INSERT INTO ACT_BLK VALUES (
    "4168945d-d578-4cd7-8f8c-395930978b52", -- Block_ID : UNIQUE_ID
    0, -- WhereSpecOK : BOOLEAN
    0, -- InWhereSpec : BOOLEAN
    0, -- SelectedFound : BOOLEAN
    '', -- TempBuffer : STRING
    '', -- SupData1 : STRING
    '', -- SupData2 : STRING
    0, -- CurrentLine : INTEGER
    0, -- CurrentCol : INTEGER
    0, -- currentKeyLettersLineNumber : INTEGER
    0, -- currentKeyLettersColumn : INTEGER
    0, -- currentParameterAssignmentNameLineNumber : INTEGER
    0, -- currentParameterAssignmentNameColumn : INTEGER
    0, -- currentAssociationNumberLineNumber : INTEGER
    0, -- currentAssociationNumberColumn : INTEGER
    0, -- currentAssociationPhraseLineNumber : INTEGER
    0, -- currentAssociationPhraseColumn : INTEGER
    0, -- currentDataTypeNameLineNumber : INTEGER
    0, -- currentDataTypeNameColumn : INTEGER
    0, -- blockInStackFrameCreated : BOOLEAN
    "e4939887-359c-4bda-bfcf-69b1cd35401d", -- Action_ID : UNIQUE_ID
    "1a75aec0-1da5-4bc0-b420-3890b670f347" -- Parsed_Action_ID : UNIQUE_ID
);
INSERT INTO ACT_BLK VALUES (
    "aa4b2bf1-635d-4012-b733-44311480aaa1", -- Block_ID : UNIQUE_ID
    0, -- WhereSpecOK : BOOLEAN
    0, -- InWhereSpec : BOOLEAN
    0, -- SelectedFound : BOOLEAN
    '', -- TempBuffer : STRING
    '', -- SupData1 : STRING
    '', -- SupData2 : STRING
    0, -- CurrentLine : INTEGER
    0, -- CurrentCol : INTEGER
    0, -- currentKeyLettersLineNumber : INTEGER
    0, -- currentKeyLettersColumn : INTEGER
    0, -- currentParameterAssignmentNameLineNumber : INTEGER
    0, -- currentParameterAssignmentNameColumn : INTEGER
    0, -- currentAssociationNumberLineNumber : INTEGER
    0, -- currentAssociationNumberColumn : INTEGER
    0, -- currentAssociationPhraseLineNumber : INTEGER
    0, -- currentAssociationPhraseColumn : INTEGER
    0, -- currentDataTypeNameLineNumber : INTEGER
    0, -- currentDataTypeNameColumn : INTEGER
    0, -- blockInStackFrameCreated : BOOLEAN
    "c40cbd1d-39be-4c1c-ac1b-8de522bcb258", -- Action_ID : UNIQUE_ID
    "fc7b8153-6d24-41d2-ab58-346c12936cc4" -- Parsed_Action_ID : UNIQUE_ID
);
INSERT INTO ACT_BLK VALUES (
    "fee5d401-ae92-4541-b2aa-73f06b67248a", -- Block_ID : UNIQUE_ID
    0, -- WhereSpecOK : BOOLEAN
    0, -- InWhereSpec : BOOLEAN
    0, -- SelectedFound : BOOLEAN
    '', -- TempBuffer : STRING
    '', -- SupData1 : STRING
    '', -- SupData2 : STRING
    0, -- CurrentLine : INTEGER
    0, -- CurrentCol : INTEGER
    0, -- currentKeyLettersLineNumber : INTEGER
    0, -- currentKeyLettersColumn : INTEGER
    0, -- currentParameterAssignmentNameLineNumber : INTEGER
    0, -- currentParameterAssignmentNameColumn : INTEGER
    0, -- currentAssociationNumberLineNumber : INTEGER
    0, -- currentAssociationNumberColumn : INTEGER
    0, -- currentAssociationPhraseLineNumber : INTEGER
    0, -- currentAssociationPhraseColumn : INTEGER
    0, -- currentDataTypeNameLineNumber : INTEGER
    0, -- currentDataTypeNameColumn : INTEGER
    0, -- blockInStackFrameCreated : BOOLEAN
    "2a7d078e-135f-4908-a17f-8cb175bc69ed", -- Action_ID : UNIQUE_ID
    "340f9841-2de6-4f1b-991c-9e6594de2e1f" -- Parsed_Action_ID : UNIQUE_ID
);
INSERT INTO ACT_BLK VALUES (
    "a7e85743-f104-49df-ae52-ae59e9024d07", -- Block_ID : UNIQUE_ID
    0, -- WhereSpecOK : BOOLEAN
    0, -- InWhereSpec : BOOLEAN
    0, -- SelectedFound : BOOLEAN
    '', -- TempBuffer : STRING
    '', -- SupData1 : STRING
    '', -- SupData2 : STRING
    0, -- CurrentLine : INTEGER
    0, -- CurrentCol : INTEGER
    0, -- currentKeyLettersLineNumber : INTEGER
    0, -- currentKeyLettersColumn : INTEGER
    0, -- currentParameterAssignmentNameLineNumber : INTEGER
    0, -- currentParameterAssignmentNameColumn : INTEGER
    0, -- currentAssociationNumberLineNumber : INTEGER
    0, -- currentAssociationNumberColumn : INTEGER
    0, -- currentAssociationPhraseLineNumber : INTEGER
    0, -- currentAssociationPhraseColumn : INTEGER
    0, -- currentDataTypeNameLineNumber : INTEGER
    0, -- currentDataTypeNameColumn : INTEGER
    0, -- blockInStackFrameCreated : BOOLEAN
    "a7fe6fc9-a58d-4a6f-8265-9b8a67c6b7e4", -- Action_ID : UNIQUE_ID
    "5db91e11-3707-4b43-b305-d3f751bde76d" -- Parsed_Action_ID : UNIQUE_ID
);
INSERT INTO ACT_BLK VALUES (
    "9bc24180-ea56-4489-95a3-7abb007541a2", -- Block_ID : UNIQUE_ID
    0, -- WhereSpecOK : BOOLEAN
    0, -- InWhereSpec : BOOLEAN
    0, -- SelectedFound : BOOLEAN
    '', -- TempBuffer : STRING
    '', -- SupData1 : STRING
    '', -- SupData2 : STRING
    0, -- CurrentLine : INTEGER
    0, -- CurrentCol : INTEGER
    0, -- currentKeyLettersLineNumber : INTEGER
    0, -- currentKeyLettersColumn : INTEGER
    0, -- currentParameterAssignmentNameLineNumber : INTEGER
    0, -- currentParameterAssignmentNameColumn : INTEGER
    0, -- currentAssociationNumberLineNumber : INTEGER
    0, -- currentAssociationNumberColumn : INTEGER
    0, -- currentAssociationPhraseLineNumber : INTEGER
    0, -- currentAssociationPhraseColumn : INTEGER
    0, -- currentDataTypeNameLineNumber : INTEGER
    0, -- currentDataTypeNameColumn : INTEGER
    0, -- blockInStackFrameCreated : BOOLEAN
    "948f13e4-d97b-4441-ae43-508520938187", -- Action_ID : UNIQUE_ID
    "1f9e6fa1-1322-493f-8af7-630145550453" -- Parsed_Action_ID : UNIQUE_ID
);
INSERT INTO ACT_BLK VALUES (
    "a680307b-ae47-4d92-98e0-20b61c9703bf", -- Block_ID : UNIQUE_ID
    0, -- WhereSpecOK : BOOLEAN
    0, -- InWhereSpec : BOOLEAN
    0, -- SelectedFound : BOOLEAN
    '', -- TempBuffer : STRING
    '', -- SupData1 : STRING
    '', -- SupData2 : STRING
    0, -- CurrentLine : INTEGER
    0, -- CurrentCol : INTEGER
    0, -- currentKeyLettersLineNumber : INTEGER
    0, -- currentKeyLettersColumn : INTEGER
    0, -- currentParameterAssignmentNameLineNumber : INTEGER
    0, -- currentParameterAssignmentNameColumn : INTEGER
    0, -- currentAssociationNumberLineNumber : INTEGER
    0, -- currentAssociationNumberColumn : INTEGER
    0, -- currentAssociationPhraseLineNumber : INTEGER
    0, -- currentAssociationPhraseColumn : INTEGER
    0, -- currentDataTypeNameLineNumber : INTEGER
    0, -- currentDataTypeNameColumn : INTEGER
    0, -- blockInStackFrameCreated : BOOLEAN
    "e6476e52-3a19-49e5-9ea5-d326781954e0", -- Action_ID : UNIQUE_ID
    "f936bb1d-13b8-4d42-9b81-424463cb6bc2" -- Parsed_Action_ID : UNIQUE_ID
);
INSERT INTO ACT_BLK VALUES (
    "92f6d78f-3789-4e61-a009-8d93795c1858", -- Block_ID : UNIQUE_ID
    0, -- WhereSpecOK : BOOLEAN
    0, -- InWhereSpec : BOOLEAN
    0, -- SelectedFound : BOOLEAN
    '', -- TempBuffer : STRING
    '', -- SupData1 : STRING
    '', -- SupData2 : STRING
    0, -- CurrentLine : INTEGER
    0, -- CurrentCol : INTEGER
    0, -- currentKeyLettersLineNumber : INTEGER
    0, -- currentKeyLettersColumn : INTEGER
    0, -- currentParameterAssignmentNameLineNumber : INTEGER
    0, -- currentParameterAssignmentNameColumn : INTEGER
    0, -- currentAssociationNumberLineNumber : INTEGER
    0, -- currentAssociationNumberColumn : INTEGER
    0, -- currentAssociationPhraseLineNumber : INTEGER
    0, -- currentAssociationPhraseColumn : INTEGER
    0, -- currentDataTypeNameLineNumber : INTEGER
    0, -- currentDataTypeNameColumn : INTEGER
    0, -- blockInStackFrameCreated : BOOLEAN
    "efa9949d-c532-4f0a-b8a5-dd746810625b", -- Action_ID : UNIQUE_ID
    "f289c04f-0e77-4eea-916c-c70828bb7a83" -- Parsed_Action_ID : UNIQUE_ID
);
INSERT INTO ACT_BLK VALUES (
    "8ebc7d09-d85b-4d33-8fc8-f59f6c66f62d", -- Block_ID : UNIQUE_ID
    0, -- WhereSpecOK : BOOLEAN
    0, -- InWhereSpec : BOOLEAN
    0, -- SelectedFound : BOOLEAN
    '', -- TempBuffer : STRING
    '', -- SupData1 : STRING
    '', -- SupData2 : STRING
    0, -- CurrentLine : INTEGER
    0, -- CurrentCol : INTEGER
    0, -- currentKeyLettersLineNumber : INTEGER
    0, -- currentKeyLettersColumn : INTEGER
    0, -- currentParameterAssignmentNameLineNumber : INTEGER
    0, -- currentParameterAssignmentNameColumn : INTEGER
    0, -- currentAssociationNumberLineNumber : INTEGER
    0, -- currentAssociationNumberColumn : INTEGER
    0, -- currentAssociationPhraseLineNumber : INTEGER
    0, -- currentAssociationPhraseColumn : INTEGER
    0, -- currentDataTypeNameLineNumber : INTEGER
    0, -- currentDataTypeNameColumn : INTEGER
    0, -- blockInStackFrameCreated : BOOLEAN
    "efa9949d-c532-4f0a-b8a5-dd746810625b", -- Action_ID : UNIQUE_ID
    "6573cf55-0c9c-4f7a-964e-667a2c1d25dc" -- Parsed_Action_ID : UNIQUE_ID
);
INSERT INTO ACT_BLK VALUES (
    "cc56478f-1c04-44f6-894c-3c43f9717460", -- Block_ID : UNIQUE_ID
    0, -- WhereSpecOK : BOOLEAN
    0, -- InWhereSpec : BOOLEAN
    0, -- SelectedFound : BOOLEAN
    '', -- TempBuffer : STRING
    '', -- SupData1 : STRING
    '', -- SupData2 : STRING
    0, -- CurrentLine : INTEGER
    0, -- CurrentCol : INTEGER
    0, -- currentKeyLettersLineNumber : INTEGER
    0, -- currentKeyLettersColumn : INTEGER
    0, -- currentParameterAssignmentNameLineNumber : INTEGER
    0, -- currentParameterAssignmentNameColumn : INTEGER
    0, -- currentAssociationNumberLineNumber : INTEGER
    0, -- currentAssociationNumberColumn : INTEGER
    0, -- currentAssociationPhraseLineNumber : INTEGER
    0, -- currentAssociationPhraseColumn : INTEGER
    0, -- currentDataTypeNameLineNumber : INTEGER
    0, -- currentDataTypeNameColumn : INTEGER
    0, -- blockInStackFrameCreated : BOOLEAN
    "efa9949d-c532-4f0a-b8a5-dd746810625b", -- Action_ID : UNIQUE_ID
    "36a0fb19-5391-4217-a805-b87ffb440806" -- Parsed_Action_ID : UNIQUE_ID
);
INSERT INTO ACT_BLK VALUES (
    "07a76310-38c8-41df-8578-32720bbd7ff6", -- Block_ID : UNIQUE_ID
    0, -- WhereSpecOK : BOOLEAN
    0, -- InWhereSpec : BOOLEAN
    0, -- SelectedFound : BOOLEAN
    '', -- TempBuffer : STRING
    '', -- SupData1 : STRING
    '', -- SupData2 : STRING
    0, -- CurrentLine : INTEGER
    0, -- CurrentCol : INTEGER
    0, -- currentKeyLettersLineNumber : INTEGER
    0, -- currentKeyLettersColumn : INTEGER
    0, -- currentParameterAssignmentNameLineNumber : INTEGER
    0, -- currentParameterAssignmentNameColumn : INTEGER
    0, -- currentAssociationNumberLineNumber : INTEGER
    0, -- currentAssociationNumberColumn : INTEGER
    0, -- currentAssociationPhraseLineNumber : INTEGER
    0, -- currentAssociationPhraseColumn : INTEGER
    0, -- currentDataTypeNameLineNumber : INTEGER
    0, -- currentDataTypeNameColumn : INTEGER
    0, -- blockInStackFrameCreated : BOOLEAN
    "bc6ec68d-037d-4ca1-9862-edf9726c292c", -- Action_ID : UNIQUE_ID
    "65f38c30-8592-487a-9368-6ea3708d62c5" -- Parsed_Action_ID : UNIQUE_ID
);
INSERT INTO ACT_BLK VALUES (
    "c1982ebe-d5bf-495b-ac12-2e3f0c66c2cd", -- Block_ID : UNIQUE_ID
    0, -- WhereSpecOK : BOOLEAN
    0, -- InWhereSpec : BOOLEAN
    0, -- SelectedFound : BOOLEAN
    '', -- TempBuffer : STRING
    '', -- SupData1 : STRING
    '', -- SupData2 : STRING
    0, -- CurrentLine : INTEGER
    0, -- CurrentCol : INTEGER
    0, -- currentKeyLettersLineNumber : INTEGER
    0, -- currentKeyLettersColumn : INTEGER
    0, -- currentParameterAssignmentNameLineNumber : INTEGER
    0, -- currentParameterAssignmentNameColumn : INTEGER
    0, -- currentAssociationNumberLineNumber : INTEGER
    0, -- currentAssociationNumberColumn : INTEGER
    0, -- currentAssociationPhraseLineNumber : INTEGER
    0, -- currentAssociationPhraseColumn : INTEGER
    0, -- currentDataTypeNameLineNumber : INTEGER
    0, -- currentDataTypeNameColumn : INTEGER
    0, -- blockInStackFrameCreated : BOOLEAN
    "55593eea-e893-4bb5-9f85-38ad50307444", -- Action_ID : UNIQUE_ID
    "cd598518-6c3f-4e29-962a-874eae3e2b78" -- Parsed_Action_ID : UNIQUE_ID
);
INSERT INTO ACT_BLK VALUES (
    "c2c01181-f324-485b-84a7-d2aee5c272c3", -- Block_ID : UNIQUE_ID
    0, -- WhereSpecOK : BOOLEAN
    0, -- InWhereSpec : BOOLEAN
    0, -- SelectedFound : BOOLEAN
    '', -- TempBuffer : STRING
    '', -- SupData1 : STRING
    '', -- SupData2 : STRING
    0, -- CurrentLine : INTEGER
    0, -- CurrentCol : INTEGER
    0, -- currentKeyLettersLineNumber : INTEGER
    0, -- currentKeyLettersColumn : INTEGER
    0, -- currentParameterAssignmentNameLineNumber : INTEGER
    0, -- currentParameterAssignmentNameColumn : INTEGER
    0, -- currentAssociationNumberLineNumber : INTEGER
    0, -- currentAssociationNumberColumn : INTEGER
    0, -- currentAssociationPhraseLineNumber : INTEGER
    0, -- currentAssociationPhraseColumn : INTEGER
    0, -- currentDataTypeNameLineNumber : INTEGER
    0, -- currentDataTypeNameColumn : INTEGER
    0, -- blockInStackFrameCreated : BOOLEAN
    "55593eea-e893-4bb5-9f85-38ad50307444", -- Action_ID : UNIQUE_ID
    "a5d89464-27dd-426b-b2f7-68b0bbf8564b" -- Parsed_Action_ID : UNIQUE_ID
);
INSERT INTO ACT_BLK VALUES (
    "c4c1543f-44c2-4dbe-9c1f-87ac503cebce", -- Block_ID : UNIQUE_ID
    0, -- WhereSpecOK : BOOLEAN
    0, -- InWhereSpec : BOOLEAN
    0, -- SelectedFound : BOOLEAN
    '', -- TempBuffer : STRING
    '', -- SupData1 : STRING
    '', -- SupData2 : STRING
    0, -- CurrentLine : INTEGER
    0, -- CurrentCol : INTEGER
    0, -- currentKeyLettersLineNumber : INTEGER
    0, -- currentKeyLettersColumn : INTEGER
    0, -- currentParameterAssignmentNameLineNumber : INTEGER
    0, -- currentParameterAssignmentNameColumn : INTEGER
    0, -- currentAssociationNumberLineNumber : INTEGER
    0, -- currentAssociationNumberColumn : INTEGER
    0, -- currentAssociationPhraseLineNumber : INTEGER
    0, -- currentAssociationPhraseColumn : INTEGER
    0, -- currentDataTypeNameLineNumber : INTEGER
    0, -- currentDataTypeNameColumn : INTEGER
    0, -- blockInStackFrameCreated : BOOLEAN
    "55593eea-e893-4bb5-9f85-38ad50307444", -- Action_ID : UNIQUE_ID
    "cc852db0-7c46-47f8-b31b-b2ff8de695da" -- Parsed_Action_ID : UNIQUE_ID
);
INSERT INTO ACT_BLK VALUES (
    "31eb499c-448d-4570-8c74-76a6918bba97", -- Block_ID : UNIQUE_ID
    0, -- WhereSpecOK : BOOLEAN
    0, -- InWhereSpec : BOOLEAN
    0, -- SelectedFound : BOOLEAN
    '', -- TempBuffer : STRING
    '', -- SupData1 : STRING
    '', -- SupData2 : STRING
    0, -- CurrentLine : INTEGER
    0, -- CurrentCol : INTEGER
    0, -- currentKeyLettersLineNumber : INTEGER
    0, -- currentKeyLettersColumn : INTEGER
    0, -- currentParameterAssignmentNameLineNumber : INTEGER
    0, -- currentParameterAssignmentNameColumn : INTEGER
    0, -- currentAssociationNumberLineNumber : INTEGER
    0, -- currentAssociationNumberColumn : INTEGER
    0, -- currentAssociationPhraseLineNumber : INTEGER
    0, -- currentAssociationPhraseColumn : INTEGER
    0, -- currentDataTypeNameLineNumber : INTEGER
    0, -- currentDataTypeNameColumn : INTEGER
    0, -- blockInStackFrameCreated : BOOLEAN
    "564ab780-fa6c-48f2-aba8-60a24abc0283", -- Action_ID : UNIQUE_ID
    "c9b73f85-c600-4183-bdfd-4769fc6d09c8" -- Parsed_Action_ID : UNIQUE_ID
);
INSERT INTO ACT_BLK VALUES (
    "982566f7-87a7-4afc-9960-15b392c9fae6", -- Block_ID : UNIQUE_ID
    0, -- WhereSpecOK : BOOLEAN
    0, -- InWhereSpec : BOOLEAN
    0, -- SelectedFound : BOOLEAN
    '', -- TempBuffer : STRING
    '', -- SupData1 : STRING
    '', -- SupData2 : STRING
    0, -- CurrentLine : INTEGER
    0, -- CurrentCol : INTEGER
    0, -- currentKeyLettersLineNumber : INTEGER
    0, -- currentKeyLettersColumn : INTEGER
    0, -- currentParameterAssignmentNameLineNumber : INTEGER
    0, -- currentParameterAssignmentNameColumn : INTEGER
    0, -- currentAssociationNumberLineNumber : INTEGER
    0, -- currentAssociationNumberColumn : INTEGER
    0, -- currentAssociationPhraseLineNumber : INTEGER
    0, -- currentAssociationPhraseColumn : INTEGER
    0, -- currentDataTypeNameLineNumber : INTEGER
    0, -- currentDataTypeNameColumn : INTEGER
    0, -- blockInStackFrameCreated : BOOLEAN
    "564ab780-fa6c-48f2-aba8-60a24abc0283", -- Action_ID : UNIQUE_ID
    "bd02a13f-f25f-4ea8-b21a-e011990d60b1" -- Parsed_Action_ID : UNIQUE_ID
);
INSERT INTO ACT_BLK VALUES (
    "e631e51e-a320-41e8-85aa-fc5b234da585", -- Block_ID : UNIQUE_ID
    0, -- WhereSpecOK : BOOLEAN
    0, -- InWhereSpec : BOOLEAN
    0, -- SelectedFound : BOOLEAN
    '', -- TempBuffer : STRING
    '', -- SupData1 : STRING
    '', -- SupData2 : STRING
    0, -- CurrentLine : INTEGER
    0, -- CurrentCol : INTEGER
    0, -- currentKeyLettersLineNumber : INTEGER
    0, -- currentKeyLettersColumn : INTEGER
    0, -- currentParameterAssignmentNameLineNumber : INTEGER
    0, -- currentParameterAssignmentNameColumn : INTEGER
    0, -- currentAssociationNumberLineNumber : INTEGER
    0, -- currentAssociationNumberColumn : INTEGER
    0, -- currentAssociationPhraseLineNumber : INTEGER
    0, -- currentAssociationPhraseColumn : INTEGER
    0, -- currentDataTypeNameLineNumber : INTEGER
    0, -- currentDataTypeNameColumn : INTEGER
    0, -- blockInStackFrameCreated : BOOLEAN
    "564ab780-fa6c-48f2-aba8-60a24abc0283", -- Action_ID : UNIQUE_ID
    "49d09487-d2ec-4034-a936-c674fcbe3bb6" -- Parsed_Action_ID : UNIQUE_ID
);
INSERT INTO ACT_BLK VALUES (
    "7720eee9-7437-4ddb-83f6-5d35cd6390b5", -- Block_ID : UNIQUE_ID
    0, -- WhereSpecOK : BOOLEAN
    0, -- InWhereSpec : BOOLEAN
    0, -- SelectedFound : BOOLEAN
    '', -- TempBuffer : STRING
    '', -- SupData1 : STRING
    '', -- SupData2 : STRING
    0, -- CurrentLine : INTEGER
    0, -- CurrentCol : INTEGER
    0, -- currentKeyLettersLineNumber : INTEGER
    0, -- currentKeyLettersColumn : INTEGER
    0, -- currentParameterAssignmentNameLineNumber : INTEGER
    0, -- currentParameterAssignmentNameColumn : INTEGER
    0, -- currentAssociationNumberLineNumber : INTEGER
    0, -- currentAssociationNumberColumn : INTEGER
    0, -- currentAssociationPhraseLineNumber : INTEGER
    0, -- currentAssociationPhraseColumn : INTEGER
    0, -- currentDataTypeNameLineNumber : INTEGER
    0, -- currentDataTypeNameColumn : INTEGER
    0, -- blockInStackFrameCreated : BOOLEAN
    "bae07e1c-70cf-4d07-8d65-01ce06807a99", -- Action_ID : UNIQUE_ID
    "cb9fd1e7-98cd-4f2f-a35b-5d5d7fa2da50" -- Parsed_Action_ID : UNIQUE_ID
);
INSERT INTO ACT_BLK VALUES (
    "218f8a5b-f1ea-4276-b3e1-b8914dfe2614", -- Block_ID : UNIQUE_ID
    0, -- WhereSpecOK : BOOLEAN
    0, -- InWhereSpec : BOOLEAN
    0, -- SelectedFound : BOOLEAN
    '', -- TempBuffer : STRING
    '', -- SupData1 : STRING
    '', -- SupData2 : STRING
    0, -- CurrentLine : INTEGER
    0, -- CurrentCol : INTEGER
    0, -- currentKeyLettersLineNumber : INTEGER
    0, -- currentKeyLettersColumn : INTEGER
    0, -- currentParameterAssignmentNameLineNumber : INTEGER
    0, -- currentParameterAssignmentNameColumn : INTEGER
    0, -- currentAssociationNumberLineNumber : INTEGER
    0, -- currentAssociationNumberColumn : INTEGER
    0, -- currentAssociationPhraseLineNumber : INTEGER
    0, -- currentAssociationPhraseColumn : INTEGER
    0, -- currentDataTypeNameLineNumber : INTEGER
    0, -- currentDataTypeNameColumn : INTEGER
    0, -- blockInStackFrameCreated : BOOLEAN
    "bae07e1c-70cf-4d07-8d65-01ce06807a99", -- Action_ID : UNIQUE_ID
    "f28bead1-d6de-4504-a507-b8e0039cbaa4" -- Parsed_Action_ID : UNIQUE_ID
);
INSERT INTO ACT_BLK VALUES (
    "4e90611d-295f-4d4b-8572-b45ba8f57027", -- Block_ID : UNIQUE_ID
    0, -- WhereSpecOK : BOOLEAN
    0, -- InWhereSpec : BOOLEAN
    0, -- SelectedFound : BOOLEAN
    '', -- TempBuffer : STRING
    '', -- SupData1 : STRING
    '', -- SupData2 : STRING
    0, -- CurrentLine : INTEGER
    0, -- CurrentCol : INTEGER
    0, -- currentKeyLettersLineNumber : INTEGER
    0, -- currentKeyLettersColumn : INTEGER
    0, -- currentParameterAssignmentNameLineNumber : INTEGER
    0, -- currentParameterAssignmentNameColumn : INTEGER
    0, -- currentAssociationNumberLineNumber : INTEGER
    0, -- currentAssociationNumberColumn : INTEGER
    0, -- currentAssociationPhraseLineNumber : INTEGER
    0, -- currentAssociationPhraseColumn : INTEGER
    0, -- currentDataTypeNameLineNumber : INTEGER
    0, -- currentDataTypeNameColumn : INTEGER
    0, -- blockInStackFrameCreated : BOOLEAN
    "bae07e1c-70cf-4d07-8d65-01ce06807a99", -- Action_ID : UNIQUE_ID
    "4fb51c1a-3f92-4857-8d49-0e4e691d70e4" -- Parsed_Action_ID : UNIQUE_ID
);
INSERT INTO ACT_BLK VALUES (
    "f2fc9a85-222e-4958-b1b9-23c7a399e02f", -- Block_ID : UNIQUE_ID
    0, -- WhereSpecOK : BOOLEAN
    0, -- InWhereSpec : BOOLEAN
    0, -- SelectedFound : BOOLEAN
    '', -- TempBuffer : STRING
    '', -- SupData1 : STRING
    '', -- SupData2 : STRING
    0, -- CurrentLine : INTEGER
    0, -- CurrentCol : INTEGER
    0, -- currentKeyLettersLineNumber : INTEGER
    0, -- currentKeyLettersColumn : INTEGER
    0, -- currentParameterAssignmentNameLineNumber : INTEGER
    0, -- currentParameterAssignmentNameColumn : INTEGER
    0, -- currentAssociationNumberLineNumber : INTEGER
    0, -- currentAssociationNumberColumn : INTEGER
    0, -- currentAssociationPhraseLineNumber : INTEGER
    0, -- currentAssociationPhraseColumn : INTEGER
    0, -- currentDataTypeNameLineNumber : INTEGER
    0, -- currentDataTypeNameColumn : INTEGER
    0, -- blockInStackFrameCreated : BOOLEAN
    "519d88d3-83db-4425-a9a2-7643ced5aba9", -- Action_ID : UNIQUE_ID
    "92441870-ebef-4af8-8797-e410a035996b" -- Parsed_Action_ID : UNIQUE_ID
);
INSERT INTO ACT_BLK VALUES (
    "bde88271-405f-41ff-9470-a01e767d19b8", -- Block_ID : UNIQUE_ID
    0, -- WhereSpecOK : BOOLEAN
    0, -- InWhereSpec : BOOLEAN
    0, -- SelectedFound : BOOLEAN
    '', -- TempBuffer : STRING
    '', -- SupData1 : STRING
    '', -- SupData2 : STRING
    0, -- CurrentLine : INTEGER
    0, -- CurrentCol : INTEGER
    0, -- currentKeyLettersLineNumber : INTEGER
    0, -- currentKeyLettersColumn : INTEGER
    0, -- currentParameterAssignmentNameLineNumber : INTEGER
    0, -- currentParameterAssignmentNameColumn : INTEGER
    0, -- currentAssociationNumberLineNumber : INTEGER
    0, -- currentAssociationNumberColumn : INTEGER
    0, -- currentAssociationPhraseLineNumber : INTEGER
    0, -- currentAssociationPhraseColumn : INTEGER
    0, -- currentDataTypeNameLineNumber : INTEGER
    0, -- currentDataTypeNameColumn : INTEGER
    0, -- blockInStackFrameCreated : BOOLEAN
    "519d88d3-83db-4425-a9a2-7643ced5aba9", -- Action_ID : UNIQUE_ID
    "ee6fa278-a5e6-484c-abea-8f32f68348ec" -- Parsed_Action_ID : UNIQUE_ID
);
INSERT INTO ACT_BLK VALUES (
    "c24517cb-3b96-4ee1-b80f-7cae152e41eb", -- Block_ID : UNIQUE_ID
    0, -- WhereSpecOK : BOOLEAN
    0, -- InWhereSpec : BOOLEAN
    0, -- SelectedFound : BOOLEAN
    '', -- TempBuffer : STRING
    '', -- SupData1 : STRING
    '', -- SupData2 : STRING
    0, -- CurrentLine : INTEGER
    0, -- CurrentCol : INTEGER
    0, -- currentKeyLettersLineNumber : INTEGER
    0, -- currentKeyLettersColumn : INTEGER
    0, -- currentParameterAssignmentNameLineNumber : INTEGER
    0, -- currentParameterAssignmentNameColumn : INTEGER
    0, -- currentAssociationNumberLineNumber : INTEGER
    0, -- currentAssociationNumberColumn : INTEGER
    0, -- currentAssociationPhraseLineNumber : INTEGER
    0, -- currentAssociationPhraseColumn : INTEGER
    0, -- currentDataTypeNameLineNumber : INTEGER
    0, -- currentDataTypeNameColumn : INTEGER
    0, -- blockInStackFrameCreated : BOOLEAN
    "519d88d3-83db-4425-a9a2-7643ced5aba9", -- Action_ID : UNIQUE_ID
    "a0afad04-798e-4dc7-b630-8ce05a050050" -- Parsed_Action_ID : UNIQUE_ID
);
INSERT INTO ACT_BRB VALUES (
    "9ea8e3e0-185a-4ad1-ab95-fc49a837bedf", -- Action_ID : UNIQUE_ID
    "112f319f-4c8e-482c-a552-276f1b56bc8d" -- Brg_ID : UNIQUE_ID
);
INSERT INTO ACT_BRB VALUES (
    "e0b80da1-29c8-4a23-9e91-e43c53226955", -- Action_ID : UNIQUE_ID
    "b34ec664-6dea-44bc-afbf-69645da52f0a" -- Brg_ID : UNIQUE_ID
);
INSERT INTO ACT_BRB VALUES (
    "0516a57b-875f-4f12-bfce-cdaaa6742fda", -- Action_ID : UNIQUE_ID
    "2dcf3e84-1208-4e7f-a70c-a54d15f1ce77" -- Brg_ID : UNIQUE_ID
);
INSERT INTO ACT_BRB VALUES (
    "c1c2ff1b-81f0-4ec5-91e5-2e426fe624c2", -- Action_ID : UNIQUE_ID
    "af615ef3-56dd-40b1-be6b-27e07023a829" -- Brg_ID : UNIQUE_ID
);
INSERT INTO ACT_BRB VALUES (
    "d562c775-b66d-4fc0-b84c-465e72739a6f", -- Action_ID : UNIQUE_ID
    "a9e838fb-4772-4822-aee6-57f775da6967" -- Brg_ID : UNIQUE_ID
);
INSERT INTO ACT_BRB VALUES (
    "eb2e196d-48c6-4325-b492-7055aa5aa0c4", -- Action_ID : UNIQUE_ID
    "c56d3597-5a54-4d78-8914-2dc2594c2af4" -- Brg_ID : UNIQUE_ID
);
INSERT INTO ACT_BRB VALUES (
    "3c080fe4-1eba-435b-97dd-7c90531f0f9d", -- Action_ID : UNIQUE_ID
    "77300edb-b891-4e35-858b-9e8cb6437f19" -- Brg_ID : UNIQUE_ID
);
INSERT INTO ACT_BRB VALUES (
    "f3406b70-5f39-4412-8ca8-d095a3d7a201", -- Action_ID : UNIQUE_ID
    "8a08e8b6-4de0-437f-968f-71d65464ceb7" -- Brg_ID : UNIQUE_ID
);
INSERT INTO ACT_BRB VALUES (
    "7dc09467-ba55-4281-8c6c-564c732a22b9", -- Action_ID : UNIQUE_ID
    "e6bddfad-112a-4e3d-983c-17cf660f6a1d" -- Brg_ID : UNIQUE_ID
);
INSERT INTO ACT_BRB VALUES (
    "e0ca2b42-d0f8-4a89-a694-ea7ff39556f0", -- Action_ID : UNIQUE_ID
    "38a0bf36-f1fa-46ff-9ac5-30980dbf9ba0" -- Brg_ID : UNIQUE_ID
);
INSERT INTO ACT_BRB VALUES (
    "453df26b-4ed3-4690-b7c1-63bf412c146a", -- Action_ID : UNIQUE_ID
    "2052aeb8-71a4-49e3-864d-b678d3906bed" -- Brg_ID : UNIQUE_ID
);
INSERT INTO ACT_BRB VALUES (
    "2254ce3e-cd88-4e2b-ab7b-1a051331153a", -- Action_ID : UNIQUE_ID
    "ffe9b4a1-cf2d-46b7-9789-be3f258319ec" -- Brg_ID : UNIQUE_ID
);
INSERT INTO ACT_BRB VALUES (
    "6a4074bf-ad58-4416-8d65-384cbeb7bf26", -- Action_ID : UNIQUE_ID
    "cccf7316-ec6f-4823-ade0-eaab3e2435fc" -- Brg_ID : UNIQUE_ID
);
INSERT INTO ACT_BRB VALUES (
    "7806abff-d1cb-45cd-aa2d-492a9d0c6ded", -- Action_ID : UNIQUE_ID
    "e4d7890a-c0ba-4e92-bb75-a89f7a1deb89" -- Brg_ID : UNIQUE_ID
);
INSERT INTO ACT_BRB VALUES (
    "e7713843-da13-43e6-bb59-c801b46a5f7c", -- Action_ID : UNIQUE_ID
    "cd04774e-daca-4924-8bf8-26acb2101a9a" -- Brg_ID : UNIQUE_ID
);
INSERT INTO ACT_BRB VALUES (
    "7a6dda8b-8601-41a2-88e9-699247334b27", -- Action_ID : UNIQUE_ID
    "f3a7f92c-3c6b-4d36-8f32-849ae8fce50a" -- Brg_ID : UNIQUE_ID
);
INSERT INTO ACT_BRB VALUES (
    "30672f53-7a66-4500-80b5-38048e0d4c54", -- Action_ID : UNIQUE_ID
    "0b4c485f-017d-40b6-9a7e-57fda5776da4" -- Brg_ID : UNIQUE_ID
);
INSERT INTO ACT_BRB VALUES (
    "4f8b4a74-8c59-446f-b5ab-fdbb113f1ff0", -- Action_ID : UNIQUE_ID
    "16322409-ab18-4a8a-8189-42924b6ad4c7" -- Brg_ID : UNIQUE_ID
);
INSERT INTO ACT_BRB VALUES (
    "d467eba3-d8aa-45bb-9c36-2bce3e2180c7", -- Action_ID : UNIQUE_ID
    "724d498a-672c-4565-ade3-ad23463f9c4e" -- Brg_ID : UNIQUE_ID
);
INSERT INTO ACT_BRB VALUES (
    "7a55dcad-86f6-45c8-8f87-ccf7df08265a", -- Action_ID : UNIQUE_ID
    "587a5601-85c2-4712-9523-edb532578dab" -- Brg_ID : UNIQUE_ID
);
INSERT INTO ACT_BRB VALUES (
    "f17cfd04-6541-4adc-a232-7ad9aeeabbd9", -- Action_ID : UNIQUE_ID
    "a160d621-7f28-44ee-b4d9-59b10ef2e404" -- Brg_ID : UNIQUE_ID
);
INSERT INTO ACT_BRB VALUES (
    "45e2f4b3-3a09-440d-8553-e040ea316aab", -- Action_ID : UNIQUE_ID
    "b2f303f5-6e95-4731-a762-be0c0eb02ca7" -- Brg_ID : UNIQUE_ID
);
INSERT INTO ACT_BRB VALUES (
    "f6479385-de93-443f-a9d9-2d5e095d5966", -- Action_ID : UNIQUE_ID
    "4c84eeef-580a-44c0-99a3-07b6a73452d7" -- Brg_ID : UNIQUE_ID
);
INSERT INTO ACT_BRB VALUES (
    "4269e95a-6e8a-467e-bf33-b8effea6455b", -- Action_ID : UNIQUE_ID
    "552205ca-aa70-45be-9f6c-fed75e322243" -- Brg_ID : UNIQUE_ID
);
INSERT INTO ACT_BRB VALUES (
    "75643f1f-f947-4206-bada-b3b71098cf15", -- Action_ID : UNIQUE_ID
    "e14dac49-6263-450c-a836-b0d18eb918ce" -- Brg_ID : UNIQUE_ID
);
INSERT INTO ACT_BRB VALUES (
    "dfc0a90d-2d7d-4834-96b0-f71804b0e534", -- Action_ID : UNIQUE_ID
    "48b8f9dc-e8f2-41f2-9b8e-d6b671643328" -- Brg_ID : UNIQUE_ID
);
INSERT INTO ACT_BRB VALUES (
    "7b887fdd-8f21-4840-a6da-b0da60baeb94", -- Action_ID : UNIQUE_ID
    "029dc98c-3010-43ac-9592-e46b263472fe" -- Brg_ID : UNIQUE_ID
);
INSERT INTO ACT_BRB VALUES (
    "e9be4cab-7b26-4136-a9f1-0b3276f3982b", -- Action_ID : UNIQUE_ID
    "1f23e627-377e-4168-a4a2-bda0a5ec42eb" -- Brg_ID : UNIQUE_ID
);
INSERT INTO ACT_BRB VALUES (
    "95f937d3-ca42-4462-80a1-fde7cde4d950", -- Action_ID : UNIQUE_ID
    "5f3c759c-6b7b-4ee8-8e47-370fb4a90427" -- Brg_ID : UNIQUE_ID
);
INSERT INTO ACT_BRB VALUES (
    "77bea803-0050-49b6-a900-217114376e71", -- Action_ID : UNIQUE_ID
    "89d596ad-2792-4523-b93e-7f73d50eaa81" -- Brg_ID : UNIQUE_ID
);
INSERT INTO ACT_BRB VALUES (
    "c24ba9ca-7595-46e2-832c-d40cddcd82f7", -- Action_ID : UNIQUE_ID
    "ffa333ae-485c-4095-8a9f-2ea460bbb53f" -- Brg_ID : UNIQUE_ID
);
INSERT INTO ACT_BRB VALUES (
    "5e7b4470-dab9-4c04-b85d-0e56519e8713", -- Action_ID : UNIQUE_ID
    "7336eafe-bf7f-45cf-a139-f0fa44c5400e" -- Brg_ID : UNIQUE_ID
);
INSERT INTO ACT_BRB VALUES (
    "19c8b775-421e-4149-9bf0-28614363dbb8", -- Action_ID : UNIQUE_ID
    "d62c634b-74cc-4271-879d-bb16f8243125" -- Brg_ID : UNIQUE_ID
);
INSERT INTO ACT_BRB VALUES (
    "82f9acfe-f708-47e7-8b11-689ad4ef17a7", -- Action_ID : UNIQUE_ID
    "bdfbe284-fdf5-4d84-b868-24a4494b1eed" -- Brg_ID : UNIQUE_ID
);
INSERT INTO ACT_BRB VALUES (
    "47740bf5-b50f-4e43-9dc8-7a8ffc7e4ad0", -- Action_ID : UNIQUE_ID
    "98d84f3d-005b-4259-a245-635911bfd6d9" -- Brg_ID : UNIQUE_ID
);
INSERT INTO ACT_BRB VALUES (
    "11b0cff7-a19b-48a5-bd1c-d71ae33d51e4", -- Action_ID : UNIQUE_ID
    "2d05e784-4e68-4ad9-b373-5583b0c79497" -- Brg_ID : UNIQUE_ID
);
INSERT INTO ACT_BRB VALUES (
    "c9f227d5-8993-40f7-87c7-40a9c886d87d", -- Action_ID : UNIQUE_ID
    "7b593108-9200-42f0-86c7-49dfd1e5d704" -- Brg_ID : UNIQUE_ID
);
INSERT INTO ACT_BRB VALUES (
    "6b9bed19-c8a3-45a8-bac6-579ad5a1ef4a", -- Action_ID : UNIQUE_ID
    "c1f05ae4-a5cb-40a3-a774-d2cddaff579b" -- Brg_ID : UNIQUE_ID
);
INSERT INTO ACT_BRB VALUES (
    "529ca66e-48fa-4d4b-8ae1-743f278f4e34", -- Action_ID : UNIQUE_ID
    "cc2b571f-54b2-4585-86b3-d879d5e34b3d" -- Brg_ID : UNIQUE_ID
);
INSERT INTO ACT_BRB VALUES (
    "5e9a20d0-6949-4a50-ac9c-abab69d50276", -- Action_ID : UNIQUE_ID
    "3c5d78ee-496c-451e-bcc7-ad0d222c0e32" -- Brg_ID : UNIQUE_ID
);
INSERT INTO ACT_BRB VALUES (
    "88975c59-4e99-4b97-bc44-222af328462e", -- Action_ID : UNIQUE_ID
    "e4340945-3812-4aa8-bc9b-e374d680118b" -- Brg_ID : UNIQUE_ID
);
INSERT INTO ACT_BRB VALUES (
    "4d026cb3-0b73-42c5-a4b8-522634ea1b80", -- Action_ID : UNIQUE_ID
    "5a5d5ceb-29f0-4209-aeba-150fb07052b7" -- Brg_ID : UNIQUE_ID
);
INSERT INTO ACT_BRB VALUES (
    "496f4578-e6ab-4197-bcfd-2c76af201cb6", -- Action_ID : UNIQUE_ID
    "5dddfeb2-1f14-4aa5-ad63-8a909e0dec8c" -- Brg_ID : UNIQUE_ID
);
INSERT INTO ACT_BRB VALUES (
    "a4fe2aba-f456-4461-b76f-1cd139bcc58e", -- Action_ID : UNIQUE_ID
    "4d455ec0-5a4f-467f-bd96-0eda52082970" -- Brg_ID : UNIQUE_ID
);
INSERT INTO ACT_BRB VALUES (
    "5dd2623d-67c4-485d-8f46-02c707386e32", -- Action_ID : UNIQUE_ID
    "b890cabd-de2c-4828-a8a5-d955fb7d67c4" -- Brg_ID : UNIQUE_ID
);
INSERT INTO ACT_BRB VALUES (
    "c1eef87c-279b-46b5-bfd6-6af3ebad66b4", -- Action_ID : UNIQUE_ID
    "41ba132d-a1d1-4191-a09b-2557dff31e03" -- Brg_ID : UNIQUE_ID
);
INSERT INTO ACT_BRB VALUES (
    "ca1a25ca-8cdd-49bd-b583-0dd95b2bd300", -- Action_ID : UNIQUE_ID
    "9c9ff561-0230-49c6-93a0-97e6e806f171" -- Brg_ID : UNIQUE_ID
);
INSERT INTO ACT_BRB VALUES (
    "c259c769-76f8-4352-86e1-97df6c7f6824", -- Action_ID : UNIQUE_ID
    "40eaec44-eb8d-4cae-959a-880b94c28c05" -- Brg_ID : UNIQUE_ID
);
INSERT INTO ACT_BRB VALUES (
    "3b6d953c-c6c2-4363-91fc-e6943f992094", -- Action_ID : UNIQUE_ID
    "a024f801-c9ad-4451-9c66-573aa528f182" -- Brg_ID : UNIQUE_ID
);
INSERT INTO ACT_BRB VALUES (
    "e1e027d9-2698-48d5-bb28-4e2d7655f294", -- Action_ID : UNIQUE_ID
    "a83f64fc-8677-4fde-aa38-99aab40c8d1a" -- Brg_ID : UNIQUE_ID
);
INSERT INTO ACT_BRB VALUES (
    "d7b1982b-9247-4074-b600-59bd19831396", -- Action_ID : UNIQUE_ID
    "025ceff5-1023-427c-bbb0-750a3f4e97dc" -- Brg_ID : UNIQUE_ID
);
INSERT INTO ACT_BRB VALUES (
    "45ac3edb-2a8b-4e2e-b0f2-0921bede6b7f", -- Action_ID : UNIQUE_ID
    "f7a1de23-2e31-4e8a-988b-ace95920d6c0" -- Brg_ID : UNIQUE_ID
);
INSERT INTO ACT_BRB VALUES (
    "96a0bf5d-a8fc-4097-97b4-44211590b4df", -- Action_ID : UNIQUE_ID
    "56d78985-bd88-4f57-97f5-3a8479d36a75" -- Brg_ID : UNIQUE_ID
);
INSERT INTO ACT_BRB VALUES (
    "1abab7cb-ae42-42a2-9dd9-e9903ac10cbf", -- Action_ID : UNIQUE_ID
    "ad4f1248-1786-4a6c-9f24-575f1b7d5401" -- Brg_ID : UNIQUE_ID
);
INSERT INTO ACT_BRB VALUES (
    "355bde16-01d2-45e9-8bed-2eefb4f34acf", -- Action_ID : UNIQUE_ID
    "387a0ac8-5355-48ef-a355-2676c1a68ecb" -- Brg_ID : UNIQUE_ID
);
INSERT INTO ACT_BRB VALUES (
    "ee51bbac-4d90-4fac-8461-593ed07586d6", -- Action_ID : UNIQUE_ID
    "a4310342-37b4-4aa7-825b-a056e08718c5" -- Brg_ID : UNIQUE_ID
);
INSERT INTO ACT_BRB VALUES (
    "1974cb09-9eba-4263-823c-90c46623836d", -- Action_ID : UNIQUE_ID
    "3f74c1fa-616b-4b2a-aa3b-491d0b671973" -- Brg_ID : UNIQUE_ID
);
INSERT INTO ACT_BRB VALUES (
    "8a992ea3-bd82-4fc1-be35-4c869605c4d1", -- Action_ID : UNIQUE_ID
    "62c9655c-04ce-4730-add9-3f1212865a27" -- Brg_ID : UNIQUE_ID
);
INSERT INTO ACT_BRB VALUES (
    "200dc7f2-7cc5-4d55-b3c3-f1d0330ed79d", -- Action_ID : UNIQUE_ID
    "c7c7b56a-16b4-47d8-a682-c148ba0ff869" -- Brg_ID : UNIQUE_ID
);
INSERT INTO ACT_BRB VALUES (
    "301d5b17-98dd-42d2-aa20-ff6a312c2599", -- Action_ID : UNIQUE_ID
    "bdc9cf61-1955-40c9-9744-9b3004874cc6" -- Brg_ID : UNIQUE_ID
);
INSERT INTO ACT_BRB VALUES (
    "c8e23e33-7a15-46a6-8bd9-a56ed3ba082a", -- Action_ID : UNIQUE_ID
    "5bd13bba-debc-4b14-b39f-b6d284c5b08d" -- Brg_ID : UNIQUE_ID
);
INSERT INTO ACT_BRG VALUES (
    "b6d441f3-d658-4faa-912f-94a63215d675", -- Statement_ID : UNIQUE_ID
    "af615ef3-56dd-40b1-be6b-27e07023a829", -- Brg_ID : UNIQUE_ID
    0, -- bridgeNameLineNumber : INTEGER
    0, -- bridgeNameColumn : INTEGER
    0, -- externalEntityKeyLettersLineNumber : INTEGER
    0 -- externalEntityKeyLettersColumn : INTEGER
);
INSERT INTO ACT_BRG VALUES (
    "6e7d74de-85e9-4aab-a48a-0a462c06961f", -- Statement_ID : UNIQUE_ID
    "af615ef3-56dd-40b1-be6b-27e07023a829", -- Brg_ID : UNIQUE_ID
    0, -- bridgeNameLineNumber : INTEGER
    0, -- bridgeNameColumn : INTEGER
    0, -- externalEntityKeyLettersLineNumber : INTEGER
    0 -- externalEntityKeyLettersColumn : INTEGER
);
INSERT INTO ACT_BRG VALUES (
    "11e2e104-5036-459a-a7c2-780cfb3e96be", -- Statement_ID : UNIQUE_ID
    "af615ef3-56dd-40b1-be6b-27e07023a829", -- Brg_ID : UNIQUE_ID
    0, -- bridgeNameLineNumber : INTEGER
    0, -- bridgeNameColumn : INTEGER
    0, -- externalEntityKeyLettersLineNumber : INTEGER
    0 -- externalEntityKeyLettersColumn : INTEGER
);
INSERT INTO ACT_BRG VALUES (
    "f561b6a3-d83f-4b0b-ab0b-2876572eee70", -- Statement_ID : UNIQUE_ID
    "af615ef3-56dd-40b1-be6b-27e07023a829", -- Brg_ID : UNIQUE_ID
    0, -- bridgeNameLineNumber : INTEGER
    0, -- bridgeNameColumn : INTEGER
    0, -- externalEntityKeyLettersLineNumber : INTEGER
    0 -- externalEntityKeyLettersColumn : INTEGER
);
INSERT INTO ACT_BRG VALUES (
    "00ea5e3e-aff9-4dec-a181-6e1ccbb4baad", -- Statement_ID : UNIQUE_ID
    "af615ef3-56dd-40b1-be6b-27e07023a829", -- Brg_ID : UNIQUE_ID
    0, -- bridgeNameLineNumber : INTEGER
    0, -- bridgeNameColumn : INTEGER
    0, -- externalEntityKeyLettersLineNumber : INTEGER
    0 -- externalEntityKeyLettersColumn : INTEGER
);
INSERT INTO ACT_BRG VALUES (
    "d532283b-8c38-44e2-ba7e-3c1087eb4b53", -- Statement_ID : UNIQUE_ID
    "af615ef3-56dd-40b1-be6b-27e07023a829", -- Brg_ID : UNIQUE_ID
    0, -- bridgeNameLineNumber : INTEGER
    0, -- bridgeNameColumn : INTEGER
    0, -- externalEntityKeyLettersLineNumber : INTEGER
    0 -- externalEntityKeyLettersColumn : INTEGER
);
INSERT INTO ACT_BRG VALUES (
    "f2e0166d-099f-48a1-b1a5-1ea76804f6cc", -- Statement_ID : UNIQUE_ID
    "af615ef3-56dd-40b1-be6b-27e07023a829", -- Brg_ID : UNIQUE_ID
    0, -- bridgeNameLineNumber : INTEGER
    0, -- bridgeNameColumn : INTEGER
    0, -- externalEntityKeyLettersLineNumber : INTEGER
    0 -- externalEntityKeyLettersColumn : INTEGER
);
INSERT INTO ACT_BRG VALUES (
    "2399c61c-4c85-448a-8b19-30ceabc87695", -- Statement_ID : UNIQUE_ID
    "af615ef3-56dd-40b1-be6b-27e07023a829", -- Brg_ID : UNIQUE_ID
    0, -- bridgeNameLineNumber : INTEGER
    0, -- bridgeNameColumn : INTEGER
    0, -- externalEntityKeyLettersLineNumber : INTEGER
    0 -- externalEntityKeyLettersColumn : INTEGER
);
INSERT INTO ACT_BRG VALUES (
    "76315b26-e621-4405-9af2-fb3081b96e88", -- Statement_ID : UNIQUE_ID
    "af615ef3-56dd-40b1-be6b-27e07023a829", -- Brg_ID : UNIQUE_ID
    0, -- bridgeNameLineNumber : INTEGER
    0, -- bridgeNameColumn : INTEGER
    0, -- externalEntityKeyLettersLineNumber : INTEGER
    0 -- externalEntityKeyLettersColumn : INTEGER
);
INSERT INTO ACT_BRG VALUES (
    "7db25839-08d9-4910-9aad-e2368760b742", -- Statement_ID : UNIQUE_ID
    "af615ef3-56dd-40b1-be6b-27e07023a829", -- Brg_ID : UNIQUE_ID
    0, -- bridgeNameLineNumber : INTEGER
    0, -- bridgeNameColumn : INTEGER
    0, -- externalEntityKeyLettersLineNumber : INTEGER
    0 -- externalEntityKeyLettersColumn : INTEGER
);
INSERT INTO ACT_BRG VALUES (
    "5128ea5a-77cd-43ab-8f57-5a1c4198871b", -- Statement_ID : UNIQUE_ID
    "af615ef3-56dd-40b1-be6b-27e07023a829", -- Brg_ID : UNIQUE_ID
    0, -- bridgeNameLineNumber : INTEGER
    0, -- bridgeNameColumn : INTEGER
    0, -- externalEntityKeyLettersLineNumber : INTEGER
    0 -- externalEntityKeyLettersColumn : INTEGER
);
INSERT INTO ACT_BRG VALUES (
    "5c1b453e-261b-4d2f-9728-1444821ed2e9", -- Statement_ID : UNIQUE_ID
    "af615ef3-56dd-40b1-be6b-27e07023a829", -- Brg_ID : UNIQUE_ID
    0, -- bridgeNameLineNumber : INTEGER
    0, -- bridgeNameColumn : INTEGER
    0, -- externalEntityKeyLettersLineNumber : INTEGER
    0 -- externalEntityKeyLettersColumn : INTEGER
);
INSERT INTO ACT_CR VALUES (
    "f1f31d4d-e8e6-46d6-8f47-ae09a9f24909", -- Statement_ID : UNIQUE_ID
    "7858f95d-a78d-4b7a-8570-80edb6215139", -- Var_ID : UNIQUE_ID
    1, -- is_implicit : BOOLEAN
    "d8528470-976c-421b-a087-1201ac24302f", -- Obj_ID : UNIQUE_ID
    0, -- modelClassKeyLettersLineNumber : INTEGER
    0 -- modelClassKeyLettersColumn : INTEGER
);
INSERT INTO ACT_CR VALUES (
    "ddf0f096-c72f-450c-b8f2-cf0bcc77f1f1", -- Statement_ID : UNIQUE_ID
    "e2387159-2842-4109-8124-5fcd2094b69c", -- Var_ID : UNIQUE_ID
    1, -- is_implicit : BOOLEAN
    "20eeccf9-a28c-4875-94f5-245affd4f878", -- Obj_ID : UNIQUE_ID
    0, -- modelClassKeyLettersLineNumber : INTEGER
    0 -- modelClassKeyLettersColumn : INTEGER
);
INSERT INTO ACT_CR VALUES (
    "2fa5782c-d7cf-4100-b9b5-d563d3f90a60", -- Statement_ID : UNIQUE_ID
    "79e70ea4-4ca8-42c9-b3ab-fc516862cc03", -- Var_ID : UNIQUE_ID
    1, -- is_implicit : BOOLEAN
    "20391e7a-d5eb-43ec-849a-3af0009b3d41", -- Obj_ID : UNIQUE_ID
    0, -- modelClassKeyLettersLineNumber : INTEGER
    0 -- modelClassKeyLettersColumn : INTEGER
);
INSERT INTO ACT_CR VALUES (
    "9fa47356-5370-485d-8379-78ef6f8f420c", -- Statement_ID : UNIQUE_ID
    "38fb5da6-3107-4f99-8f1b-1ad9a531fb96", -- Var_ID : UNIQUE_ID
    0, -- is_implicit : BOOLEAN
    "20eeccf9-a28c-4875-94f5-245affd4f878", -- Obj_ID : UNIQUE_ID
    0, -- modelClassKeyLettersLineNumber : INTEGER
    0 -- modelClassKeyLettersColumn : INTEGER
);
INSERT INTO ACT_E VALUES (
    "060639f8-5369-427a-8f95-17baddc41a4e", -- Statement_ID : UNIQUE_ID
    "cc56478f-1c04-44f6-894c-3c43f9717460", -- Block_ID : UNIQUE_ID
    "a5dbab58-3070-4849-bbed-38c3b248e63a" -- If_Statement_ID : UNIQUE_ID
);
INSERT INTO ACT_E VALUES (
    "d2c82e16-5395-4155-9e82-e5b3e98b6b1f", -- Statement_ID : UNIQUE_ID
    "c4c1543f-44c2-4dbe-9c1f-87ac503cebce", -- Block_ID : UNIQUE_ID
    "fa548e0d-e6c6-4ba7-a96d-a6e85466484e" -- If_Statement_ID : UNIQUE_ID
);
INSERT INTO ACT_E VALUES (
    "caad49df-7992-4962-ab21-d06855a0f5e8", -- Statement_ID : UNIQUE_ID
    "e631e51e-a320-41e8-85aa-fc5b234da585", -- Block_ID : UNIQUE_ID
    "915a1511-0e4b-4206-929f-e092000d2563" -- If_Statement_ID : UNIQUE_ID
);
INSERT INTO ACT_E VALUES (
    "99145cb9-cfcd-4e35-9841-56db8e5a9ecf", -- Statement_ID : UNIQUE_ID
    "4e90611d-295f-4d4b-8572-b45ba8f57027", -- Block_ID : UNIQUE_ID
    "b9b90640-c00c-44f2-8162-db3dc21e56dc" -- If_Statement_ID : UNIQUE_ID
);
INSERT INTO ACT_E VALUES (
    "3709b828-c645-4f02-8392-d7787a14fe8c", -- Statement_ID : UNIQUE_ID
    "c24517cb-3b96-4ee1-b80f-7cae152e41eb", -- Block_ID : UNIQUE_ID
    "203ddf6f-4a06-4aec-9ff1-84ad34de0d32" -- If_Statement_ID : UNIQUE_ID
);
INSERT INTO ACT_FIW VALUES (
    "67946377-2dd2-4d0f-beb3-5bb5ff2b17bf", -- Statement_ID : UNIQUE_ID
    "342fc5c7-598c-4836-baf1-de81e7b181cb", -- Var_ID : UNIQUE_ID
    1, -- is_implicit : BOOLEAN
    'any', -- cardinality : STRING
    "475682c0-38d3-4088-a4b8-e7abda26f600", -- Where_Clause_Value_ID : UNIQUE_ID
    "d8528470-976c-421b-a087-1201ac24302f", -- Obj_ID : UNIQUE_ID
    0, -- extentLineNumber : INTEGER
    0 -- extentColumn : INTEGER
);
INSERT INTO ACT_FIW VALUES (
    "b82cc66c-267a-4358-9975-325f77a3ed65", -- Statement_ID : UNIQUE_ID
    "fba4cb4d-6a09-44ae-8b95-04c2e05323d4", -- Var_ID : UNIQUE_ID
    1, -- is_implicit : BOOLEAN
    'any', -- cardinality : STRING
    "e1c33705-ee70-4d36-a8a8-8787ff46da77", -- Where_Clause_Value_ID : UNIQUE_ID
    "20eeccf9-a28c-4875-94f5-245affd4f878", -- Obj_ID : UNIQUE_ID
    0, -- extentLineNumber : INTEGER
    0 -- extentColumn : INTEGER
);
INSERT INTO ACT_FIW VALUES (
    "be934fb6-8601-4324-b23a-264b4cdeff28", -- Statement_ID : UNIQUE_ID
    "8be026fd-5da4-415d-b400-35a40025b08f", -- Var_ID : UNIQUE_ID
    1, -- is_implicit : BOOLEAN
    'any', -- cardinality : STRING
    "c5345e3a-2735-44fe-8b53-3a07999a8c7d", -- Where_Clause_Value_ID : UNIQUE_ID
    "d8528470-976c-421b-a087-1201ac24302f", -- Obj_ID : UNIQUE_ID
    0, -- extentLineNumber : INTEGER
    0 -- extentColumn : INTEGER
);
INSERT INTO ACT_FIW VALUES (
    "61c5cb76-4b63-4b96-a4ef-7448aa2375ee", -- Statement_ID : UNIQUE_ID
    "bfae5a4a-85bb-4d2a-8765-73981d8c06e0", -- Var_ID : UNIQUE_ID
    1, -- is_implicit : BOOLEAN
    'any', -- cardinality : STRING
    "170470e5-d79c-4c88-8ce3-1b671f7da457", -- Where_Clause_Value_ID : UNIQUE_ID
    "d8528470-976c-421b-a087-1201ac24302f", -- Obj_ID : UNIQUE_ID
    0, -- extentLineNumber : INTEGER
    0 -- extentColumn : INTEGER
);
INSERT INTO ACT_FIW VALUES (
    "1bdbec5c-a103-4cd8-ba66-f16662f45d87", -- Statement_ID : UNIQUE_ID
    "38fb5da6-3107-4f99-8f1b-1ad9a531fb96", -- Var_ID : UNIQUE_ID
    1, -- is_implicit : BOOLEAN
    'any', -- cardinality : STRING
    "70726da9-4028-4a6c-9798-b173f52d49fb", -- Where_Clause_Value_ID : UNIQUE_ID
    "20eeccf9-a28c-4875-94f5-245affd4f878", -- Obj_ID : UNIQUE_ID
    0, -- extentLineNumber : INTEGER
    0 -- extentColumn : INTEGER
);
INSERT INTO ACT_FIW VALUES (
    "84462497-0fd8-402d-aad2-22f0636c529d", -- Statement_ID : UNIQUE_ID
    "455f0526-9e54-4d84-9bdf-538b8e64d2bb", -- Var_ID : UNIQUE_ID
    1, -- is_implicit : BOOLEAN
    'any', -- cardinality : STRING
    "b8b0a33f-c3d9-44e0-8d3c-4cc0cf9e3aa0", -- Where_Clause_Value_ID : UNIQUE_ID
    "d8528470-976c-421b-a087-1201ac24302f", -- Obj_ID : UNIQUE_ID
    0, -- extentLineNumber : INTEGER
    0 -- extentColumn : INTEGER
);
INSERT INTO ACT_FIW VALUES (
    "cc5a55bb-f0ba-436c-ab1f-415427a844e2", -- Statement_ID : UNIQUE_ID
    "8d018ed7-28a4-408e-bbc2-2ba6d9556ce3", -- Var_ID : UNIQUE_ID
    1, -- is_implicit : BOOLEAN
    'any', -- cardinality : STRING
    "687efff5-7895-4a80-9412-8943f900b769", -- Where_Clause_Value_ID : UNIQUE_ID
    "d8528470-976c-421b-a087-1201ac24302f", -- Obj_ID : UNIQUE_ID
    0, -- extentLineNumber : INTEGER
    0 -- extentColumn : INTEGER
);
INSERT INTO ACT_FNB VALUES (
    "966ddb9f-cb06-4406-b8e2-107308c35f5c", -- Action_ID : UNIQUE_ID
    "8e6515f0-ca9a-424d-b35b-60f69ec5dcc5" -- Sync_ID : UNIQUE_ID
);
INSERT INTO ACT_FNC VALUES (
    "3d0eb8cd-baeb-4afd-802e-a38c8989b4e6", -- Statement_ID : UNIQUE_ID
    "8e6515f0-ca9a-424d-b35b-60f69ec5dcc5", -- Sync_ID : UNIQUE_ID
    0, -- functionNameLineNumber : INTEGER
    0 -- functionNameColumn : INTEGER
);
INSERT INTO ACT_IF VALUES (
    "a5dbab58-3070-4849-bbed-38c3b248e63a", -- Statement_ID : UNIQUE_ID
    "8ebc7d09-d85b-4d33-8fc8-f59f6c66f62d", -- Block_ID : UNIQUE_ID
    "24234c1b-5648-4f3e-afd0-9d03fb0dcdd2", -- Value_ID : UNIQUE_ID
    "00000000-0000-0000-0000-000000000000", -- Elif_Statement_ID : UNIQUE_ID
    "00000000-0000-0000-0000-000000000000" -- Else_Statement_ID : UNIQUE_ID
);
INSERT INTO ACT_IF VALUES (
    "fa548e0d-e6c6-4ba7-a96d-a6e85466484e", -- Statement_ID : UNIQUE_ID
    "c2c01181-f324-485b-84a7-d2aee5c272c3", -- Block_ID : UNIQUE_ID
    "cf4c674a-4816-4608-b7cf-be05518aa3cc", -- Value_ID : UNIQUE_ID
    "00000000-0000-0000-0000-000000000000", -- Elif_Statement_ID : UNIQUE_ID
    "00000000-0000-0000-0000-000000000000" -- Else_Statement_ID : UNIQUE_ID
);
INSERT INTO ACT_IF VALUES (
    "915a1511-0e4b-4206-929f-e092000d2563", -- Statement_ID : UNIQUE_ID
    "982566f7-87a7-4afc-9960-15b392c9fae6", -- Block_ID : UNIQUE_ID
    "61539710-c08d-458c-918c-10e3c71ac9ed", -- Value_ID : UNIQUE_ID
    "00000000-0000-0000-0000-000000000000", -- Elif_Statement_ID : UNIQUE_ID
    "00000000-0000-0000-0000-000000000000" -- Else_Statement_ID : UNIQUE_ID
);
INSERT INTO ACT_IF VALUES (
    "b9b90640-c00c-44f2-8162-db3dc21e56dc", -- Statement_ID : UNIQUE_ID
    "218f8a5b-f1ea-4276-b3e1-b8914dfe2614", -- Block_ID : UNIQUE_ID
    "1f0e1d4e-1a67-46eb-81ac-02c0cbf4c96e", -- Value_ID : UNIQUE_ID
    "00000000-0000-0000-0000-000000000000", -- Elif_Statement_ID : UNIQUE_ID
    "00000000-0000-0000-0000-000000000000" -- Else_Statement_ID : UNIQUE_ID
);
INSERT INTO ACT_IF VALUES (
    "203ddf6f-4a06-4aec-9ff1-84ad34de0d32", -- Statement_ID : UNIQUE_ID
    "bde88271-405f-41ff-9470-a01e767d19b8", -- Block_ID : UNIQUE_ID
    "d7c2b387-135d-4a02-8942-641306cc6d00", -- Value_ID : UNIQUE_ID
    "00000000-0000-0000-0000-000000000000", -- Elif_Statement_ID : UNIQUE_ID
    "00000000-0000-0000-0000-000000000000" -- Else_Statement_ID : UNIQUE_ID
);
INSERT INTO ACT_OPB VALUES (
    "28253312-8942-48de-af73-2b20b883fe68", -- Action_ID : UNIQUE_ID
    "405baa66-75e7-4b59-bf9b-44fc101b3b87" -- Tfr_ID : UNIQUE_ID
);
INSERT INTO ACT_OPB VALUES (
    "ad1d5253-ce66-4332-a702-10ec5ef0954a", -- Action_ID : UNIQUE_ID
    "95ff5b03-8893-4449-815a-a6d1369bf7bc" -- Tfr_ID : UNIQUE_ID
);
INSERT INTO ACT_PSB VALUES (
    "efa9949d-c532-4f0a-b8a5-dd746810625b", -- Action_ID : UNIQUE_ID
    "7582ba79-c063-4631-bcbe-dde14b231908" -- Id : UNIQUE_ID
);
INSERT INTO ACT_PSB VALUES (
    "bc6ec68d-037d-4ca1-9862-edf9726c292c", -- Action_ID : UNIQUE_ID
    "fd447b6f-5a17-4d1f-8f3d-080eeeb6d3b5" -- Id : UNIQUE_ID
);
INSERT INTO ACT_PSB VALUES (
    "55593eea-e893-4bb5-9f85-38ad50307444", -- Action_ID : UNIQUE_ID
    "8e12193a-4915-4e0c-8044-11c6b3eaf358" -- Id : UNIQUE_ID
);
INSERT INTO ACT_PSB VALUES (
    "564ab780-fa6c-48f2-aba8-60a24abc0283", -- Action_ID : UNIQUE_ID
    "423ebac0-5dbc-452e-acae-1170acd2d8fa" -- Id : UNIQUE_ID
);
INSERT INTO ACT_PSB VALUES (
    "bae07e1c-70cf-4d07-8d65-01ce06807a99", -- Action_ID : UNIQUE_ID
    "d7c4c4ec-b061-4e39-b19e-5b1cf028a031" -- Id : UNIQUE_ID
);
INSERT INTO ACT_PSB VALUES (
    "519d88d3-83db-4425-a9a2-7643ced5aba9", -- Action_ID : UNIQUE_ID
    "92acf523-e946-4590-aa6d-ff1b66b399d8" -- Id : UNIQUE_ID
);
INSERT INTO ACT_RET VALUES (
    "8b8923c9-5d70-4635-8c3a-90b393c160f2", -- Statement_ID : UNIQUE_ID
    "ed2868bb-df5d-4885-bba8-17bcf407febd" -- Value_ID : UNIQUE_ID
);
INSERT INTO ACT_RET VALUES (
    "3e9dd449-60ea-48c4-9c41-19442b2e462b", -- Statement_ID : UNIQUE_ID
    "8145c860-f293-4936-bd78-0a0c3939903d" -- Value_ID : UNIQUE_ID
);
INSERT INTO ACT_RET VALUES (
    "af63e9bc-e6f7-479e-addb-94dc4156e29a", -- Statement_ID : UNIQUE_ID
    "3c979ab2-e895-4737-82bb-5c0661627796" -- Value_ID : UNIQUE_ID
);
INSERT INTO ACT_RET VALUES (
    "e752ed4b-9f7f-4a30-b863-0fc1bde0e959", -- Statement_ID : UNIQUE_ID
    "3babf136-d855-4317-a3ed-eabce4f684ef" -- Value_ID : UNIQUE_ID
);
INSERT INTO ACT_RSB VALUES (
    "c40cbd1d-39be-4c1c-ac1b-8de522bcb258", -- Action_ID : UNIQUE_ID
    "4e8357dc-6003-4dae-b1c1-6f406f5216d6" -- Id : UNIQUE_ID
);
INSERT INTO ACT_RSB VALUES (
    "2a7d078e-135f-4908-a17f-8cb175bc69ed", -- Action_ID : UNIQUE_ID
    "62adeee1-7ea3-43cd-a822-47447631b0f8" -- Id : UNIQUE_ID
);
INSERT INTO ACT_RSB VALUES (
    "a7fe6fc9-a58d-4a6f-8265-9b8a67c6b7e4", -- Action_ID : UNIQUE_ID
    "3c887575-84ca-40f7-8c2b-fb4a9c9c2d37" -- Id : UNIQUE_ID
);
INSERT INTO ACT_RSB VALUES (
    "948f13e4-d97b-4441-ae43-508520938187", -- Action_ID : UNIQUE_ID
    "37c95c19-84e8-4982-aeff-c1af43a33a29" -- Id : UNIQUE_ID
);
INSERT INTO ACT_RSB VALUES (
    "e6476e52-3a19-49e5-9ea5-d326781954e0", -- Action_ID : UNIQUE_ID
    "9da61904-98b5-42fa-a869-ae5e21dbfc42" -- Id : UNIQUE_ID
);
INSERT INTO ACT_RU VALUES (
    "7b78c1d0-8895-4e8c-ab14-7be9bfa383b0", -- Statement_ID : UNIQUE_ID
    "342fc5c7-598c-4836-baf1-de81e7b181cb", -- One_Side_Var_ID : UNIQUE_ID
    "fba4cb4d-6a09-44ae-8b95-04c2e05323d4", -- Other_Side_Var_ID : UNIQUE_ID
    "79e70ea4-4ca8-42c9-b3ab-fc516862cc03", -- Associative_Var_ID : UNIQUE_ID
    '', -- relationship_phrase : STRING
    "ae8bfc83-f458-4499-85f3-5a2ce8b49a22", -- Rel_ID : UNIQUE_ID
    0, -- associationNumberLineNumber : INTEGER
    0, -- associationNumberColumn : INTEGER
    0, -- associationPhraseLineNumber : INTEGER
    0 -- associationPhraseColumn : INTEGER
);
INSERT INTO ACT_SAB VALUES (
    "603aa5dc-9630-43a3-bcc9-a53da9383e97", -- Action_ID : UNIQUE_ID
    "7b5f90bd-656f-4bc9-83bf-771ed45973b0", -- SM_ID : UNIQUE_ID
    "2453e957-c72c-4ed6-a1bc-d234c403269c" -- Act_ID : UNIQUE_ID
);
INSERT INTO ACT_SAB VALUES (
    "bff2efa3-6a65-4d0f-b002-551d2031c4b6", -- Action_ID : UNIQUE_ID
    "7b5f90bd-656f-4bc9-83bf-771ed45973b0", -- SM_ID : UNIQUE_ID
    "afb84c0b-8b92-481f-b009-4ac610325ad2" -- Act_ID : UNIQUE_ID
);
INSERT INTO ACT_SAB VALUES (
    "ca896c1d-84d9-473f-ad18-c312c3830076", -- Action_ID : UNIQUE_ID
    "7b5f90bd-656f-4bc9-83bf-771ed45973b0", -- SM_ID : UNIQUE_ID
    "d052a93c-88ce-45d0-8e60-bbc258379150" -- Act_ID : UNIQUE_ID
);
INSERT INTO ACT_SAB VALUES (
    "de41e945-7083-4ff6-b6ff-09a315d9a500", -- Action_ID : UNIQUE_ID
    "7b5f90bd-656f-4bc9-83bf-771ed45973b0", -- SM_ID : UNIQUE_ID
    "a36db46c-8e76-4b00-922f-41a58d38b4f6" -- Act_ID : UNIQUE_ID
);
INSERT INTO ACT_SGN VALUES (
    "7801066c-d727-444d-818a-7d580969e909", -- Statement_ID : UNIQUE_ID
    0, -- sigNameLineNumber : INTEGER
    0, -- sigNameColumn : INTEGER
    0, -- ownerNameLineNumber : INTEGER
    0, -- ownerNameColumn : INTEGER
    "fd447b6f-5a17-4d1f-8f3d-080eeeb6d3b5", -- ProvidedSig_Id : UNIQUE_ID
    "00000000-0000-0000-0000-000000000000", -- RequiredSig_Id : UNIQUE_ID
    "00000000-0000-0000-0000-000000000000" -- Value_ID : UNIQUE_ID
);
INSERT INTO ACT_SGN VALUES (
    "088fef5c-a12b-4ee8-b1db-54bbdecc8b95", -- Statement_ID : UNIQUE_ID
    0, -- sigNameLineNumber : INTEGER
    0, -- sigNameColumn : INTEGER
    0, -- ownerNameLineNumber : INTEGER
    0, -- ownerNameColumn : INTEGER
    "fd447b6f-5a17-4d1f-8f3d-080eeeb6d3b5", -- ProvidedSig_Id : UNIQUE_ID
    "00000000-0000-0000-0000-000000000000", -- RequiredSig_Id : UNIQUE_ID
    "00000000-0000-0000-0000-000000000000" -- Value_ID : UNIQUE_ID
);
INSERT INTO ACT_SGN VALUES (
    "bb2dd666-c9cd-456d-bff5-594842900a3d", -- Statement_ID : UNIQUE_ID
    0, -- sigNameLineNumber : INTEGER
    0, -- sigNameColumn : INTEGER
    0, -- ownerNameLineNumber : INTEGER
    0, -- ownerNameColumn : INTEGER
    "fd447b6f-5a17-4d1f-8f3d-080eeeb6d3b5", -- ProvidedSig_Id : UNIQUE_ID
    "00000000-0000-0000-0000-000000000000", -- RequiredSig_Id : UNIQUE_ID
    "00000000-0000-0000-0000-000000000000" -- Value_ID : UNIQUE_ID
);
INSERT INTO ACT_SGN VALUES (
    "b6d5f37b-bbe5-4e96-b290-2fafbe0784b5", -- Statement_ID : UNIQUE_ID
    0, -- sigNameLineNumber : INTEGER
    0, -- sigNameColumn : INTEGER
    0, -- ownerNameLineNumber : INTEGER
    0, -- ownerNameColumn : INTEGER
    "fd447b6f-5a17-4d1f-8f3d-080eeeb6d3b5", -- ProvidedSig_Id : UNIQUE_ID
    "00000000-0000-0000-0000-000000000000", -- RequiredSig_Id : UNIQUE_ID
    "00000000-0000-0000-0000-000000000000" -- Value_ID : UNIQUE_ID
);
INSERT INTO ACT_SGN VALUES (
    "b4732e7d-e549-48c1-9119-243158082170", -- Statement_ID : UNIQUE_ID
    0, -- sigNameLineNumber : INTEGER
    0, -- sigNameColumn : INTEGER
    0, -- ownerNameLineNumber : INTEGER
    0, -- ownerNameColumn : INTEGER
    "fd447b6f-5a17-4d1f-8f3d-080eeeb6d3b5", -- ProvidedSig_Id : UNIQUE_ID
    "00000000-0000-0000-0000-000000000000", -- RequiredSig_Id : UNIQUE_ID
    "00000000-0000-0000-0000-000000000000" -- Value_ID : UNIQUE_ID
);
INSERT INTO ACT_SGN VALUES (
    "43e48eba-7eae-43ea-8f64-71700305d03c", -- Statement_ID : UNIQUE_ID
    0, -- sigNameLineNumber : INTEGER
    0, -- sigNameColumn : INTEGER
    0, -- ownerNameLineNumber : INTEGER
    0, -- ownerNameColumn : INTEGER
    "fd447b6f-5a17-4d1f-8f3d-080eeeb6d3b5", -- ProvidedSig_Id : UNIQUE_ID
    "00000000-0000-0000-0000-000000000000", -- RequiredSig_Id : UNIQUE_ID
    "00000000-0000-0000-0000-000000000000" -- Value_ID : UNIQUE_ID
);
INSERT INTO ACT_SGN VALUES (
    "a24e9fee-6aec-4136-a44b-9a8e47c6076e", -- Statement_ID : UNIQUE_ID
    0, -- sigNameLineNumber : INTEGER
    0, -- sigNameColumn : INTEGER
    0, -- ownerNameLineNumber : INTEGER
    0, -- ownerNameColumn : INTEGER
    "fd447b6f-5a17-4d1f-8f3d-080eeeb6d3b5", -- ProvidedSig_Id : UNIQUE_ID
    "00000000-0000-0000-0000-000000000000", -- RequiredSig_Id : UNIQUE_ID
    "00000000-0000-0000-0000-000000000000" -- Value_ID : UNIQUE_ID
);
INSERT INTO ACT_SGN VALUES (
    "3d4d1d95-383c-4a4b-bf3d-ee8c869d837e", -- Statement_ID : UNIQUE_ID
    0, -- sigNameLineNumber : INTEGER
    0, -- sigNameColumn : INTEGER
    0, -- ownerNameLineNumber : INTEGER
    0, -- ownerNameColumn : INTEGER
    "fd447b6f-5a17-4d1f-8f3d-080eeeb6d3b5", -- ProvidedSig_Id : UNIQUE_ID
    "00000000-0000-0000-0000-000000000000", -- RequiredSig_Id : UNIQUE_ID
    "00000000-0000-0000-0000-000000000000" -- Value_ID : UNIQUE_ID
);
INSERT INTO ACT_SGN VALUES (
    "3459bc01-f0ff-46fc-8bf6-ad56a1dedaf9", -- Statement_ID : UNIQUE_ID
    0, -- sigNameLineNumber : INTEGER
    0, -- sigNameColumn : INTEGER
    0, -- ownerNameLineNumber : INTEGER
    0, -- ownerNameColumn : INTEGER
    "fd447b6f-5a17-4d1f-8f3d-080eeeb6d3b5", -- ProvidedSig_Id : UNIQUE_ID
    "00000000-0000-0000-0000-000000000000", -- RequiredSig_Id : UNIQUE_ID
    "00000000-0000-0000-0000-000000000000" -- Value_ID : UNIQUE_ID
);
INSERT INTO ACT_SMT VALUES (
    "e1331951-dfcd-4b52-ac05-febfd7deadc5", -- Statement_ID : UNIQUE_ID
    "d578abdf-2606-4af3-95f6-731dd7319ebe", -- Block_ID : UNIQUE_ID
    "2b9f680c-f79c-436d-bd57-caf9926cc6e3", -- Previous_Statement_ID : UNIQUE_ID
    1, -- LineNumber : INTEGER
    1, -- StartPosition : INTEGER
    'mapping[9]="9"' -- Label : STRING
);
INSERT INTO ACT_SMT VALUES (
    "2b9f680c-f79c-436d-bd57-caf9926cc6e3", -- Statement_ID : UNIQUE_ID
    "d578abdf-2606-4af3-95f6-731dd7319ebe", -- Block_ID : UNIQUE_ID
    "b315d866-32da-4272-9efe-01a737f25e70", -- Previous_Statement_ID : UNIQUE_ID
    1, -- LineNumber : INTEGER
    17, -- StartPosition : INTEGER
    'mapping[8]="8"' -- Label : STRING
);
INSERT INTO ACT_SMT VALUES (
    "b315d866-32da-4272-9efe-01a737f25e70", -- Statement_ID : UNIQUE_ID
    "d578abdf-2606-4af3-95f6-731dd7319ebe", -- Block_ID : UNIQUE_ID
    "fc052781-79f6-41cf-8cdc-f662a11ad4d3", -- Previous_Statement_ID : UNIQUE_ID
    1, -- LineNumber : INTEGER
    33, -- StartPosition : INTEGER
    'mapping[7]="7"' -- Label : STRING
);
INSERT INTO ACT_SMT VALUES (
    "fc052781-79f6-41cf-8cdc-f662a11ad4d3", -- Statement_ID : UNIQUE_ID
    "d578abdf-2606-4af3-95f6-731dd7319ebe", -- Block_ID : UNIQUE_ID
    "431c7113-011d-4f13-8f51-5f78487f074c", -- Previous_Statement_ID : UNIQUE_ID
    1, -- LineNumber : INTEGER
    49, -- StartPosition : INTEGER
    'mapping[6]="6"' -- Label : STRING
);
INSERT INTO ACT_SMT VALUES (
    "431c7113-011d-4f13-8f51-5f78487f074c", -- Statement_ID : UNIQUE_ID
    "d578abdf-2606-4af3-95f6-731dd7319ebe", -- Block_ID : UNIQUE_ID
    "e2656c77-b84b-46cf-aaa2-d25b91bc0a8d", -- Previous_Statement_ID : UNIQUE_ID
    1, -- LineNumber : INTEGER
    65, -- StartPosition : INTEGER
    'mapping[5]="5"' -- Label : STRING
);
INSERT INTO ACT_SMT VALUES (
    "e2656c77-b84b-46cf-aaa2-d25b91bc0a8d", -- Statement_ID : UNIQUE_ID
    "d578abdf-2606-4af3-95f6-731dd7319ebe", -- Block_ID : UNIQUE_ID
    "af917b5b-af06-4a28-b187-ccc711667271", -- Previous_Statement_ID : UNIQUE_ID
    2, -- LineNumber : INTEGER
    1, -- StartPosition : INTEGER
    'mapping[4]="4"' -- Label : STRING
);
INSERT INTO ACT_SMT VALUES (
    "af917b5b-af06-4a28-b187-ccc711667271", -- Statement_ID : UNIQUE_ID
    "d578abdf-2606-4af3-95f6-731dd7319ebe", -- Block_ID : UNIQUE_ID
    "4d2fcb19-f3cd-4ae9-bd15-dcab3ac2f251", -- Previous_Statement_ID : UNIQUE_ID
    2, -- LineNumber : INTEGER
    17, -- StartPosition : INTEGER
    'mapping[3]="3"' -- Label : STRING
);
INSERT INTO ACT_SMT VALUES (
    "4d2fcb19-f3cd-4ae9-bd15-dcab3ac2f251", -- Statement_ID : UNIQUE_ID
    "d578abdf-2606-4af3-95f6-731dd7319ebe", -- Block_ID : UNIQUE_ID
    "1cf2f6e4-ac7c-4e00-9c0d-b65cd44fe9a8", -- Previous_Statement_ID : UNIQUE_ID
    2, -- LineNumber : INTEGER
    33, -- StartPosition : INTEGER
    'mapping[2]="2"' -- Label : STRING
);
INSERT INTO ACT_SMT VALUES (
    "1cf2f6e4-ac7c-4e00-9c0d-b65cd44fe9a8", -- Statement_ID : UNIQUE_ID
    "d578abdf-2606-4af3-95f6-731dd7319ebe", -- Block_ID : UNIQUE_ID
    "8c3b838e-5aae-4ca2-8a80-fc9f8467297e", -- Previous_Statement_ID : UNIQUE_ID
    2, -- LineNumber : INTEGER
    49, -- StartPosition : INTEGER
    'mapping[1]="1"' -- Label : STRING
);
INSERT INTO ACT_SMT VALUES (
    "8c3b838e-5aae-4ca2-8a80-fc9f8467297e", -- Statement_ID : UNIQUE_ID
    "d578abdf-2606-4af3-95f6-731dd7319ebe", -- Block_ID : UNIQUE_ID
    "fd7122d0-1131-4d57-8cb5-26580b40ff9b", -- Previous_Statement_ID : UNIQUE_ID
    2, -- LineNumber : INTEGER
    65, -- StartPosition : INTEGER
    'mapping[0]="0"' -- Label : STRING
);
INSERT INTO ACT_SMT VALUES (
    "fd7122d0-1131-4d57-8cb5-26580b40ff9b", -- Statement_ID : UNIQUE_ID
    "d578abdf-2606-4af3-95f6-731dd7319ebe", -- Block_ID : UNIQUE_ID
    "274b2db9-3444-4b90-9164-64ef09ce8828", -- Previous_Statement_ID : UNIQUE_ID
    4, -- LineNumber : INTEGER
    1, -- StartPosition : INTEGER
    'i = param.i' -- Label : STRING
);
INSERT INTO ACT_SMT VALUES (
    "274b2db9-3444-4b90-9164-64ef09ce8828", -- Statement_ID : UNIQUE_ID
    "d578abdf-2606-4af3-95f6-731dd7319ebe", -- Block_ID : UNIQUE_ID
    "75fd48b1-88a7-46c0-9497-d32aeae48531", -- Previous_Statement_ID : UNIQUE_ID
    4, -- LineNumber : INTEGER
    14, -- StartPosition : INTEGER
    's = ""' -- Label : STRING
);
INSERT INTO ACT_SMT VALUES (
    "75fd48b1-88a7-46c0-9497-d32aeae48531", -- Statement_ID : UNIQUE_ID
    "d578abdf-2606-4af3-95f6-731dd7319ebe", -- Block_ID : UNIQUE_ID
    "8b8923c9-5d70-4635-8c3a-90b393c160f2", -- Previous_Statement_ID : UNIQUE_ID
    5, -- LineNumber : INTEGER
    1, -- StartPosition : INTEGER
    'while ( i >= 1 )
  d = i % 10;
  i = i / 10;
  s = mapping[ d ] + s;
end while' -- Label : STRING
);
INSERT INTO ACT_SMT VALUES (
    "81fbb3a9-d7c3-49df-bdd4-d786f7363e79", -- Statement_ID : UNIQUE_ID
    "6afb6373-c364-47b8-b564-9d501b7a8004", -- Block_ID : UNIQUE_ID
    "128837d2-edb5-4625-a1c2-b595a57d5824", -- Previous_Statement_ID : UNIQUE_ID
    6, -- LineNumber : INTEGER
    3, -- StartPosition : INTEGER
    'd = i % 10' -- Label : STRING
);
INSERT INTO ACT_SMT VALUES (
    "128837d2-edb5-4625-a1c2-b595a57d5824", -- Statement_ID : UNIQUE_ID
    "6afb6373-c364-47b8-b564-9d501b7a8004", -- Block_ID : UNIQUE_ID
    "228cb446-0355-4a19-9c5f-2477391fbec1", -- Previous_Statement_ID : UNIQUE_ID
    7, -- LineNumber : INTEGER
    3, -- StartPosition : INTEGER
    'i = i / 10' -- Label : STRING
);
INSERT INTO ACT_SMT VALUES (
    "228cb446-0355-4a19-9c5f-2477391fbec1", -- Statement_ID : UNIQUE_ID
    "6afb6373-c364-47b8-b564-9d501b7a8004", -- Block_ID : UNIQUE_ID
    "00000000-0000-0000-0000-000000000000", -- Previous_Statement_ID : UNIQUE_ID
    8, -- LineNumber : INTEGER
    3, -- StartPosition : INTEGER
    's = mapping[ d ] + s' -- Label : STRING
);
INSERT INTO ACT_SMT VALUES (
    "8b8923c9-5d70-4635-8c3a-90b393c160f2", -- Statement_ID : UNIQUE_ID
    "d578abdf-2606-4af3-95f6-731dd7319ebe", -- Block_ID : UNIQUE_ID
    "00000000-0000-0000-0000-000000000000", -- Previous_Statement_ID : UNIQUE_ID
    11, -- LineNumber : INTEGER
    1, -- StartPosition : INTEGER
    'return s' -- Label : STRING
);
INSERT INTO ACT_SMT VALUES (
    "3e9dd449-60ea-48c4-9c41-19442b2e462b", -- Statement_ID : UNIQUE_ID
    "617888e9-738c-405a-be7e-b873ba1c795b", -- Block_ID : UNIQUE_ID
    "00000000-0000-0000-0000-000000000000", -- Previous_Statement_ID : UNIQUE_ID
    1, -- LineNumber : INTEGER
    1, -- StartPosition : INTEGER
    'return 0' -- Label : STRING
);
INSERT INTO ACT_SMT VALUES (
    "af63e9bc-e6f7-479e-addb-94dc4156e29a", -- Statement_ID : UNIQUE_ID
    "331e1039-6400-4335-b64e-2049412419df", -- Block_ID : UNIQUE_ID
    "00000000-0000-0000-0000-000000000000", -- Previous_Statement_ID : UNIQUE_ID
    1, -- LineNumber : INTEGER
    1, -- StartPosition : INTEGER
    'return true' -- Label : STRING
);
INSERT INTO ACT_SMT VALUES (
    "e752ed4b-9f7f-4a30-b863-0fc1bde0e959", -- Statement_ID : UNIQUE_ID
    "0f21f6f3-5530-4dbb-8b5a-6b1861a4a959", -- Block_ID : UNIQUE_ID
    "00000000-0000-0000-0000-000000000000", -- Previous_Statement_ID : UNIQUE_ID
    1, -- LineNumber : INTEGER
    1, -- StartPosition : INTEGER
    'return true' -- Label : STRING
);
INSERT INTO ACT_SMT VALUES (
    "f1f31d4d-e8e6-46d6-8f47-ae09a9f24909", -- Statement_ID : UNIQUE_ID
    "637a46cc-29b5-4895-b8d6-0026269d91bd", -- Block_ID : UNIQUE_ID
    "d730bbc0-b474-4e9a-b45b-0d3f9cc777ac", -- Previous_Statement_ID : UNIQUE_ID
    3, -- LineNumber : INTEGER
    1, -- StartPosition : INTEGER
    'create object instance employee of EM' -- Label : STRING
);
INSERT INTO ACT_SMT VALUES (
    "d730bbc0-b474-4e9a-b45b-0d3f9cc777ac", -- Statement_ID : UNIQUE_ID
    "637a46cc-29b5-4895-b8d6-0026269d91bd", -- Block_ID : UNIQUE_ID
    "5f8ca2a9-3d4d-47c6-be28-97d78b854209", -- Previous_Statement_ID : UNIQUE_ID
    5, -- LineNumber : INTEGER
    1, -- StartPosition : INTEGER
    'employee.FName = param.FName' -- Label : STRING
);
INSERT INTO ACT_SMT VALUES (
    "5f8ca2a9-3d4d-47c6-be28-97d78b854209", -- Statement_ID : UNIQUE_ID
    "637a46cc-29b5-4895-b8d6-0026269d91bd", -- Block_ID : UNIQUE_ID
    "828c3708-1ec1-4669-b4cb-34e1b5f22eac", -- Previous_Statement_ID : UNIQUE_ID
    6, -- LineNumber : INTEGER
    1, -- StartPosition : INTEGER
    'employee.LName = param.LName' -- Label : STRING
);
INSERT INTO ACT_SMT VALUES (
    "828c3708-1ec1-4669-b4cb-34e1b5f22eac", -- Statement_ID : UNIQUE_ID
    "637a46cc-29b5-4895-b8d6-0026269d91bd", -- Block_ID : UNIQUE_ID
    "00000000-0000-0000-0000-000000000000", -- Previous_Statement_ID : UNIQUE_ID
    7, -- LineNumber : INTEGER
    1, -- StartPosition : INTEGER
    'employee.National_ID = param.National_ID' -- Label : STRING
);
INSERT INTO ACT_SMT VALUES (
    "ddf0f096-c72f-450c-b8f2-cf0bcc77f1f1", -- Statement_ID : UNIQUE_ID
    "fc495f64-a662-4818-8fd0-58be2ace9ea8", -- Block_ID : UNIQUE_ID
    "08ad54c8-83aa-446a-ad97-810022881b18", -- Previous_Statement_ID : UNIQUE_ID
    1, -- LineNumber : INTEGER
    1, -- StartPosition : INTEGER
    'create object instance leave of Leave' -- Label : STRING
);
INSERT INTO ACT_SMT VALUES (
    "08ad54c8-83aa-446a-ad97-810022881b18", -- Statement_ID : UNIQUE_ID
    "fc495f64-a662-4818-8fd0-58be2ace9ea8", -- Block_ID : UNIQUE_ID
    "5301bbd5-957e-4cd9-bbcd-16c6e07bcb60", -- Previous_Statement_ID : UNIQUE_ID
    2, -- LineNumber : INTEGER
    2, -- StartPosition : INTEGER
    'leave.Name = param.Name' -- Label : STRING
);
INSERT INTO ACT_SMT VALUES (
    "5301bbd5-957e-4cd9-bbcd-16c6e07bcb60", -- Statement_ID : UNIQUE_ID
    "fc495f64-a662-4818-8fd0-58be2ace9ea8", -- Block_ID : UNIQUE_ID
    "00000000-0000-0000-0000-000000000000", -- Previous_Statement_ID : UNIQUE_ID
    3, -- LineNumber : INTEGER
    2, -- StartPosition : INTEGER
    'leave.NumberOfAllowedDays = param.NumberOfAllowedDays' -- Label : STRING
);
INSERT INTO ACT_SMT VALUES (
    "b6d441f3-d658-4faa-912f-94a63215d675", -- Statement_ID : UNIQUE_ID
    "8a27ab76-2f90-4950-8d69-9ac941434f1f", -- Block_ID : UNIQUE_ID
    "00000000-0000-0000-0000-000000000000", -- Previous_Statement_ID : UNIQUE_ID
    3, -- LineNumber : INTEGER
    1, -- StartPosition : INTEGER
    'LOG::LogInfo(message:"Waiting for employee to commence." )' -- Label : STRING
);
INSERT INTO ACT_SMT VALUES (
    "2fa5782c-d7cf-4100-b9b5-d563d3f90a60", -- Statement_ID : UNIQUE_ID
    "a9ba84c9-a18a-4588-821a-b0ee45f5a92a", -- Block_ID : UNIQUE_ID
    "67946377-2dd2-4d0f-beb3-5bb5ff2b17bf", -- Previous_Statement_ID : UNIQUE_ID
    2, -- LineNumber : INTEGER
    1, -- StartPosition : INTEGER
    'create object instance assignTo of Employee_Leave' -- Label : STRING
);
INSERT INTO ACT_SMT VALUES (
    "67946377-2dd2-4d0f-beb3-5bb5ff2b17bf", -- Statement_ID : UNIQUE_ID
    "a9ba84c9-a18a-4588-821a-b0ee45f5a92a", -- Block_ID : UNIQUE_ID
    "b82cc66c-267a-4358-9975-325f77a3ed65", -- Previous_Statement_ID : UNIQUE_ID
    4, -- LineNumber : INTEGER
    1, -- StartPosition : INTEGER
    'select any employee from instances of EM where selected.National_ID == rcvd_evt.National_ID' -- Label : STRING
);
INSERT INTO ACT_SMT VALUES (
    "b82cc66c-267a-4358-9975-325f77a3ed65", -- Statement_ID : UNIQUE_ID
    "a9ba84c9-a18a-4588-821a-b0ee45f5a92a", -- Block_ID : UNIQUE_ID
    "7b78c1d0-8895-4e8c-ab14-7be9bfa383b0", -- Previous_Statement_ID : UNIQUE_ID
    6, -- LineNumber : INTEGER
    1, -- StartPosition : INTEGER
    'select any leave from instances of Leave where selected.Name == rcvd_evt.Name' -- Label : STRING
);
INSERT INTO ACT_SMT VALUES (
    "7b78c1d0-8895-4e8c-ab14-7be9bfa383b0", -- Statement_ID : UNIQUE_ID
    "a9ba84c9-a18a-4588-821a-b0ee45f5a92a", -- Block_ID : UNIQUE_ID
    "6e7d74de-85e9-4aab-a48a-0a462c06961f", -- Previous_Statement_ID : UNIQUE_ID
    8, -- LineNumber : INTEGER
    1, -- StartPosition : INTEGER
    'relate employee to leave across R1 using assignTo' -- Label : STRING
);
INSERT INTO ACT_SMT VALUES (
    "6e7d74de-85e9-4aab-a48a-0a462c06961f", -- Statement_ID : UNIQUE_ID
    "a9ba84c9-a18a-4588-821a-b0ee45f5a92a", -- Block_ID : UNIQUE_ID
    "006c7193-8320-48e6-a399-506d2c4c169e", -- Previous_Statement_ID : UNIQUE_ID
    10, -- LineNumber : INTEGER
    1, -- StartPosition : INTEGER
    'LOG::LogInfo(message: employee.FName+" "+employee.LName)' -- Label : STRING
);
INSERT INTO ACT_SMT VALUES (
    "006c7193-8320-48e6-a399-506d2c4c169e", -- Statement_ID : UNIQUE_ID
    "a9ba84c9-a18a-4588-821a-b0ee45f5a92a", -- Block_ID : UNIQUE_ID
    "e166b452-b46e-4102-b7dd-cbb72b8e3ac1", -- Previous_Statement_ID : UNIQUE_ID
    11, -- LineNumber : INTEGER
    1, -- StartPosition : INTEGER
    'assignTo.Starting = rcvd_evt.Starting' -- Label : STRING
);
INSERT INTO ACT_SMT VALUES (
    "e166b452-b46e-4102-b7dd-cbb72b8e3ac1", -- Statement_ID : UNIQUE_ID
    "a9ba84c9-a18a-4588-821a-b0ee45f5a92a", -- Block_ID : UNIQUE_ID
    "11e2e104-5036-459a-a7c2-780cfb3e96be", -- Previous_Statement_ID : UNIQUE_ID
    13, -- LineNumber : INTEGER
    1, -- StartPosition : INTEGER
    'assignTo.Ending = rcvd_evt.Ending' -- Label : STRING
);
INSERT INTO ACT_SMT VALUES (
    "11e2e104-5036-459a-a7c2-780cfb3e96be", -- Statement_ID : UNIQUE_ID
    "a9ba84c9-a18a-4588-821a-b0ee45f5a92a", -- Block_ID : UNIQUE_ID
    "f561b6a3-d83f-4b0b-ab0b-2876572eee70", -- Previous_Statement_ID : UNIQUE_ID
    15, -- LineNumber : INTEGER
    1, -- StartPosition : INTEGER
    'LOG::LogInfo(message:"Requested"+ leave.Name +"leave")' -- Label : STRING
);
INSERT INTO ACT_SMT VALUES (
    "f561b6a3-d83f-4b0b-ab0b-2876572eee70", -- Statement_ID : UNIQUE_ID
    "a9ba84c9-a18a-4588-821a-b0ee45f5a92a", -- Block_ID : UNIQUE_ID
    "00ea5e3e-aff9-4dec-a181-6e1ccbb4baad", -- Previous_Statement_ID : UNIQUE_ID
    16, -- LineNumber : INTEGER
    1, -- StartPosition : INTEGER
    'LOG::LogInfo(message:"From"+ assignTo.Starting)' -- Label : STRING
);
INSERT INTO ACT_SMT VALUES (
    "00ea5e3e-aff9-4dec-a181-6e1ccbb4baad", -- Statement_ID : UNIQUE_ID
    "a9ba84c9-a18a-4588-821a-b0ee45f5a92a", -- Block_ID : UNIQUE_ID
    "00000000-0000-0000-0000-000000000000", -- Previous_Statement_ID : UNIQUE_ID
    17, -- LineNumber : INTEGER
    1, -- StartPosition : INTEGER
    'LOG::LogInfo(message:"To"+ assignTo.Ending)' -- Label : STRING
);
INSERT INTO ACT_SMT VALUES (
    "3d0eb8cd-baeb-4afd-802e-a38c8989b4e6", -- Statement_ID : UNIQUE_ID
    "fee5d401-ae92-4541-b2aa-73f06b67248a", -- Block_ID : UNIQUE_ID
    "00000000-0000-0000-0000-000000000000", -- Previous_Statement_ID : UNIQUE_ID
    2, -- LineNumber : INTEGER
    1, -- StartPosition : INTEGER
    '::Reply( msg:param.msg, state:param.state )' -- Label : STRING
);
INSERT INTO ACT_SMT VALUES (
    "d532283b-8c38-44e2-ba7e-3c1087eb4b53", -- Statement_ID : UNIQUE_ID
    "92f6d78f-3789-4e61-a009-8d93795c1858", -- Block_ID : UNIQUE_ID
    "be934fb6-8601-4324-b23a-264b4cdeff28", -- Previous_Statement_ID : UNIQUE_ID
    2, -- LineNumber : INTEGER
    1, -- StartPosition : INTEGER
    'LOG::LogInfo(message:"Attempting to add a new Employee." )' -- Label : STRING
);
INSERT INTO ACT_SMT VALUES (
    "be934fb6-8601-4324-b23a-264b4cdeff28", -- Statement_ID : UNIQUE_ID
    "92f6d78f-3789-4e61-a009-8d93795c1858", -- Block_ID : UNIQUE_ID
    "a5dbab58-3070-4849-bbed-38c3b248e63a", -- Previous_Statement_ID : UNIQUE_ID
    3, -- LineNumber : INTEGER
    1, -- StartPosition : INTEGER
    'select any employee from instances of EM where selected.National_ID==param.National_ID' -- Label : STRING
);
INSERT INTO ACT_SMT VALUES (
    "a5dbab58-3070-4849-bbed-38c3b248e63a", -- Statement_ID : UNIQUE_ID
    "92f6d78f-3789-4e61-a009-8d93795c1858", -- Block_ID : UNIQUE_ID
    "00000000-0000-0000-0000-000000000000", -- Previous_Statement_ID : UNIQUE_ID
    4, -- LineNumber : INTEGER
    1, -- StartPosition : INTEGER
    'if ( empty employee )
	//create object instance employee of Employee;
	employee.createEmployee( FName:param.FName, LName:param.LName, National_ID: param.National_ID);	
	UI::Reply( msg:"Employee added successfully.", state:True);
else 
	
	LOG::LogInfo(message:"Employee already exists." );	
	UI::Reply( msg:"Employee already exists", state:False);
end if' -- Label : STRING
);
INSERT INTO ACT_SMT VALUES (
    "9fc9d56a-283c-40ba-9f6c-cde46790a722", -- Statement_ID : UNIQUE_ID
    "8ebc7d09-d85b-4d33-8fc8-f59f6c66f62d", -- Block_ID : UNIQUE_ID
    "7801066c-d727-444d-818a-7d580969e909", -- Previous_Statement_ID : UNIQUE_ID
    6, -- LineNumber : INTEGER
    2, -- StartPosition : INTEGER
    'employee.createEmployee( FName:param.FName, LName:param.LName, National_ID: param.National_ID)' -- Label : STRING
);
INSERT INTO ACT_SMT VALUES (
    "7801066c-d727-444d-818a-7d580969e909", -- Statement_ID : UNIQUE_ID
    "8ebc7d09-d85b-4d33-8fc8-f59f6c66f62d", -- Block_ID : UNIQUE_ID
    "00000000-0000-0000-0000-000000000000", -- Previous_Statement_ID : UNIQUE_ID
    7, -- LineNumber : INTEGER
    2, -- StartPosition : INTEGER
    'UI::Reply( msg:"Employee added successfully.", state:True)' -- Label : STRING
);
INSERT INTO ACT_SMT VALUES (
    "060639f8-5369-427a-8f95-17baddc41a4e", -- Statement_ID : UNIQUE_ID
    "92f6d78f-3789-4e61-a009-8d93795c1858", -- Block_ID : UNIQUE_ID
    "00000000-0000-0000-0000-000000000000", -- Previous_Statement_ID : UNIQUE_ID
    8, -- LineNumber : INTEGER
    1, -- StartPosition : INTEGER
    'else 
	
	LOG::LogInfo(message:"Employee already exists." );	
	UI::Reply( msg:"Employee already exists", state:False);' -- Label : STRING
);
INSERT INTO ACT_SMT VALUES (
    "f2e0166d-099f-48a1-b1a5-1ea76804f6cc", -- Statement_ID : UNIQUE_ID
    "cc56478f-1c04-44f6-894c-3c43f9717460", -- Block_ID : UNIQUE_ID
    "088fef5c-a12b-4ee8-b1db-54bbdecc8b95", -- Previous_Statement_ID : UNIQUE_ID
    10, -- LineNumber : INTEGER
    2, -- StartPosition : INTEGER
    'LOG::LogInfo(message:"Employee already exists." )' -- Label : STRING
);
INSERT INTO ACT_SMT VALUES (
    "088fef5c-a12b-4ee8-b1db-54bbdecc8b95", -- Statement_ID : UNIQUE_ID
    "cc56478f-1c04-44f6-894c-3c43f9717460", -- Block_ID : UNIQUE_ID
    "00000000-0000-0000-0000-000000000000", -- Previous_Statement_ID : UNIQUE_ID
    11, -- LineNumber : INTEGER
    2, -- StartPosition : INTEGER
    'UI::Reply( msg:"Employee already exists", state:False)' -- Label : STRING
);
INSERT INTO ACT_SMT VALUES (
    "2399c61c-4c85-448a-8b19-30ceabc87695", -- Statement_ID : UNIQUE_ID
    "c1982ebe-d5bf-495b-ac12-2e3f0c66c2cd", -- Block_ID : UNIQUE_ID
    "61c5cb76-4b63-4b96-a4ef-7448aa2375ee", -- Previous_Statement_ID : UNIQUE_ID
    1, -- LineNumber : INTEGER
    1, -- StartPosition : INTEGER
    'LOG::LogInfo(message:"An employee attempts to commence." )' -- Label : STRING
);
INSERT INTO ACT_SMT VALUES (
    "61c5cb76-4b63-4b96-a4ef-7448aa2375ee", -- Statement_ID : UNIQUE_ID
    "c1982ebe-d5bf-495b-ac12-2e3f0c66c2cd", -- Block_ID : UNIQUE_ID
    "fa548e0d-e6c6-4ba7-a96d-a6e85466484e", -- Previous_Statement_ID : UNIQUE_ID
    3, -- LineNumber : INTEGER
    1, -- StartPosition : INTEGER
    'select any employee from instances of EM where selected.National_ID==param.National_ID' -- Label : STRING
);
INSERT INTO ACT_SMT VALUES (
    "fa548e0d-e6c6-4ba7-a96d-a6e85466484e", -- Statement_ID : UNIQUE_ID
    "c1982ebe-d5bf-495b-ac12-2e3f0c66c2cd", -- Block_ID : UNIQUE_ID
    "00000000-0000-0000-0000-000000000000", -- Previous_Statement_ID : UNIQUE_ID
    4, -- LineNumber : INTEGER
    1, -- StartPosition : INTEGER
    'if ( not empty employee )
	generate EM2:commencedRcvd() to employee;
	employee.Start_Date = TIM::current_date();
	UI::Reply( msg:"Employee has commenced ", state:True);

else 
	LOG::LogInfo(message:"Employee is not registered!" );
	UI::Reply( msg:"Employee is not found.", state:False);
end if' -- Label : STRING
);
INSERT INTO ACT_SMT VALUES (
    "731526f7-a57b-4356-a3c3-8d05b2295c4d", -- Statement_ID : UNIQUE_ID
    "c2c01181-f324-485b-84a7-d2aee5c272c3", -- Block_ID : UNIQUE_ID
    "16dbc656-8d75-49bd-9630-b34cc414f4eb", -- Previous_Statement_ID : UNIQUE_ID
    5, -- LineNumber : INTEGER
    2, -- StartPosition : INTEGER
    'generate EM2:commencedRcvd() to employee' -- Label : STRING
);
INSERT INTO ACT_SMT VALUES (
    "16dbc656-8d75-49bd-9630-b34cc414f4eb", -- Statement_ID : UNIQUE_ID
    "c2c01181-f324-485b-84a7-d2aee5c272c3", -- Block_ID : UNIQUE_ID
    "bb2dd666-c9cd-456d-bff5-594842900a3d", -- Previous_Statement_ID : UNIQUE_ID
    6, -- LineNumber : INTEGER
    2, -- StartPosition : INTEGER
    'employee.Start_Date = TIM::current_date()' -- Label : STRING
);
INSERT INTO ACT_SMT VALUES (
    "bb2dd666-c9cd-456d-bff5-594842900a3d", -- Statement_ID : UNIQUE_ID
    "c2c01181-f324-485b-84a7-d2aee5c272c3", -- Block_ID : UNIQUE_ID
    "00000000-0000-0000-0000-000000000000", -- Previous_Statement_ID : UNIQUE_ID
    7, -- LineNumber : INTEGER
    2, -- StartPosition : INTEGER
    'UI::Reply( msg:"Employee has commenced ", state:True)' -- Label : STRING
);
INSERT INTO ACT_SMT VALUES (
    "d2c82e16-5395-4155-9e82-e5b3e98b6b1f", -- Statement_ID : UNIQUE_ID
    "c1982ebe-d5bf-495b-ac12-2e3f0c66c2cd", -- Block_ID : UNIQUE_ID
    "00000000-0000-0000-0000-000000000000", -- Previous_Statement_ID : UNIQUE_ID
    9, -- LineNumber : INTEGER
    1, -- StartPosition : INTEGER
    'else 
	LOG::LogInfo(message:"Employee is not registered!" );
	UI::Reply( msg:"Employee is not found.", state:False);' -- Label : STRING
);
INSERT INTO ACT_SMT VALUES (
    "76315b26-e621-4405-9af2-fb3081b96e88", -- Statement_ID : UNIQUE_ID
    "c4c1543f-44c2-4dbe-9c1f-87ac503cebce", -- Block_ID : UNIQUE_ID
    "b6d5f37b-bbe5-4e96-b290-2fafbe0784b5", -- Previous_Statement_ID : UNIQUE_ID
    10, -- LineNumber : INTEGER
    2, -- StartPosition : INTEGER
    'LOG::LogInfo(message:"Employee is not registered!" )' -- Label : STRING
);
INSERT INTO ACT_SMT VALUES (
    "b6d5f37b-bbe5-4e96-b290-2fafbe0784b5", -- Statement_ID : UNIQUE_ID
    "c4c1543f-44c2-4dbe-9c1f-87ac503cebce", -- Block_ID : UNIQUE_ID
    "00000000-0000-0000-0000-000000000000", -- Previous_Statement_ID : UNIQUE_ID
    11, -- LineNumber : INTEGER
    2, -- StartPosition : INTEGER
    'UI::Reply( msg:"Employee is not found.", state:False)' -- Label : STRING
);
INSERT INTO ACT_SMT VALUES (
    "1bdbec5c-a103-4cd8-ba66-f16662f45d87", -- Statement_ID : UNIQUE_ID
    "31eb499c-448d-4570-8c74-76a6918bba97", -- Block_ID : UNIQUE_ID
    "915a1511-0e4b-4206-929f-e092000d2563", -- Previous_Statement_ID : UNIQUE_ID
    2, -- LineNumber : INTEGER
    1, -- StartPosition : INTEGER
    'select any leave from instances of Leave where selected.Name==param.Name' -- Label : STRING
);
INSERT INTO ACT_SMT VALUES (
    "915a1511-0e4b-4206-929f-e092000d2563", -- Statement_ID : UNIQUE_ID
    "31eb499c-448d-4570-8c74-76a6918bba97", -- Block_ID : UNIQUE_ID
    "00000000-0000-0000-0000-000000000000", -- Previous_Statement_ID : UNIQUE_ID
    3, -- LineNumber : INTEGER
    1, -- StartPosition : INTEGER
    'if ( empty leave )
	//leave.createLeave( Name:param.Name, NumberOfAllowedDays:param.NumberOfAllowedDays);
	create object instance leave of Leave;
	leave.Name = param.Name;
	leave.NumberOfAllowedDays = param.NumberOfAllowedDays;

	
	UI::Reply( msg:"Leave created successfully.", state:True);
else 
	
	LOG::LogInfo(message:"Leave already exists!" );
	//LOG::LogInfo(message:"Updating details." );
	//employee.FName = param.FName;
	//employee.LName = param.LName;	
	//UI::Reply( msg:"Employee already exists", state:False);
end if' -- Label : STRING
);
INSERT INTO ACT_SMT VALUES (
    "9fa47356-5370-485d-8379-78ef6f8f420c", -- Statement_ID : UNIQUE_ID
    "982566f7-87a7-4afc-9960-15b392c9fae6", -- Block_ID : UNIQUE_ID
    "c9235363-9ed0-40ae-ba81-ad28c60a19bd", -- Previous_Statement_ID : UNIQUE_ID
    5, -- LineNumber : INTEGER
    2, -- StartPosition : INTEGER
    'create object instance leave of Leave' -- Label : STRING
);
INSERT INTO ACT_SMT VALUES (
    "c9235363-9ed0-40ae-ba81-ad28c60a19bd", -- Statement_ID : UNIQUE_ID
    "982566f7-87a7-4afc-9960-15b392c9fae6", -- Block_ID : UNIQUE_ID
    "2ede0985-505a-4c26-a8be-0524397c56db", -- Previous_Statement_ID : UNIQUE_ID
    6, -- LineNumber : INTEGER
    2, -- StartPosition : INTEGER
    'leave.Name = param.Name' -- Label : STRING
);
INSERT INTO ACT_SMT VALUES (
    "2ede0985-505a-4c26-a8be-0524397c56db", -- Statement_ID : UNIQUE_ID
    "982566f7-87a7-4afc-9960-15b392c9fae6", -- Block_ID : UNIQUE_ID
    "b4732e7d-e549-48c1-9119-243158082170", -- Previous_Statement_ID : UNIQUE_ID
    7, -- LineNumber : INTEGER
    2, -- StartPosition : INTEGER
    'leave.NumberOfAllowedDays = param.NumberOfAllowedDays' -- Label : STRING
);
INSERT INTO ACT_SMT VALUES (
    "b4732e7d-e549-48c1-9119-243158082170", -- Statement_ID : UNIQUE_ID
    "982566f7-87a7-4afc-9960-15b392c9fae6", -- Block_ID : UNIQUE_ID
    "00000000-0000-0000-0000-000000000000", -- Previous_Statement_ID : UNIQUE_ID
    10, -- LineNumber : INTEGER
    2, -- StartPosition : INTEGER
    'UI::Reply( msg:"Leave created successfully.", state:True)' -- Label : STRING
);
INSERT INTO ACT_SMT VALUES (
    "caad49df-7992-4962-ab21-d06855a0f5e8", -- Statement_ID : UNIQUE_ID
    "31eb499c-448d-4570-8c74-76a6918bba97", -- Block_ID : UNIQUE_ID
    "00000000-0000-0000-0000-000000000000", -- Previous_Statement_ID : UNIQUE_ID
    11, -- LineNumber : INTEGER
    1, -- StartPosition : INTEGER
    'else 
	
	LOG::LogInfo(message:"Leave already exists!" );' -- Label : STRING
);
INSERT INTO ACT_SMT VALUES (
    "7db25839-08d9-4910-9aad-e2368760b742", -- Statement_ID : UNIQUE_ID
    "e631e51e-a320-41e8-85aa-fc5b234da585", -- Block_ID : UNIQUE_ID
    "00000000-0000-0000-0000-000000000000", -- Previous_Statement_ID : UNIQUE_ID
    13, -- LineNumber : INTEGER
    2, -- StartPosition : INTEGER
    'LOG::LogInfo(message:"Leave already exists!" )' -- Label : STRING
);
INSERT INTO ACT_SMT VALUES (
    "84462497-0fd8-402d-aad2-22f0636c529d", -- Statement_ID : UNIQUE_ID
    "7720eee9-7437-4ddb-83f6-5d35cd6390b5", -- Block_ID : UNIQUE_ID
    "b9b90640-c00c-44f2-8162-db3dc21e56dc", -- Previous_Statement_ID : UNIQUE_ID
    3, -- LineNumber : INTEGER
    1, -- StartPosition : INTEGER
    'select any employee from instances of EM where selected.National_ID==param.National_ID' -- Label : STRING
);
INSERT INTO ACT_SMT VALUES (
    "b9b90640-c00c-44f2-8162-db3dc21e56dc", -- Statement_ID : UNIQUE_ID
    "7720eee9-7437-4ddb-83f6-5d35cd6390b5", -- Block_ID : UNIQUE_ID
    "00000000-0000-0000-0000-000000000000", -- Previous_Statement_ID : UNIQUE_ID
    4, -- LineNumber : INTEGER
    1, -- StartPosition : INTEGER
    'if ( not empty employee )
	generate EM3:requestLeave(Starting:param.Starting, Ending:param.Ending, Name:param.Name, National_ID:param.National_ID) to employee;
	UI::Reply( msg:"Employee has requested leave successfully ", state:True);

else 
	LOG::LogInfo(message:"Employee is not registered!" );
	UI::Reply( msg:"Employee is not found.", state:False);
end if' -- Label : STRING
);
INSERT INTO ACT_SMT VALUES (
    "bce3b748-eeec-47bc-88f9-68bf2be0129c", -- Statement_ID : UNIQUE_ID
    "218f8a5b-f1ea-4276-b3e1-b8914dfe2614", -- Block_ID : UNIQUE_ID
    "43e48eba-7eae-43ea-8f64-71700305d03c", -- Previous_Statement_ID : UNIQUE_ID
    5, -- LineNumber : INTEGER
    2, -- StartPosition : INTEGER
    'generate EM3:requestLeave(Starting:param.Starting, Ending:param.Ending, Name:param.Name, National_ID:param.National_ID) to employee' -- Label : STRING
);
INSERT INTO ACT_SMT VALUES (
    "43e48eba-7eae-43ea-8f64-71700305d03c", -- Statement_ID : UNIQUE_ID
    "218f8a5b-f1ea-4276-b3e1-b8914dfe2614", -- Block_ID : UNIQUE_ID
    "00000000-0000-0000-0000-000000000000", -- Previous_Statement_ID : UNIQUE_ID
    6, -- LineNumber : INTEGER
    2, -- StartPosition : INTEGER
    'UI::Reply( msg:"Employee has requested leave successfully ", state:True)' -- Label : STRING
);
INSERT INTO ACT_SMT VALUES (
    "99145cb9-cfcd-4e35-9841-56db8e5a9ecf", -- Statement_ID : UNIQUE_ID
    "7720eee9-7437-4ddb-83f6-5d35cd6390b5", -- Block_ID : UNIQUE_ID
    "00000000-0000-0000-0000-000000000000", -- Previous_Statement_ID : UNIQUE_ID
    8, -- LineNumber : INTEGER
    1, -- StartPosition : INTEGER
    'else 
	LOG::LogInfo(message:"Employee is not registered!" );
	UI::Reply( msg:"Employee is not found.", state:False);' -- Label : STRING
);
INSERT INTO ACT_SMT VALUES (
    "5128ea5a-77cd-43ab-8f57-5a1c4198871b", -- Statement_ID : UNIQUE_ID
    "4e90611d-295f-4d4b-8572-b45ba8f57027", -- Block_ID : UNIQUE_ID
    "a24e9fee-6aec-4136-a44b-9a8e47c6076e", -- Previous_Statement_ID : UNIQUE_ID
    9, -- LineNumber : INTEGER
    2, -- StartPosition : INTEGER
    'LOG::LogInfo(message:"Employee is not registered!" )' -- Label : STRING
);
INSERT INTO ACT_SMT VALUES (
    "a24e9fee-6aec-4136-a44b-9a8e47c6076e", -- Statement_ID : UNIQUE_ID
    "4e90611d-295f-4d4b-8572-b45ba8f57027", -- Block_ID : UNIQUE_ID
    "00000000-0000-0000-0000-000000000000", -- Previous_Statement_ID : UNIQUE_ID
    10, -- LineNumber : INTEGER
    2, -- StartPosition : INTEGER
    'UI::Reply( msg:"Employee is not found.", state:False)' -- Label : STRING
);
INSERT INTO ACT_SMT VALUES (
    "cc5a55bb-f0ba-436c-ab1f-415427a844e2", -- Statement_ID : UNIQUE_ID
    "f2fc9a85-222e-4958-b1b9-23c7a399e02f", -- Block_ID : UNIQUE_ID
    "203ddf6f-4a06-4aec-9ff1-84ad34de0d32", -- Previous_Statement_ID : UNIQUE_ID
    3, -- LineNumber : INTEGER
    1, -- StartPosition : INTEGER
    'select any employee from instances of EM where selected.National_ID==param.National_ID' -- Label : STRING
);
INSERT INTO ACT_SMT VALUES (
    "203ddf6f-4a06-4aec-9ff1-84ad34de0d32", -- Statement_ID : UNIQUE_ID
    "f2fc9a85-222e-4958-b1b9-23c7a399e02f", -- Block_ID : UNIQUE_ID
    "00000000-0000-0000-0000-000000000000", -- Previous_Statement_ID : UNIQUE_ID
    4, -- LineNumber : INTEGER
    1, -- StartPosition : INTEGER
    'if ( not empty employee )
	generate EM4:returnFromLeave() to employee;
	UI::Reply( msg:"Employee request is successfull ", state:True);

else 
	LOG::LogInfo(message:"Employee is not registered!" );
	UI::Reply( msg:"Employee is not found.", state:False);
end if' -- Label : STRING
);
INSERT INTO ACT_SMT VALUES (
    "45c4a817-933f-43ad-a6f8-90bd514e241b", -- Statement_ID : UNIQUE_ID
    "bde88271-405f-41ff-9470-a01e767d19b8", -- Block_ID : UNIQUE_ID
    "3d4d1d95-383c-4a4b-bf3d-ee8c869d837e", -- Previous_Statement_ID : UNIQUE_ID
    5, -- LineNumber : INTEGER
    2, -- StartPosition : INTEGER
    'generate EM4:returnFromLeave() to employee' -- Label : STRING
);
INSERT INTO ACT_SMT VALUES (
    "3d4d1d95-383c-4a4b-bf3d-ee8c869d837e", -- Statement_ID : UNIQUE_ID
    "bde88271-405f-41ff-9470-a01e767d19b8", -- Block_ID : UNIQUE_ID
    "00000000-0000-0000-0000-000000000000", -- Previous_Statement_ID : UNIQUE_ID
    6, -- LineNumber : INTEGER
    2, -- StartPosition : INTEGER
    'UI::Reply( msg:"Employee request is successfull ", state:True)' -- Label : STRING
);
INSERT INTO ACT_SMT VALUES (
    "3709b828-c645-4f02-8392-d7787a14fe8c", -- Statement_ID : UNIQUE_ID
    "f2fc9a85-222e-4958-b1b9-23c7a399e02f", -- Block_ID : UNIQUE_ID
    "00000000-0000-0000-0000-000000000000", -- Previous_Statement_ID : UNIQUE_ID
    8, -- LineNumber : INTEGER
    1, -- StartPosition : INTEGER
    'else 
	LOG::LogInfo(message:"Employee is not registered!" );
	UI::Reply( msg:"Employee is not found.", state:False);' -- Label : STRING
);
INSERT INTO ACT_SMT VALUES (
    "5c1b453e-261b-4d2f-9728-1444821ed2e9", -- Statement_ID : UNIQUE_ID
    "c24517cb-3b96-4ee1-b80f-7cae152e41eb", -- Block_ID : UNIQUE_ID
    "3459bc01-f0ff-46fc-8bf6-ad56a1dedaf9", -- Previous_Statement_ID : UNIQUE_ID
    9, -- LineNumber : INTEGER
    2, -- StartPosition : INTEGER
    'LOG::LogInfo(message:"Employee is not registered!" )' -- Label : STRING
);
INSERT INTO ACT_SMT VALUES (
    "3459bc01-f0ff-46fc-8bf6-ad56a1dedaf9", -- Statement_ID : UNIQUE_ID
    "c24517cb-3b96-4ee1-b80f-7cae152e41eb", -- Block_ID : UNIQUE_ID
    "00000000-0000-0000-0000-000000000000", -- Previous_Statement_ID : UNIQUE_ID
    10, -- LineNumber : INTEGER
    2, -- StartPosition : INTEGER
    'UI::Reply( msg:"Employee is not found.", state:False)' -- Label : STRING
);
INSERT INTO ACT_TAB VALUES (
    "aed6b9f2-e8d3-43a1-8258-620a2a008c5b", -- Action_ID : UNIQUE_ID
    "7b5f90bd-656f-4bc9-83bf-771ed45973b0", -- SM_ID : UNIQUE_ID
    "becd648f-4aa1-43ca-9b3a-d3fc35c0fd00" -- Act_ID : UNIQUE_ID
);
INSERT INTO ACT_TAB VALUES (
    "3f9d813a-e055-4896-9a89-a993ba76b98e", -- Action_ID : UNIQUE_ID
    "7b5f90bd-656f-4bc9-83bf-771ed45973b0", -- SM_ID : UNIQUE_ID
    "2eea53ae-45bf-4e1b-9a3a-76c983a8c86d" -- Act_ID : UNIQUE_ID
);
INSERT INTO ACT_TAB VALUES (
    "2d93b727-ce2b-43eb-8082-7c9be13f5d3d", -- Action_ID : UNIQUE_ID
    "7b5f90bd-656f-4bc9-83bf-771ed45973b0", -- SM_ID : UNIQUE_ID
    "f76ef568-b5ee-40e0-a3a7-f26577210d8c" -- Act_ID : UNIQUE_ID
);
INSERT INTO ACT_TAB VALUES (
    "8aa250c7-3c9b-4017-ac50-7a46edcd299e", -- Action_ID : UNIQUE_ID
    "7b5f90bd-656f-4bc9-83bf-771ed45973b0", -- SM_ID : UNIQUE_ID
    "fe966243-d5c4-4678-af5d-fa32124c3d98" -- Act_ID : UNIQUE_ID
);
INSERT INTO ACT_TAB VALUES (
    "de8ac88c-91c1-4770-a94d-1c1bcf84b5f6", -- Action_ID : UNIQUE_ID
    "7b5f90bd-656f-4bc9-83bf-771ed45973b0", -- SM_ID : UNIQUE_ID
    "ff332fd4-c6ca-4c03-bda1-cdb9c0e5c497" -- Act_ID : UNIQUE_ID
);
INSERT INTO ACT_TAB VALUES (
    "bd2beb9d-b65e-4c4f-9620-f619eb051185", -- Action_ID : UNIQUE_ID
    "7b5f90bd-656f-4bc9-83bf-771ed45973b0", -- SM_ID : UNIQUE_ID
    "b7ed9c70-c12c-40b6-9feb-3e3948176b29" -- Act_ID : UNIQUE_ID
);
INSERT INTO ACT_TAB VALUES (
    "e4939887-359c-4bda-bfcf-69b1cd35401d", -- Action_ID : UNIQUE_ID
    "7b5f90bd-656f-4bc9-83bf-771ed45973b0", -- SM_ID : UNIQUE_ID
    "bc2ac0ca-eec2-4d57-883a-2b40dc35c844" -- Act_ID : UNIQUE_ID
);
INSERT INTO ACT_TFM VALUES (
    "9fc9d56a-283c-40ba-9f6c-cde46790a722", -- Statement_ID : UNIQUE_ID
    "405baa66-75e7-4b59-bf9b-44fc101b3b87", -- Tfr_ID : UNIQUE_ID
    "8be026fd-5da4-415d-b400-35a40025b08f", -- Var_ID : UNIQUE_ID
    0, -- operationNameLineNumber : INTEGER
    0, -- operationNameColumn : INTEGER
    0, -- modelClassKeyLettersLineNumber : INTEGER
    0 -- modelClassKeyLettersColumn : INTEGER
);
INSERT INTO ACT_WHL VALUES (
    "75fd48b1-88a7-46c0-9497-d32aeae48531", -- Statement_ID : UNIQUE_ID
    "ad714699-f022-4dcf-8541-9f907c25fcd7", -- Value_ID : UNIQUE_ID
    "6afb6373-c364-47b8-b564-9d501b7a8004" -- Block_ID : UNIQUE_ID
);
INSERT INTO CL_IC VALUES (
    "98cffd3c-1858-4d8d-9ddc-cdd45128cdb4", -- Id : UNIQUE_ID
    "d81dc79e-6692-4a39-b6d9-f5fc0b765726", -- AssignedComp_Id : UNIQUE_ID
    "00000000-0000-0000-0000-000000000000", -- ParentComp_Id : UNIQUE_ID
    "00000000-0000-0000-0000-000000000000", -- Component_Package_ID : UNIQUE_ID
    0, -- Mult : INTEGER
    '', -- ClassifierName : STRING
    'HRUI::UI::UI', -- Name : STRING
    '' -- Descrip : STRING
);
INSERT INTO CL_IC VALUES (
    "9f7504ac-7964-4c2b-a349-eb4a04d9ae61", -- Id : UNIQUE_ID
    "8e4782c3-9567-4154-87b3-67069634e7a5", -- AssignedComp_Id : UNIQUE_ID
    "00000000-0000-0000-0000-000000000000", -- ParentComp_Id : UNIQUE_ID
    "00000000-0000-0000-0000-000000000000", -- Component_Package_ID : UNIQUE_ID
    0, -- Mult : INTEGER
    '', -- ClassifierName : STRING
    'hrm::hrm::hr', -- Name : STRING
    '' -- Descrip : STRING
);
INSERT INTO CL_IIR VALUES (
    "a8463b2d-5c1f-4467-a839-254817b3c603", -- Id : UNIQUE_ID
    "3c565891-207b-4f8f-906f-7a28c50fa9aa", -- Ref_Id : UNIQUE_ID
    "88453b8a-ade4-4837-9aa6-8c121a03f26f", -- CL_POR_Id : UNIQUE_ID
    "00000000-0000-0000-0000-000000000000", -- Delegation_Id : UNIQUE_ID
    'EP', -- Name : STRING
    '' -- Descrip : STRING
);
INSERT INTO CL_IIR VALUES (
    "e03f839d-13c1-43cc-8b7c-e14c6059f664", -- Id : UNIQUE_ID
    "5cb88558-711f-4c4f-9d8a-f7db7239c228", -- Ref_Id : UNIQUE_ID
    "05e1a542-a93f-4592-86c8-4aeeca8966e3", -- CL_POR_Id : UNIQUE_ID
    "00000000-0000-0000-0000-000000000000", -- Delegation_Id : UNIQUE_ID
    'Leave', -- Name : STRING
    '' -- Descrip : STRING
);
INSERT INTO CL_IIR VALUES (
    "9b73202e-096b-42fd-93cf-ffe8c0e65140", -- Id : UNIQUE_ID
    "e211a314-f4cf-4d96-ab5d-86594500f9c9", -- Ref_Id : UNIQUE_ID
    "bb4298f1-7eda-4002-8f5d-c76436ab8c65", -- CL_POR_Id : UNIQUE_ID
    "00000000-0000-0000-0000-000000000000", -- Delegation_Id : UNIQUE_ID
    'EP', -- Name : STRING
    '' -- Descrip : STRING
);
INSERT INTO CL_IIR VALUES (
    "1368e387-84af-424a-bfd0-e0208f801d44", -- Id : UNIQUE_ID
    "c35b9fa4-4616-416a-9786-5ec0aff91faf", -- Ref_Id : UNIQUE_ID
    "9bd665d0-871a-405e-8528-042069904cff", -- CL_POR_Id : UNIQUE_ID
    "00000000-0000-0000-0000-000000000000", -- Delegation_Id : UNIQUE_ID
    'Leave', -- Name : STRING
    '' -- Descrip : STRING
);
INSERT INTO CL_IP VALUES (
    "9b73202e-096b-42fd-93cf-ffe8c0e65140", -- Id : UNIQUE_ID
    'EP', -- Name : STRING
    '' -- Descrip : STRING
);
INSERT INTO CL_IP VALUES (
    "1368e387-84af-424a-bfd0-e0208f801d44", -- Id : UNIQUE_ID
    'Leave', -- Name : STRING
    '' -- Descrip : STRING
);
INSERT INTO CL_IPINS VALUES (
    "c6cf3541-75f0-4e04-940a-cc13cefd3a32", -- Satisfaction_Id : UNIQUE_ID
    "9b73202e-096b-42fd-93cf-ffe8c0e65140" -- ImportedProvision_Id : UNIQUE_ID
);
INSERT INTO CL_IPINS VALUES (
    "27dc53aa-55fd-4f15-9614-0b7a457a4ef2", -- Satisfaction_Id : UNIQUE_ID
    "1368e387-84af-424a-bfd0-e0208f801d44" -- ImportedProvision_Id : UNIQUE_ID
);
INSERT INTO CL_IR VALUES (
    "a8463b2d-5c1f-4467-a839-254817b3c603", -- Id : UNIQUE_ID
    "c6cf3541-75f0-4e04-940a-cc13cefd3a32", -- Satisfaction_Element_Id : UNIQUE_ID
    'EP', -- Name : STRING
    '' -- Descrip : STRING
);
INSERT INTO CL_IR VALUES (
    "e03f839d-13c1-43cc-8b7c-e14c6059f664", -- Id : UNIQUE_ID
    "27dc53aa-55fd-4f15-9614-0b7a457a4ef2", -- Satisfaction_Element_Id : UNIQUE_ID
    'Leave', -- Name : STRING
    '' -- Descrip : STRING
);
INSERT INTO CL_POR VALUES (
    "98cffd3c-1858-4d8d-9ddc-cdd45128cdb4", -- CL_IC_Id : UNIQUE_ID
    "d8aeacb7-ad9c-4082-9867-d8dc363f53b7", -- C_PO_Id : UNIQUE_ID
    'App', -- Name : STRING
    "88453b8a-ade4-4837-9aa6-8c121a03f26f" -- Id : UNIQUE_ID
);
INSERT INTO CL_POR VALUES (
    "98cffd3c-1858-4d8d-9ddc-cdd45128cdb4", -- CL_IC_Id : UNIQUE_ID
    "4956a811-904a-4f5c-b789-62aa2382d543", -- C_PO_Id : UNIQUE_ID
    'App_Leave', -- Name : STRING
    "05e1a542-a93f-4592-86c8-4aeeca8966e3" -- Id : UNIQUE_ID
);
INSERT INTO CL_POR VALUES (
    "9f7504ac-7964-4c2b-a349-eb4a04d9ae61", -- CL_IC_Id : UNIQUE_ID
    "498d117c-4422-44a6-af7e-6cb02ada65c5", -- C_PO_Id : UNIQUE_ID
    'UI', -- Name : STRING
    "bb4298f1-7eda-4002-8f5d-c76436ab8c65" -- Id : UNIQUE_ID
);
INSERT INTO CL_POR VALUES (
    "9f7504ac-7964-4c2b-a349-eb4a04d9ae61", -- CL_IC_Id : UNIQUE_ID
    "e0104358-fe73-481d-9a6e-3afda587fafd", -- C_PO_Id : UNIQUE_ID
    'UI_Leave', -- Name : STRING
    "9bd665d0-871a-405e-8528-042069904cff" -- Id : UNIQUE_ID
);
INSERT INTO C_AS VALUES (
    "be4e38a9-c84b-44ce-a173-d57405caeeca", -- Id : UNIQUE_ID
    'New', -- Name : STRING
    '', -- Descrip : STRING
    0, -- Direction : INTEGER
    "00000000-0000-0000-0000-000000000000" -- Previous_Id : UNIQUE_ID
);
INSERT INTO C_AS VALUES (
    "f83ecd5c-00bd-42d1-a795-2868eba34aec", -- Id : UNIQUE_ID
    'Reply', -- Name : STRING
    '', -- Descrip : STRING
    1, -- Direction : INTEGER
    "be4e38a9-c84b-44ce-a173-d57405caeeca" -- Previous_Id : UNIQUE_ID
);
INSERT INTO C_AS VALUES (
    "dd791a09-c8bd-4868-8174-4726cea8e2d3", -- Id : UNIQUE_ID
    'Start', -- Name : STRING
    '', -- Descrip : STRING
    0, -- Direction : INTEGER
    "f83ecd5c-00bd-42d1-a795-2868eba34aec" -- Previous_Id : UNIQUE_ID
);
INSERT INTO C_AS VALUES (
    "ffb89040-41ac-417a-84fa-833149b05326", -- Id : UNIQUE_ID
    'New_Leave', -- Name : STRING
    '', -- Descrip : STRING
    0, -- Direction : INTEGER
    "dd791a09-c8bd-4868-8174-4726cea8e2d3" -- Previous_Id : UNIQUE_ID
);
INSERT INTO C_AS VALUES (
    "1d101b95-2445-43c6-be97-23dade4e9158", -- Id : UNIQUE_ID
    'New_Leave', -- Name : STRING
    '//If there is no match for Leave, then create a new Leave.
select any leave from instances of Leave where selected.Name==param.Name;
if ( empty leave )
	//create object instance employee of Employee;
	leave.createLeave( Name:param.Name, NumberOfAllowedDays:param.NumberOfAllowedDays);
	//generate Employee1:newEmployeeRcvd(FName:param.FName, LName:param.LName, National_ID:param.National_ID) to employee;
	
	UI::Reply( msg:"Leave created successfully.", state:True);
else 
	
	LOG::LogInfo(message:"Leave already exists!" );
	//LOG::LogInfo(message:"Updating details." );
	//employee.FName = param.FName;
	//employee.LName = param.LName;	
	//UI::Reply( msg:"Employee already exists", state:False);
end if;
', -- Descrip : STRING
    0, -- Direction : INTEGER
    "00000000-0000-0000-0000-000000000000" -- Previous_Id : UNIQUE_ID
);
INSERT INTO C_AS VALUES (
    "5b22db55-b22f-4cc4-b387-b8ccbe203451", -- Id : UNIQUE_ID
    'Request', -- Name : STRING
    '//Select an employee using the National ID to deliver the event to the statemachine
// to serve the request for leave.
select any employee from instances of EM where selected.National_ID==param.National_ID;
if ( not empty employee )
	generate EM3:requestLeave(Starting:param.Starting, Ending:param.Ending, Name:param.Name, National_ID:param.National_ID) to employee;
	UI::Reply( msg:"Employee has requested leave successfully ", state:True);

else 
	LOG::LogInfo(message:"Employee is not registered!" );
	UI::Reply( msg:"Employee is not found.", state:False);
end if;
', -- Descrip : STRING
    0, -- Direction : INTEGER
    "1d101b95-2445-43c6-be97-23dade4e9158" -- Previous_Id : UNIQUE_ID
);
INSERT INTO C_AS VALUES (
    "c1eca9ba-a0af-420b-af80-6d8c793ec1a3", -- Id : UNIQUE_ID
    'Return', -- Name : STRING
    '//Select an employee using the National ID to deliver the event to the statemachine
// to serve the request for leave.
select any employee from instances of EM where selected.National_ID==param.National_ID;
if ( not empty employee )
	generate EM4:returnFromLeave() to employee;
	UI::Reply( msg:"Employee request is successfull ", state:True);

else 
	LOG::LogInfo(message:"Employee is not registered!" );
	UI::Reply( msg:"Employee is not found.", state:False);
end if;
', -- Descrip : STRING
    0, -- Direction : INTEGER
    "5b22db55-b22f-4cc4-b387-b8ccbe203451" -- Previous_Id : UNIQUE_ID
);
INSERT INTO C_C VALUES (
    "8e4782c3-9567-4154-87b3-67069634e7a5", -- Id : UNIQUE_ID
    "00000000-0000-0000-0000-000000000000", -- Package_ID : UNIQUE_ID
    "00000000-0000-0000-0000-000000000000", -- NestedComponent_Id : UNIQUE_ID
    'hr', -- Name : STRING
    '', -- Descrip : STRING
    0, -- Mult : INTEGER
    "00000000-0000-0000-0000-000000000000", -- Root_Package_ID : UNIQUE_ID
    0, -- isRealized : BOOLEAN
    '' -- Realized_Class_Path : STRING
);
INSERT INTO C_C VALUES (
    "d81dc79e-6692-4a39-b6d9-f5fc0b765726", -- Id : UNIQUE_ID
    "00000000-0000-0000-0000-000000000000", -- Package_ID : UNIQUE_ID
    "00000000-0000-0000-0000-000000000000", -- NestedComponent_Id : UNIQUE_ID
    'UI', -- Name : STRING
    '', -- Descrip : STRING
    0, -- Mult : INTEGER
    "00000000-0000-0000-0000-000000000000", -- Root_Package_ID : UNIQUE_ID
    0, -- isRealized : BOOLEAN
    '' -- Realized_Class_Path : STRING
);
INSERT INTO C_EP VALUES (
    "be4e38a9-c84b-44ce-a173-d57405caeeca", -- Id : UNIQUE_ID
    "102214df-1d03-428f-9eb8-5c5ce18bfdae", -- Interface_Id : UNIQUE_ID
    -1, -- Direction : INTEGER
    'New', -- Name : STRING
    '' -- Descrip : STRING
);
INSERT INTO C_EP VALUES (
    "f83ecd5c-00bd-42d1-a795-2868eba34aec", -- Id : UNIQUE_ID
    "102214df-1d03-428f-9eb8-5c5ce18bfdae", -- Interface_Id : UNIQUE_ID
    -1, -- Direction : INTEGER
    'Reply', -- Name : STRING
    '' -- Descrip : STRING
);
INSERT INTO C_EP VALUES (
    "dd791a09-c8bd-4868-8174-4726cea8e2d3", -- Id : UNIQUE_ID
    "102214df-1d03-428f-9eb8-5c5ce18bfdae", -- Interface_Id : UNIQUE_ID
    -1, -- Direction : INTEGER
    'Start', -- Name : STRING
    '' -- Descrip : STRING
);
INSERT INTO C_EP VALUES (
    "ffb89040-41ac-417a-84fa-833149b05326", -- Id : UNIQUE_ID
    "102214df-1d03-428f-9eb8-5c5ce18bfdae", -- Interface_Id : UNIQUE_ID
    -1, -- Direction : INTEGER
    'New_Leave', -- Name : STRING
    '' -- Descrip : STRING
);
INSERT INTO C_EP VALUES (
    "1d101b95-2445-43c6-be97-23dade4e9158", -- Id : UNIQUE_ID
    "1db612f7-881a-4a30-adad-f3a35c05bb90", -- Interface_Id : UNIQUE_ID
    -1, -- Direction : INTEGER
    'New_Leave', -- Name : STRING
    '//If there is no match for Leave, then create a new Leave.
select any leave from instances of Leave where selected.Name==param.Name;
if ( empty leave )
	//create object instance employee of Employee;
	leave.createLeave( Name:param.Name, NumberOfAllowedDays:param.NumberOfAllowedDays);
	//generate Employee1:newEmployeeRcvd(FName:param.FName, LName:param.LName, National_ID:param.National_ID) to employee;
	
	UI::Reply( msg:"Leave created successfully.", state:True);
else 
	
	LOG::LogInfo(message:"Leave already exists!" );
	//LOG::LogInfo(message:"Updating details." );
	//employee.FName = param.FName;
	//employee.LName = param.LName;	
	//UI::Reply( msg:"Employee already exists", state:False);
end if;
' -- Descrip : STRING
);
INSERT INTO C_EP VALUES (
    "5b22db55-b22f-4cc4-b387-b8ccbe203451", -- Id : UNIQUE_ID
    "1db612f7-881a-4a30-adad-f3a35c05bb90", -- Interface_Id : UNIQUE_ID
    -1, -- Direction : INTEGER
    'Request', -- Name : STRING
    '//Select an employee using the National ID to deliver the event to the statemachine
// to serve the request for leave.
select any employee from instances of EM where selected.National_ID==param.National_ID;
if ( not empty employee )
	generate EM3:requestLeave(Starting:param.Starting, Ending:param.Ending, Name:param.Name, National_ID:param.National_ID) to employee;
	UI::Reply( msg:"Employee has requested leave successfully ", state:True);

else 
	LOG::LogInfo(message:"Employee is not registered!" );
	UI::Reply( msg:"Employee is not found.", state:False);
end if;
' -- Descrip : STRING
);
INSERT INTO C_EP VALUES (
    "c1eca9ba-a0af-420b-af80-6d8c793ec1a3", -- Id : UNIQUE_ID
    "1db612f7-881a-4a30-adad-f3a35c05bb90", -- Interface_Id : UNIQUE_ID
    -1, -- Direction : INTEGER
    'Return', -- Name : STRING
    '//Select an employee using the National ID to deliver the event to the statemachine
// to serve the request for leave.
select any employee from instances of EM where selected.National_ID==param.National_ID;
if ( not empty employee )
	generate EM4:returnFromLeave() to employee;
	UI::Reply( msg:"Employee request is successfull ", state:True);

else 
	LOG::LogInfo(message:"Employee is not registered!" );
	UI::Reply( msg:"Employee is not found.", state:False);
end if;
' -- Descrip : STRING
);
INSERT INTO C_I VALUES (
    "102214df-1d03-428f-9eb8-5c5ce18bfdae", -- Id : UNIQUE_ID
    "00000000-0000-0000-0000-000000000000", -- Package_ID : UNIQUE_ID
    'EP', -- Name : STRING
    '' -- Descrip : STRING
);
INSERT INTO C_I VALUES (
    "1db612f7-881a-4a30-adad-f3a35c05bb90", -- Id : UNIQUE_ID
    "00000000-0000-0000-0000-000000000000", -- Package_ID : UNIQUE_ID
    'Leave', -- Name : STRING
    '' -- Descrip : STRING
);
INSERT INTO C_IR VALUES (
    "e211a314-f4cf-4d96-ab5d-86594500f9c9", -- Id : UNIQUE_ID
    "102214df-1d03-428f-9eb8-5c5ce18bfdae", -- Formal_Interface_Id : UNIQUE_ID
    "00000000-0000-0000-0000-000000000000", -- Delegation_Id : UNIQUE_ID
    "498d117c-4422-44a6-af7e-6cb02ada65c5" -- Port_Id : UNIQUE_ID
);
INSERT INTO C_IR VALUES (
    "c35b9fa4-4616-416a-9786-5ec0aff91faf", -- Id : UNIQUE_ID
    "1db612f7-881a-4a30-adad-f3a35c05bb90", -- Formal_Interface_Id : UNIQUE_ID
    "00000000-0000-0000-0000-000000000000", -- Delegation_Id : UNIQUE_ID
    "e0104358-fe73-481d-9a6e-3afda587fafd" -- Port_Id : UNIQUE_ID
);
INSERT INTO C_IR VALUES (
    "3c565891-207b-4f8f-906f-7a28c50fa9aa", -- Id : UNIQUE_ID
    "102214df-1d03-428f-9eb8-5c5ce18bfdae", -- Formal_Interface_Id : UNIQUE_ID
    "00000000-0000-0000-0000-000000000000", -- Delegation_Id : UNIQUE_ID
    "d8aeacb7-ad9c-4082-9867-d8dc363f53b7" -- Port_Id : UNIQUE_ID
);
INSERT INTO C_IR VALUES (
    "5cb88558-711f-4c4f-9d8a-f7db7239c228", -- Id : UNIQUE_ID
    "1db612f7-881a-4a30-adad-f3a35c05bb90", -- Formal_Interface_Id : UNIQUE_ID
    "00000000-0000-0000-0000-000000000000", -- Delegation_Id : UNIQUE_ID
    "4956a811-904a-4f5c-b789-62aa2382d543" -- Port_Id : UNIQUE_ID
);
INSERT INTO C_P VALUES (
    "e211a314-f4cf-4d96-ab5d-86594500f9c9", -- Provision_Id : UNIQUE_ID
    'EP', -- Name : STRING
    'HRUI', -- InformalName : STRING
    '', -- Descrip : STRING
    'hr::UI::EP' -- pathFromComponent : STRING
);
INSERT INTO C_P VALUES (
    "c35b9fa4-4616-416a-9786-5ec0aff91faf", -- Provision_Id : UNIQUE_ID
    'Leave', -- Name : STRING
    'Unnamed Interface', -- InformalName : STRING
    '', -- Descrip : STRING
    'hr::UI_Leave::Leave' -- pathFromComponent : STRING
);
INSERT INTO C_PO VALUES (
    "498d117c-4422-44a6-af7e-6cb02ada65c5", -- Id : UNIQUE_ID
    "8e4782c3-9567-4154-87b3-67069634e7a5", -- Component_Id : UNIQUE_ID
    'UI', -- Name : STRING
    0, -- Mult : INTEGER
    0 -- DoNotShowPortOnCanvas : BOOLEAN
);
INSERT INTO C_PO VALUES (
    "e0104358-fe73-481d-9a6e-3afda587fafd", -- Id : UNIQUE_ID
    "8e4782c3-9567-4154-87b3-67069634e7a5", -- Component_Id : UNIQUE_ID
    'UI_Leave', -- Name : STRING
    0, -- Mult : INTEGER
    0 -- DoNotShowPortOnCanvas : BOOLEAN
);
INSERT INTO C_PO VALUES (
    "d8aeacb7-ad9c-4082-9867-d8dc363f53b7", -- Id : UNIQUE_ID
    "d81dc79e-6692-4a39-b6d9-f5fc0b765726", -- Component_Id : UNIQUE_ID
    'App', -- Name : STRING
    0, -- Mult : INTEGER
    0 -- DoNotShowPortOnCanvas : BOOLEAN
);
INSERT INTO C_PO VALUES (
    "4956a811-904a-4f5c-b789-62aa2382d543", -- Id : UNIQUE_ID
    "d81dc79e-6692-4a39-b6d9-f5fc0b765726", -- Component_Id : UNIQUE_ID
    'App_Leave', -- Name : STRING
    0, -- Mult : INTEGER
    0 -- DoNotShowPortOnCanvas : BOOLEAN
);
INSERT INTO C_PP VALUES (
    "8d5bd5a6-f248-4b87-a4bb-eb772b2397d8", -- PP_Id : UNIQUE_ID
    "be4e38a9-c84b-44ce-a173-d57405caeeca", -- Signal_Id : UNIQUE_ID
    "ba5eda7a-def5-0000-0000-000000000004", -- DT_ID : UNIQUE_ID
    'FName', -- Name : STRING
    '', -- Descrip : STRING
    0, -- By_Ref : INTEGER
    '', -- Dimensions : STRING
    "00000000-0000-0000-0000-000000000000" -- Previous_PP_Id : UNIQUE_ID
);
INSERT INTO C_PP VALUES (
    "b1170977-7e1a-4e1e-8ec1-9e9ef2712f79", -- PP_Id : UNIQUE_ID
    "be4e38a9-c84b-44ce-a173-d57405caeeca", -- Signal_Id : UNIQUE_ID
    "ba5eda7a-def5-0000-0000-000000000004", -- DT_ID : UNIQUE_ID
    'LName', -- Name : STRING
    '', -- Descrip : STRING
    0, -- By_Ref : INTEGER
    '', -- Dimensions : STRING
    "8d5bd5a6-f248-4b87-a4bb-eb772b2397d8" -- Previous_PP_Id : UNIQUE_ID
);
INSERT INTO C_PP VALUES (
    "28761f9b-5da3-4284-aa06-53a1471a18fd", -- PP_Id : UNIQUE_ID
    "be4e38a9-c84b-44ce-a173-d57405caeeca", -- Signal_Id : UNIQUE_ID
    "ba5eda7a-def5-0000-0000-000000000002", -- DT_ID : UNIQUE_ID
    'National_ID', -- Name : STRING
    '', -- Descrip : STRING
    0, -- By_Ref : INTEGER
    '', -- Dimensions : STRING
    "b1170977-7e1a-4e1e-8ec1-9e9ef2712f79" -- Previous_PP_Id : UNIQUE_ID
);
INSERT INTO C_PP VALUES (
    "6c3424d1-f671-42a7-b29c-fad87a2ff081", -- PP_Id : UNIQUE_ID
    "f83ecd5c-00bd-42d1-a795-2868eba34aec", -- Signal_Id : UNIQUE_ID
    "ba5eda7a-def5-0000-0000-000000000004", -- DT_ID : UNIQUE_ID
    'msg', -- Name : STRING
    '', -- Descrip : STRING
    0, -- By_Ref : INTEGER
    '', -- Dimensions : STRING
    "00000000-0000-0000-0000-000000000000" -- Previous_PP_Id : UNIQUE_ID
);
INSERT INTO C_PP VALUES (
    "426a31f6-75f0-4356-affb-38fd98147139", -- PP_Id : UNIQUE_ID
    "f83ecd5c-00bd-42d1-a795-2868eba34aec", -- Signal_Id : UNIQUE_ID
    "ba5eda7a-def5-0000-0000-000000000001", -- DT_ID : UNIQUE_ID
    'state', -- Name : STRING
    '', -- Descrip : STRING
    0, -- By_Ref : INTEGER
    '', -- Dimensions : STRING
    "6c3424d1-f671-42a7-b29c-fad87a2ff081" -- Previous_PP_Id : UNIQUE_ID
);
INSERT INTO C_PP VALUES (
    "665d0f46-1f6b-4469-b345-11ad3a35684e", -- PP_Id : UNIQUE_ID
    "dd791a09-c8bd-4868-8174-4726cea8e2d3", -- Signal_Id : UNIQUE_ID
    "ba5eda7a-def5-0000-0000-000000000002", -- DT_ID : UNIQUE_ID
    'National_ID', -- Name : STRING
    '', -- Descrip : STRING
    0, -- By_Ref : INTEGER
    '', -- Dimensions : STRING
    "00000000-0000-0000-0000-000000000000" -- Previous_PP_Id : UNIQUE_ID
);
INSERT INTO C_PP VALUES (
    "c6764cf7-e536-4f30-87fa-060fb8c281c6", -- PP_Id : UNIQUE_ID
    "ffb89040-41ac-417a-84fa-833149b05326", -- Signal_Id : UNIQUE_ID
    "ba5eda7a-def5-0000-0000-000000000002", -- DT_ID : UNIQUE_ID
    'Name', -- Name : STRING
    '', -- Descrip : STRING
    0, -- By_Ref : INTEGER
    '', -- Dimensions : STRING
    "00000000-0000-0000-0000-000000000000" -- Previous_PP_Id : UNIQUE_ID
);
INSERT INTO C_PP VALUES (
    "a749925f-845e-4612-80f3-26d2b2aade06", -- PP_Id : UNIQUE_ID
    "ffb89040-41ac-417a-84fa-833149b05326", -- Signal_Id : UNIQUE_ID
    "ba5eda7a-def5-0000-0000-000000000002", -- DT_ID : UNIQUE_ID
    'NumberOfAllowedDays', -- Name : STRING
    '', -- Descrip : STRING
    0, -- By_Ref : INTEGER
    '', -- Dimensions : STRING
    "c6764cf7-e536-4f30-87fa-060fb8c281c6" -- Previous_PP_Id : UNIQUE_ID
);
INSERT INTO C_PP VALUES (
    "4486f7bc-b5e3-443f-9b9f-26aee9d24628", -- PP_Id : UNIQUE_ID
    "1d101b95-2445-43c6-be97-23dade4e9158", -- Signal_Id : UNIQUE_ID
    "ba5eda7a-def5-0000-0000-000000000004", -- DT_ID : UNIQUE_ID
    'Name', -- Name : STRING
    '', -- Descrip : STRING
    0, -- By_Ref : INTEGER
    '', -- Dimensions : STRING
    "00000000-0000-0000-0000-000000000000" -- Previous_PP_Id : UNIQUE_ID
);
INSERT INTO C_PP VALUES (
    "6a5285ab-2df8-4cb1-8f16-c74d5204b943", -- PP_Id : UNIQUE_ID
    "1d101b95-2445-43c6-be97-23dade4e9158", -- Signal_Id : UNIQUE_ID
    "ba5eda7a-def5-0000-0000-000000000002", -- DT_ID : UNIQUE_ID
    'NumberOfAllowedDays', -- Name : STRING
    '', -- Descrip : STRING
    0, -- By_Ref : INTEGER
    '', -- Dimensions : STRING
    "4486f7bc-b5e3-443f-9b9f-26aee9d24628" -- Previous_PP_Id : UNIQUE_ID
);
INSERT INTO C_PP VALUES (
    "18d8d7c2-82ff-46b4-aea3-e7b9a01c4f24", -- PP_Id : UNIQUE_ID
    "5b22db55-b22f-4cc4-b387-b8ccbe203451", -- Signal_Id : UNIQUE_ID
    "ba5eda7a-def5-0000-0000-000000000004", -- DT_ID : UNIQUE_ID
    'Starting', -- Name : STRING
    '', -- Descrip : STRING
    0, -- By_Ref : INTEGER
    '', -- Dimensions : STRING
    "00000000-0000-0000-0000-000000000000" -- Previous_PP_Id : UNIQUE_ID
);
INSERT INTO C_PP VALUES (
    "f1d71294-f474-4b38-8169-a11b31de3b23", -- PP_Id : UNIQUE_ID
    "5b22db55-b22f-4cc4-b387-b8ccbe203451", -- Signal_Id : UNIQUE_ID
    "ba5eda7a-def5-0000-0000-000000000004", -- DT_ID : UNIQUE_ID
    'Ending', -- Name : STRING
    '', -- Descrip : STRING
    0, -- By_Ref : INTEGER
    '', -- Dimensions : STRING
    "18d8d7c2-82ff-46b4-aea3-e7b9a01c4f24" -- Previous_PP_Id : UNIQUE_ID
);
INSERT INTO C_PP VALUES (
    "6eecbb64-b4d6-4fce-a326-82a664e7b554", -- PP_Id : UNIQUE_ID
    "5b22db55-b22f-4cc4-b387-b8ccbe203451", -- Signal_Id : UNIQUE_ID
    "ba5eda7a-def5-0000-0000-000000000002", -- DT_ID : UNIQUE_ID
    'National_ID', -- Name : STRING
    '', -- Descrip : STRING
    0, -- By_Ref : INTEGER
    '', -- Dimensions : STRING
    "f1d71294-f474-4b38-8169-a11b31de3b23" -- Previous_PP_Id : UNIQUE_ID
);
INSERT INTO C_PP VALUES (
    "815a7173-d36a-43e6-93af-3718eeb63755", -- PP_Id : UNIQUE_ID
    "5b22db55-b22f-4cc4-b387-b8ccbe203451", -- Signal_Id : UNIQUE_ID
    "ba5eda7a-def5-0000-0000-000000000004", -- DT_ID : UNIQUE_ID
    'Name', -- Name : STRING
    'Name/Type of leave ', -- Descrip : STRING
    0, -- By_Ref : INTEGER
    '', -- Dimensions : STRING
    "6eecbb64-b4d6-4fce-a326-82a664e7b554" -- Previous_PP_Id : UNIQUE_ID
);
INSERT INTO C_PP VALUES (
    "b0e3cd30-cb43-4e7c-b686-4f5249556389", -- PP_Id : UNIQUE_ID
    "c1eca9ba-a0af-420b-af80-6d8c793ec1a3", -- Signal_Id : UNIQUE_ID
    "ba5eda7a-def5-0000-0000-000000000002", -- DT_ID : UNIQUE_ID
    'National_ID', -- Name : STRING
    '', -- Descrip : STRING
    0, -- By_Ref : INTEGER
    '', -- Dimensions : STRING
    "00000000-0000-0000-0000-000000000000" -- Previous_PP_Id : UNIQUE_ID
);
INSERT INTO C_R VALUES (
    "3c565891-207b-4f8f-906f-7a28c50fa9aa", -- Requirement_Id : UNIQUE_ID
    'EP', -- Name : STRING
    '', -- Descrip : STRING
    'HRApp', -- InformalName : STRING
    'UI::App::EP' -- reversePathFromComponent : STRING
);
INSERT INTO C_R VALUES (
    "5cb88558-711f-4c4f-9d8a-f7db7239c228", -- Requirement_Id : UNIQUE_ID
    'Leave', -- Name : STRING
    '', -- Descrip : STRING
    'Unnamed Interface', -- InformalName : STRING
    'UI::App_Leave::Leave' -- reversePathFromComponent : STRING
);
INSERT INTO C_SF VALUES (
    "c6cf3541-75f0-4e04-940a-cc13cefd3a32", -- Id : UNIQUE_ID
    "3c565891-207b-4f8f-906f-7a28c50fa9aa", -- Requirement_Id : UNIQUE_ID
    "e211a314-f4cf-4d96-ab5d-86594500f9c9", -- Provision_Id : UNIQUE_ID
    '', -- Descrip : STRING
    'hr::UI::EP -o)- UI::App::EP' -- Label : STRING
);
INSERT INTO C_SF VALUES (
    "27dc53aa-55fd-4f15-9614-0b7a457a4ef2", -- Id : UNIQUE_ID
    "5cb88558-711f-4c4f-9d8a-f7db7239c228", -- Requirement_Id : UNIQUE_ID
    "c35b9fa4-4616-416a-9786-5ec0aff91faf", -- Provision_Id : UNIQUE_ID
    '', -- Descrip : STRING
    'hr::UI_Leave::Leave -o)- UI::App_Leave::Leave' -- Label : STRING
);
INSERT INTO EP_PKG VALUES (
    "63980537-a12c-49e3-a1f9-8bd1a2489218", -- Package_ID : UNIQUE_ID
    "7fdc406f-2939-49c0-8fab-99de27b70193", -- Sys_ID : UNIQUE_ID
    "7fdc406f-2939-49c0-8fab-99de27b70193", -- Direct_Sys_ID : UNIQUE_ID
    'io.ciera.runtime.summit.util', -- Name : STRING
    '', -- Descrip : STRING
    0 -- Num_Rng : INTEGER
);
INSERT INTO EP_PKG VALUES (
    "12c213af-4b2d-4e49-890c-453aa4660620", -- Package_ID : UNIQUE_ID
    "7fdc406f-2939-49c0-8fab-99de27b70193", -- Sys_ID : UNIQUE_ID
    "7fdc406f-2939-49c0-8fab-99de27b70193", -- Direct_Sys_ID : UNIQUE_ID
    'io.ciera.runtime.instanceloading.generic.util', -- Name : STRING
    '', -- Descrip : STRING
    0 -- Num_Rng : INTEGER
);
INSERT INTO EP_PKG VALUES (
    "78fb3e55-9840-4511-a824-62393e628058", -- Package_ID : UNIQUE_ID
    "7fdc406f-2939-49c0-8fab-99de27b70193", -- Sys_ID : UNIQUE_ID
    "7fdc406f-2939-49c0-8fab-99de27b70193", -- Direct_Sys_ID : UNIQUE_ID
    'io.ciera.runtime.instanceloading.sql.util', -- Name : STRING
    '', -- Descrip : STRING
    0 -- Num_Rng : INTEGER
);
INSERT INTO EP_PKG VALUES (
    "1df09104-1fdb-48ee-9ae7-06cc055c5770", -- Package_ID : UNIQUE_ID
    "7fdc406f-2939-49c0-8fab-99de27b70193", -- Sys_ID : UNIQUE_ID
    "7fdc406f-2939-49c0-8fab-99de27b70193", -- Direct_Sys_ID : UNIQUE_ID
    'io.ciera.runtime.template.util', -- Name : STRING
    '', -- Descrip : STRING
    0 -- Num_Rng : INTEGER
);
INSERT INTO EP_PKG VALUES (
    "ddbd5fec-558a-4967-bd11-9b09a6c6c428", -- Package_ID : UNIQUE_ID
    "7fdc406f-2939-49c0-8fab-99de27b70193", -- Sys_ID : UNIQUE_ID
    "7fdc406f-2939-49c0-8fab-99de27b70193", -- Direct_Sys_ID : UNIQUE_ID
    'io.ciera.runtime.instanceloading.dynamodb.util', -- Name : STRING
    '', -- Descrip : STRING
    0 -- Num_Rng : INTEGER
);
INSERT INTO EP_PKG VALUES (
    "c26641d6-6bfe-4fa5-b78d-533f6fb8d396", -- Package_ID : UNIQUE_ID
    "ccdb2e52-76fc-4422-936f-a0239fd9d106", -- Sys_ID : UNIQUE_ID
    "ccdb2e52-76fc-4422-936f-a0239fd9d106", -- Direct_Sys_ID : UNIQUE_ID
    'hrm', -- Name : STRING
    '', -- Descrip : STRING
    0 -- Num_Rng : INTEGER
);
INSERT INTO EP_PKG VALUES (
    "fdd8efa1-97d4-4adc-a67d-1fb0bd49373b", -- Package_ID : UNIQUE_ID
    "00000000-0000-0000-0000-000000000000", -- Sys_ID : UNIQUE_ID
    "ccdb2e52-76fc-4422-936f-a0239fd9d106", -- Direct_Sys_ID : UNIQUE_ID
    'main', -- Name : STRING
    '', -- Descrip : STRING
    0 -- Num_Rng : INTEGER
);
INSERT INTO EP_PKG VALUES (
    "cabf7045-c6ff-41a5-afe9-032eec941581", -- Package_ID : UNIQUE_ID
    "00000000-0000-0000-0000-000000000000", -- Sys_ID : UNIQUE_ID
    "46564f98-385d-43d9-876a-ca551a77e802", -- Direct_Sys_ID : UNIQUE_ID
    'UI', -- Name : STRING
    '', -- Descrip : STRING
    0 -- Num_Rng : INTEGER
);
INSERT INTO EP_PKG VALUES (
    "941213f0-4346-48d9-89fe-196761630487", -- Package_ID : UNIQUE_ID
    "00000000-0000-0000-0000-000000000000", -- Sys_ID : UNIQUE_ID
    "46564f98-385d-43d9-876a-ca551a77e802", -- Direct_Sys_ID : UNIQUE_ID
    'Shared', -- Name : STRING
    '', -- Descrip : STRING
    0 -- Num_Rng : INTEGER
);
INSERT INTO EP_PKG VALUES (
    "2ac1b93e-087c-4999-856e-c988c703dec6", -- Package_ID : UNIQUE_ID
    "46564f98-385d-43d9-876a-ca551a77e802", -- Sys_ID : UNIQUE_ID
    "46564f98-385d-43d9-876a-ca551a77e802", -- Direct_Sys_ID : UNIQUE_ID
    'UI', -- Name : STRING
    '', -- Descrip : STRING
    0 -- Num_Rng : INTEGER
);
INSERT INTO EP_PKG VALUES (
    "dc314371-2fb0-467b-9c93-a6ac9803f4f9", -- Package_ID : UNIQUE_ID
    "a31b98b3-80c6-4eea-80cb-d84755441c10", -- Sys_ID : UNIQUE_ID
    "a31b98b3-80c6-4eea-80cb-d84755441c10", -- Direct_Sys_ID : UNIQUE_ID
    'HRsystem', -- Name : STRING
    '', -- Descrip : STRING
    0 -- Num_Rng : INTEGER
);
INSERT INTO E_ESS VALUES (
    "731526f7-a57b-4356-a3c3-8d05b2295c4d", -- Statement_ID : UNIQUE_ID
    0, -- ParmListOK : BOOLEAN
    0, -- PEIndicated : BOOLEAN
    0, -- eventDerivedLabelLineNumber : INTEGER
    0, -- eventDerivedLabelColumn : INTEGER
    0, -- eventMeaningLineNumber : INTEGER
    0, -- eventMeaningColumn : INTEGER
    0, -- eventTargetKeyLettersLineNumber : INTEGER
    0, -- eventTargetKeyLettersColumn : INTEGER
    0, -- firstEventDataItemNameLineNumber : INTEGER
    0, -- firstEventDataItemNameColumn : INTEGER
    0, -- currentLaterEventDataItemNameLineNumber : INTEGER
    0 -- currentLaterEventDataItemNameColumn : INTEGER
);
INSERT INTO E_ESS VALUES (
    "bce3b748-eeec-47bc-88f9-68bf2be0129c", -- Statement_ID : UNIQUE_ID
    0, -- ParmListOK : BOOLEAN
    0, -- PEIndicated : BOOLEAN
    0, -- eventDerivedLabelLineNumber : INTEGER
    0, -- eventDerivedLabelColumn : INTEGER
    0, -- eventMeaningLineNumber : INTEGER
    0, -- eventMeaningColumn : INTEGER
    0, -- eventTargetKeyLettersLineNumber : INTEGER
    0, -- eventTargetKeyLettersColumn : INTEGER
    0, -- firstEventDataItemNameLineNumber : INTEGER
    0, -- firstEventDataItemNameColumn : INTEGER
    0, -- currentLaterEventDataItemNameLineNumber : INTEGER
    0 -- currentLaterEventDataItemNameColumn : INTEGER
);
INSERT INTO E_ESS VALUES (
    "45c4a817-933f-43ad-a6f8-90bd514e241b", -- Statement_ID : UNIQUE_ID
    0, -- ParmListOK : BOOLEAN
    0, -- PEIndicated : BOOLEAN
    0, -- eventDerivedLabelLineNumber : INTEGER
    0, -- eventDerivedLabelColumn : INTEGER
    0, -- eventMeaningLineNumber : INTEGER
    0, -- eventMeaningColumn : INTEGER
    0, -- eventTargetKeyLettersLineNumber : INTEGER
    0, -- eventTargetKeyLettersColumn : INTEGER
    0, -- firstEventDataItemNameLineNumber : INTEGER
    0, -- firstEventDataItemNameColumn : INTEGER
    0, -- currentLaterEventDataItemNameLineNumber : INTEGER
    0 -- currentLaterEventDataItemNameColumn : INTEGER
);
INSERT INTO E_GEN VALUES (
    "731526f7-a57b-4356-a3c3-8d05b2295c4d", -- Statement_ID : UNIQUE_ID
    "bfae5a4a-85bb-4d2a-8765-73981d8c06e0" -- Var_ID : UNIQUE_ID
);
INSERT INTO E_GEN VALUES (
    "bce3b748-eeec-47bc-88f9-68bf2be0129c", -- Statement_ID : UNIQUE_ID
    "455f0526-9e54-4d84-9bdf-538b8e64d2bb" -- Var_ID : UNIQUE_ID
);
INSERT INTO E_GEN VALUES (
    "45c4a817-933f-43ad-a6f8-90bd514e241b", -- Statement_ID : UNIQUE_ID
    "8d018ed7-28a4-408e-bbc2-2ba6d9556ce3" -- Var_ID : UNIQUE_ID
);
INSERT INTO E_GES VALUES (
    "731526f7-a57b-4356-a3c3-8d05b2295c4d" -- Statement_ID : UNIQUE_ID
);
INSERT INTO E_GES VALUES (
    "bce3b748-eeec-47bc-88f9-68bf2be0129c" -- Statement_ID : UNIQUE_ID
);
INSERT INTO E_GES VALUES (
    "45c4a817-933f-43ad-a6f8-90bd514e241b" -- Statement_ID : UNIQUE_ID
);
INSERT INTO E_GSME VALUES (
    "731526f7-a57b-4356-a3c3-8d05b2295c4d", -- Statement_ID : UNIQUE_ID
    "4399bed0-4e99-4616-aa45-eb724333bc35" -- SMevt_ID : UNIQUE_ID
);
INSERT INTO E_GSME VALUES (
    "bce3b748-eeec-47bc-88f9-68bf2be0129c", -- Statement_ID : UNIQUE_ID
    "72e23791-8d07-4687-ab77-eb4b6b93d382" -- SMevt_ID : UNIQUE_ID
);
INSERT INTO E_GSME VALUES (
    "45c4a817-933f-43ad-a6f8-90bd514e241b", -- Statement_ID : UNIQUE_ID
    "6c64d514-c0ef-442d-baa5-8c6b81e607e7" -- SMevt_ID : UNIQUE_ID
);
INSERT INTO O_ATTR VALUES (
    "c76f5210-d548-4a04-8c59-a4a3ccddad9d", -- Attr_ID : UNIQUE_ID
    "20391e7a-d5eb-43ec-849a-3af0009b3d41", -- Obj_ID : UNIQUE_ID
    "00000000-0000-0000-0000-000000000000", -- PAttr_ID : UNIQUE_ID
    'Starting', -- Name : STRING
    '', -- Descrip : STRING
    '', -- Prefix : STRING
    'Starting', -- Root_Nam : STRING
    0, -- Pfx_Mode : INTEGER
    "ba5eda7a-def5-0000-0000-000000000004", -- DT_ID : UNIQUE_ID
    '', -- Dimensions : STRING
    '' -- DefaultValue : STRING
);
INSERT INTO O_ATTR VALUES (
    "c7fbe3b2-9fef-47ea-83db-2b3923222e8d", -- Attr_ID : UNIQUE_ID
    "20391e7a-d5eb-43ec-849a-3af0009b3d41", -- Obj_ID : UNIQUE_ID
    "c76f5210-d548-4a04-8c59-a4a3ccddad9d", -- PAttr_ID : UNIQUE_ID
    'Ending', -- Name : STRING
    '', -- Descrip : STRING
    '', -- Prefix : STRING
    'Ending', -- Root_Nam : STRING
    0, -- Pfx_Mode : INTEGER
    "ba5eda7a-def5-0000-0000-000000000004", -- DT_ID : UNIQUE_ID
    '', -- Dimensions : STRING
    '' -- DefaultValue : STRING
);
INSERT INTO O_ATTR VALUES (
    "8e596c48-6d58-496e-8124-056a328f9889", -- Attr_ID : UNIQUE_ID
    "20391e7a-d5eb-43ec-849a-3af0009b3d41", -- Obj_ID : UNIQUE_ID
    "c7fbe3b2-9fef-47ea-83db-2b3923222e8d", -- PAttr_ID : UNIQUE_ID
    'Approved', -- Name : STRING
    '', -- Descrip : STRING
    '', -- Prefix : STRING
    'Approved', -- Root_Nam : STRING
    0, -- Pfx_Mode : INTEGER
    "ba5eda7a-def5-0000-0000-000000000001", -- DT_ID : UNIQUE_ID
    '', -- Dimensions : STRING
    '' -- DefaultValue : STRING
);
INSERT INTO O_ATTR VALUES (
    "68c874f2-eb53-47f9-9234-fdd5c9ca7981", -- Attr_ID : UNIQUE_ID
    "20391e7a-d5eb-43ec-849a-3af0009b3d41", -- Obj_ID : UNIQUE_ID
    "8e596c48-6d58-496e-8124-056a328f9889", -- PAttr_ID : UNIQUE_ID
    'National_ID', -- Name : STRING
    '', -- Descrip : STRING
    '', -- Prefix : STRING
    'National_ID', -- Root_Nam : STRING
    0, -- Pfx_Mode : INTEGER
    "ba5eda7a-def5-0000-0000-000000000002", -- DT_ID : UNIQUE_ID
    '', -- Dimensions : STRING
    '' -- DefaultValue : STRING
);
INSERT INTO O_ATTR VALUES (
    "e1b508ae-8232-4ad6-b06c-d3fc47056a65", -- Attr_ID : UNIQUE_ID
    "20391e7a-d5eb-43ec-849a-3af0009b3d41", -- Obj_ID : UNIQUE_ID
    "68c874f2-eb53-47f9-9234-fdd5c9ca7981", -- PAttr_ID : UNIQUE_ID
    'Leave_ID', -- Name : STRING
    '', -- Descrip : STRING
    '', -- Prefix : STRING
    'Leave_ID', -- Root_Nam : STRING
    0, -- Pfx_Mode : INTEGER
    "ba5eda7a-def5-0000-0000-000000000002", -- DT_ID : UNIQUE_ID
    '', -- Dimensions : STRING
    '' -- DefaultValue : STRING
);
INSERT INTO O_ATTR VALUES (
    "7e42a956-78c5-4651-8efb-01820a985edd", -- Attr_ID : UNIQUE_ID
    "d8528470-976c-421b-a087-1201ac24302f", -- Obj_ID : UNIQUE_ID
    "00000000-0000-0000-0000-000000000000", -- PAttr_ID : UNIQUE_ID
    'FName', -- Name : STRING
    '', -- Descrip : STRING
    '', -- Prefix : STRING
    'FName', -- Root_Nam : STRING
    0, -- Pfx_Mode : INTEGER
    "ba5eda7a-def5-0000-0000-000000000004", -- DT_ID : UNIQUE_ID
    '', -- Dimensions : STRING
    '' -- DefaultValue : STRING
);
INSERT INTO O_ATTR VALUES (
    "9066db86-0565-4761-9920-bcf2a1cd02d9", -- Attr_ID : UNIQUE_ID
    "d8528470-976c-421b-a087-1201ac24302f", -- Obj_ID : UNIQUE_ID
    "7e42a956-78c5-4651-8efb-01820a985edd", -- PAttr_ID : UNIQUE_ID
    'National_ID', -- Name : STRING
    '', -- Descrip : STRING
    '', -- Prefix : STRING
    'National_ID', -- Root_Nam : STRING
    0, -- Pfx_Mode : INTEGER
    "ba5eda7a-def5-0000-0000-000000000002", -- DT_ID : UNIQUE_ID
    '', -- Dimensions : STRING
    '' -- DefaultValue : STRING
);
INSERT INTO O_ATTR VALUES (
    "10da70ec-c8aa-41a2-801c-33e8884587ab", -- Attr_ID : UNIQUE_ID
    "d8528470-976c-421b-a087-1201ac24302f", -- Obj_ID : UNIQUE_ID
    "9066db86-0565-4761-9920-bcf2a1cd02d9", -- PAttr_ID : UNIQUE_ID
    'current_state', -- Name : STRING
    '', -- Descrip : STRING
    '', -- Prefix : STRING
    'current_state', -- Root_Nam : STRING
    0, -- Pfx_Mode : INTEGER
    "ba5eda7a-def5-0000-0000-000000000006", -- DT_ID : UNIQUE_ID
    '', -- Dimensions : STRING
    '' -- DefaultValue : STRING
);
INSERT INTO O_ATTR VALUES (
    "af90ebd4-1702-491f-85cd-2d5dbfad46bb", -- Attr_ID : UNIQUE_ID
    "d8528470-976c-421b-a087-1201ac24302f", -- Obj_ID : UNIQUE_ID
    "10da70ec-c8aa-41a2-801c-33e8884587ab", -- PAttr_ID : UNIQUE_ID
    'LName', -- Name : STRING
    '', -- Descrip : STRING
    '', -- Prefix : STRING
    'LName', -- Root_Nam : STRING
    0, -- Pfx_Mode : INTEGER
    "ba5eda7a-def5-0000-0000-000000000004", -- DT_ID : UNIQUE_ID
    '', -- Dimensions : STRING
    '' -- DefaultValue : STRING
);
INSERT INTO O_ATTR VALUES (
    "43f89e8d-d809-4067-a812-d1d57bb3a42d", -- Attr_ID : UNIQUE_ID
    "d8528470-976c-421b-a087-1201ac24302f", -- Obj_ID : UNIQUE_ID
    "af90ebd4-1702-491f-85cd-2d5dbfad46bb", -- PAttr_ID : UNIQUE_ID
    'Start_Date', -- Name : STRING
    '', -- Descrip : STRING
    '', -- Prefix : STRING
    'Start_Date', -- Root_Nam : STRING
    0, -- Pfx_Mode : INTEGER
    "ba5eda7a-def5-0000-0000-00000000000e", -- DT_ID : UNIQUE_ID
    '', -- Dimensions : STRING
    'null' -- DefaultValue : STRING
);
INSERT INTO O_ATTR VALUES (
    "341aac1f-99da-4a6e-88bf-1f0c4d4c5241", -- Attr_ID : UNIQUE_ID
    "20eeccf9-a28c-4875-94f5-245affd4f878", -- Obj_ID : UNIQUE_ID
    "00000000-0000-0000-0000-000000000000", -- PAttr_ID : UNIQUE_ID
    'Name', -- Name : STRING
    '', -- Descrip : STRING
    '', -- Prefix : STRING
    'Name', -- Root_Nam : STRING
    0, -- Pfx_Mode : INTEGER
    "ba5eda7a-def5-0000-0000-000000000004", -- DT_ID : UNIQUE_ID
    '', -- Dimensions : STRING
    '' -- DefaultValue : STRING
);
INSERT INTO O_ATTR VALUES (
    "254dbf3c-543b-463a-ac9c-a6cadce254fc", -- Attr_ID : UNIQUE_ID
    "20eeccf9-a28c-4875-94f5-245affd4f878", -- Obj_ID : UNIQUE_ID
    "341aac1f-99da-4a6e-88bf-1f0c4d4c5241", -- PAttr_ID : UNIQUE_ID
    'NumberOfAllowedDays', -- Name : STRING
    '', -- Descrip : STRING
    '', -- Prefix : STRING
    'NumberOfAllowedDays', -- Root_Nam : STRING
    0, -- Pfx_Mode : INTEGER
    "ba5eda7a-def5-0000-0000-000000000002", -- DT_ID : UNIQUE_ID
    '', -- Dimensions : STRING
    '' -- DefaultValue : STRING
);
INSERT INTO O_ATTR VALUES (
    "d4eda1c1-2837-4bc2-a72f-560c003f5ac7", -- Attr_ID : UNIQUE_ID
    "20eeccf9-a28c-4875-94f5-245affd4f878", -- Obj_ID : UNIQUE_ID
    "254dbf3c-543b-463a-ac9c-a6cadce254fc", -- PAttr_ID : UNIQUE_ID
    'Leave_ID', -- Name : STRING
    '', -- Descrip : STRING
    '', -- Prefix : STRING
    'Leave_ID', -- Root_Nam : STRING
    0, -- Pfx_Mode : INTEGER
    "ba5eda7a-def5-0000-0000-000000000002", -- DT_ID : UNIQUE_ID
    '', -- Dimensions : STRING
    '' -- DefaultValue : STRING
);
INSERT INTO O_BATTR VALUES (
    "c76f5210-d548-4a04-8c59-a4a3ccddad9d", -- Attr_ID : UNIQUE_ID
    "20391e7a-d5eb-43ec-849a-3af0009b3d41" -- Obj_ID : UNIQUE_ID
);
INSERT INTO O_BATTR VALUES (
    "c7fbe3b2-9fef-47ea-83db-2b3923222e8d", -- Attr_ID : UNIQUE_ID
    "20391e7a-d5eb-43ec-849a-3af0009b3d41" -- Obj_ID : UNIQUE_ID
);
INSERT INTO O_BATTR VALUES (
    "8e596c48-6d58-496e-8124-056a328f9889", -- Attr_ID : UNIQUE_ID
    "20391e7a-d5eb-43ec-849a-3af0009b3d41" -- Obj_ID : UNIQUE_ID
);
INSERT INTO O_BATTR VALUES (
    "7e42a956-78c5-4651-8efb-01820a985edd", -- Attr_ID : UNIQUE_ID
    "d8528470-976c-421b-a087-1201ac24302f" -- Obj_ID : UNIQUE_ID
);
INSERT INTO O_BATTR VALUES (
    "9066db86-0565-4761-9920-bcf2a1cd02d9", -- Attr_ID : UNIQUE_ID
    "d8528470-976c-421b-a087-1201ac24302f" -- Obj_ID : UNIQUE_ID
);
INSERT INTO O_BATTR VALUES (
    "10da70ec-c8aa-41a2-801c-33e8884587ab", -- Attr_ID : UNIQUE_ID
    "d8528470-976c-421b-a087-1201ac24302f" -- Obj_ID : UNIQUE_ID
);
INSERT INTO O_BATTR VALUES (
    "af90ebd4-1702-491f-85cd-2d5dbfad46bb", -- Attr_ID : UNIQUE_ID
    "d8528470-976c-421b-a087-1201ac24302f" -- Obj_ID : UNIQUE_ID
);
INSERT INTO O_BATTR VALUES (
    "43f89e8d-d809-4067-a812-d1d57bb3a42d", -- Attr_ID : UNIQUE_ID
    "d8528470-976c-421b-a087-1201ac24302f" -- Obj_ID : UNIQUE_ID
);
INSERT INTO O_BATTR VALUES (
    "341aac1f-99da-4a6e-88bf-1f0c4d4c5241", -- Attr_ID : UNIQUE_ID
    "20eeccf9-a28c-4875-94f5-245affd4f878" -- Obj_ID : UNIQUE_ID
);
INSERT INTO O_BATTR VALUES (
    "254dbf3c-543b-463a-ac9c-a6cadce254fc", -- Attr_ID : UNIQUE_ID
    "20eeccf9-a28c-4875-94f5-245affd4f878" -- Obj_ID : UNIQUE_ID
);
INSERT INTO O_BATTR VALUES (
    "d4eda1c1-2837-4bc2-a72f-560c003f5ac7", -- Attr_ID : UNIQUE_ID
    "20eeccf9-a28c-4875-94f5-245affd4f878" -- Obj_ID : UNIQUE_ID
);
INSERT INTO O_ID VALUES (
    0, -- Oid_ID : INTEGER
    "c3a6b183-30c2-44c6-b78d-0da61c03ab1a" -- Obj_ID : UNIQUE_ID
);
INSERT INTO O_ID VALUES (
    1, -- Oid_ID : INTEGER
    "c3a6b183-30c2-44c6-b78d-0da61c03ab1a" -- Obj_ID : UNIQUE_ID
);
INSERT INTO O_ID VALUES (
    2, -- Oid_ID : INTEGER
    "c3a6b183-30c2-44c6-b78d-0da61c03ab1a" -- Obj_ID : UNIQUE_ID
);
INSERT INTO O_ID VALUES (
    0, -- Oid_ID : INTEGER
    "20391e7a-d5eb-43ec-849a-3af0009b3d41" -- Obj_ID : UNIQUE_ID
);
INSERT INTO O_ID VALUES (
    1, -- Oid_ID : INTEGER
    "20391e7a-d5eb-43ec-849a-3af0009b3d41" -- Obj_ID : UNIQUE_ID
);
INSERT INTO O_ID VALUES (
    2, -- Oid_ID : INTEGER
    "20391e7a-d5eb-43ec-849a-3af0009b3d41" -- Obj_ID : UNIQUE_ID
);
INSERT INTO O_ID VALUES (
    0, -- Oid_ID : INTEGER
    "4a80087c-c803-4a0f-a3b9-f16cbef89426" -- Obj_ID : UNIQUE_ID
);
INSERT INTO O_ID VALUES (
    1, -- Oid_ID : INTEGER
    "4a80087c-c803-4a0f-a3b9-f16cbef89426" -- Obj_ID : UNIQUE_ID
);
INSERT INTO O_ID VALUES (
    2, -- Oid_ID : INTEGER
    "4a80087c-c803-4a0f-a3b9-f16cbef89426" -- Obj_ID : UNIQUE_ID
);
INSERT INTO O_ID VALUES (
    0, -- Oid_ID : INTEGER
    "6ebd6869-c24e-4efa-81a8-0cdf8005ec5e" -- Obj_ID : UNIQUE_ID
);
INSERT INTO O_ID VALUES (
    1, -- Oid_ID : INTEGER
    "6ebd6869-c24e-4efa-81a8-0cdf8005ec5e" -- Obj_ID : UNIQUE_ID
);
INSERT INTO O_ID VALUES (
    2, -- Oid_ID : INTEGER
    "6ebd6869-c24e-4efa-81a8-0cdf8005ec5e" -- Obj_ID : UNIQUE_ID
);
INSERT INTO O_ID VALUES (
    0, -- Oid_ID : INTEGER
    "519ecf55-8cb0-4528-8eba-2916d04baeec" -- Obj_ID : UNIQUE_ID
);
INSERT INTO O_ID VALUES (
    1, -- Oid_ID : INTEGER
    "519ecf55-8cb0-4528-8eba-2916d04baeec" -- Obj_ID : UNIQUE_ID
);
INSERT INTO O_ID VALUES (
    2, -- Oid_ID : INTEGER
    "519ecf55-8cb0-4528-8eba-2916d04baeec" -- Obj_ID : UNIQUE_ID
);
INSERT INTO O_ID VALUES (
    0, -- Oid_ID : INTEGER
    "9ce5008a-4114-4774-952c-3528dea16a28" -- Obj_ID : UNIQUE_ID
);
INSERT INTO O_ID VALUES (
    1, -- Oid_ID : INTEGER
    "9ce5008a-4114-4774-952c-3528dea16a28" -- Obj_ID : UNIQUE_ID
);
INSERT INTO O_ID VALUES (
    2, -- Oid_ID : INTEGER
    "9ce5008a-4114-4774-952c-3528dea16a28" -- Obj_ID : UNIQUE_ID
);
INSERT INTO O_ID VALUES (
    0, -- Oid_ID : INTEGER
    "d8528470-976c-421b-a087-1201ac24302f" -- Obj_ID : UNIQUE_ID
);
INSERT INTO O_ID VALUES (
    1, -- Oid_ID : INTEGER
    "d8528470-976c-421b-a087-1201ac24302f" -- Obj_ID : UNIQUE_ID
);
INSERT INTO O_ID VALUES (
    2, -- Oid_ID : INTEGER
    "d8528470-976c-421b-a087-1201ac24302f" -- Obj_ID : UNIQUE_ID
);
INSERT INTO O_ID VALUES (
    0, -- Oid_ID : INTEGER
    "e0b6f415-1969-40c5-bbef-cdadc4cc951a" -- Obj_ID : UNIQUE_ID
);
INSERT INTO O_ID VALUES (
    1, -- Oid_ID : INTEGER
    "e0b6f415-1969-40c5-bbef-cdadc4cc951a" -- Obj_ID : UNIQUE_ID
);
INSERT INTO O_ID VALUES (
    2, -- Oid_ID : INTEGER
    "e0b6f415-1969-40c5-bbef-cdadc4cc951a" -- Obj_ID : UNIQUE_ID
);
INSERT INTO O_ID VALUES (
    0, -- Oid_ID : INTEGER
    "20eeccf9-a28c-4875-94f5-245affd4f878" -- Obj_ID : UNIQUE_ID
);
INSERT INTO O_ID VALUES (
    1, -- Oid_ID : INTEGER
    "20eeccf9-a28c-4875-94f5-245affd4f878" -- Obj_ID : UNIQUE_ID
);
INSERT INTO O_ID VALUES (
    2, -- Oid_ID : INTEGER
    "20eeccf9-a28c-4875-94f5-245affd4f878" -- Obj_ID : UNIQUE_ID
);
INSERT INTO O_NBATTR VALUES (
    "c76f5210-d548-4a04-8c59-a4a3ccddad9d", -- Attr_ID : UNIQUE_ID
    "20391e7a-d5eb-43ec-849a-3af0009b3d41" -- Obj_ID : UNIQUE_ID
);
INSERT INTO O_NBATTR VALUES (
    "c7fbe3b2-9fef-47ea-83db-2b3923222e8d", -- Attr_ID : UNIQUE_ID
    "20391e7a-d5eb-43ec-849a-3af0009b3d41" -- Obj_ID : UNIQUE_ID
);
INSERT INTO O_NBATTR VALUES (
    "8e596c48-6d58-496e-8124-056a328f9889", -- Attr_ID : UNIQUE_ID
    "20391e7a-d5eb-43ec-849a-3af0009b3d41" -- Obj_ID : UNIQUE_ID
);
INSERT INTO O_NBATTR VALUES (
    "7e42a956-78c5-4651-8efb-01820a985edd", -- Attr_ID : UNIQUE_ID
    "d8528470-976c-421b-a087-1201ac24302f" -- Obj_ID : UNIQUE_ID
);
INSERT INTO O_NBATTR VALUES (
    "9066db86-0565-4761-9920-bcf2a1cd02d9", -- Attr_ID : UNIQUE_ID
    "d8528470-976c-421b-a087-1201ac24302f" -- Obj_ID : UNIQUE_ID
);
INSERT INTO O_NBATTR VALUES (
    "10da70ec-c8aa-41a2-801c-33e8884587ab", -- Attr_ID : UNIQUE_ID
    "d8528470-976c-421b-a087-1201ac24302f" -- Obj_ID : UNIQUE_ID
);
INSERT INTO O_NBATTR VALUES (
    "af90ebd4-1702-491f-85cd-2d5dbfad46bb", -- Attr_ID : UNIQUE_ID
    "d8528470-976c-421b-a087-1201ac24302f" -- Obj_ID : UNIQUE_ID
);
INSERT INTO O_NBATTR VALUES (
    "43f89e8d-d809-4067-a812-d1d57bb3a42d", -- Attr_ID : UNIQUE_ID
    "d8528470-976c-421b-a087-1201ac24302f" -- Obj_ID : UNIQUE_ID
);
INSERT INTO O_NBATTR VALUES (
    "341aac1f-99da-4a6e-88bf-1f0c4d4c5241", -- Attr_ID : UNIQUE_ID
    "20eeccf9-a28c-4875-94f5-245affd4f878" -- Obj_ID : UNIQUE_ID
);
INSERT INTO O_NBATTR VALUES (
    "254dbf3c-543b-463a-ac9c-a6cadce254fc", -- Attr_ID : UNIQUE_ID
    "20eeccf9-a28c-4875-94f5-245affd4f878" -- Obj_ID : UNIQUE_ID
);
INSERT INTO O_NBATTR VALUES (
    "d4eda1c1-2837-4bc2-a72f-560c003f5ac7", -- Attr_ID : UNIQUE_ID
    "20eeccf9-a28c-4875-94f5-245affd4f878" -- Obj_ID : UNIQUE_ID
);
INSERT INTO O_OBJ VALUES (
    "c3a6b183-30c2-44c6-b78d-0da61c03ab1a", -- Obj_ID : UNIQUE_ID
    'Bonus', -- Name : STRING
    4, -- Numb : INTEGER
    'Bonus', -- Key_Lett : STRING
    '', -- Descrip : STRING
    "00000000-0000-0000-0000-000000000000" -- SS_ID : UNIQUE_ID
);
INSERT INTO O_OBJ VALUES (
    "20391e7a-d5eb-43ec-849a-3af0009b3d41", -- Obj_ID : UNIQUE_ID
    'Employee_Leave', -- Name : STRING
    3, -- Numb : INTEGER
    'Employee_Leave', -- Key_Lett : STRING
    '', -- Descrip : STRING
    "00000000-0000-0000-0000-000000000000" -- SS_ID : UNIQUE_ID
);
INSERT INTO O_OBJ VALUES (
    "4a80087c-c803-4a0f-a3b9-f16cbef89426", -- Obj_ID : UNIQUE_ID
    'Payment', -- Name : STRING
    10, -- Numb : INTEGER
    'Payment', -- Key_Lett : STRING
    '', -- Descrip : STRING
    "00000000-0000-0000-0000-000000000000" -- SS_ID : UNIQUE_ID
);
INSERT INTO O_OBJ VALUES (
    "6ebd6869-c24e-4efa-81a8-0cdf8005ec5e", -- Obj_ID : UNIQUE_ID
    'Pay', -- Name : STRING
    8, -- Numb : INTEGER
    'Pay', -- Key_Lett : STRING
    '', -- Descrip : STRING
    "00000000-0000-0000-0000-000000000000" -- SS_ID : UNIQUE_ID
);
INSERT INTO O_OBJ VALUES (
    "519ecf55-8cb0-4528-8eba-2916d04baeec", -- Obj_ID : UNIQUE_ID
    'Grade', -- Name : STRING
    7, -- Numb : INTEGER
    'Grade', -- Key_Lett : STRING
    '', -- Descrip : STRING
    "00000000-0000-0000-0000-000000000000" -- SS_ID : UNIQUE_ID
);
INSERT INTO O_OBJ VALUES (
    "9ce5008a-4114-4774-952c-3528dea16a28", -- Obj_ID : UNIQUE_ID
    'Employee_Pay', -- Name : STRING
    9, -- Numb : INTEGER
    'Employee_Pay', -- Key_Lett : STRING
    '', -- Descrip : STRING
    "00000000-0000-0000-0000-000000000000" -- SS_ID : UNIQUE_ID
);
INSERT INTO O_OBJ VALUES (
    "d8528470-976c-421b-a087-1201ac24302f", -- Obj_ID : UNIQUE_ID
    'Employee', -- Name : STRING
    1, -- Numb : INTEGER
    'EM', -- Key_Lett : STRING
    '', -- Descrip : STRING
    "00000000-0000-0000-0000-000000000000" -- SS_ID : UNIQUE_ID
);
INSERT INTO O_OBJ VALUES (
    "e0b6f415-1969-40c5-bbef-cdadc4cc951a", -- Obj_ID : UNIQUE_ID
    'Overtime', -- Name : STRING
    6, -- Numb : INTEGER
    'Overtime', -- Key_Lett : STRING
    '', -- Descrip : STRING
    "00000000-0000-0000-0000-000000000000" -- SS_ID : UNIQUE_ID
);
INSERT INTO O_OBJ VALUES (
    "20eeccf9-a28c-4875-94f5-245affd4f878", -- Obj_ID : UNIQUE_ID
    'Leave', -- Name : STRING
    2, -- Numb : INTEGER
    'Leave', -- Key_Lett : STRING
    '', -- Descrip : STRING
    "00000000-0000-0000-0000-000000000000" -- SS_ID : UNIQUE_ID
);
INSERT INTO O_OIDA VALUES (
    "68c874f2-eb53-47f9-9234-fdd5c9ca7981", -- Attr_ID : UNIQUE_ID
    "20391e7a-d5eb-43ec-849a-3af0009b3d41", -- Obj_ID : UNIQUE_ID
    0, -- Oid_ID : INTEGER
    'National_ID' -- localAttributeName : STRING
);
INSERT INTO O_OIDA VALUES (
    "e1b508ae-8232-4ad6-b06c-d3fc47056a65", -- Attr_ID : UNIQUE_ID
    "20391e7a-d5eb-43ec-849a-3af0009b3d41", -- Obj_ID : UNIQUE_ID
    0, -- Oid_ID : INTEGER
    'Leave_ID' -- localAttributeName : STRING
);
INSERT INTO O_OIDA VALUES (
    "9066db86-0565-4761-9920-bcf2a1cd02d9", -- Attr_ID : UNIQUE_ID
    "d8528470-976c-421b-a087-1201ac24302f", -- Obj_ID : UNIQUE_ID
    0, -- Oid_ID : INTEGER
    'National_ID' -- localAttributeName : STRING
);
INSERT INTO O_OIDA VALUES (
    "d4eda1c1-2837-4bc2-a72f-560c003f5ac7", -- Attr_ID : UNIQUE_ID
    "20eeccf9-a28c-4875-94f5-245affd4f878", -- Obj_ID : UNIQUE_ID
    0, -- Oid_ID : INTEGER
    'Leave_ID' -- localAttributeName : STRING
);
INSERT INTO O_OIDA VALUES (
    "341aac1f-99da-4a6e-88bf-1f0c4d4c5241", -- Attr_ID : UNIQUE_ID
    "20eeccf9-a28c-4875-94f5-245affd4f878", -- Obj_ID : UNIQUE_ID
    1, -- Oid_ID : INTEGER
    'Name' -- localAttributeName : STRING
);
INSERT INTO O_RATTR VALUES (
    "68c874f2-eb53-47f9-9234-fdd5c9ca7981", -- Attr_ID : UNIQUE_ID
    "20391e7a-d5eb-43ec-849a-3af0009b3d41", -- Obj_ID : UNIQUE_ID
    "9066db86-0565-4761-9920-bcf2a1cd02d9", -- BAttr_ID : UNIQUE_ID
    "d8528470-976c-421b-a087-1201ac24302f", -- BObj_ID : UNIQUE_ID
    1, -- Ref_Mode : INTEGER
    'National_ID' -- BaseAttrName : STRING
);
INSERT INTO O_RATTR VALUES (
    "e1b508ae-8232-4ad6-b06c-d3fc47056a65", -- Attr_ID : UNIQUE_ID
    "20391e7a-d5eb-43ec-849a-3af0009b3d41", -- Obj_ID : UNIQUE_ID
    "d4eda1c1-2837-4bc2-a72f-560c003f5ac7", -- BAttr_ID : UNIQUE_ID
    "20eeccf9-a28c-4875-94f5-245affd4f878", -- BObj_ID : UNIQUE_ID
    1, -- Ref_Mode : INTEGER
    'Leave_ID' -- BaseAttrName : STRING
);
INSERT INTO O_REF VALUES (
    "20391e7a-d5eb-43ec-849a-3af0009b3d41", -- Obj_ID : UNIQUE_ID
    "d8528470-976c-421b-a087-1201ac24302f", -- RObj_ID : UNIQUE_ID
    0, -- ROid_ID : INTEGER
    "9066db86-0565-4761-9920-bcf2a1cd02d9", -- RAttr_ID : UNIQUE_ID
    "ae8bfc83-f458-4499-85f3-5a2ce8b49a22", -- Rel_ID : UNIQUE_ID
    "a8183480-3b80-4baa-8fc6-bf7d78012309", -- OIR_ID : UNIQUE_ID
    "97cb71b6-2cec-47ba-b5ec-2a223b894c34", -- ROIR_ID : UNIQUE_ID
    "68c874f2-eb53-47f9-9234-fdd5c9ca7981", -- Attr_ID : UNIQUE_ID
    "5ca6cec1-4759-4b9f-a785-89e76aa79f90", -- ARef_ID : UNIQUE_ID
    "00000000-0000-0000-0000-000000000000", -- PARef_ID : UNIQUE_ID
    0, -- Is_Cstrd : BOOLEAN
    '', -- Descrip : STRING
    'Employee', -- RObj_Name : STRING
    'National_ID', -- RAttr_Name : STRING
    'R1' -- Rel_Name : STRING
);
INSERT INTO O_REF VALUES (
    "20391e7a-d5eb-43ec-849a-3af0009b3d41", -- Obj_ID : UNIQUE_ID
    "20eeccf9-a28c-4875-94f5-245affd4f878", -- RObj_ID : UNIQUE_ID
    0, -- ROid_ID : INTEGER
    "d4eda1c1-2837-4bc2-a72f-560c003f5ac7", -- RAttr_ID : UNIQUE_ID
    "ae8bfc83-f458-4499-85f3-5a2ce8b49a22", -- Rel_ID : UNIQUE_ID
    "a8183480-3b80-4baa-8fc6-bf7d78012309", -- OIR_ID : UNIQUE_ID
    "c8c0492e-b7ca-4906-826e-6ffe50580cbe", -- ROIR_ID : UNIQUE_ID
    "e1b508ae-8232-4ad6-b06c-d3fc47056a65", -- Attr_ID : UNIQUE_ID
    "9f9021ac-d8a6-4cad-bb98-ff2778278afc", -- ARef_ID : UNIQUE_ID
    "00000000-0000-0000-0000-000000000000", -- PARef_ID : UNIQUE_ID
    0, -- Is_Cstrd : BOOLEAN
    '', -- Descrip : STRING
    'Leave', -- RObj_Name : STRING
    'Leave_ID', -- RAttr_Name : STRING
    'R1' -- Rel_Name : STRING
);
INSERT INTO O_RTIDA VALUES (
    "9066db86-0565-4761-9920-bcf2a1cd02d9", -- Attr_ID : UNIQUE_ID
    "d8528470-976c-421b-a087-1201ac24302f", -- Obj_ID : UNIQUE_ID
    0, -- Oid_ID : INTEGER
    "ae8bfc83-f458-4499-85f3-5a2ce8b49a22", -- Rel_ID : UNIQUE_ID
    "97cb71b6-2cec-47ba-b5ec-2a223b894c34" -- OIR_ID : UNIQUE_ID
);
INSERT INTO O_RTIDA VALUES (
    "d4eda1c1-2837-4bc2-a72f-560c003f5ac7", -- Attr_ID : UNIQUE_ID
    "20eeccf9-a28c-4875-94f5-245affd4f878", -- Obj_ID : UNIQUE_ID
    0, -- Oid_ID : INTEGER
    "ae8bfc83-f458-4499-85f3-5a2ce8b49a22", -- Rel_ID : UNIQUE_ID
    "c8c0492e-b7ca-4906-826e-6ffe50580cbe" -- OIR_ID : UNIQUE_ID
);
INSERT INTO O_TFR VALUES (
    "405baa66-75e7-4b59-bf9b-44fc101b3b87", -- Tfr_ID : UNIQUE_ID
    "d8528470-976c-421b-a087-1201ac24302f", -- Obj_ID : UNIQUE_ID
    'createEmployee', -- Name : STRING
    '', -- Descrip : STRING
    "ba5eda7a-def5-0000-0000-000000000000", -- DT_ID : UNIQUE_ID
    1, -- Instance_Based : INTEGER
    '	
	
create object instance employee of EM;

employee.FName = param.FName;
employee.LName = param.LName;
employee.National_ID = param.National_ID;', -- Action_Semantics_internal : STRING
    1, -- Suc_Pars : INTEGER
    '', -- Return_Dimensions : STRING
    "00000000-0000-0000-0000-000000000000", -- Previous_Tfr_ID : UNIQUE_ID
    0 -- Dialect : INTEGER
);
INSERT INTO O_TFR VALUES (
    "95ff5b03-8893-4449-815a-a6d1369bf7bc", -- Tfr_ID : UNIQUE_ID
    "20eeccf9-a28c-4875-94f5-245affd4f878", -- Obj_ID : UNIQUE_ID
    'createLeave', -- Name : STRING
    '', -- Descrip : STRING
    "ba5eda7a-def5-0000-0000-000000000000", -- DT_ID : UNIQUE_ID
    1, -- Instance_Based : INTEGER
    'create object instance leave of Leave;
	leave.Name = param.Name;
	leave.NumberOfAllowedDays = param.NumberOfAllowedDays;
 ', -- Action_Semantics_internal : STRING
    1, -- Suc_Pars : INTEGER
    '', -- Return_Dimensions : STRING
    "00000000-0000-0000-0000-000000000000", -- Previous_Tfr_ID : UNIQUE_ID
    0 -- Dialect : INTEGER
);
INSERT INTO O_TPARM VALUES (
    "a9e77999-b951-4b68-ab86-bf43a9cf5a45", -- TParm_ID : UNIQUE_ID
    "405baa66-75e7-4b59-bf9b-44fc101b3b87", -- Tfr_ID : UNIQUE_ID
    'FName', -- Name : STRING
    "ba5eda7a-def5-0000-0000-000000000004", -- DT_ID : UNIQUE_ID
    0, -- By_Ref : INTEGER
    '', -- Dimensions : STRING
    "00000000-0000-0000-0000-000000000000", -- Previous_TParm_ID : UNIQUE_ID
    '' -- Descrip : STRING
);
INSERT INTO O_TPARM VALUES (
    "04bd46df-5a2e-4b22-804b-6f730d9adbfb", -- TParm_ID : UNIQUE_ID
    "405baa66-75e7-4b59-bf9b-44fc101b3b87", -- Tfr_ID : UNIQUE_ID
    'LName', -- Name : STRING
    "ba5eda7a-def5-0000-0000-000000000004", -- DT_ID : UNIQUE_ID
    0, -- By_Ref : INTEGER
    '', -- Dimensions : STRING
    "a9e77999-b951-4b68-ab86-bf43a9cf5a45", -- Previous_TParm_ID : UNIQUE_ID
    '' -- Descrip : STRING
);
INSERT INTO O_TPARM VALUES (
    "b69dff9e-b8bb-4581-86a2-1c1408c29f5f", -- TParm_ID : UNIQUE_ID
    "405baa66-75e7-4b59-bf9b-44fc101b3b87", -- Tfr_ID : UNIQUE_ID
    'National_ID', -- Name : STRING
    "ba5eda7a-def5-0000-0000-000000000002", -- DT_ID : UNIQUE_ID
    0, -- By_Ref : INTEGER
    '', -- Dimensions : STRING
    "04bd46df-5a2e-4b22-804b-6f730d9adbfb", -- Previous_TParm_ID : UNIQUE_ID
    '' -- Descrip : STRING
);
INSERT INTO O_TPARM VALUES (
    "64fc2d2e-d3ec-4803-87ce-4a2e237dd9b6", -- TParm_ID : UNIQUE_ID
    "95ff5b03-8893-4449-815a-a6d1369bf7bc", -- Tfr_ID : UNIQUE_ID
    'Name', -- Name : STRING
    "ba5eda7a-def5-0000-0000-000000000004", -- DT_ID : UNIQUE_ID
    0, -- By_Ref : INTEGER
    '', -- Dimensions : STRING
    "00000000-0000-0000-0000-000000000000", -- Previous_TParm_ID : UNIQUE_ID
    '' -- Descrip : STRING
);
INSERT INTO O_TPARM VALUES (
    "d1580ed6-e52b-42a7-a8ef-93942757c3be", -- TParm_ID : UNIQUE_ID
    "95ff5b03-8893-4449-815a-a6d1369bf7bc", -- Tfr_ID : UNIQUE_ID
    'NumberOfAllowedDays', -- Name : STRING
    "ba5eda7a-def5-0000-0000-000000000002", -- DT_ID : UNIQUE_ID
    0, -- By_Ref : INTEGER
    '', -- Dimensions : STRING
    "64fc2d2e-d3ec-4803-87ce-4a2e237dd9b6", -- Previous_TParm_ID : UNIQUE_ID
    '' -- Descrip : STRING
);
INSERT INTO PE_PE VALUES (
    "ba5eda7a-def5-0000-0000-000000000000", -- Element_ID : UNIQUE_ID
    1, -- Visibility : INTEGER
    "00000000-0000-0000-0000-000000000000", -- Package_ID : UNIQUE_ID
    "00000000-0000-0000-0000-000000000000", -- Component_ID : UNIQUE_ID
    3 -- type : INTEGER
);
INSERT INTO PE_PE VALUES (
    "ba5eda7a-def5-0000-0000-000000000001", -- Element_ID : UNIQUE_ID
    1, -- Visibility : INTEGER
    "00000000-0000-0000-0000-000000000000", -- Package_ID : UNIQUE_ID
    "00000000-0000-0000-0000-000000000000", -- Component_ID : UNIQUE_ID
    3 -- type : INTEGER
);
INSERT INTO PE_PE VALUES (
    "ba5eda7a-def5-0000-0000-000000000002", -- Element_ID : UNIQUE_ID
    1, -- Visibility : INTEGER
    "00000000-0000-0000-0000-000000000000", -- Package_ID : UNIQUE_ID
    "00000000-0000-0000-0000-000000000000", -- Component_ID : UNIQUE_ID
    3 -- type : INTEGER
);
INSERT INTO PE_PE VALUES (
    "ba5eda7a-def5-0000-0000-000000000003", -- Element_ID : UNIQUE_ID
    1, -- Visibility : INTEGER
    "00000000-0000-0000-0000-000000000000", -- Package_ID : UNIQUE_ID
    "00000000-0000-0000-0000-000000000000", -- Component_ID : UNIQUE_ID
    3 -- type : INTEGER
);
INSERT INTO PE_PE VALUES (
    "ba5eda7a-def5-0000-0000-000000000004", -- Element_ID : UNIQUE_ID
    1, -- Visibility : INTEGER
    "00000000-0000-0000-0000-000000000000", -- Package_ID : UNIQUE_ID
    "00000000-0000-0000-0000-000000000000", -- Component_ID : UNIQUE_ID
    3 -- type : INTEGER
);
INSERT INTO PE_PE VALUES (
    "ba5eda7a-def5-0000-0000-000000000005", -- Element_ID : UNIQUE_ID
    1, -- Visibility : INTEGER
    "00000000-0000-0000-0000-000000000000", -- Package_ID : UNIQUE_ID
    "00000000-0000-0000-0000-000000000000", -- Component_ID : UNIQUE_ID
    3 -- type : INTEGER
);
INSERT INTO PE_PE VALUES (
    "ba5eda7a-def5-0000-0000-000000000006", -- Element_ID : UNIQUE_ID
    1, -- Visibility : INTEGER
    "00000000-0000-0000-0000-000000000000", -- Package_ID : UNIQUE_ID
    "00000000-0000-0000-0000-000000000000", -- Component_ID : UNIQUE_ID
    3 -- type : INTEGER
);
INSERT INTO PE_PE VALUES (
    "ba5eda7a-def5-0000-0000-000000000007", -- Element_ID : UNIQUE_ID
    1, -- Visibility : INTEGER
    "00000000-0000-0000-0000-000000000000", -- Package_ID : UNIQUE_ID
    "00000000-0000-0000-0000-000000000000", -- Component_ID : UNIQUE_ID
    3 -- type : INTEGER
);
INSERT INTO PE_PE VALUES (
    "ba5eda7a-def5-0000-0000-000000000008", -- Element_ID : UNIQUE_ID
    1, -- Visibility : INTEGER
    "00000000-0000-0000-0000-000000000000", -- Package_ID : UNIQUE_ID
    "00000000-0000-0000-0000-000000000000", -- Component_ID : UNIQUE_ID
    3 -- type : INTEGER
);
INSERT INTO PE_PE VALUES (
    "ba5eda7a-def5-0000-0000-000000000009", -- Element_ID : UNIQUE_ID
    1, -- Visibility : INTEGER
    "00000000-0000-0000-0000-000000000000", -- Package_ID : UNIQUE_ID
    "00000000-0000-0000-0000-000000000000", -- Component_ID : UNIQUE_ID
    3 -- type : INTEGER
);
INSERT INTO PE_PE VALUES (
    "ba5eda7a-def5-0000-0000-00000000000a", -- Element_ID : UNIQUE_ID
    1, -- Visibility : INTEGER
    "00000000-0000-0000-0000-000000000000", -- Package_ID : UNIQUE_ID
    "00000000-0000-0000-0000-000000000000", -- Component_ID : UNIQUE_ID
    3 -- type : INTEGER
);
INSERT INTO PE_PE VALUES (
    "ba5eda7a-def5-0000-0000-00000000000b", -- Element_ID : UNIQUE_ID
    1, -- Visibility : INTEGER
    "00000000-0000-0000-0000-000000000000", -- Package_ID : UNIQUE_ID
    "00000000-0000-0000-0000-000000000000", -- Component_ID : UNIQUE_ID
    3 -- type : INTEGER
);
INSERT INTO PE_PE VALUES (
    "ba5eda7a-def5-0000-0000-00000000000c", -- Element_ID : UNIQUE_ID
    1, -- Visibility : INTEGER
    "00000000-0000-0000-0000-000000000000", -- Package_ID : UNIQUE_ID
    "00000000-0000-0000-0000-000000000000", -- Component_ID : UNIQUE_ID
    3 -- type : INTEGER
);
INSERT INTO PE_PE VALUES (
    "ba5eda7a-def5-0000-0000-00000000000d", -- Element_ID : UNIQUE_ID
    1, -- Visibility : INTEGER
    "00000000-0000-0000-0000-000000000000", -- Package_ID : UNIQUE_ID
    "00000000-0000-0000-0000-000000000000", -- Component_ID : UNIQUE_ID
    3 -- type : INTEGER
);
INSERT INTO PE_PE VALUES (
    "ba5eda7a-def5-0000-0000-00000000000e", -- Element_ID : UNIQUE_ID
    1, -- Visibility : INTEGER
    "00000000-0000-0000-0000-000000000000", -- Package_ID : UNIQUE_ID
    "00000000-0000-0000-0000-000000000000", -- Component_ID : UNIQUE_ID
    3 -- type : INTEGER
);
INSERT INTO PE_PE VALUES (
    "ba5eda7a-def5-0000-0000-00000000000f", -- Element_ID : UNIQUE_ID
    1, -- Visibility : INTEGER
    "00000000-0000-0000-0000-000000000000", -- Package_ID : UNIQUE_ID
    "00000000-0000-0000-0000-000000000000", -- Component_ID : UNIQUE_ID
    3 -- type : INTEGER
);
INSERT INTO PE_PE VALUES (
    "ba5eda7a-def5-0000-0000-000000000010", -- Element_ID : UNIQUE_ID
    1, -- Visibility : INTEGER
    "00000000-0000-0000-0000-000000000000", -- Package_ID : UNIQUE_ID
    "00000000-0000-0000-0000-000000000000", -- Component_ID : UNIQUE_ID
    3 -- type : INTEGER
);
INSERT INTO PE_PE VALUES (
    "301ed0ee-cd6b-49d6-949f-df904baa862c", -- Element_ID : UNIQUE_ID
    1, -- Visibility : INTEGER
    "63980537-a12c-49e3-a1f9-8bd1a2489218", -- Package_ID : UNIQUE_ID
    "00000000-0000-0000-0000-000000000000", -- Component_ID : UNIQUE_ID
    5 -- type : INTEGER
);
INSERT INTO PE_PE VALUES (
    "fb3760d2-2a3e-463f-bd24-66cd25fdba39", -- Element_ID : UNIQUE_ID
    1, -- Visibility : INTEGER
    "63980537-a12c-49e3-a1f9-8bd1a2489218", -- Package_ID : UNIQUE_ID
    "00000000-0000-0000-0000-000000000000", -- Component_ID : UNIQUE_ID
    5 -- type : INTEGER
);
INSERT INTO PE_PE VALUES (
    "0cbe8000-b94e-43c0-a74e-b3d9f70bb59d", -- Element_ID : UNIQUE_ID
    1, -- Visibility : INTEGER
    "63980537-a12c-49e3-a1f9-8bd1a2489218", -- Package_ID : UNIQUE_ID
    "00000000-0000-0000-0000-000000000000", -- Component_ID : UNIQUE_ID
    5 -- type : INTEGER
);
INSERT INTO PE_PE VALUES (
    "2c85491d-6998-469c-bc26-d447450f7f85", -- Element_ID : UNIQUE_ID
    1, -- Visibility : INTEGER
    "63980537-a12c-49e3-a1f9-8bd1a2489218", -- Package_ID : UNIQUE_ID
    "00000000-0000-0000-0000-000000000000", -- Component_ID : UNIQUE_ID
    5 -- type : INTEGER
);
INSERT INTO PE_PE VALUES (
    "33d21480-69a2-4ed7-9fd6-4b0d734cf2a9", -- Element_ID : UNIQUE_ID
    1, -- Visibility : INTEGER
    "63980537-a12c-49e3-a1f9-8bd1a2489218", -- Package_ID : UNIQUE_ID
    "00000000-0000-0000-0000-000000000000", -- Component_ID : UNIQUE_ID
    5 -- type : INTEGER
);
INSERT INTO PE_PE VALUES (
    "445e6cf8-2b35-4c6d-b9ff-1db8125259dc", -- Element_ID : UNIQUE_ID
    1, -- Visibility : INTEGER
    "63980537-a12c-49e3-a1f9-8bd1a2489218", -- Package_ID : UNIQUE_ID
    "00000000-0000-0000-0000-000000000000", -- Component_ID : UNIQUE_ID
    5 -- type : INTEGER
);
INSERT INTO PE_PE VALUES (
    "c9877e9a-7dfe-4912-b126-3e0d533cabd5", -- Element_ID : UNIQUE_ID
    1, -- Visibility : INTEGER
    "63980537-a12c-49e3-a1f9-8bd1a2489218", -- Package_ID : UNIQUE_ID
    "00000000-0000-0000-0000-000000000000", -- Component_ID : UNIQUE_ID
    5 -- type : INTEGER
);
INSERT INTO PE_PE VALUES (
    "63980537-a12c-49e3-a1f9-8bd1a2489218", -- Element_ID : UNIQUE_ID
    1, -- Visibility : INTEGER
    "00000000-0000-0000-0000-000000000000", -- Package_ID : UNIQUE_ID
    "00000000-0000-0000-0000-000000000000", -- Component_ID : UNIQUE_ID
    7 -- type : INTEGER
);
INSERT INTO PE_PE VALUES (
    "4525dfcd-89bc-4810-bceb-c727b8c25e05", -- Element_ID : UNIQUE_ID
    1, -- Visibility : INTEGER
    "12c213af-4b2d-4e49-890c-453aa4660620", -- Package_ID : UNIQUE_ID
    "00000000-0000-0000-0000-000000000000", -- Component_ID : UNIQUE_ID
    5 -- type : INTEGER
);
INSERT INTO PE_PE VALUES (
    "12c213af-4b2d-4e49-890c-453aa4660620", -- Element_ID : UNIQUE_ID
    1, -- Visibility : INTEGER
    "00000000-0000-0000-0000-000000000000", -- Package_ID : UNIQUE_ID
    "00000000-0000-0000-0000-000000000000", -- Component_ID : UNIQUE_ID
    7 -- type : INTEGER
);
INSERT INTO PE_PE VALUES (
    "3c9187e2-faac-4b05-986d-04c751e1632b", -- Element_ID : UNIQUE_ID
    1, -- Visibility : INTEGER
    "78fb3e55-9840-4511-a824-62393e628058", -- Package_ID : UNIQUE_ID
    "00000000-0000-0000-0000-000000000000", -- Component_ID : UNIQUE_ID
    5 -- type : INTEGER
);
INSERT INTO PE_PE VALUES (
    "78fb3e55-9840-4511-a824-62393e628058", -- Element_ID : UNIQUE_ID
    1, -- Visibility : INTEGER
    "00000000-0000-0000-0000-000000000000", -- Package_ID : UNIQUE_ID
    "00000000-0000-0000-0000-000000000000", -- Component_ID : UNIQUE_ID
    7 -- type : INTEGER
);
INSERT INTO PE_PE VALUES (
    "d6db4b3d-c6a5-400a-92b9-6a391237afbb", -- Element_ID : UNIQUE_ID
    1, -- Visibility : INTEGER
    "1df09104-1fdb-48ee-9ae7-06cc055c5770", -- Package_ID : UNIQUE_ID
    "00000000-0000-0000-0000-000000000000", -- Component_ID : UNIQUE_ID
    5 -- type : INTEGER
);
INSERT INTO PE_PE VALUES (
    "1df09104-1fdb-48ee-9ae7-06cc055c5770", -- Element_ID : UNIQUE_ID
    1, -- Visibility : INTEGER
    "00000000-0000-0000-0000-000000000000", -- Package_ID : UNIQUE_ID
    "00000000-0000-0000-0000-000000000000", -- Component_ID : UNIQUE_ID
    7 -- type : INTEGER
);
INSERT INTO PE_PE VALUES (
    "c03ccce5-cb73-48ca-b676-b00270c95839", -- Element_ID : UNIQUE_ID
    1, -- Visibility : INTEGER
    "ddbd5fec-558a-4967-bd11-9b09a6c6c428", -- Package_ID : UNIQUE_ID
    "00000000-0000-0000-0000-000000000000", -- Component_ID : UNIQUE_ID
    5 -- type : INTEGER
);
INSERT INTO PE_PE VALUES (
    "ddbd5fec-558a-4967-bd11-9b09a6c6c428", -- Element_ID : UNIQUE_ID
    1, -- Visibility : INTEGER
    "00000000-0000-0000-0000-000000000000", -- Package_ID : UNIQUE_ID
    "00000000-0000-0000-0000-000000000000", -- Component_ID : UNIQUE_ID
    7 -- type : INTEGER
);
INSERT INTO PE_PE VALUES (
    "c26641d6-6bfe-4fa5-b78d-533f6fb8d396", -- Element_ID : UNIQUE_ID
    1, -- Visibility : INTEGER
    "00000000-0000-0000-0000-000000000000", -- Package_ID : UNIQUE_ID
    "00000000-0000-0000-0000-000000000000", -- Component_ID : UNIQUE_ID
    7 -- type : INTEGER
);
INSERT INTO PE_PE VALUES (
    "8e4782c3-9567-4154-87b3-67069634e7a5", -- Element_ID : UNIQUE_ID
    1, -- Visibility : INTEGER
    "c26641d6-6bfe-4fa5-b78d-533f6fb8d396", -- Package_ID : UNIQUE_ID
    "00000000-0000-0000-0000-000000000000", -- Component_ID : UNIQUE_ID
    2 -- type : INTEGER
);
INSERT INTO PE_PE VALUES (
    "c3a6b183-30c2-44c6-b78d-0da61c03ab1a", -- Element_ID : UNIQUE_ID
    1, -- Visibility : INTEGER
    "fdd8efa1-97d4-4adc-a67d-1fb0bd49373b", -- Package_ID : UNIQUE_ID
    "00000000-0000-0000-0000-000000000000", -- Component_ID : UNIQUE_ID
    4 -- type : INTEGER
);
INSERT INTO PE_PE VALUES (
    "20391e7a-d5eb-43ec-849a-3af0009b3d41", -- Element_ID : UNIQUE_ID
    1, -- Visibility : INTEGER
    "fdd8efa1-97d4-4adc-a67d-1fb0bd49373b", -- Package_ID : UNIQUE_ID
    "00000000-0000-0000-0000-000000000000", -- Component_ID : UNIQUE_ID
    4 -- type : INTEGER
);
INSERT INTO PE_PE VALUES (
    "4a80087c-c803-4a0f-a3b9-f16cbef89426", -- Element_ID : UNIQUE_ID
    1, -- Visibility : INTEGER
    "fdd8efa1-97d4-4adc-a67d-1fb0bd49373b", -- Package_ID : UNIQUE_ID
    "00000000-0000-0000-0000-000000000000", -- Component_ID : UNIQUE_ID
    4 -- type : INTEGER
);
INSERT INTO PE_PE VALUES (
    "6ebd6869-c24e-4efa-81a8-0cdf8005ec5e", -- Element_ID : UNIQUE_ID
    1, -- Visibility : INTEGER
    "fdd8efa1-97d4-4adc-a67d-1fb0bd49373b", -- Package_ID : UNIQUE_ID
    "00000000-0000-0000-0000-000000000000", -- Component_ID : UNIQUE_ID
    4 -- type : INTEGER
);
INSERT INTO PE_PE VALUES (
    "519ecf55-8cb0-4528-8eba-2916d04baeec", -- Element_ID : UNIQUE_ID
    1, -- Visibility : INTEGER
    "fdd8efa1-97d4-4adc-a67d-1fb0bd49373b", -- Package_ID : UNIQUE_ID
    "00000000-0000-0000-0000-000000000000", -- Component_ID : UNIQUE_ID
    4 -- type : INTEGER
);
INSERT INTO PE_PE VALUES (
    "9ce5008a-4114-4774-952c-3528dea16a28", -- Element_ID : UNIQUE_ID
    1, -- Visibility : INTEGER
    "fdd8efa1-97d4-4adc-a67d-1fb0bd49373b", -- Package_ID : UNIQUE_ID
    "00000000-0000-0000-0000-000000000000", -- Component_ID : UNIQUE_ID
    4 -- type : INTEGER
);
INSERT INTO PE_PE VALUES (
    "ae8bfc83-f458-4499-85f3-5a2ce8b49a22", -- Element_ID : UNIQUE_ID
    1, -- Visibility : INTEGER
    "fdd8efa1-97d4-4adc-a67d-1fb0bd49373b", -- Package_ID : UNIQUE_ID
    "00000000-0000-0000-0000-000000000000", -- Component_ID : UNIQUE_ID
    9 -- type : INTEGER
);
INSERT INTO PE_PE VALUES (
    "1319ddbb-d1fe-4a6a-9633-fa3012756fe2", -- Element_ID : UNIQUE_ID
    1, -- Visibility : INTEGER
    "fdd8efa1-97d4-4adc-a67d-1fb0bd49373b", -- Package_ID : UNIQUE_ID
    "00000000-0000-0000-0000-000000000000", -- Component_ID : UNIQUE_ID
    9 -- type : INTEGER
);
INSERT INTO PE_PE VALUES (
    "e6d4a6b8-49b7-48f7-9c4d-08ffacf50fbe", -- Element_ID : UNIQUE_ID
    1, -- Visibility : INTEGER
    "fdd8efa1-97d4-4adc-a67d-1fb0bd49373b", -- Package_ID : UNIQUE_ID
    "00000000-0000-0000-0000-000000000000", -- Component_ID : UNIQUE_ID
    9 -- type : INTEGER
);
INSERT INTO PE_PE VALUES (
    "818547fa-b20d-4fb3-b0e9-0b626d0c2203", -- Element_ID : UNIQUE_ID
    1, -- Visibility : INTEGER
    "fdd8efa1-97d4-4adc-a67d-1fb0bd49373b", -- Package_ID : UNIQUE_ID
    "00000000-0000-0000-0000-000000000000", -- Component_ID : UNIQUE_ID
    9 -- type : INTEGER
);
INSERT INTO PE_PE VALUES (
    "fdd8efa1-97d4-4adc-a67d-1fb0bd49373b", -- Element_ID : UNIQUE_ID
    1, -- Visibility : INTEGER
    "00000000-0000-0000-0000-000000000000", -- Package_ID : UNIQUE_ID
    "8e4782c3-9567-4154-87b3-67069634e7a5", -- Component_ID : UNIQUE_ID
    7 -- type : INTEGER
);
INSERT INTO PE_PE VALUES (
    "d8528470-976c-421b-a087-1201ac24302f", -- Element_ID : UNIQUE_ID
    1, -- Visibility : INTEGER
    "fdd8efa1-97d4-4adc-a67d-1fb0bd49373b", -- Package_ID : UNIQUE_ID
    "00000000-0000-0000-0000-000000000000", -- Component_ID : UNIQUE_ID
    4 -- type : INTEGER
);
INSERT INTO PE_PE VALUES (
    "e0b6f415-1969-40c5-bbef-cdadc4cc951a", -- Element_ID : UNIQUE_ID
    1, -- Visibility : INTEGER
    "fdd8efa1-97d4-4adc-a67d-1fb0bd49373b", -- Package_ID : UNIQUE_ID
    "00000000-0000-0000-0000-000000000000", -- Component_ID : UNIQUE_ID
    4 -- type : INTEGER
);
INSERT INTO PE_PE VALUES (
    "20eeccf9-a28c-4875-94f5-245affd4f878", -- Element_ID : UNIQUE_ID
    1, -- Visibility : INTEGER
    "fdd8efa1-97d4-4adc-a67d-1fb0bd49373b", -- Package_ID : UNIQUE_ID
    "00000000-0000-0000-0000-000000000000", -- Component_ID : UNIQUE_ID
    4 -- type : INTEGER
);
INSERT INTO PE_PE VALUES (
    "8e6515f0-ca9a-424d-b35b-60f69ec5dcc5", -- Element_ID : UNIQUE_ID
    1, -- Visibility : INTEGER
    "cabf7045-c6ff-41a5-afe9-032eec941581", -- Package_ID : UNIQUE_ID
    "00000000-0000-0000-0000-000000000000", -- Component_ID : UNIQUE_ID
    1 -- type : INTEGER
);
INSERT INTO PE_PE VALUES (
    "cabf7045-c6ff-41a5-afe9-032eec941581", -- Element_ID : UNIQUE_ID
    1, -- Visibility : INTEGER
    "00000000-0000-0000-0000-000000000000", -- Package_ID : UNIQUE_ID
    "d81dc79e-6692-4a39-b6d9-f5fc0b765726", -- Component_ID : UNIQUE_ID
    7 -- type : INTEGER
);
INSERT INTO PE_PE VALUES (
    "d81dc79e-6692-4a39-b6d9-f5fc0b765726", -- Element_ID : UNIQUE_ID
    1, -- Visibility : INTEGER
    "2ac1b93e-087c-4999-856e-c988c703dec6", -- Package_ID : UNIQUE_ID
    "00000000-0000-0000-0000-000000000000", -- Component_ID : UNIQUE_ID
    2 -- type : INTEGER
);
INSERT INTO PE_PE VALUES (
    "941213f0-4346-48d9-89fe-196761630487", -- Element_ID : UNIQUE_ID
    1, -- Visibility : INTEGER
    "2ac1b93e-087c-4999-856e-c988c703dec6", -- Package_ID : UNIQUE_ID
    "00000000-0000-0000-0000-000000000000", -- Component_ID : UNIQUE_ID
    7 -- type : INTEGER
);
INSERT INTO PE_PE VALUES (
    "102214df-1d03-428f-9eb8-5c5ce18bfdae", -- Element_ID : UNIQUE_ID
    1, -- Visibility : INTEGER
    "941213f0-4346-48d9-89fe-196761630487", -- Package_ID : UNIQUE_ID
    "00000000-0000-0000-0000-000000000000", -- Component_ID : UNIQUE_ID
    6 -- type : INTEGER
);
INSERT INTO PE_PE VALUES (
    "1db612f7-881a-4a30-adad-f3a35c05bb90", -- Element_ID : UNIQUE_ID
    1, -- Visibility : INTEGER
    "941213f0-4346-48d9-89fe-196761630487", -- Package_ID : UNIQUE_ID
    "00000000-0000-0000-0000-000000000000", -- Component_ID : UNIQUE_ID
    6 -- type : INTEGER
);
INSERT INTO PE_PE VALUES (
    "2ac1b93e-087c-4999-856e-c988c703dec6", -- Element_ID : UNIQUE_ID
    1, -- Visibility : INTEGER
    "00000000-0000-0000-0000-000000000000", -- Package_ID : UNIQUE_ID
    "00000000-0000-0000-0000-000000000000", -- Component_ID : UNIQUE_ID
    7 -- type : INTEGER
);
INSERT INTO PE_PE VALUES (
    "98cffd3c-1858-4d8d-9ddc-cdd45128cdb4", -- Element_ID : UNIQUE_ID
    1, -- Visibility : INTEGER
    "dc314371-2fb0-467b-9c93-a6ac9803f4f9", -- Package_ID : UNIQUE_ID
    "00000000-0000-0000-0000-000000000000", -- Component_ID : UNIQUE_ID
    21 -- type : INTEGER
);
INSERT INTO PE_PE VALUES (
    "9f7504ac-7964-4c2b-a349-eb4a04d9ae61", -- Element_ID : UNIQUE_ID
    1, -- Visibility : INTEGER
    "dc314371-2fb0-467b-9c93-a6ac9803f4f9", -- Package_ID : UNIQUE_ID
    "00000000-0000-0000-0000-000000000000", -- Component_ID : UNIQUE_ID
    21 -- type : INTEGER
);
INSERT INTO PE_PE VALUES (
    "c6cf3541-75f0-4e04-940a-cc13cefd3a32", -- Element_ID : UNIQUE_ID
    1, -- Visibility : INTEGER
    "dc314371-2fb0-467b-9c93-a6ac9803f4f9", -- Package_ID : UNIQUE_ID
    "00000000-0000-0000-0000-000000000000", -- Component_ID : UNIQUE_ID
    22 -- type : INTEGER
);
INSERT INTO PE_PE VALUES (
    "27dc53aa-55fd-4f15-9614-0b7a457a4ef2", -- Element_ID : UNIQUE_ID
    1, -- Visibility : INTEGER
    "dc314371-2fb0-467b-9c93-a6ac9803f4f9", -- Package_ID : UNIQUE_ID
    "00000000-0000-0000-0000-000000000000", -- Component_ID : UNIQUE_ID
    22 -- type : INTEGER
);
INSERT INTO PE_PE VALUES (
    "dc314371-2fb0-467b-9c93-a6ac9803f4f9", -- Element_ID : UNIQUE_ID
    1, -- Visibility : INTEGER
    "00000000-0000-0000-0000-000000000000", -- Package_ID : UNIQUE_ID
    "00000000-0000-0000-0000-000000000000", -- Component_ID : UNIQUE_ID
    7 -- type : INTEGER
);
INSERT INTO R_AONE VALUES (
    "d8528470-976c-421b-a087-1201ac24302f", -- Obj_ID : UNIQUE_ID
    "ae8bfc83-f458-4499-85f3-5a2ce8b49a22", -- Rel_ID : UNIQUE_ID
    "97cb71b6-2cec-47ba-b5ec-2a223b894c34", -- OIR_ID : UNIQUE_ID
    1, -- Mult : INTEGER
    1, -- Cond : INTEGER
    '' -- Txt_Phrs : STRING
);
INSERT INTO R_AONE VALUES (
    "6ebd6869-c24e-4efa-81a8-0cdf8005ec5e", -- Obj_ID : UNIQUE_ID
    "1319ddbb-d1fe-4a6a-9633-fa3012756fe2", -- Rel_ID : UNIQUE_ID
    "83749286-7d4f-4cab-9186-0ec5197478d2", -- OIR_ID : UNIQUE_ID
    1, -- Mult : INTEGER
    0, -- Cond : INTEGER
    'recieves' -- Txt_Phrs : STRING
);
INSERT INTO R_AOTH VALUES (
    "20eeccf9-a28c-4875-94f5-245affd4f878", -- Obj_ID : UNIQUE_ID
    "ae8bfc83-f458-4499-85f3-5a2ce8b49a22", -- Rel_ID : UNIQUE_ID
    "c8c0492e-b7ca-4906-826e-6ffe50580cbe", -- OIR_ID : UNIQUE_ID
    1, -- Mult : INTEGER
    1, -- Cond : INTEGER
    '' -- Txt_Phrs : STRING
);
INSERT INTO R_AOTH VALUES (
    "d8528470-976c-421b-a087-1201ac24302f", -- Obj_ID : UNIQUE_ID
    "1319ddbb-d1fe-4a6a-9633-fa3012756fe2", -- Rel_ID : UNIQUE_ID
    "88f7198f-1ab2-4eaa-9b84-f91bb812f3ba", -- OIR_ID : UNIQUE_ID
    1, -- Mult : INTEGER
    0, -- Cond : INTEGER
    'earned' -- Txt_Phrs : STRING
);
INSERT INTO R_ASSOC VALUES (
    "ae8bfc83-f458-4499-85f3-5a2ce8b49a22" -- Rel_ID : UNIQUE_ID
);
INSERT INTO R_ASSOC VALUES (
    "1319ddbb-d1fe-4a6a-9633-fa3012756fe2" -- Rel_ID : UNIQUE_ID
);
INSERT INTO R_ASSR VALUES (
    "20391e7a-d5eb-43ec-849a-3af0009b3d41", -- Obj_ID : UNIQUE_ID
    "ae8bfc83-f458-4499-85f3-5a2ce8b49a22", -- Rel_ID : UNIQUE_ID
    "a8183480-3b80-4baa-8fc6-bf7d78012309", -- OIR_ID : UNIQUE_ID
    0 -- Mult : INTEGER
);
INSERT INTO R_ASSR VALUES (
    "9ce5008a-4114-4774-952c-3528dea16a28", -- Obj_ID : UNIQUE_ID
    "1319ddbb-d1fe-4a6a-9633-fa3012756fe2", -- Rel_ID : UNIQUE_ID
    "a0d44782-3c3d-4a1c-bada-a0915cc7c6e7", -- OIR_ID : UNIQUE_ID
    0 -- Mult : INTEGER
);
INSERT INTO R_OIR VALUES (
    "d8528470-976c-421b-a087-1201ac24302f", -- Obj_ID : UNIQUE_ID
    "ae8bfc83-f458-4499-85f3-5a2ce8b49a22", -- Rel_ID : UNIQUE_ID
    "97cb71b6-2cec-47ba-b5ec-2a223b894c34", -- OIR_ID : UNIQUE_ID
    "00000000-0000-0000-0000-000000000000" -- IObj_ID : UNIQUE_ID
);
INSERT INTO R_OIR VALUES (
    "20eeccf9-a28c-4875-94f5-245affd4f878", -- Obj_ID : UNIQUE_ID
    "ae8bfc83-f458-4499-85f3-5a2ce8b49a22", -- Rel_ID : UNIQUE_ID
    "c8c0492e-b7ca-4906-826e-6ffe50580cbe", -- OIR_ID : UNIQUE_ID
    "00000000-0000-0000-0000-000000000000" -- IObj_ID : UNIQUE_ID
);
INSERT INTO R_OIR VALUES (
    "20391e7a-d5eb-43ec-849a-3af0009b3d41", -- Obj_ID : UNIQUE_ID
    "ae8bfc83-f458-4499-85f3-5a2ce8b49a22", -- Rel_ID : UNIQUE_ID
    "a8183480-3b80-4baa-8fc6-bf7d78012309", -- OIR_ID : UNIQUE_ID
    "00000000-0000-0000-0000-000000000000" -- IObj_ID : UNIQUE_ID
);
INSERT INTO R_OIR VALUES (
    "6ebd6869-c24e-4efa-81a8-0cdf8005ec5e", -- Obj_ID : UNIQUE_ID
    "1319ddbb-d1fe-4a6a-9633-fa3012756fe2", -- Rel_ID : UNIQUE_ID
    "83749286-7d4f-4cab-9186-0ec5197478d2", -- OIR_ID : UNIQUE_ID
    "00000000-0000-0000-0000-000000000000" -- IObj_ID : UNIQUE_ID
);
INSERT INTO R_OIR VALUES (
    "d8528470-976c-421b-a087-1201ac24302f", -- Obj_ID : UNIQUE_ID
    "1319ddbb-d1fe-4a6a-9633-fa3012756fe2", -- Rel_ID : UNIQUE_ID
    "88f7198f-1ab2-4eaa-9b84-f91bb812f3ba", -- OIR_ID : UNIQUE_ID
    "00000000-0000-0000-0000-000000000000" -- IObj_ID : UNIQUE_ID
);
INSERT INTO R_OIR VALUES (
    "9ce5008a-4114-4774-952c-3528dea16a28", -- Obj_ID : UNIQUE_ID
    "1319ddbb-d1fe-4a6a-9633-fa3012756fe2", -- Rel_ID : UNIQUE_ID
    "a0d44782-3c3d-4a1c-bada-a0915cc7c6e7", -- OIR_ID : UNIQUE_ID
    "00000000-0000-0000-0000-000000000000" -- IObj_ID : UNIQUE_ID
);
INSERT INTO R_OIR VALUES (
    "9ce5008a-4114-4774-952c-3528dea16a28", -- Obj_ID : UNIQUE_ID
    "e6d4a6b8-49b7-48f7-9c4d-08ffacf50fbe", -- Rel_ID : UNIQUE_ID
    "b264b5f4-99ad-4cd2-9336-e1414dd4d10b", -- OIR_ID : UNIQUE_ID
    "00000000-0000-0000-0000-000000000000" -- IObj_ID : UNIQUE_ID
);
INSERT INTO R_OIR VALUES (
    "4a80087c-c803-4a0f-a3b9-f16cbef89426", -- Obj_ID : UNIQUE_ID
    "e6d4a6b8-49b7-48f7-9c4d-08ffacf50fbe", -- Rel_ID : UNIQUE_ID
    "2b8cd0f7-9250-4e53-9342-5abad126af64", -- OIR_ID : UNIQUE_ID
    "00000000-0000-0000-0000-000000000000" -- IObj_ID : UNIQUE_ID
);
INSERT INTO R_OIR VALUES (
    "6ebd6869-c24e-4efa-81a8-0cdf8005ec5e", -- Obj_ID : UNIQUE_ID
    "818547fa-b20d-4fb3-b0e9-0b626d0c2203", -- Rel_ID : UNIQUE_ID
    "e3136d7d-f4ef-490a-a1ab-68942dd32cf1", -- OIR_ID : UNIQUE_ID
    "00000000-0000-0000-0000-000000000000" -- IObj_ID : UNIQUE_ID
);
INSERT INTO R_OIR VALUES (
    "519ecf55-8cb0-4528-8eba-2916d04baeec", -- Obj_ID : UNIQUE_ID
    "818547fa-b20d-4fb3-b0e9-0b626d0c2203", -- Rel_ID : UNIQUE_ID
    "4ef44d6f-f827-4d92-9ee1-b50852f79870", -- OIR_ID : UNIQUE_ID
    "00000000-0000-0000-0000-000000000000" -- IObj_ID : UNIQUE_ID
);
INSERT INTO R_OIR VALUES (
    "c3a6b183-30c2-44c6-b78d-0da61c03ab1a", -- Obj_ID : UNIQUE_ID
    "818547fa-b20d-4fb3-b0e9-0b626d0c2203", -- Rel_ID : UNIQUE_ID
    "3ac8d3ba-2662-4907-ad38-fafb7deaf8c2", -- OIR_ID : UNIQUE_ID
    "00000000-0000-0000-0000-000000000000" -- IObj_ID : UNIQUE_ID
);
INSERT INTO R_OIR VALUES (
    "e0b6f415-1969-40c5-bbef-cdadc4cc951a", -- Obj_ID : UNIQUE_ID
    "818547fa-b20d-4fb3-b0e9-0b626d0c2203", -- Rel_ID : UNIQUE_ID
    "445df0ce-b7b9-4b07-a193-26974b7ca5f7", -- OIR_ID : UNIQUE_ID
    "00000000-0000-0000-0000-000000000000" -- IObj_ID : UNIQUE_ID
);
INSERT INTO R_PART VALUES (
    "9ce5008a-4114-4774-952c-3528dea16a28", -- Obj_ID : UNIQUE_ID
    "e6d4a6b8-49b7-48f7-9c4d-08ffacf50fbe", -- Rel_ID : UNIQUE_ID
    "b264b5f4-99ad-4cd2-9336-e1414dd4d10b", -- OIR_ID : UNIQUE_ID
    0, -- Mult : INTEGER
    0, -- Cond : INTEGER
    '' -- Txt_Phrs : STRING
);
INSERT INTO R_PART VALUES (
    "4a80087c-c803-4a0f-a3b9-f16cbef89426", -- Obj_ID : UNIQUE_ID
    "e6d4a6b8-49b7-48f7-9c4d-08ffacf50fbe", -- Rel_ID : UNIQUE_ID
    "2b8cd0f7-9250-4e53-9342-5abad126af64", -- OIR_ID : UNIQUE_ID
    1, -- Mult : INTEGER
    1, -- Cond : INTEGER
    '' -- Txt_Phrs : STRING
);
INSERT INTO R_REL VALUES (
    "ae8bfc83-f458-4499-85f3-5a2ce8b49a22", -- Rel_ID : UNIQUE_ID
    1, -- Numb : INTEGER
    '', -- Descrip : STRING
    "00000000-0000-0000-0000-000000000000" -- SS_ID : UNIQUE_ID
);
INSERT INTO R_REL VALUES (
    "1319ddbb-d1fe-4a6a-9633-fa3012756fe2", -- Rel_ID : UNIQUE_ID
    2, -- Numb : INTEGER
    '', -- Descrip : STRING
    "00000000-0000-0000-0000-000000000000" -- SS_ID : UNIQUE_ID
);
INSERT INTO R_REL VALUES (
    "e6d4a6b8-49b7-48f7-9c4d-08ffacf50fbe", -- Rel_ID : UNIQUE_ID
    3, -- Numb : INTEGER
    '', -- Descrip : STRING
    "00000000-0000-0000-0000-000000000000" -- SS_ID : UNIQUE_ID
);
INSERT INTO R_REL VALUES (
    "818547fa-b20d-4fb3-b0e9-0b626d0c2203", -- Rel_ID : UNIQUE_ID
    4, -- Numb : INTEGER
    '', -- Descrip : STRING
    "00000000-0000-0000-0000-000000000000" -- SS_ID : UNIQUE_ID
);
INSERT INTO R_RGO VALUES (
    "20391e7a-d5eb-43ec-849a-3af0009b3d41", -- Obj_ID : UNIQUE_ID
    "ae8bfc83-f458-4499-85f3-5a2ce8b49a22", -- Rel_ID : UNIQUE_ID
    "a8183480-3b80-4baa-8fc6-bf7d78012309" -- OIR_ID : UNIQUE_ID
);
INSERT INTO R_RGO VALUES (
    "9ce5008a-4114-4774-952c-3528dea16a28", -- Obj_ID : UNIQUE_ID
    "1319ddbb-d1fe-4a6a-9633-fa3012756fe2", -- Rel_ID : UNIQUE_ID
    "a0d44782-3c3d-4a1c-bada-a0915cc7c6e7" -- OIR_ID : UNIQUE_ID
);
INSERT INTO R_RGO VALUES (
    "519ecf55-8cb0-4528-8eba-2916d04baeec", -- Obj_ID : UNIQUE_ID
    "818547fa-b20d-4fb3-b0e9-0b626d0c2203", -- Rel_ID : UNIQUE_ID
    "4ef44d6f-f827-4d92-9ee1-b50852f79870" -- OIR_ID : UNIQUE_ID
);
INSERT INTO R_RGO VALUES (
    "c3a6b183-30c2-44c6-b78d-0da61c03ab1a", -- Obj_ID : UNIQUE_ID
    "818547fa-b20d-4fb3-b0e9-0b626d0c2203", -- Rel_ID : UNIQUE_ID
    "3ac8d3ba-2662-4907-ad38-fafb7deaf8c2" -- OIR_ID : UNIQUE_ID
);
INSERT INTO R_RGO VALUES (
    "e0b6f415-1969-40c5-bbef-cdadc4cc951a", -- Obj_ID : UNIQUE_ID
    "818547fa-b20d-4fb3-b0e9-0b626d0c2203", -- Rel_ID : UNIQUE_ID
    "445df0ce-b7b9-4b07-a193-26974b7ca5f7" -- OIR_ID : UNIQUE_ID
);
INSERT INTO R_RTO VALUES (
    "d8528470-976c-421b-a087-1201ac24302f", -- Obj_ID : UNIQUE_ID
    "ae8bfc83-f458-4499-85f3-5a2ce8b49a22", -- Rel_ID : UNIQUE_ID
    "97cb71b6-2cec-47ba-b5ec-2a223b894c34", -- OIR_ID : UNIQUE_ID
    0 -- Oid_ID : INTEGER
);
INSERT INTO R_RTO VALUES (
    "20eeccf9-a28c-4875-94f5-245affd4f878", -- Obj_ID : UNIQUE_ID
    "ae8bfc83-f458-4499-85f3-5a2ce8b49a22", -- Rel_ID : UNIQUE_ID
    "c8c0492e-b7ca-4906-826e-6ffe50580cbe", -- OIR_ID : UNIQUE_ID
    0 -- Oid_ID : INTEGER
);
INSERT INTO R_RTO VALUES (
    "6ebd6869-c24e-4efa-81a8-0cdf8005ec5e", -- Obj_ID : UNIQUE_ID
    "1319ddbb-d1fe-4a6a-9633-fa3012756fe2", -- Rel_ID : UNIQUE_ID
    "83749286-7d4f-4cab-9186-0ec5197478d2", -- OIR_ID : UNIQUE_ID
    0 -- Oid_ID : INTEGER
);
INSERT INTO R_RTO VALUES (
    "d8528470-976c-421b-a087-1201ac24302f", -- Obj_ID : UNIQUE_ID
    "1319ddbb-d1fe-4a6a-9633-fa3012756fe2", -- Rel_ID : UNIQUE_ID
    "88f7198f-1ab2-4eaa-9b84-f91bb812f3ba", -- OIR_ID : UNIQUE_ID
    0 -- Oid_ID : INTEGER
);
INSERT INTO R_RTO VALUES (
    "9ce5008a-4114-4774-952c-3528dea16a28", -- Obj_ID : UNIQUE_ID
    "e6d4a6b8-49b7-48f7-9c4d-08ffacf50fbe", -- Rel_ID : UNIQUE_ID
    "b264b5f4-99ad-4cd2-9336-e1414dd4d10b", -- OIR_ID : UNIQUE_ID
    0 -- Oid_ID : INTEGER
);
INSERT INTO R_RTO VALUES (
    "4a80087c-c803-4a0f-a3b9-f16cbef89426", -- Obj_ID : UNIQUE_ID
    "e6d4a6b8-49b7-48f7-9c4d-08ffacf50fbe", -- Rel_ID : UNIQUE_ID
    "2b8cd0f7-9250-4e53-9342-5abad126af64", -- OIR_ID : UNIQUE_ID
    0 -- Oid_ID : INTEGER
);
INSERT INTO R_RTO VALUES (
    "6ebd6869-c24e-4efa-81a8-0cdf8005ec5e", -- Obj_ID : UNIQUE_ID
    "818547fa-b20d-4fb3-b0e9-0b626d0c2203", -- Rel_ID : UNIQUE_ID
    "e3136d7d-f4ef-490a-a1ab-68942dd32cf1", -- OIR_ID : UNIQUE_ID
    0 -- Oid_ID : INTEGER
);
INSERT INTO R_SIMP VALUES (
    "e6d4a6b8-49b7-48f7-9c4d-08ffacf50fbe" -- Rel_ID : UNIQUE_ID
);
INSERT INTO R_SUB VALUES (
    "519ecf55-8cb0-4528-8eba-2916d04baeec", -- Obj_ID : UNIQUE_ID
    "818547fa-b20d-4fb3-b0e9-0b626d0c2203", -- Rel_ID : UNIQUE_ID
    "4ef44d6f-f827-4d92-9ee1-b50852f79870" -- OIR_ID : UNIQUE_ID
);
INSERT INTO R_SUB VALUES (
    "c3a6b183-30c2-44c6-b78d-0da61c03ab1a", -- Obj_ID : UNIQUE_ID
    "818547fa-b20d-4fb3-b0e9-0b626d0c2203", -- Rel_ID : UNIQUE_ID
    "3ac8d3ba-2662-4907-ad38-fafb7deaf8c2" -- OIR_ID : UNIQUE_ID
);
INSERT INTO R_SUB VALUES (
    "e0b6f415-1969-40c5-bbef-cdadc4cc951a", -- Obj_ID : UNIQUE_ID
    "818547fa-b20d-4fb3-b0e9-0b626d0c2203", -- Rel_ID : UNIQUE_ID
    "445df0ce-b7b9-4b07-a193-26974b7ca5f7" -- OIR_ID : UNIQUE_ID
);
INSERT INTO R_SUBSUP VALUES (
    "818547fa-b20d-4fb3-b0e9-0b626d0c2203" -- Rel_ID : UNIQUE_ID
);
INSERT INTO R_SUPER VALUES (
    "6ebd6869-c24e-4efa-81a8-0cdf8005ec5e", -- Obj_ID : UNIQUE_ID
    "818547fa-b20d-4fb3-b0e9-0b626d0c2203", -- Rel_ID : UNIQUE_ID
    "e3136d7d-f4ef-490a-a1ab-68942dd32cf1" -- OIR_ID : UNIQUE_ID
);
INSERT INTO SM_ACT VALUES (
    "2453e957-c72c-4ed6-a1bc-d234c403269c", -- Act_ID : UNIQUE_ID
    "7b5f90bd-656f-4bc9-83bf-771ed45973b0", -- SM_ID : UNIQUE_ID
    1, -- Suc_Pars : INTEGER
    '//Waiting for employee to commence

LOG::LogInfo(message:"Waiting for employee to commence." );
//UI::Reply( msg:"Employee created successfully", state:True);
', -- Action_Semantics_internal : STRING
    '', -- Descrip : STRING
    0 -- Dialect : INTEGER
);
INSERT INTO SM_ACT VALUES (
    "afb84c0b-8b92-481f-b009-4ac610325ad2", -- Act_ID : UNIQUE_ID
    "7b5f90bd-656f-4bc9-83bf-771ed45973b0", -- SM_ID : UNIQUE_ID
    1, -- Suc_Pars : INTEGER
    '//add commencing date of a new employee

	//Start_Date = TIM::current_date(); //rcvd_evt.date;
	//LOG::LogInfo( message:"New employee has commenced" );

//LOG::LogInfo( message:"New employee has commenced");

', -- Action_Semantics_internal : STRING
    '', -- Descrip : STRING
    0 -- Dialect : INTEGER
);
INSERT INTO SM_ACT VALUES (
    "becd648f-4aa1-43ca-9b3a-d3fc35c0fd00", -- Act_ID : UNIQUE_ID
    "7b5f90bd-656f-4bc9-83bf-771ed45973b0", -- SM_ID : UNIQUE_ID
    1, -- Suc_Pars : INTEGER
    '', -- Action_Semantics_internal : STRING
    '', -- Descrip : STRING
    0 -- Dialect : INTEGER
);
INSERT INTO SM_ACT VALUES (
    "d052a93c-88ce-45d0-8e60-bbc258379150", -- Act_ID : UNIQUE_ID
    "7b5f90bd-656f-4bc9-83bf-771ed45973b0", -- SM_ID : UNIQUE_ID
    1, -- Suc_Pars : INTEGER
    '// An ''empty'' instance handle of the associative class must be created before the participating instances can be assigned.
create object instance assignTo of Employee_Leave;
// The source instance needs to exist.  
select any employee from instances of EM where selected.National_ID == rcvd_evt.National_ID;
 // The destination instance needs to exist too.
select any leave from instances of Leave where selected.Name == rcvd_evt.Name; 
// The actual (non-empty) relationship instance.
relate employee to leave across R1 using assignTo;  

LOG::LogInfo(message: employee.FName+" "+employee.LName);
assignTo.Starting = rcvd_evt.Starting;

assignTo.Ending = rcvd_evt.Ending;

LOG::LogInfo(message:"Requested"+ leave.Name +"leave");
LOG::LogInfo(message:"From"+ assignTo.Starting); 
LOG::LogInfo(message:"To"+ assignTo.Ending); ', -- Action_Semantics_internal : STRING
    '', -- Descrip : STRING
    0 -- Dialect : INTEGER
);
INSERT INTO SM_ACT VALUES (
    "2eea53ae-45bf-4e1b-9a3a-76c983a8c86d", -- Act_ID : UNIQUE_ID
    "7b5f90bd-656f-4bc9-83bf-771ed45973b0", -- SM_ID : UNIQUE_ID
    1, -- Suc_Pars : INTEGER
    '', -- Action_Semantics_internal : STRING
    '', -- Descrip : STRING
    0 -- Dialect : INTEGER
);
INSERT INTO SM_ACT VALUES (
    "f76ef568-b5ee-40e0-a3a7-f26577210d8c", -- Act_ID : UNIQUE_ID
    "7b5f90bd-656f-4bc9-83bf-771ed45973b0", -- SM_ID : UNIQUE_ID
    1, -- Suc_Pars : INTEGER
    '', -- Action_Semantics_internal : STRING
    '', -- Descrip : STRING
    0 -- Dialect : INTEGER
);
INSERT INTO SM_ACT VALUES (
    "fe966243-d5c4-4678-af5d-fa32124c3d98", -- Act_ID : UNIQUE_ID
    "7b5f90bd-656f-4bc9-83bf-771ed45973b0", -- SM_ID : UNIQUE_ID
    3, -- Suc_Pars : INTEGER
    '', -- Action_Semantics_internal : STRING
    '', -- Descrip : STRING
    0 -- Dialect : INTEGER
);
INSERT INTO SM_ACT VALUES (
    "a36db46c-8e76-4b00-922f-41a58d38b4f6", -- Act_ID : UNIQUE_ID
    "7b5f90bd-656f-4bc9-83bf-771ed45973b0", -- SM_ID : UNIQUE_ID
    3, -- Suc_Pars : INTEGER
    '', -- Action_Semantics_internal : STRING
    '', -- Descrip : STRING
    0 -- Dialect : INTEGER
);
INSERT INTO SM_ACT VALUES (
    "ff332fd4-c6ca-4c03-bda1-cdb9c0e5c497", -- Act_ID : UNIQUE_ID
    "7b5f90bd-656f-4bc9-83bf-771ed45973b0", -- SM_ID : UNIQUE_ID
    3, -- Suc_Pars : INTEGER
    '', -- Action_Semantics_internal : STRING
    '', -- Descrip : STRING
    0 -- Dialect : INTEGER
);
INSERT INTO SM_ACT VALUES (
    "b7ed9c70-c12c-40b6-9feb-3e3948176b29", -- Act_ID : UNIQUE_ID
    "7b5f90bd-656f-4bc9-83bf-771ed45973b0", -- SM_ID : UNIQUE_ID
    3, -- Suc_Pars : INTEGER
    '', -- Action_Semantics_internal : STRING
    '', -- Descrip : STRING
    0 -- Dialect : INTEGER
);
INSERT INTO SM_ACT VALUES (
    "bc2ac0ca-eec2-4d57-883a-2b40dc35c844", -- Act_ID : UNIQUE_ID
    "7b5f90bd-656f-4bc9-83bf-771ed45973b0", -- SM_ID : UNIQUE_ID
    3, -- Suc_Pars : INTEGER
    '', -- Action_Semantics_internal : STRING
    '', -- Descrip : STRING
    0 -- Dialect : INTEGER
);
INSERT INTO SM_AH VALUES (
    "2453e957-c72c-4ed6-a1bc-d234c403269c", -- Act_ID : UNIQUE_ID
    "7b5f90bd-656f-4bc9-83bf-771ed45973b0" -- SM_ID : UNIQUE_ID
);
INSERT INTO SM_AH VALUES (
    "afb84c0b-8b92-481f-b009-4ac610325ad2", -- Act_ID : UNIQUE_ID
    "7b5f90bd-656f-4bc9-83bf-771ed45973b0" -- SM_ID : UNIQUE_ID
);
INSERT INTO SM_AH VALUES (
    "becd648f-4aa1-43ca-9b3a-d3fc35c0fd00", -- Act_ID : UNIQUE_ID
    "7b5f90bd-656f-4bc9-83bf-771ed45973b0" -- SM_ID : UNIQUE_ID
);
INSERT INTO SM_AH VALUES (
    "d052a93c-88ce-45d0-8e60-bbc258379150", -- Act_ID : UNIQUE_ID
    "7b5f90bd-656f-4bc9-83bf-771ed45973b0" -- SM_ID : UNIQUE_ID
);
INSERT INTO SM_AH VALUES (
    "2eea53ae-45bf-4e1b-9a3a-76c983a8c86d", -- Act_ID : UNIQUE_ID
    "7b5f90bd-656f-4bc9-83bf-771ed45973b0" -- SM_ID : UNIQUE_ID
);
INSERT INTO SM_AH VALUES (
    "f76ef568-b5ee-40e0-a3a7-f26577210d8c", -- Act_ID : UNIQUE_ID
    "7b5f90bd-656f-4bc9-83bf-771ed45973b0" -- SM_ID : UNIQUE_ID
);
INSERT INTO SM_AH VALUES (
    "fe966243-d5c4-4678-af5d-fa32124c3d98", -- Act_ID : UNIQUE_ID
    "7b5f90bd-656f-4bc9-83bf-771ed45973b0" -- SM_ID : UNIQUE_ID
);
INSERT INTO SM_AH VALUES (
    "a36db46c-8e76-4b00-922f-41a58d38b4f6", -- Act_ID : UNIQUE_ID
    "7b5f90bd-656f-4bc9-83bf-771ed45973b0" -- SM_ID : UNIQUE_ID
);
INSERT INTO SM_AH VALUES (
    "ff332fd4-c6ca-4c03-bda1-cdb9c0e5c497", -- Act_ID : UNIQUE_ID
    "7b5f90bd-656f-4bc9-83bf-771ed45973b0" -- SM_ID : UNIQUE_ID
);
INSERT INTO SM_AH VALUES (
    "b7ed9c70-c12c-40b6-9feb-3e3948176b29", -- Act_ID : UNIQUE_ID
    "7b5f90bd-656f-4bc9-83bf-771ed45973b0" -- SM_ID : UNIQUE_ID
);
INSERT INTO SM_AH VALUES (
    "bc2ac0ca-eec2-4d57-883a-2b40dc35c844", -- Act_ID : UNIQUE_ID
    "7b5f90bd-656f-4bc9-83bf-771ed45973b0" -- SM_ID : UNIQUE_ID
);
INSERT INTO SM_CH VALUES (
    "d5537fcc-bc55-4cfb-8675-25a46ab91a01", -- SMstt_ID : UNIQUE_ID
    "291931bf-a34c-4717-94e5-c19b2a6bb5d3", -- SMevt_ID : UNIQUE_ID
    "7b5f90bd-656f-4bc9-83bf-771ed45973b0", -- SM_ID : UNIQUE_ID
    "00000000-0000-0000-0000-000000000000", -- SMspd_ID : UNIQUE_ID
    '' -- Descrip : STRING
);
INSERT INTO SM_CH VALUES (
    "d5537fcc-bc55-4cfb-8675-25a46ab91a01", -- SMstt_ID : UNIQUE_ID
    "72e23791-8d07-4687-ab77-eb4b6b93d382", -- SMevt_ID : UNIQUE_ID
    "7b5f90bd-656f-4bc9-83bf-771ed45973b0", -- SM_ID : UNIQUE_ID
    "00000000-0000-0000-0000-000000000000", -- SMspd_ID : UNIQUE_ID
    '' -- Descrip : STRING
);
INSERT INTO SM_CH VALUES (
    "d5537fcc-bc55-4cfb-8675-25a46ab91a01", -- SMstt_ID : UNIQUE_ID
    "6c64d514-c0ef-442d-baa5-8c6b81e607e7", -- SMevt_ID : UNIQUE_ID
    "7b5f90bd-656f-4bc9-83bf-771ed45973b0", -- SM_ID : UNIQUE_ID
    "00000000-0000-0000-0000-000000000000", -- SMspd_ID : UNIQUE_ID
    '' -- Descrip : STRING
);
INSERT INTO SM_CH VALUES (
    "7c656ab4-0ad9-4212-b7de-2ffb50ca75b4", -- SMstt_ID : UNIQUE_ID
    "291931bf-a34c-4717-94e5-c19b2a6bb5d3", -- SMevt_ID : UNIQUE_ID
    "7b5f90bd-656f-4bc9-83bf-771ed45973b0", -- SM_ID : UNIQUE_ID
    "00000000-0000-0000-0000-000000000000", -- SMspd_ID : UNIQUE_ID
    '' -- Descrip : STRING
);
INSERT INTO SM_CH VALUES (
    "7c656ab4-0ad9-4212-b7de-2ffb50ca75b4", -- SMstt_ID : UNIQUE_ID
    "4399bed0-4e99-4616-aa45-eb724333bc35", -- SMevt_ID : UNIQUE_ID
    "7b5f90bd-656f-4bc9-83bf-771ed45973b0", -- SM_ID : UNIQUE_ID
    "00000000-0000-0000-0000-000000000000", -- SMspd_ID : UNIQUE_ID
    '' -- Descrip : STRING
);
INSERT INTO SM_CH VALUES (
    "7c656ab4-0ad9-4212-b7de-2ffb50ca75b4", -- SMstt_ID : UNIQUE_ID
    "6c64d514-c0ef-442d-baa5-8c6b81e607e7", -- SMevt_ID : UNIQUE_ID
    "7b5f90bd-656f-4bc9-83bf-771ed45973b0", -- SM_ID : UNIQUE_ID
    "00000000-0000-0000-0000-000000000000", -- SMspd_ID : UNIQUE_ID
    '' -- Descrip : STRING
);
INSERT INTO SM_CH VALUES (
    "e531ed1d-4b6b-413a-8a4c-d7afbabfdbd1", -- SMstt_ID : UNIQUE_ID
    "291931bf-a34c-4717-94e5-c19b2a6bb5d3", -- SMevt_ID : UNIQUE_ID
    "7b5f90bd-656f-4bc9-83bf-771ed45973b0", -- SM_ID : UNIQUE_ID
    "00000000-0000-0000-0000-000000000000", -- SMspd_ID : UNIQUE_ID
    '' -- Descrip : STRING
);
INSERT INTO SM_CH VALUES (
    "e531ed1d-4b6b-413a-8a4c-d7afbabfdbd1", -- SMstt_ID : UNIQUE_ID
    "4399bed0-4e99-4616-aa45-eb724333bc35", -- SMevt_ID : UNIQUE_ID
    "7b5f90bd-656f-4bc9-83bf-771ed45973b0", -- SM_ID : UNIQUE_ID
    "00000000-0000-0000-0000-000000000000", -- SMspd_ID : UNIQUE_ID
    '' -- Descrip : STRING
);
INSERT INTO SM_CH VALUES (
    "05d5091f-4502-42ab-9fc8-d5e4594a96e8", -- SMstt_ID : UNIQUE_ID
    "291931bf-a34c-4717-94e5-c19b2a6bb5d3", -- SMevt_ID : UNIQUE_ID
    "7b5f90bd-656f-4bc9-83bf-771ed45973b0", -- SM_ID : UNIQUE_ID
    "00000000-0000-0000-0000-000000000000", -- SMspd_ID : UNIQUE_ID
    '' -- Descrip : STRING
);
INSERT INTO SM_CH VALUES (
    "05d5091f-4502-42ab-9fc8-d5e4594a96e8", -- SMstt_ID : UNIQUE_ID
    "4399bed0-4e99-4616-aa45-eb724333bc35", -- SMevt_ID : UNIQUE_ID
    "7b5f90bd-656f-4bc9-83bf-771ed45973b0", -- SM_ID : UNIQUE_ID
    "00000000-0000-0000-0000-000000000000", -- SMspd_ID : UNIQUE_ID
    '' -- Descrip : STRING
);
INSERT INTO SM_CH VALUES (
    "05d5091f-4502-42ab-9fc8-d5e4594a96e8", -- SMstt_ID : UNIQUE_ID
    "72e23791-8d07-4687-ab77-eb4b6b93d382", -- SMevt_ID : UNIQUE_ID
    "7b5f90bd-656f-4bc9-83bf-771ed45973b0", -- SM_ID : UNIQUE_ID
    "00000000-0000-0000-0000-000000000000", -- SMspd_ID : UNIQUE_ID
    '' -- Descrip : STRING
);
INSERT INTO SM_CH VALUES (
    "05d5091f-4502-42ab-9fc8-d5e4594a96e8", -- SMstt_ID : UNIQUE_ID
    "6c64d514-c0ef-442d-baa5-8c6b81e607e7", -- SMevt_ID : UNIQUE_ID
    "7b5f90bd-656f-4bc9-83bf-771ed45973b0", -- SM_ID : UNIQUE_ID
    "00000000-0000-0000-0000-000000000000", -- SMspd_ID : UNIQUE_ID
    '' -- Descrip : STRING
);
INSERT INTO SM_CRTXN VALUES (
    "e28d0883-9adb-4893-a254-563988b95b99", -- Trans_ID : UNIQUE_ID
    "7b5f90bd-656f-4bc9-83bf-771ed45973b0", -- SM_ID : UNIQUE_ID
    "00000000-0000-0000-0000-000000000000", -- SMevt_ID : UNIQUE_ID
    "00000000-0000-0000-0000-000000000000" -- SMspd_ID : UNIQUE_ID
);
INSERT INTO SM_EVT VALUES (
    "291931bf-a34c-4717-94e5-c19b2a6bb5d3", -- SMevt_ID : UNIQUE_ID
    "7b5f90bd-656f-4bc9-83bf-771ed45973b0", -- SM_ID : UNIQUE_ID
    "00000000-0000-0000-0000-000000000000", -- SMspd_ID : UNIQUE_ID
    1, -- Numb : INTEGER
    'employeeUpdateRcvd', -- Mning : STRING
    0, -- Is_Lbl_U : INTEGER
    '', -- Unq_Lbl : STRING
    'EM1', -- Drv_Lbl : STRING
    '' -- Descrip : STRING
);
INSERT INTO SM_EVT VALUES (
    "4399bed0-4e99-4616-aa45-eb724333bc35", -- SMevt_ID : UNIQUE_ID
    "7b5f90bd-656f-4bc9-83bf-771ed45973b0", -- SM_ID : UNIQUE_ID
    "00000000-0000-0000-0000-000000000000", -- SMspd_ID : UNIQUE_ID
    2, -- Numb : INTEGER
    'commencedRcvd', -- Mning : STRING
    0, -- Is_Lbl_U : INTEGER
    '', -- Unq_Lbl : STRING
    'EM2', -- Drv_Lbl : STRING
    '' -- Descrip : STRING
);
INSERT INTO SM_EVT VALUES (
    "72e23791-8d07-4687-ab77-eb4b6b93d382", -- SMevt_ID : UNIQUE_ID
    "7b5f90bd-656f-4bc9-83bf-771ed45973b0", -- SM_ID : UNIQUE_ID
    "00000000-0000-0000-0000-000000000000", -- SMspd_ID : UNIQUE_ID
    3, -- Numb : INTEGER
    'requestLeave', -- Mning : STRING
    0, -- Is_Lbl_U : INTEGER
    '', -- Unq_Lbl : STRING
    'EM3', -- Drv_Lbl : STRING
    '' -- Descrip : STRING
);
INSERT INTO SM_EVT VALUES (
    "6c64d514-c0ef-442d-baa5-8c6b81e607e7", -- SMevt_ID : UNIQUE_ID
    "7b5f90bd-656f-4bc9-83bf-771ed45973b0", -- SM_ID : UNIQUE_ID
    "00000000-0000-0000-0000-000000000000", -- SMspd_ID : UNIQUE_ID
    4, -- Numb : INTEGER
    'returnFromLeave', -- Mning : STRING
    0, -- Is_Lbl_U : INTEGER
    '', -- Unq_Lbl : STRING
    'EM4', -- Drv_Lbl : STRING
    '' -- Descrip : STRING
);
INSERT INTO SM_EVTDI VALUES (
    "1b4a66b0-5c23-4de8-9ae7-736c9f81c8b5", -- SMedi_ID : UNIQUE_ID
    "7b5f90bd-656f-4bc9-83bf-771ed45973b0", -- SM_ID : UNIQUE_ID
    'FName', -- Name : STRING
    '', -- Descrip : STRING
    "ba5eda7a-def5-0000-0000-000000000004", -- DT_ID : UNIQUE_ID
    '', -- Dimensions : STRING
    "291931bf-a34c-4717-94e5-c19b2a6bb5d3", -- SMevt_ID : UNIQUE_ID
    "00000000-0000-0000-0000-000000000000" -- Previous_SMedi_ID : UNIQUE_ID
);
INSERT INTO SM_EVTDI VALUES (
    "ae225fc1-9a11-41aa-8f79-514a33c9ec6a", -- SMedi_ID : UNIQUE_ID
    "7b5f90bd-656f-4bc9-83bf-771ed45973b0", -- SM_ID : UNIQUE_ID
    'LName', -- Name : STRING
    '', -- Descrip : STRING
    "ba5eda7a-def5-0000-0000-000000000004", -- DT_ID : UNIQUE_ID
    '', -- Dimensions : STRING
    "291931bf-a34c-4717-94e5-c19b2a6bb5d3", -- SMevt_ID : UNIQUE_ID
    "1b4a66b0-5c23-4de8-9ae7-736c9f81c8b5" -- Previous_SMedi_ID : UNIQUE_ID
);
INSERT INTO SM_EVTDI VALUES (
    "ee967642-7882-43f3-b780-ad8c47cf9402", -- SMedi_ID : UNIQUE_ID
    "7b5f90bd-656f-4bc9-83bf-771ed45973b0", -- SM_ID : UNIQUE_ID
    'Starting', -- Name : STRING
    '', -- Descrip : STRING
    "ba5eda7a-def5-0000-0000-000000000004", -- DT_ID : UNIQUE_ID
    '', -- Dimensions : STRING
    "72e23791-8d07-4687-ab77-eb4b6b93d382", -- SMevt_ID : UNIQUE_ID
    "00000000-0000-0000-0000-000000000000" -- Previous_SMedi_ID : UNIQUE_ID
);
INSERT INTO SM_EVTDI VALUES (
    "a4279682-2994-424c-9dbd-a19a53c17e4f", -- SMedi_ID : UNIQUE_ID
    "7b5f90bd-656f-4bc9-83bf-771ed45973b0", -- SM_ID : UNIQUE_ID
    'Ending', -- Name : STRING
    '', -- Descrip : STRING
    "ba5eda7a-def5-0000-0000-000000000004", -- DT_ID : UNIQUE_ID
    '', -- Dimensions : STRING
    "72e23791-8d07-4687-ab77-eb4b6b93d382", -- SMevt_ID : UNIQUE_ID
    "ee967642-7882-43f3-b780-ad8c47cf9402" -- Previous_SMedi_ID : UNIQUE_ID
);
INSERT INTO SM_EVTDI VALUES (
    "75910876-89d7-482d-a42b-81ce38e9bd79", -- SMedi_ID : UNIQUE_ID
    "7b5f90bd-656f-4bc9-83bf-771ed45973b0", -- SM_ID : UNIQUE_ID
    'National_ID', -- Name : STRING
    '', -- Descrip : STRING
    "ba5eda7a-def5-0000-0000-000000000002", -- DT_ID : UNIQUE_ID
    '', -- Dimensions : STRING
    "72e23791-8d07-4687-ab77-eb4b6b93d382", -- SMevt_ID : UNIQUE_ID
    "a4279682-2994-424c-9dbd-a19a53c17e4f" -- Previous_SMedi_ID : UNIQUE_ID
);
INSERT INTO SM_EVTDI VALUES (
    "d5cfe583-a17b-445b-b875-e4784c0ee3d2", -- SMedi_ID : UNIQUE_ID
    "7b5f90bd-656f-4bc9-83bf-771ed45973b0", -- SM_ID : UNIQUE_ID
    'Name', -- Name : STRING
    '', -- Descrip : STRING
    "ba5eda7a-def5-0000-0000-000000000004", -- DT_ID : UNIQUE_ID
    '', -- Dimensions : STRING
    "72e23791-8d07-4687-ab77-eb4b6b93d382", -- SMevt_ID : UNIQUE_ID
    "75910876-89d7-482d-a42b-81ce38e9bd79" -- Previous_SMedi_ID : UNIQUE_ID
);
INSERT INTO SM_ISM VALUES (
    "7b5f90bd-656f-4bc9-83bf-771ed45973b0", -- SM_ID : UNIQUE_ID
    "d8528470-976c-421b-a087-1201ac24302f" -- Obj_ID : UNIQUE_ID
);
INSERT INTO SM_LEVT VALUES (
    "291931bf-a34c-4717-94e5-c19b2a6bb5d3", -- SMevt_ID : UNIQUE_ID
    "7b5f90bd-656f-4bc9-83bf-771ed45973b0", -- SM_ID : UNIQUE_ID
    "00000000-0000-0000-0000-000000000000" -- SMspd_ID : UNIQUE_ID
);
INSERT INTO SM_LEVT VALUES (
    "4399bed0-4e99-4616-aa45-eb724333bc35", -- SMevt_ID : UNIQUE_ID
    "7b5f90bd-656f-4bc9-83bf-771ed45973b0", -- SM_ID : UNIQUE_ID
    "00000000-0000-0000-0000-000000000000" -- SMspd_ID : UNIQUE_ID
);
INSERT INTO SM_LEVT VALUES (
    "72e23791-8d07-4687-ab77-eb4b6b93d382", -- SMevt_ID : UNIQUE_ID
    "7b5f90bd-656f-4bc9-83bf-771ed45973b0", -- SM_ID : UNIQUE_ID
    "00000000-0000-0000-0000-000000000000" -- SMspd_ID : UNIQUE_ID
);
INSERT INTO SM_LEVT VALUES (
    "6c64d514-c0ef-442d-baa5-8c6b81e607e7", -- SMevt_ID : UNIQUE_ID
    "7b5f90bd-656f-4bc9-83bf-771ed45973b0", -- SM_ID : UNIQUE_ID
    "00000000-0000-0000-0000-000000000000" -- SMspd_ID : UNIQUE_ID
);
INSERT INTO SM_MOAH VALUES (
    "2453e957-c72c-4ed6-a1bc-d234c403269c", -- Act_ID : UNIQUE_ID
    "7b5f90bd-656f-4bc9-83bf-771ed45973b0", -- SM_ID : UNIQUE_ID
    "d5537fcc-bc55-4cfb-8675-25a46ab91a01" -- SMstt_ID : UNIQUE_ID
);
INSERT INTO SM_MOAH VALUES (
    "afb84c0b-8b92-481f-b009-4ac610325ad2", -- Act_ID : UNIQUE_ID
    "7b5f90bd-656f-4bc9-83bf-771ed45973b0", -- SM_ID : UNIQUE_ID
    "7c656ab4-0ad9-4212-b7de-2ffb50ca75b4" -- SMstt_ID : UNIQUE_ID
);
INSERT INTO SM_MOAH VALUES (
    "d052a93c-88ce-45d0-8e60-bbc258379150", -- Act_ID : UNIQUE_ID
    "7b5f90bd-656f-4bc9-83bf-771ed45973b0", -- SM_ID : UNIQUE_ID
    "e531ed1d-4b6b-413a-8a4c-d7afbabfdbd1" -- SMstt_ID : UNIQUE_ID
);
INSERT INTO SM_MOAH VALUES (
    "a36db46c-8e76-4b00-922f-41a58d38b4f6", -- Act_ID : UNIQUE_ID
    "7b5f90bd-656f-4bc9-83bf-771ed45973b0", -- SM_ID : UNIQUE_ID
    "05d5091f-4502-42ab-9fc8-d5e4594a96e8" -- SMstt_ID : UNIQUE_ID
);
INSERT INTO SM_MOORE VALUES (
    "7b5f90bd-656f-4bc9-83bf-771ed45973b0" -- SM_ID : UNIQUE_ID
);
INSERT INTO SM_NETXN VALUES (
    "17e76789-2f32-416b-8dab-1e2477ef7b8a", -- Trans_ID : UNIQUE_ID
    "7b5f90bd-656f-4bc9-83bf-771ed45973b0", -- SM_ID : UNIQUE_ID
    "7c656ab4-0ad9-4212-b7de-2ffb50ca75b4", -- SMstt_ID : UNIQUE_ID
    "00000000-0000-0000-0000-000000000000" -- SMspd_ID : UNIQUE_ID
);
INSERT INTO SM_NETXN VALUES (
    "94ce6542-bac0-4bd1-ba97-d6ba04288062", -- Trans_ID : UNIQUE_ID
    "7b5f90bd-656f-4bc9-83bf-771ed45973b0", -- SM_ID : UNIQUE_ID
    "05d5091f-4502-42ab-9fc8-d5e4594a96e8", -- SMstt_ID : UNIQUE_ID
    "00000000-0000-0000-0000-000000000000" -- SMspd_ID : UNIQUE_ID
);
INSERT INTO SM_NSTXN VALUES (
    "e2bf3f31-2233-4fb0-9b43-3748dd5ec034", -- Trans_ID : UNIQUE_ID
    "7b5f90bd-656f-4bc9-83bf-771ed45973b0", -- SM_ID : UNIQUE_ID
    "d5537fcc-bc55-4cfb-8675-25a46ab91a01", -- SMstt_ID : UNIQUE_ID
    "4399bed0-4e99-4616-aa45-eb724333bc35", -- SMevt_ID : UNIQUE_ID
    "00000000-0000-0000-0000-000000000000" -- SMspd_ID : UNIQUE_ID
);
INSERT INTO SM_NSTXN VALUES (
    "f60b4ebf-5ce9-43f9-b7d8-3398ba6e513a", -- Trans_ID : UNIQUE_ID
    "7b5f90bd-656f-4bc9-83bf-771ed45973b0", -- SM_ID : UNIQUE_ID
    "7c656ab4-0ad9-4212-b7de-2ffb50ca75b4", -- SMstt_ID : UNIQUE_ID
    "72e23791-8d07-4687-ab77-eb4b6b93d382", -- SMevt_ID : UNIQUE_ID
    "00000000-0000-0000-0000-000000000000" -- SMspd_ID : UNIQUE_ID
);
INSERT INTO SM_NSTXN VALUES (
    "7500c306-f6b3-4744-bfca-f740882f55dc", -- Trans_ID : UNIQUE_ID
    "7b5f90bd-656f-4bc9-83bf-771ed45973b0", -- SM_ID : UNIQUE_ID
    "e531ed1d-4b6b-413a-8a4c-d7afbabfdbd1", -- SMstt_ID : UNIQUE_ID
    "72e23791-8d07-4687-ab77-eb4b6b93d382", -- SMevt_ID : UNIQUE_ID
    "00000000-0000-0000-0000-000000000000" -- SMspd_ID : UNIQUE_ID
);
INSERT INTO SM_NSTXN VALUES (
    "7f016b71-a75c-4702-93d8-c6929a677c61", -- Trans_ID : UNIQUE_ID
    "7b5f90bd-656f-4bc9-83bf-771ed45973b0", -- SM_ID : UNIQUE_ID
    "e531ed1d-4b6b-413a-8a4c-d7afbabfdbd1", -- SMstt_ID : UNIQUE_ID
    "6c64d514-c0ef-442d-baa5-8c6b81e607e7", -- SMevt_ID : UNIQUE_ID
    "00000000-0000-0000-0000-000000000000" -- SMspd_ID : UNIQUE_ID
);
INSERT INTO SM_SEME VALUES (
    "d5537fcc-bc55-4cfb-8675-25a46ab91a01", -- SMstt_ID : UNIQUE_ID
    "291931bf-a34c-4717-94e5-c19b2a6bb5d3", -- SMevt_ID : UNIQUE_ID
    "7b5f90bd-656f-4bc9-83bf-771ed45973b0", -- SM_ID : UNIQUE_ID
    "00000000-0000-0000-0000-000000000000" -- SMspd_ID : UNIQUE_ID
);
INSERT INTO SM_SEME VALUES (
    "d5537fcc-bc55-4cfb-8675-25a46ab91a01", -- SMstt_ID : UNIQUE_ID
    "4399bed0-4e99-4616-aa45-eb724333bc35", -- SMevt_ID : UNIQUE_ID
    "7b5f90bd-656f-4bc9-83bf-771ed45973b0", -- SM_ID : UNIQUE_ID
    "00000000-0000-0000-0000-000000000000" -- SMspd_ID : UNIQUE_ID
);
INSERT INTO SM_SEME VALUES (
    "d5537fcc-bc55-4cfb-8675-25a46ab91a01", -- SMstt_ID : UNIQUE_ID
    "72e23791-8d07-4687-ab77-eb4b6b93d382", -- SMevt_ID : UNIQUE_ID
    "7b5f90bd-656f-4bc9-83bf-771ed45973b0", -- SM_ID : UNIQUE_ID
    "00000000-0000-0000-0000-000000000000" -- SMspd_ID : UNIQUE_ID
);
INSERT INTO SM_SEME VALUES (
    "d5537fcc-bc55-4cfb-8675-25a46ab91a01", -- SMstt_ID : UNIQUE_ID
    "6c64d514-c0ef-442d-baa5-8c6b81e607e7", -- SMevt_ID : UNIQUE_ID
    "7b5f90bd-656f-4bc9-83bf-771ed45973b0", -- SM_ID : UNIQUE_ID
    "00000000-0000-0000-0000-000000000000" -- SMspd_ID : UNIQUE_ID
);
INSERT INTO SM_SEME VALUES (
    "7c656ab4-0ad9-4212-b7de-2ffb50ca75b4", -- SMstt_ID : UNIQUE_ID
    "291931bf-a34c-4717-94e5-c19b2a6bb5d3", -- SMevt_ID : UNIQUE_ID
    "7b5f90bd-656f-4bc9-83bf-771ed45973b0", -- SM_ID : UNIQUE_ID
    "00000000-0000-0000-0000-000000000000" -- SMspd_ID : UNIQUE_ID
);
INSERT INTO SM_SEME VALUES (
    "7c656ab4-0ad9-4212-b7de-2ffb50ca75b4", -- SMstt_ID : UNIQUE_ID
    "4399bed0-4e99-4616-aa45-eb724333bc35", -- SMevt_ID : UNIQUE_ID
    "7b5f90bd-656f-4bc9-83bf-771ed45973b0", -- SM_ID : UNIQUE_ID
    "00000000-0000-0000-0000-000000000000" -- SMspd_ID : UNIQUE_ID
);
INSERT INTO SM_SEME VALUES (
    "7c656ab4-0ad9-4212-b7de-2ffb50ca75b4", -- SMstt_ID : UNIQUE_ID
    "72e23791-8d07-4687-ab77-eb4b6b93d382", -- SMevt_ID : UNIQUE_ID
    "7b5f90bd-656f-4bc9-83bf-771ed45973b0", -- SM_ID : UNIQUE_ID
    "00000000-0000-0000-0000-000000000000" -- SMspd_ID : UNIQUE_ID
);
INSERT INTO SM_SEME VALUES (
    "7c656ab4-0ad9-4212-b7de-2ffb50ca75b4", -- SMstt_ID : UNIQUE_ID
    "6c64d514-c0ef-442d-baa5-8c6b81e607e7", -- SMevt_ID : UNIQUE_ID
    "7b5f90bd-656f-4bc9-83bf-771ed45973b0", -- SM_ID : UNIQUE_ID
    "00000000-0000-0000-0000-000000000000" -- SMspd_ID : UNIQUE_ID
);
INSERT INTO SM_SEME VALUES (
    "e531ed1d-4b6b-413a-8a4c-d7afbabfdbd1", -- SMstt_ID : UNIQUE_ID
    "291931bf-a34c-4717-94e5-c19b2a6bb5d3", -- SMevt_ID : UNIQUE_ID
    "7b5f90bd-656f-4bc9-83bf-771ed45973b0", -- SM_ID : UNIQUE_ID
    "00000000-0000-0000-0000-000000000000" -- SMspd_ID : UNIQUE_ID
);
INSERT INTO SM_SEME VALUES (
    "e531ed1d-4b6b-413a-8a4c-d7afbabfdbd1", -- SMstt_ID : UNIQUE_ID
    "4399bed0-4e99-4616-aa45-eb724333bc35", -- SMevt_ID : UNIQUE_ID
    "7b5f90bd-656f-4bc9-83bf-771ed45973b0", -- SM_ID : UNIQUE_ID
    "00000000-0000-0000-0000-000000000000" -- SMspd_ID : UNIQUE_ID
);
INSERT INTO SM_SEME VALUES (
    "e531ed1d-4b6b-413a-8a4c-d7afbabfdbd1", -- SMstt_ID : UNIQUE_ID
    "72e23791-8d07-4687-ab77-eb4b6b93d382", -- SMevt_ID : UNIQUE_ID
    "7b5f90bd-656f-4bc9-83bf-771ed45973b0", -- SM_ID : UNIQUE_ID
    "00000000-0000-0000-0000-000000000000" -- SMspd_ID : UNIQUE_ID
);
INSERT INTO SM_SEME VALUES (
    "e531ed1d-4b6b-413a-8a4c-d7afbabfdbd1", -- SMstt_ID : UNIQUE_ID
    "6c64d514-c0ef-442d-baa5-8c6b81e607e7", -- SMevt_ID : UNIQUE_ID
    "7b5f90bd-656f-4bc9-83bf-771ed45973b0", -- SM_ID : UNIQUE_ID
    "00000000-0000-0000-0000-000000000000" -- SMspd_ID : UNIQUE_ID
);
INSERT INTO SM_SEME VALUES (
    "05d5091f-4502-42ab-9fc8-d5e4594a96e8", -- SMstt_ID : UNIQUE_ID
    "291931bf-a34c-4717-94e5-c19b2a6bb5d3", -- SMevt_ID : UNIQUE_ID
    "7b5f90bd-656f-4bc9-83bf-771ed45973b0", -- SM_ID : UNIQUE_ID
    "00000000-0000-0000-0000-000000000000" -- SMspd_ID : UNIQUE_ID
);
INSERT INTO SM_SEME VALUES (
    "05d5091f-4502-42ab-9fc8-d5e4594a96e8", -- SMstt_ID : UNIQUE_ID
    "4399bed0-4e99-4616-aa45-eb724333bc35", -- SMevt_ID : UNIQUE_ID
    "7b5f90bd-656f-4bc9-83bf-771ed45973b0", -- SM_ID : UNIQUE_ID
    "00000000-0000-0000-0000-000000000000" -- SMspd_ID : UNIQUE_ID
);
INSERT INTO SM_SEME VALUES (
    "05d5091f-4502-42ab-9fc8-d5e4594a96e8", -- SMstt_ID : UNIQUE_ID
    "72e23791-8d07-4687-ab77-eb4b6b93d382", -- SMevt_ID : UNIQUE_ID
    "7b5f90bd-656f-4bc9-83bf-771ed45973b0", -- SM_ID : UNIQUE_ID
    "00000000-0000-0000-0000-000000000000" -- SMspd_ID : UNIQUE_ID
);
INSERT INTO SM_SEME VALUES (
    "05d5091f-4502-42ab-9fc8-d5e4594a96e8", -- SMstt_ID : UNIQUE_ID
    "6c64d514-c0ef-442d-baa5-8c6b81e607e7", -- SMevt_ID : UNIQUE_ID
    "7b5f90bd-656f-4bc9-83bf-771ed45973b0", -- SM_ID : UNIQUE_ID
    "00000000-0000-0000-0000-000000000000" -- SMspd_ID : UNIQUE_ID
);
INSERT INTO SM_SEVT VALUES (
    "291931bf-a34c-4717-94e5-c19b2a6bb5d3", -- SMevt_ID : UNIQUE_ID
    "7b5f90bd-656f-4bc9-83bf-771ed45973b0", -- SM_ID : UNIQUE_ID
    "00000000-0000-0000-0000-000000000000" -- SMspd_ID : UNIQUE_ID
);
INSERT INTO SM_SEVT VALUES (
    "4399bed0-4e99-4616-aa45-eb724333bc35", -- SMevt_ID : UNIQUE_ID
    "7b5f90bd-656f-4bc9-83bf-771ed45973b0", -- SM_ID : UNIQUE_ID
    "00000000-0000-0000-0000-000000000000" -- SMspd_ID : UNIQUE_ID
);
INSERT INTO SM_SEVT VALUES (
    "72e23791-8d07-4687-ab77-eb4b6b93d382", -- SMevt_ID : UNIQUE_ID
    "7b5f90bd-656f-4bc9-83bf-771ed45973b0", -- SM_ID : UNIQUE_ID
    "00000000-0000-0000-0000-000000000000" -- SMspd_ID : UNIQUE_ID
);
INSERT INTO SM_SEVT VALUES (
    "6c64d514-c0ef-442d-baa5-8c6b81e607e7", -- SMevt_ID : UNIQUE_ID
    "7b5f90bd-656f-4bc9-83bf-771ed45973b0", -- SM_ID : UNIQUE_ID
    "00000000-0000-0000-0000-000000000000" -- SMspd_ID : UNIQUE_ID
);
INSERT INTO SM_SM VALUES (
    "7b5f90bd-656f-4bc9-83bf-771ed45973b0", -- SM_ID : UNIQUE_ID
    '', -- Descrip : STRING
    0 -- Config_ID : INTEGER
);
INSERT INTO SM_STATE VALUES (
    "d5537fcc-bc55-4cfb-8675-25a46ab91a01", -- SMstt_ID : UNIQUE_ID
    "7b5f90bd-656f-4bc9-83bf-771ed45973b0", -- SM_ID : UNIQUE_ID
    "00000000-0000-0000-0000-000000000000", -- SMspd_ID : UNIQUE_ID
    'Recruited', -- Name : STRING
    1, -- Numb : INTEGER
    0 -- Final : INTEGER
);
INSERT INTO SM_STATE VALUES (
    "7c656ab4-0ad9-4212-b7de-2ffb50ca75b4", -- SMstt_ID : UNIQUE_ID
    "7b5f90bd-656f-4bc9-83bf-771ed45973b0", -- SM_ID : UNIQUE_ID
    "00000000-0000-0000-0000-000000000000", -- SMspd_ID : UNIQUE_ID
    'Working', -- Name : STRING
    2, -- Numb : INTEGER
    0 -- Final : INTEGER
);
INSERT INTO SM_STATE VALUES (
    "e531ed1d-4b6b-413a-8a4c-d7afbabfdbd1", -- SMstt_ID : UNIQUE_ID
    "7b5f90bd-656f-4bc9-83bf-771ed45973b0", -- SM_ID : UNIQUE_ID
    "00000000-0000-0000-0000-000000000000", -- SMspd_ID : UNIQUE_ID
    'On Leave', -- Name : STRING
    3, -- Numb : INTEGER
    0 -- Final : INTEGER
);
INSERT INTO SM_STATE VALUES (
    "05d5091f-4502-42ab-9fc8-d5e4594a96e8", -- SMstt_ID : UNIQUE_ID
    "7b5f90bd-656f-4bc9-83bf-771ed45973b0", -- SM_ID : UNIQUE_ID
    "00000000-0000-0000-0000-000000000000", -- SMspd_ID : UNIQUE_ID
    'Training', -- Name : STRING
    5, -- Numb : INTEGER
    0 -- Final : INTEGER
);
INSERT INTO SM_TAH VALUES (
    "becd648f-4aa1-43ca-9b3a-d3fc35c0fd00", -- Act_ID : UNIQUE_ID
    "7b5f90bd-656f-4bc9-83bf-771ed45973b0", -- SM_ID : UNIQUE_ID
    "e2bf3f31-2233-4fb0-9b43-3748dd5ec034" -- Trans_ID : UNIQUE_ID
);
INSERT INTO SM_TAH VALUES (
    "2eea53ae-45bf-4e1b-9a3a-76c983a8c86d", -- Act_ID : UNIQUE_ID
    "7b5f90bd-656f-4bc9-83bf-771ed45973b0", -- SM_ID : UNIQUE_ID
    "f60b4ebf-5ce9-43f9-b7d8-3398ba6e513a" -- Trans_ID : UNIQUE_ID
);
INSERT INTO SM_TAH VALUES (
    "f76ef568-b5ee-40e0-a3a7-f26577210d8c", -- Act_ID : UNIQUE_ID
    "7b5f90bd-656f-4bc9-83bf-771ed45973b0", -- SM_ID : UNIQUE_ID
    "e28d0883-9adb-4893-a254-563988b95b99" -- Trans_ID : UNIQUE_ID
);
INSERT INTO SM_TAH VALUES (
    "fe966243-d5c4-4678-af5d-fa32124c3d98", -- Act_ID : UNIQUE_ID
    "7b5f90bd-656f-4bc9-83bf-771ed45973b0", -- SM_ID : UNIQUE_ID
    "7500c306-f6b3-4744-bfca-f740882f55dc" -- Trans_ID : UNIQUE_ID
);
INSERT INTO SM_TAH VALUES (
    "ff332fd4-c6ca-4c03-bda1-cdb9c0e5c497", -- Act_ID : UNIQUE_ID
    "7b5f90bd-656f-4bc9-83bf-771ed45973b0", -- SM_ID : UNIQUE_ID
    "7f016b71-a75c-4702-93d8-c6929a677c61" -- Trans_ID : UNIQUE_ID
);
INSERT INTO SM_TAH VALUES (
    "b7ed9c70-c12c-40b6-9feb-3e3948176b29", -- Act_ID : UNIQUE_ID
    "7b5f90bd-656f-4bc9-83bf-771ed45973b0", -- SM_ID : UNIQUE_ID
    "17e76789-2f32-416b-8dab-1e2477ef7b8a" -- Trans_ID : UNIQUE_ID
);
INSERT INTO SM_TAH VALUES (
    "bc2ac0ca-eec2-4d57-883a-2b40dc35c844", -- Act_ID : UNIQUE_ID
    "7b5f90bd-656f-4bc9-83bf-771ed45973b0", -- SM_ID : UNIQUE_ID
    "94ce6542-bac0-4bd1-ba97-d6ba04288062" -- Trans_ID : UNIQUE_ID
);
INSERT INTO SM_TXN VALUES (
    "e2bf3f31-2233-4fb0-9b43-3748dd5ec034", -- Trans_ID : UNIQUE_ID
    "7b5f90bd-656f-4bc9-83bf-771ed45973b0", -- SM_ID : UNIQUE_ID
    "7c656ab4-0ad9-4212-b7de-2ffb50ca75b4", -- SMstt_ID : UNIQUE_ID
    "00000000-0000-0000-0000-000000000000" -- SMspd_ID : UNIQUE_ID
);
INSERT INTO SM_TXN VALUES (
    "f60b4ebf-5ce9-43f9-b7d8-3398ba6e513a", -- Trans_ID : UNIQUE_ID
    "7b5f90bd-656f-4bc9-83bf-771ed45973b0", -- SM_ID : UNIQUE_ID
    "e531ed1d-4b6b-413a-8a4c-d7afbabfdbd1", -- SMstt_ID : UNIQUE_ID
    "00000000-0000-0000-0000-000000000000" -- SMspd_ID : UNIQUE_ID
);
INSERT INTO SM_TXN VALUES (
    "e28d0883-9adb-4893-a254-563988b95b99", -- Trans_ID : UNIQUE_ID
    "7b5f90bd-656f-4bc9-83bf-771ed45973b0", -- SM_ID : UNIQUE_ID
    "d5537fcc-bc55-4cfb-8675-25a46ab91a01", -- SMstt_ID : UNIQUE_ID
    "00000000-0000-0000-0000-000000000000" -- SMspd_ID : UNIQUE_ID
);
INSERT INTO SM_TXN VALUES (
    "7500c306-f6b3-4744-bfca-f740882f55dc", -- Trans_ID : UNIQUE_ID
    "7b5f90bd-656f-4bc9-83bf-771ed45973b0", -- SM_ID : UNIQUE_ID
    "e531ed1d-4b6b-413a-8a4c-d7afbabfdbd1", -- SMstt_ID : UNIQUE_ID
    "00000000-0000-0000-0000-000000000000" -- SMspd_ID : UNIQUE_ID
);
INSERT INTO SM_TXN VALUES (
    "7f016b71-a75c-4702-93d8-c6929a677c61", -- Trans_ID : UNIQUE_ID
    "7b5f90bd-656f-4bc9-83bf-771ed45973b0", -- SM_ID : UNIQUE_ID
    "7c656ab4-0ad9-4212-b7de-2ffb50ca75b4", -- SMstt_ID : UNIQUE_ID
    "00000000-0000-0000-0000-000000000000" -- SMspd_ID : UNIQUE_ID
);
INSERT INTO SM_TXN VALUES (
    "17e76789-2f32-416b-8dab-1e2477ef7b8a", -- Trans_ID : UNIQUE_ID
    "7b5f90bd-656f-4bc9-83bf-771ed45973b0", -- SM_ID : UNIQUE_ID
    "05d5091f-4502-42ab-9fc8-d5e4594a96e8", -- SMstt_ID : UNIQUE_ID
    "00000000-0000-0000-0000-000000000000" -- SMspd_ID : UNIQUE_ID
);
INSERT INTO SM_TXN VALUES (
    "94ce6542-bac0-4bd1-ba97-d6ba04288062", -- Trans_ID : UNIQUE_ID
    "7b5f90bd-656f-4bc9-83bf-771ed45973b0", -- SM_ID : UNIQUE_ID
    "7c656ab4-0ad9-4212-b7de-2ffb50ca75b4", -- SMstt_ID : UNIQUE_ID
    "00000000-0000-0000-0000-000000000000" -- SMspd_ID : UNIQUE_ID
);
INSERT INTO SPR_PEP VALUES (
    "7582ba79-c063-4631-bcbe-dde14b231908", -- Id : UNIQUE_ID
    "be4e38a9-c84b-44ce-a173-d57405caeeca", -- ExecutableProperty_Id : UNIQUE_ID
    "e211a314-f4cf-4d96-ab5d-86594500f9c9" -- Provision_Id : UNIQUE_ID
);
INSERT INTO SPR_PEP VALUES (
    "fd447b6f-5a17-4d1f-8f3d-080eeeb6d3b5", -- Id : UNIQUE_ID
    "f83ecd5c-00bd-42d1-a795-2868eba34aec", -- ExecutableProperty_Id : UNIQUE_ID
    "e211a314-f4cf-4d96-ab5d-86594500f9c9" -- Provision_Id : UNIQUE_ID
);
INSERT INTO SPR_PEP VALUES (
    "8e12193a-4915-4e0c-8044-11c6b3eaf358", -- Id : UNIQUE_ID
    "dd791a09-c8bd-4868-8174-4726cea8e2d3", -- ExecutableProperty_Id : UNIQUE_ID
    "e211a314-f4cf-4d96-ab5d-86594500f9c9" -- Provision_Id : UNIQUE_ID
);
INSERT INTO SPR_PEP VALUES (
    "423ebac0-5dbc-452e-acae-1170acd2d8fa", -- Id : UNIQUE_ID
    "1d101b95-2445-43c6-be97-23dade4e9158", -- ExecutableProperty_Id : UNIQUE_ID
    "c35b9fa4-4616-416a-9786-5ec0aff91faf" -- Provision_Id : UNIQUE_ID
);
INSERT INTO SPR_PEP VALUES (
    "d7c4c4ec-b061-4e39-b19e-5b1cf028a031", -- Id : UNIQUE_ID
    "5b22db55-b22f-4cc4-b387-b8ccbe203451", -- ExecutableProperty_Id : UNIQUE_ID
    "c35b9fa4-4616-416a-9786-5ec0aff91faf" -- Provision_Id : UNIQUE_ID
);
INSERT INTO SPR_PEP VALUES (
    "92acf523-e946-4590-aa6d-ff1b66b399d8", -- Id : UNIQUE_ID
    "c1eca9ba-a0af-420b-af80-6d8c793ec1a3", -- ExecutableProperty_Id : UNIQUE_ID
    "c35b9fa4-4616-416a-9786-5ec0aff91faf" -- Provision_Id : UNIQUE_ID
);
INSERT INTO SPR_PS VALUES (
    "7582ba79-c063-4631-bcbe-dde14b231908", -- Id : UNIQUE_ID
    'New', -- Name : STRING
    '', -- Descrip : STRING
    '//If there is not match for an employee, then create a new employee.
LOG::LogInfo(message:"Attempting to add a new Employee." );
select any employee from instances of EM where selected.National_ID==param.National_ID;
if ( empty employee )
	//create object instance employee of Employee;
	employee.createEmployee( FName:param.FName, LName:param.LName, National_ID: param.National_ID);	
	UI::Reply( msg:"Employee added successfully.", state:True);
else 
	
	LOG::LogInfo(message:"Employee already exists." );	
	UI::Reply( msg:"Employee already exists", state:False);
end if;
', -- Action_Semantics_internal : STRING
    1, -- Suc_Pars : INTEGER
    0 -- Dialect : INTEGER
);
INSERT INTO SPR_PS VALUES (
    "fd447b6f-5a17-4d1f-8f3d-080eeeb6d3b5", -- Id : UNIQUE_ID
    'Reply', -- Name : STRING
    '', -- Descrip : STRING
    '', -- Action_Semantics_internal : STRING
    1, -- Suc_Pars : INTEGER
    0 -- Dialect : INTEGER
);
INSERT INTO SPR_PS VALUES (
    "8e12193a-4915-4e0c-8044-11c6b3eaf358", -- Id : UNIQUE_ID
    'Start', -- Name : STRING
    '', -- Descrip : STRING
    'LOG::LogInfo(message:"An employee attempts to commence." );

select any employee from instances of EM where selected.National_ID==param.National_ID;
if ( not empty employee )
	generate EM2:commencedRcvd() to employee;
	employee.Start_Date = TIM::current_date();
	UI::Reply( msg:"Employee has commenced ", state:True);

else 
	LOG::LogInfo(message:"Employee is not registered!" );
	UI::Reply( msg:"Employee is not found.", state:False);
end if;
', -- Action_Semantics_internal : STRING
    1, -- Suc_Pars : INTEGER
    0 -- Dialect : INTEGER
);
INSERT INTO SPR_PS VALUES (
    "423ebac0-5dbc-452e-acae-1170acd2d8fa", -- Id : UNIQUE_ID
    'New_Leave', -- Name : STRING
    '//If there is no match for Leave, then create a new Leave.
select any leave from instances of Leave where selected.Name==param.Name;
if ( empty leave )
	//create object instance employee of Employee;
	leave.createLeave( Name:param.Name, NumberOfAllowedDays:param.NumberOfAllowedDays);
	//generate Employee1:newEmployeeRcvd(FName:param.FName, LName:param.LName, National_ID:param.National_ID) to employee;
	
	UI::Reply( msg:"Leave created successfully.", state:True);
else 
	
	LOG::LogInfo(message:"Leave already exists!" );
	//LOG::LogInfo(message:"Updating details." );
	//employee.FName = param.FName;
	//employee.LName = param.LName;	
	//UI::Reply( msg:"Employee already exists", state:False);
end if;
', -- Descrip : STRING
    '//If there is no match for Leave, then create a new Leave.
select any leave from instances of Leave where selected.Name==param.Name;
if ( empty leave )
	//leave.createLeave( Name:param.Name, NumberOfAllowedDays:param.NumberOfAllowedDays);
	create object instance leave of Leave;
	leave.Name = param.Name;
	leave.NumberOfAllowedDays = param.NumberOfAllowedDays;

	
	UI::Reply( msg:"Leave created successfully.", state:True);
else 
	
	LOG::LogInfo(message:"Leave already exists!" );
	//LOG::LogInfo(message:"Updating details." );
	//employee.FName = param.FName;
	//employee.LName = param.LName;	
	//UI::Reply( msg:"Employee already exists", state:False);
end if;
', -- Action_Semantics_internal : STRING
    1, -- Suc_Pars : INTEGER
    0 -- Dialect : INTEGER
);
INSERT INTO SPR_PS VALUES (
    "d7c4c4ec-b061-4e39-b19e-5b1cf028a031", -- Id : UNIQUE_ID
    'Request', -- Name : STRING
    '//Select an employee using the National ID to deliver the event to the statemachine
// to serve the request for leave.
select any employee from instances of EM where selected.National_ID==param.National_ID;
if ( not empty employee )
	generate EM3:requestLeave(Starting:param.Starting, Ending:param.Ending, Name:param.Name, National_ID:param.National_ID) to employee;
	UI::Reply( msg:"Employee has requested leave successfully ", state:True);

else 
	LOG::LogInfo(message:"Employee is not registered!" );
	UI::Reply( msg:"Employee is not found.", state:False);
end if;
', -- Descrip : STRING
    '//Select an employee using the National ID to deliver the event to the statemachine
// to serve the request for leave.
select any employee from instances of EM where selected.National_ID==param.National_ID;
if ( not empty employee )
	generate EM3:requestLeave(Starting:param.Starting, Ending:param.Ending, Name:param.Name, National_ID:param.National_ID) to employee;
	UI::Reply( msg:"Employee has requested leave successfully ", state:True);

else 
	LOG::LogInfo(message:"Employee is not registered!" );
	UI::Reply( msg:"Employee is not found.", state:False);
end if;
', -- Action_Semantics_internal : STRING
    1, -- Suc_Pars : INTEGER
    0 -- Dialect : INTEGER
);
INSERT INTO SPR_PS VALUES (
    "92acf523-e946-4590-aa6d-ff1b66b399d8", -- Id : UNIQUE_ID
    'Return', -- Name : STRING
    '//Select an employee using the National ID to deliver the event to the statemachine
// to serve the request for leave.
select any employee from instances of EM where selected.National_ID==param.National_ID;
if ( not empty employee )
	generate EM4:returnFromLeave() to employee;
	UI::Reply( msg:"Employee request is successfull ", state:True);

else 
	LOG::LogInfo(message:"Employee is not registered!" );
	UI::Reply( msg:"Employee is not found.", state:False);
end if;
', -- Descrip : STRING
    '//Select an employee using the National ID to deliver the event to the statemachine
// to serve the request for leave.
select any employee from instances of EM where selected.National_ID==param.National_ID;
if ( not empty employee )
	generate EM4:returnFromLeave() to employee;
	UI::Reply( msg:"Employee request is successfull ", state:True);

else 
	LOG::LogInfo(message:"Employee is not registered!" );
	UI::Reply( msg:"Employee is not found.", state:False);
end if;
', -- Action_Semantics_internal : STRING
    1, -- Suc_Pars : INTEGER
    0 -- Dialect : INTEGER
);
INSERT INTO SPR_REP VALUES (
    "4e8357dc-6003-4dae-b1c1-6f406f5216d6", -- Id : UNIQUE_ID
    "be4e38a9-c84b-44ce-a173-d57405caeeca", -- ExecutableProperty_Id : UNIQUE_ID
    "3c565891-207b-4f8f-906f-7a28c50fa9aa" -- Requirement_Id : UNIQUE_ID
);
INSERT INTO SPR_REP VALUES (
    "62adeee1-7ea3-43cd-a822-47447631b0f8", -- Id : UNIQUE_ID
    "f83ecd5c-00bd-42d1-a795-2868eba34aec", -- ExecutableProperty_Id : UNIQUE_ID
    "3c565891-207b-4f8f-906f-7a28c50fa9aa" -- Requirement_Id : UNIQUE_ID
);
INSERT INTO SPR_REP VALUES (
    "3c887575-84ca-40f7-8c2b-fb4a9c9c2d37", -- Id : UNIQUE_ID
    "dd791a09-c8bd-4868-8174-4726cea8e2d3", -- ExecutableProperty_Id : UNIQUE_ID
    "3c565891-207b-4f8f-906f-7a28c50fa9aa" -- Requirement_Id : UNIQUE_ID
);
INSERT INTO SPR_REP VALUES (
    "37c95c19-84e8-4982-aeff-c1af43a33a29", -- Id : UNIQUE_ID
    "1d101b95-2445-43c6-be97-23dade4e9158", -- ExecutableProperty_Id : UNIQUE_ID
    "5cb88558-711f-4c4f-9d8a-f7db7239c228" -- Requirement_Id : UNIQUE_ID
);
INSERT INTO SPR_REP VALUES (
    "9da61904-98b5-42fa-a869-ae5e21dbfc42", -- Id : UNIQUE_ID
    "5b22db55-b22f-4cc4-b387-b8ccbe203451", -- ExecutableProperty_Id : UNIQUE_ID
    "5cb88558-711f-4c4f-9d8a-f7db7239c228" -- Requirement_Id : UNIQUE_ID
);
INSERT INTO SPR_RS VALUES (
    "4e8357dc-6003-4dae-b1c1-6f406f5216d6", -- Id : UNIQUE_ID
    'New', -- Name : STRING
    '', -- Descrip : STRING
    '', -- Action_Semantics_internal : STRING
    3, -- Suc_Pars : INTEGER
    0 -- Dialect : INTEGER
);
INSERT INTO SPR_RS VALUES (
    "62adeee1-7ea3-43cd-a822-47447631b0f8", -- Id : UNIQUE_ID
    'Reply', -- Name : STRING
    '', -- Descrip : STRING
    '
::Reply( msg:param.msg, state:param.state ); 
', -- Action_Semantics_internal : STRING
    1, -- Suc_Pars : INTEGER
    0 -- Dialect : INTEGER
);
INSERT INTO SPR_RS VALUES (
    "3c887575-84ca-40f7-8c2b-fb4a9c9c2d37", -- Id : UNIQUE_ID
    'Start', -- Name : STRING
    '', -- Descrip : STRING
    '', -- Action_Semantics_internal : STRING
    3, -- Suc_Pars : INTEGER
    0 -- Dialect : INTEGER
);
INSERT INTO SPR_RS VALUES (
    "37c95c19-84e8-4982-aeff-c1af43a33a29", -- Id : UNIQUE_ID
    'New_Leave', -- Name : STRING
    '', -- Descrip : STRING
    '', -- Action_Semantics_internal : STRING
    3, -- Suc_Pars : INTEGER
    0 -- Dialect : INTEGER
);
INSERT INTO SPR_RS VALUES (
    "9da61904-98b5-42fa-a869-ae5e21dbfc42", -- Id : UNIQUE_ID
    'Request', -- Name : STRING
    '', -- Descrip : STRING
    '', -- Action_Semantics_internal : STRING
    3, -- Suc_Pars : INTEGER
    0 -- Dialect : INTEGER
);
INSERT INTO S_BPARM VALUES (
    "e9c68522-20fa-4445-ab22-2abf9f8db971", -- BParm_ID : UNIQUE_ID
    "b34ec664-6dea-44bc-afbf-69645da52f0a", -- Brg_ID : UNIQUE_ID
    'd', -- Name : STRING
    "ba5eda7a-def5-0000-0000-00000000000e", -- DT_ID : UNIQUE_ID
    0, -- By_Ref : INTEGER
    '', -- Dimensions : STRING
    "00000000-0000-0000-0000-000000000000", -- Previous_BParm_ID : UNIQUE_ID
    '' -- Descrip : STRING
);
INSERT INTO S_BPARM VALUES (
    "0096da0d-b18b-4532-a1f3-6ca86fa459d2", -- BParm_ID : UNIQUE_ID
    "b34ec664-6dea-44bc-afbf-69645da52f0a", -- Brg_ID : UNIQUE_ID
    'message', -- Name : STRING
    "ba5eda7a-def5-0000-0000-000000000004", -- DT_ID : UNIQUE_ID
    0, -- By_Ref : INTEGER
    '', -- Dimensions : STRING
    "e9c68522-20fa-4445-ab22-2abf9f8db971", -- Previous_BParm_ID : UNIQUE_ID
    '' -- Descrip : STRING
);
INSERT INTO S_BPARM VALUES (
    "75ebdabf-e4e2-4133-8c3d-0e33be4c1f80", -- BParm_ID : UNIQUE_ID
    "2dcf3e84-1208-4e7f-a70c-a54d15f1ce77", -- Brg_ID : UNIQUE_ID
    'message', -- Name : STRING
    "ba5eda7a-def5-0000-0000-000000000004", -- DT_ID : UNIQUE_ID
    0, -- By_Ref : INTEGER
    '', -- Dimensions : STRING
    "00000000-0000-0000-0000-000000000000", -- Previous_BParm_ID : UNIQUE_ID
    '' -- Descrip : STRING
);
INSERT INTO S_BPARM VALUES (
    "b63b67af-56f4-4ea0-a7e4-10a0759fc2b9", -- BParm_ID : UNIQUE_ID
    "af615ef3-56dd-40b1-be6b-27e07023a829", -- Brg_ID : UNIQUE_ID
    'message', -- Name : STRING
    "ba5eda7a-def5-0000-0000-000000000004", -- DT_ID : UNIQUE_ID
    0, -- By_Ref : INTEGER
    '', -- Dimensions : STRING
    "00000000-0000-0000-0000-000000000000", -- Previous_BParm_ID : UNIQUE_ID
    '' -- Descrip : STRING
);
INSERT INTO S_BPARM VALUES (
    "ccdb7d2a-319c-4887-b31e-89e920b236fe", -- BParm_ID : UNIQUE_ID
    "474dc6f1-f8eb-4a43-8ae9-fd7ec3f494ce", -- Brg_ID : UNIQUE_ID
    'message', -- Name : STRING
    "ba5eda7a-def5-0000-0000-000000000002", -- DT_ID : UNIQUE_ID
    0, -- By_Ref : INTEGER
    '', -- Dimensions : STRING
    "00000000-0000-0000-0000-000000000000", -- Previous_BParm_ID : UNIQUE_ID
    '' -- Descrip : STRING
);
INSERT INTO S_BPARM VALUES (
    "dcd130d4-ee17-4be5-8b7e-6d847c7b3b19", -- BParm_ID : UNIQUE_ID
    "a9e838fb-4772-4822-aee6-57f775da6967", -- Brg_ID : UNIQUE_ID
    'r', -- Name : STRING
    "ba5eda7a-def5-0000-0000-000000000003", -- DT_ID : UNIQUE_ID
    0, -- By_Ref : INTEGER
    '', -- Dimensions : STRING
    "c0551359-a1b0-4e13-bde0-184892639b14", -- Previous_BParm_ID : UNIQUE_ID
    '' -- Descrip : STRING
);
INSERT INTO S_BPARM VALUES (
    "c0551359-a1b0-4e13-bde0-184892639b14", -- BParm_ID : UNIQUE_ID
    "a9e838fb-4772-4822-aee6-57f775da6967", -- Brg_ID : UNIQUE_ID
    'message', -- Name : STRING
    "ba5eda7a-def5-0000-0000-000000000004", -- DT_ID : UNIQUE_ID
    0, -- By_Ref : INTEGER
    '', -- Dimensions : STRING
    "00000000-0000-0000-0000-000000000000", -- Previous_BParm_ID : UNIQUE_ID
    '' -- Descrip : STRING
);
INSERT INTO S_BPARM VALUES (
    "062ab47d-832f-4c30-b495-e7e88749b61a", -- BParm_ID : UNIQUE_ID
    "c56d3597-5a54-4d78-8914-2dc2594c2af4", -- Brg_ID : UNIQUE_ID
    'message', -- Name : STRING
    "ba5eda7a-def5-0000-0000-000000000004", -- DT_ID : UNIQUE_ID
    0, -- By_Ref : INTEGER
    '', -- Dimensions : STRING
    "00000000-0000-0000-0000-000000000000", -- Previous_BParm_ID : UNIQUE_ID
    '' -- Descrip : STRING
);
INSERT INTO S_BPARM VALUES (
    "ddef5865-5c6c-48d0-ad1c-0ff53abaa403", -- BParm_ID : UNIQUE_ID
    "77300edb-b891-4e35-858b-9e8cb6437f19", -- Brg_ID : UNIQUE_ID
    't', -- Name : STRING
    "ba5eda7a-def5-0000-0000-000000000010", -- DT_ID : UNIQUE_ID
    0, -- By_Ref : INTEGER
    '', -- Dimensions : STRING
    "fa21667d-7b40-4f1e-8f18-bf2482852c21", -- Previous_BParm_ID : UNIQUE_ID
    '' -- Descrip : STRING
);
INSERT INTO S_BPARM VALUES (
    "fa21667d-7b40-4f1e-8f18-bf2482852c21", -- BParm_ID : UNIQUE_ID
    "77300edb-b891-4e35-858b-9e8cb6437f19", -- Brg_ID : UNIQUE_ID
    'message', -- Name : STRING
    "ba5eda7a-def5-0000-0000-000000000004", -- DT_ID : UNIQUE_ID
    0, -- By_Ref : INTEGER
    '', -- Dimensions : STRING
    "00000000-0000-0000-0000-000000000000", -- Previous_BParm_ID : UNIQUE_ID
    '' -- Descrip : STRING
);
INSERT INTO S_BPARM VALUES (
    "2ff84885-d9d8-4403-82b1-cf68d9f4c2ff", -- BParm_ID : UNIQUE_ID
    "e6bddfad-112a-4e3d-983c-17cf660f6a1d", -- Brg_ID : UNIQUE_ID
    'second', -- Name : STRING
    "ba5eda7a-def5-0000-0000-000000000002", -- DT_ID : UNIQUE_ID
    0, -- By_Ref : INTEGER
    '', -- Dimensions : STRING
    "b618c824-214f-496d-9f10-3fd50db9e512", -- Previous_BParm_ID : UNIQUE_ID
    '' -- Descrip : STRING
);
INSERT INTO S_BPARM VALUES (
    "b618c824-214f-496d-9f10-3fd50db9e512", -- BParm_ID : UNIQUE_ID
    "e6bddfad-112a-4e3d-983c-17cf660f6a1d", -- Brg_ID : UNIQUE_ID
    'minute', -- Name : STRING
    "ba5eda7a-def5-0000-0000-000000000002", -- DT_ID : UNIQUE_ID
    0, -- By_Ref : INTEGER
    '', -- Dimensions : STRING
    "aa1100ee-c7e5-4ecb-b21a-a458b9395f0f", -- Previous_BParm_ID : UNIQUE_ID
    '' -- Descrip : STRING
);
INSERT INTO S_BPARM VALUES (
    "aa1100ee-c7e5-4ecb-b21a-a458b9395f0f", -- BParm_ID : UNIQUE_ID
    "e6bddfad-112a-4e3d-983c-17cf660f6a1d", -- Brg_ID : UNIQUE_ID
    'hour', -- Name : STRING
    "ba5eda7a-def5-0000-0000-000000000002", -- DT_ID : UNIQUE_ID
    0, -- By_Ref : INTEGER
    '', -- Dimensions : STRING
    "076564bb-aa4b-45d4-a897-765cb7a7623d", -- Previous_BParm_ID : UNIQUE_ID
    '' -- Descrip : STRING
);
INSERT INTO S_BPARM VALUES (
    "076564bb-aa4b-45d4-a897-765cb7a7623d", -- BParm_ID : UNIQUE_ID
    "e6bddfad-112a-4e3d-983c-17cf660f6a1d", -- Brg_ID : UNIQUE_ID
    'day', -- Name : STRING
    "ba5eda7a-def5-0000-0000-000000000002", -- DT_ID : UNIQUE_ID
    0, -- By_Ref : INTEGER
    '', -- Dimensions : STRING
    "a8dc93e1-f7e2-4b96-ba42-d464e71e81dd", -- Previous_BParm_ID : UNIQUE_ID
    '' -- Descrip : STRING
);
INSERT INTO S_BPARM VALUES (
    "a8dc93e1-f7e2-4b96-ba42-d464e71e81dd", -- BParm_ID : UNIQUE_ID
    "e6bddfad-112a-4e3d-983c-17cf660f6a1d", -- Brg_ID : UNIQUE_ID
    'month', -- Name : STRING
    "ba5eda7a-def5-0000-0000-000000000002", -- DT_ID : UNIQUE_ID
    0, -- By_Ref : INTEGER
    '', -- Dimensions : STRING
    "bd9cb1eb-612c-4cf4-a5aa-5ba7f8820cc3", -- Previous_BParm_ID : UNIQUE_ID
    '' -- Descrip : STRING
);
INSERT INTO S_BPARM VALUES (
    "bd9cb1eb-612c-4cf4-a5aa-5ba7f8820cc3", -- BParm_ID : UNIQUE_ID
    "e6bddfad-112a-4e3d-983c-17cf660f6a1d", -- Brg_ID : UNIQUE_ID
    'year', -- Name : STRING
    "ba5eda7a-def5-0000-0000-000000000002", -- DT_ID : UNIQUE_ID
    0, -- By_Ref : INTEGER
    '', -- Dimensions : STRING
    "00000000-0000-0000-0000-000000000000", -- Previous_BParm_ID : UNIQUE_ID
    '' -- Descrip : STRING
);
INSERT INTO S_BPARM VALUES (
    "7521082d-9202-4338-9c55-6857f6eab728", -- BParm_ID : UNIQUE_ID
    "38a0bf36-f1fa-46ff-9ac5-30980dbf9ba0", -- Brg_ID : UNIQUE_ID
    'date', -- Name : STRING
    "ba5eda7a-def5-0000-0000-00000000000e", -- DT_ID : UNIQUE_ID
    0, -- By_Ref : INTEGER
    '', -- Dimensions : STRING
    "00000000-0000-0000-0000-000000000000", -- Previous_BParm_ID : UNIQUE_ID
    '' -- Descrip : STRING
);
INSERT INTO S_BPARM VALUES (
    "ec9a6f91-6a94-401e-a679-35130105b5ea", -- BParm_ID : UNIQUE_ID
    "2052aeb8-71a4-49e3-864d-b678d3906bed", -- Brg_ID : UNIQUE_ID
    'date', -- Name : STRING
    "ba5eda7a-def5-0000-0000-00000000000e", -- DT_ID : UNIQUE_ID
    0, -- By_Ref : INTEGER
    '', -- Dimensions : STRING
    "00000000-0000-0000-0000-000000000000", -- Previous_BParm_ID : UNIQUE_ID
    '' -- Descrip : STRING
);
INSERT INTO S_BPARM VALUES (
    "84d75bad-1e52-43aa-aa26-ca21bbf0a968", -- BParm_ID : UNIQUE_ID
    "ffe9b4a1-cf2d-46b7-9789-be3f258319ec", -- Brg_ID : UNIQUE_ID
    'date', -- Name : STRING
    "ba5eda7a-def5-0000-0000-00000000000e", -- DT_ID : UNIQUE_ID
    0, -- By_Ref : INTEGER
    '', -- Dimensions : STRING
    "00000000-0000-0000-0000-000000000000", -- Previous_BParm_ID : UNIQUE_ID
    '' -- Descrip : STRING
);
INSERT INTO S_BPARM VALUES (
    "4a4ba548-f47c-486b-8ef0-77ed20e6a45e", -- BParm_ID : UNIQUE_ID
    "cccf7316-ec6f-4823-ade0-eaab3e2435fc", -- Brg_ID : UNIQUE_ID
    'date', -- Name : STRING
    "ba5eda7a-def5-0000-0000-00000000000e", -- DT_ID : UNIQUE_ID
    0, -- By_Ref : INTEGER
    '', -- Dimensions : STRING
    "00000000-0000-0000-0000-000000000000", -- Previous_BParm_ID : UNIQUE_ID
    '' -- Descrip : STRING
);
INSERT INTO S_BPARM VALUES (
    "d40816f7-b76c-427b-b6d7-446d20d03ee3", -- BParm_ID : UNIQUE_ID
    "e4d7890a-c0ba-4e92-bb75-a89f7a1deb89", -- Brg_ID : UNIQUE_ID
    'date', -- Name : STRING
    "ba5eda7a-def5-0000-0000-00000000000e", -- DT_ID : UNIQUE_ID
    0, -- By_Ref : INTEGER
    '', -- Dimensions : STRING
    "00000000-0000-0000-0000-000000000000", -- Previous_BParm_ID : UNIQUE_ID
    '' -- Descrip : STRING
);
INSERT INTO S_BPARM VALUES (
    "5b29a6f6-08a1-4ddf-9107-136a053c0933", -- BParm_ID : UNIQUE_ID
    "cd04774e-daca-4924-8bf8-26acb2101a9a", -- Brg_ID : UNIQUE_ID
    'date', -- Name : STRING
    "ba5eda7a-def5-0000-0000-00000000000e", -- DT_ID : UNIQUE_ID
    0, -- By_Ref : INTEGER
    '', -- Dimensions : STRING
    "00000000-0000-0000-0000-000000000000", -- Previous_BParm_ID : UNIQUE_ID
    '' -- Descrip : STRING
);
INSERT INTO S_BPARM VALUES (
    "eebfd799-31fd-4ce8-a08a-9724a263b762", -- BParm_ID : UNIQUE_ID
    "0b4c485f-017d-40b6-9a7e-57fda5776da4", -- Brg_ID : UNIQUE_ID
    'microseconds', -- Name : STRING
    "ba5eda7a-def5-0000-0000-000000000002", -- DT_ID : UNIQUE_ID
    0, -- By_Ref : INTEGER
    '', -- Dimensions : STRING
    "9b715479-d702-47cb-8122-8620dc4ed902", -- Previous_BParm_ID : UNIQUE_ID
    '' -- Descrip : STRING
);
INSERT INTO S_BPARM VALUES (
    "9b715479-d702-47cb-8122-8620dc4ed902", -- BParm_ID : UNIQUE_ID
    "0b4c485f-017d-40b6-9a7e-57fda5776da4", -- Brg_ID : UNIQUE_ID
    'event_inst', -- Name : STRING
    "ba5eda7a-def5-0000-0000-00000000000a", -- DT_ID : UNIQUE_ID
    0, -- By_Ref : INTEGER
    '', -- Dimensions : STRING
    "00000000-0000-0000-0000-000000000000", -- Previous_BParm_ID : UNIQUE_ID
    '' -- Descrip : STRING
);
INSERT INTO S_BPARM VALUES (
    "f837dc1f-51c1-4f10-8f70-894551d66b04", -- BParm_ID : UNIQUE_ID
    "16322409-ab18-4a8a-8189-42924b6ad4c7", -- Brg_ID : UNIQUE_ID
    'microseconds', -- Name : STRING
    "ba5eda7a-def5-0000-0000-000000000002", -- DT_ID : UNIQUE_ID
    0, -- By_Ref : INTEGER
    '', -- Dimensions : STRING
    "d4bcf76d-bce4-4c9a-9fe9-5fd26309ed9a", -- Previous_BParm_ID : UNIQUE_ID
    '' -- Descrip : STRING
);
INSERT INTO S_BPARM VALUES (
    "d4bcf76d-bce4-4c9a-9fe9-5fd26309ed9a", -- BParm_ID : UNIQUE_ID
    "16322409-ab18-4a8a-8189-42924b6ad4c7", -- Brg_ID : UNIQUE_ID
    'event_inst', -- Name : STRING
    "ba5eda7a-def5-0000-0000-00000000000a", -- DT_ID : UNIQUE_ID
    0, -- By_Ref : INTEGER
    '', -- Dimensions : STRING
    "00000000-0000-0000-0000-000000000000", -- Previous_BParm_ID : UNIQUE_ID
    '' -- Descrip : STRING
);
INSERT INTO S_BPARM VALUES (
    "2acf22f9-c00d-4469-9fad-399b127eee5b", -- BParm_ID : UNIQUE_ID
    "724d498a-672c-4565-ade3-ad23463f9c4e", -- Brg_ID : UNIQUE_ID
    'timer_inst_ref', -- Name : STRING
    "ba5eda7a-def5-0000-0000-00000000000f", -- DT_ID : UNIQUE_ID
    0, -- By_Ref : INTEGER
    '', -- Dimensions : STRING
    "00000000-0000-0000-0000-000000000000", -- Previous_BParm_ID : UNIQUE_ID
    '' -- Descrip : STRING
);
INSERT INTO S_BPARM VALUES (
    "8c3b610d-cb43-431e-a887-f93a904a8d13", -- BParm_ID : UNIQUE_ID
    "587a5601-85c2-4712-9523-edb532578dab", -- Brg_ID : UNIQUE_ID
    'timer_inst_ref', -- Name : STRING
    "ba5eda7a-def5-0000-0000-00000000000f", -- DT_ID : UNIQUE_ID
    0, -- By_Ref : INTEGER
    '', -- Dimensions : STRING
    "f3102f1e-34e8-4504-bb2c-986aecdb906d", -- Previous_BParm_ID : UNIQUE_ID
    '' -- Descrip : STRING
);
INSERT INTO S_BPARM VALUES (
    "f3102f1e-34e8-4504-bb2c-986aecdb906d", -- BParm_ID : UNIQUE_ID
    "587a5601-85c2-4712-9523-edb532578dab", -- Brg_ID : UNIQUE_ID
    'microseconds', -- Name : STRING
    "ba5eda7a-def5-0000-0000-000000000002", -- DT_ID : UNIQUE_ID
    0, -- By_Ref : INTEGER
    '', -- Dimensions : STRING
    "00000000-0000-0000-0000-000000000000", -- Previous_BParm_ID : UNIQUE_ID
    '' -- Descrip : STRING
);
INSERT INTO S_BPARM VALUES (
    "468de39e-d4fc-4f30-accf-11eb27171171", -- BParm_ID : UNIQUE_ID
    "a160d621-7f28-44ee-b4d9-59b10ef2e404", -- Brg_ID : UNIQUE_ID
    'timer_inst_ref', -- Name : STRING
    "ba5eda7a-def5-0000-0000-00000000000f", -- DT_ID : UNIQUE_ID
    0, -- By_Ref : INTEGER
    '', -- Dimensions : STRING
    "d464f0b4-214d-40d1-87b3-f836b218ccaf", -- Previous_BParm_ID : UNIQUE_ID
    '' -- Descrip : STRING
);
INSERT INTO S_BPARM VALUES (
    "d464f0b4-214d-40d1-87b3-f836b218ccaf", -- BParm_ID : UNIQUE_ID
    "a160d621-7f28-44ee-b4d9-59b10ef2e404", -- Brg_ID : UNIQUE_ID
    'microseconds', -- Name : STRING
    "ba5eda7a-def5-0000-0000-000000000002", -- DT_ID : UNIQUE_ID
    0, -- By_Ref : INTEGER
    '', -- Dimensions : STRING
    "00000000-0000-0000-0000-000000000000", -- Previous_BParm_ID : UNIQUE_ID
    '' -- Descrip : STRING
);
INSERT INTO S_BPARM VALUES (
    "e74eb78d-a2ce-4224-bdad-cc900e1a843b", -- BParm_ID : UNIQUE_ID
    "b2f303f5-6e95-4731-a762-be0c0eb02ca7", -- Brg_ID : UNIQUE_ID
    'timer_inst_ref', -- Name : STRING
    "ba5eda7a-def5-0000-0000-00000000000f", -- DT_ID : UNIQUE_ID
    0, -- By_Ref : INTEGER
    '', -- Dimensions : STRING
    "00000000-0000-0000-0000-000000000000", -- Previous_BParm_ID : UNIQUE_ID
    '' -- Descrip : STRING
);
INSERT INTO S_BPARM VALUES (
    "c6e934fc-2ef0-40c1-a16c-0a06a0277880", -- BParm_ID : UNIQUE_ID
    "4c84eeef-580a-44c0-99a3-07b6a73452d7", -- Brg_ID : UNIQUE_ID
    'name', -- Name : STRING
    "ba5eda7a-def5-0000-0000-000000000004", -- DT_ID : UNIQUE_ID
    0, -- By_Ref : INTEGER
    '', -- Dimensions : STRING
    "00000000-0000-0000-0000-000000000000", -- Previous_BParm_ID : UNIQUE_ID
    '' -- Descrip : STRING
);
INSERT INTO S_BPARM VALUES (
    "aa97ca18-dd08-4372-a172-5fea79e99363", -- BParm_ID : UNIQUE_ID
    "4c84eeef-580a-44c0-99a3-07b6a73452d7", -- Brg_ID : UNIQUE_ID
    'usage', -- Name : STRING
    "ba5eda7a-def5-0000-0000-000000000004", -- DT_ID : UNIQUE_ID
    0, -- By_Ref : INTEGER
    '', -- Dimensions : STRING
    "c6e934fc-2ef0-40c1-a16c-0a06a0277880", -- Previous_BParm_ID : UNIQUE_ID
    '' -- Descrip : STRING
);
INSERT INTO S_BPARM VALUES (
    "fe6e347e-148c-41b0-93d2-103cb5b039c7", -- BParm_ID : UNIQUE_ID
    "552205ca-aa70-45be-9f6c-fed75e322243", -- Brg_ID : UNIQUE_ID
    'name', -- Name : STRING
    "ba5eda7a-def5-0000-0000-000000000004", -- DT_ID : UNIQUE_ID
    0, -- By_Ref : INTEGER
    '', -- Dimensions : STRING
    "00000000-0000-0000-0000-000000000000", -- Previous_BParm_ID : UNIQUE_ID
    '' -- Descrip : STRING
);
INSERT INTO S_BPARM VALUES (
    "aeafcd39-100f-4510-b577-b492a87341b4", -- BParm_ID : UNIQUE_ID
    "552205ca-aa70-45be-9f6c-fed75e322243", -- Brg_ID : UNIQUE_ID
    'usage', -- Name : STRING
    "ba5eda7a-def5-0000-0000-000000000004", -- DT_ID : UNIQUE_ID
    0, -- By_Ref : INTEGER
    '', -- Dimensions : STRING
    "de67d99a-f018-4c57-8c77-ae04092276d5", -- Previous_BParm_ID : UNIQUE_ID
    '' -- Descrip : STRING
);
INSERT INTO S_BPARM VALUES (
    "1116bbba-a679-4051-9499-b6b084b1ce4b", -- BParm_ID : UNIQUE_ID
    "552205ca-aa70-45be-9f6c-fed75e322243", -- Brg_ID : UNIQUE_ID
    'default_value', -- Name : STRING
    "ba5eda7a-def5-0000-0000-000000000004", -- DT_ID : UNIQUE_ID
    0, -- By_Ref : INTEGER
    '', -- Dimensions : STRING
    "aeafcd39-100f-4510-b577-b492a87341b4", -- Previous_BParm_ID : UNIQUE_ID
    '' -- Descrip : STRING
);
INSERT INTO S_BPARM VALUES (
    "de67d99a-f018-4c57-8c77-ae04092276d5", -- BParm_ID : UNIQUE_ID
    "552205ca-aa70-45be-9f6c-fed75e322243", -- Brg_ID : UNIQUE_ID
    'value_name', -- Name : STRING
    "ba5eda7a-def5-0000-0000-000000000004", -- DT_ID : UNIQUE_ID
    0, -- By_Ref : INTEGER
    '', -- Dimensions : STRING
    "fe6e347e-148c-41b0-93d2-103cb5b039c7", -- Previous_BParm_ID : UNIQUE_ID
    '' -- Descrip : STRING
);
INSERT INTO S_BPARM VALUES (
    "c0949355-b740-4feb-9f33-245a8ef01d3f", -- BParm_ID : UNIQUE_ID
    "552205ca-aa70-45be-9f6c-fed75e322243", -- Brg_ID : UNIQUE_ID
    'required', -- Name : STRING
    "ba5eda7a-def5-0000-0000-000000000001", -- DT_ID : UNIQUE_ID
    0, -- By_Ref : INTEGER
    '', -- Dimensions : STRING
    "1116bbba-a679-4051-9499-b6b084b1ce4b", -- Previous_BParm_ID : UNIQUE_ID
    '' -- Descrip : STRING
);
INSERT INTO S_BPARM VALUES (
    "0b5faa27-1c3c-451f-8cde-e5556fa72e6f", -- BParm_ID : UNIQUE_ID
    "e14dac49-6263-450c-a836-b0d18eb918ce", -- Brg_ID : UNIQUE_ID
    'name', -- Name : STRING
    "ba5eda7a-def5-0000-0000-000000000004", -- DT_ID : UNIQUE_ID
    0, -- By_Ref : INTEGER
    '', -- Dimensions : STRING
    "00000000-0000-0000-0000-000000000000", -- Previous_BParm_ID : UNIQUE_ID
    '' -- Descrip : STRING
);
INSERT INTO S_BPARM VALUES (
    "4c7c1c7f-d782-47de-94dc-8c16a0605a70", -- BParm_ID : UNIQUE_ID
    "48b8f9dc-e8f2-41f2-9b8e-d6b671643328", -- Brg_ID : UNIQUE_ID
    'name', -- Name : STRING
    "ba5eda7a-def5-0000-0000-000000000004", -- DT_ID : UNIQUE_ID
    0, -- By_Ref : INTEGER
    '', -- Dimensions : STRING
    "00000000-0000-0000-0000-000000000000", -- Previous_BParm_ID : UNIQUE_ID
    '' -- Descrip : STRING
);
INSERT INTO S_BPARM VALUES (
    "37ef52bb-354f-4080-951f-232d57d97550", -- BParm_ID : UNIQUE_ID
    "1f23e627-377e-4168-a4a2-bda0a5ec42eb", -- Brg_ID : UNIQUE_ID
    'i', -- Name : STRING
    "ba5eda7a-def5-0000-0000-000000000002", -- DT_ID : UNIQUE_ID
    0, -- By_Ref : INTEGER
    '', -- Dimensions : STRING
    "00000000-0000-0000-0000-000000000000", -- Previous_BParm_ID : UNIQUE_ID
    '' -- Descrip : STRING
);
INSERT INTO S_BPARM VALUES (
    "dcf08dfe-7a14-4dff-9610-adce1f97728c", -- BParm_ID : UNIQUE_ID
    "5f3c759c-6b7b-4ee8-8e47-370fb4a90427", -- Brg_ID : UNIQUE_ID
    's', -- Name : STRING
    "ba5eda7a-def5-0000-0000-000000000004", -- DT_ID : UNIQUE_ID
    0, -- By_Ref : INTEGER
    '', -- Dimensions : STRING
    "00000000-0000-0000-0000-000000000000", -- Previous_BParm_ID : UNIQUE_ID
    '' -- Descrip : STRING
);
INSERT INTO S_BPARM VALUES (
    "4d7b8f22-8059-47ca-a987-bb57179f7901", -- BParm_ID : UNIQUE_ID
    "89d596ad-2792-4523-b93e-7f73d50eaa81", -- Brg_ID : UNIQUE_ID
    's', -- Name : STRING
    "ba5eda7a-def5-0000-0000-000000000004", -- DT_ID : UNIQUE_ID
    0, -- By_Ref : INTEGER
    '', -- Dimensions : STRING
    "00000000-0000-0000-0000-000000000000", -- Previous_BParm_ID : UNIQUE_ID
    '' -- Descrip : STRING
);
INSERT INTO S_BPARM VALUES (
    "5672b300-8883-407f-b671-9972b79679ef", -- BParm_ID : UNIQUE_ID
    "89d596ad-2792-4523-b93e-7f73d50eaa81", -- Brg_ID : UNIQUE_ID
    'begin', -- Name : STRING
    "ba5eda7a-def5-0000-0000-000000000002", -- DT_ID : UNIQUE_ID
    0, -- By_Ref : INTEGER
    '', -- Dimensions : STRING
    "4d7b8f22-8059-47ca-a987-bb57179f7901", -- Previous_BParm_ID : UNIQUE_ID
    '' -- Descrip : STRING
);
INSERT INTO S_BPARM VALUES (
    "4d74bbb3-4555-4bb8-b43d-9c505332a21d", -- BParm_ID : UNIQUE_ID
    "89d596ad-2792-4523-b93e-7f73d50eaa81", -- Brg_ID : UNIQUE_ID
    'end', -- Name : STRING
    "ba5eda7a-def5-0000-0000-000000000002", -- DT_ID : UNIQUE_ID
    0, -- By_Ref : INTEGER
    '', -- Dimensions : STRING
    "5672b300-8883-407f-b671-9972b79679ef", -- Previous_BParm_ID : UNIQUE_ID
    '' -- Descrip : STRING
);
INSERT INTO S_BPARM VALUES (
    "fcac9711-b2b9-4b20-a255-28cd2024c9c5", -- BParm_ID : UNIQUE_ID
    "ffa333ae-485c-4095-8a9f-2ea460bbb53f", -- Brg_ID : UNIQUE_ID
    's', -- Name : STRING
    "ba5eda7a-def5-0000-0000-000000000004", -- DT_ID : UNIQUE_ID
    0, -- By_Ref : INTEGER
    '', -- Dimensions : STRING
    "00000000-0000-0000-0000-000000000000", -- Previous_BParm_ID : UNIQUE_ID
    '' -- Descrip : STRING
);
INSERT INTO S_BPARM VALUES (
    "03af71b0-2807-442d-9e88-c095ff2543ac", -- BParm_ID : UNIQUE_ID
    "7336eafe-bf7f-45cf-a139-f0fa44c5400e", -- Brg_ID : UNIQUE_ID
    'haystack', -- Name : STRING
    "ba5eda7a-def5-0000-0000-000000000004", -- DT_ID : UNIQUE_ID
    0, -- By_Ref : INTEGER
    '', -- Dimensions : STRING
    "00000000-0000-0000-0000-000000000000", -- Previous_BParm_ID : UNIQUE_ID
    '' -- Descrip : STRING
);
INSERT INTO S_BPARM VALUES (
    "42f61ab6-7e6f-4814-a9b2-e0b84a3f9187", -- BParm_ID : UNIQUE_ID
    "7336eafe-bf7f-45cf-a139-f0fa44c5400e", -- Brg_ID : UNIQUE_ID
    'needle', -- Name : STRING
    "ba5eda7a-def5-0000-0000-000000000004", -- DT_ID : UNIQUE_ID
    0, -- By_Ref : INTEGER
    '', -- Dimensions : STRING
    "03af71b0-2807-442d-9e88-c095ff2543ac", -- Previous_BParm_ID : UNIQUE_ID
    '' -- Descrip : STRING
);
INSERT INTO S_BPARM VALUES (
    "21d3e869-1404-48d5-a267-164cc9137af6", -- BParm_ID : UNIQUE_ID
    "d62c634b-74cc-4271-879d-bb16f8243125", -- Brg_ID : UNIQUE_ID
    's', -- Name : STRING
    "ba5eda7a-def5-0000-0000-000000000004", -- DT_ID : UNIQUE_ID
    0, -- By_Ref : INTEGER
    '', -- Dimensions : STRING
    "00000000-0000-0000-0000-000000000000", -- Previous_BParm_ID : UNIQUE_ID
    '' -- Descrip : STRING
);
INSERT INTO S_BPARM VALUES (
    "e87f42b4-d43e-43d5-ac81-caaa57626be5", -- BParm_ID : UNIQUE_ID
    "98d84f3d-005b-4259-a245-635911bfd6d9", -- Brg_ID : UNIQUE_ID
    's', -- Name : STRING
    "ba5eda7a-def5-0000-0000-000000000004", -- DT_ID : UNIQUE_ID
    0, -- By_Ref : INTEGER
    '', -- Dimensions : STRING
    "00000000-0000-0000-0000-000000000000", -- Previous_BParm_ID : UNIQUE_ID
    '' -- Descrip : STRING
);
INSERT INTO S_BPARM VALUES (
    "d5edd80c-223e-48c5-a69f-415ad3aaec87", -- BParm_ID : UNIQUE_ID
    "2d05e784-4e68-4ad9-b373-5583b0c79497", -- Brg_ID : UNIQUE_ID
    's', -- Name : STRING
    "ba5eda7a-def5-0000-0000-000000000004", -- DT_ID : UNIQUE_ID
    0, -- By_Ref : INTEGER
    '', -- Dimensions : STRING
    "00000000-0000-0000-0000-000000000000", -- Previous_BParm_ID : UNIQUE_ID
    '' -- Descrip : STRING
);
INSERT INTO S_BPARM VALUES (
    "95a61ef6-9dee-4090-a67d-d7662540764b", -- BParm_ID : UNIQUE_ID
    "7b593108-9200-42f0-86c7-49dfd1e5d704", -- Brg_ID : UNIQUE_ID
    'x', -- Name : STRING
    "ba5eda7a-def5-0000-0000-000000000003", -- DT_ID : UNIQUE_ID
    0, -- By_Ref : INTEGER
    '', -- Dimensions : STRING
    "00000000-0000-0000-0000-000000000000", -- Previous_BParm_ID : UNIQUE_ID
    '' -- Descrip : STRING
);
INSERT INTO S_BPARM VALUES (
    "a040d4f5-eff4-4e79-9892-bc6e87f12996", -- BParm_ID : UNIQUE_ID
    "c1f05ae4-a5cb-40a3-a774-d2cddaff579b", -- Brg_ID : UNIQUE_ID
    'attr', -- Name : STRING
    "ba5eda7a-def5-0000-0000-000000000004", -- DT_ID : UNIQUE_ID
    0, -- By_Ref : INTEGER
    '', -- Dimensions : STRING
    "00000000-0000-0000-0000-000000000000", -- Previous_BParm_ID : UNIQUE_ID
    '' -- Descrip : STRING
);
INSERT INTO S_BPARM VALUES (
    "59173bf2-34e1-49c0-82e9-647abc0e795c", -- BParm_ID : UNIQUE_ID
    "cc2b571f-54b2-4585-86b3-d879d5e34b3d", -- Brg_ID : UNIQUE_ID
    'attr', -- Name : STRING
    "ba5eda7a-def5-0000-0000-000000000004", -- DT_ID : UNIQUE_ID
    0, -- By_Ref : INTEGER
    '', -- Dimensions : STRING
    "00000000-0000-0000-0000-000000000000", -- Previous_BParm_ID : UNIQUE_ID
    '' -- Descrip : STRING
);
INSERT INTO S_BPARM VALUES (
    "7f80d22c-9adb-4f9b-8b1a-d20e9587a9ed", -- BParm_ID : UNIQUE_ID
    "3c5d78ee-496c-451e-bcc7-ad0d222c0e32", -- Brg_ID : UNIQUE_ID
    'java_class', -- Name : STRING
    "ba5eda7a-def5-0000-0000-000000000004", -- DT_ID : UNIQUE_ID
    0, -- By_Ref : INTEGER
    '', -- Dimensions : STRING
    "00000000-0000-0000-0000-000000000000", -- Previous_BParm_ID : UNIQUE_ID
    '' -- Descrip : STRING
);
INSERT INTO S_BPARM VALUES (
    "030b8ad4-05ad-415a-9745-c98c4f790575", -- BParm_ID : UNIQUE_ID
    "3c5d78ee-496c-451e-bcc7-ad0d222c0e32", -- Brg_ID : UNIQUE_ID
    'args', -- Name : STRING
    "ba5eda7a-def5-0000-0000-000000000004", -- DT_ID : UNIQUE_ID
    0, -- By_Ref : INTEGER
    '[]', -- Dimensions : STRING
    "7f80d22c-9adb-4f9b-8b1a-d20e9587a9ed", -- Previous_BParm_ID : UNIQUE_ID
    '' -- Descrip : STRING
);
INSERT INTO S_BPARM VALUES (
    "a08876d8-ddad-46b7-89ab-8191af6a9e1a", -- BParm_ID : UNIQUE_ID
    "e4340945-3812-4aa8-bc9b-e374d680118b", -- Brg_ID : UNIQUE_ID
    'key_letters', -- Name : STRING
    "ba5eda7a-def5-0000-0000-000000000004", -- DT_ID : UNIQUE_ID
    0, -- By_Ref : INTEGER
    '', -- Dimensions : STRING
    "00000000-0000-0000-0000-000000000000", -- Previous_BParm_ID : UNIQUE_ID
    '' -- Descrip : STRING
);
INSERT INTO S_BPARM VALUES (
    "7ef089be-a1ad-4b07-a0b2-d41f3588e7db", -- BParm_ID : UNIQUE_ID
    "5a5d5ceb-29f0-4209-aeba-150fb07052b7", -- Brg_ID : UNIQUE_ID
    'instance', -- Name : STRING
    "ba5eda7a-def5-0000-0000-000000000008", -- DT_ID : UNIQUE_ID
    0, -- By_Ref : INTEGER
    '', -- Dimensions : STRING
    "00000000-0000-0000-0000-000000000000", -- Previous_BParm_ID : UNIQUE_ID
    '' -- Descrip : STRING
);
INSERT INTO S_BPARM VALUES (
    "774a42db-19b4-4835-a8d7-6c145a107edb", -- BParm_ID : UNIQUE_ID
    "5a5d5ceb-29f0-4209-aeba-150fb07052b7", -- Brg_ID : UNIQUE_ID
    'attribute_name', -- Name : STRING
    "ba5eda7a-def5-0000-0000-000000000004", -- DT_ID : UNIQUE_ID
    0, -- By_Ref : INTEGER
    '', -- Dimensions : STRING
    "7ef089be-a1ad-4b07-a0b2-d41f3588e7db", -- Previous_BParm_ID : UNIQUE_ID
    '' -- Descrip : STRING
);
INSERT INTO S_BPARM VALUES (
    "dff6ad29-526a-4903-a715-d15a19113b1e", -- BParm_ID : UNIQUE_ID
    "5a5d5ceb-29f0-4209-aeba-150fb07052b7", -- Brg_ID : UNIQUE_ID
    'value', -- Name : STRING
    "ba5eda7a-def5-0000-0000-000000000008", -- DT_ID : UNIQUE_ID
    0, -- By_Ref : INTEGER
    '', -- Dimensions : STRING
    "774a42db-19b4-4835-a8d7-6c145a107edb", -- Previous_BParm_ID : UNIQUE_ID
    '' -- Descrip : STRING
);
INSERT INTO S_BPARM VALUES (
    "d501676f-5396-463c-92a3-1f34b8517ddc", -- BParm_ID : UNIQUE_ID
    "5dddfeb2-1f14-4aa5-ad63-8a909e0dec8c", -- Brg_ID : UNIQUE_ID
    'inst1', -- Name : STRING
    "ba5eda7a-def5-0000-0000-000000000008", -- DT_ID : UNIQUE_ID
    0, -- By_Ref : INTEGER
    '', -- Dimensions : STRING
    "00000000-0000-0000-0000-000000000000", -- Previous_BParm_ID : UNIQUE_ID
    '' -- Descrip : STRING
);
INSERT INTO S_BPARM VALUES (
    "decce6e5-3390-483a-9e44-25e7bcfcc192", -- BParm_ID : UNIQUE_ID
    "5dddfeb2-1f14-4aa5-ad63-8a909e0dec8c", -- Brg_ID : UNIQUE_ID
    'inst2', -- Name : STRING
    "ba5eda7a-def5-0000-0000-000000000008", -- DT_ID : UNIQUE_ID
    0, -- By_Ref : INTEGER
    '', -- Dimensions : STRING
    "d501676f-5396-463c-92a3-1f34b8517ddc", -- Previous_BParm_ID : UNIQUE_ID
    '' -- Descrip : STRING
);
INSERT INTO S_BPARM VALUES (
    "880ebbb6-b09f-4305-b214-46ccd127ac18", -- BParm_ID : UNIQUE_ID
    "5dddfeb2-1f14-4aa5-ad63-8a909e0dec8c", -- Brg_ID : UNIQUE_ID
    'rel_num', -- Name : STRING
    "ba5eda7a-def5-0000-0000-000000000002", -- DT_ID : UNIQUE_ID
    0, -- By_Ref : INTEGER
    '', -- Dimensions : STRING
    "decce6e5-3390-483a-9e44-25e7bcfcc192", -- Previous_BParm_ID : UNIQUE_ID
    '' -- Descrip : STRING
);
INSERT INTO S_BPARM VALUES (
    "470225d1-85e1-47fc-8375-99420dd21163", -- BParm_ID : UNIQUE_ID
    "5dddfeb2-1f14-4aa5-ad63-8a909e0dec8c", -- Brg_ID : UNIQUE_ID
    'phrase', -- Name : STRING
    "ba5eda7a-def5-0000-0000-000000000004", -- DT_ID : UNIQUE_ID
    0, -- By_Ref : INTEGER
    '', -- Dimensions : STRING
    "880ebbb6-b09f-4305-b214-46ccd127ac18", -- Previous_BParm_ID : UNIQUE_ID
    '' -- Descrip : STRING
);
INSERT INTO S_BPARM VALUES (
    "61fbe7a9-1ff1-4646-9036-699d8a77b4eb", -- BParm_ID : UNIQUE_ID
    "4d455ec0-5a4f-467f-bd96-0eda52082970", -- Brg_ID : UNIQUE_ID
    'inst1', -- Name : STRING
    "ba5eda7a-def5-0000-0000-000000000008", -- DT_ID : UNIQUE_ID
    0, -- By_Ref : INTEGER
    '', -- Dimensions : STRING
    "00000000-0000-0000-0000-000000000000", -- Previous_BParm_ID : UNIQUE_ID
    '' -- Descrip : STRING
);
INSERT INTO S_BPARM VALUES (
    "9853b7e4-33ce-4b17-9375-b3ba712c1769", -- BParm_ID : UNIQUE_ID
    "4d455ec0-5a4f-467f-bd96-0eda52082970", -- Brg_ID : UNIQUE_ID
    'inst2', -- Name : STRING
    "ba5eda7a-def5-0000-0000-000000000008", -- DT_ID : UNIQUE_ID
    0, -- By_Ref : INTEGER
    '', -- Dimensions : STRING
    "61fbe7a9-1ff1-4646-9036-699d8a77b4eb", -- Previous_BParm_ID : UNIQUE_ID
    '' -- Descrip : STRING
);
INSERT INTO S_BPARM VALUES (
    "b39dc106-616f-4e29-b6cd-364f1e935827", -- BParm_ID : UNIQUE_ID
    "4d455ec0-5a4f-467f-bd96-0eda52082970", -- Brg_ID : UNIQUE_ID
    'rel_num', -- Name : STRING
    "ba5eda7a-def5-0000-0000-000000000002", -- DT_ID : UNIQUE_ID
    0, -- By_Ref : INTEGER
    '', -- Dimensions : STRING
    "1012e3aa-873a-4131-8c05-a2dac7e250fe", -- Previous_BParm_ID : UNIQUE_ID
    '' -- Descrip : STRING
);
INSERT INTO S_BPARM VALUES (
    "2cadaa5f-0a37-40d6-bd78-846eb83a9235", -- BParm_ID : UNIQUE_ID
    "4d455ec0-5a4f-467f-bd96-0eda52082970", -- Brg_ID : UNIQUE_ID
    'phrase', -- Name : STRING
    "ba5eda7a-def5-0000-0000-000000000004", -- DT_ID : UNIQUE_ID
    0, -- By_Ref : INTEGER
    '', -- Dimensions : STRING
    "b39dc106-616f-4e29-b6cd-364f1e935827", -- Previous_BParm_ID : UNIQUE_ID
    '' -- Descrip : STRING
);
INSERT INTO S_BPARM VALUES (
    "1012e3aa-873a-4131-8c05-a2dac7e250fe", -- BParm_ID : UNIQUE_ID
    "4d455ec0-5a4f-467f-bd96-0eda52082970", -- Brg_ID : UNIQUE_ID
    'link', -- Name : STRING
    "ba5eda7a-def5-0000-0000-000000000008", -- DT_ID : UNIQUE_ID
    0, -- By_Ref : INTEGER
    '', -- Dimensions : STRING
    "9853b7e4-33ce-4b17-9375-b3ba712c1769", -- Previous_BParm_ID : UNIQUE_ID
    '' -- Descrip : STRING
);
INSERT INTO S_BPARM VALUES (
    "216fa774-c8d9-4dcb-82c8-d5a97e634c71", -- BParm_ID : UNIQUE_ID
    "b890cabd-de2c-4828-a8a5-d955fb7d67c4", -- Brg_ID : UNIQUE_ID
    'function_name', -- Name : STRING
    "ba5eda7a-def5-0000-0000-000000000004", -- DT_ID : UNIQUE_ID
    0, -- By_Ref : INTEGER
    '', -- Dimensions : STRING
    "00000000-0000-0000-0000-000000000000", -- Previous_BParm_ID : UNIQUE_ID
    '' -- Descrip : STRING
);
INSERT INTO S_BPARM VALUES (
    "9655860a-1775-4c02-bf88-60f28d3010cf", -- BParm_ID : UNIQUE_ID
    "b890cabd-de2c-4828-a8a5-d955fb7d67c4", -- Brg_ID : UNIQUE_ID
    'args', -- Name : STRING
    "ba5eda7a-def5-0000-0000-000000000008", -- DT_ID : UNIQUE_ID
    0, -- By_Ref : INTEGER
    '[]', -- Dimensions : STRING
    "216fa774-c8d9-4dcb-82c8-d5a97e634c71", -- Previous_BParm_ID : UNIQUE_ID
    '' -- Descrip : STRING
);
INSERT INTO S_BPARM VALUES (
    "cc59f84f-ad26-45ec-8f9d-fd87a49d1b24", -- BParm_ID : UNIQUE_ID
    "41ba132d-a1d1-4191-a09b-2557dff31e03", -- Brg_ID : UNIQUE_ID
    'file', -- Name : STRING
    "ba5eda7a-def5-0000-0000-000000000004", -- DT_ID : UNIQUE_ID
    0, -- By_Ref : INTEGER
    '', -- Dimensions : STRING
    "00000000-0000-0000-0000-000000000000", -- Previous_BParm_ID : UNIQUE_ID
    '' -- Descrip : STRING
);
INSERT INTO S_BPARM VALUES (
    "b44dee13-d04f-428c-9395-32ebe32a7438", -- BParm_ID : UNIQUE_ID
    "9c9ff561-0230-49c6-93a0-97e6e806f171", -- Brg_ID : UNIQUE_ID
    'file', -- Name : STRING
    "ba5eda7a-def5-0000-0000-000000000004", -- DT_ID : UNIQUE_ID
    0, -- By_Ref : INTEGER
    '', -- Dimensions : STRING
    "00000000-0000-0000-0000-000000000000", -- Previous_BParm_ID : UNIQUE_ID
    '' -- Descrip : STRING
);
INSERT INTO S_BPARM VALUES (
    "29a1bce9-53c7-4aa2-8b58-168e025fc45b", -- BParm_ID : UNIQUE_ID
    "f7a1de23-2e31-4e8a-988b-ace95920d6c0", -- Brg_ID : UNIQUE_ID
    's', -- Name : STRING
    "ba5eda7a-def5-0000-0000-000000000004", -- DT_ID : UNIQUE_ID
    0, -- By_Ref : INTEGER
    '', -- Dimensions : STRING
    "00000000-0000-0000-0000-000000000000", -- Previous_BParm_ID : UNIQUE_ID
    '' -- Descrip : STRING
);
INSERT INTO S_BPARM VALUES (
    "71abd594-35f7-47aa-a3fb-744f9cbe26b1", -- BParm_ID : UNIQUE_ID
    "56d78985-bd88-4f57-97f5-3a8479d36a75", -- Brg_ID : UNIQUE_ID
    'file', -- Name : STRING
    "ba5eda7a-def5-0000-0000-000000000004", -- DT_ID : UNIQUE_ID
    0, -- By_Ref : INTEGER
    '', -- Dimensions : STRING
    "00000000-0000-0000-0000-000000000000", -- Previous_BParm_ID : UNIQUE_ID
    '' -- Descrip : STRING
);
INSERT INTO S_BPARM VALUES (
    "d1ee6801-de07-4031-bd37-2a8ffd3f8473", -- BParm_ID : UNIQUE_ID
    "ad4f1248-1786-4a6c-9f24-575f1b7d5401", -- Brg_ID : UNIQUE_ID
    'file', -- Name : STRING
    "ba5eda7a-def5-0000-0000-000000000004", -- DT_ID : UNIQUE_ID
    0, -- By_Ref : INTEGER
    '', -- Dimensions : STRING
    "00000000-0000-0000-0000-000000000000", -- Previous_BParm_ID : UNIQUE_ID
    '' -- Descrip : STRING
);
INSERT INTO S_BPARM VALUES (
    "a7a80f0d-ee75-4ddb-a11f-c2ac2101f1e0", -- BParm_ID : UNIQUE_ID
    "387a0ac8-5355-48ef-a355-2676c1a68ecb", -- Brg_ID : UNIQUE_ID
    'format', -- Name : STRING
    "ba5eda7a-def5-0000-0000-000000000004", -- DT_ID : UNIQUE_ID
    0, -- By_Ref : INTEGER
    '', -- Dimensions : STRING
    "00000000-0000-0000-0000-000000000000", -- Previous_BParm_ID : UNIQUE_ID
    '' -- Descrip : STRING
);
INSERT INTO S_BPARM VALUES (
    "7ed56b5d-9bd9-499e-8848-be903121068c", -- BParm_ID : UNIQUE_ID
    "387a0ac8-5355-48ef-a355-2676c1a68ecb", -- Brg_ID : UNIQUE_ID
    's', -- Name : STRING
    "ba5eda7a-def5-0000-0000-000000000004", -- DT_ID : UNIQUE_ID
    0, -- By_Ref : INTEGER
    '', -- Dimensions : STRING
    "a7a80f0d-ee75-4ddb-a11f-c2ac2101f1e0", -- Previous_BParm_ID : UNIQUE_ID
    '' -- Descrip : STRING
);
INSERT INTO S_BPARM VALUES (
    "860f4a36-5e56-4945-80ba-9040088955af", -- BParm_ID : UNIQUE_ID
    "a4310342-37b4-4aa7-825b-a056e08718c5", -- Brg_ID : UNIQUE_ID
    'dir', -- Name : STRING
    "ba5eda7a-def5-0000-0000-000000000004", -- DT_ID : UNIQUE_ID
    0, -- By_Ref : INTEGER
    '', -- Dimensions : STRING
    "00000000-0000-0000-0000-000000000000", -- Previous_BParm_ID : UNIQUE_ID
    '' -- Descrip : STRING
);
INSERT INTO S_BRG VALUES (
    "112f319f-4c8e-482c-a552-276f1b56bc8d", -- Brg_ID : UNIQUE_ID
    "301ed0ee-cd6b-49d6-949f-df904baa862c", -- EE_ID : UNIQUE_ID
    'shutdown', -- Name : STRING
    '', -- Descrip : STRING
    0, -- Brg_Typ : INTEGER
    "ba5eda7a-def5-0000-0000-000000000000", -- DT_ID : UNIQUE_ID
    '//', -- Action_Semantics_internal : STRING
    1, -- Suc_Pars : INTEGER
    '', -- Return_Dimensions : STRING
    0 -- Dialect : INTEGER
);
INSERT INTO S_BRG VALUES (
    "b34ec664-6dea-44bc-afbf-69645da52f0a", -- Brg_ID : UNIQUE_ID
    "fb3760d2-2a3e-463f-bd24-66cd25fdba39", -- EE_ID : UNIQUE_ID
    'LogDate', -- Name : STRING
    '', -- Descrip : STRING
    0, -- Brg_Typ : INTEGER
    "ba5eda7a-def5-0000-0000-000000000000", -- DT_ID : UNIQUE_ID
    '', -- Action_Semantics_internal : STRING
    1, -- Suc_Pars : INTEGER
    '', -- Return_Dimensions : STRING
    0 -- Dialect : INTEGER
);
INSERT INTO S_BRG VALUES (
    "2dcf3e84-1208-4e7f-a70c-a54d15f1ce77", -- Brg_ID : UNIQUE_ID
    "fb3760d2-2a3e-463f-bd24-66cd25fdba39", -- EE_ID : UNIQUE_ID
    'LogFailure', -- Name : STRING
    '', -- Descrip : STRING
    0, -- Brg_Typ : INTEGER
    "ba5eda7a-def5-0000-0000-000000000000", -- DT_ID : UNIQUE_ID
    '', -- Action_Semantics_internal : STRING
    1, -- Suc_Pars : INTEGER
    '', -- Return_Dimensions : STRING
    0 -- Dialect : INTEGER
);
INSERT INTO S_BRG VALUES (
    "af615ef3-56dd-40b1-be6b-27e07023a829", -- Brg_ID : UNIQUE_ID
    "fb3760d2-2a3e-463f-bd24-66cd25fdba39", -- EE_ID : UNIQUE_ID
    'LogInfo', -- Name : STRING
    '', -- Descrip : STRING
    0, -- Brg_Typ : INTEGER
    "ba5eda7a-def5-0000-0000-000000000000", -- DT_ID : UNIQUE_ID
    '', -- Action_Semantics_internal : STRING
    1, -- Suc_Pars : INTEGER
    '', -- Return_Dimensions : STRING
    0 -- Dialect : INTEGER
);
INSERT INTO S_BRG VALUES (
    "474dc6f1-f8eb-4a43-8ae9-fd7ec3f494ce", -- Brg_ID : UNIQUE_ID
    "fb3760d2-2a3e-463f-bd24-66cd25fdba39", -- EE_ID : UNIQUE_ID
    'LogInteger', -- Name : STRING
    '', -- Descrip : STRING
    0, -- Brg_Typ : INTEGER
    "ba5eda7a-def5-0000-0000-000000000000", -- DT_ID : UNIQUE_ID
    '', -- Action_Semantics_internal : STRING
    0, -- Suc_Pars : INTEGER
    '', -- Return_Dimensions : STRING
    0 -- Dialect : INTEGER
);
INSERT INTO S_BRG VALUES (
    "a9e838fb-4772-4822-aee6-57f775da6967", -- Brg_ID : UNIQUE_ID
    "fb3760d2-2a3e-463f-bd24-66cd25fdba39", -- EE_ID : UNIQUE_ID
    'LogReal', -- Name : STRING
    '', -- Descrip : STRING
    0, -- Brg_Typ : INTEGER
    "ba5eda7a-def5-0000-0000-000000000000", -- DT_ID : UNIQUE_ID
    '', -- Action_Semantics_internal : STRING
    1, -- Suc_Pars : INTEGER
    '', -- Return_Dimensions : STRING
    0 -- Dialect : INTEGER
);
INSERT INTO S_BRG VALUES (
    "c56d3597-5a54-4d78-8914-2dc2594c2af4", -- Brg_ID : UNIQUE_ID
    "fb3760d2-2a3e-463f-bd24-66cd25fdba39", -- EE_ID : UNIQUE_ID
    'LogSuccess', -- Name : STRING
    '', -- Descrip : STRING
    0, -- Brg_Typ : INTEGER
    "ba5eda7a-def5-0000-0000-000000000000", -- DT_ID : UNIQUE_ID
    '', -- Action_Semantics_internal : STRING
    1, -- Suc_Pars : INTEGER
    '', -- Return_Dimensions : STRING
    0 -- Dialect : INTEGER
);
INSERT INTO S_BRG VALUES (
    "77300edb-b891-4e35-858b-9e8cb6437f19", -- Brg_ID : UNIQUE_ID
    "fb3760d2-2a3e-463f-bd24-66cd25fdba39", -- EE_ID : UNIQUE_ID
    'LogTime', -- Name : STRING
    '', -- Descrip : STRING
    0, -- Brg_Typ : INTEGER
    "ba5eda7a-def5-0000-0000-000000000000", -- DT_ID : UNIQUE_ID
    '', -- Action_Semantics_internal : STRING
    1, -- Suc_Pars : INTEGER
    '', -- Return_Dimensions : STRING
    0 -- Dialect : INTEGER
);
INSERT INTO S_BRG VALUES (
    "8a08e8b6-4de0-437f-968f-71d65464ceb7", -- Brg_ID : UNIQUE_ID
    "0cbe8000-b94e-43c0-a74e-b3d9f70bb59d", -- EE_ID : UNIQUE_ID
    'current_date', -- Name : STRING
    '', -- Descrip : STRING
    1, -- Brg_Typ : INTEGER
    "ba5eda7a-def5-0000-0000-00000000000e", -- DT_ID : UNIQUE_ID
    '', -- Action_Semantics_internal : STRING
    1, -- Suc_Pars : INTEGER
    '', -- Return_Dimensions : STRING
    0 -- Dialect : INTEGER
);
INSERT INTO S_BRG VALUES (
    "e6bddfad-112a-4e3d-983c-17cf660f6a1d", -- Brg_ID : UNIQUE_ID
    "0cbe8000-b94e-43c0-a74e-b3d9f70bb59d", -- EE_ID : UNIQUE_ID
    'create_date', -- Name : STRING
    '', -- Descrip : STRING
    1, -- Brg_Typ : INTEGER
    "ba5eda7a-def5-0000-0000-00000000000e", -- DT_ID : UNIQUE_ID
    '', -- Action_Semantics_internal : STRING
    1, -- Suc_Pars : INTEGER
    '', -- Return_Dimensions : STRING
    0 -- Dialect : INTEGER
);
INSERT INTO S_BRG VALUES (
    "38a0bf36-f1fa-46ff-9ac5-30980dbf9ba0", -- Brg_ID : UNIQUE_ID
    "0cbe8000-b94e-43c0-a74e-b3d9f70bb59d", -- EE_ID : UNIQUE_ID
    'get_second', -- Name : STRING
    '', -- Descrip : STRING
    1, -- Brg_Typ : INTEGER
    "ba5eda7a-def5-0000-0000-000000000002", -- DT_ID : UNIQUE_ID
    '', -- Action_Semantics_internal : STRING
    1, -- Suc_Pars : INTEGER
    '', -- Return_Dimensions : STRING
    0 -- Dialect : INTEGER
);
INSERT INTO S_BRG VALUES (
    "2052aeb8-71a4-49e3-864d-b678d3906bed", -- Brg_ID : UNIQUE_ID
    "0cbe8000-b94e-43c0-a74e-b3d9f70bb59d", -- EE_ID : UNIQUE_ID
    'get_minute', -- Name : STRING
    '', -- Descrip : STRING
    1, -- Brg_Typ : INTEGER
    "ba5eda7a-def5-0000-0000-000000000002", -- DT_ID : UNIQUE_ID
    '', -- Action_Semantics_internal : STRING
    1, -- Suc_Pars : INTEGER
    '', -- Return_Dimensions : STRING
    0 -- Dialect : INTEGER
);
INSERT INTO S_BRG VALUES (
    "ffe9b4a1-cf2d-46b7-9789-be3f258319ec", -- Brg_ID : UNIQUE_ID
    "0cbe8000-b94e-43c0-a74e-b3d9f70bb59d", -- EE_ID : UNIQUE_ID
    'get_hour', -- Name : STRING
    '', -- Descrip : STRING
    1, -- Brg_Typ : INTEGER
    "ba5eda7a-def5-0000-0000-000000000002", -- DT_ID : UNIQUE_ID
    '', -- Action_Semantics_internal : STRING
    1, -- Suc_Pars : INTEGER
    '', -- Return_Dimensions : STRING
    0 -- Dialect : INTEGER
);
INSERT INTO S_BRG VALUES (
    "cccf7316-ec6f-4823-ade0-eaab3e2435fc", -- Brg_ID : UNIQUE_ID
    "0cbe8000-b94e-43c0-a74e-b3d9f70bb59d", -- EE_ID : UNIQUE_ID
    'get_day', -- Name : STRING
    '', -- Descrip : STRING
    1, -- Brg_Typ : INTEGER
    "ba5eda7a-def5-0000-0000-000000000002", -- DT_ID : UNIQUE_ID
    '', -- Action_Semantics_internal : STRING
    1, -- Suc_Pars : INTEGER
    '', -- Return_Dimensions : STRING
    0 -- Dialect : INTEGER
);
INSERT INTO S_BRG VALUES (
    "e4d7890a-c0ba-4e92-bb75-a89f7a1deb89", -- Brg_ID : UNIQUE_ID
    "0cbe8000-b94e-43c0-a74e-b3d9f70bb59d", -- EE_ID : UNIQUE_ID
    'get_month', -- Name : STRING
    '', -- Descrip : STRING
    1, -- Brg_Typ : INTEGER
    "ba5eda7a-def5-0000-0000-000000000002", -- DT_ID : UNIQUE_ID
    '', -- Action_Semantics_internal : STRING
    1, -- Suc_Pars : INTEGER
    '', -- Return_Dimensions : STRING
    0 -- Dialect : INTEGER
);
INSERT INTO S_BRG VALUES (
    "cd04774e-daca-4924-8bf8-26acb2101a9a", -- Brg_ID : UNIQUE_ID
    "0cbe8000-b94e-43c0-a74e-b3d9f70bb59d", -- EE_ID : UNIQUE_ID
    'get_year', -- Name : STRING
    '', -- Descrip : STRING
    1, -- Brg_Typ : INTEGER
    "ba5eda7a-def5-0000-0000-000000000002", -- DT_ID : UNIQUE_ID
    '', -- Action_Semantics_internal : STRING
    1, -- Suc_Pars : INTEGER
    '', -- Return_Dimensions : STRING
    0 -- Dialect : INTEGER
);
INSERT INTO S_BRG VALUES (
    "f3a7f92c-3c6b-4d36-8f32-849ae8fce50a", -- Brg_ID : UNIQUE_ID
    "0cbe8000-b94e-43c0-a74e-b3d9f70bb59d", -- EE_ID : UNIQUE_ID
    'current_clock', -- Name : STRING
    '', -- Descrip : STRING
    1, -- Brg_Typ : INTEGER
    "ba5eda7a-def5-0000-0000-000000000010", -- DT_ID : UNIQUE_ID
    '', -- Action_Semantics_internal : STRING
    1, -- Suc_Pars : INTEGER
    '', -- Return_Dimensions : STRING
    0 -- Dialect : INTEGER
);
INSERT INTO S_BRG VALUES (
    "0b4c485f-017d-40b6-9a7e-57fda5776da4", -- Brg_ID : UNIQUE_ID
    "0cbe8000-b94e-43c0-a74e-b3d9f70bb59d", -- EE_ID : UNIQUE_ID
    'timer_start', -- Name : STRING
    'This bridge operation starts a timer set to expire in the specified number of
microseconds, generating the passed event upon expiration. Returns the instance
handle of the timer.', -- Descrip : STRING
    1, -- Brg_Typ : INTEGER
    "ba5eda7a-def5-0000-0000-00000000000f", -- DT_ID : UNIQUE_ID
    '', -- Action_Semantics_internal : STRING
    1, -- Suc_Pars : INTEGER
    '', -- Return_Dimensions : STRING
    0 -- Dialect : INTEGER
);
INSERT INTO S_BRG VALUES (
    "16322409-ab18-4a8a-8189-42924b6ad4c7", -- Brg_ID : UNIQUE_ID
    "0cbe8000-b94e-43c0-a74e-b3d9f70bb59d", -- EE_ID : UNIQUE_ID
    'timer_start_recurring', -- Name : STRING
    'This bridge operation starts a timer set to expire in the specified number of
microseconds, generating the passed event upon expiration. Upon expiration, the
timer will be restarted and fire again in the specified number of microseconds
generating the passed event. This bridge operation returns the instance handle
of the timer.', -- Descrip : STRING
    1, -- Brg_Typ : INTEGER
    "ba5eda7a-def5-0000-0000-00000000000f", -- DT_ID : UNIQUE_ID
    '', -- Action_Semantics_internal : STRING
    1, -- Suc_Pars : INTEGER
    '', -- Return_Dimensions : STRING
    0 -- Dialect : INTEGER
);
INSERT INTO S_BRG VALUES (
    "724d498a-672c-4565-ade3-ad23463f9c4e", -- Brg_ID : UNIQUE_ID
    "0cbe8000-b94e-43c0-a74e-b3d9f70bb59d", -- EE_ID : UNIQUE_ID
    'timer_remaining_time', -- Name : STRING
    'Returns the time remaining (in microseconds) for the passed timer instance. If
the timer has expired, a zero value is returned.', -- Descrip : STRING
    1, -- Brg_Typ : INTEGER
    "ba5eda7a-def5-0000-0000-000000000002", -- DT_ID : UNIQUE_ID
    '', -- Action_Semantics_internal : STRING
    1, -- Suc_Pars : INTEGER
    '', -- Return_Dimensions : STRING
    0 -- Dialect : INTEGER
);
INSERT INTO S_BRG VALUES (
    "587a5601-85c2-4712-9523-edb532578dab", -- Brg_ID : UNIQUE_ID
    "0cbe8000-b94e-43c0-a74e-b3d9f70bb59d", -- EE_ID : UNIQUE_ID
    'timer_reset_time', -- Name : STRING
    'This bridge operation attempts to set the passed existing timer to expire in
the specified number of microseconds. If the timer exists (that is, it has not
expired), a TRUE value is returned. If the timer no longer exists, a FALSE value
is returned.', -- Descrip : STRING
    1, -- Brg_Typ : INTEGER
    "ba5eda7a-def5-0000-0000-000000000001", -- DT_ID : UNIQUE_ID
    '', -- Action_Semantics_internal : STRING
    1, -- Suc_Pars : INTEGER
    '', -- Return_Dimensions : STRING
    0 -- Dialect : INTEGER
);
INSERT INTO S_BRG VALUES (
    "a160d621-7f28-44ee-b4d9-59b10ef2e404", -- Brg_ID : UNIQUE_ID
    "0cbe8000-b94e-43c0-a74e-b3d9f70bb59d", -- EE_ID : UNIQUE_ID
    'timer_add_time', -- Name : STRING
    'This bridge operation attempts to add the specified number of microseconds to a
passed existing timer. If the timer exists (that is, it has not expired), a TRUE
value is returned. If the timer no longer exists, a FALSE value is returned.', -- Descrip : STRING
    1, -- Brg_Typ : INTEGER
    "ba5eda7a-def5-0000-0000-000000000001", -- DT_ID : UNIQUE_ID
    '', -- Action_Semantics_internal : STRING
    1, -- Suc_Pars : INTEGER
    '', -- Return_Dimensions : STRING
    0 -- Dialect : INTEGER
);
INSERT INTO S_BRG VALUES (
    "b2f303f5-6e95-4731-a762-be0c0eb02ca7", -- Brg_ID : UNIQUE_ID
    "0cbe8000-b94e-43c0-a74e-b3d9f70bb59d", -- EE_ID : UNIQUE_ID
    'timer_cancel', -- Name : STRING
    'This bridge operation cancels and deletes the passed timer instance. If the
timer exists (that is, it had not expired), a TRUE value is returned. If the
timer no longer exists, a FALSE value is returned.', -- Descrip : STRING
    1, -- Brg_Typ : INTEGER
    "ba5eda7a-def5-0000-0000-000000000001", -- DT_ID : UNIQUE_ID
    '', -- Action_Semantics_internal : STRING
    1, -- Suc_Pars : INTEGER
    '', -- Return_Dimensions : STRING
    0 -- Dialect : INTEGER
);
INSERT INTO S_BRG VALUES (
    "4c84eeef-580a-44c0-99a3-07b6a73452d7", -- Brg_ID : UNIQUE_ID
    "2c85491d-6998-469c-bc26-d447450f7f85", -- EE_ID : UNIQUE_ID
    'register_flag', -- Name : STRING
    'Registers a command line option that may or may not be present. This option may not take a value.
  name: The name of the option. Values must be composed of uper and lowercase letters only.
  usage: Usage text to be displayed to the user.
  
Produces an error if:
  - The provided option name is invalid
  - The proivided option name has already been registered
  - It is invoked after ''read_command_line'' has been invoked', -- Descrip : STRING
    0, -- Brg_Typ : INTEGER
    "ba5eda7a-def5-0000-0000-000000000000", -- DT_ID : UNIQUE_ID
    '', -- Action_Semantics_internal : STRING
    1, -- Suc_Pars : INTEGER
    '', -- Return_Dimensions : STRING
    0 -- Dialect : INTEGER
);
INSERT INTO S_BRG VALUES (
    "552205ca-aa70-45be-9f6c-fed75e322243", -- Brg_ID : UNIQUE_ID
    "2c85491d-6998-469c-bc26-d447450f7f85", -- EE_ID : UNIQUE_ID
    'register_value', -- Name : STRING
    'Registers a command line option that is accompanied by a value.
  name: The name of the option. Values must be composed of uper and lowercase letters only.
  value_name: The name of the value to be printed in the usage information.
  usage: Usage text to be displayed to the user.
  default: The value to return if the option is not present.
  
Produces an error if:
  - The provided option name is invalid
  - The proivided option name has already been registered
  - It is invoked after ''read_command_line'' has been invoked', -- Descrip : STRING
    0, -- Brg_Typ : INTEGER
    "ba5eda7a-def5-0000-0000-000000000000", -- DT_ID : UNIQUE_ID
    '', -- Action_Semantics_internal : STRING
    1, -- Suc_Pars : INTEGER
    '', -- Return_Dimensions : STRING
    0 -- Dialect : INTEGER
);
INSERT INTO S_BRG VALUES (
    "e14dac49-6263-450c-a836-b0d18eb918ce", -- Brg_ID : UNIQUE_ID
    "2c85491d-6998-469c-bc26-d447450f7f85", -- EE_ID : UNIQUE_ID
    'get_flag', -- Name : STRING
    'Return true if the option is present.
  
Produces an error if:
  - The provided option name is invalid
  - The provided option name has not been registered
  - The provided option name has been registered as a value
  - It is invoked before ''read_command_line'' has been invoked', -- Descrip : STRING
    0, -- Brg_Typ : INTEGER
    "ba5eda7a-def5-0000-0000-000000000001", -- DT_ID : UNIQUE_ID
    '', -- Action_Semantics_internal : STRING
    1, -- Suc_Pars : INTEGER
    '', -- Return_Dimensions : STRING
    0 -- Dialect : INTEGER
);
INSERT INTO S_BRG VALUES (
    "48b8f9dc-e8f2-41f2-9b8e-d6b671643328", -- Brg_ID : UNIQUE_ID
    "2c85491d-6998-469c-bc26-d447450f7f85", -- EE_ID : UNIQUE_ID
    'get_value', -- Name : STRING
    'Get the value of a registered option.
  
Produces an error if:
  - The provided option name is invalid
  - The provided option name has not been registered
  - The provided option name has been registered as a flag
  - It is invoked before ''read_command_line'' has been invoked', -- Descrip : STRING
    0, -- Brg_Typ : INTEGER
    "ba5eda7a-def5-0000-0000-000000000004", -- DT_ID : UNIQUE_ID
    '', -- Action_Semantics_internal : STRING
    1, -- Suc_Pars : INTEGER
    '', -- Return_Dimensions : STRING
    0 -- Dialect : INTEGER
);
INSERT INTO S_BRG VALUES (
    "029dc98c-3010-43ac-9592-e46b263472fe", -- Brg_ID : UNIQUE_ID
    "2c85491d-6998-469c-bc26-d447450f7f85", -- EE_ID : UNIQUE_ID
    'read_command_line', -- Name : STRING
    'Parses the command line arguments and validates them based on the registered
options. This produces an error if it is called twice.', -- Descrip : STRING
    0, -- Brg_Typ : INTEGER
    "ba5eda7a-def5-0000-0000-000000000000", -- DT_ID : UNIQUE_ID
    '', -- Action_Semantics_internal : STRING
    1, -- Suc_Pars : INTEGER
    '', -- Return_Dimensions : STRING
    0 -- Dialect : INTEGER
);
INSERT INTO S_BRG VALUES (
    "1f23e627-377e-4168-a4a2-bda0a5ec42eb", -- Brg_ID : UNIQUE_ID
    "33d21480-69a2-4ed7-9fd6-4b0d734cf2a9", -- EE_ID : UNIQUE_ID
    'itoa', -- Name : STRING
    '', -- Descrip : STRING
    0, -- Brg_Typ : INTEGER
    "ba5eda7a-def5-0000-0000-000000000004", -- DT_ID : UNIQUE_ID
    'mapping[9]="9"; mapping[8]="8"; mapping[7]="7"; mapping[6]="6"; mapping[5]="5";
mapping[4]="4"; mapping[3]="3"; mapping[2]="2"; mapping[1]="1"; mapping[0]="0";

i = param.i; s = "";
while ( i >= 1 )
  d = i % 10;
  i = i / 10;
  s = mapping[ d ] + s;
end while;

return s;', -- Action_Semantics_internal : STRING
    1, -- Suc_Pars : INTEGER
    '', -- Return_Dimensions : STRING
    0 -- Dialect : INTEGER
);
INSERT INTO S_BRG VALUES (
    "5f3c759c-6b7b-4ee8-8e47-370fb4a90427", -- Brg_ID : UNIQUE_ID
    "33d21480-69a2-4ed7-9fd6-4b0d734cf2a9", -- EE_ID : UNIQUE_ID
    'atoi', -- Name : STRING
    '', -- Descrip : STRING
    0, -- Brg_Typ : INTEGER
    "ba5eda7a-def5-0000-0000-000000000002", -- DT_ID : UNIQUE_ID
    'return 0;', -- Action_Semantics_internal : STRING
    1, -- Suc_Pars : INTEGER
    '', -- Return_Dimensions : STRING
    0 -- Dialect : INTEGER
);
INSERT INTO S_BRG VALUES (
    "89d596ad-2792-4523-b93e-7f73d50eaa81", -- Brg_ID : UNIQUE_ID
    "33d21480-69a2-4ed7-9fd6-4b0d734cf2a9", -- EE_ID : UNIQUE_ID
    'substr', -- Name : STRING
    'returns a substring of the given string s starting at the index begin and ending at the index end - 1.
if begin < 0, returns a substring starting at the beginning of s
if begin > the length of s - 1, returns an empty string
if end < 0 or > the length of s, returns a substring starting at begin to the end of s
if end <= begin, returns empty string

usage examples:
foo = substr( s:"Hello, World!", 4, 8 );	// foo == "o, Wo"
bar = substr( s:"Hello, World!", 2, -1 );	// bar == "llo, World!"', -- Descrip : STRING
    0, -- Brg_Typ : INTEGER
    "ba5eda7a-def5-0000-0000-000000000004", -- DT_ID : UNIQUE_ID
    '', -- Action_Semantics_internal : STRING
    1, -- Suc_Pars : INTEGER
    '', -- Return_Dimensions : STRING
    0 -- Dialect : INTEGER
);
INSERT INTO S_BRG VALUES (
    "ffa333ae-485c-4095-8a9f-2ea460bbb53f", -- Brg_ID : UNIQUE_ID
    "33d21480-69a2-4ed7-9fd6-4b0d734cf2a9", -- EE_ID : UNIQUE_ID
    'strlen', -- Name : STRING
    '', -- Descrip : STRING
    0, -- Brg_Typ : INTEGER
    "ba5eda7a-def5-0000-0000-000000000002", -- DT_ID : UNIQUE_ID
    '', -- Action_Semantics_internal : STRING
    1, -- Suc_Pars : INTEGER
    '', -- Return_Dimensions : STRING
    0 -- Dialect : INTEGER
);
INSERT INTO S_BRG VALUES (
    "7336eafe-bf7f-45cf-a139-f0fa44c5400e", -- Brg_ID : UNIQUE_ID
    "33d21480-69a2-4ed7-9fd6-4b0d734cf2a9", -- EE_ID : UNIQUE_ID
    'indexof', -- Name : STRING
    'Returns the index of the first occurence of needle in haystack. Returns -1 if no match is found.', -- Descrip : STRING
    0, -- Brg_Typ : INTEGER
    "ba5eda7a-def5-0000-0000-000000000002", -- DT_ID : UNIQUE_ID
    '', -- Action_Semantics_internal : STRING
    1, -- Suc_Pars : INTEGER
    '', -- Return_Dimensions : STRING
    0 -- Dialect : INTEGER
);
INSERT INTO S_BRG VALUES (
    "d62c634b-74cc-4271-879d-bb16f8243125", -- Brg_ID : UNIQUE_ID
    "33d21480-69a2-4ed7-9fd6-4b0d734cf2a9", -- EE_ID : UNIQUE_ID
    'trim', -- Name : STRING
    'Returns the input string with whitespace ( '' '', ''\r'', ''\t'', and ''\n'' ) trimmed from the beginning
and the end of the string. If the input string is only whitespace, empty string is returned', -- Descrip : STRING
    0, -- Brg_Typ : INTEGER
    "ba5eda7a-def5-0000-0000-000000000004", -- DT_ID : UNIQUE_ID
    '', -- Action_Semantics_internal : STRING
    1, -- Suc_Pars : INTEGER
    '', -- Return_Dimensions : STRING
    0 -- Dialect : INTEGER
);
INSERT INTO S_BRG VALUES (
    "bdfbe284-fdf5-4d84-b868-24a4494b1eed", -- Brg_ID : UNIQUE_ID
    "33d21480-69a2-4ed7-9fd6-4b0d734cf2a9", -- EE_ID : UNIQUE_ID
    'quote', -- Name : STRING
    'Returns a literal double quote character as a string', -- Descrip : STRING
    0, -- Brg_Typ : INTEGER
    "ba5eda7a-def5-0000-0000-000000000004", -- DT_ID : UNIQUE_ID
    '', -- Action_Semantics_internal : STRING
    1, -- Suc_Pars : INTEGER
    '', -- Return_Dimensions : STRING
    0 -- Dialect : INTEGER
);
INSERT INTO S_BRG VALUES (
    "98d84f3d-005b-4259-a245-635911bfd6d9", -- Brg_ID : UNIQUE_ID
    "33d21480-69a2-4ed7-9fd6-4b0d734cf2a9", -- EE_ID : UNIQUE_ID
    'escapetics', -- Name : STRING
    'replaces all instances of '' with '''' to escape the tics for SQL. Assumes that the result will still fit in the max
string', -- Descrip : STRING
    0, -- Brg_Typ : INTEGER
    "ba5eda7a-def5-0000-0000-000000000004", -- DT_ID : UNIQUE_ID
    '', -- Action_Semantics_internal : STRING
    1, -- Suc_Pars : INTEGER
    '', -- Return_Dimensions : STRING
    0 -- Dialect : INTEGER
);
INSERT INTO S_BRG VALUES (
    "2d05e784-4e68-4ad9-b373-5583b0c79497", -- Brg_ID : UNIQUE_ID
    "33d21480-69a2-4ed7-9fd6-4b0d734cf2a9", -- EE_ID : UNIQUE_ID
    'unescapetics', -- Name : STRING
    'replaces all instances of '''' with '' to un-escape the tics for SQL', -- Descrip : STRING
    0, -- Brg_Typ : INTEGER
    "ba5eda7a-def5-0000-0000-000000000004", -- DT_ID : UNIQUE_ID
    '', -- Action_Semantics_internal : STRING
    1, -- Suc_Pars : INTEGER
    '', -- Return_Dimensions : STRING
    0 -- Dialect : INTEGER
);
INSERT INTO S_BRG VALUES (
    "7b593108-9200-42f0-86c7-49dfd1e5d704", -- Brg_ID : UNIQUE_ID
    "445e6cf8-2b35-4c6d-b9ff-1db8125259dc", -- EE_ID : UNIQUE_ID
    'sqrt', -- Name : STRING
    '', -- Descrip : STRING
    0, -- Brg_Typ : INTEGER
    "ba5eda7a-def5-0000-0000-000000000003", -- DT_ID : UNIQUE_ID
    '', -- Action_Semantics_internal : STRING
    1, -- Suc_Pars : INTEGER
    '', -- Return_Dimensions : STRING
    0 -- Dialect : INTEGER
);
INSERT INTO S_BRG VALUES (
    "c1f05ae4-a5cb-40a3-a774-d2cddaff579b", -- Brg_ID : UNIQUE_ID
    "c9877e9a-7dfe-4912-b126-3e0d533cabd5", -- EE_ID : UNIQUE_ID
    'ascending', -- Name : STRING
    '', -- Descrip : STRING
    0, -- Brg_Typ : INTEGER
    "ba5eda7a-def5-0000-0000-000000000001", -- DT_ID : UNIQUE_ID
    'return true;', -- Action_Semantics_internal : STRING
    1, -- Suc_Pars : INTEGER
    '', -- Return_Dimensions : STRING
    0 -- Dialect : INTEGER
);
INSERT INTO S_BRG VALUES (
    "cc2b571f-54b2-4585-86b3-d879d5e34b3d", -- Brg_ID : UNIQUE_ID
    "c9877e9a-7dfe-4912-b126-3e0d533cabd5", -- EE_ID : UNIQUE_ID
    'descending', -- Name : STRING
    '', -- Descrip : STRING
    0, -- Brg_Typ : INTEGER
    "ba5eda7a-def5-0000-0000-000000000001", -- DT_ID : UNIQUE_ID
    'return true;', -- Action_Semantics_internal : STRING
    1, -- Suc_Pars : INTEGER
    '', -- Return_Dimensions : STRING
    0 -- Dialect : INTEGER
);
INSERT INTO S_BRG VALUES (
    "3c5d78ee-496c-451e-bcc7-ad0d222c0e32", -- Brg_ID : UNIQUE_ID
    "4525dfcd-89bc-4810-bceb-c727b8c25e05", -- EE_ID : UNIQUE_ID
    'load', -- Name : STRING
    '', -- Descrip : STRING
    0, -- Brg_Typ : INTEGER
    "ba5eda7a-def5-0000-0000-000000000000", -- DT_ID : UNIQUE_ID
    '', -- Action_Semantics_internal : STRING
    1, -- Suc_Pars : INTEGER
    '', -- Return_Dimensions : STRING
    0 -- Dialect : INTEGER
);
INSERT INTO S_BRG VALUES (
    "e4340945-3812-4aa8-bc9b-e374d680118b", -- Brg_ID : UNIQUE_ID
    "4525dfcd-89bc-4810-bceb-c727b8c25e05", -- EE_ID : UNIQUE_ID
    'create', -- Name : STRING
    '', -- Descrip : STRING
    0, -- Brg_Typ : INTEGER
    "ba5eda7a-def5-0000-0000-000000000008", -- DT_ID : UNIQUE_ID
    '', -- Action_Semantics_internal : STRING
    1, -- Suc_Pars : INTEGER
    '', -- Return_Dimensions : STRING
    0 -- Dialect : INTEGER
);
INSERT INTO S_BRG VALUES (
    "5a5d5ceb-29f0-4209-aeba-150fb07052b7", -- Brg_ID : UNIQUE_ID
    "4525dfcd-89bc-4810-bceb-c727b8c25e05", -- EE_ID : UNIQUE_ID
    'set_attribute', -- Name : STRING
    '', -- Descrip : STRING
    0, -- Brg_Typ : INTEGER
    "ba5eda7a-def5-0000-0000-000000000000", -- DT_ID : UNIQUE_ID
    '', -- Action_Semantics_internal : STRING
    1, -- Suc_Pars : INTEGER
    '', -- Return_Dimensions : STRING
    0 -- Dialect : INTEGER
);
INSERT INTO S_BRG VALUES (
    "5dddfeb2-1f14-4aa5-ad63-8a909e0dec8c", -- Brg_ID : UNIQUE_ID
    "4525dfcd-89bc-4810-bceb-c727b8c25e05", -- EE_ID : UNIQUE_ID
    'relate', -- Name : STRING
    '', -- Descrip : STRING
    0, -- Brg_Typ : INTEGER
    "ba5eda7a-def5-0000-0000-000000000000", -- DT_ID : UNIQUE_ID
    '', -- Action_Semantics_internal : STRING
    1, -- Suc_Pars : INTEGER
    '', -- Return_Dimensions : STRING
    0 -- Dialect : INTEGER
);
INSERT INTO S_BRG VALUES (
    "4d455ec0-5a4f-467f-bd96-0eda52082970", -- Brg_ID : UNIQUE_ID
    "4525dfcd-89bc-4810-bceb-c727b8c25e05", -- EE_ID : UNIQUE_ID
    'relate_using', -- Name : STRING
    '', -- Descrip : STRING
    0, -- Brg_Typ : INTEGER
    "ba5eda7a-def5-0000-0000-000000000000", -- DT_ID : UNIQUE_ID
    '', -- Action_Semantics_internal : STRING
    1, -- Suc_Pars : INTEGER
    '', -- Return_Dimensions : STRING
    0 -- Dialect : INTEGER
);
INSERT INTO S_BRG VALUES (
    "b890cabd-de2c-4828-a8a5-d955fb7d67c4", -- Brg_ID : UNIQUE_ID
    "4525dfcd-89bc-4810-bceb-c727b8c25e05", -- EE_ID : UNIQUE_ID
    'call_function', -- Name : STRING
    '', -- Descrip : STRING
    0, -- Brg_Typ : INTEGER
    "ba5eda7a-def5-0000-0000-000000000008", -- DT_ID : UNIQUE_ID
    '', -- Action_Semantics_internal : STRING
    1, -- Suc_Pars : INTEGER
    '', -- Return_Dimensions : STRING
    0 -- Dialect : INTEGER
);
INSERT INTO S_BRG VALUES (
    "41ba132d-a1d1-4191-a09b-2557dff31e03", -- Brg_ID : UNIQUE_ID
    "3c9187e2-faac-4b05-986d-04c751e1632b", -- EE_ID : UNIQUE_ID
    'load_file', -- Name : STRING
    '', -- Descrip : STRING
    0, -- Brg_Typ : INTEGER
    "ba5eda7a-def5-0000-0000-000000000000", -- DT_ID : UNIQUE_ID
    '', -- Action_Semantics_internal : STRING
    1, -- Suc_Pars : INTEGER
    '', -- Return_Dimensions : STRING
    0 -- Dialect : INTEGER
);
INSERT INTO S_BRG VALUES (
    "9c9ff561-0230-49c6-93a0-97e6e806f171", -- Brg_ID : UNIQUE_ID
    "3c9187e2-faac-4b05-986d-04c751e1632b", -- EE_ID : UNIQUE_ID
    'serialize_file', -- Name : STRING
    '', -- Descrip : STRING
    0, -- Brg_Typ : INTEGER
    "ba5eda7a-def5-0000-0000-000000000000", -- DT_ID : UNIQUE_ID
    '', -- Action_Semantics_internal : STRING
    1, -- Suc_Pars : INTEGER
    '', -- Return_Dimensions : STRING
    0 -- Dialect : INTEGER
);
INSERT INTO S_BRG VALUES (
    "40eaec44-eb8d-4cae-959a-880b94c28c05", -- Brg_ID : UNIQUE_ID
    "3c9187e2-faac-4b05-986d-04c751e1632b", -- EE_ID : UNIQUE_ID
    'load', -- Name : STRING
    '', -- Descrip : STRING
    0, -- Brg_Typ : INTEGER
    "ba5eda7a-def5-0000-0000-000000000000", -- DT_ID : UNIQUE_ID
    '', -- Action_Semantics_internal : STRING
    1, -- Suc_Pars : INTEGER
    '', -- Return_Dimensions : STRING
    0 -- Dialect : INTEGER
);
INSERT INTO S_BRG VALUES (
    "a024f801-c9ad-4451-9c66-573aa528f182", -- Brg_ID : UNIQUE_ID
    "3c9187e2-faac-4b05-986d-04c751e1632b", -- EE_ID : UNIQUE_ID
    'serialize', -- Name : STRING
    '', -- Descrip : STRING
    0, -- Brg_Typ : INTEGER
    "ba5eda7a-def5-0000-0000-000000000000", -- DT_ID : UNIQUE_ID
    '', -- Action_Semantics_internal : STRING
    1, -- Suc_Pars : INTEGER
    '', -- Return_Dimensions : STRING
    0 -- Dialect : INTEGER
);
INSERT INTO S_BRG VALUES (
    "a83f64fc-8677-4fde-aa38-99aab40c8d1a", -- Brg_ID : UNIQUE_ID
    "d6db4b3d-c6a5-400a-92b9-6a391237afbb", -- EE_ID : UNIQUE_ID
    'body', -- Name : STRING
    '', -- Descrip : STRING
    0, -- Brg_Typ : INTEGER
    "ba5eda7a-def5-0000-0000-000000000004", -- DT_ID : UNIQUE_ID
    '', -- Action_Semantics_internal : STRING
    1, -- Suc_Pars : INTEGER
    '', -- Return_Dimensions : STRING
    0 -- Dialect : INTEGER
);
INSERT INTO S_BRG VALUES (
    "025ceff5-1023-427c-bbb0-750a3f4e97dc", -- Brg_ID : UNIQUE_ID
    "d6db4b3d-c6a5-400a-92b9-6a391237afbb", -- EE_ID : UNIQUE_ID
    'clear', -- Name : STRING
    '', -- Descrip : STRING
    0, -- Brg_Typ : INTEGER
    "ba5eda7a-def5-0000-0000-000000000000", -- DT_ID : UNIQUE_ID
    '', -- Action_Semantics_internal : STRING
    1, -- Suc_Pars : INTEGER
    '', -- Return_Dimensions : STRING
    0 -- Dialect : INTEGER
);
INSERT INTO S_BRG VALUES (
    "f7a1de23-2e31-4e8a-988b-ace95920d6c0", -- Brg_ID : UNIQUE_ID
    "d6db4b3d-c6a5-400a-92b9-6a391237afbb", -- EE_ID : UNIQUE_ID
    'append', -- Name : STRING
    '', -- Descrip : STRING
    0, -- Brg_Typ : INTEGER
    "ba5eda7a-def5-0000-0000-000000000000", -- DT_ID : UNIQUE_ID
    '', -- Action_Semantics_internal : STRING
    1, -- Suc_Pars : INTEGER
    '', -- Return_Dimensions : STRING
    0 -- Dialect : INTEGER
);
INSERT INTO S_BRG VALUES (
    "56d78985-bd88-4f57-97f5-3a8479d36a75", -- Brg_ID : UNIQUE_ID
    "d6db4b3d-c6a5-400a-92b9-6a391237afbb", -- EE_ID : UNIQUE_ID
    'include', -- Name : STRING
    '', -- Descrip : STRING
    0, -- Brg_Typ : INTEGER
    "ba5eda7a-def5-0000-0000-000000000000", -- DT_ID : UNIQUE_ID
    '', -- Action_Semantics_internal : STRING
    1, -- Suc_Pars : INTEGER
    '', -- Return_Dimensions : STRING
    0 -- Dialect : INTEGER
);
INSERT INTO S_BRG VALUES (
    "ad4f1248-1786-4a6c-9f24-575f1b7d5401", -- Brg_ID : UNIQUE_ID
    "d6db4b3d-c6a5-400a-92b9-6a391237afbb", -- EE_ID : UNIQUE_ID
    'emit', -- Name : STRING
    '', -- Descrip : STRING
    0, -- Brg_Typ : INTEGER
    "ba5eda7a-def5-0000-0000-000000000000", -- DT_ID : UNIQUE_ID
    '', -- Action_Semantics_internal : STRING
    1, -- Suc_Pars : INTEGER
    '', -- Return_Dimensions : STRING
    0 -- Dialect : INTEGER
);
INSERT INTO S_BRG VALUES (
    "387a0ac8-5355-48ef-a355-2676c1a68ecb", -- Brg_ID : UNIQUE_ID
    "d6db4b3d-c6a5-400a-92b9-6a391237afbb", -- EE_ID : UNIQUE_ID
    'sub', -- Name : STRING
    '', -- Descrip : STRING
    0, -- Brg_Typ : INTEGER
    "ba5eda7a-def5-0000-0000-000000000004", -- DT_ID : UNIQUE_ID
    '', -- Action_Semantics_internal : STRING
    1, -- Suc_Pars : INTEGER
    '', -- Return_Dimensions : STRING
    0 -- Dialect : INTEGER
);
INSERT INTO S_BRG VALUES (
    "a4310342-37b4-4aa7-825b-a056e08718c5", -- Brg_ID : UNIQUE_ID
    "d6db4b3d-c6a5-400a-92b9-6a391237afbb", -- EE_ID : UNIQUE_ID
    'set_output_directory', -- Name : STRING
    '', -- Descrip : STRING
    0, -- Brg_Typ : INTEGER
    "ba5eda7a-def5-0000-0000-000000000000", -- DT_ID : UNIQUE_ID
    '', -- Action_Semantics_internal : STRING
    1, -- Suc_Pars : INTEGER
    '', -- Return_Dimensions : STRING
    0 -- Dialect : INTEGER
);
INSERT INTO S_BRG VALUES (
    "3f74c1fa-616b-4b2a-aa3b-491d0b671973", -- Brg_ID : UNIQUE_ID
    "d6db4b3d-c6a5-400a-92b9-6a391237afbb", -- EE_ID : UNIQUE_ID
    'push_buffer', -- Name : STRING
    '', -- Descrip : STRING
    0, -- Brg_Typ : INTEGER
    "ba5eda7a-def5-0000-0000-000000000000", -- DT_ID : UNIQUE_ID
    '', -- Action_Semantics_internal : STRING
    1, -- Suc_Pars : INTEGER
    '', -- Return_Dimensions : STRING
    0 -- Dialect : INTEGER
);
INSERT INTO S_BRG VALUES (
    "62c9655c-04ce-4730-add9-3f1212865a27", -- Brg_ID : UNIQUE_ID
    "d6db4b3d-c6a5-400a-92b9-6a391237afbb", -- EE_ID : UNIQUE_ID
    'pop_buffer', -- Name : STRING
    '', -- Descrip : STRING
    0, -- Brg_Typ : INTEGER
    "ba5eda7a-def5-0000-0000-000000000000", -- DT_ID : UNIQUE_ID
    '', -- Action_Semantics_internal : STRING
    1, -- Suc_Pars : INTEGER
    '', -- Return_Dimensions : STRING
    0 -- Dialect : INTEGER
);
INSERT INTO S_BRG VALUES (
    "c7c7b56a-16b4-47d8-a682-c148ba0ff869", -- Brg_ID : UNIQUE_ID
    "c03ccce5-cb73-48ca-b676-b00270c95839", -- EE_ID : UNIQUE_ID
    'load', -- Name : STRING
    '', -- Descrip : STRING
    0, -- Brg_Typ : INTEGER
    "ba5eda7a-def5-0000-0000-000000000000", -- DT_ID : UNIQUE_ID
    '', -- Action_Semantics_internal : STRING
    1, -- Suc_Pars : INTEGER
    '', -- Return_Dimensions : STRING
    0 -- Dialect : INTEGER
);
INSERT INTO S_BRG VALUES (
    "bdc9cf61-1955-40c9-9744-9b3004874cc6", -- Brg_ID : UNIQUE_ID
    "c03ccce5-cb73-48ca-b676-b00270c95839", -- EE_ID : UNIQUE_ID
    'serialize', -- Name : STRING
    '', -- Descrip : STRING
    0, -- Brg_Typ : INTEGER
    "ba5eda7a-def5-0000-0000-000000000000", -- DT_ID : UNIQUE_ID
    '', -- Action_Semantics_internal : STRING
    1, -- Suc_Pars : INTEGER
    '', -- Return_Dimensions : STRING
    0 -- Dialect : INTEGER
);
INSERT INTO S_BRG VALUES (
    "5bd13bba-debc-4b14-b39f-b6d284c5b08d", -- Brg_ID : UNIQUE_ID
    "c03ccce5-cb73-48ca-b676-b00270c95839", -- EE_ID : UNIQUE_ID
    'initialize', -- Name : STRING
    '', -- Descrip : STRING
    0, -- Brg_Typ : INTEGER
    "ba5eda7a-def5-0000-0000-000000000000", -- DT_ID : UNIQUE_ID
    '', -- Action_Semantics_internal : STRING
    1, -- Suc_Pars : INTEGER
    '', -- Return_Dimensions : STRING
    0 -- Dialect : INTEGER
);
INSERT INTO S_CDT VALUES (
    "ba5eda7a-def5-0000-0000-000000000000", -- DT_ID : UNIQUE_ID
    0 -- Core_Typ : INTEGER
);
INSERT INTO S_CDT VALUES (
    "ba5eda7a-def5-0000-0000-000000000001", -- DT_ID : UNIQUE_ID
    1 -- Core_Typ : INTEGER
);
INSERT INTO S_CDT VALUES (
    "ba5eda7a-def5-0000-0000-000000000002", -- DT_ID : UNIQUE_ID
    2 -- Core_Typ : INTEGER
);
INSERT INTO S_CDT VALUES (
    "ba5eda7a-def5-0000-0000-000000000003", -- DT_ID : UNIQUE_ID
    3 -- Core_Typ : INTEGER
);
INSERT INTO S_CDT VALUES (
    "ba5eda7a-def5-0000-0000-000000000004", -- DT_ID : UNIQUE_ID
    4 -- Core_Typ : INTEGER
);
INSERT INTO S_CDT VALUES (
    "ba5eda7a-def5-0000-0000-000000000005", -- DT_ID : UNIQUE_ID
    5 -- Core_Typ : INTEGER
);
INSERT INTO S_CDT VALUES (
    "ba5eda7a-def5-0000-0000-000000000006", -- DT_ID : UNIQUE_ID
    6 -- Core_Typ : INTEGER
);
INSERT INTO S_CDT VALUES (
    "ba5eda7a-def5-0000-0000-000000000007", -- DT_ID : UNIQUE_ID
    7 -- Core_Typ : INTEGER
);
INSERT INTO S_CDT VALUES (
    "ba5eda7a-def5-0000-0000-000000000008", -- DT_ID : UNIQUE_ID
    8 -- Core_Typ : INTEGER
);
INSERT INTO S_CDT VALUES (
    "ba5eda7a-def5-0000-0000-000000000009", -- DT_ID : UNIQUE_ID
    9 -- Core_Typ : INTEGER
);
INSERT INTO S_CDT VALUES (
    "ba5eda7a-def5-0000-0000-00000000000a", -- DT_ID : UNIQUE_ID
    10 -- Core_Typ : INTEGER
);
INSERT INTO S_CDT VALUES (
    "ba5eda7a-def5-0000-0000-00000000000b", -- DT_ID : UNIQUE_ID
    11 -- Core_Typ : INTEGER
);
INSERT INTO S_CDT VALUES (
    "ba5eda7a-def5-0000-0000-00000000000c", -- DT_ID : UNIQUE_ID
    12 -- Core_Typ : INTEGER
);
INSERT INTO S_CDT VALUES (
    "ba5eda7a-def5-0000-0000-00000000000d", -- DT_ID : UNIQUE_ID
    13 -- Core_Typ : INTEGER
);
INSERT INTO S_DIM VALUES (
    0, -- elementCount : INTEGER
    0, -- dimensionCount : INTEGER
    "00000000-0000-0000-0000-000000000000", -- Sync_ID : UNIQUE_ID
    "00000000-0000-0000-0000-000000000000", -- SParm_ID : UNIQUE_ID
    "030b8ad4-05ad-415a-9745-c98c4f790575", -- BParm_ID : UNIQUE_ID
    "00000000-0000-0000-0000-000000000000", -- Brg_ID : UNIQUE_ID
    "00000000-0000-0000-0000-000000000000", -- Id : UNIQUE_ID
    "00000000-0000-0000-0000-000000000000", -- Obj_ID : UNIQUE_ID
    "00000000-0000-0000-0000-000000000000", -- Attr_ID : UNIQUE_ID
    "00000000-0000-0000-0000-000000000000", -- TParm_ID : UNIQUE_ID
    "00000000-0000-0000-0000-000000000000", -- Tfr_ID : UNIQUE_ID
    "00000000-0000-0000-0000-000000000000", -- Member_ID : UNIQUE_ID
    "00000000-0000-0000-0000-000000000000", -- DT_ID : UNIQUE_ID
    "00000000-0000-0000-0000-000000000000", -- PP_Id : UNIQUE_ID
    "00000000-0000-0000-0000-000000000000", -- SM_ID : UNIQUE_ID
    "00000000-0000-0000-0000-000000000000", -- SMedi_ID : UNIQUE_ID
    "8c0259e0-95ff-4d01-8783-8bb80f72108d", -- DIM_ID : UNIQUE_ID
    "00000000-0000-0000-0000-000000000000", -- Var_ID : UNIQUE_ID
    "00000000-0000-0000-0000-000000000000", -- TSParm_ID : UNIQUE_ID
    "00000000-0000-0000-0000-000000000000" -- Svc_ID : UNIQUE_ID
);
INSERT INTO S_DIM VALUES (
    0, -- elementCount : INTEGER
    0, -- dimensionCount : INTEGER
    "00000000-0000-0000-0000-000000000000", -- Sync_ID : UNIQUE_ID
    "00000000-0000-0000-0000-000000000000", -- SParm_ID : UNIQUE_ID
    "9655860a-1775-4c02-bf88-60f28d3010cf", -- BParm_ID : UNIQUE_ID
    "00000000-0000-0000-0000-000000000000", -- Brg_ID : UNIQUE_ID
    "00000000-0000-0000-0000-000000000000", -- Id : UNIQUE_ID
    "00000000-0000-0000-0000-000000000000", -- Obj_ID : UNIQUE_ID
    "00000000-0000-0000-0000-000000000000", -- Attr_ID : UNIQUE_ID
    "00000000-0000-0000-0000-000000000000", -- TParm_ID : UNIQUE_ID
    "00000000-0000-0000-0000-000000000000", -- Tfr_ID : UNIQUE_ID
    "00000000-0000-0000-0000-000000000000", -- Member_ID : UNIQUE_ID
    "00000000-0000-0000-0000-000000000000", -- DT_ID : UNIQUE_ID
    "00000000-0000-0000-0000-000000000000", -- PP_Id : UNIQUE_ID
    "00000000-0000-0000-0000-000000000000", -- SM_ID : UNIQUE_ID
    "00000000-0000-0000-0000-000000000000", -- SMedi_ID : UNIQUE_ID
    "520d3a81-54a2-4c9a-b2b6-72a3b5d856b5", -- DIM_ID : UNIQUE_ID
    "00000000-0000-0000-0000-000000000000", -- Var_ID : UNIQUE_ID
    "00000000-0000-0000-0000-000000000000", -- TSParm_ID : UNIQUE_ID
    "00000000-0000-0000-0000-000000000000" -- Svc_ID : UNIQUE_ID
);
INSERT INTO S_DIM VALUES (
    10, -- elementCount : INTEGER
    0, -- dimensionCount : INTEGER
    "00000000-0000-0000-0000-000000000000", -- Sync_ID : UNIQUE_ID
    "00000000-0000-0000-0000-000000000000", -- SParm_ID : UNIQUE_ID
    "00000000-0000-0000-0000-000000000000", -- BParm_ID : UNIQUE_ID
    "00000000-0000-0000-0000-000000000000", -- Brg_ID : UNIQUE_ID
    "00000000-0000-0000-0000-000000000000", -- Id : UNIQUE_ID
    "00000000-0000-0000-0000-000000000000", -- Obj_ID : UNIQUE_ID
    "00000000-0000-0000-0000-000000000000", -- Attr_ID : UNIQUE_ID
    "00000000-0000-0000-0000-000000000000", -- TParm_ID : UNIQUE_ID
    "00000000-0000-0000-0000-000000000000", -- Tfr_ID : UNIQUE_ID
    "00000000-0000-0000-0000-000000000000", -- Member_ID : UNIQUE_ID
    "00000000-0000-0000-0000-000000000000", -- DT_ID : UNIQUE_ID
    "00000000-0000-0000-0000-000000000000", -- PP_Id : UNIQUE_ID
    "00000000-0000-0000-0000-000000000000", -- SM_ID : UNIQUE_ID
    "00000000-0000-0000-0000-000000000000", -- SMedi_ID : UNIQUE_ID
    "95a8bf1c-4fe7-4ee2-bb0d-88ee746da2af", -- DIM_ID : UNIQUE_ID
    "7b6286b6-57ba-4174-ac17-d4347e6f50dd", -- Var_ID : UNIQUE_ID
    "00000000-0000-0000-0000-000000000000", -- TSParm_ID : UNIQUE_ID
    "00000000-0000-0000-0000-000000000000" -- Svc_ID : UNIQUE_ID
);
INSERT INTO S_DT VALUES (
    "ba5eda7a-def5-0000-0000-000000000000", -- DT_ID : UNIQUE_ID
    "00000000-0000-0000-0000-000000000000", -- Dom_ID : UNIQUE_ID
    'void', -- Name : STRING
    '', -- Descrip : STRING
    '' -- DefaultValue : STRING
);
INSERT INTO S_DT VALUES (
    "ba5eda7a-def5-0000-0000-000000000001", -- DT_ID : UNIQUE_ID
    "00000000-0000-0000-0000-000000000000", -- Dom_ID : UNIQUE_ID
    'boolean', -- Name : STRING
    '', -- Descrip : STRING
    '' -- DefaultValue : STRING
);
INSERT INTO S_DT VALUES (
    "ba5eda7a-def5-0000-0000-000000000002", -- DT_ID : UNIQUE_ID
    "00000000-0000-0000-0000-000000000000", -- Dom_ID : UNIQUE_ID
    'integer', -- Name : STRING
    '', -- Descrip : STRING
    '' -- DefaultValue : STRING
);
INSERT INTO S_DT VALUES (
    "ba5eda7a-def5-0000-0000-000000000003", -- DT_ID : UNIQUE_ID
    "00000000-0000-0000-0000-000000000000", -- Dom_ID : UNIQUE_ID
    'real', -- Name : STRING
    '', -- Descrip : STRING
    '' -- DefaultValue : STRING
);
INSERT INTO S_DT VALUES (
    "ba5eda7a-def5-0000-0000-000000000004", -- DT_ID : UNIQUE_ID
    "00000000-0000-0000-0000-000000000000", -- Dom_ID : UNIQUE_ID
    'string', -- Name : STRING
    '', -- Descrip : STRING
    '' -- DefaultValue : STRING
);
INSERT INTO S_DT VALUES (
    "ba5eda7a-def5-0000-0000-000000000005", -- DT_ID : UNIQUE_ID
    "00000000-0000-0000-0000-000000000000", -- Dom_ID : UNIQUE_ID
    'unique_id', -- Name : STRING
    '', -- Descrip : STRING
    '' -- DefaultValue : STRING
);
INSERT INTO S_DT VALUES (
    "ba5eda7a-def5-0000-0000-000000000006", -- DT_ID : UNIQUE_ID
    "00000000-0000-0000-0000-000000000000", -- Dom_ID : UNIQUE_ID
    'state<State_Model>', -- Name : STRING
    '', -- Descrip : STRING
    '' -- DefaultValue : STRING
);
INSERT INTO S_DT VALUES (
    "ba5eda7a-def5-0000-0000-000000000007", -- DT_ID : UNIQUE_ID
    "00000000-0000-0000-0000-000000000000", -- Dom_ID : UNIQUE_ID
    'same_as<Base_Attribute>', -- Name : STRING
    '', -- Descrip : STRING
    '' -- DefaultValue : STRING
);
INSERT INTO S_DT VALUES (
    "ba5eda7a-def5-0000-0000-000000000008", -- DT_ID : UNIQUE_ID
    "00000000-0000-0000-0000-000000000000", -- Dom_ID : UNIQUE_ID
    'inst_ref<Object>', -- Name : STRING
    '', -- Descrip : STRING
    '' -- DefaultValue : STRING
);
INSERT INTO S_DT VALUES (
    "ba5eda7a-def5-0000-0000-000000000009", -- DT_ID : UNIQUE_ID
    "00000000-0000-0000-0000-000000000000", -- Dom_ID : UNIQUE_ID
    'inst_ref_set<Object>', -- Name : STRING
    '', -- Descrip : STRING
    '' -- DefaultValue : STRING
);
INSERT INTO S_DT VALUES (
    "ba5eda7a-def5-0000-0000-00000000000a", -- DT_ID : UNIQUE_ID
    "00000000-0000-0000-0000-000000000000", -- Dom_ID : UNIQUE_ID
    'inst<Event>', -- Name : STRING
    '', -- Descrip : STRING
    '' -- DefaultValue : STRING
);
INSERT INTO S_DT VALUES (
    "ba5eda7a-def5-0000-0000-00000000000b", -- DT_ID : UNIQUE_ID
    "00000000-0000-0000-0000-000000000000", -- Dom_ID : UNIQUE_ID
    'inst<Mapping>', -- Name : STRING
    '', -- Descrip : STRING
    '' -- DefaultValue : STRING
);
INSERT INTO S_DT VALUES (
    "ba5eda7a-def5-0000-0000-00000000000c", -- DT_ID : UNIQUE_ID
    "00000000-0000-0000-0000-000000000000", -- Dom_ID : UNIQUE_ID
    'inst_ref<Mapping>', -- Name : STRING
    '', -- Descrip : STRING
    '' -- DefaultValue : STRING
);
INSERT INTO S_DT VALUES (
    "ba5eda7a-def5-0000-0000-00000000000d", -- DT_ID : UNIQUE_ID
    "00000000-0000-0000-0000-000000000000", -- Dom_ID : UNIQUE_ID
    'component_ref', -- Name : STRING
    '', -- Descrip : STRING
    '' -- DefaultValue : STRING
);
INSERT INTO S_DT VALUES (
    "ba5eda7a-def5-0000-0000-00000000000e", -- DT_ID : UNIQUE_ID
    "00000000-0000-0000-0000-000000000000", -- Dom_ID : UNIQUE_ID
    'date', -- Name : STRING
    '', -- Descrip : STRING
    '' -- DefaultValue : STRING
);
INSERT INTO S_DT VALUES (
    "ba5eda7a-def5-0000-0000-00000000000f", -- DT_ID : UNIQUE_ID
    "00000000-0000-0000-0000-000000000000", -- Dom_ID : UNIQUE_ID
    'inst_ref<Timer>', -- Name : STRING
    '', -- Descrip : STRING
    '' -- DefaultValue : STRING
);
INSERT INTO S_DT VALUES (
    "ba5eda7a-def5-0000-0000-000000000010", -- DT_ID : UNIQUE_ID
    "00000000-0000-0000-0000-000000000000", -- Dom_ID : UNIQUE_ID
    'timestamp', -- Name : STRING
    '', -- Descrip : STRING
    '' -- DefaultValue : STRING
);
INSERT INTO S_EE VALUES (
    "301ed0ee-cd6b-49d6-949f-df904baa862c", -- EE_ID : UNIQUE_ID
    'Architecture', -- Name : STRING
    '', -- Descrip : STRING
    'ARCH', -- Key_Lett : STRING
    "00000000-0000-0000-0000-000000000000", -- Dom_ID : UNIQUE_ID
    '', -- Realized_Class_Path : STRING
    'Architecture', -- Label : STRING
    1 -- isRealized : BOOLEAN
);
INSERT INTO S_EE VALUES (
    "fb3760d2-2a3e-463f-bd24-66cd25fdba39", -- EE_ID : UNIQUE_ID
    'Logging', -- Name : STRING
    '', -- Descrip : STRING
    'LOG', -- Key_Lett : STRING
    "00000000-0000-0000-0000-000000000000", -- Dom_ID : UNIQUE_ID
    '', -- Realized_Class_Path : STRING
    'Logging', -- Label : STRING
    1 -- isRealized : BOOLEAN
);
INSERT INTO S_EE VALUES (
    "0cbe8000-b94e-43c0-a74e-b3d9f70bb59d", -- EE_ID : UNIQUE_ID
    'Time', -- Name : STRING
    'The Time external entity provides date, timestamp, and timer related operations.', -- Descrip : STRING
    'TIM', -- Key_Lett : STRING
    "00000000-0000-0000-0000-000000000000", -- Dom_ID : UNIQUE_ID
    '', -- Realized_Class_Path : STRING
    'Time', -- Label : STRING
    1 -- isRealized : BOOLEAN
);
INSERT INTO S_EE VALUES (
    "2c85491d-6998-469c-bc26-d447450f7f85", -- EE_ID : UNIQUE_ID
    'Command Line', -- Name : STRING
    'This utility provides an interface to the command line arguements of the
application. ''register_flag'' and ''register_value'' are used to set up possible
options that may be queried. ''read_command_line'' signals the tool to parse
the command line arguments based on the registered options. ''get_flag'' and
''get_value'' query the loaded command line options. The ''register_*'' bridges
are intended to be called in the initializaion routine for a component. After
all options, are registered, ''read_command_line'' should be called to load
and validate the options. At this point, if the command line options do not
match the requirements of the registered options, the application will terminate.
Once ''read_command_line'' is invoked, no more options may be registered. The
''get_*'' bridges may be called any number of times afterwards to query the
command line.', -- Descrip : STRING
    'CMD', -- Key_Lett : STRING
    "00000000-0000-0000-0000-000000000000", -- Dom_ID : UNIQUE_ID
    '', -- Realized_Class_Path : STRING
    'Command Line', -- Label : STRING
    1 -- isRealized : BOOLEAN
);
INSERT INTO S_EE VALUES (
    "33d21480-69a2-4ed7-9fd6-4b0d734cf2a9", -- EE_ID : UNIQUE_ID
    'string', -- Name : STRING
    '', -- Descrip : STRING
    'STRING', -- Key_Lett : STRING
    "00000000-0000-0000-0000-000000000000", -- Dom_ID : UNIQUE_ID
    '', -- Realized_Class_Path : STRING
    'string', -- Label : STRING
    1 -- isRealized : BOOLEAN
);
INSERT INTO S_EE VALUES (
    "445e6cf8-2b35-4c6d-b9ff-1db8125259dc", -- EE_ID : UNIQUE_ID
    'math', -- Name : STRING
    '', -- Descrip : STRING
    'MATH', -- Key_Lett : STRING
    "00000000-0000-0000-0000-000000000000", -- Dom_ID : UNIQUE_ID
    '', -- Realized_Class_Path : STRING
    'math', -- Label : STRING
    1 -- isRealized : BOOLEAN
);
INSERT INTO S_EE VALUES (
    "c9877e9a-7dfe-4912-b126-3e0d533cabd5", -- EE_ID : UNIQUE_ID
    'sorting', -- Name : STRING
    '', -- Descrip : STRING
    'SORT', -- Key_Lett : STRING
    "00000000-0000-0000-0000-000000000000", -- Dom_ID : UNIQUE_ID
    '', -- Realized_Class_Path : STRING
    'sorting', -- Label : STRING
    1 -- isRealized : BOOLEAN
);
INSERT INTO S_EE VALUES (
    "4525dfcd-89bc-4810-bceb-c727b8c25e05", -- EE_ID : UNIQUE_ID
    'Load', -- Name : STRING
    '', -- Descrip : STRING
    'LOAD', -- Key_Lett : STRING
    "00000000-0000-0000-0000-000000000000", -- Dom_ID : UNIQUE_ID
    '', -- Realized_Class_Path : STRING
    'Load', -- Label : STRING
    1 -- isRealized : BOOLEAN
);
INSERT INTO S_EE VALUES (
    "3c9187e2-faac-4b05-986d-04c751e1632b", -- EE_ID : UNIQUE_ID
    'SQL', -- Name : STRING
    '', -- Descrip : STRING
    'SQL', -- Key_Lett : STRING
    "00000000-0000-0000-0000-000000000000", -- Dom_ID : UNIQUE_ID
    '', -- Realized_Class_Path : STRING
    'SQL', -- Label : STRING
    1 -- isRealized : BOOLEAN
);
INSERT INTO S_EE VALUES (
    "d6db4b3d-c6a5-400a-92b9-6a391237afbb", -- EE_ID : UNIQUE_ID
    'templating', -- Name : STRING
    '', -- Descrip : STRING
    'T', -- Key_Lett : STRING
    "00000000-0000-0000-0000-000000000000", -- Dom_ID : UNIQUE_ID
    '', -- Realized_Class_Path : STRING
    'templating', -- Label : STRING
    1 -- isRealized : BOOLEAN
);
INSERT INTO S_EE VALUES (
    "c03ccce5-cb73-48ca-b676-b00270c95839", -- EE_ID : UNIQUE_ID
    'DynamoDB', -- Name : STRING
    '', -- Descrip : STRING
    'DynamoDB', -- Key_Lett : STRING
    "00000000-0000-0000-0000-000000000000", -- Dom_ID : UNIQUE_ID
    '', -- Realized_Class_Path : STRING
    'DynamoDB', -- Label : STRING
    1 -- isRealized : BOOLEAN
);
INSERT INTO S_SPARM VALUES (
    "3a8c0fe8-12a7-4d09-8b8f-b61c254b15f4", -- SParm_ID : UNIQUE_ID
    "8e6515f0-ca9a-424d-b35b-60f69ec5dcc5", -- Sync_ID : UNIQUE_ID
    'msg', -- Name : STRING
    "ba5eda7a-def5-0000-0000-000000000004", -- DT_ID : UNIQUE_ID
    0, -- By_Ref : INTEGER
    '', -- Dimensions : STRING
    "00000000-0000-0000-0000-000000000000", -- Previous_SParm_ID : UNIQUE_ID
    '' -- Descrip : STRING
);
INSERT INTO S_SPARM VALUES (
    "f85e2744-eac5-4605-8e7b-77bea1500127", -- SParm_ID : UNIQUE_ID
    "8e6515f0-ca9a-424d-b35b-60f69ec5dcc5", -- Sync_ID : UNIQUE_ID
    'state', -- Name : STRING
    "ba5eda7a-def5-0000-0000-000000000001", -- DT_ID : UNIQUE_ID
    0, -- By_Ref : INTEGER
    '', -- Dimensions : STRING
    "3a8c0fe8-12a7-4d09-8b8f-b61c254b15f4", -- Previous_SParm_ID : UNIQUE_ID
    '' -- Descrip : STRING
);
INSERT INTO S_SYNC VALUES (
    "8e6515f0-ca9a-424d-b35b-60f69ec5dcc5", -- Sync_ID : UNIQUE_ID
    "00000000-0000-0000-0000-000000000000", -- Dom_ID : UNIQUE_ID
    'Reply', -- Name : STRING
    '', -- Descrip : STRING
    '', -- Action_Semantics_internal : STRING
    "ba5eda7a-def5-0000-0000-000000000000", -- DT_ID : UNIQUE_ID
    3, -- Suc_Pars : INTEGER
    '', -- Return_Dimensions : STRING
    0 -- Dialect : INTEGER
);
INSERT INTO S_SYS VALUES (
    "7fdc406f-2939-49c0-8fab-99de27b70193", -- Sys_ID : UNIQUE_ID
    'runtime', -- Name : STRING
    1 -- useGlobals : BOOLEAN
);
INSERT INTO S_SYS VALUES (
    "ccdb2e52-76fc-4422-936f-a0239fd9d106", -- Sys_ID : UNIQUE_ID
    'hrm', -- Name : STRING
    1 -- useGlobals : BOOLEAN
);
INSERT INTO S_SYS VALUES (
    "46564f98-385d-43d9-876a-ca551a77e802", -- Sys_ID : UNIQUE_ID
    'HRUI', -- Name : STRING
    1 -- useGlobals : BOOLEAN
);
INSERT INTO S_SYS VALUES (
    "a31b98b3-80c6-4eea-80cb-d84755441c10", -- Sys_ID : UNIQUE_ID
    'HRsystem', -- Name : STRING
    1 -- useGlobals : BOOLEAN
);
INSERT INTO S_UDT VALUES (
    "ba5eda7a-def5-0000-0000-00000000000e", -- DT_ID : UNIQUE_ID
    "ba5eda7a-def5-0000-0000-00000000000b", -- CDT_DT_ID : UNIQUE_ID
    1, -- Gen_Type : INTEGER
    '' -- Definition : STRING
);
INSERT INTO S_UDT VALUES (
    "ba5eda7a-def5-0000-0000-00000000000f", -- DT_ID : UNIQUE_ID
    "ba5eda7a-def5-0000-0000-00000000000c", -- CDT_DT_ID : UNIQUE_ID
    3, -- Gen_Type : INTEGER
    '' -- Definition : STRING
);
INSERT INTO S_UDT VALUES (
    "ba5eda7a-def5-0000-0000-000000000010", -- DT_ID : UNIQUE_ID
    "ba5eda7a-def5-0000-0000-00000000000b", -- CDT_DT_ID : UNIQUE_ID
    2, -- Gen_Type : INTEGER
    '' -- Definition : STRING
);
INSERT INTO V_AER VALUES (
    "82a81f0c-decd-4c96-bd7c-6aa9199e8e08", -- Value_ID : UNIQUE_ID
    "6d70d096-4c3f-41bc-8014-d4045edeb8b2", -- Root_Value_ID : UNIQUE_ID
    "2ffec29f-9a3a-4875-b9d6-ceda6e7615d0" -- Index_Value_ID : UNIQUE_ID
);
INSERT INTO V_AER VALUES (
    "7a8811fb-c388-4db7-8537-dbc07b9ae0b2", -- Value_ID : UNIQUE_ID
    "454e93c2-4ddc-4292-9d88-e31623de9b93", -- Root_Value_ID : UNIQUE_ID
    "7a846fb6-9964-4b73-be2a-2087590ddcf0" -- Index_Value_ID : UNIQUE_ID
);
INSERT INTO V_AER VALUES (
    "fde1f497-1e5e-4eb7-8456-3dc5505035e4", -- Value_ID : UNIQUE_ID
    "85e1ed13-4bcc-4ad5-a267-5c048dd60466", -- Root_Value_ID : UNIQUE_ID
    "1e5ce8f6-8877-4340-8d55-20644b5e174b" -- Index_Value_ID : UNIQUE_ID
);
INSERT INTO V_AER VALUES (
    "1541e051-16e1-4d2f-b849-7347ace3966e", -- Value_ID : UNIQUE_ID
    "c94d1dac-2503-45dc-86f4-2bfbd0ba41b2", -- Root_Value_ID : UNIQUE_ID
    "3a6021cc-775c-4442-939e-6be8d6d7e760" -- Index_Value_ID : UNIQUE_ID
);
INSERT INTO V_AER VALUES (
    "ee302e9e-6b94-43d2-afce-94cc13a81785", -- Value_ID : UNIQUE_ID
    "de2b6a3d-93ed-4986-b1dc-2d7538814393", -- Root_Value_ID : UNIQUE_ID
    "f64577d5-fb76-4380-b666-bdafe186d1fe" -- Index_Value_ID : UNIQUE_ID
);
INSERT INTO V_AER VALUES (
    "727e5ed4-8388-4cc5-a419-383da1041513", -- Value_ID : UNIQUE_ID
    "8d54462f-9f20-48ef-8b82-88cf6e45d2e4", -- Root_Value_ID : UNIQUE_ID
    "c0be3ff2-73b9-4488-861e-b4bed2731bae" -- Index_Value_ID : UNIQUE_ID
);
INSERT INTO V_AER VALUES (
    "ccc6485b-78c4-4f9e-9436-e8800d33b2b6", -- Value_ID : UNIQUE_ID
    "e9e4c122-0dde-4bf8-802a-ff5f987fb453", -- Root_Value_ID : UNIQUE_ID
    "dc84d632-d285-48fd-bbbe-50e3b4cc11ac" -- Index_Value_ID : UNIQUE_ID
);
INSERT INTO V_AER VALUES (
    "9743923c-5dc2-4f38-9baa-5ae5beb8a291", -- Value_ID : UNIQUE_ID
    "88d1b51f-a7d1-45bf-ae95-38db16b1b57e", -- Root_Value_ID : UNIQUE_ID
    "c39ac1d2-c560-45df-892e-de8c9a6eb66d" -- Index_Value_ID : UNIQUE_ID
);
INSERT INTO V_AER VALUES (
    "a1d4871a-d4a0-409f-a2e8-9c5e8e42e176", -- Value_ID : UNIQUE_ID
    "9b1364b7-d877-42ed-95dc-68f3ad0f8203", -- Root_Value_ID : UNIQUE_ID
    "04f26bf7-2c0a-433d-b366-5c8d36a8a395" -- Index_Value_ID : UNIQUE_ID
);
INSERT INTO V_AER VALUES (
    "7184d23d-eb91-4411-a9b0-0647a6932dd1", -- Value_ID : UNIQUE_ID
    "889e53e9-2272-484e-a5ba-384fe1ac6157", -- Root_Value_ID : UNIQUE_ID
    "4f2ee53c-1328-4bd2-99aa-9d493661e333" -- Index_Value_ID : UNIQUE_ID
);
INSERT INTO V_AER VALUES (
    "463895ce-f697-427b-893c-5d261a4d486e", -- Value_ID : UNIQUE_ID
    "539099ab-fce7-4ff2-83ce-d6fa68d86fae", -- Root_Value_ID : UNIQUE_ID
    "5b85c97c-0b01-4745-94ee-f0f5adc50e9b" -- Index_Value_ID : UNIQUE_ID
);
INSERT INTO V_AVL VALUES (
    "371f2bc4-2d19-4a6d-87e0-c0c4f6690c4a", -- Value_ID : UNIQUE_ID
    "07ef8252-1e8f-4cee-9553-9d9af7d5b48b", -- Root_Value_ID : UNIQUE_ID
    "d8528470-976c-421b-a087-1201ac24302f", -- Obj_ID : UNIQUE_ID
    "7e42a956-78c5-4651-8efb-01820a985edd" -- Attr_ID : UNIQUE_ID
);
INSERT INTO V_AVL VALUES (
    "20c67985-af29-465d-b3db-e2733a3c44bb", -- Value_ID : UNIQUE_ID
    "730a9828-138a-4023-9c48-4070292b0373", -- Root_Value_ID : UNIQUE_ID
    "d8528470-976c-421b-a087-1201ac24302f", -- Obj_ID : UNIQUE_ID
    "af90ebd4-1702-491f-85cd-2d5dbfad46bb" -- Attr_ID : UNIQUE_ID
);
INSERT INTO V_AVL VALUES (
    "9b5bf208-3eee-452d-8a1d-0daa75028c8e", -- Value_ID : UNIQUE_ID
    "7a41ca9f-652f-4e91-9409-4fce28399555", -- Root_Value_ID : UNIQUE_ID
    "d8528470-976c-421b-a087-1201ac24302f", -- Obj_ID : UNIQUE_ID
    "9066db86-0565-4761-9920-bcf2a1cd02d9" -- Attr_ID : UNIQUE_ID
);
INSERT INTO V_AVL VALUES (
    "449b4ba1-ce0a-4bc6-ba28-b83b963a3b7e", -- Value_ID : UNIQUE_ID
    "4e32cdb2-3579-45f6-a902-3db733e0c4ef", -- Root_Value_ID : UNIQUE_ID
    "20eeccf9-a28c-4875-94f5-245affd4f878", -- Obj_ID : UNIQUE_ID
    "341aac1f-99da-4a6e-88bf-1f0c4d4c5241" -- Attr_ID : UNIQUE_ID
);
INSERT INTO V_AVL VALUES (
    "bf32f450-2767-4265-830b-f44870457dcb", -- Value_ID : UNIQUE_ID
    "7b9964df-138c-4df9-9a36-2289347ff007", -- Root_Value_ID : UNIQUE_ID
    "20eeccf9-a28c-4875-94f5-245affd4f878", -- Obj_ID : UNIQUE_ID
    "254dbf3c-543b-463a-ac9c-a6cadce254fc" -- Attr_ID : UNIQUE_ID
);
INSERT INTO V_AVL VALUES (
    "486c26f2-4491-424d-a3a4-e16025f41a0a", -- Value_ID : UNIQUE_ID
    "c933794e-2c24-4508-9684-a31a10c156a3", -- Root_Value_ID : UNIQUE_ID
    "d8528470-976c-421b-a087-1201ac24302f", -- Obj_ID : UNIQUE_ID
    "9066db86-0565-4761-9920-bcf2a1cd02d9" -- Attr_ID : UNIQUE_ID
);
INSERT INTO V_AVL VALUES (
    "15affe6a-04c9-4ea6-bacc-6e7b6bbc904d", -- Value_ID : UNIQUE_ID
    "d4e68ae7-4842-4a19-8a5c-7bb87242fa5e", -- Root_Value_ID : UNIQUE_ID
    "20eeccf9-a28c-4875-94f5-245affd4f878", -- Obj_ID : UNIQUE_ID
    "341aac1f-99da-4a6e-88bf-1f0c4d4c5241" -- Attr_ID : UNIQUE_ID
);
INSERT INTO V_AVL VALUES (
    "c229a406-1262-47f2-87d8-3a9af98790c9", -- Value_ID : UNIQUE_ID
    "ded4dbb0-1582-4d58-8b56-87c123f8382e", -- Root_Value_ID : UNIQUE_ID
    "d8528470-976c-421b-a087-1201ac24302f", -- Obj_ID : UNIQUE_ID
    "7e42a956-78c5-4651-8efb-01820a985edd" -- Attr_ID : UNIQUE_ID
);
INSERT INTO V_AVL VALUES (
    "da63067f-50a2-432e-8005-768780db6ffd", -- Value_ID : UNIQUE_ID
    "a02d1396-48fa-4d3d-bc7b-cc7d829583bb", -- Root_Value_ID : UNIQUE_ID
    "d8528470-976c-421b-a087-1201ac24302f", -- Obj_ID : UNIQUE_ID
    "af90ebd4-1702-491f-85cd-2d5dbfad46bb" -- Attr_ID : UNIQUE_ID
);
INSERT INTO V_AVL VALUES (
    "5c6afcf6-a1c5-4144-bf29-ccc080bae3e0", -- Value_ID : UNIQUE_ID
    "df383bab-f584-4dc9-a7fc-0d4e2d31458e", -- Root_Value_ID : UNIQUE_ID
    "20391e7a-d5eb-43ec-849a-3af0009b3d41", -- Obj_ID : UNIQUE_ID
    "c76f5210-d548-4a04-8c59-a4a3ccddad9d" -- Attr_ID : UNIQUE_ID
);
INSERT INTO V_AVL VALUES (
    "dba363c9-6aaa-4676-9c51-a1248b5031d7", -- Value_ID : UNIQUE_ID
    "2e0519da-2020-4a5a-b2dd-7fa73b4de36f", -- Root_Value_ID : UNIQUE_ID
    "20391e7a-d5eb-43ec-849a-3af0009b3d41", -- Obj_ID : UNIQUE_ID
    "c7fbe3b2-9fef-47ea-83db-2b3923222e8d" -- Attr_ID : UNIQUE_ID
);
INSERT INTO V_AVL VALUES (
    "a2c61dc9-a584-4988-a73a-4f10387e5897", -- Value_ID : UNIQUE_ID
    "a2f4d9a1-5ab4-4550-a7f8-155c3fbd54f4", -- Root_Value_ID : UNIQUE_ID
    "20eeccf9-a28c-4875-94f5-245affd4f878", -- Obj_ID : UNIQUE_ID
    "341aac1f-99da-4a6e-88bf-1f0c4d4c5241" -- Attr_ID : UNIQUE_ID
);
INSERT INTO V_AVL VALUES (
    "6d10e2c2-fe69-4b12-bf44-3000a25fdf97", -- Value_ID : UNIQUE_ID
    "298e96ef-27b0-4528-ab91-ee917ce6746d", -- Root_Value_ID : UNIQUE_ID
    "20391e7a-d5eb-43ec-849a-3af0009b3d41", -- Obj_ID : UNIQUE_ID
    "c76f5210-d548-4a04-8c59-a4a3ccddad9d" -- Attr_ID : UNIQUE_ID
);
INSERT INTO V_AVL VALUES (
    "7d474622-2378-4e66-8f32-58e91f7409c4", -- Value_ID : UNIQUE_ID
    "855151ce-151c-4837-8770-c22ee8801fa5", -- Root_Value_ID : UNIQUE_ID
    "20391e7a-d5eb-43ec-849a-3af0009b3d41", -- Obj_ID : UNIQUE_ID
    "c7fbe3b2-9fef-47ea-83db-2b3923222e8d" -- Attr_ID : UNIQUE_ID
);
INSERT INTO V_AVL VALUES (
    "6323e0f5-9a5a-4999-a737-6cf2faf3b9f5", -- Value_ID : UNIQUE_ID
    "5f1c36f8-2d57-4690-84d6-6b1d3a5873d9", -- Root_Value_ID : UNIQUE_ID
    "d8528470-976c-421b-a087-1201ac24302f", -- Obj_ID : UNIQUE_ID
    "9066db86-0565-4761-9920-bcf2a1cd02d9" -- Attr_ID : UNIQUE_ID
);
INSERT INTO V_AVL VALUES (
    "5863e429-492c-430f-a208-98522235f6dc", -- Value_ID : UNIQUE_ID
    "6993a67d-4a64-47ef-9d5a-1fb02b566e29", -- Root_Value_ID : UNIQUE_ID
    "d8528470-976c-421b-a087-1201ac24302f", -- Obj_ID : UNIQUE_ID
    "9066db86-0565-4761-9920-bcf2a1cd02d9" -- Attr_ID : UNIQUE_ID
);
INSERT INTO V_AVL VALUES (
    "07f6640f-8649-4b79-afd1-86e60208a513", -- Value_ID : UNIQUE_ID
    "711e3261-7268-4fb7-b37d-1b763f379752", -- Root_Value_ID : UNIQUE_ID
    "d8528470-976c-421b-a087-1201ac24302f", -- Obj_ID : UNIQUE_ID
    "43f89e8d-d809-4067-a812-d1d57bb3a42d" -- Attr_ID : UNIQUE_ID
);
INSERT INTO V_AVL VALUES (
    "bf8a9e0d-5b78-4aa9-89c5-ed90d2e853bb", -- Value_ID : UNIQUE_ID
    "c3850469-164d-4b05-8889-4cf1636e5538", -- Root_Value_ID : UNIQUE_ID
    "20eeccf9-a28c-4875-94f5-245affd4f878", -- Obj_ID : UNIQUE_ID
    "341aac1f-99da-4a6e-88bf-1f0c4d4c5241" -- Attr_ID : UNIQUE_ID
);
INSERT INTO V_AVL VALUES (
    "e46edd3d-0803-4cc0-b704-4850b1344eb7", -- Value_ID : UNIQUE_ID
    "a92c3ca1-0a2e-45b8-bcf1-6902aa4d45ea", -- Root_Value_ID : UNIQUE_ID
    "20eeccf9-a28c-4875-94f5-245affd4f878", -- Obj_ID : UNIQUE_ID
    "341aac1f-99da-4a6e-88bf-1f0c4d4c5241" -- Attr_ID : UNIQUE_ID
);
INSERT INTO V_AVL VALUES (
    "2fa9f297-c6b0-403f-b408-6e28783073ea", -- Value_ID : UNIQUE_ID
    "33c2cd04-6e7e-462c-abec-f0607ab3a770", -- Root_Value_ID : UNIQUE_ID
    "20eeccf9-a28c-4875-94f5-245affd4f878", -- Obj_ID : UNIQUE_ID
    "254dbf3c-543b-463a-ac9c-a6cadce254fc" -- Attr_ID : UNIQUE_ID
);
INSERT INTO V_AVL VALUES (
    "ee5e6796-7683-4755-ae48-e27fef1a130c", -- Value_ID : UNIQUE_ID
    "cc4f9205-e8b9-45d1-bfbe-9eddd4515cf1", -- Root_Value_ID : UNIQUE_ID
    "d8528470-976c-421b-a087-1201ac24302f", -- Obj_ID : UNIQUE_ID
    "9066db86-0565-4761-9920-bcf2a1cd02d9" -- Attr_ID : UNIQUE_ID
);
INSERT INTO V_AVL VALUES (
    "f0de0394-e3ee-465f-9647-d3b27c0ecec7", -- Value_ID : UNIQUE_ID
    "0cfe19b5-2d63-4435-be85-53dbb984dbf0", -- Root_Value_ID : UNIQUE_ID
    "d8528470-976c-421b-a087-1201ac24302f", -- Obj_ID : UNIQUE_ID
    "9066db86-0565-4761-9920-bcf2a1cd02d9" -- Attr_ID : UNIQUE_ID
);
INSERT INTO V_BIN VALUES (
    "ad714699-f022-4dcf-8541-9f907c25fcd7", -- Value_ID : UNIQUE_ID
    "a2b3b88f-9087-434e-a5aa-ce123cb2378c", -- Right_Value_ID : UNIQUE_ID
    "e8668989-2def-42be-9cb8-e29c85f84bdc", -- Left_Value_ID : UNIQUE_ID
    '>=' -- Operator : STRING
);
INSERT INTO V_BIN VALUES (
    "c0e3ce5a-9b34-4e9f-b60c-721553409abc", -- Value_ID : UNIQUE_ID
    "c31c4883-f91e-46dc-9889-4353cde9ccf0", -- Right_Value_ID : UNIQUE_ID
    "e93c1c23-faa2-4784-8a9e-a95933172384", -- Left_Value_ID : UNIQUE_ID
    '%' -- Operator : STRING
);
INSERT INTO V_BIN VALUES (
    "6954e5b0-3f71-4425-95d1-a1fadd55288a", -- Value_ID : UNIQUE_ID
    "c4da86b2-562e-4b9d-a871-094aea20dd57", -- Right_Value_ID : UNIQUE_ID
    "7ecab7df-a47b-4470-9b2a-887b43564b43", -- Left_Value_ID : UNIQUE_ID
    '/' -- Operator : STRING
);
INSERT INTO V_BIN VALUES (
    "ca7d1f0a-0f3a-4eac-a903-647adf855d72", -- Value_ID : UNIQUE_ID
    "78632fdc-eca4-4655-91ac-9658246e2f1b", -- Right_Value_ID : UNIQUE_ID
    "463895ce-f697-427b-893c-5d261a4d486e", -- Left_Value_ID : UNIQUE_ID
    '+' -- Operator : STRING
);
INSERT INTO V_BIN VALUES (
    "475682c0-38d3-4088-a4b8-e7abda26f600", -- Value_ID : UNIQUE_ID
    "f39c13ff-fc21-4c50-9a68-7c3b6b30714b", -- Right_Value_ID : UNIQUE_ID
    "486c26f2-4491-424d-a3a4-e16025f41a0a", -- Left_Value_ID : UNIQUE_ID
    '==' -- Operator : STRING
);
INSERT INTO V_BIN VALUES (
    "e1c33705-ee70-4d36-a8a8-8787ff46da77", -- Value_ID : UNIQUE_ID
    "a5e030ac-a5b3-4614-8f23-f9486c64545e", -- Right_Value_ID : UNIQUE_ID
    "15affe6a-04c9-4ea6-bacc-6e7b6bbc904d", -- Left_Value_ID : UNIQUE_ID
    '==' -- Operator : STRING
);
INSERT INTO V_BIN VALUES (
    "50552e35-f474-4e8c-babe-7156bcc72e08", -- Value_ID : UNIQUE_ID
    "805549de-47a1-4e4e-a33a-7b1a731faddc", -- Right_Value_ID : UNIQUE_ID
    "c229a406-1262-47f2-87d8-3a9af98790c9", -- Left_Value_ID : UNIQUE_ID
    '+' -- Operator : STRING
);
INSERT INTO V_BIN VALUES (
    "064facb1-b395-46a3-8162-a34adeba9b94", -- Value_ID : UNIQUE_ID
    "da63067f-50a2-432e-8005-768780db6ffd", -- Right_Value_ID : UNIQUE_ID
    "50552e35-f474-4e8c-babe-7156bcc72e08", -- Left_Value_ID : UNIQUE_ID
    '+' -- Operator : STRING
);
INSERT INTO V_BIN VALUES (
    "8742760c-2555-4155-ae3f-007985a0bfd4", -- Value_ID : UNIQUE_ID
    "a2c61dc9-a584-4988-a73a-4f10387e5897", -- Right_Value_ID : UNIQUE_ID
    "ca61052f-bc27-4195-a1b8-bc760682c42e", -- Left_Value_ID : UNIQUE_ID
    '+' -- Operator : STRING
);
INSERT INTO V_BIN VALUES (
    "940c2374-8a82-408a-a2ec-b827086c8858", -- Value_ID : UNIQUE_ID
    "7b02f47c-6499-4d3d-99b6-0f380198034f", -- Right_Value_ID : UNIQUE_ID
    "8742760c-2555-4155-ae3f-007985a0bfd4", -- Left_Value_ID : UNIQUE_ID
    '+' -- Operator : STRING
);
INSERT INTO V_BIN VALUES (
    "16fa8b5b-5cca-4e4e-9570-b1daf8d8ee16", -- Value_ID : UNIQUE_ID
    "6d10e2c2-fe69-4b12-bf44-3000a25fdf97", -- Right_Value_ID : UNIQUE_ID
    "09c8274d-f708-4a03-826d-9ff4decc7a9a", -- Left_Value_ID : UNIQUE_ID
    '+' -- Operator : STRING
);
INSERT INTO V_BIN VALUES (
    "7153dabf-557d-49ff-a06d-a048bd9005b6", -- Value_ID : UNIQUE_ID
    "7d474622-2378-4e66-8f32-58e91f7409c4", -- Right_Value_ID : UNIQUE_ID
    "97edaa95-5a5b-416a-8442-c1bdb67a8bb1", -- Left_Value_ID : UNIQUE_ID
    '+' -- Operator : STRING
);
INSERT INTO V_BIN VALUES (
    "c5345e3a-2735-44fe-8b53-3a07999a8c7d", -- Value_ID : UNIQUE_ID
    "a04f9e87-766e-4cd7-8f89-162fa57738f1", -- Right_Value_ID : UNIQUE_ID
    "6323e0f5-9a5a-4999-a737-6cf2faf3b9f5", -- Left_Value_ID : UNIQUE_ID
    '==' -- Operator : STRING
);
INSERT INTO V_BIN VALUES (
    "170470e5-d79c-4c88-8ce3-1b671f7da457", -- Value_ID : UNIQUE_ID
    "47132464-9acd-48cf-b2ab-93aee45de5a5", -- Right_Value_ID : UNIQUE_ID
    "5863e429-492c-430f-a208-98522235f6dc", -- Left_Value_ID : UNIQUE_ID
    '==' -- Operator : STRING
);
INSERT INTO V_BIN VALUES (
    "70726da9-4028-4a6c-9798-b173f52d49fb", -- Value_ID : UNIQUE_ID
    "cc68d6a6-76bf-4ab6-add8-daa6a8e7517c", -- Right_Value_ID : UNIQUE_ID
    "bf8a9e0d-5b78-4aa9-89c5-ed90d2e853bb", -- Left_Value_ID : UNIQUE_ID
    '==' -- Operator : STRING
);
INSERT INTO V_BIN VALUES (
    "b8b0a33f-c3d9-44e0-8d3c-4cc0cf9e3aa0", -- Value_ID : UNIQUE_ID
    "6c00b9c8-a887-4b56-b910-f74f63a0f087", -- Right_Value_ID : UNIQUE_ID
    "ee5e6796-7683-4755-ae48-e27fef1a130c", -- Left_Value_ID : UNIQUE_ID
    '==' -- Operator : STRING
);
INSERT INTO V_BIN VALUES (
    "687efff5-7895-4a80-9412-8943f900b769", -- Value_ID : UNIQUE_ID
    "c71e40dc-0118-45d6-a9d4-7a347a61f89b", -- Right_Value_ID : UNIQUE_ID
    "f0de0394-e3ee-465f-9647-d3b27c0ecec7", -- Left_Value_ID : UNIQUE_ID
    '==' -- Operator : STRING
);
INSERT INTO V_BRV VALUES (
    "8c8c03bd-8dd9-410b-b510-d4cb75a3d2b6", -- Value_ID : UNIQUE_ID
    "af615ef3-56dd-40b1-be6b-27e07023a829", -- Brg_ID : UNIQUE_ID
    1, -- ParmListOK : BOOLEAN
    0, -- externalEntityKeyLettersLineNumber : INTEGER
    0 -- externalEntityKeyLettersColumn : INTEGER
);
INSERT INTO V_BRV VALUES (
    "67350f12-8ade-4bc4-9481-545b82bc5117", -- Value_ID : UNIQUE_ID
    "af615ef3-56dd-40b1-be6b-27e07023a829", -- Brg_ID : UNIQUE_ID
    1, -- ParmListOK : BOOLEAN
    0, -- externalEntityKeyLettersLineNumber : INTEGER
    0 -- externalEntityKeyLettersColumn : INTEGER
);
INSERT INTO V_BRV VALUES (
    "91df3de6-e43c-498e-a88b-b2c1cb9ee359", -- Value_ID : UNIQUE_ID
    "af615ef3-56dd-40b1-be6b-27e07023a829", -- Brg_ID : UNIQUE_ID
    1, -- ParmListOK : BOOLEAN
    0, -- externalEntityKeyLettersLineNumber : INTEGER
    0 -- externalEntityKeyLettersColumn : INTEGER
);
INSERT INTO V_BRV VALUES (
    "2f542a09-b543-4cdc-b118-424700670337", -- Value_ID : UNIQUE_ID
    "af615ef3-56dd-40b1-be6b-27e07023a829", -- Brg_ID : UNIQUE_ID
    1, -- ParmListOK : BOOLEAN
    0, -- externalEntityKeyLettersLineNumber : INTEGER
    0 -- externalEntityKeyLettersColumn : INTEGER
);
INSERT INTO V_BRV VALUES (
    "0ee338d4-d1a5-490a-9d75-4aebfc1efe54", -- Value_ID : UNIQUE_ID
    "af615ef3-56dd-40b1-be6b-27e07023a829", -- Brg_ID : UNIQUE_ID
    1, -- ParmListOK : BOOLEAN
    0, -- externalEntityKeyLettersLineNumber : INTEGER
    0 -- externalEntityKeyLettersColumn : INTEGER
);
INSERT INTO V_BRV VALUES (
    "11f0386b-1ba8-4662-bff5-b3570121b093", -- Value_ID : UNIQUE_ID
    "af615ef3-56dd-40b1-be6b-27e07023a829", -- Brg_ID : UNIQUE_ID
    1, -- ParmListOK : BOOLEAN
    0, -- externalEntityKeyLettersLineNumber : INTEGER
    0 -- externalEntityKeyLettersColumn : INTEGER
);
INSERT INTO V_BRV VALUES (
    "47745faa-38bb-4a2c-95d5-9633f42c0471", -- Value_ID : UNIQUE_ID
    "af615ef3-56dd-40b1-be6b-27e07023a829", -- Brg_ID : UNIQUE_ID
    1, -- ParmListOK : BOOLEAN
    0, -- externalEntityKeyLettersLineNumber : INTEGER
    0 -- externalEntityKeyLettersColumn : INTEGER
);
INSERT INTO V_BRV VALUES (
    "66b81c90-bec9-4215-a712-5749c8b4e3d5", -- Value_ID : UNIQUE_ID
    "af615ef3-56dd-40b1-be6b-27e07023a829", -- Brg_ID : UNIQUE_ID
    1, -- ParmListOK : BOOLEAN
    0, -- externalEntityKeyLettersLineNumber : INTEGER
    0 -- externalEntityKeyLettersColumn : INTEGER
);
INSERT INTO V_BRV VALUES (
    "b8b1be91-ee28-4043-aa61-69a3828df885", -- Value_ID : UNIQUE_ID
    "8a08e8b6-4de0-437f-968f-71d65464ceb7", -- Brg_ID : UNIQUE_ID
    1, -- ParmListOK : BOOLEAN
    0, -- externalEntityKeyLettersLineNumber : INTEGER
    0 -- externalEntityKeyLettersColumn : INTEGER
);
INSERT INTO V_BRV VALUES (
    "0a8c2ca2-4eb6-4594-9371-a201d4c51a85", -- Value_ID : UNIQUE_ID
    "af615ef3-56dd-40b1-be6b-27e07023a829", -- Brg_ID : UNIQUE_ID
    1, -- ParmListOK : BOOLEAN
    0, -- externalEntityKeyLettersLineNumber : INTEGER
    0 -- externalEntityKeyLettersColumn : INTEGER
);
INSERT INTO V_BRV VALUES (
    "52d9e24e-d582-4d1a-8a19-eb64f7fc8598", -- Value_ID : UNIQUE_ID
    "af615ef3-56dd-40b1-be6b-27e07023a829", -- Brg_ID : UNIQUE_ID
    1, -- ParmListOK : BOOLEAN
    0, -- externalEntityKeyLettersLineNumber : INTEGER
    0 -- externalEntityKeyLettersColumn : INTEGER
);
INSERT INTO V_BRV VALUES (
    "f4ee4be4-7d1d-46fc-b74c-00ddd7b57533", -- Value_ID : UNIQUE_ID
    "af615ef3-56dd-40b1-be6b-27e07023a829", -- Brg_ID : UNIQUE_ID
    1, -- ParmListOK : BOOLEAN
    0, -- externalEntityKeyLettersLineNumber : INTEGER
    0 -- externalEntityKeyLettersColumn : INTEGER
);
INSERT INTO V_BRV VALUES (
    "303716ed-1cdb-4944-a3cc-b0da4474e7cf", -- Value_ID : UNIQUE_ID
    "af615ef3-56dd-40b1-be6b-27e07023a829", -- Brg_ID : UNIQUE_ID
    1, -- ParmListOK : BOOLEAN
    0, -- externalEntityKeyLettersLineNumber : INTEGER
    0 -- externalEntityKeyLettersColumn : INTEGER
);
INSERT INTO V_EDV VALUES (
    "f39c13ff-fc21-4c50-9a68-7c3b6b30714b" -- Value_ID : UNIQUE_ID
);
INSERT INTO V_EDV VALUES (
    "a5e030ac-a5b3-4614-8f23-f9486c64545e" -- Value_ID : UNIQUE_ID
);
INSERT INTO V_EDV VALUES (
    "cef7c1f6-2b67-40a6-82c9-937f119a4d6b" -- Value_ID : UNIQUE_ID
);
INSERT INTO V_EDV VALUES (
    "1c35c585-57de-4a3c-955b-ad924ee3e09a" -- Value_ID : UNIQUE_ID
);
INSERT INTO V_EPR VALUES (
    "f39c13ff-fc21-4c50-9a68-7c3b6b30714b", -- Value_ID : UNIQUE_ID
    "7b5f90bd-656f-4bc9-83bf-771ed45973b0", -- SM_ID : UNIQUE_ID
    "75910876-89d7-482d-a42b-81ce38e9bd79", -- SMedi_ID : UNIQUE_ID
    "00000000-0000-0000-0000-000000000000" -- PP_Id : UNIQUE_ID
);
INSERT INTO V_EPR VALUES (
    "a5e030ac-a5b3-4614-8f23-f9486c64545e", -- Value_ID : UNIQUE_ID
    "7b5f90bd-656f-4bc9-83bf-771ed45973b0", -- SM_ID : UNIQUE_ID
    "d5cfe583-a17b-445b-b875-e4784c0ee3d2", -- SMedi_ID : UNIQUE_ID
    "00000000-0000-0000-0000-000000000000" -- PP_Id : UNIQUE_ID
);
INSERT INTO V_EPR VALUES (
    "cef7c1f6-2b67-40a6-82c9-937f119a4d6b", -- Value_ID : UNIQUE_ID
    "7b5f90bd-656f-4bc9-83bf-771ed45973b0", -- SM_ID : UNIQUE_ID
    "ee967642-7882-43f3-b780-ad8c47cf9402", -- SMedi_ID : UNIQUE_ID
    "00000000-0000-0000-0000-000000000000" -- PP_Id : UNIQUE_ID
);
INSERT INTO V_EPR VALUES (
    "1c35c585-57de-4a3c-955b-ad924ee3e09a", -- Value_ID : UNIQUE_ID
    "7b5f90bd-656f-4bc9-83bf-771ed45973b0", -- SM_ID : UNIQUE_ID
    "a4279682-2994-424c-9dbd-a19a53c17e4f", -- SMedi_ID : UNIQUE_ID
    "00000000-0000-0000-0000-000000000000" -- PP_Id : UNIQUE_ID
);
INSERT INTO V_FNV VALUES (
    "2089add5-0845-4dcb-9e33-ddc1b2479be0", -- Value_ID : UNIQUE_ID
    "8e6515f0-ca9a-424d-b35b-60f69ec5dcc5", -- Sync_ID : UNIQUE_ID
    1 -- ParmListOK : BOOLEAN
);
INSERT INTO V_INT VALUES (
    "7858f95d-a78d-4b7a-8570-80edb6215139", -- Var_ID : UNIQUE_ID
    0, -- IsImplicitInFor : BOOLEAN
    "d8528470-976c-421b-a087-1201ac24302f" -- Obj_ID : UNIQUE_ID
);
INSERT INTO V_INT VALUES (
    "e2387159-2842-4109-8124-5fcd2094b69c", -- Var_ID : UNIQUE_ID
    0, -- IsImplicitInFor : BOOLEAN
    "20eeccf9-a28c-4875-94f5-245affd4f878" -- Obj_ID : UNIQUE_ID
);
INSERT INTO V_INT VALUES (
    "79e70ea4-4ca8-42c9-b3ab-fc516862cc03", -- Var_ID : UNIQUE_ID
    0, -- IsImplicitInFor : BOOLEAN
    "20391e7a-d5eb-43ec-849a-3af0009b3d41" -- Obj_ID : UNIQUE_ID
);
INSERT INTO V_INT VALUES (
    "342fc5c7-598c-4836-baf1-de81e7b181cb", -- Var_ID : UNIQUE_ID
    0, -- IsImplicitInFor : BOOLEAN
    "d8528470-976c-421b-a087-1201ac24302f" -- Obj_ID : UNIQUE_ID
);
INSERT INTO V_INT VALUES (
    "fba4cb4d-6a09-44ae-8b95-04c2e05323d4", -- Var_ID : UNIQUE_ID
    0, -- IsImplicitInFor : BOOLEAN
    "20eeccf9-a28c-4875-94f5-245affd4f878" -- Obj_ID : UNIQUE_ID
);
INSERT INTO V_INT VALUES (
    "8be026fd-5da4-415d-b400-35a40025b08f", -- Var_ID : UNIQUE_ID
    0, -- IsImplicitInFor : BOOLEAN
    "d8528470-976c-421b-a087-1201ac24302f" -- Obj_ID : UNIQUE_ID
);
INSERT INTO V_INT VALUES (
    "bfae5a4a-85bb-4d2a-8765-73981d8c06e0", -- Var_ID : UNIQUE_ID
    0, -- IsImplicitInFor : BOOLEAN
    "d8528470-976c-421b-a087-1201ac24302f" -- Obj_ID : UNIQUE_ID
);
INSERT INTO V_INT VALUES (
    "38fb5da6-3107-4f99-8f1b-1ad9a531fb96", -- Var_ID : UNIQUE_ID
    0, -- IsImplicitInFor : BOOLEAN
    "20eeccf9-a28c-4875-94f5-245affd4f878" -- Obj_ID : UNIQUE_ID
);
INSERT INTO V_INT VALUES (
    "455f0526-9e54-4d84-9bdf-538b8e64d2bb", -- Var_ID : UNIQUE_ID
    0, -- IsImplicitInFor : BOOLEAN
    "d8528470-976c-421b-a087-1201ac24302f" -- Obj_ID : UNIQUE_ID
);
INSERT INTO V_INT VALUES (
    "8d018ed7-28a4-408e-bbc2-2ba6d9556ce3", -- Var_ID : UNIQUE_ID
    0, -- IsImplicitInFor : BOOLEAN
    "d8528470-976c-421b-a087-1201ac24302f" -- Obj_ID : UNIQUE_ID
);
INSERT INTO V_IRF VALUES (
    "07ef8252-1e8f-4cee-9553-9d9af7d5b48b", -- Value_ID : UNIQUE_ID
    "7858f95d-a78d-4b7a-8570-80edb6215139" -- Var_ID : UNIQUE_ID
);
INSERT INTO V_IRF VALUES (
    "730a9828-138a-4023-9c48-4070292b0373", -- Value_ID : UNIQUE_ID
    "7858f95d-a78d-4b7a-8570-80edb6215139" -- Var_ID : UNIQUE_ID
);
INSERT INTO V_IRF VALUES (
    "7a41ca9f-652f-4e91-9409-4fce28399555", -- Value_ID : UNIQUE_ID
    "7858f95d-a78d-4b7a-8570-80edb6215139" -- Var_ID : UNIQUE_ID
);
INSERT INTO V_IRF VALUES (
    "4e32cdb2-3579-45f6-a902-3db733e0c4ef", -- Value_ID : UNIQUE_ID
    "e2387159-2842-4109-8124-5fcd2094b69c" -- Var_ID : UNIQUE_ID
);
INSERT INTO V_IRF VALUES (
    "7b9964df-138c-4df9-9a36-2289347ff007", -- Value_ID : UNIQUE_ID
    "e2387159-2842-4109-8124-5fcd2094b69c" -- Var_ID : UNIQUE_ID
);
INSERT INTO V_IRF VALUES (
    "ded4dbb0-1582-4d58-8b56-87c123f8382e", -- Value_ID : UNIQUE_ID
    "342fc5c7-598c-4836-baf1-de81e7b181cb" -- Var_ID : UNIQUE_ID
);
INSERT INTO V_IRF VALUES (
    "a02d1396-48fa-4d3d-bc7b-cc7d829583bb", -- Value_ID : UNIQUE_ID
    "342fc5c7-598c-4836-baf1-de81e7b181cb" -- Var_ID : UNIQUE_ID
);
INSERT INTO V_IRF VALUES (
    "df383bab-f584-4dc9-a7fc-0d4e2d31458e", -- Value_ID : UNIQUE_ID
    "79e70ea4-4ca8-42c9-b3ab-fc516862cc03" -- Var_ID : UNIQUE_ID
);
INSERT INTO V_IRF VALUES (
    "2e0519da-2020-4a5a-b2dd-7fa73b4de36f", -- Value_ID : UNIQUE_ID
    "79e70ea4-4ca8-42c9-b3ab-fc516862cc03" -- Var_ID : UNIQUE_ID
);
INSERT INTO V_IRF VALUES (
    "a2f4d9a1-5ab4-4550-a7f8-155c3fbd54f4", -- Value_ID : UNIQUE_ID
    "fba4cb4d-6a09-44ae-8b95-04c2e05323d4" -- Var_ID : UNIQUE_ID
);
INSERT INTO V_IRF VALUES (
    "298e96ef-27b0-4528-ab91-ee917ce6746d", -- Value_ID : UNIQUE_ID
    "79e70ea4-4ca8-42c9-b3ab-fc516862cc03" -- Var_ID : UNIQUE_ID
);
INSERT INTO V_IRF VALUES (
    "855151ce-151c-4837-8770-c22ee8801fa5", -- Value_ID : UNIQUE_ID
    "79e70ea4-4ca8-42c9-b3ab-fc516862cc03" -- Var_ID : UNIQUE_ID
);
INSERT INTO V_IRF VALUES (
    "83c80461-7c7b-4fe7-a20b-67f5428f98de", -- Value_ID : UNIQUE_ID
    "8be026fd-5da4-415d-b400-35a40025b08f" -- Var_ID : UNIQUE_ID
);
INSERT INTO V_IRF VALUES (
    "194e0c64-cb11-4ac1-925d-fa756c0f3ab6", -- Value_ID : UNIQUE_ID
    "8be026fd-5da4-415d-b400-35a40025b08f" -- Var_ID : UNIQUE_ID
);
INSERT INTO V_IRF VALUES (
    "a94d4147-af01-4e1d-b38a-4a93d26bdc0f", -- Value_ID : UNIQUE_ID
    "bfae5a4a-85bb-4d2a-8765-73981d8c06e0" -- Var_ID : UNIQUE_ID
);
INSERT INTO V_IRF VALUES (
    "711e3261-7268-4fb7-b37d-1b763f379752", -- Value_ID : UNIQUE_ID
    "bfae5a4a-85bb-4d2a-8765-73981d8c06e0" -- Var_ID : UNIQUE_ID
);
INSERT INTO V_IRF VALUES (
    "68589cb5-5043-4290-b483-09430ea4801a", -- Value_ID : UNIQUE_ID
    "38fb5da6-3107-4f99-8f1b-1ad9a531fb96" -- Var_ID : UNIQUE_ID
);
INSERT INTO V_IRF VALUES (
    "a92c3ca1-0a2e-45b8-bcf1-6902aa4d45ea", -- Value_ID : UNIQUE_ID
    "38fb5da6-3107-4f99-8f1b-1ad9a531fb96" -- Var_ID : UNIQUE_ID
);
INSERT INTO V_IRF VALUES (
    "33c2cd04-6e7e-462c-abec-f0607ab3a770", -- Value_ID : UNIQUE_ID
    "38fb5da6-3107-4f99-8f1b-1ad9a531fb96" -- Var_ID : UNIQUE_ID
);
INSERT INTO V_IRF VALUES (
    "cc128940-ded4-4909-818c-5457515bc21a", -- Value_ID : UNIQUE_ID
    "455f0526-9e54-4d84-9bdf-538b8e64d2bb" -- Var_ID : UNIQUE_ID
);
INSERT INTO V_IRF VALUES (
    "7ad7bafc-7a11-4253-b408-079236e017a1", -- Value_ID : UNIQUE_ID
    "8d018ed7-28a4-408e-bbc2-2ba6d9556ce3" -- Var_ID : UNIQUE_ID
);
INSERT INTO V_LBO VALUES (
    "3c979ab2-e895-4737-82bb-5c0661627796", -- Value_ID : UNIQUE_ID
    'TRUE' -- Value : STRING
);
INSERT INTO V_LBO VALUES (
    "3babf136-d855-4317-a3ed-eabce4f684ef", -- Value_ID : UNIQUE_ID
    'TRUE' -- Value : STRING
);
INSERT INTO V_LBO VALUES (
    "b9fdc4fc-bd51-4549-847f-14dc9bf73eb7", -- Value_ID : UNIQUE_ID
    'TRUE' -- Value : STRING
);
INSERT INTO V_LBO VALUES (
    "0b5f2b8a-6822-4ddc-9f37-0475b1ae2e55", -- Value_ID : UNIQUE_ID
    'FALSE' -- Value : STRING
);
INSERT INTO V_LBO VALUES (
    "8a6291c6-4901-404e-98ef-b8e585725e9d", -- Value_ID : UNIQUE_ID
    'TRUE' -- Value : STRING
);
INSERT INTO V_LBO VALUES (
    "ae9b9bba-ab72-4fb6-807d-ebbeccbc3c53", -- Value_ID : UNIQUE_ID
    'FALSE' -- Value : STRING
);
INSERT INTO V_LBO VALUES (
    "99b0c828-7e80-48b5-9095-83a7caf476ed", -- Value_ID : UNIQUE_ID
    'TRUE' -- Value : STRING
);
INSERT INTO V_LBO VALUES (
    "0d2c56e1-def1-4714-abbb-51bef21aedb2", -- Value_ID : UNIQUE_ID
    'TRUE' -- Value : STRING
);
INSERT INTO V_LBO VALUES (
    "d6645525-e4c0-4fbd-a818-1d9e2fc8412f", -- Value_ID : UNIQUE_ID
    'FALSE' -- Value : STRING
);
INSERT INTO V_LBO VALUES (
    "a3f4a256-c93e-457c-a749-8772f39d9576", -- Value_ID : UNIQUE_ID
    'TRUE' -- Value : STRING
);
INSERT INTO V_LBO VALUES (
    "c0e96b62-988e-4660-8abd-f5fbf72b4a89", -- Value_ID : UNIQUE_ID
    'FALSE' -- Value : STRING
);
INSERT INTO V_LIN VALUES (
    "2ffec29f-9a3a-4875-b9d6-ceda6e7615d0", -- Value_ID : UNIQUE_ID
    '9' -- Value : STRING
);
INSERT INTO V_LIN VALUES (
    "7a846fb6-9964-4b73-be2a-2087590ddcf0", -- Value_ID : UNIQUE_ID
    '8' -- Value : STRING
);
INSERT INTO V_LIN VALUES (
    "1e5ce8f6-8877-4340-8d55-20644b5e174b", -- Value_ID : UNIQUE_ID
    '7' -- Value : STRING
);
INSERT INTO V_LIN VALUES (
    "3a6021cc-775c-4442-939e-6be8d6d7e760", -- Value_ID : UNIQUE_ID
    '6' -- Value : STRING
);
INSERT INTO V_LIN VALUES (
    "f64577d5-fb76-4380-b666-bdafe186d1fe", -- Value_ID : UNIQUE_ID
    '5' -- Value : STRING
);
INSERT INTO V_LIN VALUES (
    "c0be3ff2-73b9-4488-861e-b4bed2731bae", -- Value_ID : UNIQUE_ID
    '4' -- Value : STRING
);
INSERT INTO V_LIN VALUES (
    "dc84d632-d285-48fd-bbbe-50e3b4cc11ac", -- Value_ID : UNIQUE_ID
    '3' -- Value : STRING
);
INSERT INTO V_LIN VALUES (
    "c39ac1d2-c560-45df-892e-de8c9a6eb66d", -- Value_ID : UNIQUE_ID
    '2' -- Value : STRING
);
INSERT INTO V_LIN VALUES (
    "04f26bf7-2c0a-433d-b366-5c8d36a8a395", -- Value_ID : UNIQUE_ID
    '1' -- Value : STRING
);
INSERT INTO V_LIN VALUES (
    "4f2ee53c-1328-4bd2-99aa-9d493661e333", -- Value_ID : UNIQUE_ID
    '0' -- Value : STRING
);
INSERT INTO V_LIN VALUES (
    "a2b3b88f-9087-434e-a5aa-ce123cb2378c", -- Value_ID : UNIQUE_ID
    '1' -- Value : STRING
);
INSERT INTO V_LIN VALUES (
    "c31c4883-f91e-46dc-9889-4353cde9ccf0", -- Value_ID : UNIQUE_ID
    '10' -- Value : STRING
);
INSERT INTO V_LIN VALUES (
    "c4da86b2-562e-4b9d-a871-094aea20dd57", -- Value_ID : UNIQUE_ID
    '10' -- Value : STRING
);
INSERT INTO V_LIN VALUES (
    "8145c860-f293-4936-bd78-0a0c3939903d", -- Value_ID : UNIQUE_ID
    '0' -- Value : STRING
);
INSERT INTO V_LOC VALUES (
    "8e8eae9f-b555-4d75-8c88-599314070dde", -- Id : UNIQUE_ID
    1, -- LineNumber : INTEGER
    1, -- StartPosition : INTEGER
    7, -- EndPosition : INTEGER
    "7b6286b6-57ba-4174-ac17-d4347e6f50dd" -- Var_ID : UNIQUE_ID
);
INSERT INTO V_LOC VALUES (
    "0568c64f-57b7-4d2f-b595-8c53a0a21bbe", -- Id : UNIQUE_ID
    4, -- LineNumber : INTEGER
    1, -- StartPosition : INTEGER
    1, -- EndPosition : INTEGER
    "cfd0f518-8447-4f68-9937-bc08e30ed047" -- Var_ID : UNIQUE_ID
);
INSERT INTO V_LOC VALUES (
    "65bc52f4-9617-4081-b59b-36d8e3d4ee65", -- Id : UNIQUE_ID
    4, -- LineNumber : INTEGER
    14, -- StartPosition : INTEGER
    14, -- EndPosition : INTEGER
    "4883bec1-8340-4972-b08c-7975ca29c4c3" -- Var_ID : UNIQUE_ID
);
INSERT INTO V_LOC VALUES (
    "400a1532-17c4-41fe-a395-6ff36cc558f1", -- Id : UNIQUE_ID
    6, -- LineNumber : INTEGER
    3, -- StartPosition : INTEGER
    3, -- EndPosition : INTEGER
    "dab64249-fa14-4614-86a9-f055dc733f26" -- Var_ID : UNIQUE_ID
);
INSERT INTO V_LOC VALUES (
    "8f3cf28b-6ad5-417b-a7d7-808e42c5e41c", -- Id : UNIQUE_ID
    3, -- LineNumber : INTEGER
    1, -- StartPosition : INTEGER
    37, -- EndPosition : INTEGER
    "7858f95d-a78d-4b7a-8570-80edb6215139" -- Var_ID : UNIQUE_ID
);
INSERT INTO V_LOC VALUES (
    "b67b8988-2a1b-4aad-91b0-0906286badfd", -- Id : UNIQUE_ID
    1, -- LineNumber : INTEGER
    1, -- StartPosition : INTEGER
    37, -- EndPosition : INTEGER
    "e2387159-2842-4109-8124-5fcd2094b69c" -- Var_ID : UNIQUE_ID
);
INSERT INTO V_LOC VALUES (
    "5c959c06-2e8b-43dd-9fc9-41be90fa2a51", -- Id : UNIQUE_ID
    2, -- LineNumber : INTEGER
    1, -- StartPosition : INTEGER
    49, -- EndPosition : INTEGER
    "79e70ea4-4ca8-42c9-b3ab-fc516862cc03" -- Var_ID : UNIQUE_ID
);
INSERT INTO V_LOC VALUES (
    "676f6082-4387-41a7-abe1-0a8d02f03ff6", -- Id : UNIQUE_ID
    4, -- LineNumber : INTEGER
    1, -- StartPosition : INTEGER
    91, -- EndPosition : INTEGER
    "342fc5c7-598c-4836-baf1-de81e7b181cb" -- Var_ID : UNIQUE_ID
);
INSERT INTO V_LOC VALUES (
    "f1d599c5-97d5-4c39-8b1d-af6a826e9b15", -- Id : UNIQUE_ID
    6, -- LineNumber : INTEGER
    1, -- StartPosition : INTEGER
    77, -- EndPosition : INTEGER
    "fba4cb4d-6a09-44ae-8b95-04c2e05323d4" -- Var_ID : UNIQUE_ID
);
INSERT INTO V_LOC VALUES (
    "9c518bd0-6198-420d-b750-f7207fac0b76", -- Id : UNIQUE_ID
    3, -- LineNumber : INTEGER
    1, -- StartPosition : INTEGER
    86, -- EndPosition : INTEGER
    "8be026fd-5da4-415d-b400-35a40025b08f" -- Var_ID : UNIQUE_ID
);
INSERT INTO V_LOC VALUES (
    "e03b4854-f783-42dc-9ef9-6352b078dff5", -- Id : UNIQUE_ID
    3, -- LineNumber : INTEGER
    1, -- StartPosition : INTEGER
    86, -- EndPosition : INTEGER
    "bfae5a4a-85bb-4d2a-8765-73981d8c06e0" -- Var_ID : UNIQUE_ID
);
INSERT INTO V_LOC VALUES (
    "fe819745-bd40-40c6-ba6d-1b0ec656584e", -- Id : UNIQUE_ID
    2, -- LineNumber : INTEGER
    1, -- StartPosition : INTEGER
    72, -- EndPosition : INTEGER
    "38fb5da6-3107-4f99-8f1b-1ad9a531fb96" -- Var_ID : UNIQUE_ID
);
INSERT INTO V_LOC VALUES (
    "c57a6bbb-6cee-4ebf-a1b6-fa52b775aeb2", -- Id : UNIQUE_ID
    3, -- LineNumber : INTEGER
    1, -- StartPosition : INTEGER
    86, -- EndPosition : INTEGER
    "455f0526-9e54-4d84-9bdf-538b8e64d2bb" -- Var_ID : UNIQUE_ID
);
INSERT INTO V_LOC VALUES (
    "6e8562a9-8d1b-4eca-9dca-0544e50284fc", -- Id : UNIQUE_ID
    3, -- LineNumber : INTEGER
    1, -- StartPosition : INTEGER
    86, -- EndPosition : INTEGER
    "8d018ed7-28a4-408e-bbc2-2ba6d9556ce3" -- Var_ID : UNIQUE_ID
);
INSERT INTO V_LST VALUES (
    "48958185-4552-4221-a09e-3ece19cb797e", -- Value_ID : UNIQUE_ID
    '9' -- Value : STRING
);
INSERT INTO V_LST VALUES (
    "86035c2c-70f6-47dd-85fd-e78f0d4e115f", -- Value_ID : UNIQUE_ID
    '8' -- Value : STRING
);
INSERT INTO V_LST VALUES (
    "2066348c-6eb0-4cd6-980a-550c3f0072e0", -- Value_ID : UNIQUE_ID
    '7' -- Value : STRING
);
INSERT INTO V_LST VALUES (
    "d2042c56-0328-43a0-b79e-c8df92ad906f", -- Value_ID : UNIQUE_ID
    '6' -- Value : STRING
);
INSERT INTO V_LST VALUES (
    "484fef5b-4074-4f47-abe1-8eaee7a1eb50", -- Value_ID : UNIQUE_ID
    '5' -- Value : STRING
);
INSERT INTO V_LST VALUES (
    "d3433f70-0a95-43e3-8d01-dd345e954187", -- Value_ID : UNIQUE_ID
    '4' -- Value : STRING
);
INSERT INTO V_LST VALUES (
    "dd498141-024c-404e-bf5b-01e3d65bb530", -- Value_ID : UNIQUE_ID
    '3' -- Value : STRING
);
INSERT INTO V_LST VALUES (
    "2b834767-3113-4536-9ef4-7dd944c86a9b", -- Value_ID : UNIQUE_ID
    '2' -- Value : STRING
);
INSERT INTO V_LST VALUES (
    "8861f956-e4f3-4599-afce-657913a22dba", -- Value_ID : UNIQUE_ID
    '1' -- Value : STRING
);
INSERT INTO V_LST VALUES (
    "cb757ce2-d344-4298-8885-06c24b9f3484", -- Value_ID : UNIQUE_ID
    '0' -- Value : STRING
);
INSERT INTO V_LST VALUES (
    "050d5a69-83ac-4e26-9364-ac6c5b007cc8", -- Value_ID : UNIQUE_ID
    '' -- Value : STRING
);
INSERT INTO V_LST VALUES (
    "151a7de5-dc4d-4a44-92fd-3bb86ae648ae", -- Value_ID : UNIQUE_ID
    'Waiting for employee to commence.' -- Value : STRING
);
INSERT INTO V_LST VALUES (
    "805549de-47a1-4e4e-a33a-7b1a731faddc", -- Value_ID : UNIQUE_ID
    ' ' -- Value : STRING
);
INSERT INTO V_LST VALUES (
    "ca61052f-bc27-4195-a1b8-bc760682c42e", -- Value_ID : UNIQUE_ID
    'Requested' -- Value : STRING
);
INSERT INTO V_LST VALUES (
    "7b02f47c-6499-4d3d-99b6-0f380198034f", -- Value_ID : UNIQUE_ID
    'leave' -- Value : STRING
);
INSERT INTO V_LST VALUES (
    "09c8274d-f708-4a03-826d-9ff4decc7a9a", -- Value_ID : UNIQUE_ID
    'From' -- Value : STRING
);
INSERT INTO V_LST VALUES (
    "97edaa95-5a5b-416a-8442-c1bdb67a8bb1", -- Value_ID : UNIQUE_ID
    'To' -- Value : STRING
);
INSERT INTO V_LST VALUES (
    "45d59161-87bb-4dc7-aec8-141c299d701a", -- Value_ID : UNIQUE_ID
    'Attempting to add a new Employee.' -- Value : STRING
);
INSERT INTO V_LST VALUES (
    "1f13c105-f94d-4abe-89ed-ad4c78f27d85", -- Value_ID : UNIQUE_ID
    'Employee added successfully.' -- Value : STRING
);
INSERT INTO V_LST VALUES (
    "33fc658f-bd80-4318-9dad-856ef5ae6371", -- Value_ID : UNIQUE_ID
    'Employee already exists.' -- Value : STRING
);
INSERT INTO V_LST VALUES (
    "e98a554d-67ad-4c9f-bff7-2e9e59af1038", -- Value_ID : UNIQUE_ID
    'Employee already exists' -- Value : STRING
);
INSERT INTO V_LST VALUES (
    "4a7944b6-d9d9-4d79-a1a9-444481c08e04", -- Value_ID : UNIQUE_ID
    'An employee attempts to commence.' -- Value : STRING
);
INSERT INTO V_LST VALUES (
    "eff66398-e790-4f16-9bae-be2860c35d39", -- Value_ID : UNIQUE_ID
    'Employee has commenced ' -- Value : STRING
);
INSERT INTO V_LST VALUES (
    "cb8f29e7-1b2a-4db1-b1df-9534a2308178", -- Value_ID : UNIQUE_ID
    'Employee is not registered!' -- Value : STRING
);
INSERT INTO V_LST VALUES (
    "6ed246c1-b97b-4a40-9b4d-85c8a38db132", -- Value_ID : UNIQUE_ID
    'Employee is not found.' -- Value : STRING
);
INSERT INTO V_LST VALUES (
    "3c1ea131-1cfe-456e-a97a-90539beab8c8", -- Value_ID : UNIQUE_ID
    'Leave created successfully.' -- Value : STRING
);
INSERT INTO V_LST VALUES (
    "7b734fdd-f9c0-4428-a7a2-d916c6e46cba", -- Value_ID : UNIQUE_ID
    'Leave already exists!' -- Value : STRING
);
INSERT INTO V_LST VALUES (
    "266576e1-d568-4f3f-892e-2b3444d84299", -- Value_ID : UNIQUE_ID
    'Employee has requested leave successfully ' -- Value : STRING
);
INSERT INTO V_LST VALUES (
    "7bd18c35-0ec0-45c0-bed7-6e6b30c7e2ef", -- Value_ID : UNIQUE_ID
    'Employee is not registered!' -- Value : STRING
);
INSERT INTO V_LST VALUES (
    "18784d17-7fe5-4382-ac70-03b1d894f5ce", -- Value_ID : UNIQUE_ID
    'Employee is not found.' -- Value : STRING
);
INSERT INTO V_LST VALUES (
    "5d908d16-e58b-402d-bea8-6a60b4567a07", -- Value_ID : UNIQUE_ID
    'Employee request is successfull ' -- Value : STRING
);
INSERT INTO V_LST VALUES (
    "841d2e96-3fad-4b45-94b1-54eca0e5cd21", -- Value_ID : UNIQUE_ID
    'Employee is not registered!' -- Value : STRING
);
INSERT INTO V_LST VALUES (
    "76f8e18d-4aa2-425f-979e-32c059d031e8", -- Value_ID : UNIQUE_ID
    'Employee is not found.' -- Value : STRING
);
INSERT INTO V_PAR VALUES (
    "151a7de5-dc4d-4a44-92fd-3bb86ae648ae", -- Value_ID : UNIQUE_ID
    "b6d441f3-d658-4faa-912f-94a63215d675", -- Statement_ID : UNIQUE_ID
    "8c8c03bd-8dd9-410b-b510-d4cb75a3d2b6", -- Invocation_Value_ID : UNIQUE_ID
    'message', -- Name : STRING
    "00000000-0000-0000-0000-000000000000", -- Next_Value_ID : UNIQUE_ID
    0, -- labelLineNumber : INTEGER
    0 -- labelColumn : INTEGER
);
INSERT INTO V_PAR VALUES (
    "064facb1-b395-46a3-8162-a34adeba9b94", -- Value_ID : UNIQUE_ID
    "6e7d74de-85e9-4aab-a48a-0a462c06961f", -- Statement_ID : UNIQUE_ID
    "67350f12-8ade-4bc4-9481-545b82bc5117", -- Invocation_Value_ID : UNIQUE_ID
    'message', -- Name : STRING
    "00000000-0000-0000-0000-000000000000", -- Next_Value_ID : UNIQUE_ID
    0, -- labelLineNumber : INTEGER
    0 -- labelColumn : INTEGER
);
INSERT INTO V_PAR VALUES (
    "940c2374-8a82-408a-a2ec-b827086c8858", -- Value_ID : UNIQUE_ID
    "11e2e104-5036-459a-a7c2-780cfb3e96be", -- Statement_ID : UNIQUE_ID
    "91df3de6-e43c-498e-a88b-b2c1cb9ee359", -- Invocation_Value_ID : UNIQUE_ID
    'message', -- Name : STRING
    "00000000-0000-0000-0000-000000000000", -- Next_Value_ID : UNIQUE_ID
    0, -- labelLineNumber : INTEGER
    0 -- labelColumn : INTEGER
);
INSERT INTO V_PAR VALUES (
    "16fa8b5b-5cca-4e4e-9570-b1daf8d8ee16", -- Value_ID : UNIQUE_ID
    "f561b6a3-d83f-4b0b-ab0b-2876572eee70", -- Statement_ID : UNIQUE_ID
    "2f542a09-b543-4cdc-b118-424700670337", -- Invocation_Value_ID : UNIQUE_ID
    'message', -- Name : STRING
    "00000000-0000-0000-0000-000000000000", -- Next_Value_ID : UNIQUE_ID
    0, -- labelLineNumber : INTEGER
    0 -- labelColumn : INTEGER
);
INSERT INTO V_PAR VALUES (
    "7153dabf-557d-49ff-a06d-a048bd9005b6", -- Value_ID : UNIQUE_ID
    "00ea5e3e-aff9-4dec-a181-6e1ccbb4baad", -- Statement_ID : UNIQUE_ID
    "0ee338d4-d1a5-490a-9d75-4aebfc1efe54", -- Invocation_Value_ID : UNIQUE_ID
    'message', -- Name : STRING
    "00000000-0000-0000-0000-000000000000", -- Next_Value_ID : UNIQUE_ID
    0, -- labelLineNumber : INTEGER
    0 -- labelColumn : INTEGER
);
INSERT INTO V_PAR VALUES (
    "a35c48b7-5177-41f6-8d9d-e594481201de", -- Value_ID : UNIQUE_ID
    "3d0eb8cd-baeb-4afd-802e-a38c8989b4e6", -- Statement_ID : UNIQUE_ID
    "2089add5-0845-4dcb-9e33-ddc1b2479be0", -- Invocation_Value_ID : UNIQUE_ID
    'state', -- Name : STRING
    "6a76e462-d655-431b-852e-aba14e7f00a4", -- Next_Value_ID : UNIQUE_ID
    0, -- labelLineNumber : INTEGER
    0 -- labelColumn : INTEGER
);
INSERT INTO V_PAR VALUES (
    "6a76e462-d655-431b-852e-aba14e7f00a4", -- Value_ID : UNIQUE_ID
    "3d0eb8cd-baeb-4afd-802e-a38c8989b4e6", -- Statement_ID : UNIQUE_ID
    "2089add5-0845-4dcb-9e33-ddc1b2479be0", -- Invocation_Value_ID : UNIQUE_ID
    'msg', -- Name : STRING
    "00000000-0000-0000-0000-000000000000", -- Next_Value_ID : UNIQUE_ID
    0, -- labelLineNumber : INTEGER
    0 -- labelColumn : INTEGER
);
INSERT INTO V_PAR VALUES (
    "45d59161-87bb-4dc7-aec8-141c299d701a", -- Value_ID : UNIQUE_ID
    "d532283b-8c38-44e2-ba7e-3c1087eb4b53", -- Statement_ID : UNIQUE_ID
    "11f0386b-1ba8-4662-bff5-b3570121b093", -- Invocation_Value_ID : UNIQUE_ID
    'message', -- Name : STRING
    "00000000-0000-0000-0000-000000000000", -- Next_Value_ID : UNIQUE_ID
    0, -- labelLineNumber : INTEGER
    0 -- labelColumn : INTEGER
);
INSERT INTO V_PAR VALUES (
    "e077b99e-4aa5-4581-afff-b764a9be897c", -- Value_ID : UNIQUE_ID
    "9fc9d56a-283c-40ba-9f6c-cde46790a722", -- Statement_ID : UNIQUE_ID
    "00971cd7-4ad8-48f3-bb22-7130c268ae0e", -- Invocation_Value_ID : UNIQUE_ID
    'National_ID', -- Name : STRING
    "f41a7514-cfb7-49db-b3a8-630b043ade19", -- Next_Value_ID : UNIQUE_ID
    0, -- labelLineNumber : INTEGER
    0 -- labelColumn : INTEGER
);
INSERT INTO V_PAR VALUES (
    "f41a7514-cfb7-49db-b3a8-630b043ade19", -- Value_ID : UNIQUE_ID
    "9fc9d56a-283c-40ba-9f6c-cde46790a722", -- Statement_ID : UNIQUE_ID
    "00971cd7-4ad8-48f3-bb22-7130c268ae0e", -- Invocation_Value_ID : UNIQUE_ID
    'LName', -- Name : STRING
    "a3795368-fb03-4f29-ac48-06ed3c54bfa9", -- Next_Value_ID : UNIQUE_ID
    0, -- labelLineNumber : INTEGER
    0 -- labelColumn : INTEGER
);
INSERT INTO V_PAR VALUES (
    "a3795368-fb03-4f29-ac48-06ed3c54bfa9", -- Value_ID : UNIQUE_ID
    "9fc9d56a-283c-40ba-9f6c-cde46790a722", -- Statement_ID : UNIQUE_ID
    "00971cd7-4ad8-48f3-bb22-7130c268ae0e", -- Invocation_Value_ID : UNIQUE_ID
    'FName', -- Name : STRING
    "00000000-0000-0000-0000-000000000000", -- Next_Value_ID : UNIQUE_ID
    0, -- labelLineNumber : INTEGER
    0 -- labelColumn : INTEGER
);
INSERT INTO V_PAR VALUES (
    "b9fdc4fc-bd51-4549-847f-14dc9bf73eb7", -- Value_ID : UNIQUE_ID
    "7801066c-d727-444d-818a-7d580969e909", -- Statement_ID : UNIQUE_ID
    "00000000-0000-0000-0000-000000000000", -- Invocation_Value_ID : UNIQUE_ID
    'state', -- Name : STRING
    "1f13c105-f94d-4abe-89ed-ad4c78f27d85", -- Next_Value_ID : UNIQUE_ID
    0, -- labelLineNumber : INTEGER
    0 -- labelColumn : INTEGER
);
INSERT INTO V_PAR VALUES (
    "1f13c105-f94d-4abe-89ed-ad4c78f27d85", -- Value_ID : UNIQUE_ID
    "7801066c-d727-444d-818a-7d580969e909", -- Statement_ID : UNIQUE_ID
    "00000000-0000-0000-0000-000000000000", -- Invocation_Value_ID : UNIQUE_ID
    'msg', -- Name : STRING
    "00000000-0000-0000-0000-000000000000", -- Next_Value_ID : UNIQUE_ID
    0, -- labelLineNumber : INTEGER
    0 -- labelColumn : INTEGER
);
INSERT INTO V_PAR VALUES (
    "33fc658f-bd80-4318-9dad-856ef5ae6371", -- Value_ID : UNIQUE_ID
    "f2e0166d-099f-48a1-b1a5-1ea76804f6cc", -- Statement_ID : UNIQUE_ID
    "47745faa-38bb-4a2c-95d5-9633f42c0471", -- Invocation_Value_ID : UNIQUE_ID
    'message', -- Name : STRING
    "00000000-0000-0000-0000-000000000000", -- Next_Value_ID : UNIQUE_ID
    0, -- labelLineNumber : INTEGER
    0 -- labelColumn : INTEGER
);
INSERT INTO V_PAR VALUES (
    "0b5f2b8a-6822-4ddc-9f37-0475b1ae2e55", -- Value_ID : UNIQUE_ID
    "088fef5c-a12b-4ee8-b1db-54bbdecc8b95", -- Statement_ID : UNIQUE_ID
    "00000000-0000-0000-0000-000000000000", -- Invocation_Value_ID : UNIQUE_ID
    'state', -- Name : STRING
    "e98a554d-67ad-4c9f-bff7-2e9e59af1038", -- Next_Value_ID : UNIQUE_ID
    0, -- labelLineNumber : INTEGER
    0 -- labelColumn : INTEGER
);
INSERT INTO V_PAR VALUES (
    "e98a554d-67ad-4c9f-bff7-2e9e59af1038", -- Value_ID : UNIQUE_ID
    "088fef5c-a12b-4ee8-b1db-54bbdecc8b95", -- Statement_ID : UNIQUE_ID
    "00000000-0000-0000-0000-000000000000", -- Invocation_Value_ID : UNIQUE_ID
    'msg', -- Name : STRING
    "00000000-0000-0000-0000-000000000000", -- Next_Value_ID : UNIQUE_ID
    0, -- labelLineNumber : INTEGER
    0 -- labelColumn : INTEGER
);
INSERT INTO V_PAR VALUES (
    "4a7944b6-d9d9-4d79-a1a9-444481c08e04", -- Value_ID : UNIQUE_ID
    "2399c61c-4c85-448a-8b19-30ceabc87695", -- Statement_ID : UNIQUE_ID
    "66b81c90-bec9-4215-a712-5749c8b4e3d5", -- Invocation_Value_ID : UNIQUE_ID
    'message', -- Name : STRING
    "00000000-0000-0000-0000-000000000000", -- Next_Value_ID : UNIQUE_ID
    0, -- labelLineNumber : INTEGER
    0 -- labelColumn : INTEGER
);
INSERT INTO V_PAR VALUES (
    "8a6291c6-4901-404e-98ef-b8e585725e9d", -- Value_ID : UNIQUE_ID
    "bb2dd666-c9cd-456d-bff5-594842900a3d", -- Statement_ID : UNIQUE_ID
    "00000000-0000-0000-0000-000000000000", -- Invocation_Value_ID : UNIQUE_ID
    'state', -- Name : STRING
    "eff66398-e790-4f16-9bae-be2860c35d39", -- Next_Value_ID : UNIQUE_ID
    0, -- labelLineNumber : INTEGER
    0 -- labelColumn : INTEGER
);
INSERT INTO V_PAR VALUES (
    "eff66398-e790-4f16-9bae-be2860c35d39", -- Value_ID : UNIQUE_ID
    "bb2dd666-c9cd-456d-bff5-594842900a3d", -- Statement_ID : UNIQUE_ID
    "00000000-0000-0000-0000-000000000000", -- Invocation_Value_ID : UNIQUE_ID
    'msg', -- Name : STRING
    "00000000-0000-0000-0000-000000000000", -- Next_Value_ID : UNIQUE_ID
    0, -- labelLineNumber : INTEGER
    0 -- labelColumn : INTEGER
);
INSERT INTO V_PAR VALUES (
    "cb8f29e7-1b2a-4db1-b1df-9534a2308178", -- Value_ID : UNIQUE_ID
    "76315b26-e621-4405-9af2-fb3081b96e88", -- Statement_ID : UNIQUE_ID
    "0a8c2ca2-4eb6-4594-9371-a201d4c51a85", -- Invocation_Value_ID : UNIQUE_ID
    'message', -- Name : STRING
    "00000000-0000-0000-0000-000000000000", -- Next_Value_ID : UNIQUE_ID
    0, -- labelLineNumber : INTEGER
    0 -- labelColumn : INTEGER
);
INSERT INTO V_PAR VALUES (
    "ae9b9bba-ab72-4fb6-807d-ebbeccbc3c53", -- Value_ID : UNIQUE_ID
    "b6d5f37b-bbe5-4e96-b290-2fafbe0784b5", -- Statement_ID : UNIQUE_ID
    "00000000-0000-0000-0000-000000000000", -- Invocation_Value_ID : UNIQUE_ID
    'state', -- Name : STRING
    "6ed246c1-b97b-4a40-9b4d-85c8a38db132", -- Next_Value_ID : UNIQUE_ID
    0, -- labelLineNumber : INTEGER
    0 -- labelColumn : INTEGER
);
INSERT INTO V_PAR VALUES (
    "6ed246c1-b97b-4a40-9b4d-85c8a38db132", -- Value_ID : UNIQUE_ID
    "b6d5f37b-bbe5-4e96-b290-2fafbe0784b5", -- Statement_ID : UNIQUE_ID
    "00000000-0000-0000-0000-000000000000", -- Invocation_Value_ID : UNIQUE_ID
    'msg', -- Name : STRING
    "00000000-0000-0000-0000-000000000000", -- Next_Value_ID : UNIQUE_ID
    0, -- labelLineNumber : INTEGER
    0 -- labelColumn : INTEGER
);
INSERT INTO V_PAR VALUES (
    "99b0c828-7e80-48b5-9095-83a7caf476ed", -- Value_ID : UNIQUE_ID
    "b4732e7d-e549-48c1-9119-243158082170", -- Statement_ID : UNIQUE_ID
    "00000000-0000-0000-0000-000000000000", -- Invocation_Value_ID : UNIQUE_ID
    'state', -- Name : STRING
    "3c1ea131-1cfe-456e-a97a-90539beab8c8", -- Next_Value_ID : UNIQUE_ID
    0, -- labelLineNumber : INTEGER
    0 -- labelColumn : INTEGER
);
INSERT INTO V_PAR VALUES (
    "3c1ea131-1cfe-456e-a97a-90539beab8c8", -- Value_ID : UNIQUE_ID
    "b4732e7d-e549-48c1-9119-243158082170", -- Statement_ID : UNIQUE_ID
    "00000000-0000-0000-0000-000000000000", -- Invocation_Value_ID : UNIQUE_ID
    'msg', -- Name : STRING
    "00000000-0000-0000-0000-000000000000", -- Next_Value_ID : UNIQUE_ID
    0, -- labelLineNumber : INTEGER
    0 -- labelColumn : INTEGER
);
INSERT INTO V_PAR VALUES (
    "7b734fdd-f9c0-4428-a7a2-d916c6e46cba", -- Value_ID : UNIQUE_ID
    "7db25839-08d9-4910-9aad-e2368760b742", -- Statement_ID : UNIQUE_ID
    "52d9e24e-d582-4d1a-8a19-eb64f7fc8598", -- Invocation_Value_ID : UNIQUE_ID
    'message', -- Name : STRING
    "00000000-0000-0000-0000-000000000000", -- Next_Value_ID : UNIQUE_ID
    0, -- labelLineNumber : INTEGER
    0 -- labelColumn : INTEGER
);
INSERT INTO V_PAR VALUES (
    "8203a2d0-ef55-43dd-90c8-5c730f021fad", -- Value_ID : UNIQUE_ID
    "bce3b748-eeec-47bc-88f9-68bf2be0129c", -- Statement_ID : UNIQUE_ID
    "00000000-0000-0000-0000-000000000000", -- Invocation_Value_ID : UNIQUE_ID
    'Starting', -- Name : STRING
    "00000000-0000-0000-0000-000000000000", -- Next_Value_ID : UNIQUE_ID
    0, -- labelLineNumber : INTEGER
    0 -- labelColumn : INTEGER
);
INSERT INTO V_PAR VALUES (
    "8a7822e9-259b-4072-84ee-e2d2ea829db8", -- Value_ID : UNIQUE_ID
    "bce3b748-eeec-47bc-88f9-68bf2be0129c", -- Statement_ID : UNIQUE_ID
    "00000000-0000-0000-0000-000000000000", -- Invocation_Value_ID : UNIQUE_ID
    'Ending', -- Name : STRING
    "8203a2d0-ef55-43dd-90c8-5c730f021fad", -- Next_Value_ID : UNIQUE_ID
    0, -- labelLineNumber : INTEGER
    0 -- labelColumn : INTEGER
);
INSERT INTO V_PAR VALUES (
    "2898caea-f2fa-40d6-bc45-7da99475c567", -- Value_ID : UNIQUE_ID
    "bce3b748-eeec-47bc-88f9-68bf2be0129c", -- Statement_ID : UNIQUE_ID
    "00000000-0000-0000-0000-000000000000", -- Invocation_Value_ID : UNIQUE_ID
    'Name', -- Name : STRING
    "8a7822e9-259b-4072-84ee-e2d2ea829db8", -- Next_Value_ID : UNIQUE_ID
    0, -- labelLineNumber : INTEGER
    0 -- labelColumn : INTEGER
);
INSERT INTO V_PAR VALUES (
    "fa728b68-8f70-476d-982a-56545bd81f44", -- Value_ID : UNIQUE_ID
    "bce3b748-eeec-47bc-88f9-68bf2be0129c", -- Statement_ID : UNIQUE_ID
    "00000000-0000-0000-0000-000000000000", -- Invocation_Value_ID : UNIQUE_ID
    'National_ID', -- Name : STRING
    "2898caea-f2fa-40d6-bc45-7da99475c567", -- Next_Value_ID : UNIQUE_ID
    0, -- labelLineNumber : INTEGER
    0 -- labelColumn : INTEGER
);
INSERT INTO V_PAR VALUES (
    "0d2c56e1-def1-4714-abbb-51bef21aedb2", -- Value_ID : UNIQUE_ID
    "43e48eba-7eae-43ea-8f64-71700305d03c", -- Statement_ID : UNIQUE_ID
    "00000000-0000-0000-0000-000000000000", -- Invocation_Value_ID : UNIQUE_ID
    'state', -- Name : STRING
    "266576e1-d568-4f3f-892e-2b3444d84299", -- Next_Value_ID : UNIQUE_ID
    0, -- labelLineNumber : INTEGER
    0 -- labelColumn : INTEGER
);
INSERT INTO V_PAR VALUES (
    "266576e1-d568-4f3f-892e-2b3444d84299", -- Value_ID : UNIQUE_ID
    "43e48eba-7eae-43ea-8f64-71700305d03c", -- Statement_ID : UNIQUE_ID
    "00000000-0000-0000-0000-000000000000", -- Invocation_Value_ID : UNIQUE_ID
    'msg', -- Name : STRING
    "00000000-0000-0000-0000-000000000000", -- Next_Value_ID : UNIQUE_ID
    0, -- labelLineNumber : INTEGER
    0 -- labelColumn : INTEGER
);
INSERT INTO V_PAR VALUES (
    "7bd18c35-0ec0-45c0-bed7-6e6b30c7e2ef", -- Value_ID : UNIQUE_ID
    "5128ea5a-77cd-43ab-8f57-5a1c4198871b", -- Statement_ID : UNIQUE_ID
    "f4ee4be4-7d1d-46fc-b74c-00ddd7b57533", -- Invocation_Value_ID : UNIQUE_ID
    'message', -- Name : STRING
    "00000000-0000-0000-0000-000000000000", -- Next_Value_ID : UNIQUE_ID
    0, -- labelLineNumber : INTEGER
    0 -- labelColumn : INTEGER
);
INSERT INTO V_PAR VALUES (
    "d6645525-e4c0-4fbd-a818-1d9e2fc8412f", -- Value_ID : UNIQUE_ID
    "a24e9fee-6aec-4136-a44b-9a8e47c6076e", -- Statement_ID : UNIQUE_ID
    "00000000-0000-0000-0000-000000000000", -- Invocation_Value_ID : UNIQUE_ID
    'state', -- Name : STRING
    "18784d17-7fe5-4382-ac70-03b1d894f5ce", -- Next_Value_ID : UNIQUE_ID
    0, -- labelLineNumber : INTEGER
    0 -- labelColumn : INTEGER
);
INSERT INTO V_PAR VALUES (
    "18784d17-7fe5-4382-ac70-03b1d894f5ce", -- Value_ID : UNIQUE_ID
    "a24e9fee-6aec-4136-a44b-9a8e47c6076e", -- Statement_ID : UNIQUE_ID
    "00000000-0000-0000-0000-000000000000", -- Invocation_Value_ID : UNIQUE_ID
    'msg', -- Name : STRING
    "00000000-0000-0000-0000-000000000000", -- Next_Value_ID : UNIQUE_ID
    0, -- labelLineNumber : INTEGER
    0 -- labelColumn : INTEGER
);
INSERT INTO V_PAR VALUES (
    "a3f4a256-c93e-457c-a749-8772f39d9576", -- Value_ID : UNIQUE_ID
    "3d4d1d95-383c-4a4b-bf3d-ee8c869d837e", -- Statement_ID : UNIQUE_ID
    "00000000-0000-0000-0000-000000000000", -- Invocation_Value_ID : UNIQUE_ID
    'state', -- Name : STRING
    "5d908d16-e58b-402d-bea8-6a60b4567a07", -- Next_Value_ID : UNIQUE_ID
    0, -- labelLineNumber : INTEGER
    0 -- labelColumn : INTEGER
);
INSERT INTO V_PAR VALUES (
    "5d908d16-e58b-402d-bea8-6a60b4567a07", -- Value_ID : UNIQUE_ID
    "3d4d1d95-383c-4a4b-bf3d-ee8c869d837e", -- Statement_ID : UNIQUE_ID
    "00000000-0000-0000-0000-000000000000", -- Invocation_Value_ID : UNIQUE_ID
    'msg', -- Name : STRING
    "00000000-0000-0000-0000-000000000000", -- Next_Value_ID : UNIQUE_ID
    0, -- labelLineNumber : INTEGER
    0 -- labelColumn : INTEGER
);
INSERT INTO V_PAR VALUES (
    "841d2e96-3fad-4b45-94b1-54eca0e5cd21", -- Value_ID : UNIQUE_ID
    "5c1b453e-261b-4d2f-9728-1444821ed2e9", -- Statement_ID : UNIQUE_ID
    "303716ed-1cdb-4944-a3cc-b0da4474e7cf", -- Invocation_Value_ID : UNIQUE_ID
    'message', -- Name : STRING
    "00000000-0000-0000-0000-000000000000", -- Next_Value_ID : UNIQUE_ID
    0, -- labelLineNumber : INTEGER
    0 -- labelColumn : INTEGER
);
INSERT INTO V_PAR VALUES (
    "c0e96b62-988e-4660-8abd-f5fbf72b4a89", -- Value_ID : UNIQUE_ID
    "3459bc01-f0ff-46fc-8bf6-ad56a1dedaf9", -- Statement_ID : UNIQUE_ID
    "00000000-0000-0000-0000-000000000000", -- Invocation_Value_ID : UNIQUE_ID
    'state', -- Name : STRING
    "76f8e18d-4aa2-425f-979e-32c059d031e8", -- Next_Value_ID : UNIQUE_ID
    0, -- labelLineNumber : INTEGER
    0 -- labelColumn : INTEGER
);
INSERT INTO V_PAR VALUES (
    "76f8e18d-4aa2-425f-979e-32c059d031e8", -- Value_ID : UNIQUE_ID
    "3459bc01-f0ff-46fc-8bf6-ad56a1dedaf9", -- Statement_ID : UNIQUE_ID
    "00000000-0000-0000-0000-000000000000", -- Invocation_Value_ID : UNIQUE_ID
    'msg', -- Name : STRING
    "00000000-0000-0000-0000-000000000000", -- Next_Value_ID : UNIQUE_ID
    0, -- labelLineNumber : INTEGER
    0 -- labelColumn : INTEGER
);
INSERT INTO V_PVL VALUES (
    "cb02d4be-91ec-4c53-bf16-8df3e08dc9a0", -- Value_ID : UNIQUE_ID
    "37ef52bb-354f-4080-951f-232d57d97550", -- BParm_ID : UNIQUE_ID
    "00000000-0000-0000-0000-000000000000", -- SParm_ID : UNIQUE_ID
    "00000000-0000-0000-0000-000000000000", -- TParm_ID : UNIQUE_ID
    "00000000-0000-0000-0000-000000000000" -- PP_Id : UNIQUE_ID
);
INSERT INTO V_PVL VALUES (
    "ba82f784-7e0b-43cb-81f8-65e1b634fc1e", -- Value_ID : UNIQUE_ID
    "00000000-0000-0000-0000-000000000000", -- BParm_ID : UNIQUE_ID
    "00000000-0000-0000-0000-000000000000", -- SParm_ID : UNIQUE_ID
    "a9e77999-b951-4b68-ab86-bf43a9cf5a45", -- TParm_ID : UNIQUE_ID
    "00000000-0000-0000-0000-000000000000" -- PP_Id : UNIQUE_ID
);
INSERT INTO V_PVL VALUES (
    "20ba2355-e0be-4ddd-ba7a-0e87848003ca", -- Value_ID : UNIQUE_ID
    "00000000-0000-0000-0000-000000000000", -- BParm_ID : UNIQUE_ID
    "00000000-0000-0000-0000-000000000000", -- SParm_ID : UNIQUE_ID
    "04bd46df-5a2e-4b22-804b-6f730d9adbfb", -- TParm_ID : UNIQUE_ID
    "00000000-0000-0000-0000-000000000000" -- PP_Id : UNIQUE_ID
);
INSERT INTO V_PVL VALUES (
    "6ed2be0a-c93d-4685-ada1-9cb179b9a542", -- Value_ID : UNIQUE_ID
    "00000000-0000-0000-0000-000000000000", -- BParm_ID : UNIQUE_ID
    "00000000-0000-0000-0000-000000000000", -- SParm_ID : UNIQUE_ID
    "b69dff9e-b8bb-4581-86a2-1c1408c29f5f", -- TParm_ID : UNIQUE_ID
    "00000000-0000-0000-0000-000000000000" -- PP_Id : UNIQUE_ID
);
INSERT INTO V_PVL VALUES (
    "5aec314b-a43a-487b-9d0e-8ff899c6122a", -- Value_ID : UNIQUE_ID
    "00000000-0000-0000-0000-000000000000", -- BParm_ID : UNIQUE_ID
    "00000000-0000-0000-0000-000000000000", -- SParm_ID : UNIQUE_ID
    "64fc2d2e-d3ec-4803-87ce-4a2e237dd9b6", -- TParm_ID : UNIQUE_ID
    "00000000-0000-0000-0000-000000000000" -- PP_Id : UNIQUE_ID
);
INSERT INTO V_PVL VALUES (
    "7e33f798-47f2-45eb-bb66-276805c825a5", -- Value_ID : UNIQUE_ID
    "00000000-0000-0000-0000-000000000000", -- BParm_ID : UNIQUE_ID
    "00000000-0000-0000-0000-000000000000", -- SParm_ID : UNIQUE_ID
    "d1580ed6-e52b-42a7-a8ef-93942757c3be", -- TParm_ID : UNIQUE_ID
    "00000000-0000-0000-0000-000000000000" -- PP_Id : UNIQUE_ID
);
INSERT INTO V_PVL VALUES (
    "a35c48b7-5177-41f6-8d9d-e594481201de", -- Value_ID : UNIQUE_ID
    "00000000-0000-0000-0000-000000000000", -- BParm_ID : UNIQUE_ID
    "00000000-0000-0000-0000-000000000000", -- SParm_ID : UNIQUE_ID
    "00000000-0000-0000-0000-000000000000", -- TParm_ID : UNIQUE_ID
    "426a31f6-75f0-4356-affb-38fd98147139" -- PP_Id : UNIQUE_ID
);
INSERT INTO V_PVL VALUES (
    "6a76e462-d655-431b-852e-aba14e7f00a4", -- Value_ID : UNIQUE_ID
    "00000000-0000-0000-0000-000000000000", -- BParm_ID : UNIQUE_ID
    "00000000-0000-0000-0000-000000000000", -- SParm_ID : UNIQUE_ID
    "00000000-0000-0000-0000-000000000000", -- TParm_ID : UNIQUE_ID
    "6c3424d1-f671-42a7-b29c-fad87a2ff081" -- PP_Id : UNIQUE_ID
);
INSERT INTO V_PVL VALUES (
    "a04f9e87-766e-4cd7-8f89-162fa57738f1", -- Value_ID : UNIQUE_ID
    "00000000-0000-0000-0000-000000000000", -- BParm_ID : UNIQUE_ID
    "00000000-0000-0000-0000-000000000000", -- SParm_ID : UNIQUE_ID
    "00000000-0000-0000-0000-000000000000", -- TParm_ID : UNIQUE_ID
    "28761f9b-5da3-4284-aa06-53a1471a18fd" -- PP_Id : UNIQUE_ID
);
INSERT INTO V_PVL VALUES (
    "e077b99e-4aa5-4581-afff-b764a9be897c", -- Value_ID : UNIQUE_ID
    "00000000-0000-0000-0000-000000000000", -- BParm_ID : UNIQUE_ID
    "00000000-0000-0000-0000-000000000000", -- SParm_ID : UNIQUE_ID
    "00000000-0000-0000-0000-000000000000", -- TParm_ID : UNIQUE_ID
    "28761f9b-5da3-4284-aa06-53a1471a18fd" -- PP_Id : UNIQUE_ID
);
INSERT INTO V_PVL VALUES (
    "f41a7514-cfb7-49db-b3a8-630b043ade19", -- Value_ID : UNIQUE_ID
    "00000000-0000-0000-0000-000000000000", -- BParm_ID : UNIQUE_ID
    "00000000-0000-0000-0000-000000000000", -- SParm_ID : UNIQUE_ID
    "00000000-0000-0000-0000-000000000000", -- TParm_ID : UNIQUE_ID
    "b1170977-7e1a-4e1e-8ec1-9e9ef2712f79" -- PP_Id : UNIQUE_ID
);
INSERT INTO V_PVL VALUES (
    "a3795368-fb03-4f29-ac48-06ed3c54bfa9", -- Value_ID : UNIQUE_ID
    "00000000-0000-0000-0000-000000000000", -- BParm_ID : UNIQUE_ID
    "00000000-0000-0000-0000-000000000000", -- SParm_ID : UNIQUE_ID
    "00000000-0000-0000-0000-000000000000", -- TParm_ID : UNIQUE_ID
    "8d5bd5a6-f248-4b87-a4bb-eb772b2397d8" -- PP_Id : UNIQUE_ID
);
INSERT INTO V_PVL VALUES (
    "47132464-9acd-48cf-b2ab-93aee45de5a5", -- Value_ID : UNIQUE_ID
    "00000000-0000-0000-0000-000000000000", -- BParm_ID : UNIQUE_ID
    "00000000-0000-0000-0000-000000000000", -- SParm_ID : UNIQUE_ID
    "00000000-0000-0000-0000-000000000000", -- TParm_ID : UNIQUE_ID
    "665d0f46-1f6b-4469-b345-11ad3a35684e" -- PP_Id : UNIQUE_ID
);
INSERT INTO V_PVL VALUES (
    "cc68d6a6-76bf-4ab6-add8-daa6a8e7517c", -- Value_ID : UNIQUE_ID
    "00000000-0000-0000-0000-000000000000", -- BParm_ID : UNIQUE_ID
    "00000000-0000-0000-0000-000000000000", -- SParm_ID : UNIQUE_ID
    "00000000-0000-0000-0000-000000000000", -- TParm_ID : UNIQUE_ID
    "4486f7bc-b5e3-443f-9b9f-26aee9d24628" -- PP_Id : UNIQUE_ID
);
INSERT INTO V_PVL VALUES (
    "fb109eaa-5abe-4069-92c1-211f40ead2ef", -- Value_ID : UNIQUE_ID
    "00000000-0000-0000-0000-000000000000", -- BParm_ID : UNIQUE_ID
    "00000000-0000-0000-0000-000000000000", -- SParm_ID : UNIQUE_ID
    "00000000-0000-0000-0000-000000000000", -- TParm_ID : UNIQUE_ID
    "4486f7bc-b5e3-443f-9b9f-26aee9d24628" -- PP_Id : UNIQUE_ID
);
INSERT INTO V_PVL VALUES (
    "13e7acea-d675-49f2-8d1d-54dec35daf47", -- Value_ID : UNIQUE_ID
    "00000000-0000-0000-0000-000000000000", -- BParm_ID : UNIQUE_ID
    "00000000-0000-0000-0000-000000000000", -- SParm_ID : UNIQUE_ID
    "00000000-0000-0000-0000-000000000000", -- TParm_ID : UNIQUE_ID
    "6a5285ab-2df8-4cb1-8f16-c74d5204b943" -- PP_Id : UNIQUE_ID
);
INSERT INTO V_PVL VALUES (
    "6c00b9c8-a887-4b56-b910-f74f63a0f087", -- Value_ID : UNIQUE_ID
    "00000000-0000-0000-0000-000000000000", -- BParm_ID : UNIQUE_ID
    "00000000-0000-0000-0000-000000000000", -- SParm_ID : UNIQUE_ID
    "00000000-0000-0000-0000-000000000000", -- TParm_ID : UNIQUE_ID
    "6eecbb64-b4d6-4fce-a326-82a664e7b554" -- PP_Id : UNIQUE_ID
);
INSERT INTO V_PVL VALUES (
    "8203a2d0-ef55-43dd-90c8-5c730f021fad", -- Value_ID : UNIQUE_ID
    "00000000-0000-0000-0000-000000000000", -- BParm_ID : UNIQUE_ID
    "00000000-0000-0000-0000-000000000000", -- SParm_ID : UNIQUE_ID
    "00000000-0000-0000-0000-000000000000", -- TParm_ID : UNIQUE_ID
    "18d8d7c2-82ff-46b4-aea3-e7b9a01c4f24" -- PP_Id : UNIQUE_ID
);
INSERT INTO V_PVL VALUES (
    "8a7822e9-259b-4072-84ee-e2d2ea829db8", -- Value_ID : UNIQUE_ID
    "00000000-0000-0000-0000-000000000000", -- BParm_ID : UNIQUE_ID
    "00000000-0000-0000-0000-000000000000", -- SParm_ID : UNIQUE_ID
    "00000000-0000-0000-0000-000000000000", -- TParm_ID : UNIQUE_ID
    "f1d71294-f474-4b38-8169-a11b31de3b23" -- PP_Id : UNIQUE_ID
);
INSERT INTO V_PVL VALUES (
    "2898caea-f2fa-40d6-bc45-7da99475c567", -- Value_ID : UNIQUE_ID
    "00000000-0000-0000-0000-000000000000", -- BParm_ID : UNIQUE_ID
    "00000000-0000-0000-0000-000000000000", -- SParm_ID : UNIQUE_ID
    "00000000-0000-0000-0000-000000000000", -- TParm_ID : UNIQUE_ID
    "815a7173-d36a-43e6-93af-3718eeb63755" -- PP_Id : UNIQUE_ID
);
INSERT INTO V_PVL VALUES (
    "fa728b68-8f70-476d-982a-56545bd81f44", -- Value_ID : UNIQUE_ID
    "00000000-0000-0000-0000-000000000000", -- BParm_ID : UNIQUE_ID
    "00000000-0000-0000-0000-000000000000", -- SParm_ID : UNIQUE_ID
    "00000000-0000-0000-0000-000000000000", -- TParm_ID : UNIQUE_ID
    "6eecbb64-b4d6-4fce-a326-82a664e7b554" -- PP_Id : UNIQUE_ID
);
INSERT INTO V_PVL VALUES (
    "c71e40dc-0118-45d6-a9d4-7a347a61f89b", -- Value_ID : UNIQUE_ID
    "00000000-0000-0000-0000-000000000000", -- BParm_ID : UNIQUE_ID
    "00000000-0000-0000-0000-000000000000", -- SParm_ID : UNIQUE_ID
    "00000000-0000-0000-0000-000000000000", -- TParm_ID : UNIQUE_ID
    "b0e3cd30-cb43-4e7c-b686-4f5249556389" -- PP_Id : UNIQUE_ID
);
INSERT INTO V_SLR VALUES (
    "c933794e-2c24-4508-9684-a31a10c156a3", -- Value_ID : UNIQUE_ID
    "00000000-0000-0000-0000-000000000000", -- Obj_ID : UNIQUE_ID
    "00000000-0000-0000-0000-000000000000", -- Attr_ID : UNIQUE_ID
    "00000000-0000-0000-0000-000000000000" -- Op_Value_ID : UNIQUE_ID
);
INSERT INTO V_SLR VALUES (
    "d4e68ae7-4842-4a19-8a5c-7bb87242fa5e", -- Value_ID : UNIQUE_ID
    "00000000-0000-0000-0000-000000000000", -- Obj_ID : UNIQUE_ID
    "00000000-0000-0000-0000-000000000000", -- Attr_ID : UNIQUE_ID
    "00000000-0000-0000-0000-000000000000" -- Op_Value_ID : UNIQUE_ID
);
INSERT INTO V_SLR VALUES (
    "5f1c36f8-2d57-4690-84d6-6b1d3a5873d9", -- Value_ID : UNIQUE_ID
    "00000000-0000-0000-0000-000000000000", -- Obj_ID : UNIQUE_ID
    "00000000-0000-0000-0000-000000000000", -- Attr_ID : UNIQUE_ID
    "00000000-0000-0000-0000-000000000000" -- Op_Value_ID : UNIQUE_ID
);
INSERT INTO V_SLR VALUES (
    "6993a67d-4a64-47ef-9d5a-1fb02b566e29", -- Value_ID : UNIQUE_ID
    "00000000-0000-0000-0000-000000000000", -- Obj_ID : UNIQUE_ID
    "00000000-0000-0000-0000-000000000000", -- Attr_ID : UNIQUE_ID
    "00000000-0000-0000-0000-000000000000" -- Op_Value_ID : UNIQUE_ID
);
INSERT INTO V_SLR VALUES (
    "c3850469-164d-4b05-8889-4cf1636e5538", -- Value_ID : UNIQUE_ID
    "00000000-0000-0000-0000-000000000000", -- Obj_ID : UNIQUE_ID
    "00000000-0000-0000-0000-000000000000", -- Attr_ID : UNIQUE_ID
    "00000000-0000-0000-0000-000000000000" -- Op_Value_ID : UNIQUE_ID
);
INSERT INTO V_SLR VALUES (
    "cc4f9205-e8b9-45d1-bfbe-9eddd4515cf1", -- Value_ID : UNIQUE_ID
    "00000000-0000-0000-0000-000000000000", -- Obj_ID : UNIQUE_ID
    "00000000-0000-0000-0000-000000000000", -- Attr_ID : UNIQUE_ID
    "00000000-0000-0000-0000-000000000000" -- Op_Value_ID : UNIQUE_ID
);
INSERT INTO V_SLR VALUES (
    "0cfe19b5-2d63-4435-be85-53dbb984dbf0", -- Value_ID : UNIQUE_ID
    "00000000-0000-0000-0000-000000000000", -- Obj_ID : UNIQUE_ID
    "00000000-0000-0000-0000-000000000000", -- Attr_ID : UNIQUE_ID
    "00000000-0000-0000-0000-000000000000" -- Op_Value_ID : UNIQUE_ID
);
INSERT INTO V_TRN VALUES (
    "7b6286b6-57ba-4174-ac17-d4347e6f50dd", -- Var_ID : UNIQUE_ID
    "00000000-0000-0000-0000-000000000000", -- DT_ID : UNIQUE_ID
    '' -- Dimensions : STRING
);
INSERT INTO V_TRN VALUES (
    "cfd0f518-8447-4f68-9937-bc08e30ed047", -- Var_ID : UNIQUE_ID
    "00000000-0000-0000-0000-000000000000", -- DT_ID : UNIQUE_ID
    '' -- Dimensions : STRING
);
INSERT INTO V_TRN VALUES (
    "4883bec1-8340-4972-b08c-7975ca29c4c3", -- Var_ID : UNIQUE_ID
    "00000000-0000-0000-0000-000000000000", -- DT_ID : UNIQUE_ID
    '' -- Dimensions : STRING
);
INSERT INTO V_TRN VALUES (
    "dab64249-fa14-4614-86a9-f055dc733f26", -- Var_ID : UNIQUE_ID
    "00000000-0000-0000-0000-000000000000", -- DT_ID : UNIQUE_ID
    '' -- Dimensions : STRING
);
INSERT INTO V_TRV VALUES (
    "00971cd7-4ad8-48f3-bb22-7130c268ae0e", -- Value_ID : UNIQUE_ID
    "405baa66-75e7-4b59-bf9b-44fc101b3b87", -- Tfr_ID : UNIQUE_ID
    "8be026fd-5da4-415d-b400-35a40025b08f", -- Var_ID : UNIQUE_ID
    1, -- ParmListOK : BOOLEAN
    0, -- modelClassKeyLettersLineNumber : INTEGER
    0 -- modelClassKeyLettersColumn : INTEGER
);
INSERT INTO V_TVL VALUES (
    "6d70d096-4c3f-41bc-8014-d4045edeb8b2", -- Value_ID : UNIQUE_ID
    "7b6286b6-57ba-4174-ac17-d4347e6f50dd" -- Var_ID : UNIQUE_ID
);
INSERT INTO V_TVL VALUES (
    "454e93c2-4ddc-4292-9d88-e31623de9b93", -- Value_ID : UNIQUE_ID
    "7b6286b6-57ba-4174-ac17-d4347e6f50dd" -- Var_ID : UNIQUE_ID
);
INSERT INTO V_TVL VALUES (
    "85e1ed13-4bcc-4ad5-a267-5c048dd60466", -- Value_ID : UNIQUE_ID
    "7b6286b6-57ba-4174-ac17-d4347e6f50dd" -- Var_ID : UNIQUE_ID
);
INSERT INTO V_TVL VALUES (
    "c94d1dac-2503-45dc-86f4-2bfbd0ba41b2", -- Value_ID : UNIQUE_ID
    "7b6286b6-57ba-4174-ac17-d4347e6f50dd" -- Var_ID : UNIQUE_ID
);
INSERT INTO V_TVL VALUES (
    "de2b6a3d-93ed-4986-b1dc-2d7538814393", -- Value_ID : UNIQUE_ID
    "7b6286b6-57ba-4174-ac17-d4347e6f50dd" -- Var_ID : UNIQUE_ID
);
INSERT INTO V_TVL VALUES (
    "8d54462f-9f20-48ef-8b82-88cf6e45d2e4", -- Value_ID : UNIQUE_ID
    "7b6286b6-57ba-4174-ac17-d4347e6f50dd" -- Var_ID : UNIQUE_ID
);
INSERT INTO V_TVL VALUES (
    "e9e4c122-0dde-4bf8-802a-ff5f987fb453", -- Value_ID : UNIQUE_ID
    "7b6286b6-57ba-4174-ac17-d4347e6f50dd" -- Var_ID : UNIQUE_ID
);
INSERT INTO V_TVL VALUES (
    "88d1b51f-a7d1-45bf-ae95-38db16b1b57e", -- Value_ID : UNIQUE_ID
    "7b6286b6-57ba-4174-ac17-d4347e6f50dd" -- Var_ID : UNIQUE_ID
);
INSERT INTO V_TVL VALUES (
    "9b1364b7-d877-42ed-95dc-68f3ad0f8203", -- Value_ID : UNIQUE_ID
    "7b6286b6-57ba-4174-ac17-d4347e6f50dd" -- Var_ID : UNIQUE_ID
);
INSERT INTO V_TVL VALUES (
    "889e53e9-2272-484e-a5ba-384fe1ac6157", -- Value_ID : UNIQUE_ID
    "7b6286b6-57ba-4174-ac17-d4347e6f50dd" -- Var_ID : UNIQUE_ID
);
INSERT INTO V_TVL VALUES (
    "665a9e68-ec17-4fec-b0e8-e98b4b53f69e", -- Value_ID : UNIQUE_ID
    "cfd0f518-8447-4f68-9937-bc08e30ed047" -- Var_ID : UNIQUE_ID
);
INSERT INTO V_TVL VALUES (
    "3f9928e7-7034-4d34-98df-97faa9bbf8ad", -- Value_ID : UNIQUE_ID
    "4883bec1-8340-4972-b08c-7975ca29c4c3" -- Var_ID : UNIQUE_ID
);
INSERT INTO V_TVL VALUES (
    "e8668989-2def-42be-9cb8-e29c85f84bdc", -- Value_ID : UNIQUE_ID
    "cfd0f518-8447-4f68-9937-bc08e30ed047" -- Var_ID : UNIQUE_ID
);
INSERT INTO V_TVL VALUES (
    "e93c1c23-faa2-4784-8a9e-a95933172384", -- Value_ID : UNIQUE_ID
    "cfd0f518-8447-4f68-9937-bc08e30ed047" -- Var_ID : UNIQUE_ID
);
INSERT INTO V_TVL VALUES (
    "ece328f0-5a7a-4b08-a400-e4d54816477a", -- Value_ID : UNIQUE_ID
    "dab64249-fa14-4614-86a9-f055dc733f26" -- Var_ID : UNIQUE_ID
);
INSERT INTO V_TVL VALUES (
    "7ecab7df-a47b-4470-9b2a-887b43564b43", -- Value_ID : UNIQUE_ID
    "cfd0f518-8447-4f68-9937-bc08e30ed047" -- Var_ID : UNIQUE_ID
);
INSERT INTO V_TVL VALUES (
    "7a4006f3-bac4-4ac0-924c-ff946eacb3b1", -- Value_ID : UNIQUE_ID
    "cfd0f518-8447-4f68-9937-bc08e30ed047" -- Var_ID : UNIQUE_ID
);
INSERT INTO V_TVL VALUES (
    "539099ab-fce7-4ff2-83ce-d6fa68d86fae", -- Value_ID : UNIQUE_ID
    "7b6286b6-57ba-4174-ac17-d4347e6f50dd" -- Var_ID : UNIQUE_ID
);
INSERT INTO V_TVL VALUES (
    "5b85c97c-0b01-4745-94ee-f0f5adc50e9b", -- Value_ID : UNIQUE_ID
    "dab64249-fa14-4614-86a9-f055dc733f26" -- Var_ID : UNIQUE_ID
);
INSERT INTO V_TVL VALUES (
    "78632fdc-eca4-4655-91ac-9658246e2f1b", -- Value_ID : UNIQUE_ID
    "4883bec1-8340-4972-b08c-7975ca29c4c3" -- Var_ID : UNIQUE_ID
);
INSERT INTO V_TVL VALUES (
    "456a0606-891b-46f3-a267-37b6da6e54e5", -- Value_ID : UNIQUE_ID
    "4883bec1-8340-4972-b08c-7975ca29c4c3" -- Var_ID : UNIQUE_ID
);
INSERT INTO V_TVL VALUES (
    "ed2868bb-df5d-4885-bba8-17bcf407febd", -- Value_ID : UNIQUE_ID
    "4883bec1-8340-4972-b08c-7975ca29c4c3" -- Var_ID : UNIQUE_ID
);
INSERT INTO V_UNY VALUES (
    "24234c1b-5648-4f3e-afd0-9d03fb0dcdd2", -- Value_ID : UNIQUE_ID
    "83c80461-7c7b-4fe7-a20b-67f5428f98de", -- Operand_Value_ID : UNIQUE_ID
    'empty' -- Operator : STRING
);
INSERT INTO V_UNY VALUES (
    "412a4c80-7339-46fb-859a-c89ddd015247", -- Value_ID : UNIQUE_ID
    "a94d4147-af01-4e1d-b38a-4a93d26bdc0f", -- Operand_Value_ID : UNIQUE_ID
    'empty' -- Operator : STRING
);
INSERT INTO V_UNY VALUES (
    "cf4c674a-4816-4608-b7cf-be05518aa3cc", -- Value_ID : UNIQUE_ID
    "412a4c80-7339-46fb-859a-c89ddd015247", -- Operand_Value_ID : UNIQUE_ID
    'not' -- Operator : STRING
);
INSERT INTO V_UNY VALUES (
    "61539710-c08d-458c-918c-10e3c71ac9ed", -- Value_ID : UNIQUE_ID
    "68589cb5-5043-4290-b483-09430ea4801a", -- Operand_Value_ID : UNIQUE_ID
    'empty' -- Operator : STRING
);
INSERT INTO V_UNY VALUES (
    "cb889253-6c0a-4050-be4c-98e917c71850", -- Value_ID : UNIQUE_ID
    "cc128940-ded4-4909-818c-5457515bc21a", -- Operand_Value_ID : UNIQUE_ID
    'empty' -- Operator : STRING
);
INSERT INTO V_UNY VALUES (
    "1f0e1d4e-1a67-46eb-81ac-02c0cbf4c96e", -- Value_ID : UNIQUE_ID
    "cb889253-6c0a-4050-be4c-98e917c71850", -- Operand_Value_ID : UNIQUE_ID
    'not' -- Operator : STRING
);
INSERT INTO V_UNY VALUES (
    "75203197-001e-425b-9840-ec66fc8c9ff2", -- Value_ID : UNIQUE_ID
    "7ad7bafc-7a11-4253-b408-079236e017a1", -- Operand_Value_ID : UNIQUE_ID
    'empty' -- Operator : STRING
);
INSERT INTO V_UNY VALUES (
    "d7c2b387-135d-4a02-8942-641306cc6d00", -- Value_ID : UNIQUE_ID
    "75203197-001e-425b-9840-ec66fc8c9ff2", -- Operand_Value_ID : UNIQUE_ID
    'not' -- Operator : STRING
);
INSERT INTO V_VAL VALUES (
    "48958185-4552-4221-a09e-3ece19cb797e", -- Value_ID : UNIQUE_ID
    0, -- isLValue : BOOLEAN
    0, -- isImplicit : BOOLEAN
    1, -- LineNumber : INTEGER
    12, -- StartPosition : INTEGER
    14, -- EndPosition : INTEGER
    0, -- firstParameterLabelLineNumber : INTEGER
    0, -- firstParameterLabelColumn : INTEGER
    0, -- currentLaterParameterLabelLineNumber : INTEGER
    0, -- currentLaterParameterLabelColumn : INTEGER
    "ba5eda7a-def5-0000-0000-000000000004", -- DT_ID : UNIQUE_ID
    "d578abdf-2606-4af3-95f6-731dd7319ebe" -- Block_ID : UNIQUE_ID
);
INSERT INTO V_VAL VALUES (
    "6d70d096-4c3f-41bc-8014-d4045edeb8b2", -- Value_ID : UNIQUE_ID
    0, -- isLValue : BOOLEAN
    1, -- isImplicit : BOOLEAN
    1, -- LineNumber : INTEGER
    1, -- StartPosition : INTEGER
    7, -- EndPosition : INTEGER
    0, -- firstParameterLabelLineNumber : INTEGER
    0, -- firstParameterLabelColumn : INTEGER
    0, -- currentLaterParameterLabelLineNumber : INTEGER
    0, -- currentLaterParameterLabelColumn : INTEGER
    "ba5eda7a-def5-0000-0000-000000000004", -- DT_ID : UNIQUE_ID
    "d578abdf-2606-4af3-95f6-731dd7319ebe" -- Block_ID : UNIQUE_ID
);
INSERT INTO V_VAL VALUES (
    "2ffec29f-9a3a-4875-b9d6-ceda6e7615d0", -- Value_ID : UNIQUE_ID
    0, -- isLValue : BOOLEAN
    0, -- isImplicit : BOOLEAN
    1, -- LineNumber : INTEGER
    9, -- StartPosition : INTEGER
    9, -- EndPosition : INTEGER
    0, -- firstParameterLabelLineNumber : INTEGER
    0, -- firstParameterLabelColumn : INTEGER
    0, -- currentLaterParameterLabelLineNumber : INTEGER
    0, -- currentLaterParameterLabelColumn : INTEGER
    "ba5eda7a-def5-0000-0000-000000000002", -- DT_ID : UNIQUE_ID
    "d578abdf-2606-4af3-95f6-731dd7319ebe" -- Block_ID : UNIQUE_ID
);
INSERT INTO V_VAL VALUES (
    "82a81f0c-decd-4c96-bd7c-6aa9199e8e08", -- Value_ID : UNIQUE_ID
    1, -- isLValue : BOOLEAN
    0, -- isImplicit : BOOLEAN
    1, -- LineNumber : INTEGER
    1, -- StartPosition : INTEGER
    10, -- EndPosition : INTEGER
    0, -- firstParameterLabelLineNumber : INTEGER
    0, -- firstParameterLabelColumn : INTEGER
    0, -- currentLaterParameterLabelLineNumber : INTEGER
    0, -- currentLaterParameterLabelColumn : INTEGER
    "ba5eda7a-def5-0000-0000-000000000004", -- DT_ID : UNIQUE_ID
    "d578abdf-2606-4af3-95f6-731dd7319ebe" -- Block_ID : UNIQUE_ID
);
INSERT INTO V_VAL VALUES (
    "86035c2c-70f6-47dd-85fd-e78f0d4e115f", -- Value_ID : UNIQUE_ID
    0, -- isLValue : BOOLEAN
    0, -- isImplicit : BOOLEAN
    1, -- LineNumber : INTEGER
    28, -- StartPosition : INTEGER
    30, -- EndPosition : INTEGER
    0, -- firstParameterLabelLineNumber : INTEGER
    0, -- firstParameterLabelColumn : INTEGER
    0, -- currentLaterParameterLabelLineNumber : INTEGER
    0, -- currentLaterParameterLabelColumn : INTEGER
    "ba5eda7a-def5-0000-0000-000000000004", -- DT_ID : UNIQUE_ID
    "d578abdf-2606-4af3-95f6-731dd7319ebe" -- Block_ID : UNIQUE_ID
);
INSERT INTO V_VAL VALUES (
    "454e93c2-4ddc-4292-9d88-e31623de9b93", -- Value_ID : UNIQUE_ID
    0, -- isLValue : BOOLEAN
    0, -- isImplicit : BOOLEAN
    1, -- LineNumber : INTEGER
    17, -- StartPosition : INTEGER
    23, -- EndPosition : INTEGER
    0, -- firstParameterLabelLineNumber : INTEGER
    0, -- firstParameterLabelColumn : INTEGER
    0, -- currentLaterParameterLabelLineNumber : INTEGER
    0, -- currentLaterParameterLabelColumn : INTEGER
    "ba5eda7a-def5-0000-0000-000000000004", -- DT_ID : UNIQUE_ID
    "d578abdf-2606-4af3-95f6-731dd7319ebe" -- Block_ID : UNIQUE_ID
);
INSERT INTO V_VAL VALUES (
    "7a846fb6-9964-4b73-be2a-2087590ddcf0", -- Value_ID : UNIQUE_ID
    0, -- isLValue : BOOLEAN
    0, -- isImplicit : BOOLEAN
    1, -- LineNumber : INTEGER
    25, -- StartPosition : INTEGER
    25, -- EndPosition : INTEGER
    0, -- firstParameterLabelLineNumber : INTEGER
    0, -- firstParameterLabelColumn : INTEGER
    0, -- currentLaterParameterLabelLineNumber : INTEGER
    0, -- currentLaterParameterLabelColumn : INTEGER
    "ba5eda7a-def5-0000-0000-000000000002", -- DT_ID : UNIQUE_ID
    "d578abdf-2606-4af3-95f6-731dd7319ebe" -- Block_ID : UNIQUE_ID
);
INSERT INTO V_VAL VALUES (
    "7a8811fb-c388-4db7-8537-dbc07b9ae0b2", -- Value_ID : UNIQUE_ID
    1, -- isLValue : BOOLEAN
    0, -- isImplicit : BOOLEAN
    1, -- LineNumber : INTEGER
    17, -- StartPosition : INTEGER
    26, -- EndPosition : INTEGER
    0, -- firstParameterLabelLineNumber : INTEGER
    0, -- firstParameterLabelColumn : INTEGER
    0, -- currentLaterParameterLabelLineNumber : INTEGER
    0, -- currentLaterParameterLabelColumn : INTEGER
    "ba5eda7a-def5-0000-0000-000000000004", -- DT_ID : UNIQUE_ID
    "d578abdf-2606-4af3-95f6-731dd7319ebe" -- Block_ID : UNIQUE_ID
);
INSERT INTO V_VAL VALUES (
    "2066348c-6eb0-4cd6-980a-550c3f0072e0", -- Value_ID : UNIQUE_ID
    0, -- isLValue : BOOLEAN
    0, -- isImplicit : BOOLEAN
    1, -- LineNumber : INTEGER
    44, -- StartPosition : INTEGER
    46, -- EndPosition : INTEGER
    0, -- firstParameterLabelLineNumber : INTEGER
    0, -- firstParameterLabelColumn : INTEGER
    0, -- currentLaterParameterLabelLineNumber : INTEGER
    0, -- currentLaterParameterLabelColumn : INTEGER
    "ba5eda7a-def5-0000-0000-000000000004", -- DT_ID : UNIQUE_ID
    "d578abdf-2606-4af3-95f6-731dd7319ebe" -- Block_ID : UNIQUE_ID
);
INSERT INTO V_VAL VALUES (
    "85e1ed13-4bcc-4ad5-a267-5c048dd60466", -- Value_ID : UNIQUE_ID
    0, -- isLValue : BOOLEAN
    0, -- isImplicit : BOOLEAN
    1, -- LineNumber : INTEGER
    33, -- StartPosition : INTEGER
    39, -- EndPosition : INTEGER
    0, -- firstParameterLabelLineNumber : INTEGER
    0, -- firstParameterLabelColumn : INTEGER
    0, -- currentLaterParameterLabelLineNumber : INTEGER
    0, -- currentLaterParameterLabelColumn : INTEGER
    "ba5eda7a-def5-0000-0000-000000000004", -- DT_ID : UNIQUE_ID
    "d578abdf-2606-4af3-95f6-731dd7319ebe" -- Block_ID : UNIQUE_ID
);
INSERT INTO V_VAL VALUES (
    "1e5ce8f6-8877-4340-8d55-20644b5e174b", -- Value_ID : UNIQUE_ID
    0, -- isLValue : BOOLEAN
    0, -- isImplicit : BOOLEAN
    1, -- LineNumber : INTEGER
    41, -- StartPosition : INTEGER
    41, -- EndPosition : INTEGER
    0, -- firstParameterLabelLineNumber : INTEGER
    0, -- firstParameterLabelColumn : INTEGER
    0, -- currentLaterParameterLabelLineNumber : INTEGER
    0, -- currentLaterParameterLabelColumn : INTEGER
    "ba5eda7a-def5-0000-0000-000000000002", -- DT_ID : UNIQUE_ID
    "d578abdf-2606-4af3-95f6-731dd7319ebe" -- Block_ID : UNIQUE_ID
);
INSERT INTO V_VAL VALUES (
    "fde1f497-1e5e-4eb7-8456-3dc5505035e4", -- Value_ID : UNIQUE_ID
    1, -- isLValue : BOOLEAN
    0, -- isImplicit : BOOLEAN
    1, -- LineNumber : INTEGER
    33, -- StartPosition : INTEGER
    42, -- EndPosition : INTEGER
    0, -- firstParameterLabelLineNumber : INTEGER
    0, -- firstParameterLabelColumn : INTEGER
    0, -- currentLaterParameterLabelLineNumber : INTEGER
    0, -- currentLaterParameterLabelColumn : INTEGER
    "ba5eda7a-def5-0000-0000-000000000004", -- DT_ID : UNIQUE_ID
    "d578abdf-2606-4af3-95f6-731dd7319ebe" -- Block_ID : UNIQUE_ID
);
INSERT INTO V_VAL VALUES (
    "d2042c56-0328-43a0-b79e-c8df92ad906f", -- Value_ID : UNIQUE_ID
    0, -- isLValue : BOOLEAN
    0, -- isImplicit : BOOLEAN
    1, -- LineNumber : INTEGER
    60, -- StartPosition : INTEGER
    62, -- EndPosition : INTEGER
    0, -- firstParameterLabelLineNumber : INTEGER
    0, -- firstParameterLabelColumn : INTEGER
    0, -- currentLaterParameterLabelLineNumber : INTEGER
    0, -- currentLaterParameterLabelColumn : INTEGER
    "ba5eda7a-def5-0000-0000-000000000004", -- DT_ID : UNIQUE_ID
    "d578abdf-2606-4af3-95f6-731dd7319ebe" -- Block_ID : UNIQUE_ID
);
INSERT INTO V_VAL VALUES (
    "c94d1dac-2503-45dc-86f4-2bfbd0ba41b2", -- Value_ID : UNIQUE_ID
    0, -- isLValue : BOOLEAN
    0, -- isImplicit : BOOLEAN
    1, -- LineNumber : INTEGER
    49, -- StartPosition : INTEGER
    55, -- EndPosition : INTEGER
    0, -- firstParameterLabelLineNumber : INTEGER
    0, -- firstParameterLabelColumn : INTEGER
    0, -- currentLaterParameterLabelLineNumber : INTEGER
    0, -- currentLaterParameterLabelColumn : INTEGER
    "ba5eda7a-def5-0000-0000-000000000004", -- DT_ID : UNIQUE_ID
    "d578abdf-2606-4af3-95f6-731dd7319ebe" -- Block_ID : UNIQUE_ID
);
INSERT INTO V_VAL VALUES (
    "3a6021cc-775c-4442-939e-6be8d6d7e760", -- Value_ID : UNIQUE_ID
    0, -- isLValue : BOOLEAN
    0, -- isImplicit : BOOLEAN
    1, -- LineNumber : INTEGER
    57, -- StartPosition : INTEGER
    57, -- EndPosition : INTEGER
    0, -- firstParameterLabelLineNumber : INTEGER
    0, -- firstParameterLabelColumn : INTEGER
    0, -- currentLaterParameterLabelLineNumber : INTEGER
    0, -- currentLaterParameterLabelColumn : INTEGER
    "ba5eda7a-def5-0000-0000-000000000002", -- DT_ID : UNIQUE_ID
    "d578abdf-2606-4af3-95f6-731dd7319ebe" -- Block_ID : UNIQUE_ID
);
INSERT INTO V_VAL VALUES (
    "1541e051-16e1-4d2f-b849-7347ace3966e", -- Value_ID : UNIQUE_ID
    1, -- isLValue : BOOLEAN
    0, -- isImplicit : BOOLEAN
    1, -- LineNumber : INTEGER
    49, -- StartPosition : INTEGER
    58, -- EndPosition : INTEGER
    0, -- firstParameterLabelLineNumber : INTEGER
    0, -- firstParameterLabelColumn : INTEGER
    0, -- currentLaterParameterLabelLineNumber : INTEGER
    0, -- currentLaterParameterLabelColumn : INTEGER
    "ba5eda7a-def5-0000-0000-000000000004", -- DT_ID : UNIQUE_ID
    "d578abdf-2606-4af3-95f6-731dd7319ebe" -- Block_ID : UNIQUE_ID
);
INSERT INTO V_VAL VALUES (
    "484fef5b-4074-4f47-abe1-8eaee7a1eb50", -- Value_ID : UNIQUE_ID
    0, -- isLValue : BOOLEAN
    0, -- isImplicit : BOOLEAN
    1, -- LineNumber : INTEGER
    76, -- StartPosition : INTEGER
    78, -- EndPosition : INTEGER
    0, -- firstParameterLabelLineNumber : INTEGER
    0, -- firstParameterLabelColumn : INTEGER
    0, -- currentLaterParameterLabelLineNumber : INTEGER
    0, -- currentLaterParameterLabelColumn : INTEGER
    "ba5eda7a-def5-0000-0000-000000000004", -- DT_ID : UNIQUE_ID
    "d578abdf-2606-4af3-95f6-731dd7319ebe" -- Block_ID : UNIQUE_ID
);
INSERT INTO V_VAL VALUES (
    "de2b6a3d-93ed-4986-b1dc-2d7538814393", -- Value_ID : UNIQUE_ID
    0, -- isLValue : BOOLEAN
    0, -- isImplicit : BOOLEAN
    1, -- LineNumber : INTEGER
    65, -- StartPosition : INTEGER
    71, -- EndPosition : INTEGER
    0, -- firstParameterLabelLineNumber : INTEGER
    0, -- firstParameterLabelColumn : INTEGER
    0, -- currentLaterParameterLabelLineNumber : INTEGER
    0, -- currentLaterParameterLabelColumn : INTEGER
    "ba5eda7a-def5-0000-0000-000000000004", -- DT_ID : UNIQUE_ID
    "d578abdf-2606-4af3-95f6-731dd7319ebe" -- Block_ID : UNIQUE_ID
);
INSERT INTO V_VAL VALUES (
    "f64577d5-fb76-4380-b666-bdafe186d1fe", -- Value_ID : UNIQUE_ID
    0, -- isLValue : BOOLEAN
    0, -- isImplicit : BOOLEAN
    1, -- LineNumber : INTEGER
    73, -- StartPosition : INTEGER
    73, -- EndPosition : INTEGER
    0, -- firstParameterLabelLineNumber : INTEGER
    0, -- firstParameterLabelColumn : INTEGER
    0, -- currentLaterParameterLabelLineNumber : INTEGER
    0, -- currentLaterParameterLabelColumn : INTEGER
    "ba5eda7a-def5-0000-0000-000000000002", -- DT_ID : UNIQUE_ID
    "d578abdf-2606-4af3-95f6-731dd7319ebe" -- Block_ID : UNIQUE_ID
);
INSERT INTO V_VAL VALUES (
    "ee302e9e-6b94-43d2-afce-94cc13a81785", -- Value_ID : UNIQUE_ID
    1, -- isLValue : BOOLEAN
    0, -- isImplicit : BOOLEAN
    1, -- LineNumber : INTEGER
    65, -- StartPosition : INTEGER
    74, -- EndPosition : INTEGER
    0, -- firstParameterLabelLineNumber : INTEGER
    0, -- firstParameterLabelColumn : INTEGER
    0, -- currentLaterParameterLabelLineNumber : INTEGER
    0, -- currentLaterParameterLabelColumn : INTEGER
    "ba5eda7a-def5-0000-0000-000000000004", -- DT_ID : UNIQUE_ID
    "d578abdf-2606-4af3-95f6-731dd7319ebe" -- Block_ID : UNIQUE_ID
);
INSERT INTO V_VAL VALUES (
    "d3433f70-0a95-43e3-8d01-dd345e954187", -- Value_ID : UNIQUE_ID
    0, -- isLValue : BOOLEAN
    0, -- isImplicit : BOOLEAN
    2, -- LineNumber : INTEGER
    12, -- StartPosition : INTEGER
    14, -- EndPosition : INTEGER
    0, -- firstParameterLabelLineNumber : INTEGER
    0, -- firstParameterLabelColumn : INTEGER
    0, -- currentLaterParameterLabelLineNumber : INTEGER
    0, -- currentLaterParameterLabelColumn : INTEGER
    "ba5eda7a-def5-0000-0000-000000000004", -- DT_ID : UNIQUE_ID
    "d578abdf-2606-4af3-95f6-731dd7319ebe" -- Block_ID : UNIQUE_ID
);
INSERT INTO V_VAL VALUES (
    "8d54462f-9f20-48ef-8b82-88cf6e45d2e4", -- Value_ID : UNIQUE_ID
    0, -- isLValue : BOOLEAN
    0, -- isImplicit : BOOLEAN
    2, -- LineNumber : INTEGER
    1, -- StartPosition : INTEGER
    7, -- EndPosition : INTEGER
    0, -- firstParameterLabelLineNumber : INTEGER
    0, -- firstParameterLabelColumn : INTEGER
    0, -- currentLaterParameterLabelLineNumber : INTEGER
    0, -- currentLaterParameterLabelColumn : INTEGER
    "ba5eda7a-def5-0000-0000-000000000004", -- DT_ID : UNIQUE_ID
    "d578abdf-2606-4af3-95f6-731dd7319ebe" -- Block_ID : UNIQUE_ID
);
INSERT INTO V_VAL VALUES (
    "c0be3ff2-73b9-4488-861e-b4bed2731bae", -- Value_ID : UNIQUE_ID
    0, -- isLValue : BOOLEAN
    0, -- isImplicit : BOOLEAN
    2, -- LineNumber : INTEGER
    9, -- StartPosition : INTEGER
    9, -- EndPosition : INTEGER
    0, -- firstParameterLabelLineNumber : INTEGER
    0, -- firstParameterLabelColumn : INTEGER
    0, -- currentLaterParameterLabelLineNumber : INTEGER
    0, -- currentLaterParameterLabelColumn : INTEGER
    "ba5eda7a-def5-0000-0000-000000000002", -- DT_ID : UNIQUE_ID
    "d578abdf-2606-4af3-95f6-731dd7319ebe" -- Block_ID : UNIQUE_ID
);
INSERT INTO V_VAL VALUES (
    "727e5ed4-8388-4cc5-a419-383da1041513", -- Value_ID : UNIQUE_ID
    1, -- isLValue : BOOLEAN
    0, -- isImplicit : BOOLEAN
    2, -- LineNumber : INTEGER
    1, -- StartPosition : INTEGER
    10, -- EndPosition : INTEGER
    0, -- firstParameterLabelLineNumber : INTEGER
    0, -- firstParameterLabelColumn : INTEGER
    0, -- currentLaterParameterLabelLineNumber : INTEGER
    0, -- currentLaterParameterLabelColumn : INTEGER
    "ba5eda7a-def5-0000-0000-000000000004", -- DT_ID : UNIQUE_ID
    "d578abdf-2606-4af3-95f6-731dd7319ebe" -- Block_ID : UNIQUE_ID
);
INSERT INTO V_VAL VALUES (
    "dd498141-024c-404e-bf5b-01e3d65bb530", -- Value_ID : UNIQUE_ID
    0, -- isLValue : BOOLEAN
    0, -- isImplicit : BOOLEAN
    2, -- LineNumber : INTEGER
    28, -- StartPosition : INTEGER
    30, -- EndPosition : INTEGER
    0, -- firstParameterLabelLineNumber : INTEGER
    0, -- firstParameterLabelColumn : INTEGER
    0, -- currentLaterParameterLabelLineNumber : INTEGER
    0, -- currentLaterParameterLabelColumn : INTEGER
    "ba5eda7a-def5-0000-0000-000000000004", -- DT_ID : UNIQUE_ID
    "d578abdf-2606-4af3-95f6-731dd7319ebe" -- Block_ID : UNIQUE_ID
);
INSERT INTO V_VAL VALUES (
    "e9e4c122-0dde-4bf8-802a-ff5f987fb453", -- Value_ID : UNIQUE_ID
    0, -- isLValue : BOOLEAN
    0, -- isImplicit : BOOLEAN
    2, -- LineNumber : INTEGER
    17, -- StartPosition : INTEGER
    23, -- EndPosition : INTEGER
    0, -- firstParameterLabelLineNumber : INTEGER
    0, -- firstParameterLabelColumn : INTEGER
    0, -- currentLaterParameterLabelLineNumber : INTEGER
    0, -- currentLaterParameterLabelColumn : INTEGER
    "ba5eda7a-def5-0000-0000-000000000004", -- DT_ID : UNIQUE_ID
    "d578abdf-2606-4af3-95f6-731dd7319ebe" -- Block_ID : UNIQUE_ID
);
INSERT INTO V_VAL VALUES (
    "dc84d632-d285-48fd-bbbe-50e3b4cc11ac", -- Value_ID : UNIQUE_ID
    0, -- isLValue : BOOLEAN
    0, -- isImplicit : BOOLEAN
    2, -- LineNumber : INTEGER
    25, -- StartPosition : INTEGER
    25, -- EndPosition : INTEGER
    0, -- firstParameterLabelLineNumber : INTEGER
    0, -- firstParameterLabelColumn : INTEGER
    0, -- currentLaterParameterLabelLineNumber : INTEGER
    0, -- currentLaterParameterLabelColumn : INTEGER
    "ba5eda7a-def5-0000-0000-000000000002", -- DT_ID : UNIQUE_ID
    "d578abdf-2606-4af3-95f6-731dd7319ebe" -- Block_ID : UNIQUE_ID
);
INSERT INTO V_VAL VALUES (
    "ccc6485b-78c4-4f9e-9436-e8800d33b2b6", -- Value_ID : UNIQUE_ID
    1, -- isLValue : BOOLEAN
    0, -- isImplicit : BOOLEAN
    2, -- LineNumber : INTEGER
    17, -- StartPosition : INTEGER
    26, -- EndPosition : INTEGER
    0, -- firstParameterLabelLineNumber : INTEGER
    0, -- firstParameterLabelColumn : INTEGER
    0, -- currentLaterParameterLabelLineNumber : INTEGER
    0, -- currentLaterParameterLabelColumn : INTEGER
    "ba5eda7a-def5-0000-0000-000000000004", -- DT_ID : UNIQUE_ID
    "d578abdf-2606-4af3-95f6-731dd7319ebe" -- Block_ID : UNIQUE_ID
);
INSERT INTO V_VAL VALUES (
    "2b834767-3113-4536-9ef4-7dd944c86a9b", -- Value_ID : UNIQUE_ID
    0, -- isLValue : BOOLEAN
    0, -- isImplicit : BOOLEAN
    2, -- LineNumber : INTEGER
    44, -- StartPosition : INTEGER
    46, -- EndPosition : INTEGER
    0, -- firstParameterLabelLineNumber : INTEGER
    0, -- firstParameterLabelColumn : INTEGER
    0, -- currentLaterParameterLabelLineNumber : INTEGER
    0, -- currentLaterParameterLabelColumn : INTEGER
    "ba5eda7a-def5-0000-0000-000000000004", -- DT_ID : UNIQUE_ID
    "d578abdf-2606-4af3-95f6-731dd7319ebe" -- Block_ID : UNIQUE_ID
);
INSERT INTO V_VAL VALUES (
    "88d1b51f-a7d1-45bf-ae95-38db16b1b57e", -- Value_ID : UNIQUE_ID
    0, -- isLValue : BOOLEAN
    0, -- isImplicit : BOOLEAN
    2, -- LineNumber : INTEGER
    33, -- StartPosition : INTEGER
    39, -- EndPosition : INTEGER
    0, -- firstParameterLabelLineNumber : INTEGER
    0, -- firstParameterLabelColumn : INTEGER
    0, -- currentLaterParameterLabelLineNumber : INTEGER
    0, -- currentLaterParameterLabelColumn : INTEGER
    "ba5eda7a-def5-0000-0000-000000000004", -- DT_ID : UNIQUE_ID
    "d578abdf-2606-4af3-95f6-731dd7319ebe" -- Block_ID : UNIQUE_ID
);
INSERT INTO V_VAL VALUES (
    "c39ac1d2-c560-45df-892e-de8c9a6eb66d", -- Value_ID : UNIQUE_ID
    0, -- isLValue : BOOLEAN
    0, -- isImplicit : BOOLEAN
    2, -- LineNumber : INTEGER
    41, -- StartPosition : INTEGER
    41, -- EndPosition : INTEGER
    0, -- firstParameterLabelLineNumber : INTEGER
    0, -- firstParameterLabelColumn : INTEGER
    0, -- currentLaterParameterLabelLineNumber : INTEGER
    0, -- currentLaterParameterLabelColumn : INTEGER
    "ba5eda7a-def5-0000-0000-000000000002", -- DT_ID : UNIQUE_ID
    "d578abdf-2606-4af3-95f6-731dd7319ebe" -- Block_ID : UNIQUE_ID
);
INSERT INTO V_VAL VALUES (
    "9743923c-5dc2-4f38-9baa-5ae5beb8a291", -- Value_ID : UNIQUE_ID
    1, -- isLValue : BOOLEAN
    0, -- isImplicit : BOOLEAN
    2, -- LineNumber : INTEGER
    33, -- StartPosition : INTEGER
    42, -- EndPosition : INTEGER
    0, -- firstParameterLabelLineNumber : INTEGER
    0, -- firstParameterLabelColumn : INTEGER
    0, -- currentLaterParameterLabelLineNumber : INTEGER
    0, -- currentLaterParameterLabelColumn : INTEGER
    "ba5eda7a-def5-0000-0000-000000000004", -- DT_ID : UNIQUE_ID
    "d578abdf-2606-4af3-95f6-731dd7319ebe" -- Block_ID : UNIQUE_ID
);
INSERT INTO V_VAL VALUES (
    "8861f956-e4f3-4599-afce-657913a22dba", -- Value_ID : UNIQUE_ID
    0, -- isLValue : BOOLEAN
    0, -- isImplicit : BOOLEAN
    2, -- LineNumber : INTEGER
    60, -- StartPosition : INTEGER
    62, -- EndPosition : INTEGER
    0, -- firstParameterLabelLineNumber : INTEGER
    0, -- firstParameterLabelColumn : INTEGER
    0, -- currentLaterParameterLabelLineNumber : INTEGER
    0, -- currentLaterParameterLabelColumn : INTEGER
    "ba5eda7a-def5-0000-0000-000000000004", -- DT_ID : UNIQUE_ID
    "d578abdf-2606-4af3-95f6-731dd7319ebe" -- Block_ID : UNIQUE_ID
);
INSERT INTO V_VAL VALUES (
    "9b1364b7-d877-42ed-95dc-68f3ad0f8203", -- Value_ID : UNIQUE_ID
    0, -- isLValue : BOOLEAN
    0, -- isImplicit : BOOLEAN
    2, -- LineNumber : INTEGER
    49, -- StartPosition : INTEGER
    55, -- EndPosition : INTEGER
    0, -- firstParameterLabelLineNumber : INTEGER
    0, -- firstParameterLabelColumn : INTEGER
    0, -- currentLaterParameterLabelLineNumber : INTEGER
    0, -- currentLaterParameterLabelColumn : INTEGER
    "ba5eda7a-def5-0000-0000-000000000004", -- DT_ID : UNIQUE_ID
    "d578abdf-2606-4af3-95f6-731dd7319ebe" -- Block_ID : UNIQUE_ID
);
INSERT INTO V_VAL VALUES (
    "04f26bf7-2c0a-433d-b366-5c8d36a8a395", -- Value_ID : UNIQUE_ID
    0, -- isLValue : BOOLEAN
    0, -- isImplicit : BOOLEAN
    2, -- LineNumber : INTEGER
    57, -- StartPosition : INTEGER
    57, -- EndPosition : INTEGER
    0, -- firstParameterLabelLineNumber : INTEGER
    0, -- firstParameterLabelColumn : INTEGER
    0, -- currentLaterParameterLabelLineNumber : INTEGER
    0, -- currentLaterParameterLabelColumn : INTEGER
    "ba5eda7a-def5-0000-0000-000000000002", -- DT_ID : UNIQUE_ID
    "d578abdf-2606-4af3-95f6-731dd7319ebe" -- Block_ID : UNIQUE_ID
);
INSERT INTO V_VAL VALUES (
    "a1d4871a-d4a0-409f-a2e8-9c5e8e42e176", -- Value_ID : UNIQUE_ID
    1, -- isLValue : BOOLEAN
    0, -- isImplicit : BOOLEAN
    2, -- LineNumber : INTEGER
    49, -- StartPosition : INTEGER
    58, -- EndPosition : INTEGER
    0, -- firstParameterLabelLineNumber : INTEGER
    0, -- firstParameterLabelColumn : INTEGER
    0, -- currentLaterParameterLabelLineNumber : INTEGER
    0, -- currentLaterParameterLabelColumn : INTEGER
    "ba5eda7a-def5-0000-0000-000000000004", -- DT_ID : UNIQUE_ID
    "d578abdf-2606-4af3-95f6-731dd7319ebe" -- Block_ID : UNIQUE_ID
);
INSERT INTO V_VAL VALUES (
    "cb757ce2-d344-4298-8885-06c24b9f3484", -- Value_ID : UNIQUE_ID
    0, -- isLValue : BOOLEAN
    0, -- isImplicit : BOOLEAN
    2, -- LineNumber : INTEGER
    76, -- StartPosition : INTEGER
    78, -- EndPosition : INTEGER
    0, -- firstParameterLabelLineNumber : INTEGER
    0, -- firstParameterLabelColumn : INTEGER
    0, -- currentLaterParameterLabelLineNumber : INTEGER
    0, -- currentLaterParameterLabelColumn : INTEGER
    "ba5eda7a-def5-0000-0000-000000000004", -- DT_ID : UNIQUE_ID
    "d578abdf-2606-4af3-95f6-731dd7319ebe" -- Block_ID : UNIQUE_ID
);
INSERT INTO V_VAL VALUES (
    "889e53e9-2272-484e-a5ba-384fe1ac6157", -- Value_ID : UNIQUE_ID
    0, -- isLValue : BOOLEAN
    0, -- isImplicit : BOOLEAN
    2, -- LineNumber : INTEGER
    65, -- StartPosition : INTEGER
    71, -- EndPosition : INTEGER
    0, -- firstParameterLabelLineNumber : INTEGER
    0, -- firstParameterLabelColumn : INTEGER
    0, -- currentLaterParameterLabelLineNumber : INTEGER
    0, -- currentLaterParameterLabelColumn : INTEGER
    "ba5eda7a-def5-0000-0000-000000000004", -- DT_ID : UNIQUE_ID
    "d578abdf-2606-4af3-95f6-731dd7319ebe" -- Block_ID : UNIQUE_ID
);
INSERT INTO V_VAL VALUES (
    "4f2ee53c-1328-4bd2-99aa-9d493661e333", -- Value_ID : UNIQUE_ID
    0, -- isLValue : BOOLEAN
    0, -- isImplicit : BOOLEAN
    2, -- LineNumber : INTEGER
    73, -- StartPosition : INTEGER
    73, -- EndPosition : INTEGER
    0, -- firstParameterLabelLineNumber : INTEGER
    0, -- firstParameterLabelColumn : INTEGER
    0, -- currentLaterParameterLabelLineNumber : INTEGER
    0, -- currentLaterParameterLabelColumn : INTEGER
    "ba5eda7a-def5-0000-0000-000000000002", -- DT_ID : UNIQUE_ID
    "d578abdf-2606-4af3-95f6-731dd7319ebe" -- Block_ID : UNIQUE_ID
);
INSERT INTO V_VAL VALUES (
    "7184d23d-eb91-4411-a9b0-0647a6932dd1", -- Value_ID : UNIQUE_ID
    1, -- isLValue : BOOLEAN
    0, -- isImplicit : BOOLEAN
    2, -- LineNumber : INTEGER
    65, -- StartPosition : INTEGER
    74, -- EndPosition : INTEGER
    0, -- firstParameterLabelLineNumber : INTEGER
    0, -- firstParameterLabelColumn : INTEGER
    0, -- currentLaterParameterLabelLineNumber : INTEGER
    0, -- currentLaterParameterLabelColumn : INTEGER
    "ba5eda7a-def5-0000-0000-000000000004", -- DT_ID : UNIQUE_ID
    "d578abdf-2606-4af3-95f6-731dd7319ebe" -- Block_ID : UNIQUE_ID
);
INSERT INTO V_VAL VALUES (
    "cb02d4be-91ec-4c53-bf16-8df3e08dc9a0", -- Value_ID : UNIQUE_ID
    0, -- isLValue : BOOLEAN
    0, -- isImplicit : BOOLEAN
    4, -- LineNumber : INTEGER
    5, -- StartPosition : INTEGER
    11, -- EndPosition : INTEGER
    0, -- firstParameterLabelLineNumber : INTEGER
    0, -- firstParameterLabelColumn : INTEGER
    0, -- currentLaterParameterLabelLineNumber : INTEGER
    0, -- currentLaterParameterLabelColumn : INTEGER
    "ba5eda7a-def5-0000-0000-000000000002", -- DT_ID : UNIQUE_ID
    "d578abdf-2606-4af3-95f6-731dd7319ebe" -- Block_ID : UNIQUE_ID
);
INSERT INTO V_VAL VALUES (
    "665a9e68-ec17-4fec-b0e8-e98b4b53f69e", -- Value_ID : UNIQUE_ID
    1, -- isLValue : BOOLEAN
    1, -- isImplicit : BOOLEAN
    4, -- LineNumber : INTEGER
    1, -- StartPosition : INTEGER
    1, -- EndPosition : INTEGER
    0, -- firstParameterLabelLineNumber : INTEGER
    0, -- firstParameterLabelColumn : INTEGER
    0, -- currentLaterParameterLabelLineNumber : INTEGER
    0, -- currentLaterParameterLabelColumn : INTEGER
    "ba5eda7a-def5-0000-0000-000000000002", -- DT_ID : UNIQUE_ID
    "d578abdf-2606-4af3-95f6-731dd7319ebe" -- Block_ID : UNIQUE_ID
);
INSERT INTO V_VAL VALUES (
    "050d5a69-83ac-4e26-9364-ac6c5b007cc8", -- Value_ID : UNIQUE_ID
    0, -- isLValue : BOOLEAN
    0, -- isImplicit : BOOLEAN
    4, -- LineNumber : INTEGER
    18, -- StartPosition : INTEGER
    19, -- EndPosition : INTEGER
    0, -- firstParameterLabelLineNumber : INTEGER
    0, -- firstParameterLabelColumn : INTEGER
    0, -- currentLaterParameterLabelLineNumber : INTEGER
    0, -- currentLaterParameterLabelColumn : INTEGER
    "ba5eda7a-def5-0000-0000-000000000004", -- DT_ID : UNIQUE_ID
    "d578abdf-2606-4af3-95f6-731dd7319ebe" -- Block_ID : UNIQUE_ID
);
INSERT INTO V_VAL VALUES (
    "3f9928e7-7034-4d34-98df-97faa9bbf8ad", -- Value_ID : UNIQUE_ID
    1, -- isLValue : BOOLEAN
    1, -- isImplicit : BOOLEAN
    4, -- LineNumber : INTEGER
    14, -- StartPosition : INTEGER
    14, -- EndPosition : INTEGER
    0, -- firstParameterLabelLineNumber : INTEGER
    0, -- firstParameterLabelColumn : INTEGER
    0, -- currentLaterParameterLabelLineNumber : INTEGER
    0, -- currentLaterParameterLabelColumn : INTEGER
    "ba5eda7a-def5-0000-0000-000000000004", -- DT_ID : UNIQUE_ID
    "d578abdf-2606-4af3-95f6-731dd7319ebe" -- Block_ID : UNIQUE_ID
);
INSERT INTO V_VAL VALUES (
    "e8668989-2def-42be-9cb8-e29c85f84bdc", -- Value_ID : UNIQUE_ID
    0, -- isLValue : BOOLEAN
    0, -- isImplicit : BOOLEAN
    5, -- LineNumber : INTEGER
    9, -- StartPosition : INTEGER
    9, -- EndPosition : INTEGER
    0, -- firstParameterLabelLineNumber : INTEGER
    0, -- firstParameterLabelColumn : INTEGER
    0, -- currentLaterParameterLabelLineNumber : INTEGER
    0, -- currentLaterParameterLabelColumn : INTEGER
    "ba5eda7a-def5-0000-0000-000000000002", -- DT_ID : UNIQUE_ID
    "d578abdf-2606-4af3-95f6-731dd7319ebe" -- Block_ID : UNIQUE_ID
);
INSERT INTO V_VAL VALUES (
    "a2b3b88f-9087-434e-a5aa-ce123cb2378c", -- Value_ID : UNIQUE_ID
    0, -- isLValue : BOOLEAN
    0, -- isImplicit : BOOLEAN
    5, -- LineNumber : INTEGER
    14, -- StartPosition : INTEGER
    14, -- EndPosition : INTEGER
    0, -- firstParameterLabelLineNumber : INTEGER
    0, -- firstParameterLabelColumn : INTEGER
    0, -- currentLaterParameterLabelLineNumber : INTEGER
    0, -- currentLaterParameterLabelColumn : INTEGER
    "ba5eda7a-def5-0000-0000-000000000002", -- DT_ID : UNIQUE_ID
    "d578abdf-2606-4af3-95f6-731dd7319ebe" -- Block_ID : UNIQUE_ID
);
INSERT INTO V_VAL VALUES (
    "ad714699-f022-4dcf-8541-9f907c25fcd7", -- Value_ID : UNIQUE_ID
    0, -- isLValue : BOOLEAN
    0, -- isImplicit : BOOLEAN
    5, -- LineNumber : INTEGER
    7, -- StartPosition : INTEGER
    16, -- EndPosition : INTEGER
    0, -- firstParameterLabelLineNumber : INTEGER
    0, -- firstParameterLabelColumn : INTEGER
    0, -- currentLaterParameterLabelLineNumber : INTEGER
    0, -- currentLaterParameterLabelColumn : INTEGER
    "ba5eda7a-def5-0000-0000-000000000001", -- DT_ID : UNIQUE_ID
    "d578abdf-2606-4af3-95f6-731dd7319ebe" -- Block_ID : UNIQUE_ID
);
INSERT INTO V_VAL VALUES (
    "e93c1c23-faa2-4784-8a9e-a95933172384", -- Value_ID : UNIQUE_ID
    0, -- isLValue : BOOLEAN
    0, -- isImplicit : BOOLEAN
    6, -- LineNumber : INTEGER
    7, -- StartPosition : INTEGER
    7, -- EndPosition : INTEGER
    0, -- firstParameterLabelLineNumber : INTEGER
    0, -- firstParameterLabelColumn : INTEGER
    0, -- currentLaterParameterLabelLineNumber : INTEGER
    0, -- currentLaterParameterLabelColumn : INTEGER
    "ba5eda7a-def5-0000-0000-000000000002", -- DT_ID : UNIQUE_ID
    "6afb6373-c364-47b8-b564-9d501b7a8004" -- Block_ID : UNIQUE_ID
);
INSERT INTO V_VAL VALUES (
    "c31c4883-f91e-46dc-9889-4353cde9ccf0", -- Value_ID : UNIQUE_ID
    0, -- isLValue : BOOLEAN
    0, -- isImplicit : BOOLEAN
    6, -- LineNumber : INTEGER
    11, -- StartPosition : INTEGER
    12, -- EndPosition : INTEGER
    0, -- firstParameterLabelLineNumber : INTEGER
    0, -- firstParameterLabelColumn : INTEGER
    0, -- currentLaterParameterLabelLineNumber : INTEGER
    0, -- currentLaterParameterLabelColumn : INTEGER
    "ba5eda7a-def5-0000-0000-000000000002", -- DT_ID : UNIQUE_ID
    "6afb6373-c364-47b8-b564-9d501b7a8004" -- Block_ID : UNIQUE_ID
);
INSERT INTO V_VAL VALUES (
    "c0e3ce5a-9b34-4e9f-b60c-721553409abc", -- Value_ID : UNIQUE_ID
    0, -- isLValue : BOOLEAN
    0, -- isImplicit : BOOLEAN
    6, -- LineNumber : INTEGER
    7, -- StartPosition : INTEGER
    12, -- EndPosition : INTEGER
    0, -- firstParameterLabelLineNumber : INTEGER
    0, -- firstParameterLabelColumn : INTEGER
    0, -- currentLaterParameterLabelLineNumber : INTEGER
    0, -- currentLaterParameterLabelColumn : INTEGER
    "ba5eda7a-def5-0000-0000-000000000002", -- DT_ID : UNIQUE_ID
    "6afb6373-c364-47b8-b564-9d501b7a8004" -- Block_ID : UNIQUE_ID
);
INSERT INTO V_VAL VALUES (
    "ece328f0-5a7a-4b08-a400-e4d54816477a", -- Value_ID : UNIQUE_ID
    1, -- isLValue : BOOLEAN
    1, -- isImplicit : BOOLEAN
    6, -- LineNumber : INTEGER
    3, -- StartPosition : INTEGER
    3, -- EndPosition : INTEGER
    0, -- firstParameterLabelLineNumber : INTEGER
    0, -- firstParameterLabelColumn : INTEGER
    0, -- currentLaterParameterLabelLineNumber : INTEGER
    0, -- currentLaterParameterLabelColumn : INTEGER
    "ba5eda7a-def5-0000-0000-000000000002", -- DT_ID : UNIQUE_ID
    "6afb6373-c364-47b8-b564-9d501b7a8004" -- Block_ID : UNIQUE_ID
);
INSERT INTO V_VAL VALUES (
    "7ecab7df-a47b-4470-9b2a-887b43564b43", -- Value_ID : UNIQUE_ID
    0, -- isLValue : BOOLEAN
    0, -- isImplicit : BOOLEAN
    7, -- LineNumber : INTEGER
    7, -- StartPosition : INTEGER
    7, -- EndPosition : INTEGER
    0, -- firstParameterLabelLineNumber : INTEGER
    0, -- firstParameterLabelColumn : INTEGER
    0, -- currentLaterParameterLabelLineNumber : INTEGER
    0, -- currentLaterParameterLabelColumn : INTEGER
    "ba5eda7a-def5-0000-0000-000000000002", -- DT_ID : UNIQUE_ID
    "6afb6373-c364-47b8-b564-9d501b7a8004" -- Block_ID : UNIQUE_ID
);
INSERT INTO V_VAL VALUES (
    "c4da86b2-562e-4b9d-a871-094aea20dd57", -- Value_ID : UNIQUE_ID
    0, -- isLValue : BOOLEAN
    0, -- isImplicit : BOOLEAN
    7, -- LineNumber : INTEGER
    11, -- StartPosition : INTEGER
    12, -- EndPosition : INTEGER
    0, -- firstParameterLabelLineNumber : INTEGER
    0, -- firstParameterLabelColumn : INTEGER
    0, -- currentLaterParameterLabelLineNumber : INTEGER
    0, -- currentLaterParameterLabelColumn : INTEGER
    "ba5eda7a-def5-0000-0000-000000000002", -- DT_ID : UNIQUE_ID
    "6afb6373-c364-47b8-b564-9d501b7a8004" -- Block_ID : UNIQUE_ID
);
INSERT INTO V_VAL VALUES (
    "6954e5b0-3f71-4425-95d1-a1fadd55288a", -- Value_ID : UNIQUE_ID
    0, -- isLValue : BOOLEAN
    0, -- isImplicit : BOOLEAN
    7, -- LineNumber : INTEGER
    7, -- StartPosition : INTEGER
    12, -- EndPosition : INTEGER
    0, -- firstParameterLabelLineNumber : INTEGER
    0, -- firstParameterLabelColumn : INTEGER
    0, -- currentLaterParameterLabelLineNumber : INTEGER
    0, -- currentLaterParameterLabelColumn : INTEGER
    "ba5eda7a-def5-0000-0000-000000000002", -- DT_ID : UNIQUE_ID
    "6afb6373-c364-47b8-b564-9d501b7a8004" -- Block_ID : UNIQUE_ID
);
INSERT INTO V_VAL VALUES (
    "7a4006f3-bac4-4ac0-924c-ff946eacb3b1", -- Value_ID : UNIQUE_ID
    1, -- isLValue : BOOLEAN
    0, -- isImplicit : BOOLEAN
    7, -- LineNumber : INTEGER
    3, -- StartPosition : INTEGER
    3, -- EndPosition : INTEGER
    0, -- firstParameterLabelLineNumber : INTEGER
    0, -- firstParameterLabelColumn : INTEGER
    0, -- currentLaterParameterLabelLineNumber : INTEGER
    0, -- currentLaterParameterLabelColumn : INTEGER
    "ba5eda7a-def5-0000-0000-000000000002", -- DT_ID : UNIQUE_ID
    "6afb6373-c364-47b8-b564-9d501b7a8004" -- Block_ID : UNIQUE_ID
);
INSERT INTO V_VAL VALUES (
    "539099ab-fce7-4ff2-83ce-d6fa68d86fae", -- Value_ID : UNIQUE_ID
    0, -- isLValue : BOOLEAN
    0, -- isImplicit : BOOLEAN
    8, -- LineNumber : INTEGER
    7, -- StartPosition : INTEGER
    13, -- EndPosition : INTEGER
    0, -- firstParameterLabelLineNumber : INTEGER
    0, -- firstParameterLabelColumn : INTEGER
    0, -- currentLaterParameterLabelLineNumber : INTEGER
    0, -- currentLaterParameterLabelColumn : INTEGER
    "ba5eda7a-def5-0000-0000-000000000004", -- DT_ID : UNIQUE_ID
    "6afb6373-c364-47b8-b564-9d501b7a8004" -- Block_ID : UNIQUE_ID
);
INSERT INTO V_VAL VALUES (
    "5b85c97c-0b01-4745-94ee-f0f5adc50e9b", -- Value_ID : UNIQUE_ID
    0, -- isLValue : BOOLEAN
    0, -- isImplicit : BOOLEAN
    8, -- LineNumber : INTEGER
    16, -- StartPosition : INTEGER
    16, -- EndPosition : INTEGER
    0, -- firstParameterLabelLineNumber : INTEGER
    0, -- firstParameterLabelColumn : INTEGER
    0, -- currentLaterParameterLabelLineNumber : INTEGER
    0, -- currentLaterParameterLabelColumn : INTEGER
    "ba5eda7a-def5-0000-0000-000000000002", -- DT_ID : UNIQUE_ID
    "6afb6373-c364-47b8-b564-9d501b7a8004" -- Block_ID : UNIQUE_ID
);
INSERT INTO V_VAL VALUES (
    "463895ce-f697-427b-893c-5d261a4d486e", -- Value_ID : UNIQUE_ID
    0, -- isLValue : BOOLEAN
    0, -- isImplicit : BOOLEAN
    8, -- LineNumber : INTEGER
    7, -- StartPosition : INTEGER
    18, -- EndPosition : INTEGER
    0, -- firstParameterLabelLineNumber : INTEGER
    0, -- firstParameterLabelColumn : INTEGER
    0, -- currentLaterParameterLabelLineNumber : INTEGER
    0, -- currentLaterParameterLabelColumn : INTEGER
    "ba5eda7a-def5-0000-0000-000000000004", -- DT_ID : UNIQUE_ID
    "6afb6373-c364-47b8-b564-9d501b7a8004" -- Block_ID : UNIQUE_ID
);
INSERT INTO V_VAL VALUES (
    "78632fdc-eca4-4655-91ac-9658246e2f1b", -- Value_ID : UNIQUE_ID
    0, -- isLValue : BOOLEAN
    0, -- isImplicit : BOOLEAN
    8, -- LineNumber : INTEGER
    22, -- StartPosition : INTEGER
    22, -- EndPosition : INTEGER
    0, -- firstParameterLabelLineNumber : INTEGER
    0, -- firstParameterLabelColumn : INTEGER
    0, -- currentLaterParameterLabelLineNumber : INTEGER
    0, -- currentLaterParameterLabelColumn : INTEGER
    "ba5eda7a-def5-0000-0000-000000000004", -- DT_ID : UNIQUE_ID
    "6afb6373-c364-47b8-b564-9d501b7a8004" -- Block_ID : UNIQUE_ID
);
INSERT INTO V_VAL VALUES (
    "ca7d1f0a-0f3a-4eac-a903-647adf855d72", -- Value_ID : UNIQUE_ID
    0, -- isLValue : BOOLEAN
    0, -- isImplicit : BOOLEAN
    8, -- LineNumber : INTEGER
    7, -- StartPosition : INTEGER
    22, -- EndPosition : INTEGER
    0, -- firstParameterLabelLineNumber : INTEGER
    0, -- firstParameterLabelColumn : INTEGER
    0, -- currentLaterParameterLabelLineNumber : INTEGER
    0, -- currentLaterParameterLabelColumn : INTEGER
    "ba5eda7a-def5-0000-0000-000000000004", -- DT_ID : UNIQUE_ID
    "6afb6373-c364-47b8-b564-9d501b7a8004" -- Block_ID : UNIQUE_ID
);
INSERT INTO V_VAL VALUES (
    "456a0606-891b-46f3-a267-37b6da6e54e5", -- Value_ID : UNIQUE_ID
    1, -- isLValue : BOOLEAN
    0, -- isImplicit : BOOLEAN
    8, -- LineNumber : INTEGER
    3, -- StartPosition : INTEGER
    3, -- EndPosition : INTEGER
    0, -- firstParameterLabelLineNumber : INTEGER
    0, -- firstParameterLabelColumn : INTEGER
    0, -- currentLaterParameterLabelLineNumber : INTEGER
    0, -- currentLaterParameterLabelColumn : INTEGER
    "ba5eda7a-def5-0000-0000-000000000004", -- DT_ID : UNIQUE_ID
    "6afb6373-c364-47b8-b564-9d501b7a8004" -- Block_ID : UNIQUE_ID
);
INSERT INTO V_VAL VALUES (
    "ed2868bb-df5d-4885-bba8-17bcf407febd", -- Value_ID : UNIQUE_ID
    0, -- isLValue : BOOLEAN
    0, -- isImplicit : BOOLEAN
    11, -- LineNumber : INTEGER
    8, -- StartPosition : INTEGER
    8, -- EndPosition : INTEGER
    0, -- firstParameterLabelLineNumber : INTEGER
    0, -- firstParameterLabelColumn : INTEGER
    0, -- currentLaterParameterLabelLineNumber : INTEGER
    0, -- currentLaterParameterLabelColumn : INTEGER
    "ba5eda7a-def5-0000-0000-000000000004", -- DT_ID : UNIQUE_ID
    "d578abdf-2606-4af3-95f6-731dd7319ebe" -- Block_ID : UNIQUE_ID
);
INSERT INTO V_VAL VALUES (
    "8145c860-f293-4936-bd78-0a0c3939903d", -- Value_ID : UNIQUE_ID
    0, -- isLValue : BOOLEAN
    0, -- isImplicit : BOOLEAN
    1, -- LineNumber : INTEGER
    8, -- StartPosition : INTEGER
    8, -- EndPosition : INTEGER
    0, -- firstParameterLabelLineNumber : INTEGER
    0, -- firstParameterLabelColumn : INTEGER
    0, -- currentLaterParameterLabelLineNumber : INTEGER
    0, -- currentLaterParameterLabelColumn : INTEGER
    "ba5eda7a-def5-0000-0000-000000000002", -- DT_ID : UNIQUE_ID
    "617888e9-738c-405a-be7e-b873ba1c795b" -- Block_ID : UNIQUE_ID
);
INSERT INTO V_VAL VALUES (
    "3c979ab2-e895-4737-82bb-5c0661627796", -- Value_ID : UNIQUE_ID
    0, -- isLValue : BOOLEAN
    0, -- isImplicit : BOOLEAN
    1, -- LineNumber : INTEGER
    8, -- StartPosition : INTEGER
    11, -- EndPosition : INTEGER
    0, -- firstParameterLabelLineNumber : INTEGER
    0, -- firstParameterLabelColumn : INTEGER
    0, -- currentLaterParameterLabelLineNumber : INTEGER
    0, -- currentLaterParameterLabelColumn : INTEGER
    "ba5eda7a-def5-0000-0000-000000000001", -- DT_ID : UNIQUE_ID
    "331e1039-6400-4335-b64e-2049412419df" -- Block_ID : UNIQUE_ID
);
INSERT INTO V_VAL VALUES (
    "3babf136-d855-4317-a3ed-eabce4f684ef", -- Value_ID : UNIQUE_ID
    0, -- isLValue : BOOLEAN
    0, -- isImplicit : BOOLEAN
    1, -- LineNumber : INTEGER
    8, -- StartPosition : INTEGER
    11, -- EndPosition : INTEGER
    0, -- firstParameterLabelLineNumber : INTEGER
    0, -- firstParameterLabelColumn : INTEGER
    0, -- currentLaterParameterLabelLineNumber : INTEGER
    0, -- currentLaterParameterLabelColumn : INTEGER
    "ba5eda7a-def5-0000-0000-000000000001", -- DT_ID : UNIQUE_ID
    "0f21f6f3-5530-4dbb-8b5a-6b1861a4a959" -- Block_ID : UNIQUE_ID
);
INSERT INTO V_VAL VALUES (
    "ba82f784-7e0b-43cb-81f8-65e1b634fc1e", -- Value_ID : UNIQUE_ID
    0, -- isLValue : BOOLEAN
    0, -- isImplicit : BOOLEAN
    5, -- LineNumber : INTEGER
    18, -- StartPosition : INTEGER
    28, -- EndPosition : INTEGER
    0, -- firstParameterLabelLineNumber : INTEGER
    0, -- firstParameterLabelColumn : INTEGER
    0, -- currentLaterParameterLabelLineNumber : INTEGER
    0, -- currentLaterParameterLabelColumn : INTEGER
    "ba5eda7a-def5-0000-0000-000000000004", -- DT_ID : UNIQUE_ID
    "637a46cc-29b5-4895-b8d6-0026269d91bd" -- Block_ID : UNIQUE_ID
);
INSERT INTO V_VAL VALUES (
    "07ef8252-1e8f-4cee-9553-9d9af7d5b48b", -- Value_ID : UNIQUE_ID
    0, -- isLValue : BOOLEAN
    0, -- isImplicit : BOOLEAN
    5, -- LineNumber : INTEGER
    1, -- StartPosition : INTEGER
    8, -- EndPosition : INTEGER
    0, -- firstParameterLabelLineNumber : INTEGER
    0, -- firstParameterLabelColumn : INTEGER
    0, -- currentLaterParameterLabelLineNumber : INTEGER
    0, -- currentLaterParameterLabelColumn : INTEGER
    "ba5eda7a-def5-0000-0000-000000000008", -- DT_ID : UNIQUE_ID
    "637a46cc-29b5-4895-b8d6-0026269d91bd" -- Block_ID : UNIQUE_ID
);
INSERT INTO V_VAL VALUES (
    "371f2bc4-2d19-4a6d-87e0-c0c4f6690c4a", -- Value_ID : UNIQUE_ID
    1, -- isLValue : BOOLEAN
    0, -- isImplicit : BOOLEAN
    5, -- LineNumber : INTEGER
    1, -- StartPosition : INTEGER
    14, -- EndPosition : INTEGER
    0, -- firstParameterLabelLineNumber : INTEGER
    0, -- firstParameterLabelColumn : INTEGER
    0, -- currentLaterParameterLabelLineNumber : INTEGER
    0, -- currentLaterParameterLabelColumn : INTEGER
    "ba5eda7a-def5-0000-0000-000000000004", -- DT_ID : UNIQUE_ID
    "637a46cc-29b5-4895-b8d6-0026269d91bd" -- Block_ID : UNIQUE_ID
);
INSERT INTO V_VAL VALUES (
    "20ba2355-e0be-4ddd-ba7a-0e87848003ca", -- Value_ID : UNIQUE_ID
    0, -- isLValue : BOOLEAN
    0, -- isImplicit : BOOLEAN
    6, -- LineNumber : INTEGER
    18, -- StartPosition : INTEGER
    28, -- EndPosition : INTEGER
    0, -- firstParameterLabelLineNumber : INTEGER
    0, -- firstParameterLabelColumn : INTEGER
    0, -- currentLaterParameterLabelLineNumber : INTEGER
    0, -- currentLaterParameterLabelColumn : INTEGER
    "ba5eda7a-def5-0000-0000-000000000004", -- DT_ID : UNIQUE_ID
    "637a46cc-29b5-4895-b8d6-0026269d91bd" -- Block_ID : UNIQUE_ID
);
INSERT INTO V_VAL VALUES (
    "730a9828-138a-4023-9c48-4070292b0373", -- Value_ID : UNIQUE_ID
    0, -- isLValue : BOOLEAN
    0, -- isImplicit : BOOLEAN
    6, -- LineNumber : INTEGER
    1, -- StartPosition : INTEGER
    8, -- EndPosition : INTEGER
    0, -- firstParameterLabelLineNumber : INTEGER
    0, -- firstParameterLabelColumn : INTEGER
    0, -- currentLaterParameterLabelLineNumber : INTEGER
    0, -- currentLaterParameterLabelColumn : INTEGER
    "ba5eda7a-def5-0000-0000-000000000008", -- DT_ID : UNIQUE_ID
    "637a46cc-29b5-4895-b8d6-0026269d91bd" -- Block_ID : UNIQUE_ID
);
INSERT INTO V_VAL VALUES (
    "20c67985-af29-465d-b3db-e2733a3c44bb", -- Value_ID : UNIQUE_ID
    1, -- isLValue : BOOLEAN
    0, -- isImplicit : BOOLEAN
    6, -- LineNumber : INTEGER
    1, -- StartPosition : INTEGER
    14, -- EndPosition : INTEGER
    0, -- firstParameterLabelLineNumber : INTEGER
    0, -- firstParameterLabelColumn : INTEGER
    0, -- currentLaterParameterLabelLineNumber : INTEGER
    0, -- currentLaterParameterLabelColumn : INTEGER
    "ba5eda7a-def5-0000-0000-000000000004", -- DT_ID : UNIQUE_ID
    "637a46cc-29b5-4895-b8d6-0026269d91bd" -- Block_ID : UNIQUE_ID
);
INSERT INTO V_VAL VALUES (
    "6ed2be0a-c93d-4685-ada1-9cb179b9a542", -- Value_ID : UNIQUE_ID
    0, -- isLValue : BOOLEAN
    0, -- isImplicit : BOOLEAN
    7, -- LineNumber : INTEGER
    24, -- StartPosition : INTEGER
    40, -- EndPosition : INTEGER
    0, -- firstParameterLabelLineNumber : INTEGER
    0, -- firstParameterLabelColumn : INTEGER
    0, -- currentLaterParameterLabelLineNumber : INTEGER
    0, -- currentLaterParameterLabelColumn : INTEGER
    "ba5eda7a-def5-0000-0000-000000000002", -- DT_ID : UNIQUE_ID
    "637a46cc-29b5-4895-b8d6-0026269d91bd" -- Block_ID : UNIQUE_ID
);
INSERT INTO V_VAL VALUES (
    "7a41ca9f-652f-4e91-9409-4fce28399555", -- Value_ID : UNIQUE_ID
    0, -- isLValue : BOOLEAN
    0, -- isImplicit : BOOLEAN
    7, -- LineNumber : INTEGER
    1, -- StartPosition : INTEGER
    8, -- EndPosition : INTEGER
    0, -- firstParameterLabelLineNumber : INTEGER
    0, -- firstParameterLabelColumn : INTEGER
    0, -- currentLaterParameterLabelLineNumber : INTEGER
    0, -- currentLaterParameterLabelColumn : INTEGER
    "ba5eda7a-def5-0000-0000-000000000008", -- DT_ID : UNIQUE_ID
    "637a46cc-29b5-4895-b8d6-0026269d91bd" -- Block_ID : UNIQUE_ID
);
INSERT INTO V_VAL VALUES (
    "9b5bf208-3eee-452d-8a1d-0daa75028c8e", -- Value_ID : UNIQUE_ID
    1, -- isLValue : BOOLEAN
    0, -- isImplicit : BOOLEAN
    7, -- LineNumber : INTEGER
    1, -- StartPosition : INTEGER
    20, -- EndPosition : INTEGER
    0, -- firstParameterLabelLineNumber : INTEGER
    0, -- firstParameterLabelColumn : INTEGER
    0, -- currentLaterParameterLabelLineNumber : INTEGER
    0, -- currentLaterParameterLabelColumn : INTEGER
    "ba5eda7a-def5-0000-0000-000000000002", -- DT_ID : UNIQUE_ID
    "637a46cc-29b5-4895-b8d6-0026269d91bd" -- Block_ID : UNIQUE_ID
);
INSERT INTO V_VAL VALUES (
    "5aec314b-a43a-487b-9d0e-8ff899c6122a", -- Value_ID : UNIQUE_ID
    0, -- isLValue : BOOLEAN
    0, -- isImplicit : BOOLEAN
    2, -- LineNumber : INTEGER
    15, -- StartPosition : INTEGER
    24, -- EndPosition : INTEGER
    0, -- firstParameterLabelLineNumber : INTEGER
    0, -- firstParameterLabelColumn : INTEGER
    0, -- currentLaterParameterLabelLineNumber : INTEGER
    0, -- currentLaterParameterLabelColumn : INTEGER
    "ba5eda7a-def5-0000-0000-000000000004", -- DT_ID : UNIQUE_ID
    "fc495f64-a662-4818-8fd0-58be2ace9ea8" -- Block_ID : UNIQUE_ID
);
INSERT INTO V_VAL VALUES (
    "4e32cdb2-3579-45f6-a902-3db733e0c4ef", -- Value_ID : UNIQUE_ID
    0, -- isLValue : BOOLEAN
    0, -- isImplicit : BOOLEAN
    2, -- LineNumber : INTEGER
    2, -- StartPosition : INTEGER
    6, -- EndPosition : INTEGER
    0, -- firstParameterLabelLineNumber : INTEGER
    0, -- firstParameterLabelColumn : INTEGER
    0, -- currentLaterParameterLabelLineNumber : INTEGER
    0, -- currentLaterParameterLabelColumn : INTEGER
    "ba5eda7a-def5-0000-0000-000000000008", -- DT_ID : UNIQUE_ID
    "fc495f64-a662-4818-8fd0-58be2ace9ea8" -- Block_ID : UNIQUE_ID
);
INSERT INTO V_VAL VALUES (
    "449b4ba1-ce0a-4bc6-ba28-b83b963a3b7e", -- Value_ID : UNIQUE_ID
    1, -- isLValue : BOOLEAN
    0, -- isImplicit : BOOLEAN
    2, -- LineNumber : INTEGER
    2, -- StartPosition : INTEGER
    11, -- EndPosition : INTEGER
    0, -- firstParameterLabelLineNumber : INTEGER
    0, -- firstParameterLabelColumn : INTEGER
    0, -- currentLaterParameterLabelLineNumber : INTEGER
    0, -- currentLaterParameterLabelColumn : INTEGER
    "ba5eda7a-def5-0000-0000-000000000004", -- DT_ID : UNIQUE_ID
    "fc495f64-a662-4818-8fd0-58be2ace9ea8" -- Block_ID : UNIQUE_ID
);
INSERT INTO V_VAL VALUES (
    "7e33f798-47f2-45eb-bb66-276805c825a5", -- Value_ID : UNIQUE_ID
    0, -- isLValue : BOOLEAN
    0, -- isImplicit : BOOLEAN
    3, -- LineNumber : INTEGER
    30, -- StartPosition : INTEGER
    54, -- EndPosition : INTEGER
    0, -- firstParameterLabelLineNumber : INTEGER
    0, -- firstParameterLabelColumn : INTEGER
    0, -- currentLaterParameterLabelLineNumber : INTEGER
    0, -- currentLaterParameterLabelColumn : INTEGER
    "ba5eda7a-def5-0000-0000-000000000002", -- DT_ID : UNIQUE_ID
    "fc495f64-a662-4818-8fd0-58be2ace9ea8" -- Block_ID : UNIQUE_ID
);
INSERT INTO V_VAL VALUES (
    "7b9964df-138c-4df9-9a36-2289347ff007", -- Value_ID : UNIQUE_ID
    0, -- isLValue : BOOLEAN
    0, -- isImplicit : BOOLEAN
    3, -- LineNumber : INTEGER
    2, -- StartPosition : INTEGER
    6, -- EndPosition : INTEGER
    0, -- firstParameterLabelLineNumber : INTEGER
    0, -- firstParameterLabelColumn : INTEGER
    0, -- currentLaterParameterLabelLineNumber : INTEGER
    0, -- currentLaterParameterLabelColumn : INTEGER
    "ba5eda7a-def5-0000-0000-000000000008", -- DT_ID : UNIQUE_ID
    "fc495f64-a662-4818-8fd0-58be2ace9ea8" -- Block_ID : UNIQUE_ID
);
INSERT INTO V_VAL VALUES (
    "bf32f450-2767-4265-830b-f44870457dcb", -- Value_ID : UNIQUE_ID
    1, -- isLValue : BOOLEAN
    0, -- isImplicit : BOOLEAN
    3, -- LineNumber : INTEGER
    2, -- StartPosition : INTEGER
    26, -- EndPosition : INTEGER
    0, -- firstParameterLabelLineNumber : INTEGER
    0, -- firstParameterLabelColumn : INTEGER
    0, -- currentLaterParameterLabelLineNumber : INTEGER
    0, -- currentLaterParameterLabelColumn : INTEGER
    "ba5eda7a-def5-0000-0000-000000000002", -- DT_ID : UNIQUE_ID
    "fc495f64-a662-4818-8fd0-58be2ace9ea8" -- Block_ID : UNIQUE_ID
);
INSERT INTO V_VAL VALUES (
    "8c8c03bd-8dd9-410b-b510-d4cb75a3d2b6", -- Value_ID : UNIQUE_ID
    0, -- isLValue : BOOLEAN
    0, -- isImplicit : BOOLEAN
    3, -- LineNumber : INTEGER
    1, -- StartPosition : INTEGER
    58, -- EndPosition : INTEGER
    0, -- firstParameterLabelLineNumber : INTEGER
    0, -- firstParameterLabelColumn : INTEGER
    0, -- currentLaterParameterLabelLineNumber : INTEGER
    0, -- currentLaterParameterLabelColumn : INTEGER
    "ba5eda7a-def5-0000-0000-000000000000", -- DT_ID : UNIQUE_ID
    "8a27ab76-2f90-4950-8d69-9ac941434f1f" -- Block_ID : UNIQUE_ID
);
INSERT INTO V_VAL VALUES (
    "151a7de5-dc4d-4a44-92fd-3bb86ae648ae", -- Value_ID : UNIQUE_ID
    0, -- isLValue : BOOLEAN
    0, -- isImplicit : BOOLEAN
    3, -- LineNumber : INTEGER
    22, -- StartPosition : INTEGER
    56, -- EndPosition : INTEGER
    0, -- firstParameterLabelLineNumber : INTEGER
    0, -- firstParameterLabelColumn : INTEGER
    0, -- currentLaterParameterLabelLineNumber : INTEGER
    0, -- currentLaterParameterLabelColumn : INTEGER
    "ba5eda7a-def5-0000-0000-000000000004", -- DT_ID : UNIQUE_ID
    "8a27ab76-2f90-4950-8d69-9ac941434f1f" -- Block_ID : UNIQUE_ID
);
INSERT INTO V_VAL VALUES (
    "c933794e-2c24-4508-9684-a31a10c156a3", -- Value_ID : UNIQUE_ID
    0, -- isLValue : BOOLEAN
    0, -- isImplicit : BOOLEAN
    4, -- LineNumber : INTEGER
    48, -- StartPosition : INTEGER
    55, -- EndPosition : INTEGER
    0, -- firstParameterLabelLineNumber : INTEGER
    0, -- firstParameterLabelColumn : INTEGER
    0, -- currentLaterParameterLabelLineNumber : INTEGER
    0, -- currentLaterParameterLabelColumn : INTEGER
    "ba5eda7a-def5-0000-0000-000000000008", -- DT_ID : UNIQUE_ID
    "a9ba84c9-a18a-4588-821a-b0ee45f5a92a" -- Block_ID : UNIQUE_ID
);
INSERT INTO V_VAL VALUES (
    "486c26f2-4491-424d-a3a4-e16025f41a0a", -- Value_ID : UNIQUE_ID
    0, -- isLValue : BOOLEAN
    0, -- isImplicit : BOOLEAN
    4, -- LineNumber : INTEGER
    48, -- StartPosition : INTEGER
    67, -- EndPosition : INTEGER
    0, -- firstParameterLabelLineNumber : INTEGER
    0, -- firstParameterLabelColumn : INTEGER
    0, -- currentLaterParameterLabelLineNumber : INTEGER
    0, -- currentLaterParameterLabelColumn : INTEGER
    "ba5eda7a-def5-0000-0000-000000000002", -- DT_ID : UNIQUE_ID
    "a9ba84c9-a18a-4588-821a-b0ee45f5a92a" -- Block_ID : UNIQUE_ID
);
INSERT INTO V_VAL VALUES (
    "f39c13ff-fc21-4c50-9a68-7c3b6b30714b", -- Value_ID : UNIQUE_ID
    0, -- isLValue : BOOLEAN
    0, -- isImplicit : BOOLEAN
    4, -- LineNumber : INTEGER
    72, -- StartPosition : INTEGER
    91, -- EndPosition : INTEGER
    0, -- firstParameterLabelLineNumber : INTEGER
    0, -- firstParameterLabelColumn : INTEGER
    0, -- currentLaterParameterLabelLineNumber : INTEGER
    0, -- currentLaterParameterLabelColumn : INTEGER
    "ba5eda7a-def5-0000-0000-000000000002", -- DT_ID : UNIQUE_ID
    "a9ba84c9-a18a-4588-821a-b0ee45f5a92a" -- Block_ID : UNIQUE_ID
);
INSERT INTO V_VAL VALUES (
    "475682c0-38d3-4088-a4b8-e7abda26f600", -- Value_ID : UNIQUE_ID
    0, -- isLValue : BOOLEAN
    0, -- isImplicit : BOOLEAN
    4, -- LineNumber : INTEGER
    48, -- StartPosition : INTEGER
    91, -- EndPosition : INTEGER
    0, -- firstParameterLabelLineNumber : INTEGER
    0, -- firstParameterLabelColumn : INTEGER
    0, -- currentLaterParameterLabelLineNumber : INTEGER
    0, -- currentLaterParameterLabelColumn : INTEGER
    "ba5eda7a-def5-0000-0000-000000000001", -- DT_ID : UNIQUE_ID
    "a9ba84c9-a18a-4588-821a-b0ee45f5a92a" -- Block_ID : UNIQUE_ID
);
INSERT INTO V_VAL VALUES (
    "d4e68ae7-4842-4a19-8a5c-7bb87242fa5e", -- Value_ID : UNIQUE_ID
    0, -- isLValue : BOOLEAN
    0, -- isImplicit : BOOLEAN
    6, -- LineNumber : INTEGER
    48, -- StartPosition : INTEGER
    55, -- EndPosition : INTEGER
    0, -- firstParameterLabelLineNumber : INTEGER
    0, -- firstParameterLabelColumn : INTEGER
    0, -- currentLaterParameterLabelLineNumber : INTEGER
    0, -- currentLaterParameterLabelColumn : INTEGER
    "ba5eda7a-def5-0000-0000-000000000008", -- DT_ID : UNIQUE_ID
    "a9ba84c9-a18a-4588-821a-b0ee45f5a92a" -- Block_ID : UNIQUE_ID
);
INSERT INTO V_VAL VALUES (
    "15affe6a-04c9-4ea6-bacc-6e7b6bbc904d", -- Value_ID : UNIQUE_ID
    0, -- isLValue : BOOLEAN
    0, -- isImplicit : BOOLEAN
    6, -- LineNumber : INTEGER
    48, -- StartPosition : INTEGER
    60, -- EndPosition : INTEGER
    0, -- firstParameterLabelLineNumber : INTEGER
    0, -- firstParameterLabelColumn : INTEGER
    0, -- currentLaterParameterLabelLineNumber : INTEGER
    0, -- currentLaterParameterLabelColumn : INTEGER
    "ba5eda7a-def5-0000-0000-000000000004", -- DT_ID : UNIQUE_ID
    "a9ba84c9-a18a-4588-821a-b0ee45f5a92a" -- Block_ID : UNIQUE_ID
);
INSERT INTO V_VAL VALUES (
    "a5e030ac-a5b3-4614-8f23-f9486c64545e", -- Value_ID : UNIQUE_ID
    0, -- isLValue : BOOLEAN
    0, -- isImplicit : BOOLEAN
    6, -- LineNumber : INTEGER
    65, -- StartPosition : INTEGER
    77, -- EndPosition : INTEGER
    0, -- firstParameterLabelLineNumber : INTEGER
    0, -- firstParameterLabelColumn : INTEGER
    0, -- currentLaterParameterLabelLineNumber : INTEGER
    0, -- currentLaterParameterLabelColumn : INTEGER
    "ba5eda7a-def5-0000-0000-000000000004", -- DT_ID : UNIQUE_ID
    "a9ba84c9-a18a-4588-821a-b0ee45f5a92a" -- Block_ID : UNIQUE_ID
);
INSERT INTO V_VAL VALUES (
    "e1c33705-ee70-4d36-a8a8-8787ff46da77", -- Value_ID : UNIQUE_ID
    0, -- isLValue : BOOLEAN
    0, -- isImplicit : BOOLEAN
    6, -- LineNumber : INTEGER
    48, -- StartPosition : INTEGER
    77, -- EndPosition : INTEGER
    0, -- firstParameterLabelLineNumber : INTEGER
    0, -- firstParameterLabelColumn : INTEGER
    0, -- currentLaterParameterLabelLineNumber : INTEGER
    0, -- currentLaterParameterLabelColumn : INTEGER
    "ba5eda7a-def5-0000-0000-000000000001", -- DT_ID : UNIQUE_ID
    "a9ba84c9-a18a-4588-821a-b0ee45f5a92a" -- Block_ID : UNIQUE_ID
);
INSERT INTO V_VAL VALUES (
    "67350f12-8ade-4bc4-9481-545b82bc5117", -- Value_ID : UNIQUE_ID
    0, -- isLValue : BOOLEAN
    0, -- isImplicit : BOOLEAN
    10, -- LineNumber : INTEGER
    1, -- StartPosition : INTEGER
    56, -- EndPosition : INTEGER
    0, -- firstParameterLabelLineNumber : INTEGER
    0, -- firstParameterLabelColumn : INTEGER
    0, -- currentLaterParameterLabelLineNumber : INTEGER
    0, -- currentLaterParameterLabelColumn : INTEGER
    "ba5eda7a-def5-0000-0000-000000000000", -- DT_ID : UNIQUE_ID
    "a9ba84c9-a18a-4588-821a-b0ee45f5a92a" -- Block_ID : UNIQUE_ID
);
INSERT INTO V_VAL VALUES (
    "ded4dbb0-1582-4d58-8b56-87c123f8382e", -- Value_ID : UNIQUE_ID
    0, -- isLValue : BOOLEAN
    0, -- isImplicit : BOOLEAN
    10, -- LineNumber : INTEGER
    23, -- StartPosition : INTEGER
    30, -- EndPosition : INTEGER
    0, -- firstParameterLabelLineNumber : INTEGER
    0, -- firstParameterLabelColumn : INTEGER
    0, -- currentLaterParameterLabelLineNumber : INTEGER
    0, -- currentLaterParameterLabelColumn : INTEGER
    "ba5eda7a-def5-0000-0000-000000000008", -- DT_ID : UNIQUE_ID
    "a9ba84c9-a18a-4588-821a-b0ee45f5a92a" -- Block_ID : UNIQUE_ID
);
INSERT INTO V_VAL VALUES (
    "c229a406-1262-47f2-87d8-3a9af98790c9", -- Value_ID : UNIQUE_ID
    0, -- isLValue : BOOLEAN
    0, -- isImplicit : BOOLEAN
    10, -- LineNumber : INTEGER
    23, -- StartPosition : INTEGER
    36, -- EndPosition : INTEGER
    0, -- firstParameterLabelLineNumber : INTEGER
    0, -- firstParameterLabelColumn : INTEGER
    0, -- currentLaterParameterLabelLineNumber : INTEGER
    0, -- currentLaterParameterLabelColumn : INTEGER
    "ba5eda7a-def5-0000-0000-000000000004", -- DT_ID : UNIQUE_ID
    "a9ba84c9-a18a-4588-821a-b0ee45f5a92a" -- Block_ID : UNIQUE_ID
);
INSERT INTO V_VAL VALUES (
    "805549de-47a1-4e4e-a33a-7b1a731faddc", -- Value_ID : UNIQUE_ID
    0, -- isLValue : BOOLEAN
    0, -- isImplicit : BOOLEAN
    10, -- LineNumber : INTEGER
    38, -- StartPosition : INTEGER
    40, -- EndPosition : INTEGER
    0, -- firstParameterLabelLineNumber : INTEGER
    0, -- firstParameterLabelColumn : INTEGER
    0, -- currentLaterParameterLabelLineNumber : INTEGER
    0, -- currentLaterParameterLabelColumn : INTEGER
    "ba5eda7a-def5-0000-0000-000000000004", -- DT_ID : UNIQUE_ID
    "a9ba84c9-a18a-4588-821a-b0ee45f5a92a" -- Block_ID : UNIQUE_ID
);
INSERT INTO V_VAL VALUES (
    "50552e35-f474-4e8c-babe-7156bcc72e08", -- Value_ID : UNIQUE_ID
    0, -- isLValue : BOOLEAN
    0, -- isImplicit : BOOLEAN
    10, -- LineNumber : INTEGER
    23, -- StartPosition : INTEGER
    40, -- EndPosition : INTEGER
    0, -- firstParameterLabelLineNumber : INTEGER
    0, -- firstParameterLabelColumn : INTEGER
    0, -- currentLaterParameterLabelLineNumber : INTEGER
    0, -- currentLaterParameterLabelColumn : INTEGER
    "ba5eda7a-def5-0000-0000-000000000004", -- DT_ID : UNIQUE_ID
    "a9ba84c9-a18a-4588-821a-b0ee45f5a92a" -- Block_ID : UNIQUE_ID
);
INSERT INTO V_VAL VALUES (
    "a02d1396-48fa-4d3d-bc7b-cc7d829583bb", -- Value_ID : UNIQUE_ID
    0, -- isLValue : BOOLEAN
    0, -- isImplicit : BOOLEAN
    10, -- LineNumber : INTEGER
    42, -- StartPosition : INTEGER
    49, -- EndPosition : INTEGER
    0, -- firstParameterLabelLineNumber : INTEGER
    0, -- firstParameterLabelColumn : INTEGER
    0, -- currentLaterParameterLabelLineNumber : INTEGER
    0, -- currentLaterParameterLabelColumn : INTEGER
    "ba5eda7a-def5-0000-0000-000000000008", -- DT_ID : UNIQUE_ID
    "a9ba84c9-a18a-4588-821a-b0ee45f5a92a" -- Block_ID : UNIQUE_ID
);
INSERT INTO V_VAL VALUES (
    "da63067f-50a2-432e-8005-768780db6ffd", -- Value_ID : UNIQUE_ID
    0, -- isLValue : BOOLEAN
    0, -- isImplicit : BOOLEAN
    10, -- LineNumber : INTEGER
    42, -- StartPosition : INTEGER
    55, -- EndPosition : INTEGER
    0, -- firstParameterLabelLineNumber : INTEGER
    0, -- firstParameterLabelColumn : INTEGER
    0, -- currentLaterParameterLabelLineNumber : INTEGER
    0, -- currentLaterParameterLabelColumn : INTEGER
    "ba5eda7a-def5-0000-0000-000000000004", -- DT_ID : UNIQUE_ID
    "a9ba84c9-a18a-4588-821a-b0ee45f5a92a" -- Block_ID : UNIQUE_ID
);
INSERT INTO V_VAL VALUES (
    "064facb1-b395-46a3-8162-a34adeba9b94", -- Value_ID : UNIQUE_ID
    0, -- isLValue : BOOLEAN
    0, -- isImplicit : BOOLEAN
    10, -- LineNumber : INTEGER
    23, -- StartPosition : INTEGER
    55, -- EndPosition : INTEGER
    0, -- firstParameterLabelLineNumber : INTEGER
    0, -- firstParameterLabelColumn : INTEGER
    0, -- currentLaterParameterLabelLineNumber : INTEGER
    0, -- currentLaterParameterLabelColumn : INTEGER
    "ba5eda7a-def5-0000-0000-000000000004", -- DT_ID : UNIQUE_ID
    "a9ba84c9-a18a-4588-821a-b0ee45f5a92a" -- Block_ID : UNIQUE_ID
);
INSERT INTO V_VAL VALUES (
    "cef7c1f6-2b67-40a6-82c9-937f119a4d6b", -- Value_ID : UNIQUE_ID
    0, -- isLValue : BOOLEAN
    0, -- isImplicit : BOOLEAN
    11, -- LineNumber : INTEGER
    21, -- StartPosition : INTEGER
    37, -- EndPosition : INTEGER
    0, -- firstParameterLabelLineNumber : INTEGER
    0, -- firstParameterLabelColumn : INTEGER
    0, -- currentLaterParameterLabelLineNumber : INTEGER
    0, -- currentLaterParameterLabelColumn : INTEGER
    "ba5eda7a-def5-0000-0000-000000000004", -- DT_ID : UNIQUE_ID
    "a9ba84c9-a18a-4588-821a-b0ee45f5a92a" -- Block_ID : UNIQUE_ID
);
INSERT INTO V_VAL VALUES (
    "df383bab-f584-4dc9-a7fc-0d4e2d31458e", -- Value_ID : UNIQUE_ID
    0, -- isLValue : BOOLEAN
    0, -- isImplicit : BOOLEAN
    11, -- LineNumber : INTEGER
    1, -- StartPosition : INTEGER
    8, -- EndPosition : INTEGER
    0, -- firstParameterLabelLineNumber : INTEGER
    0, -- firstParameterLabelColumn : INTEGER
    0, -- currentLaterParameterLabelLineNumber : INTEGER
    0, -- currentLaterParameterLabelColumn : INTEGER
    "ba5eda7a-def5-0000-0000-000000000008", -- DT_ID : UNIQUE_ID
    "a9ba84c9-a18a-4588-821a-b0ee45f5a92a" -- Block_ID : UNIQUE_ID
);
INSERT INTO V_VAL VALUES (
    "5c6afcf6-a1c5-4144-bf29-ccc080bae3e0", -- Value_ID : UNIQUE_ID
    1, -- isLValue : BOOLEAN
    0, -- isImplicit : BOOLEAN
    11, -- LineNumber : INTEGER
    1, -- StartPosition : INTEGER
    17, -- EndPosition : INTEGER
    0, -- firstParameterLabelLineNumber : INTEGER
    0, -- firstParameterLabelColumn : INTEGER
    0, -- currentLaterParameterLabelLineNumber : INTEGER
    0, -- currentLaterParameterLabelColumn : INTEGER
    "ba5eda7a-def5-0000-0000-000000000004", -- DT_ID : UNIQUE_ID
    "a9ba84c9-a18a-4588-821a-b0ee45f5a92a" -- Block_ID : UNIQUE_ID
);
INSERT INTO V_VAL VALUES (
    "1c35c585-57de-4a3c-955b-ad924ee3e09a", -- Value_ID : UNIQUE_ID
    0, -- isLValue : BOOLEAN
    0, -- isImplicit : BOOLEAN
    13, -- LineNumber : INTEGER
    19, -- StartPosition : INTEGER
    33, -- EndPosition : INTEGER
    0, -- firstParameterLabelLineNumber : INTEGER
    0, -- firstParameterLabelColumn : INTEGER
    0, -- currentLaterParameterLabelLineNumber : INTEGER
    0, -- currentLaterParameterLabelColumn : INTEGER
    "ba5eda7a-def5-0000-0000-000000000004", -- DT_ID : UNIQUE_ID
    "a9ba84c9-a18a-4588-821a-b0ee45f5a92a" -- Block_ID : UNIQUE_ID
);
INSERT INTO V_VAL VALUES (
    "2e0519da-2020-4a5a-b2dd-7fa73b4de36f", -- Value_ID : UNIQUE_ID
    0, -- isLValue : BOOLEAN
    0, -- isImplicit : BOOLEAN
    13, -- LineNumber : INTEGER
    1, -- StartPosition : INTEGER
    8, -- EndPosition : INTEGER
    0, -- firstParameterLabelLineNumber : INTEGER
    0, -- firstParameterLabelColumn : INTEGER
    0, -- currentLaterParameterLabelLineNumber : INTEGER
    0, -- currentLaterParameterLabelColumn : INTEGER
    "ba5eda7a-def5-0000-0000-000000000008", -- DT_ID : UNIQUE_ID
    "a9ba84c9-a18a-4588-821a-b0ee45f5a92a" -- Block_ID : UNIQUE_ID
);
INSERT INTO V_VAL VALUES (
    "dba363c9-6aaa-4676-9c51-a1248b5031d7", -- Value_ID : UNIQUE_ID
    1, -- isLValue : BOOLEAN
    0, -- isImplicit : BOOLEAN
    13, -- LineNumber : INTEGER
    1, -- StartPosition : INTEGER
    15, -- EndPosition : INTEGER
    0, -- firstParameterLabelLineNumber : INTEGER
    0, -- firstParameterLabelColumn : INTEGER
    0, -- currentLaterParameterLabelLineNumber : INTEGER
    0, -- currentLaterParameterLabelColumn : INTEGER
    "ba5eda7a-def5-0000-0000-000000000004", -- DT_ID : UNIQUE_ID
    "a9ba84c9-a18a-4588-821a-b0ee45f5a92a" -- Block_ID : UNIQUE_ID
);
INSERT INTO V_VAL VALUES (
    "91df3de6-e43c-498e-a88b-b2c1cb9ee359", -- Value_ID : UNIQUE_ID
    0, -- isLValue : BOOLEAN
    0, -- isImplicit : BOOLEAN
    15, -- LineNumber : INTEGER
    1, -- StartPosition : INTEGER
    54, -- EndPosition : INTEGER
    0, -- firstParameterLabelLineNumber : INTEGER
    0, -- firstParameterLabelColumn : INTEGER
    0, -- currentLaterParameterLabelLineNumber : INTEGER
    0, -- currentLaterParameterLabelColumn : INTEGER
    "ba5eda7a-def5-0000-0000-000000000000", -- DT_ID : UNIQUE_ID
    "a9ba84c9-a18a-4588-821a-b0ee45f5a92a" -- Block_ID : UNIQUE_ID
);
INSERT INTO V_VAL VALUES (
    "ca61052f-bc27-4195-a1b8-bc760682c42e", -- Value_ID : UNIQUE_ID
    0, -- isLValue : BOOLEAN
    0, -- isImplicit : BOOLEAN
    15, -- LineNumber : INTEGER
    22, -- StartPosition : INTEGER
    32, -- EndPosition : INTEGER
    0, -- firstParameterLabelLineNumber : INTEGER
    0, -- firstParameterLabelColumn : INTEGER
    0, -- currentLaterParameterLabelLineNumber : INTEGER
    0, -- currentLaterParameterLabelColumn : INTEGER
    "ba5eda7a-def5-0000-0000-000000000004", -- DT_ID : UNIQUE_ID
    "a9ba84c9-a18a-4588-821a-b0ee45f5a92a" -- Block_ID : UNIQUE_ID
);
INSERT INTO V_VAL VALUES (
    "a2f4d9a1-5ab4-4550-a7f8-155c3fbd54f4", -- Value_ID : UNIQUE_ID
    0, -- isLValue : BOOLEAN
    0, -- isImplicit : BOOLEAN
    15, -- LineNumber : INTEGER
    35, -- StartPosition : INTEGER
    39, -- EndPosition : INTEGER
    0, -- firstParameterLabelLineNumber : INTEGER
    0, -- firstParameterLabelColumn : INTEGER
    0, -- currentLaterParameterLabelLineNumber : INTEGER
    0, -- currentLaterParameterLabelColumn : INTEGER
    "ba5eda7a-def5-0000-0000-000000000008", -- DT_ID : UNIQUE_ID
    "a9ba84c9-a18a-4588-821a-b0ee45f5a92a" -- Block_ID : UNIQUE_ID
);
INSERT INTO V_VAL VALUES (
    "a2c61dc9-a584-4988-a73a-4f10387e5897", -- Value_ID : UNIQUE_ID
    0, -- isLValue : BOOLEAN
    0, -- isImplicit : BOOLEAN
    15, -- LineNumber : INTEGER
    35, -- StartPosition : INTEGER
    44, -- EndPosition : INTEGER
    0, -- firstParameterLabelLineNumber : INTEGER
    0, -- firstParameterLabelColumn : INTEGER
    0, -- currentLaterParameterLabelLineNumber : INTEGER
    0, -- currentLaterParameterLabelColumn : INTEGER
    "ba5eda7a-def5-0000-0000-000000000004", -- DT_ID : UNIQUE_ID
    "a9ba84c9-a18a-4588-821a-b0ee45f5a92a" -- Block_ID : UNIQUE_ID
);
INSERT INTO V_VAL VALUES (
    "8742760c-2555-4155-ae3f-007985a0bfd4", -- Value_ID : UNIQUE_ID
    0, -- isLValue : BOOLEAN
    0, -- isImplicit : BOOLEAN
    15, -- LineNumber : INTEGER
    22, -- StartPosition : INTEGER
    44, -- EndPosition : INTEGER
    0, -- firstParameterLabelLineNumber : INTEGER
    0, -- firstParameterLabelColumn : INTEGER
    0, -- currentLaterParameterLabelLineNumber : INTEGER
    0, -- currentLaterParameterLabelColumn : INTEGER
    "ba5eda7a-def5-0000-0000-000000000004", -- DT_ID : UNIQUE_ID
    "a9ba84c9-a18a-4588-821a-b0ee45f5a92a" -- Block_ID : UNIQUE_ID
);
INSERT INTO V_VAL VALUES (
    "7b02f47c-6499-4d3d-99b6-0f380198034f", -- Value_ID : UNIQUE_ID
    0, -- isLValue : BOOLEAN
    0, -- isImplicit : BOOLEAN
    15, -- LineNumber : INTEGER
    47, -- StartPosition : INTEGER
    53, -- EndPosition : INTEGER
    0, -- firstParameterLabelLineNumber : INTEGER
    0, -- firstParameterLabelColumn : INTEGER
    0, -- currentLaterParameterLabelLineNumber : INTEGER
    0, -- currentLaterParameterLabelColumn : INTEGER
    "ba5eda7a-def5-0000-0000-000000000004", -- DT_ID : UNIQUE_ID
    "a9ba84c9-a18a-4588-821a-b0ee45f5a92a" -- Block_ID : UNIQUE_ID
);
INSERT INTO V_VAL VALUES (
    "940c2374-8a82-408a-a2ec-b827086c8858", -- Value_ID : UNIQUE_ID
    0, -- isLValue : BOOLEAN
    0, -- isImplicit : BOOLEAN
    15, -- LineNumber : INTEGER
    22, -- StartPosition : INTEGER
    53, -- EndPosition : INTEGER
    0, -- firstParameterLabelLineNumber : INTEGER
    0, -- firstParameterLabelColumn : INTEGER
    0, -- currentLaterParameterLabelLineNumber : INTEGER
    0, -- currentLaterParameterLabelColumn : INTEGER
    "ba5eda7a-def5-0000-0000-000000000004", -- DT_ID : UNIQUE_ID
    "a9ba84c9-a18a-4588-821a-b0ee45f5a92a" -- Block_ID : UNIQUE_ID
);
INSERT INTO V_VAL VALUES (
    "2f542a09-b543-4cdc-b118-424700670337", -- Value_ID : UNIQUE_ID
    0, -- isLValue : BOOLEAN
    0, -- isImplicit : BOOLEAN
    16, -- LineNumber : INTEGER
    1, -- StartPosition : INTEGER
    47, -- EndPosition : INTEGER
    0, -- firstParameterLabelLineNumber : INTEGER
    0, -- firstParameterLabelColumn : INTEGER
    0, -- currentLaterParameterLabelLineNumber : INTEGER
    0, -- currentLaterParameterLabelColumn : INTEGER
    "ba5eda7a-def5-0000-0000-000000000000", -- DT_ID : UNIQUE_ID
    "a9ba84c9-a18a-4588-821a-b0ee45f5a92a" -- Block_ID : UNIQUE_ID
);
INSERT INTO V_VAL VALUES (
    "09c8274d-f708-4a03-826d-9ff4decc7a9a", -- Value_ID : UNIQUE_ID
    0, -- isLValue : BOOLEAN
    0, -- isImplicit : BOOLEAN
    16, -- LineNumber : INTEGER
    22, -- StartPosition : INTEGER
    27, -- EndPosition : INTEGER
    0, -- firstParameterLabelLineNumber : INTEGER
    0, -- firstParameterLabelColumn : INTEGER
    0, -- currentLaterParameterLabelLineNumber : INTEGER
    0, -- currentLaterParameterLabelColumn : INTEGER
    "ba5eda7a-def5-0000-0000-000000000004", -- DT_ID : UNIQUE_ID
    "a9ba84c9-a18a-4588-821a-b0ee45f5a92a" -- Block_ID : UNIQUE_ID
);
INSERT INTO V_VAL VALUES (
    "298e96ef-27b0-4528-ab91-ee917ce6746d", -- Value_ID : UNIQUE_ID
    0, -- isLValue : BOOLEAN
    0, -- isImplicit : BOOLEAN
    16, -- LineNumber : INTEGER
    30, -- StartPosition : INTEGER
    37, -- EndPosition : INTEGER
    0, -- firstParameterLabelLineNumber : INTEGER
    0, -- firstParameterLabelColumn : INTEGER
    0, -- currentLaterParameterLabelLineNumber : INTEGER
    0, -- currentLaterParameterLabelColumn : INTEGER
    "ba5eda7a-def5-0000-0000-000000000008", -- DT_ID : UNIQUE_ID
    "a9ba84c9-a18a-4588-821a-b0ee45f5a92a" -- Block_ID : UNIQUE_ID
);
INSERT INTO V_VAL VALUES (
    "6d10e2c2-fe69-4b12-bf44-3000a25fdf97", -- Value_ID : UNIQUE_ID
    0, -- isLValue : BOOLEAN
    0, -- isImplicit : BOOLEAN
    16, -- LineNumber : INTEGER
    30, -- StartPosition : INTEGER
    46, -- EndPosition : INTEGER
    0, -- firstParameterLabelLineNumber : INTEGER
    0, -- firstParameterLabelColumn : INTEGER
    0, -- currentLaterParameterLabelLineNumber : INTEGER
    0, -- currentLaterParameterLabelColumn : INTEGER
    "ba5eda7a-def5-0000-0000-000000000004", -- DT_ID : UNIQUE_ID
    "a9ba84c9-a18a-4588-821a-b0ee45f5a92a" -- Block_ID : UNIQUE_ID
);
INSERT INTO V_VAL VALUES (
    "16fa8b5b-5cca-4e4e-9570-b1daf8d8ee16", -- Value_ID : UNIQUE_ID
    0, -- isLValue : BOOLEAN
    0, -- isImplicit : BOOLEAN
    16, -- LineNumber : INTEGER
    22, -- StartPosition : INTEGER
    46, -- EndPosition : INTEGER
    0, -- firstParameterLabelLineNumber : INTEGER
    0, -- firstParameterLabelColumn : INTEGER
    0, -- currentLaterParameterLabelLineNumber : INTEGER
    0, -- currentLaterParameterLabelColumn : INTEGER
    "ba5eda7a-def5-0000-0000-000000000004", -- DT_ID : UNIQUE_ID
    "a9ba84c9-a18a-4588-821a-b0ee45f5a92a" -- Block_ID : UNIQUE_ID
);
INSERT INTO V_VAL VALUES (
    "0ee338d4-d1a5-490a-9d75-4aebfc1efe54", -- Value_ID : UNIQUE_ID
    0, -- isLValue : BOOLEAN
    0, -- isImplicit : BOOLEAN
    17, -- LineNumber : INTEGER
    1, -- StartPosition : INTEGER
    43, -- EndPosition : INTEGER
    0, -- firstParameterLabelLineNumber : INTEGER
    0, -- firstParameterLabelColumn : INTEGER
    0, -- currentLaterParameterLabelLineNumber : INTEGER
    0, -- currentLaterParameterLabelColumn : INTEGER
    "ba5eda7a-def5-0000-0000-000000000000", -- DT_ID : UNIQUE_ID
    "a9ba84c9-a18a-4588-821a-b0ee45f5a92a" -- Block_ID : UNIQUE_ID
);
INSERT INTO V_VAL VALUES (
    "97edaa95-5a5b-416a-8442-c1bdb67a8bb1", -- Value_ID : UNIQUE_ID
    0, -- isLValue : BOOLEAN
    0, -- isImplicit : BOOLEAN
    17, -- LineNumber : INTEGER
    22, -- StartPosition : INTEGER
    25, -- EndPosition : INTEGER
    0, -- firstParameterLabelLineNumber : INTEGER
    0, -- firstParameterLabelColumn : INTEGER
    0, -- currentLaterParameterLabelLineNumber : INTEGER
    0, -- currentLaterParameterLabelColumn : INTEGER
    "ba5eda7a-def5-0000-0000-000000000004", -- DT_ID : UNIQUE_ID
    "a9ba84c9-a18a-4588-821a-b0ee45f5a92a" -- Block_ID : UNIQUE_ID
);
INSERT INTO V_VAL VALUES (
    "855151ce-151c-4837-8770-c22ee8801fa5", -- Value_ID : UNIQUE_ID
    0, -- isLValue : BOOLEAN
    0, -- isImplicit : BOOLEAN
    17, -- LineNumber : INTEGER
    28, -- StartPosition : INTEGER
    35, -- EndPosition : INTEGER
    0, -- firstParameterLabelLineNumber : INTEGER
    0, -- firstParameterLabelColumn : INTEGER
    0, -- currentLaterParameterLabelLineNumber : INTEGER
    0, -- currentLaterParameterLabelColumn : INTEGER
    "ba5eda7a-def5-0000-0000-000000000008", -- DT_ID : UNIQUE_ID
    "a9ba84c9-a18a-4588-821a-b0ee45f5a92a" -- Block_ID : UNIQUE_ID
);
INSERT INTO V_VAL VALUES (
    "7d474622-2378-4e66-8f32-58e91f7409c4", -- Value_ID : UNIQUE_ID
    0, -- isLValue : BOOLEAN
    0, -- isImplicit : BOOLEAN
    17, -- LineNumber : INTEGER
    28, -- StartPosition : INTEGER
    42, -- EndPosition : INTEGER
    0, -- firstParameterLabelLineNumber : INTEGER
    0, -- firstParameterLabelColumn : INTEGER
    0, -- currentLaterParameterLabelLineNumber : INTEGER
    0, -- currentLaterParameterLabelColumn : INTEGER
    "ba5eda7a-def5-0000-0000-000000000004", -- DT_ID : UNIQUE_ID
    "a9ba84c9-a18a-4588-821a-b0ee45f5a92a" -- Block_ID : UNIQUE_ID
);
INSERT INTO V_VAL VALUES (
    "7153dabf-557d-49ff-a06d-a048bd9005b6", -- Value_ID : UNIQUE_ID
    0, -- isLValue : BOOLEAN
    0, -- isImplicit : BOOLEAN
    17, -- LineNumber : INTEGER
    22, -- StartPosition : INTEGER
    42, -- EndPosition : INTEGER
    0, -- firstParameterLabelLineNumber : INTEGER
    0, -- firstParameterLabelColumn : INTEGER
    0, -- currentLaterParameterLabelLineNumber : INTEGER
    0, -- currentLaterParameterLabelColumn : INTEGER
    "ba5eda7a-def5-0000-0000-000000000004", -- DT_ID : UNIQUE_ID
    "a9ba84c9-a18a-4588-821a-b0ee45f5a92a" -- Block_ID : UNIQUE_ID
);
INSERT INTO V_VAL VALUES (
    "2089add5-0845-4dcb-9e33-ddc1b2479be0", -- Value_ID : UNIQUE_ID
    0, -- isLValue : BOOLEAN
    0, -- isImplicit : BOOLEAN
    2, -- LineNumber : INTEGER
    1, -- StartPosition : INTEGER
    43, -- EndPosition : INTEGER
    0, -- firstParameterLabelLineNumber : INTEGER
    0, -- firstParameterLabelColumn : INTEGER
    0, -- currentLaterParameterLabelLineNumber : INTEGER
    0, -- currentLaterParameterLabelColumn : INTEGER
    "ba5eda7a-def5-0000-0000-000000000000", -- DT_ID : UNIQUE_ID
    "fee5d401-ae92-4541-b2aa-73f06b67248a" -- Block_ID : UNIQUE_ID
);
INSERT INTO V_VAL VALUES (
    "a35c48b7-5177-41f6-8d9d-e594481201de", -- Value_ID : UNIQUE_ID
    0, -- isLValue : BOOLEAN
    0, -- isImplicit : BOOLEAN
    2, -- LineNumber : INTEGER
    31, -- StartPosition : INTEGER
    41, -- EndPosition : INTEGER
    0, -- firstParameterLabelLineNumber : INTEGER
    0, -- firstParameterLabelColumn : INTEGER
    0, -- currentLaterParameterLabelLineNumber : INTEGER
    0, -- currentLaterParameterLabelColumn : INTEGER
    "ba5eda7a-def5-0000-0000-000000000001", -- DT_ID : UNIQUE_ID
    "fee5d401-ae92-4541-b2aa-73f06b67248a" -- Block_ID : UNIQUE_ID
);
INSERT INTO V_VAL VALUES (
    "6a76e462-d655-431b-852e-aba14e7f00a4", -- Value_ID : UNIQUE_ID
    0, -- isLValue : BOOLEAN
    0, -- isImplicit : BOOLEAN
    2, -- LineNumber : INTEGER
    14, -- StartPosition : INTEGER
    22, -- EndPosition : INTEGER
    0, -- firstParameterLabelLineNumber : INTEGER
    0, -- firstParameterLabelColumn : INTEGER
    0, -- currentLaterParameterLabelLineNumber : INTEGER
    0, -- currentLaterParameterLabelColumn : INTEGER
    "ba5eda7a-def5-0000-0000-000000000004", -- DT_ID : UNIQUE_ID
    "fee5d401-ae92-4541-b2aa-73f06b67248a" -- Block_ID : UNIQUE_ID
);
INSERT INTO V_VAL VALUES (
    "11f0386b-1ba8-4662-bff5-b3570121b093", -- Value_ID : UNIQUE_ID
    0, -- isLValue : BOOLEAN
    0, -- isImplicit : BOOLEAN
    2, -- LineNumber : INTEGER
    1, -- StartPosition : INTEGER
    58, -- EndPosition : INTEGER
    0, -- firstParameterLabelLineNumber : INTEGER
    0, -- firstParameterLabelColumn : INTEGER
    0, -- currentLaterParameterLabelLineNumber : INTEGER
    0, -- currentLaterParameterLabelColumn : INTEGER
    "ba5eda7a-def5-0000-0000-000000000000", -- DT_ID : UNIQUE_ID
    "92f6d78f-3789-4e61-a009-8d93795c1858" -- Block_ID : UNIQUE_ID
);
INSERT INTO V_VAL VALUES (
    "45d59161-87bb-4dc7-aec8-141c299d701a", -- Value_ID : UNIQUE_ID
    0, -- isLValue : BOOLEAN
    0, -- isImplicit : BOOLEAN
    2, -- LineNumber : INTEGER
    22, -- StartPosition : INTEGER
    56, -- EndPosition : INTEGER
    0, -- firstParameterLabelLineNumber : INTEGER
    0, -- firstParameterLabelColumn : INTEGER
    0, -- currentLaterParameterLabelLineNumber : INTEGER
    0, -- currentLaterParameterLabelColumn : INTEGER
    "ba5eda7a-def5-0000-0000-000000000004", -- DT_ID : UNIQUE_ID
    "92f6d78f-3789-4e61-a009-8d93795c1858" -- Block_ID : UNIQUE_ID
);
INSERT INTO V_VAL VALUES (
    "5f1c36f8-2d57-4690-84d6-6b1d3a5873d9", -- Value_ID : UNIQUE_ID
    0, -- isLValue : BOOLEAN
    0, -- isImplicit : BOOLEAN
    3, -- LineNumber : INTEGER
    48, -- StartPosition : INTEGER
    55, -- EndPosition : INTEGER
    0, -- firstParameterLabelLineNumber : INTEGER
    0, -- firstParameterLabelColumn : INTEGER
    0, -- currentLaterParameterLabelLineNumber : INTEGER
    0, -- currentLaterParameterLabelColumn : INTEGER
    "ba5eda7a-def5-0000-0000-000000000008", -- DT_ID : UNIQUE_ID
    "92f6d78f-3789-4e61-a009-8d93795c1858" -- Block_ID : UNIQUE_ID
);
INSERT INTO V_VAL VALUES (
    "6323e0f5-9a5a-4999-a737-6cf2faf3b9f5", -- Value_ID : UNIQUE_ID
    0, -- isLValue : BOOLEAN
    0, -- isImplicit : BOOLEAN
    3, -- LineNumber : INTEGER
    48, -- StartPosition : INTEGER
    67, -- EndPosition : INTEGER
    0, -- firstParameterLabelLineNumber : INTEGER
    0, -- firstParameterLabelColumn : INTEGER
    0, -- currentLaterParameterLabelLineNumber : INTEGER
    0, -- currentLaterParameterLabelColumn : INTEGER
    "ba5eda7a-def5-0000-0000-000000000002", -- DT_ID : UNIQUE_ID
    "92f6d78f-3789-4e61-a009-8d93795c1858" -- Block_ID : UNIQUE_ID
);
INSERT INTO V_VAL VALUES (
    "a04f9e87-766e-4cd7-8f89-162fa57738f1", -- Value_ID : UNIQUE_ID
    0, -- isLValue : BOOLEAN
    0, -- isImplicit : BOOLEAN
    3, -- LineNumber : INTEGER
    70, -- StartPosition : INTEGER
    86, -- EndPosition : INTEGER
    0, -- firstParameterLabelLineNumber : INTEGER
    0, -- firstParameterLabelColumn : INTEGER
    0, -- currentLaterParameterLabelLineNumber : INTEGER
    0, -- currentLaterParameterLabelColumn : INTEGER
    "ba5eda7a-def5-0000-0000-000000000002", -- DT_ID : UNIQUE_ID
    "92f6d78f-3789-4e61-a009-8d93795c1858" -- Block_ID : UNIQUE_ID
);
INSERT INTO V_VAL VALUES (
    "c5345e3a-2735-44fe-8b53-3a07999a8c7d", -- Value_ID : UNIQUE_ID
    0, -- isLValue : BOOLEAN
    0, -- isImplicit : BOOLEAN
    3, -- LineNumber : INTEGER
    48, -- StartPosition : INTEGER
    86, -- EndPosition : INTEGER
    0, -- firstParameterLabelLineNumber : INTEGER
    0, -- firstParameterLabelColumn : INTEGER
    0, -- currentLaterParameterLabelLineNumber : INTEGER
    0, -- currentLaterParameterLabelColumn : INTEGER
    "ba5eda7a-def5-0000-0000-000000000001", -- DT_ID : UNIQUE_ID
    "92f6d78f-3789-4e61-a009-8d93795c1858" -- Block_ID : UNIQUE_ID
);
INSERT INTO V_VAL VALUES (
    "83c80461-7c7b-4fe7-a20b-67f5428f98de", -- Value_ID : UNIQUE_ID
    0, -- isLValue : BOOLEAN
    0, -- isImplicit : BOOLEAN
    4, -- LineNumber : INTEGER
    12, -- StartPosition : INTEGER
    19, -- EndPosition : INTEGER
    0, -- firstParameterLabelLineNumber : INTEGER
    0, -- firstParameterLabelColumn : INTEGER
    0, -- currentLaterParameterLabelLineNumber : INTEGER
    0, -- currentLaterParameterLabelColumn : INTEGER
    "ba5eda7a-def5-0000-0000-000000000008", -- DT_ID : UNIQUE_ID
    "92f6d78f-3789-4e61-a009-8d93795c1858" -- Block_ID : UNIQUE_ID
);
INSERT INTO V_VAL VALUES (
    "24234c1b-5648-4f3e-afd0-9d03fb0dcdd2", -- Value_ID : UNIQUE_ID
    0, -- isLValue : BOOLEAN
    0, -- isImplicit : BOOLEAN
    4, -- LineNumber : INTEGER
    4, -- StartPosition : INTEGER
    21, -- EndPosition : INTEGER
    0, -- firstParameterLabelLineNumber : INTEGER
    0, -- firstParameterLabelColumn : INTEGER
    0, -- currentLaterParameterLabelLineNumber : INTEGER
    0, -- currentLaterParameterLabelColumn : INTEGER
    "ba5eda7a-def5-0000-0000-000000000001", -- DT_ID : UNIQUE_ID
    "92f6d78f-3789-4e61-a009-8d93795c1858" -- Block_ID : UNIQUE_ID
);
INSERT INTO V_VAL VALUES (
    "194e0c64-cb11-4ac1-925d-fa756c0f3ab6", -- Value_ID : UNIQUE_ID
    0, -- isLValue : BOOLEAN
    0, -- isImplicit : BOOLEAN
    6, -- LineNumber : INTEGER
    2, -- StartPosition : INTEGER
    9, -- EndPosition : INTEGER
    0, -- firstParameterLabelLineNumber : INTEGER
    0, -- firstParameterLabelColumn : INTEGER
    0, -- currentLaterParameterLabelLineNumber : INTEGER
    0, -- currentLaterParameterLabelColumn : INTEGER
    "ba5eda7a-def5-0000-0000-000000000008", -- DT_ID : UNIQUE_ID
    "8ebc7d09-d85b-4d33-8fc8-f59f6c66f62d" -- Block_ID : UNIQUE_ID
);
INSERT INTO V_VAL VALUES (
    "00971cd7-4ad8-48f3-bb22-7130c268ae0e", -- Value_ID : UNIQUE_ID
    0, -- isLValue : BOOLEAN
    0, -- isImplicit : BOOLEAN
    6, -- LineNumber : INTEGER
    2, -- StartPosition : INTEGER
    95, -- EndPosition : INTEGER
    0, -- firstParameterLabelLineNumber : INTEGER
    0, -- firstParameterLabelColumn : INTEGER
    0, -- currentLaterParameterLabelLineNumber : INTEGER
    0, -- currentLaterParameterLabelColumn : INTEGER
    "ba5eda7a-def5-0000-0000-000000000000", -- DT_ID : UNIQUE_ID
    "8ebc7d09-d85b-4d33-8fc8-f59f6c66f62d" -- Block_ID : UNIQUE_ID
);
INSERT INTO V_VAL VALUES (
    "e077b99e-4aa5-4581-afff-b764a9be897c", -- Value_ID : UNIQUE_ID
    0, -- isLValue : BOOLEAN
    0, -- isImplicit : BOOLEAN
    6, -- LineNumber : INTEGER
    78, -- StartPosition : INTEGER
    94, -- EndPosition : INTEGER
    0, -- firstParameterLabelLineNumber : INTEGER
    0, -- firstParameterLabelColumn : INTEGER
    0, -- currentLaterParameterLabelLineNumber : INTEGER
    0, -- currentLaterParameterLabelColumn : INTEGER
    "ba5eda7a-def5-0000-0000-000000000002", -- DT_ID : UNIQUE_ID
    "8ebc7d09-d85b-4d33-8fc8-f59f6c66f62d" -- Block_ID : UNIQUE_ID
);
INSERT INTO V_VAL VALUES (
    "f41a7514-cfb7-49db-b3a8-630b043ade19", -- Value_ID : UNIQUE_ID
    0, -- isLValue : BOOLEAN
    0, -- isImplicit : BOOLEAN
    6, -- LineNumber : INTEGER
    52, -- StartPosition : INTEGER
    62, -- EndPosition : INTEGER
    0, -- firstParameterLabelLineNumber : INTEGER
    0, -- firstParameterLabelColumn : INTEGER
    0, -- currentLaterParameterLabelLineNumber : INTEGER
    0, -- currentLaterParameterLabelColumn : INTEGER
    "ba5eda7a-def5-0000-0000-000000000004", -- DT_ID : UNIQUE_ID
    "8ebc7d09-d85b-4d33-8fc8-f59f6c66f62d" -- Block_ID : UNIQUE_ID
);
INSERT INTO V_VAL VALUES (
    "a3795368-fb03-4f29-ac48-06ed3c54bfa9", -- Value_ID : UNIQUE_ID
    0, -- isLValue : BOOLEAN
    0, -- isImplicit : BOOLEAN
    6, -- LineNumber : INTEGER
    33, -- StartPosition : INTEGER
    43, -- EndPosition : INTEGER
    0, -- firstParameterLabelLineNumber : INTEGER
    0, -- firstParameterLabelColumn : INTEGER
    0, -- currentLaterParameterLabelLineNumber : INTEGER
    0, -- currentLaterParameterLabelColumn : INTEGER
    "ba5eda7a-def5-0000-0000-000000000004", -- DT_ID : UNIQUE_ID
    "8ebc7d09-d85b-4d33-8fc8-f59f6c66f62d" -- Block_ID : UNIQUE_ID
);
INSERT INTO V_VAL VALUES (
    "b9fdc4fc-bd51-4549-847f-14dc9bf73eb7", -- Value_ID : UNIQUE_ID
    0, -- isLValue : BOOLEAN
    0, -- isImplicit : BOOLEAN
    7, -- LineNumber : INTEGER
    55, -- StartPosition : INTEGER
    58, -- EndPosition : INTEGER
    0, -- firstParameterLabelLineNumber : INTEGER
    0, -- firstParameterLabelColumn : INTEGER
    0, -- currentLaterParameterLabelLineNumber : INTEGER
    0, -- currentLaterParameterLabelColumn : INTEGER
    "ba5eda7a-def5-0000-0000-000000000001", -- DT_ID : UNIQUE_ID
    "8ebc7d09-d85b-4d33-8fc8-f59f6c66f62d" -- Block_ID : UNIQUE_ID
);
INSERT INTO V_VAL VALUES (
    "1f13c105-f94d-4abe-89ed-ad4c78f27d85", -- Value_ID : UNIQUE_ID
    0, -- isLValue : BOOLEAN
    0, -- isImplicit : BOOLEAN
    7, -- LineNumber : INTEGER
    17, -- StartPosition : INTEGER
    46, -- EndPosition : INTEGER
    0, -- firstParameterLabelLineNumber : INTEGER
    0, -- firstParameterLabelColumn : INTEGER
    0, -- currentLaterParameterLabelLineNumber : INTEGER
    0, -- currentLaterParameterLabelColumn : INTEGER
    "ba5eda7a-def5-0000-0000-000000000004", -- DT_ID : UNIQUE_ID
    "8ebc7d09-d85b-4d33-8fc8-f59f6c66f62d" -- Block_ID : UNIQUE_ID
);
INSERT INTO V_VAL VALUES (
    "47745faa-38bb-4a2c-95d5-9633f42c0471", -- Value_ID : UNIQUE_ID
    0, -- isLValue : BOOLEAN
    0, -- isImplicit : BOOLEAN
    10, -- LineNumber : INTEGER
    2, -- StartPosition : INTEGER
    50, -- EndPosition : INTEGER
    0, -- firstParameterLabelLineNumber : INTEGER
    0, -- firstParameterLabelColumn : INTEGER
    0, -- currentLaterParameterLabelLineNumber : INTEGER
    0, -- currentLaterParameterLabelColumn : INTEGER
    "ba5eda7a-def5-0000-0000-000000000000", -- DT_ID : UNIQUE_ID
    "cc56478f-1c04-44f6-894c-3c43f9717460" -- Block_ID : UNIQUE_ID
);
INSERT INTO V_VAL VALUES (
    "33fc658f-bd80-4318-9dad-856ef5ae6371", -- Value_ID : UNIQUE_ID
    0, -- isLValue : BOOLEAN
    0, -- isImplicit : BOOLEAN
    10, -- LineNumber : INTEGER
    23, -- StartPosition : INTEGER
    48, -- EndPosition : INTEGER
    0, -- firstParameterLabelLineNumber : INTEGER
    0, -- firstParameterLabelColumn : INTEGER
    0, -- currentLaterParameterLabelLineNumber : INTEGER
    0, -- currentLaterParameterLabelColumn : INTEGER
    "ba5eda7a-def5-0000-0000-000000000004", -- DT_ID : UNIQUE_ID
    "cc56478f-1c04-44f6-894c-3c43f9717460" -- Block_ID : UNIQUE_ID
);
INSERT INTO V_VAL VALUES (
    "0b5f2b8a-6822-4ddc-9f37-0475b1ae2e55", -- Value_ID : UNIQUE_ID
    0, -- isLValue : BOOLEAN
    0, -- isImplicit : BOOLEAN
    11, -- LineNumber : INTEGER
    50, -- StartPosition : INTEGER
    54, -- EndPosition : INTEGER
    0, -- firstParameterLabelLineNumber : INTEGER
    0, -- firstParameterLabelColumn : INTEGER
    0, -- currentLaterParameterLabelLineNumber : INTEGER
    0, -- currentLaterParameterLabelColumn : INTEGER
    "ba5eda7a-def5-0000-0000-000000000001", -- DT_ID : UNIQUE_ID
    "cc56478f-1c04-44f6-894c-3c43f9717460" -- Block_ID : UNIQUE_ID
);
INSERT INTO V_VAL VALUES (
    "e98a554d-67ad-4c9f-bff7-2e9e59af1038", -- Value_ID : UNIQUE_ID
    0, -- isLValue : BOOLEAN
    0, -- isImplicit : BOOLEAN
    11, -- LineNumber : INTEGER
    17, -- StartPosition : INTEGER
    41, -- EndPosition : INTEGER
    0, -- firstParameterLabelLineNumber : INTEGER
    0, -- firstParameterLabelColumn : INTEGER
    0, -- currentLaterParameterLabelLineNumber : INTEGER
    0, -- currentLaterParameterLabelColumn : INTEGER
    "ba5eda7a-def5-0000-0000-000000000004", -- DT_ID : UNIQUE_ID
    "cc56478f-1c04-44f6-894c-3c43f9717460" -- Block_ID : UNIQUE_ID
);
INSERT INTO V_VAL VALUES (
    "66b81c90-bec9-4215-a712-5749c8b4e3d5", -- Value_ID : UNIQUE_ID
    0, -- isLValue : BOOLEAN
    0, -- isImplicit : BOOLEAN
    1, -- LineNumber : INTEGER
    1, -- StartPosition : INTEGER
    58, -- EndPosition : INTEGER
    0, -- firstParameterLabelLineNumber : INTEGER
    0, -- firstParameterLabelColumn : INTEGER
    0, -- currentLaterParameterLabelLineNumber : INTEGER
    0, -- currentLaterParameterLabelColumn : INTEGER
    "ba5eda7a-def5-0000-0000-000000000000", -- DT_ID : UNIQUE_ID
    "c1982ebe-d5bf-495b-ac12-2e3f0c66c2cd" -- Block_ID : UNIQUE_ID
);
INSERT INTO V_VAL VALUES (
    "4a7944b6-d9d9-4d79-a1a9-444481c08e04", -- Value_ID : UNIQUE_ID
    0, -- isLValue : BOOLEAN
    0, -- isImplicit : BOOLEAN
    1, -- LineNumber : INTEGER
    22, -- StartPosition : INTEGER
    56, -- EndPosition : INTEGER
    0, -- firstParameterLabelLineNumber : INTEGER
    0, -- firstParameterLabelColumn : INTEGER
    0, -- currentLaterParameterLabelLineNumber : INTEGER
    0, -- currentLaterParameterLabelColumn : INTEGER
    "ba5eda7a-def5-0000-0000-000000000004", -- DT_ID : UNIQUE_ID
    "c1982ebe-d5bf-495b-ac12-2e3f0c66c2cd" -- Block_ID : UNIQUE_ID
);
INSERT INTO V_VAL VALUES (
    "6993a67d-4a64-47ef-9d5a-1fb02b566e29", -- Value_ID : UNIQUE_ID
    0, -- isLValue : BOOLEAN
    0, -- isImplicit : BOOLEAN
    3, -- LineNumber : INTEGER
    48, -- StartPosition : INTEGER
    55, -- EndPosition : INTEGER
    0, -- firstParameterLabelLineNumber : INTEGER
    0, -- firstParameterLabelColumn : INTEGER
    0, -- currentLaterParameterLabelLineNumber : INTEGER
    0, -- currentLaterParameterLabelColumn : INTEGER
    "ba5eda7a-def5-0000-0000-000000000008", -- DT_ID : UNIQUE_ID
    "c1982ebe-d5bf-495b-ac12-2e3f0c66c2cd" -- Block_ID : UNIQUE_ID
);
INSERT INTO V_VAL VALUES (
    "5863e429-492c-430f-a208-98522235f6dc", -- Value_ID : UNIQUE_ID
    0, -- isLValue : BOOLEAN
    0, -- isImplicit : BOOLEAN
    3, -- LineNumber : INTEGER
    48, -- StartPosition : INTEGER
    67, -- EndPosition : INTEGER
    0, -- firstParameterLabelLineNumber : INTEGER
    0, -- firstParameterLabelColumn : INTEGER
    0, -- currentLaterParameterLabelLineNumber : INTEGER
    0, -- currentLaterParameterLabelColumn : INTEGER
    "ba5eda7a-def5-0000-0000-000000000002", -- DT_ID : UNIQUE_ID
    "c1982ebe-d5bf-495b-ac12-2e3f0c66c2cd" -- Block_ID : UNIQUE_ID
);
INSERT INTO V_VAL VALUES (
    "47132464-9acd-48cf-b2ab-93aee45de5a5", -- Value_ID : UNIQUE_ID
    0, -- isLValue : BOOLEAN
    0, -- isImplicit : BOOLEAN
    3, -- LineNumber : INTEGER
    70, -- StartPosition : INTEGER
    86, -- EndPosition : INTEGER
    0, -- firstParameterLabelLineNumber : INTEGER
    0, -- firstParameterLabelColumn : INTEGER
    0, -- currentLaterParameterLabelLineNumber : INTEGER
    0, -- currentLaterParameterLabelColumn : INTEGER
    "ba5eda7a-def5-0000-0000-000000000002", -- DT_ID : UNIQUE_ID
    "c1982ebe-d5bf-495b-ac12-2e3f0c66c2cd" -- Block_ID : UNIQUE_ID
);
INSERT INTO V_VAL VALUES (
    "170470e5-d79c-4c88-8ce3-1b671f7da457", -- Value_ID : UNIQUE_ID
    0, -- isLValue : BOOLEAN
    0, -- isImplicit : BOOLEAN
    3, -- LineNumber : INTEGER
    48, -- StartPosition : INTEGER
    86, -- EndPosition : INTEGER
    0, -- firstParameterLabelLineNumber : INTEGER
    0, -- firstParameterLabelColumn : INTEGER
    0, -- currentLaterParameterLabelLineNumber : INTEGER
    0, -- currentLaterParameterLabelColumn : INTEGER
    "ba5eda7a-def5-0000-0000-000000000001", -- DT_ID : UNIQUE_ID
    "c1982ebe-d5bf-495b-ac12-2e3f0c66c2cd" -- Block_ID : UNIQUE_ID
);
INSERT INTO V_VAL VALUES (
    "a94d4147-af01-4e1d-b38a-4a93d26bdc0f", -- Value_ID : UNIQUE_ID
    0, -- isLValue : BOOLEAN
    0, -- isImplicit : BOOLEAN
    4, -- LineNumber : INTEGER
    16, -- StartPosition : INTEGER
    23, -- EndPosition : INTEGER
    0, -- firstParameterLabelLineNumber : INTEGER
    0, -- firstParameterLabelColumn : INTEGER
    0, -- currentLaterParameterLabelLineNumber : INTEGER
    0, -- currentLaterParameterLabelColumn : INTEGER
    "ba5eda7a-def5-0000-0000-000000000008", -- DT_ID : UNIQUE_ID
    "c1982ebe-d5bf-495b-ac12-2e3f0c66c2cd" -- Block_ID : UNIQUE_ID
);
INSERT INTO V_VAL VALUES (
    "412a4c80-7339-46fb-859a-c89ddd015247", -- Value_ID : UNIQUE_ID
    0, -- isLValue : BOOLEAN
    0, -- isImplicit : BOOLEAN
    4, -- LineNumber : INTEGER
    10, -- StartPosition : INTEGER
    23, -- EndPosition : INTEGER
    0, -- firstParameterLabelLineNumber : INTEGER
    0, -- firstParameterLabelColumn : INTEGER
    0, -- currentLaterParameterLabelLineNumber : INTEGER
    0, -- currentLaterParameterLabelColumn : INTEGER
    "ba5eda7a-def5-0000-0000-000000000001", -- DT_ID : UNIQUE_ID
    "c1982ebe-d5bf-495b-ac12-2e3f0c66c2cd" -- Block_ID : UNIQUE_ID
);
INSERT INTO V_VAL VALUES (
    "cf4c674a-4816-4608-b7cf-be05518aa3cc", -- Value_ID : UNIQUE_ID
    0, -- isLValue : BOOLEAN
    0, -- isImplicit : BOOLEAN
    4, -- LineNumber : INTEGER
    4, -- StartPosition : INTEGER
    25, -- EndPosition : INTEGER
    0, -- firstParameterLabelLineNumber : INTEGER
    0, -- firstParameterLabelColumn : INTEGER
    0, -- currentLaterParameterLabelLineNumber : INTEGER
    0, -- currentLaterParameterLabelColumn : INTEGER
    "ba5eda7a-def5-0000-0000-000000000001", -- DT_ID : UNIQUE_ID
    "c1982ebe-d5bf-495b-ac12-2e3f0c66c2cd" -- Block_ID : UNIQUE_ID
);
INSERT INTO V_VAL VALUES (
    "b8b1be91-ee28-4043-aa61-69a3828df885", -- Value_ID : UNIQUE_ID
    0, -- isLValue : BOOLEAN
    0, -- isImplicit : BOOLEAN
    6, -- LineNumber : INTEGER
    24, -- StartPosition : INTEGER
    42, -- EndPosition : INTEGER
    0, -- firstParameterLabelLineNumber : INTEGER
    0, -- firstParameterLabelColumn : INTEGER
    0, -- currentLaterParameterLabelLineNumber : INTEGER
    0, -- currentLaterParameterLabelColumn : INTEGER
    "ba5eda7a-def5-0000-0000-00000000000e", -- DT_ID : UNIQUE_ID
    "c2c01181-f324-485b-84a7-d2aee5c272c3" -- Block_ID : UNIQUE_ID
);
INSERT INTO V_VAL VALUES (
    "711e3261-7268-4fb7-b37d-1b763f379752", -- Value_ID : UNIQUE_ID
    0, -- isLValue : BOOLEAN
    0, -- isImplicit : BOOLEAN
    6, -- LineNumber : INTEGER
    2, -- StartPosition : INTEGER
    9, -- EndPosition : INTEGER
    0, -- firstParameterLabelLineNumber : INTEGER
    0, -- firstParameterLabelColumn : INTEGER
    0, -- currentLaterParameterLabelLineNumber : INTEGER
    0, -- currentLaterParameterLabelColumn : INTEGER
    "ba5eda7a-def5-0000-0000-000000000008", -- DT_ID : UNIQUE_ID
    "c2c01181-f324-485b-84a7-d2aee5c272c3" -- Block_ID : UNIQUE_ID
);
INSERT INTO V_VAL VALUES (
    "07f6640f-8649-4b79-afd1-86e60208a513", -- Value_ID : UNIQUE_ID
    1, -- isLValue : BOOLEAN
    0, -- isImplicit : BOOLEAN
    6, -- LineNumber : INTEGER
    2, -- StartPosition : INTEGER
    20, -- EndPosition : INTEGER
    0, -- firstParameterLabelLineNumber : INTEGER
    0, -- firstParameterLabelColumn : INTEGER
    0, -- currentLaterParameterLabelLineNumber : INTEGER
    0, -- currentLaterParameterLabelColumn : INTEGER
    "ba5eda7a-def5-0000-0000-00000000000e", -- DT_ID : UNIQUE_ID
    "c2c01181-f324-485b-84a7-d2aee5c272c3" -- Block_ID : UNIQUE_ID
);
INSERT INTO V_VAL VALUES (
    "8a6291c6-4901-404e-98ef-b8e585725e9d", -- Value_ID : UNIQUE_ID
    0, -- isLValue : BOOLEAN
    0, -- isImplicit : BOOLEAN
    7, -- LineNumber : INTEGER
    50, -- StartPosition : INTEGER
    53, -- EndPosition : INTEGER
    0, -- firstParameterLabelLineNumber : INTEGER
    0, -- firstParameterLabelColumn : INTEGER
    0, -- currentLaterParameterLabelLineNumber : INTEGER
    0, -- currentLaterParameterLabelColumn : INTEGER
    "ba5eda7a-def5-0000-0000-000000000001", -- DT_ID : UNIQUE_ID
    "c2c01181-f324-485b-84a7-d2aee5c272c3" -- Block_ID : UNIQUE_ID
);
INSERT INTO V_VAL VALUES (
    "eff66398-e790-4f16-9bae-be2860c35d39", -- Value_ID : UNIQUE_ID
    0, -- isLValue : BOOLEAN
    0, -- isImplicit : BOOLEAN
    7, -- LineNumber : INTEGER
    17, -- StartPosition : INTEGER
    41, -- EndPosition : INTEGER
    0, -- firstParameterLabelLineNumber : INTEGER
    0, -- firstParameterLabelColumn : INTEGER
    0, -- currentLaterParameterLabelLineNumber : INTEGER
    0, -- currentLaterParameterLabelColumn : INTEGER
    "ba5eda7a-def5-0000-0000-000000000004", -- DT_ID : UNIQUE_ID
    "c2c01181-f324-485b-84a7-d2aee5c272c3" -- Block_ID : UNIQUE_ID
);
INSERT INTO V_VAL VALUES (
    "0a8c2ca2-4eb6-4594-9371-a201d4c51a85", -- Value_ID : UNIQUE_ID
    0, -- isLValue : BOOLEAN
    0, -- isImplicit : BOOLEAN
    10, -- LineNumber : INTEGER
    2, -- StartPosition : INTEGER
    53, -- EndPosition : INTEGER
    0, -- firstParameterLabelLineNumber : INTEGER
    0, -- firstParameterLabelColumn : INTEGER
    0, -- currentLaterParameterLabelLineNumber : INTEGER
    0, -- currentLaterParameterLabelColumn : INTEGER
    "ba5eda7a-def5-0000-0000-000000000000", -- DT_ID : UNIQUE_ID
    "c4c1543f-44c2-4dbe-9c1f-87ac503cebce" -- Block_ID : UNIQUE_ID
);
INSERT INTO V_VAL VALUES (
    "cb8f29e7-1b2a-4db1-b1df-9534a2308178", -- Value_ID : UNIQUE_ID
    0, -- isLValue : BOOLEAN
    0, -- isImplicit : BOOLEAN
    10, -- LineNumber : INTEGER
    23, -- StartPosition : INTEGER
    51, -- EndPosition : INTEGER
    0, -- firstParameterLabelLineNumber : INTEGER
    0, -- firstParameterLabelColumn : INTEGER
    0, -- currentLaterParameterLabelLineNumber : INTEGER
    0, -- currentLaterParameterLabelColumn : INTEGER
    "ba5eda7a-def5-0000-0000-000000000004", -- DT_ID : UNIQUE_ID
    "c4c1543f-44c2-4dbe-9c1f-87ac503cebce" -- Block_ID : UNIQUE_ID
);
INSERT INTO V_VAL VALUES (
    "ae9b9bba-ab72-4fb6-807d-ebbeccbc3c53", -- Value_ID : UNIQUE_ID
    0, -- isLValue : BOOLEAN
    0, -- isImplicit : BOOLEAN
    11, -- LineNumber : INTEGER
    49, -- StartPosition : INTEGER
    53, -- EndPosition : INTEGER
    0, -- firstParameterLabelLineNumber : INTEGER
    0, -- firstParameterLabelColumn : INTEGER
    0, -- currentLaterParameterLabelLineNumber : INTEGER
    0, -- currentLaterParameterLabelColumn : INTEGER
    "ba5eda7a-def5-0000-0000-000000000001", -- DT_ID : UNIQUE_ID
    "c4c1543f-44c2-4dbe-9c1f-87ac503cebce" -- Block_ID : UNIQUE_ID
);
INSERT INTO V_VAL VALUES (
    "6ed246c1-b97b-4a40-9b4d-85c8a38db132", -- Value_ID : UNIQUE_ID
    0, -- isLValue : BOOLEAN
    0, -- isImplicit : BOOLEAN
    11, -- LineNumber : INTEGER
    17, -- StartPosition : INTEGER
    40, -- EndPosition : INTEGER
    0, -- firstParameterLabelLineNumber : INTEGER
    0, -- firstParameterLabelColumn : INTEGER
    0, -- currentLaterParameterLabelLineNumber : INTEGER
    0, -- currentLaterParameterLabelColumn : INTEGER
    "ba5eda7a-def5-0000-0000-000000000004", -- DT_ID : UNIQUE_ID
    "c4c1543f-44c2-4dbe-9c1f-87ac503cebce" -- Block_ID : UNIQUE_ID
);
INSERT INTO V_VAL VALUES (
    "c3850469-164d-4b05-8889-4cf1636e5538", -- Value_ID : UNIQUE_ID
    0, -- isLValue : BOOLEAN
    0, -- isImplicit : BOOLEAN
    2, -- LineNumber : INTEGER
    48, -- StartPosition : INTEGER
    55, -- EndPosition : INTEGER
    0, -- firstParameterLabelLineNumber : INTEGER
    0, -- firstParameterLabelColumn : INTEGER
    0, -- currentLaterParameterLabelLineNumber : INTEGER
    0, -- currentLaterParameterLabelColumn : INTEGER
    "ba5eda7a-def5-0000-0000-000000000008", -- DT_ID : UNIQUE_ID
    "31eb499c-448d-4570-8c74-76a6918bba97" -- Block_ID : UNIQUE_ID
);
INSERT INTO V_VAL VALUES (
    "bf8a9e0d-5b78-4aa9-89c5-ed90d2e853bb", -- Value_ID : UNIQUE_ID
    0, -- isLValue : BOOLEAN
    0, -- isImplicit : BOOLEAN
    2, -- LineNumber : INTEGER
    48, -- StartPosition : INTEGER
    60, -- EndPosition : INTEGER
    0, -- firstParameterLabelLineNumber : INTEGER
    0, -- firstParameterLabelColumn : INTEGER
    0, -- currentLaterParameterLabelLineNumber : INTEGER
    0, -- currentLaterParameterLabelColumn : INTEGER
    "ba5eda7a-def5-0000-0000-000000000004", -- DT_ID : UNIQUE_ID
    "31eb499c-448d-4570-8c74-76a6918bba97" -- Block_ID : UNIQUE_ID
);
INSERT INTO V_VAL VALUES (
    "cc68d6a6-76bf-4ab6-add8-daa6a8e7517c", -- Value_ID : UNIQUE_ID
    0, -- isLValue : BOOLEAN
    0, -- isImplicit : BOOLEAN
    2, -- LineNumber : INTEGER
    63, -- StartPosition : INTEGER
    72, -- EndPosition : INTEGER
    0, -- firstParameterLabelLineNumber : INTEGER
    0, -- firstParameterLabelColumn : INTEGER
    0, -- currentLaterParameterLabelLineNumber : INTEGER
    0, -- currentLaterParameterLabelColumn : INTEGER
    "ba5eda7a-def5-0000-0000-000000000004", -- DT_ID : UNIQUE_ID
    "31eb499c-448d-4570-8c74-76a6918bba97" -- Block_ID : UNIQUE_ID
);
INSERT INTO V_VAL VALUES (
    "70726da9-4028-4a6c-9798-b173f52d49fb", -- Value_ID : UNIQUE_ID
    0, -- isLValue : BOOLEAN
    0, -- isImplicit : BOOLEAN
    2, -- LineNumber : INTEGER
    48, -- StartPosition : INTEGER
    72, -- EndPosition : INTEGER
    0, -- firstParameterLabelLineNumber : INTEGER
    0, -- firstParameterLabelColumn : INTEGER
    0, -- currentLaterParameterLabelLineNumber : INTEGER
    0, -- currentLaterParameterLabelColumn : INTEGER
    "ba5eda7a-def5-0000-0000-000000000001", -- DT_ID : UNIQUE_ID
    "31eb499c-448d-4570-8c74-76a6918bba97" -- Block_ID : UNIQUE_ID
);
INSERT INTO V_VAL VALUES (
    "68589cb5-5043-4290-b483-09430ea4801a", -- Value_ID : UNIQUE_ID
    0, -- isLValue : BOOLEAN
    0, -- isImplicit : BOOLEAN
    3, -- LineNumber : INTEGER
    12, -- StartPosition : INTEGER
    16, -- EndPosition : INTEGER
    0, -- firstParameterLabelLineNumber : INTEGER
    0, -- firstParameterLabelColumn : INTEGER
    0, -- currentLaterParameterLabelLineNumber : INTEGER
    0, -- currentLaterParameterLabelColumn : INTEGER
    "ba5eda7a-def5-0000-0000-000000000008", -- DT_ID : UNIQUE_ID
    "31eb499c-448d-4570-8c74-76a6918bba97" -- Block_ID : UNIQUE_ID
);
INSERT INTO V_VAL VALUES (
    "61539710-c08d-458c-918c-10e3c71ac9ed", -- Value_ID : UNIQUE_ID
    0, -- isLValue : BOOLEAN
    0, -- isImplicit : BOOLEAN
    3, -- LineNumber : INTEGER
    4, -- StartPosition : INTEGER
    18, -- EndPosition : INTEGER
    0, -- firstParameterLabelLineNumber : INTEGER
    0, -- firstParameterLabelColumn : INTEGER
    0, -- currentLaterParameterLabelLineNumber : INTEGER
    0, -- currentLaterParameterLabelColumn : INTEGER
    "ba5eda7a-def5-0000-0000-000000000001", -- DT_ID : UNIQUE_ID
    "31eb499c-448d-4570-8c74-76a6918bba97" -- Block_ID : UNIQUE_ID
);
INSERT INTO V_VAL VALUES (
    "fb109eaa-5abe-4069-92c1-211f40ead2ef", -- Value_ID : UNIQUE_ID
    0, -- isLValue : BOOLEAN
    0, -- isImplicit : BOOLEAN
    6, -- LineNumber : INTEGER
    15, -- StartPosition : INTEGER
    24, -- EndPosition : INTEGER
    0, -- firstParameterLabelLineNumber : INTEGER
    0, -- firstParameterLabelColumn : INTEGER
    0, -- currentLaterParameterLabelLineNumber : INTEGER
    0, -- currentLaterParameterLabelColumn : INTEGER
    "ba5eda7a-def5-0000-0000-000000000004", -- DT_ID : UNIQUE_ID
    "982566f7-87a7-4afc-9960-15b392c9fae6" -- Block_ID : UNIQUE_ID
);
INSERT INTO V_VAL VALUES (
    "a92c3ca1-0a2e-45b8-bcf1-6902aa4d45ea", -- Value_ID : UNIQUE_ID
    0, -- isLValue : BOOLEAN
    0, -- isImplicit : BOOLEAN
    6, -- LineNumber : INTEGER
    2, -- StartPosition : INTEGER
    6, -- EndPosition : INTEGER
    0, -- firstParameterLabelLineNumber : INTEGER
    0, -- firstParameterLabelColumn : INTEGER
    0, -- currentLaterParameterLabelLineNumber : INTEGER
    0, -- currentLaterParameterLabelColumn : INTEGER
    "ba5eda7a-def5-0000-0000-000000000008", -- DT_ID : UNIQUE_ID
    "982566f7-87a7-4afc-9960-15b392c9fae6" -- Block_ID : UNIQUE_ID
);
INSERT INTO V_VAL VALUES (
    "e46edd3d-0803-4cc0-b704-4850b1344eb7", -- Value_ID : UNIQUE_ID
    1, -- isLValue : BOOLEAN
    0, -- isImplicit : BOOLEAN
    6, -- LineNumber : INTEGER
    2, -- StartPosition : INTEGER
    11, -- EndPosition : INTEGER
    0, -- firstParameterLabelLineNumber : INTEGER
    0, -- firstParameterLabelColumn : INTEGER
    0, -- currentLaterParameterLabelLineNumber : INTEGER
    0, -- currentLaterParameterLabelColumn : INTEGER
    "ba5eda7a-def5-0000-0000-000000000004", -- DT_ID : UNIQUE_ID
    "982566f7-87a7-4afc-9960-15b392c9fae6" -- Block_ID : UNIQUE_ID
);
INSERT INTO V_VAL VALUES (
    "13e7acea-d675-49f2-8d1d-54dec35daf47", -- Value_ID : UNIQUE_ID
    0, -- isLValue : BOOLEAN
    0, -- isImplicit : BOOLEAN
    7, -- LineNumber : INTEGER
    30, -- StartPosition : INTEGER
    54, -- EndPosition : INTEGER
    0, -- firstParameterLabelLineNumber : INTEGER
    0, -- firstParameterLabelColumn : INTEGER
    0, -- currentLaterParameterLabelLineNumber : INTEGER
    0, -- currentLaterParameterLabelColumn : INTEGER
    "ba5eda7a-def5-0000-0000-000000000002", -- DT_ID : UNIQUE_ID
    "982566f7-87a7-4afc-9960-15b392c9fae6" -- Block_ID : UNIQUE_ID
);
INSERT INTO V_VAL VALUES (
    "33c2cd04-6e7e-462c-abec-f0607ab3a770", -- Value_ID : UNIQUE_ID
    0, -- isLValue : BOOLEAN
    0, -- isImplicit : BOOLEAN
    7, -- LineNumber : INTEGER
    2, -- StartPosition : INTEGER
    6, -- EndPosition : INTEGER
    0, -- firstParameterLabelLineNumber : INTEGER
    0, -- firstParameterLabelColumn : INTEGER
    0, -- currentLaterParameterLabelLineNumber : INTEGER
    0, -- currentLaterParameterLabelColumn : INTEGER
    "ba5eda7a-def5-0000-0000-000000000008", -- DT_ID : UNIQUE_ID
    "982566f7-87a7-4afc-9960-15b392c9fae6" -- Block_ID : UNIQUE_ID
);
INSERT INTO V_VAL VALUES (
    "2fa9f297-c6b0-403f-b408-6e28783073ea", -- Value_ID : UNIQUE_ID
    1, -- isLValue : BOOLEAN
    0, -- isImplicit : BOOLEAN
    7, -- LineNumber : INTEGER
    2, -- StartPosition : INTEGER
    26, -- EndPosition : INTEGER
    0, -- firstParameterLabelLineNumber : INTEGER
    0, -- firstParameterLabelColumn : INTEGER
    0, -- currentLaterParameterLabelLineNumber : INTEGER
    0, -- currentLaterParameterLabelColumn : INTEGER
    "ba5eda7a-def5-0000-0000-000000000002", -- DT_ID : UNIQUE_ID
    "982566f7-87a7-4afc-9960-15b392c9fae6" -- Block_ID : UNIQUE_ID
);
INSERT INTO V_VAL VALUES (
    "99b0c828-7e80-48b5-9095-83a7caf476ed", -- Value_ID : UNIQUE_ID
    0, -- isLValue : BOOLEAN
    0, -- isImplicit : BOOLEAN
    10, -- LineNumber : INTEGER
    54, -- StartPosition : INTEGER
    57, -- EndPosition : INTEGER
    0, -- firstParameterLabelLineNumber : INTEGER
    0, -- firstParameterLabelColumn : INTEGER
    0, -- currentLaterParameterLabelLineNumber : INTEGER
    0, -- currentLaterParameterLabelColumn : INTEGER
    "ba5eda7a-def5-0000-0000-000000000001", -- DT_ID : UNIQUE_ID
    "982566f7-87a7-4afc-9960-15b392c9fae6" -- Block_ID : UNIQUE_ID
);
INSERT INTO V_VAL VALUES (
    "3c1ea131-1cfe-456e-a97a-90539beab8c8", -- Value_ID : UNIQUE_ID
    0, -- isLValue : BOOLEAN
    0, -- isImplicit : BOOLEAN
    10, -- LineNumber : INTEGER
    17, -- StartPosition : INTEGER
    45, -- EndPosition : INTEGER
    0, -- firstParameterLabelLineNumber : INTEGER
    0, -- firstParameterLabelColumn : INTEGER
    0, -- currentLaterParameterLabelLineNumber : INTEGER
    0, -- currentLaterParameterLabelColumn : INTEGER
    "ba5eda7a-def5-0000-0000-000000000004", -- DT_ID : UNIQUE_ID
    "982566f7-87a7-4afc-9960-15b392c9fae6" -- Block_ID : UNIQUE_ID
);
INSERT INTO V_VAL VALUES (
    "52d9e24e-d582-4d1a-8a19-eb64f7fc8598", -- Value_ID : UNIQUE_ID
    0, -- isLValue : BOOLEAN
    0, -- isImplicit : BOOLEAN
    13, -- LineNumber : INTEGER
    2, -- StartPosition : INTEGER
    47, -- EndPosition : INTEGER
    0, -- firstParameterLabelLineNumber : INTEGER
    0, -- firstParameterLabelColumn : INTEGER
    0, -- currentLaterParameterLabelLineNumber : INTEGER
    0, -- currentLaterParameterLabelColumn : INTEGER
    "ba5eda7a-def5-0000-0000-000000000000", -- DT_ID : UNIQUE_ID
    "e631e51e-a320-41e8-85aa-fc5b234da585" -- Block_ID : UNIQUE_ID
);
INSERT INTO V_VAL VALUES (
    "7b734fdd-f9c0-4428-a7a2-d916c6e46cba", -- Value_ID : UNIQUE_ID
    0, -- isLValue : BOOLEAN
    0, -- isImplicit : BOOLEAN
    13, -- LineNumber : INTEGER
    23, -- StartPosition : INTEGER
    45, -- EndPosition : INTEGER
    0, -- firstParameterLabelLineNumber : INTEGER
    0, -- firstParameterLabelColumn : INTEGER
    0, -- currentLaterParameterLabelLineNumber : INTEGER
    0, -- currentLaterParameterLabelColumn : INTEGER
    "ba5eda7a-def5-0000-0000-000000000004", -- DT_ID : UNIQUE_ID
    "e631e51e-a320-41e8-85aa-fc5b234da585" -- Block_ID : UNIQUE_ID
);
INSERT INTO V_VAL VALUES (
    "cc4f9205-e8b9-45d1-bfbe-9eddd4515cf1", -- Value_ID : UNIQUE_ID
    0, -- isLValue : BOOLEAN
    0, -- isImplicit : BOOLEAN
    3, -- LineNumber : INTEGER
    48, -- StartPosition : INTEGER
    55, -- EndPosition : INTEGER
    0, -- firstParameterLabelLineNumber : INTEGER
    0, -- firstParameterLabelColumn : INTEGER
    0, -- currentLaterParameterLabelLineNumber : INTEGER
    0, -- currentLaterParameterLabelColumn : INTEGER
    "ba5eda7a-def5-0000-0000-000000000008", -- DT_ID : UNIQUE_ID
    "7720eee9-7437-4ddb-83f6-5d35cd6390b5" -- Block_ID : UNIQUE_ID
);
INSERT INTO V_VAL VALUES (
    "ee5e6796-7683-4755-ae48-e27fef1a130c", -- Value_ID : UNIQUE_ID
    0, -- isLValue : BOOLEAN
    0, -- isImplicit : BOOLEAN
    3, -- LineNumber : INTEGER
    48, -- StartPosition : INTEGER
    67, -- EndPosition : INTEGER
    0, -- firstParameterLabelLineNumber : INTEGER
    0, -- firstParameterLabelColumn : INTEGER
    0, -- currentLaterParameterLabelLineNumber : INTEGER
    0, -- currentLaterParameterLabelColumn : INTEGER
    "ba5eda7a-def5-0000-0000-000000000002", -- DT_ID : UNIQUE_ID
    "7720eee9-7437-4ddb-83f6-5d35cd6390b5" -- Block_ID : UNIQUE_ID
);
INSERT INTO V_VAL VALUES (
    "6c00b9c8-a887-4b56-b910-f74f63a0f087", -- Value_ID : UNIQUE_ID
    0, -- isLValue : BOOLEAN
    0, -- isImplicit : BOOLEAN
    3, -- LineNumber : INTEGER
    70, -- StartPosition : INTEGER
    86, -- EndPosition : INTEGER
    0, -- firstParameterLabelLineNumber : INTEGER
    0, -- firstParameterLabelColumn : INTEGER
    0, -- currentLaterParameterLabelLineNumber : INTEGER
    0, -- currentLaterParameterLabelColumn : INTEGER
    "ba5eda7a-def5-0000-0000-000000000002", -- DT_ID : UNIQUE_ID
    "7720eee9-7437-4ddb-83f6-5d35cd6390b5" -- Block_ID : UNIQUE_ID
);
INSERT INTO V_VAL VALUES (
    "b8b0a33f-c3d9-44e0-8d3c-4cc0cf9e3aa0", -- Value_ID : UNIQUE_ID
    0, -- isLValue : BOOLEAN
    0, -- isImplicit : BOOLEAN
    3, -- LineNumber : INTEGER
    48, -- StartPosition : INTEGER
    86, -- EndPosition : INTEGER
    0, -- firstParameterLabelLineNumber : INTEGER
    0, -- firstParameterLabelColumn : INTEGER
    0, -- currentLaterParameterLabelLineNumber : INTEGER
    0, -- currentLaterParameterLabelColumn : INTEGER
    "ba5eda7a-def5-0000-0000-000000000001", -- DT_ID : UNIQUE_ID
    "7720eee9-7437-4ddb-83f6-5d35cd6390b5" -- Block_ID : UNIQUE_ID
);
INSERT INTO V_VAL VALUES (
    "cc128940-ded4-4909-818c-5457515bc21a", -- Value_ID : UNIQUE_ID
    0, -- isLValue : BOOLEAN
    0, -- isImplicit : BOOLEAN
    4, -- LineNumber : INTEGER
    16, -- StartPosition : INTEGER
    23, -- EndPosition : INTEGER
    0, -- firstParameterLabelLineNumber : INTEGER
    0, -- firstParameterLabelColumn : INTEGER
    0, -- currentLaterParameterLabelLineNumber : INTEGER
    0, -- currentLaterParameterLabelColumn : INTEGER
    "ba5eda7a-def5-0000-0000-000000000008", -- DT_ID : UNIQUE_ID
    "7720eee9-7437-4ddb-83f6-5d35cd6390b5" -- Block_ID : UNIQUE_ID
);
INSERT INTO V_VAL VALUES (
    "cb889253-6c0a-4050-be4c-98e917c71850", -- Value_ID : UNIQUE_ID
    0, -- isLValue : BOOLEAN
    0, -- isImplicit : BOOLEAN
    4, -- LineNumber : INTEGER
    10, -- StartPosition : INTEGER
    23, -- EndPosition : INTEGER
    0, -- firstParameterLabelLineNumber : INTEGER
    0, -- firstParameterLabelColumn : INTEGER
    0, -- currentLaterParameterLabelLineNumber : INTEGER
    0, -- currentLaterParameterLabelColumn : INTEGER
    "ba5eda7a-def5-0000-0000-000000000001", -- DT_ID : UNIQUE_ID
    "7720eee9-7437-4ddb-83f6-5d35cd6390b5" -- Block_ID : UNIQUE_ID
);
INSERT INTO V_VAL VALUES (
    "1f0e1d4e-1a67-46eb-81ac-02c0cbf4c96e", -- Value_ID : UNIQUE_ID
    0, -- isLValue : BOOLEAN
    0, -- isImplicit : BOOLEAN
    4, -- LineNumber : INTEGER
    4, -- StartPosition : INTEGER
    25, -- EndPosition : INTEGER
    0, -- firstParameterLabelLineNumber : INTEGER
    0, -- firstParameterLabelColumn : INTEGER
    0, -- currentLaterParameterLabelLineNumber : INTEGER
    0, -- currentLaterParameterLabelColumn : INTEGER
    "ba5eda7a-def5-0000-0000-000000000001", -- DT_ID : UNIQUE_ID
    "7720eee9-7437-4ddb-83f6-5d35cd6390b5" -- Block_ID : UNIQUE_ID
);
INSERT INTO V_VAL VALUES (
    "8203a2d0-ef55-43dd-90c8-5c730f021fad", -- Value_ID : UNIQUE_ID
    0, -- isLValue : BOOLEAN
    0, -- isImplicit : BOOLEAN
    5, -- LineNumber : INTEGER
    37, -- StartPosition : INTEGER
    50, -- EndPosition : INTEGER
    0, -- firstParameterLabelLineNumber : INTEGER
    0, -- firstParameterLabelColumn : INTEGER
    0, -- currentLaterParameterLabelLineNumber : INTEGER
    0, -- currentLaterParameterLabelColumn : INTEGER
    "ba5eda7a-def5-0000-0000-000000000004", -- DT_ID : UNIQUE_ID
    "218f8a5b-f1ea-4276-b3e1-b8914dfe2614" -- Block_ID : UNIQUE_ID
);
INSERT INTO V_VAL VALUES (
    "8a7822e9-259b-4072-84ee-e2d2ea829db8", -- Value_ID : UNIQUE_ID
    0, -- isLValue : BOOLEAN
    0, -- isImplicit : BOOLEAN
    5, -- LineNumber : INTEGER
    60, -- StartPosition : INTEGER
    71, -- EndPosition : INTEGER
    0, -- firstParameterLabelLineNumber : INTEGER
    0, -- firstParameterLabelColumn : INTEGER
    0, -- currentLaterParameterLabelLineNumber : INTEGER
    0, -- currentLaterParameterLabelColumn : INTEGER
    "ba5eda7a-def5-0000-0000-000000000004", -- DT_ID : UNIQUE_ID
    "218f8a5b-f1ea-4276-b3e1-b8914dfe2614" -- Block_ID : UNIQUE_ID
);
INSERT INTO V_VAL VALUES (
    "2898caea-f2fa-40d6-bc45-7da99475c567", -- Value_ID : UNIQUE_ID
    0, -- isLValue : BOOLEAN
    0, -- isImplicit : BOOLEAN
    5, -- LineNumber : INTEGER
    79, -- StartPosition : INTEGER
    88, -- EndPosition : INTEGER
    0, -- firstParameterLabelLineNumber : INTEGER
    0, -- firstParameterLabelColumn : INTEGER
    0, -- currentLaterParameterLabelLineNumber : INTEGER
    0, -- currentLaterParameterLabelColumn : INTEGER
    "ba5eda7a-def5-0000-0000-000000000004", -- DT_ID : UNIQUE_ID
    "218f8a5b-f1ea-4276-b3e1-b8914dfe2614" -- Block_ID : UNIQUE_ID
);
INSERT INTO V_VAL VALUES (
    "fa728b68-8f70-476d-982a-56545bd81f44", -- Value_ID : UNIQUE_ID
    0, -- isLValue : BOOLEAN
    0, -- isImplicit : BOOLEAN
    5, -- LineNumber : INTEGER
    103, -- StartPosition : INTEGER
    119, -- EndPosition : INTEGER
    0, -- firstParameterLabelLineNumber : INTEGER
    0, -- firstParameterLabelColumn : INTEGER
    0, -- currentLaterParameterLabelLineNumber : INTEGER
    0, -- currentLaterParameterLabelColumn : INTEGER
    "ba5eda7a-def5-0000-0000-000000000002", -- DT_ID : UNIQUE_ID
    "218f8a5b-f1ea-4276-b3e1-b8914dfe2614" -- Block_ID : UNIQUE_ID
);
INSERT INTO V_VAL VALUES (
    "0d2c56e1-def1-4714-abbb-51bef21aedb2", -- Value_ID : UNIQUE_ID
    0, -- isLValue : BOOLEAN
    0, -- isImplicit : BOOLEAN
    6, -- LineNumber : INTEGER
    69, -- StartPosition : INTEGER
    72, -- EndPosition : INTEGER
    0, -- firstParameterLabelLineNumber : INTEGER
    0, -- firstParameterLabelColumn : INTEGER
    0, -- currentLaterParameterLabelLineNumber : INTEGER
    0, -- currentLaterParameterLabelColumn : INTEGER
    "ba5eda7a-def5-0000-0000-000000000001", -- DT_ID : UNIQUE_ID
    "218f8a5b-f1ea-4276-b3e1-b8914dfe2614" -- Block_ID : UNIQUE_ID
);
INSERT INTO V_VAL VALUES (
    "266576e1-d568-4f3f-892e-2b3444d84299", -- Value_ID : UNIQUE_ID
    0, -- isLValue : BOOLEAN
    0, -- isImplicit : BOOLEAN
    6, -- LineNumber : INTEGER
    17, -- StartPosition : INTEGER
    60, -- EndPosition : INTEGER
    0, -- firstParameterLabelLineNumber : INTEGER
    0, -- firstParameterLabelColumn : INTEGER
    0, -- currentLaterParameterLabelLineNumber : INTEGER
    0, -- currentLaterParameterLabelColumn : INTEGER
    "ba5eda7a-def5-0000-0000-000000000004", -- DT_ID : UNIQUE_ID
    "218f8a5b-f1ea-4276-b3e1-b8914dfe2614" -- Block_ID : UNIQUE_ID
);
INSERT INTO V_VAL VALUES (
    "f4ee4be4-7d1d-46fc-b74c-00ddd7b57533", -- Value_ID : UNIQUE_ID
    0, -- isLValue : BOOLEAN
    0, -- isImplicit : BOOLEAN
    9, -- LineNumber : INTEGER
    2, -- StartPosition : INTEGER
    53, -- EndPosition : INTEGER
    0, -- firstParameterLabelLineNumber : INTEGER
    0, -- firstParameterLabelColumn : INTEGER
    0, -- currentLaterParameterLabelLineNumber : INTEGER
    0, -- currentLaterParameterLabelColumn : INTEGER
    "ba5eda7a-def5-0000-0000-000000000000", -- DT_ID : UNIQUE_ID
    "4e90611d-295f-4d4b-8572-b45ba8f57027" -- Block_ID : UNIQUE_ID
);
INSERT INTO V_VAL VALUES (
    "7bd18c35-0ec0-45c0-bed7-6e6b30c7e2ef", -- Value_ID : UNIQUE_ID
    0, -- isLValue : BOOLEAN
    0, -- isImplicit : BOOLEAN
    9, -- LineNumber : INTEGER
    23, -- StartPosition : INTEGER
    51, -- EndPosition : INTEGER
    0, -- firstParameterLabelLineNumber : INTEGER
    0, -- firstParameterLabelColumn : INTEGER
    0, -- currentLaterParameterLabelLineNumber : INTEGER
    0, -- currentLaterParameterLabelColumn : INTEGER
    "ba5eda7a-def5-0000-0000-000000000004", -- DT_ID : UNIQUE_ID
    "4e90611d-295f-4d4b-8572-b45ba8f57027" -- Block_ID : UNIQUE_ID
);
INSERT INTO V_VAL VALUES (
    "d6645525-e4c0-4fbd-a818-1d9e2fc8412f", -- Value_ID : UNIQUE_ID
    0, -- isLValue : BOOLEAN
    0, -- isImplicit : BOOLEAN
    10, -- LineNumber : INTEGER
    49, -- StartPosition : INTEGER
    53, -- EndPosition : INTEGER
    0, -- firstParameterLabelLineNumber : INTEGER
    0, -- firstParameterLabelColumn : INTEGER
    0, -- currentLaterParameterLabelLineNumber : INTEGER
    0, -- currentLaterParameterLabelColumn : INTEGER
    "ba5eda7a-def5-0000-0000-000000000001", -- DT_ID : UNIQUE_ID
    "4e90611d-295f-4d4b-8572-b45ba8f57027" -- Block_ID : UNIQUE_ID
);
INSERT INTO V_VAL VALUES (
    "18784d17-7fe5-4382-ac70-03b1d894f5ce", -- Value_ID : UNIQUE_ID
    0, -- isLValue : BOOLEAN
    0, -- isImplicit : BOOLEAN
    10, -- LineNumber : INTEGER
    17, -- StartPosition : INTEGER
    40, -- EndPosition : INTEGER
    0, -- firstParameterLabelLineNumber : INTEGER
    0, -- firstParameterLabelColumn : INTEGER
    0, -- currentLaterParameterLabelLineNumber : INTEGER
    0, -- currentLaterParameterLabelColumn : INTEGER
    "ba5eda7a-def5-0000-0000-000000000004", -- DT_ID : UNIQUE_ID
    "4e90611d-295f-4d4b-8572-b45ba8f57027" -- Block_ID : UNIQUE_ID
);
INSERT INTO V_VAL VALUES (
    "0cfe19b5-2d63-4435-be85-53dbb984dbf0", -- Value_ID : UNIQUE_ID
    0, -- isLValue : BOOLEAN
    0, -- isImplicit : BOOLEAN
    3, -- LineNumber : INTEGER
    48, -- StartPosition : INTEGER
    55, -- EndPosition : INTEGER
    0, -- firstParameterLabelLineNumber : INTEGER
    0, -- firstParameterLabelColumn : INTEGER
    0, -- currentLaterParameterLabelLineNumber : INTEGER
    0, -- currentLaterParameterLabelColumn : INTEGER
    "ba5eda7a-def5-0000-0000-000000000008", -- DT_ID : UNIQUE_ID
    "f2fc9a85-222e-4958-b1b9-23c7a399e02f" -- Block_ID : UNIQUE_ID
);
INSERT INTO V_VAL VALUES (
    "f0de0394-e3ee-465f-9647-d3b27c0ecec7", -- Value_ID : UNIQUE_ID
    0, -- isLValue : BOOLEAN
    0, -- isImplicit : BOOLEAN
    3, -- LineNumber : INTEGER
    48, -- StartPosition : INTEGER
    67, -- EndPosition : INTEGER
    0, -- firstParameterLabelLineNumber : INTEGER
    0, -- firstParameterLabelColumn : INTEGER
    0, -- currentLaterParameterLabelLineNumber : INTEGER
    0, -- currentLaterParameterLabelColumn : INTEGER
    "ba5eda7a-def5-0000-0000-000000000002", -- DT_ID : UNIQUE_ID
    "f2fc9a85-222e-4958-b1b9-23c7a399e02f" -- Block_ID : UNIQUE_ID
);
INSERT INTO V_VAL VALUES (
    "c71e40dc-0118-45d6-a9d4-7a347a61f89b", -- Value_ID : UNIQUE_ID
    0, -- isLValue : BOOLEAN
    0, -- isImplicit : BOOLEAN
    3, -- LineNumber : INTEGER
    70, -- StartPosition : INTEGER
    86, -- EndPosition : INTEGER
    0, -- firstParameterLabelLineNumber : INTEGER
    0, -- firstParameterLabelColumn : INTEGER
    0, -- currentLaterParameterLabelLineNumber : INTEGER
    0, -- currentLaterParameterLabelColumn : INTEGER
    "ba5eda7a-def5-0000-0000-000000000002", -- DT_ID : UNIQUE_ID
    "f2fc9a85-222e-4958-b1b9-23c7a399e02f" -- Block_ID : UNIQUE_ID
);
INSERT INTO V_VAL VALUES (
    "687efff5-7895-4a80-9412-8943f900b769", -- Value_ID : UNIQUE_ID
    0, -- isLValue : BOOLEAN
    0, -- isImplicit : BOOLEAN
    3, -- LineNumber : INTEGER
    48, -- StartPosition : INTEGER
    86, -- EndPosition : INTEGER
    0, -- firstParameterLabelLineNumber : INTEGER
    0, -- firstParameterLabelColumn : INTEGER
    0, -- currentLaterParameterLabelLineNumber : INTEGER
    0, -- currentLaterParameterLabelColumn : INTEGER
    "ba5eda7a-def5-0000-0000-000000000001", -- DT_ID : UNIQUE_ID
    "f2fc9a85-222e-4958-b1b9-23c7a399e02f" -- Block_ID : UNIQUE_ID
);
INSERT INTO V_VAL VALUES (
    "7ad7bafc-7a11-4253-b408-079236e017a1", -- Value_ID : UNIQUE_ID
    0, -- isLValue : BOOLEAN
    0, -- isImplicit : BOOLEAN
    4, -- LineNumber : INTEGER
    16, -- StartPosition : INTEGER
    23, -- EndPosition : INTEGER
    0, -- firstParameterLabelLineNumber : INTEGER
    0, -- firstParameterLabelColumn : INTEGER
    0, -- currentLaterParameterLabelLineNumber : INTEGER
    0, -- currentLaterParameterLabelColumn : INTEGER
    "ba5eda7a-def5-0000-0000-000000000008", -- DT_ID : UNIQUE_ID
    "f2fc9a85-222e-4958-b1b9-23c7a399e02f" -- Block_ID : UNIQUE_ID
);
INSERT INTO V_VAL VALUES (
    "75203197-001e-425b-9840-ec66fc8c9ff2", -- Value_ID : UNIQUE_ID
    0, -- isLValue : BOOLEAN
    0, -- isImplicit : BOOLEAN
    4, -- LineNumber : INTEGER
    10, -- StartPosition : INTEGER
    23, -- EndPosition : INTEGER
    0, -- firstParameterLabelLineNumber : INTEGER
    0, -- firstParameterLabelColumn : INTEGER
    0, -- currentLaterParameterLabelLineNumber : INTEGER
    0, -- currentLaterParameterLabelColumn : INTEGER
    "ba5eda7a-def5-0000-0000-000000000001", -- DT_ID : UNIQUE_ID
    "f2fc9a85-222e-4958-b1b9-23c7a399e02f" -- Block_ID : UNIQUE_ID
);
INSERT INTO V_VAL VALUES (
    "d7c2b387-135d-4a02-8942-641306cc6d00", -- Value_ID : UNIQUE_ID
    0, -- isLValue : BOOLEAN
    0, -- isImplicit : BOOLEAN
    4, -- LineNumber : INTEGER
    4, -- StartPosition : INTEGER
    25, -- EndPosition : INTEGER
    0, -- firstParameterLabelLineNumber : INTEGER
    0, -- firstParameterLabelColumn : INTEGER
    0, -- currentLaterParameterLabelLineNumber : INTEGER
    0, -- currentLaterParameterLabelColumn : INTEGER
    "ba5eda7a-def5-0000-0000-000000000001", -- DT_ID : UNIQUE_ID
    "f2fc9a85-222e-4958-b1b9-23c7a399e02f" -- Block_ID : UNIQUE_ID
);
INSERT INTO V_VAL VALUES (
    "a3f4a256-c93e-457c-a749-8772f39d9576", -- Value_ID : UNIQUE_ID
    0, -- isLValue : BOOLEAN
    0, -- isImplicit : BOOLEAN
    6, -- LineNumber : INTEGER
    59, -- StartPosition : INTEGER
    62, -- EndPosition : INTEGER
    0, -- firstParameterLabelLineNumber : INTEGER
    0, -- firstParameterLabelColumn : INTEGER
    0, -- currentLaterParameterLabelLineNumber : INTEGER
    0, -- currentLaterParameterLabelColumn : INTEGER
    "ba5eda7a-def5-0000-0000-000000000001", -- DT_ID : UNIQUE_ID
    "bde88271-405f-41ff-9470-a01e767d19b8" -- Block_ID : UNIQUE_ID
);
INSERT INTO V_VAL VALUES (
    "5d908d16-e58b-402d-bea8-6a60b4567a07", -- Value_ID : UNIQUE_ID
    0, -- isLValue : BOOLEAN
    0, -- isImplicit : BOOLEAN
    6, -- LineNumber : INTEGER
    17, -- StartPosition : INTEGER
    50, -- EndPosition : INTEGER
    0, -- firstParameterLabelLineNumber : INTEGER
    0, -- firstParameterLabelColumn : INTEGER
    0, -- currentLaterParameterLabelLineNumber : INTEGER
    0, -- currentLaterParameterLabelColumn : INTEGER
    "ba5eda7a-def5-0000-0000-000000000004", -- DT_ID : UNIQUE_ID
    "bde88271-405f-41ff-9470-a01e767d19b8" -- Block_ID : UNIQUE_ID
);
INSERT INTO V_VAL VALUES (
    "303716ed-1cdb-4944-a3cc-b0da4474e7cf", -- Value_ID : UNIQUE_ID
    0, -- isLValue : BOOLEAN
    0, -- isImplicit : BOOLEAN
    9, -- LineNumber : INTEGER
    2, -- StartPosition : INTEGER
    53, -- EndPosition : INTEGER
    0, -- firstParameterLabelLineNumber : INTEGER
    0, -- firstParameterLabelColumn : INTEGER
    0, -- currentLaterParameterLabelLineNumber : INTEGER
    0, -- currentLaterParameterLabelColumn : INTEGER
    "ba5eda7a-def5-0000-0000-000000000000", -- DT_ID : UNIQUE_ID
    "c24517cb-3b96-4ee1-b80f-7cae152e41eb" -- Block_ID : UNIQUE_ID
);
INSERT INTO V_VAL VALUES (
    "841d2e96-3fad-4b45-94b1-54eca0e5cd21", -- Value_ID : UNIQUE_ID
    0, -- isLValue : BOOLEAN
    0, -- isImplicit : BOOLEAN
    9, -- LineNumber : INTEGER
    23, -- StartPosition : INTEGER
    51, -- EndPosition : INTEGER
    0, -- firstParameterLabelLineNumber : INTEGER
    0, -- firstParameterLabelColumn : INTEGER
    0, -- currentLaterParameterLabelLineNumber : INTEGER
    0, -- currentLaterParameterLabelColumn : INTEGER
    "ba5eda7a-def5-0000-0000-000000000004", -- DT_ID : UNIQUE_ID
    "c24517cb-3b96-4ee1-b80f-7cae152e41eb" -- Block_ID : UNIQUE_ID
);
INSERT INTO V_VAL VALUES (
    "c0e96b62-988e-4660-8abd-f5fbf72b4a89", -- Value_ID : UNIQUE_ID
    0, -- isLValue : BOOLEAN
    0, -- isImplicit : BOOLEAN
    10, -- LineNumber : INTEGER
    49, -- StartPosition : INTEGER
    53, -- EndPosition : INTEGER
    0, -- firstParameterLabelLineNumber : INTEGER
    0, -- firstParameterLabelColumn : INTEGER
    0, -- currentLaterParameterLabelLineNumber : INTEGER
    0, -- currentLaterParameterLabelColumn : INTEGER
    "ba5eda7a-def5-0000-0000-000000000001", -- DT_ID : UNIQUE_ID
    "c24517cb-3b96-4ee1-b80f-7cae152e41eb" -- Block_ID : UNIQUE_ID
);
INSERT INTO V_VAL VALUES (
    "76f8e18d-4aa2-425f-979e-32c059d031e8", -- Value_ID : UNIQUE_ID
    0, -- isLValue : BOOLEAN
    0, -- isImplicit : BOOLEAN
    10, -- LineNumber : INTEGER
    17, -- StartPosition : INTEGER
    40, -- EndPosition : INTEGER
    0, -- firstParameterLabelLineNumber : INTEGER
    0, -- firstParameterLabelColumn : INTEGER
    0, -- currentLaterParameterLabelLineNumber : INTEGER
    0, -- currentLaterParameterLabelColumn : INTEGER
    "ba5eda7a-def5-0000-0000-000000000004", -- DT_ID : UNIQUE_ID
    "c24517cb-3b96-4ee1-b80f-7cae152e41eb" -- Block_ID : UNIQUE_ID
);
INSERT INTO V_VAR VALUES (
    "7b6286b6-57ba-4174-ac17-d4347e6f50dd", -- Var_ID : UNIQUE_ID
    "d578abdf-2606-4af3-95f6-731dd7319ebe", -- Block_ID : UNIQUE_ID
    'mapping', -- Name : STRING
    1, -- Declared : BOOLEAN
    "ba5eda7a-def5-0000-0000-000000000004" -- DT_ID : UNIQUE_ID
);
INSERT INTO V_VAR VALUES (
    "cfd0f518-8447-4f68-9937-bc08e30ed047", -- Var_ID : UNIQUE_ID
    "d578abdf-2606-4af3-95f6-731dd7319ebe", -- Block_ID : UNIQUE_ID
    'i', -- Name : STRING
    1, -- Declared : BOOLEAN
    "ba5eda7a-def5-0000-0000-000000000002" -- DT_ID : UNIQUE_ID
);
INSERT INTO V_VAR VALUES (
    "4883bec1-8340-4972-b08c-7975ca29c4c3", -- Var_ID : UNIQUE_ID
    "d578abdf-2606-4af3-95f6-731dd7319ebe", -- Block_ID : UNIQUE_ID
    's', -- Name : STRING
    1, -- Declared : BOOLEAN
    "ba5eda7a-def5-0000-0000-000000000004" -- DT_ID : UNIQUE_ID
);
INSERT INTO V_VAR VALUES (
    "dab64249-fa14-4614-86a9-f055dc733f26", -- Var_ID : UNIQUE_ID
    "6afb6373-c364-47b8-b564-9d501b7a8004", -- Block_ID : UNIQUE_ID
    'd', -- Name : STRING
    1, -- Declared : BOOLEAN
    "ba5eda7a-def5-0000-0000-000000000002" -- DT_ID : UNIQUE_ID
);
INSERT INTO V_VAR VALUES (
    "7858f95d-a78d-4b7a-8570-80edb6215139", -- Var_ID : UNIQUE_ID
    "637a46cc-29b5-4895-b8d6-0026269d91bd", -- Block_ID : UNIQUE_ID
    'employee', -- Name : STRING
    0, -- Declared : BOOLEAN
    "ba5eda7a-def5-0000-0000-000000000008" -- DT_ID : UNIQUE_ID
);
INSERT INTO V_VAR VALUES (
    "e2387159-2842-4109-8124-5fcd2094b69c", -- Var_ID : UNIQUE_ID
    "fc495f64-a662-4818-8fd0-58be2ace9ea8", -- Block_ID : UNIQUE_ID
    'leave', -- Name : STRING
    0, -- Declared : BOOLEAN
    "ba5eda7a-def5-0000-0000-000000000008" -- DT_ID : UNIQUE_ID
);
INSERT INTO V_VAR VALUES (
    "79e70ea4-4ca8-42c9-b3ab-fc516862cc03", -- Var_ID : UNIQUE_ID
    "a9ba84c9-a18a-4588-821a-b0ee45f5a92a", -- Block_ID : UNIQUE_ID
    'assignTo', -- Name : STRING
    0, -- Declared : BOOLEAN
    "ba5eda7a-def5-0000-0000-000000000008" -- DT_ID : UNIQUE_ID
);
INSERT INTO V_VAR VALUES (
    "342fc5c7-598c-4836-baf1-de81e7b181cb", -- Var_ID : UNIQUE_ID
    "a9ba84c9-a18a-4588-821a-b0ee45f5a92a", -- Block_ID : UNIQUE_ID
    'employee', -- Name : STRING
    0, -- Declared : BOOLEAN
    "ba5eda7a-def5-0000-0000-000000000008" -- DT_ID : UNIQUE_ID
);
INSERT INTO V_VAR VALUES (
    "fba4cb4d-6a09-44ae-8b95-04c2e05323d4", -- Var_ID : UNIQUE_ID
    "a9ba84c9-a18a-4588-821a-b0ee45f5a92a", -- Block_ID : UNIQUE_ID
    'leave', -- Name : STRING
    0, -- Declared : BOOLEAN
    "ba5eda7a-def5-0000-0000-000000000008" -- DT_ID : UNIQUE_ID
);
INSERT INTO V_VAR VALUES (
    "8be026fd-5da4-415d-b400-35a40025b08f", -- Var_ID : UNIQUE_ID
    "92f6d78f-3789-4e61-a009-8d93795c1858", -- Block_ID : UNIQUE_ID
    'employee', -- Name : STRING
    0, -- Declared : BOOLEAN
    "ba5eda7a-def5-0000-0000-000000000008" -- DT_ID : UNIQUE_ID
);
INSERT INTO V_VAR VALUES (
    "bfae5a4a-85bb-4d2a-8765-73981d8c06e0", -- Var_ID : UNIQUE_ID
    "c1982ebe-d5bf-495b-ac12-2e3f0c66c2cd", -- Block_ID : UNIQUE_ID
    'employee', -- Name : STRING
    0, -- Declared : BOOLEAN
    "ba5eda7a-def5-0000-0000-000000000008" -- DT_ID : UNIQUE_ID
);
INSERT INTO V_VAR VALUES (
    "38fb5da6-3107-4f99-8f1b-1ad9a531fb96", -- Var_ID : UNIQUE_ID
    "31eb499c-448d-4570-8c74-76a6918bba97", -- Block_ID : UNIQUE_ID
    'leave', -- Name : STRING
    0, -- Declared : BOOLEAN
    "ba5eda7a-def5-0000-0000-000000000008" -- DT_ID : UNIQUE_ID
);
INSERT INTO V_VAR VALUES (
    "455f0526-9e54-4d84-9bdf-538b8e64d2bb", -- Var_ID : UNIQUE_ID
    "7720eee9-7437-4ddb-83f6-5d35cd6390b5", -- Block_ID : UNIQUE_ID
    'employee', -- Name : STRING
    0, -- Declared : BOOLEAN
    "ba5eda7a-def5-0000-0000-000000000008" -- DT_ID : UNIQUE_ID
);
INSERT INTO V_VAR VALUES (
    "8d018ed7-28a4-408e-bbc2-2ba6d9556ce3", -- Var_ID : UNIQUE_ID
    "f2fc9a85-222e-4958-b1b9-23c7a399e02f", -- Block_ID : UNIQUE_ID
    'employee', -- Name : STRING
    0, -- Declared : BOOLEAN
    "ba5eda7a-def5-0000-0000-000000000008" -- DT_ID : UNIQUE_ID
);
INSERT INTO S_SYS_PROXY VALUES (
    "7fdc406f-2939-49c0-8fab-99de27b70193", -- _0 : UNIQUE_ID
    'runtime', -- _1 : STRING
    1, -- _2 : INTEGER
    '../runtime.xtuml' -- _3 : STRING
);
INSERT INTO S_SYS_PROXY VALUES (
    "7fdc406f-2939-49c0-8fab-99de27b70193", -- _0 : UNIQUE_ID
    'runtime', -- _1 : STRING
    1, -- _2 : INTEGER
    '../runtime.xtuml' -- _3 : STRING
);
INSERT INTO S_SYS_PROXY VALUES (
    "7fdc406f-2939-49c0-8fab-99de27b70193", -- _0 : UNIQUE_ID
    'runtime', -- _1 : STRING
    1, -- _2 : INTEGER
    '../runtime.xtuml' -- _3 : STRING
);
INSERT INTO S_SYS_PROXY VALUES (
    "7fdc406f-2939-49c0-8fab-99de27b70193", -- _0 : UNIQUE_ID
    'runtime', -- _1 : STRING
    1, -- _2 : INTEGER
    '../runtime.xtuml' -- _3 : STRING
);
INSERT INTO S_SYS_PROXY VALUES (
    "7fdc406f-2939-49c0-8fab-99de27b70193", -- _0 : UNIQUE_ID
    'runtime', -- _1 : STRING
    1, -- _2 : INTEGER
    '../runtime.xtuml' -- _3 : STRING
);
INSERT INTO S_SYS_PROXY VALUES (
    "ccdb2e52-76fc-4422-936f-a0239fd9d106", -- _0 : UNIQUE_ID
    'hrm', -- _1 : STRING
    1, -- _2 : INTEGER
    '../hrm.xtuml' -- _3 : STRING
);
INSERT INTO S_SYS_PROXY VALUES (
    "ccdb2e52-76fc-4422-936f-a0239fd9d106", -- _0 : UNIQUE_ID
    'hrm', -- _1 : STRING
    1, -- _2 : INTEGER
    '../../../hrm.xtuml' -- _3 : STRING
);
INSERT INTO S_SYS_PROXY VALUES (
    "46564f98-385d-43d9-876a-ca551a77e802", -- _0 : UNIQUE_ID
    'HRUI', -- _1 : STRING
    1, -- _2 : INTEGER
    '../../../HRUI.xtuml' -- _3 : STRING
);
INSERT INTO S_SYS_PROXY VALUES (
    "46564f98-385d-43d9-876a-ca551a77e802", -- _0 : UNIQUE_ID
    'HRUI', -- _1 : STRING
    1, -- _2 : INTEGER
    '../../HRUI.xtuml' -- _3 : STRING
);
INSERT INTO S_SYS_PROXY VALUES (
    "46564f98-385d-43d9-876a-ca551a77e802", -- _0 : UNIQUE_ID
    'HRUI', -- _1 : STRING
    1, -- _2 : INTEGER
    '../HRUI.xtuml' -- _3 : STRING
);
INSERT INTO S_SYS_PROXY VALUES (
    "a31b98b3-80c6-4eea-80cb-d84755441c10", -- _0 : UNIQUE_ID
    'HRsystem', -- _1 : STRING
    1, -- _2 : INTEGER
    '../HRsystem.xtuml' -- _3 : STRING
);
INSERT INTO GD_MD VALUES (
    "2f6a7c9c-29f6-4d07-bc99-3518dd2d5fa1", -- _0 : UNIQUE_ID
    112, -- _1 : INTEGER
    "12c213af-4b2d-4e49-890c-453aa4660620", -- _2 : UNIQUE_ID
    108, -- _3 : INTEGER
    0, -- _4 : INTEGER
    0, -- _5 : INTEGER
    1, -- _6 : INTEGER
    1, -- _7 : INTEGER
    1, -- _8 : INTEGER
    12, -- _9 : INTEGER
    1, -- _10 : INTEGER
    0, -- _11 : INTEGER
    0, -- _12 : INTEGER
    200, -- _13 : INTEGER
    150, -- _14 : INTEGER
    0, -- _15 : INTEGER
    '', -- _16 : STRING
    'runtime::io.ciera.runtime.instanceloading.generic.util' -- _17 : STRING
);
INSERT INTO GD_MD VALUES (
    "c583e9a1-e3ff-44b5-9b35-322ca643e77c", -- _0 : UNIQUE_ID
    112, -- _1 : INTEGER
    "78fb3e55-9840-4511-a824-62393e628058", -- _2 : UNIQUE_ID
    108, -- _3 : INTEGER
    0, -- _4 : INTEGER
    0, -- _5 : INTEGER
    1, -- _6 : INTEGER
    1, -- _7 : INTEGER
    1, -- _8 : INTEGER
    12, -- _9 : INTEGER
    1, -- _10 : INTEGER
    0, -- _11 : INTEGER
    0, -- _12 : INTEGER
    0, -- _13 : INTEGER
    0, -- _14 : INTEGER
    0, -- _15 : INTEGER
    '', -- _16 : STRING
    'runtime::io.ciera.runtime.instanceloading.sql.util' -- _17 : STRING
);
INSERT INTO GD_MD VALUES (
    "aad0165c-b18e-4b9c-a99d-445fb7a93215", -- _0 : UNIQUE_ID
    108, -- _1 : INTEGER
    "7fdc406f-2939-49c0-8fab-99de27b70193", -- _2 : UNIQUE_ID
    92, -- _3 : INTEGER
    0, -- _4 : INTEGER
    0, -- _5 : INTEGER
    1, -- _6 : INTEGER
    1, -- _7 : INTEGER
    1, -- _8 : INTEGER
    12, -- _9 : INTEGER
    1, -- _10 : INTEGER
    0, -- _11 : INTEGER
    0, -- _12 : INTEGER
    200, -- _13 : INTEGER
    150, -- _14 : INTEGER
    0, -- _15 : INTEGER
    '4.1.17', -- _16 : STRING
    'runtime' -- _17 : STRING
);
INSERT INTO GD_MD VALUES (
    "5d4f79b5-79fc-4c52-b971-fa73cdd5585e", -- _0 : UNIQUE_ID
    112, -- _1 : INTEGER
    "1df09104-1fdb-48ee-9ae7-06cc055c5770", -- _2 : UNIQUE_ID
    108, -- _3 : INTEGER
    0, -- _4 : INTEGER
    0, -- _5 : INTEGER
    1, -- _6 : INTEGER
    1, -- _7 : INTEGER
    1, -- _8 : INTEGER
    12, -- _9 : INTEGER
    1, -- _10 : INTEGER
    0, -- _11 : INTEGER
    0, -- _12 : INTEGER
    0, -- _13 : INTEGER
    0, -- _14 : INTEGER
    0, -- _15 : INTEGER
    '', -- _16 : STRING
    'runtime::io.ciera.runtime.template.util' -- _17 : STRING
);
INSERT INTO GD_MD VALUES (
    "59c17cd3-57f0-44ba-80bc-4fd79c863941", -- _0 : UNIQUE_ID
    112, -- _1 : INTEGER
    "ddbd5fec-558a-4967-bd11-9b09a6c6c428", -- _2 : UNIQUE_ID
    108, -- _3 : INTEGER
    0, -- _4 : INTEGER
    0, -- _5 : INTEGER
    1, -- _6 : INTEGER
    1, -- _7 : INTEGER
    1, -- _8 : INTEGER
    12, -- _9 : INTEGER
    1, -- _10 : INTEGER
    0, -- _11 : INTEGER
    0, -- _12 : INTEGER
    0, -- _13 : INTEGER
    0, -- _14 : INTEGER
    0, -- _15 : INTEGER
    '', -- _16 : STRING
    'runtime::io.ciera.runtime.instanceloading.dynamodb.util' -- _17 : STRING
);
INSERT INTO GD_MD VALUES (
    "8458b4a8-d1ae-46e5-8dd3-03126e082c37", -- _0 : UNIQUE_ID
    112, -- _1 : INTEGER
    "c26641d6-6bfe-4fa5-b78d-533f6fb8d396", -- _2 : UNIQUE_ID
    108, -- _3 : INTEGER
    0, -- _4 : INTEGER
    0, -- _5 : INTEGER
    1, -- _6 : INTEGER
    1, -- _7 : INTEGER
    1, -- _8 : INTEGER
    12, -- _9 : INTEGER
    1, -- _10 : INTEGER
    0, -- _11 : INTEGER
    0, -- _12 : INTEGER
    200, -- _13 : INTEGER
    150, -- _14 : INTEGER
    0, -- _15 : INTEGER
    '4.1.17', -- _16 : STRING
    'hrm::hrm' -- _17 : STRING
);
INSERT INTO GD_MD VALUES (
    "ee86ddd2-4d3a-47ec-8131-c5225c1bb12b", -- _0 : UNIQUE_ID
    111, -- _1 : INTEGER
    "8e4782c3-9567-4154-87b3-67069634e7a5", -- _2 : UNIQUE_ID
    98, -- _3 : INTEGER
    0, -- _4 : INTEGER
    0, -- _5 : INTEGER
    1, -- _6 : INTEGER
    1, -- _7 : INTEGER
    1, -- _8 : INTEGER
    12, -- _9 : INTEGER
    1, -- _10 : INTEGER
    0, -- _11 : INTEGER
    0, -- _12 : INTEGER
    200, -- _13 : INTEGER
    150, -- _14 : INTEGER
    0, -- _15 : INTEGER
    '4.1.17', -- _16 : STRING
    'hrm::hrm::hr' -- _17 : STRING
);
INSERT INTO GD_MD VALUES (
    "99029f38-611e-4958-a86d-3e9e4ee3f7fc", -- _0 : UNIQUE_ID
    112, -- _1 : INTEGER
    "fdd8efa1-97d4-4adc-a67d-1fb0bd49373b", -- _2 : UNIQUE_ID
    108, -- _3 : INTEGER
    0, -- _4 : INTEGER
    0, -- _5 : INTEGER
    1, -- _6 : INTEGER
    1, -- _7 : INTEGER
    1, -- _8 : INTEGER
    12, -- _9 : INTEGER
    1, -- _10 : INTEGER
    0, -- _11 : INTEGER
    0, -- _12 : INTEGER
    200, -- _13 : INTEGER
    150, -- _14 : INTEGER
    0, -- _15 : INTEGER
    '4.1.17', -- _16 : STRING
    'hrm::hrm::hr::main' -- _17 : STRING
);
INSERT INTO GD_MD VALUES (
    "704fdc3f-4d4e-4da3-b3b7-7544b6f5fab6", -- _0 : UNIQUE_ID
    8, -- _1 : INTEGER
    "7b5f90bd-656f-4bc9-83bf-771ed45973b0", -- _2 : UNIQUE_ID
    40, -- _3 : INTEGER
    0, -- _4 : INTEGER
    0, -- _5 : INTEGER
    1, -- _6 : INTEGER
    1, -- _7 : INTEGER
    1, -- _8 : INTEGER
    12, -- _9 : INTEGER
    1, -- _10 : INTEGER
    0, -- _11 : INTEGER
    0, -- _12 : INTEGER
    0, -- _13 : INTEGER
    0, -- _14 : INTEGER
    0, -- _15 : INTEGER
    '4.1.17', -- _16 : STRING
    'hrm::hrm::hr::main::Employee::Instance State Machine' -- _17 : STRING
);
INSERT INTO GD_MD VALUES (
    "d2c8956e-9205-4462-9c1a-506047c0b912", -- _0 : UNIQUE_ID
    108, -- _1 : INTEGER
    "ccdb2e52-76fc-4422-936f-a0239fd9d106", -- _2 : UNIQUE_ID
    92, -- _3 : INTEGER
    0, -- _4 : INTEGER
    0, -- _5 : INTEGER
    1, -- _6 : INTEGER
    1, -- _7 : INTEGER
    1, -- _8 : INTEGER
    12, -- _9 : INTEGER
    1, -- _10 : INTEGER
    0, -- _11 : INTEGER
    0, -- _12 : INTEGER
    200, -- _13 : INTEGER
    150, -- _14 : INTEGER
    0, -- _15 : INTEGER
    '', -- _16 : STRING
    'hrm' -- _17 : STRING
);
INSERT INTO GD_MD VALUES (
    "46a50ca9-1f9d-4de6-88c7-b09ee7ee7391", -- _0 : UNIQUE_ID
    112, -- _1 : INTEGER
    "cabf7045-c6ff-41a5-afe9-032eec941581", -- _2 : UNIQUE_ID
    108, -- _3 : INTEGER
    0, -- _4 : INTEGER
    0, -- _5 : INTEGER
    1, -- _6 : INTEGER
    1, -- _7 : INTEGER
    1, -- _8 : INTEGER
    12, -- _9 : INTEGER
    1, -- _10 : INTEGER
    0, -- _11 : INTEGER
    0, -- _12 : INTEGER
    0, -- _13 : INTEGER
    0, -- _14 : INTEGER
    0, -- _15 : INTEGER
    '', -- _16 : STRING
    'HRUI::UI::UI::UI' -- _17 : STRING
);
INSERT INTO GD_MD VALUES (
    "41125cbf-38a6-44de-a9ab-3fa10c459399", -- _0 : UNIQUE_ID
    111, -- _1 : INTEGER
    "d81dc79e-6692-4a39-b6d9-f5fc0b765726", -- _2 : UNIQUE_ID
    98, -- _3 : INTEGER
    0, -- _4 : INTEGER
    0, -- _5 : INTEGER
    1, -- _6 : INTEGER
    1, -- _7 : INTEGER
    1, -- _8 : INTEGER
    12, -- _9 : INTEGER
    1, -- _10 : INTEGER
    0, -- _11 : INTEGER
    0, -- _12 : INTEGER
    200, -- _13 : INTEGER
    150, -- _14 : INTEGER
    0, -- _15 : INTEGER
    '4.1.17', -- _16 : STRING
    'HRUI::UI::UI' -- _17 : STRING
);
INSERT INTO GD_MD VALUES (
    "d6bffb76-b36d-41e2-9be7-8aff2f37cd03", -- _0 : UNIQUE_ID
    112, -- _1 : INTEGER
    "941213f0-4346-48d9-89fe-196761630487", -- _2 : UNIQUE_ID
    108, -- _3 : INTEGER
    0, -- _4 : INTEGER
    0, -- _5 : INTEGER
    1, -- _6 : INTEGER
    1, -- _7 : INTEGER
    1, -- _8 : INTEGER
    12, -- _9 : INTEGER
    1, -- _10 : INTEGER
    0, -- _11 : INTEGER
    0, -- _12 : INTEGER
    200, -- _13 : INTEGER
    150, -- _14 : INTEGER
    0, -- _15 : INTEGER
    '', -- _16 : STRING
    'HRUI::UI::Shared' -- _17 : STRING
);
INSERT INTO GD_MD VALUES (
    "71b186b2-dcea-423f-839e-9b6a25f3e5b2", -- _0 : UNIQUE_ID
    112, -- _1 : INTEGER
    "2ac1b93e-087c-4999-856e-c988c703dec6", -- _2 : UNIQUE_ID
    108, -- _3 : INTEGER
    0, -- _4 : INTEGER
    0, -- _5 : INTEGER
    1, -- _6 : INTEGER
    1, -- _7 : INTEGER
    1, -- _8 : INTEGER
    12, -- _9 : INTEGER
    1, -- _10 : INTEGER
    0, -- _11 : INTEGER
    0, -- _12 : INTEGER
    200, -- _13 : INTEGER
    150, -- _14 : INTEGER
    0, -- _15 : INTEGER
    '4.1.17', -- _16 : STRING
    'HRUI::UI' -- _17 : STRING
);
INSERT INTO GD_MD VALUES (
    "1a44f04b-948a-4e43-9b12-e4439172ae27", -- _0 : UNIQUE_ID
    108, -- _1 : INTEGER
    "46564f98-385d-43d9-876a-ca551a77e802", -- _2 : UNIQUE_ID
    92, -- _3 : INTEGER
    0, -- _4 : INTEGER
    0, -- _5 : INTEGER
    1, -- _6 : INTEGER
    1, -- _7 : INTEGER
    1, -- _8 : INTEGER
    12, -- _9 : INTEGER
    1, -- _10 : INTEGER
    0, -- _11 : INTEGER
    0, -- _12 : INTEGER
    200, -- _13 : INTEGER
    150, -- _14 : INTEGER
    0, -- _15 : INTEGER
    '', -- _16 : STRING
    'HRUI' -- _17 : STRING
);
INSERT INTO GD_MD VALUES (
    "e16f3bab-481a-46b0-8b83-4541aeed00e9", -- _0 : UNIQUE_ID
    108, -- _1 : INTEGER
    "a31b98b3-80c6-4eea-80cb-d84755441c10", -- _2 : UNIQUE_ID
    92, -- _3 : INTEGER
    0, -- _4 : INTEGER
    0, -- _5 : INTEGER
    1, -- _6 : INTEGER
    1, -- _7 : INTEGER
    1, -- _8 : INTEGER
    12, -- _9 : INTEGER
    1, -- _10 : INTEGER
    0, -- _11 : INTEGER
    0, -- _12 : INTEGER
    200, -- _13 : INTEGER
    150, -- _14 : INTEGER
    0, -- _15 : INTEGER
    '', -- _16 : STRING
    'HRsystem' -- _17 : STRING
);
INSERT INTO GD_MD VALUES (
    "85a10e94-9d27-4b52-b27b-c303bc3441fa", -- _0 : UNIQUE_ID
    112, -- _1 : INTEGER
    "dc314371-2fb0-467b-9c93-a6ac9803f4f9", -- _2 : UNIQUE_ID
    108, -- _3 : INTEGER
    0, -- _4 : INTEGER
    0, -- _5 : INTEGER
    1, -- _6 : INTEGER
    1, -- _7 : INTEGER
    1, -- _8 : INTEGER
    12, -- _9 : INTEGER
    1, -- _10 : INTEGER
    0, -- _11 : INTEGER
    0, -- _12 : INTEGER
    200, -- _13 : INTEGER
    150, -- _14 : INTEGER
    0, -- _15 : INTEGER
    '4.1.17', -- _16 : STRING
    'HRsystem::HRsystem' -- _17 : STRING
);
INSERT INTO GD_GE VALUES (
    "47e73ee7-a7e4-4834-ab20-8dbe8067b245", -- _0 : UNIQUE_ID
    "2f6a7c9c-29f6-4d07-bc99-3518dd2d5fa1", -- _1 : UNIQUE_ID
    "4525dfcd-89bc-4810-bceb-c727b8c25e05", -- _2 : UNIQUE_ID
    12, -- _3 : INTEGER
    0, -- _4 : INTEGER
    'runtime::io.ciera.runtime.instanceloading.generic.util::Load' -- _5 : STRING
);
INSERT INTO GD_GE VALUES (
    "2a79e99f-8d48-4840-a9af-963c816e64cf", -- _0 : UNIQUE_ID
    "c583e9a1-e3ff-44b5-9b35-322ca643e77c", -- _1 : UNIQUE_ID
    "3c9187e2-faac-4b05-986d-04c751e1632b", -- _2 : UNIQUE_ID
    12, -- _3 : INTEGER
    0, -- _4 : INTEGER
    'runtime::io.ciera.runtime.instanceloading.sql.util::SQL' -- _5 : STRING
);
INSERT INTO GD_GE VALUES (
    "b338d10f-5ead-401b-a7be-1593614ec0df", -- _0 : UNIQUE_ID
    "aad0165c-b18e-4b9c-a99d-445fb7a93215", -- _1 : UNIQUE_ID
    "63980537-a12c-49e3-a1f9-8bd1a2489218", -- _2 : UNIQUE_ID
    108, -- _3 : INTEGER
    0, -- _4 : INTEGER
    'runtime::io.ciera.runtime.summit.util' -- _5 : STRING
);
INSERT INTO GD_GE VALUES (
    "0f471f9f-a938-4191-a624-af30b406b49a", -- _0 : UNIQUE_ID
    "aad0165c-b18e-4b9c-a99d-445fb7a93215", -- _1 : UNIQUE_ID
    "78fb3e55-9840-4511-a824-62393e628058", -- _2 : UNIQUE_ID
    108, -- _3 : INTEGER
    0, -- _4 : INTEGER
    'runtime::io.ciera.runtime.instanceloading.sql.util' -- _5 : STRING
);
INSERT INTO GD_GE VALUES (
    "9bbac918-642f-4bf0-9460-5e8fcaed8580", -- _0 : UNIQUE_ID
    "aad0165c-b18e-4b9c-a99d-445fb7a93215", -- _1 : UNIQUE_ID
    "1df09104-1fdb-48ee-9ae7-06cc055c5770", -- _2 : UNIQUE_ID
    108, -- _3 : INTEGER
    0, -- _4 : INTEGER
    'runtime::io.ciera.runtime.template.util' -- _5 : STRING
);
INSERT INTO GD_GE VALUES (
    "99f0c301-009f-4de1-8719-28c038e63959", -- _0 : UNIQUE_ID
    "aad0165c-b18e-4b9c-a99d-445fb7a93215", -- _1 : UNIQUE_ID
    "ddbd5fec-558a-4967-bd11-9b09a6c6c428", -- _2 : UNIQUE_ID
    108, -- _3 : INTEGER
    0, -- _4 : INTEGER
    'runtime::io.ciera.runtime.instanceloading.dynamodb.util' -- _5 : STRING
);
INSERT INTO GD_GE VALUES (
    "6d2f1dfa-1460-4d30-9c6d-27930f9432d6", -- _0 : UNIQUE_ID
    "aad0165c-b18e-4b9c-a99d-445fb7a93215", -- _1 : UNIQUE_ID
    "12c213af-4b2d-4e49-890c-453aa4660620", -- _2 : UNIQUE_ID
    108, -- _3 : INTEGER
    0, -- _4 : INTEGER
    'runtime::io.ciera.runtime.instanceloading.generic.util' -- _5 : STRING
);
INSERT INTO GD_GE VALUES (
    "aa81864f-4650-4fac-a858-94602d7f45e1", -- _0 : UNIQUE_ID
    "5d4f79b5-79fc-4c52-b971-fa73cdd5585e", -- _1 : UNIQUE_ID
    "d6db4b3d-c6a5-400a-92b9-6a391237afbb", -- _2 : UNIQUE_ID
    12, -- _3 : INTEGER
    0, -- _4 : INTEGER
    'runtime::io.ciera.runtime.template.util::templating' -- _5 : STRING
);
INSERT INTO GD_GE VALUES (
    "cd19f362-e320-4e99-9086-14abdeed993e", -- _0 : UNIQUE_ID
    "59c17cd3-57f0-44ba-80bc-4fd79c863941", -- _1 : UNIQUE_ID
    "c03ccce5-cb73-48ca-b676-b00270c95839", -- _2 : UNIQUE_ID
    12, -- _3 : INTEGER
    0, -- _4 : INTEGER
    'runtime::io.ciera.runtime.instanceloading.dynamodb.util::DynamoDB' -- _5 : STRING
);
INSERT INTO GD_GE VALUES (
    "f5739c23-9126-43ad-9a1b-0f37c7e1dd94", -- _0 : UNIQUE_ID
    "8458b4a8-d1ae-46e5-8dd3-03126e082c37", -- _1 : UNIQUE_ID
    "8e4782c3-9567-4154-87b3-67069634e7a5", -- _2 : UNIQUE_ID
    98, -- _3 : INTEGER
    0, -- _4 : INTEGER
    'hrm::hrm::hr' -- _5 : STRING
);
INSERT INTO GD_GE VALUES (
    "b7208601-6c1d-4a70-9874-af630427b85c", -- _0 : UNIQUE_ID
    "8458b4a8-d1ae-46e5-8dd3-03126e082c37", -- _1 : UNIQUE_ID
    "e211a314-f4cf-4d96-ab5d-86594500f9c9", -- _2 : UNIQUE_ID
    94, -- _3 : INTEGER
    0, -- _4 : INTEGER
    'hrm::hrm::hr::UI::EP' -- _5 : STRING
);
INSERT INTO GD_GE VALUES (
    "583313b2-37e6-4d57-a74f-cf74a3356c2a", -- _0 : UNIQUE_ID
    "8458b4a8-d1ae-46e5-8dd3-03126e082c37", -- _1 : UNIQUE_ID
    "c35b9fa4-4616-416a-9786-5ec0aff91faf", -- _2 : UNIQUE_ID
    94, -- _3 : INTEGER
    0, -- _4 : INTEGER
    'hrm::hrm::hr::Port1::Unnamed Interface' -- _5 : STRING
);
INSERT INTO GD_GE VALUES (
    "26ab6a35-97f1-49d5-ae78-5b9e619b0c16", -- _0 : UNIQUE_ID
    "ee86ddd2-4d3a-47ec-8131-c5225c1bb12b", -- _1 : UNIQUE_ID
    "8e4782c3-9567-4154-87b3-67069634e7a5", -- _2 : UNIQUE_ID
    103, -- _3 : INTEGER
    0, -- _4 : INTEGER
    'hrm::hrm::hr' -- _5 : STRING
);
INSERT INTO GD_GE VALUES (
    "909ab02b-31c7-429f-b99a-d940860bd6d2", -- _0 : UNIQUE_ID
    "ee86ddd2-4d3a-47ec-8131-c5225c1bb12b", -- _1 : UNIQUE_ID
    "fdd8efa1-97d4-4adc-a67d-1fb0bd49373b", -- _2 : UNIQUE_ID
    108, -- _3 : INTEGER
    0, -- _4 : INTEGER
    'hrm::hrm::hr::main' -- _5 : STRING
);
INSERT INTO GD_GE VALUES (
    "b982d6cf-9550-416f-8b35-312dcfff4b27", -- _0 : UNIQUE_ID
    "ee86ddd2-4d3a-47ec-8131-c5225c1bb12b", -- _1 : UNIQUE_ID
    "e211a314-f4cf-4d96-ab5d-86594500f9c9", -- _2 : UNIQUE_ID
    94, -- _3 : INTEGER
    0, -- _4 : INTEGER
    'hrm::hrm::hr::UI::EP' -- _5 : STRING
);
INSERT INTO GD_GE VALUES (
    "eef2d986-d98e-43f4-8d78-347a6ab9fb65", -- _0 : UNIQUE_ID
    "ee86ddd2-4d3a-47ec-8131-c5225c1bb12b", -- _1 : UNIQUE_ID
    "c35b9fa4-4616-416a-9786-5ec0aff91faf", -- _2 : UNIQUE_ID
    94, -- _3 : INTEGER
    0, -- _4 : INTEGER
    'hrm::hrm::hr::UI_Leave::Leave' -- _5 : STRING
);
INSERT INTO GD_GE VALUES (
    "ed420ffb-23fe-4148-864b-a72d054bd0af", -- _0 : UNIQUE_ID
    "99029f38-611e-4958-a86d-3e9e4ee3f7fc", -- _1 : UNIQUE_ID
    "d8528470-976c-421b-a087-1201ac24302f", -- _2 : UNIQUE_ID
    21, -- _3 : INTEGER
    0, -- _4 : INTEGER
    'hrm::hrm::hr::main::Employee' -- _5 : STRING
);
INSERT INTO GD_GE VALUES (
    "5d553595-76d6-4918-8385-fe5309e37506", -- _0 : UNIQUE_ID
    "99029f38-611e-4958-a86d-3e9e4ee3f7fc", -- _1 : UNIQUE_ID
    "20eeccf9-a28c-4875-94f5-245affd4f878", -- _2 : UNIQUE_ID
    21, -- _3 : INTEGER
    0, -- _4 : INTEGER
    'hrm::hrm::hr::main::Leave' -- _5 : STRING
);
INSERT INTO GD_GE VALUES (
    "924ef2e0-63ae-4889-bd03-1f3ab5f269a9", -- _0 : UNIQUE_ID
    "99029f38-611e-4958-a86d-3e9e4ee3f7fc", -- _1 : UNIQUE_ID
    "20391e7a-d5eb-43ec-849a-3af0009b3d41", -- _2 : UNIQUE_ID
    21, -- _3 : INTEGER
    0, -- _4 : INTEGER
    'hrm::hrm::hr::main::Employee_Leave' -- _5 : STRING
);
INSERT INTO GD_GE VALUES (
    "eaa17e4e-c479-4b52-81f5-53d8d2fe4c57", -- _0 : UNIQUE_ID
    "99029f38-611e-4958-a86d-3e9e4ee3f7fc", -- _1 : UNIQUE_ID
    "ae8bfc83-f458-4499-85f3-5a2ce8b49a22", -- _2 : UNIQUE_ID
    24, -- _3 : INTEGER
    0, -- _4 : INTEGER
    'hrm::hrm::hr::main::R1' -- _5 : STRING
);
INSERT INTO GD_GE VALUES (
    "cf58e3d4-607b-4455-bbc6-581ae83dc061", -- _0 : UNIQUE_ID
    "99029f38-611e-4958-a86d-3e9e4ee3f7fc", -- _1 : UNIQUE_ID
    "ae8bfc83-f458-4499-85f3-5a2ce8b49a22", -- _2 : UNIQUE_ID
    34, -- _3 : INTEGER
    0, -- _4 : INTEGER
    'hrm::hrm::hr::main::R1::Employee_Leave' -- _5 : STRING
);
INSERT INTO GD_GE VALUES (
    "1335cd03-252a-4507-9273-cf9361a1d99c", -- _0 : UNIQUE_ID
    "99029f38-611e-4958-a86d-3e9e4ee3f7fc", -- _1 : UNIQUE_ID
    "c3a6b183-30c2-44c6-b78d-0da61c03ab1a", -- _2 : UNIQUE_ID
    21, -- _3 : INTEGER
    0, -- _4 : INTEGER
    'hrm::hrm::hr::main::Bonus' -- _5 : STRING
);
INSERT INTO GD_GE VALUES (
    "118bf261-5b2d-4668-bccf-01457bb88714", -- _0 : UNIQUE_ID
    "99029f38-611e-4958-a86d-3e9e4ee3f7fc", -- _1 : UNIQUE_ID
    "e0b6f415-1969-40c5-bbef-cdadc4cc951a", -- _2 : UNIQUE_ID
    21, -- _3 : INTEGER
    0, -- _4 : INTEGER
    'hrm::hrm::hr::main::Overtime' -- _5 : STRING
);
INSERT INTO GD_GE VALUES (
    "87d1457e-ea08-4dd7-9f8f-8074e306be0e", -- _0 : UNIQUE_ID
    "99029f38-611e-4958-a86d-3e9e4ee3f7fc", -- _1 : UNIQUE_ID
    "519ecf55-8cb0-4528-8eba-2916d04baeec", -- _2 : UNIQUE_ID
    21, -- _3 : INTEGER
    0, -- _4 : INTEGER
    'hrm::hrm::hr::main::Grade' -- _5 : STRING
);
INSERT INTO GD_GE VALUES (
    "a276896b-8979-4add-be71-6130e04fce25", -- _0 : UNIQUE_ID
    "99029f38-611e-4958-a86d-3e9e4ee3f7fc", -- _1 : UNIQUE_ID
    "6ebd6869-c24e-4efa-81a8-0cdf8005ec5e", -- _2 : UNIQUE_ID
    21, -- _3 : INTEGER
    0, -- _4 : INTEGER
    'hrm::hrm::hr::main::Pay' -- _5 : STRING
);
INSERT INTO GD_GE VALUES (
    "b0cb0ed3-0530-4d12-bb62-fccec4b38196", -- _0 : UNIQUE_ID
    "99029f38-611e-4958-a86d-3e9e4ee3f7fc", -- _1 : UNIQUE_ID
    "9ce5008a-4114-4774-952c-3528dea16a28", -- _2 : UNIQUE_ID
    21, -- _3 : INTEGER
    0, -- _4 : INTEGER
    'hrm::hrm::hr::main::Employee_Pay' -- _5 : STRING
);
INSERT INTO GD_GE VALUES (
    "82f927e5-d856-477b-a9a9-a4c205588290", -- _0 : UNIQUE_ID
    "99029f38-611e-4958-a86d-3e9e4ee3f7fc", -- _1 : UNIQUE_ID
    "1319ddbb-d1fe-4a6a-9633-fa3012756fe2", -- _2 : UNIQUE_ID
    24, -- _3 : INTEGER
    0, -- _4 : INTEGER
    'hrm::hrm::hr::main::R2' -- _5 : STRING
);
INSERT INTO GD_GE VALUES (
    "c2e8561a-8e2d-41ee-a73e-6f565b62290b", -- _0 : UNIQUE_ID
    "99029f38-611e-4958-a86d-3e9e4ee3f7fc", -- _1 : UNIQUE_ID
    "1319ddbb-d1fe-4a6a-9633-fa3012756fe2", -- _2 : UNIQUE_ID
    34, -- _3 : INTEGER
    0, -- _4 : INTEGER
    'hrm::hrm::hr::main::R2::Employee_Pay' -- _5 : STRING
);
INSERT INTO GD_GE VALUES (
    "b648b84a-32e8-4279-9858-0dc6ec686583", -- _0 : UNIQUE_ID
    "99029f38-611e-4958-a86d-3e9e4ee3f7fc", -- _1 : UNIQUE_ID
    "4a80087c-c803-4a0f-a3b9-f16cbef89426", -- _2 : UNIQUE_ID
    21, -- _3 : INTEGER
    0, -- _4 : INTEGER
    'hrm::hrm::hr::main::Payment' -- _5 : STRING
);
INSERT INTO GD_GE VALUES (
    "797d9d41-d43c-4382-8a83-601dcc7577e7", -- _0 : UNIQUE_ID
    "99029f38-611e-4958-a86d-3e9e4ee3f7fc", -- _1 : UNIQUE_ID
    "e6d4a6b8-49b7-48f7-9c4d-08ffacf50fbe", -- _2 : UNIQUE_ID
    24, -- _3 : INTEGER
    0, -- _4 : INTEGER
    'hrm::hrm::hr::main::R3' -- _5 : STRING
);
INSERT INTO GD_GE VALUES (
    "01eaa8dd-924c-4fc5-ba3e-0fb5817a847b", -- _0 : UNIQUE_ID
    "99029f38-611e-4958-a86d-3e9e4ee3f7fc", -- _1 : UNIQUE_ID
    "818547fa-b20d-4fb3-b0e9-0b626d0c2203", -- _2 : UNIQUE_ID
    36, -- _3 : INTEGER
    0, -- _4 : INTEGER
    'hrm::hrm::hr::main::R4' -- _5 : STRING
);
INSERT INTO GD_GE VALUES (
    "0d4e1033-4b56-4dcc-89e6-7176e60024e6", -- _0 : UNIQUE_ID
    "99029f38-611e-4958-a86d-3e9e4ee3f7fc", -- _1 : UNIQUE_ID
    "4ef44d6f-f827-4d92-9ee1-b50852f79870", -- _2 : UNIQUE_ID
    35, -- _3 : INTEGER
    0, -- _4 : INTEGER
    'hrm::hrm::hr::main::R4::Grade' -- _5 : STRING
);
INSERT INTO GD_GE VALUES (
    "3dd7354c-7e7e-404b-ae8f-2f679cbff22f", -- _0 : UNIQUE_ID
    "99029f38-611e-4958-a86d-3e9e4ee3f7fc", -- _1 : UNIQUE_ID
    "3ac8d3ba-2662-4907-ad38-fafb7deaf8c2", -- _2 : UNIQUE_ID
    35, -- _3 : INTEGER
    0, -- _4 : INTEGER
    'hrm::hrm::hr::main::R4::Bonus' -- _5 : STRING
);
INSERT INTO GD_GE VALUES (
    "b322670e-7175-434b-b3bb-15d7968a6643", -- _0 : UNIQUE_ID
    "99029f38-611e-4958-a86d-3e9e4ee3f7fc", -- _1 : UNIQUE_ID
    "445df0ce-b7b9-4b07-a193-26974b7ca5f7", -- _2 : UNIQUE_ID
    35, -- _3 : INTEGER
    0, -- _4 : INTEGER
    'hrm::hrm::hr::main::R4::Overtime' -- _5 : STRING
);
INSERT INTO GD_GE VALUES (
    "35340b72-a698-43a9-950c-8ff984a45719", -- _0 : UNIQUE_ID
    "704fdc3f-4d4e-4da3-b3b7-7544b6f5fab6", -- _1 : UNIQUE_ID
    "d5537fcc-bc55-4cfb-8675-25a46ab91a01", -- _2 : UNIQUE_ID
    41, -- _3 : INTEGER
    0, -- _4 : INTEGER
    'hrm::hrm::hr::main::Employee::Instance State Machine::Recruited' -- _5 : STRING
);
INSERT INTO GD_GE VALUES (
    "5a08134b-a95f-4abb-aa2d-4518a032e798", -- _0 : UNIQUE_ID
    "704fdc3f-4d4e-4da3-b3b7-7544b6f5fab6", -- _1 : UNIQUE_ID
    "7c656ab4-0ad9-4212-b7de-2ffb50ca75b4", -- _2 : UNIQUE_ID
    41, -- _3 : INTEGER
    0, -- _4 : INTEGER
    'hrm::hrm::hr::main::Employee::Instance State Machine::Working' -- _5 : STRING
);
INSERT INTO GD_GE VALUES (
    "f84eae49-c82d-45b4-8c15-f2d7416b1878", -- _0 : UNIQUE_ID
    "704fdc3f-4d4e-4da3-b3b7-7544b6f5fab6", -- _1 : UNIQUE_ID
    "e2bf3f31-2233-4fb0-9b43-3748dd5ec034", -- _2 : UNIQUE_ID
    42, -- _3 : INTEGER
    0, -- _4 : INTEGER
    'hrm::hrm::hr::main::Employee::Instance State Machine::Recruited::EM2: commencedRcvd' -- _5 : STRING
);
INSERT INTO GD_GE VALUES (
    "ac3dcb27-e5d2-4196-8433-696bf22cfd34", -- _0 : UNIQUE_ID
    "704fdc3f-4d4e-4da3-b3b7-7544b6f5fab6", -- _1 : UNIQUE_ID
    "e531ed1d-4b6b-413a-8a4c-d7afbabfdbd1", -- _2 : UNIQUE_ID
    41, -- _3 : INTEGER
    0, -- _4 : INTEGER
    'hrm::hrm::hr::main::Employee::Instance State Machine::On Leave' -- _5 : STRING
);
INSERT INTO GD_GE VALUES (
    "aaff5d6f-3f5b-4c4f-8957-c5f95ad86a02", -- _0 : UNIQUE_ID
    "704fdc3f-4d4e-4da3-b3b7-7544b6f5fab6", -- _1 : UNIQUE_ID
    "f60b4ebf-5ce9-43f9-b7d8-3398ba6e513a", -- _2 : UNIQUE_ID
    42, -- _3 : INTEGER
    0, -- _4 : INTEGER
    'hrm::hrm::hr::main::Employee::Instance State Machine::Working::EM3: requestLeave' -- _5 : STRING
);
INSERT INTO GD_GE VALUES (
    "04a60c01-a632-4726-8733-c1998fa6d90d", -- _0 : UNIQUE_ID
    "704fdc3f-4d4e-4da3-b3b7-7544b6f5fab6", -- _1 : UNIQUE_ID
    "e28d0883-9adb-4893-a254-563988b95b99", -- _2 : UNIQUE_ID
    49, -- _3 : INTEGER
    0, -- _4 : INTEGER
    'No Event Assigned' -- _5 : STRING
);
INSERT INTO GD_GE VALUES (
    "b39a1cf4-4911-439c-a602-d830046b4df8", -- _0 : UNIQUE_ID
    "704fdc3f-4d4e-4da3-b3b7-7544b6f5fab6", -- _1 : UNIQUE_ID
    "7500c306-f6b3-4744-bfca-f740882f55dc", -- _2 : UNIQUE_ID
    42, -- _3 : INTEGER
    0, -- _4 : INTEGER
    'hrm::hrm::hr::main::Employee::Instance State Machine::On Leave::EM3: requestLeave' -- _5 : STRING
);
INSERT INTO GD_GE VALUES (
    "a6edd8a7-4160-4c44-9cd5-5ae553ccedd6", -- _0 : UNIQUE_ID
    "704fdc3f-4d4e-4da3-b3b7-7544b6f5fab6", -- _1 : UNIQUE_ID
    "05d5091f-4502-42ab-9fc8-d5e4594a96e8", -- _2 : UNIQUE_ID
    41, -- _3 : INTEGER
    0, -- _4 : INTEGER
    'hrm::hrm::hr::main::Employee::Instance State Machine::Training' -- _5 : STRING
);
INSERT INTO GD_GE VALUES (
    "62847330-bf4f-4033-8718-9c93994b51eb", -- _0 : UNIQUE_ID
    "704fdc3f-4d4e-4da3-b3b7-7544b6f5fab6", -- _1 : UNIQUE_ID
    "7f016b71-a75c-4702-93d8-c6929a677c61", -- _2 : UNIQUE_ID
    42, -- _3 : INTEGER
    0, -- _4 : INTEGER
    'hrm::hrm::hr::main::Employee::Instance State Machine::On Leave::EM4: returnFromLeave' -- _5 : STRING
);
INSERT INTO GD_GE VALUES (
    "cff9cdc1-c936-4fa9-9605-b9b666fb817d", -- _0 : UNIQUE_ID
    "704fdc3f-4d4e-4da3-b3b7-7544b6f5fab6", -- _1 : UNIQUE_ID
    "17e76789-2f32-416b-8dab-1e2477ef7b8a", -- _2 : UNIQUE_ID
    42, -- _3 : INTEGER
    0, -- _4 : INTEGER
    'hrm::hrm::hr::main::Employee::Instance State Machine::Working::No Event Assigned' -- _5 : STRING
);
INSERT INTO GD_GE VALUES (
    "547058ab-5588-4204-9170-371ebcbd44f4", -- _0 : UNIQUE_ID
    "704fdc3f-4d4e-4da3-b3b7-7544b6f5fab6", -- _1 : UNIQUE_ID
    "94ce6542-bac0-4bd1-ba97-d6ba04288062", -- _2 : UNIQUE_ID
    42, -- _3 : INTEGER
    0, -- _4 : INTEGER
    'hrm::hrm::hr::main::Employee::Instance State Machine::Training::No Event Assigned' -- _5 : STRING
);
INSERT INTO GD_GE VALUES (
    "71c66339-3e2d-4499-8f00-c89dfd4dfc8c", -- _0 : UNIQUE_ID
    "d2c8956e-9205-4462-9c1a-506047c0b912", -- _1 : UNIQUE_ID
    "c26641d6-6bfe-4fa5-b78d-533f6fb8d396", -- _2 : UNIQUE_ID
    108, -- _3 : INTEGER
    0, -- _4 : INTEGER
    'hrm::hrm' -- _5 : STRING
);
INSERT INTO GD_GE VALUES (
    "eddfd0d8-cb75-47d8-99ce-5cdb9e99e5a1", -- _0 : UNIQUE_ID
    "41125cbf-38a6-44de-a9ab-3fa10c459399", -- _1 : UNIQUE_ID
    "d81dc79e-6692-4a39-b6d9-f5fc0b765726", -- _2 : UNIQUE_ID
    103, -- _3 : INTEGER
    0, -- _4 : INTEGER
    'HRUI::UI::UI' -- _5 : STRING
);
INSERT INTO GD_GE VALUES (
    "bb11508d-4888-4ca5-a0a8-c353cfcf0e3f", -- _0 : UNIQUE_ID
    "41125cbf-38a6-44de-a9ab-3fa10c459399", -- _1 : UNIQUE_ID
    "cabf7045-c6ff-41a5-afe9-032eec941581", -- _2 : UNIQUE_ID
    108, -- _3 : INTEGER
    0, -- _4 : INTEGER
    'HRUI::UI::UI::UI' -- _5 : STRING
);
INSERT INTO GD_GE VALUES (
    "432cc52d-be9e-4ae8-95dc-458429c448f9", -- _0 : UNIQUE_ID
    "41125cbf-38a6-44de-a9ab-3fa10c459399", -- _1 : UNIQUE_ID
    "3c565891-207b-4f8f-906f-7a28c50fa9aa", -- _2 : UNIQUE_ID
    93, -- _3 : INTEGER
    0, -- _4 : INTEGER
    'HRUI::UI::UI::App::EP' -- _5 : STRING
);
INSERT INTO GD_GE VALUES (
    "3fab173b-6d4b-4d40-8720-79b9fcf2f56a", -- _0 : UNIQUE_ID
    "41125cbf-38a6-44de-a9ab-3fa10c459399", -- _1 : UNIQUE_ID
    "5cb88558-711f-4c4f-9d8a-f7db7239c228", -- _2 : UNIQUE_ID
    93, -- _3 : INTEGER
    0, -- _4 : INTEGER
    'HRUI::UI::UI::App_Leave::Leave' -- _5 : STRING
);
INSERT INTO GD_GE VALUES (
    "927331ad-d65e-4e2c-8275-799133855e3a", -- _0 : UNIQUE_ID
    "d6bffb76-b36d-41e2-9be7-8aff2f37cd03", -- _1 : UNIQUE_ID
    "102214df-1d03-428f-9eb8-5c5ce18bfdae", -- _2 : UNIQUE_ID
    96, -- _3 : INTEGER
    0, -- _4 : INTEGER
    'HRUI::UI::Shared::EP' -- _5 : STRING
);
INSERT INTO GD_GE VALUES (
    "f2670865-7f19-4ae7-8901-ef10a0715756", -- _0 : UNIQUE_ID
    "d6bffb76-b36d-41e2-9be7-8aff2f37cd03", -- _1 : UNIQUE_ID
    "1db612f7-881a-4a30-adad-f3a35c05bb90", -- _2 : UNIQUE_ID
    96, -- _3 : INTEGER
    0, -- _4 : INTEGER
    'HRUI::UI::Shared::Leave' -- _5 : STRING
);
INSERT INTO GD_GE VALUES (
    "f4b5fb62-5881-41fe-a7aa-362c0a83fbaf", -- _0 : UNIQUE_ID
    "71b186b2-dcea-423f-839e-9b6a25f3e5b2", -- _1 : UNIQUE_ID
    "d81dc79e-6692-4a39-b6d9-f5fc0b765726", -- _2 : UNIQUE_ID
    98, -- _3 : INTEGER
    0, -- _4 : INTEGER
    'HRUI::UI::UI' -- _5 : STRING
);
INSERT INTO GD_GE VALUES (
    "e43671e1-17ed-4f7e-8d09-750416b4fc30", -- _0 : UNIQUE_ID
    "71b186b2-dcea-423f-839e-9b6a25f3e5b2", -- _1 : UNIQUE_ID
    "941213f0-4346-48d9-89fe-196761630487", -- _2 : UNIQUE_ID
    108, -- _3 : INTEGER
    0, -- _4 : INTEGER
    'HRUI::UI::Shared' -- _5 : STRING
);
INSERT INTO GD_GE VALUES (
    "c36dcfd8-6128-4ea6-8ada-504c4809dfa0", -- _0 : UNIQUE_ID
    "71b186b2-dcea-423f-839e-9b6a25f3e5b2", -- _1 : UNIQUE_ID
    "3c565891-207b-4f8f-906f-7a28c50fa9aa", -- _2 : UNIQUE_ID
    93, -- _3 : INTEGER
    0, -- _4 : INTEGER
    'HRUI::UI::UI::App::EP' -- _5 : STRING
);
INSERT INTO GD_GE VALUES (
    "af72b298-1502-421a-be6e-ebe5e49632e0", -- _0 : UNIQUE_ID
    "71b186b2-dcea-423f-839e-9b6a25f3e5b2", -- _1 : UNIQUE_ID
    "5cb88558-711f-4c4f-9d8a-f7db7239c228", -- _2 : UNIQUE_ID
    93, -- _3 : INTEGER
    0, -- _4 : INTEGER
    'HRUI::UI::UI::Port1::Unnamed Interface' -- _5 : STRING
);
INSERT INTO GD_GE VALUES (
    "e857f929-02d5-44f6-8679-6e70b8701630", -- _0 : UNIQUE_ID
    "1a44f04b-948a-4e43-9b12-e4439172ae27", -- _1 : UNIQUE_ID
    "2ac1b93e-087c-4999-856e-c988c703dec6", -- _2 : UNIQUE_ID
    108, -- _3 : INTEGER
    0, -- _4 : INTEGER
    'HRUI::UIHR' -- _5 : STRING
);
INSERT INTO GD_GE VALUES (
    "d2933db6-72d7-4253-adc3-e5a69abc3c05", -- _0 : UNIQUE_ID
    "e16f3bab-481a-46b0-8b83-4541aeed00e9", -- _1 : UNIQUE_ID
    "dc314371-2fb0-467b-9c93-a6ac9803f4f9", -- _2 : UNIQUE_ID
    108, -- _3 : INTEGER
    0, -- _4 : INTEGER
    'HRsystem::HRsystemLeave' -- _5 : STRING
);
INSERT INTO GD_GE VALUES (
    "134bed7f-9f2e-44f4-913b-204118a0be8b", -- _0 : UNIQUE_ID
    "85a10e94-9d27-4b52-b27b-c303bc3441fa", -- _1 : UNIQUE_ID
    "98cffd3c-1858-4d8d-9ddc-cdd45128cdb4", -- _2 : UNIQUE_ID
    100, -- _3 : INTEGER
    0, -- _4 : INTEGER
    'HRsystem::HRsystem::HRUI::UI::UI' -- _5 : STRING
);
INSERT INTO GD_GE VALUES (
    "932f87b9-20a5-4b4d-96e8-213a7dec3803", -- _0 : UNIQUE_ID
    "85a10e94-9d27-4b52-b27b-c303bc3441fa", -- _1 : UNIQUE_ID
    "9f7504ac-7964-4c2b-a349-eb4a04d9ae61", -- _2 : UNIQUE_ID
    100, -- _3 : INTEGER
    0, -- _4 : INTEGER
    'HRsystem::HRsystem::hrm::hrm::hr' -- _5 : STRING
);
INSERT INTO GD_GE VALUES (
    "518eea7b-9453-4dc8-aa01-60c0145f390f", -- _0 : UNIQUE_ID
    "85a10e94-9d27-4b52-b27b-c303bc3441fa", -- _1 : UNIQUE_ID
    "a8463b2d-5c1f-4467-a839-254817b3c603", -- _2 : UNIQUE_ID
    106, -- _3 : INTEGER
    0, -- _4 : INTEGER
    'HRsystem::HRsystem::HRUI::UI::UI::App::EP' -- _5 : STRING
);
INSERT INTO GD_GE VALUES (
    "fee6c47e-1bcc-473e-953a-a72c867910a0", -- _0 : UNIQUE_ID
    "85a10e94-9d27-4b52-b27b-c303bc3441fa", -- _1 : UNIQUE_ID
    "e03f839d-13c1-43cc-8b7c-e14c6059f664", -- _2 : UNIQUE_ID
    106, -- _3 : INTEGER
    0, -- _4 : INTEGER
    'HRsystem::HRsystem::HRUI::UI::UI::App_Leave::Leave' -- _5 : STRING
);
INSERT INTO GD_GE VALUES (
    "59b32b05-a687-4de3-9389-922141c09d4b", -- _0 : UNIQUE_ID
    "85a10e94-9d27-4b52-b27b-c303bc3441fa", -- _1 : UNIQUE_ID
    "9b73202e-096b-42fd-93cf-ffe8c0e65140", -- _2 : UNIQUE_ID
    105, -- _3 : INTEGER
    0, -- _4 : INTEGER
    'HRsystem::HRsystem::hrm::hrm::hr::UI::EP' -- _5 : STRING
);
INSERT INTO GD_GE VALUES (
    "c6ec4811-f2cd-474d-9bf4-b822a724e7cd", -- _0 : UNIQUE_ID
    "85a10e94-9d27-4b52-b27b-c303bc3441fa", -- _1 : UNIQUE_ID
    "1368e387-84af-424a-bfd0-e0208f801d44", -- _2 : UNIQUE_ID
    105, -- _3 : INTEGER
    0, -- _4 : INTEGER
    'HRsystem::HRsystem::hrm::hrm::hr::UI_Leave::Leave' -- _5 : STRING
);
INSERT INTO GD_SHP VALUES (
    "47e73ee7-a7e4-4834-ab20-8dbe8067b245" -- _0 : UNIQUE_ID
);
INSERT INTO GD_SHP VALUES (
    "2a79e99f-8d48-4840-a9af-963c816e64cf" -- _0 : UNIQUE_ID
);
INSERT INTO GD_SHP VALUES (
    "b338d10f-5ead-401b-a7be-1593614ec0df" -- _0 : UNIQUE_ID
);
INSERT INTO GD_SHP VALUES (
    "0f471f9f-a938-4191-a624-af30b406b49a" -- _0 : UNIQUE_ID
);
INSERT INTO GD_SHP VALUES (
    "9bbac918-642f-4bf0-9460-5e8fcaed8580" -- _0 : UNIQUE_ID
);
INSERT INTO GD_SHP VALUES (
    "99f0c301-009f-4de1-8719-28c038e63959" -- _0 : UNIQUE_ID
);
INSERT INTO GD_SHP VALUES (
    "6d2f1dfa-1460-4d30-9c6d-27930f9432d6" -- _0 : UNIQUE_ID
);
INSERT INTO GD_SHP VALUES (
    "aa81864f-4650-4fac-a858-94602d7f45e1" -- _0 : UNIQUE_ID
);
INSERT INTO GD_SHP VALUES (
    "cd19f362-e320-4e99-9086-14abdeed993e" -- _0 : UNIQUE_ID
);
INSERT INTO GD_SHP VALUES (
    "f5739c23-9126-43ad-9a1b-0f37c7e1dd94" -- _0 : UNIQUE_ID
);
INSERT INTO GD_SHP VALUES (
    "26ab6a35-97f1-49d5-ae78-5b9e619b0c16" -- _0 : UNIQUE_ID
);
INSERT INTO GD_SHP VALUES (
    "909ab02b-31c7-429f-b99a-d940860bd6d2" -- _0 : UNIQUE_ID
);
INSERT INTO GD_SHP VALUES (
    "ed420ffb-23fe-4148-864b-a72d054bd0af" -- _0 : UNIQUE_ID
);
INSERT INTO GD_SHP VALUES (
    "5d553595-76d6-4918-8385-fe5309e37506" -- _0 : UNIQUE_ID
);
INSERT INTO GD_SHP VALUES (
    "924ef2e0-63ae-4889-bd03-1f3ab5f269a9" -- _0 : UNIQUE_ID
);
INSERT INTO GD_SHP VALUES (
    "1335cd03-252a-4507-9273-cf9361a1d99c" -- _0 : UNIQUE_ID
);
INSERT INTO GD_SHP VALUES (
    "118bf261-5b2d-4668-bccf-01457bb88714" -- _0 : UNIQUE_ID
);
INSERT INTO GD_SHP VALUES (
    "87d1457e-ea08-4dd7-9f8f-8074e306be0e" -- _0 : UNIQUE_ID
);
INSERT INTO GD_SHP VALUES (
    "a276896b-8979-4add-be71-6130e04fce25" -- _0 : UNIQUE_ID
);
INSERT INTO GD_SHP VALUES (
    "b0cb0ed3-0530-4d12-bb62-fccec4b38196" -- _0 : UNIQUE_ID
);
INSERT INTO GD_SHP VALUES (
    "b648b84a-32e8-4279-9858-0dc6ec686583" -- _0 : UNIQUE_ID
);
INSERT INTO GD_SHP VALUES (
    "35340b72-a698-43a9-950c-8ff984a45719" -- _0 : UNIQUE_ID
);
INSERT INTO GD_SHP VALUES (
    "5a08134b-a95f-4abb-aa2d-4518a032e798" -- _0 : UNIQUE_ID
);
INSERT INTO GD_SHP VALUES (
    "ac3dcb27-e5d2-4196-8433-696bf22cfd34" -- _0 : UNIQUE_ID
);
INSERT INTO GD_SHP VALUES (
    "a6edd8a7-4160-4c44-9cd5-5ae553ccedd6" -- _0 : UNIQUE_ID
);
INSERT INTO GD_SHP VALUES (
    "71c66339-3e2d-4499-8f00-c89dfd4dfc8c" -- _0 : UNIQUE_ID
);
INSERT INTO GD_SHP VALUES (
    "eddfd0d8-cb75-47d8-99ce-5cdb9e99e5a1" -- _0 : UNIQUE_ID
);
INSERT INTO GD_SHP VALUES (
    "bb11508d-4888-4ca5-a0a8-c353cfcf0e3f" -- _0 : UNIQUE_ID
);
INSERT INTO GD_SHP VALUES (
    "927331ad-d65e-4e2c-8275-799133855e3a" -- _0 : UNIQUE_ID
);
INSERT INTO GD_SHP VALUES (
    "f2670865-7f19-4ae7-8901-ef10a0715756" -- _0 : UNIQUE_ID
);
INSERT INTO GD_SHP VALUES (
    "f4b5fb62-5881-41fe-a7aa-362c0a83fbaf" -- _0 : UNIQUE_ID
);
INSERT INTO GD_SHP VALUES (
    "e43671e1-17ed-4f7e-8d09-750416b4fc30" -- _0 : UNIQUE_ID
);
INSERT INTO GD_SHP VALUES (
    "e857f929-02d5-44f6-8679-6e70b8701630" -- _0 : UNIQUE_ID
);
INSERT INTO GD_SHP VALUES (
    "d2933db6-72d7-4253-adc3-e5a69abc3c05" -- _0 : UNIQUE_ID
);
INSERT INTO GD_SHP VALUES (
    "134bed7f-9f2e-44f4-913b-204118a0be8b" -- _0 : UNIQUE_ID
);
INSERT INTO GD_SHP VALUES (
    "932f87b9-20a5-4b4d-96e8-213a7dec3803" -- _0 : UNIQUE_ID
);
INSERT INTO GD_NCS VALUES (
    "47e73ee7-a7e4-4834-ab20-8dbe8067b245" -- _0 : UNIQUE_ID
);
INSERT INTO GD_NCS VALUES (
    "2a79e99f-8d48-4840-a9af-963c816e64cf" -- _0 : UNIQUE_ID
);
INSERT INTO GD_NCS VALUES (
    "b338d10f-5ead-401b-a7be-1593614ec0df" -- _0 : UNIQUE_ID
);
INSERT INTO GD_NCS VALUES (
    "0f471f9f-a938-4191-a624-af30b406b49a" -- _0 : UNIQUE_ID
);
INSERT INTO GD_NCS VALUES (
    "9bbac918-642f-4bf0-9460-5e8fcaed8580" -- _0 : UNIQUE_ID
);
INSERT INTO GD_NCS VALUES (
    "99f0c301-009f-4de1-8719-28c038e63959" -- _0 : UNIQUE_ID
);
INSERT INTO GD_NCS VALUES (
    "6d2f1dfa-1460-4d30-9c6d-27930f9432d6" -- _0 : UNIQUE_ID
);
INSERT INTO GD_NCS VALUES (
    "aa81864f-4650-4fac-a858-94602d7f45e1" -- _0 : UNIQUE_ID
);
INSERT INTO GD_NCS VALUES (
    "cd19f362-e320-4e99-9086-14abdeed993e" -- _0 : UNIQUE_ID
);
INSERT INTO GD_NCS VALUES (
    "f5739c23-9126-43ad-9a1b-0f37c7e1dd94" -- _0 : UNIQUE_ID
);
INSERT INTO GD_NCS VALUES (
    "909ab02b-31c7-429f-b99a-d940860bd6d2" -- _0 : UNIQUE_ID
);
INSERT INTO GD_NCS VALUES (
    "ed420ffb-23fe-4148-864b-a72d054bd0af" -- _0 : UNIQUE_ID
);
INSERT INTO GD_NCS VALUES (
    "5d553595-76d6-4918-8385-fe5309e37506" -- _0 : UNIQUE_ID
);
INSERT INTO GD_NCS VALUES (
    "924ef2e0-63ae-4889-bd03-1f3ab5f269a9" -- _0 : UNIQUE_ID
);
INSERT INTO GD_NCS VALUES (
    "1335cd03-252a-4507-9273-cf9361a1d99c" -- _0 : UNIQUE_ID
);
INSERT INTO GD_NCS VALUES (
    "118bf261-5b2d-4668-bccf-01457bb88714" -- _0 : UNIQUE_ID
);
INSERT INTO GD_NCS VALUES (
    "87d1457e-ea08-4dd7-9f8f-8074e306be0e" -- _0 : UNIQUE_ID
);
INSERT INTO GD_NCS VALUES (
    "a276896b-8979-4add-be71-6130e04fce25" -- _0 : UNIQUE_ID
);
INSERT INTO GD_NCS VALUES (
    "b0cb0ed3-0530-4d12-bb62-fccec4b38196" -- _0 : UNIQUE_ID
);
INSERT INTO GD_NCS VALUES (
    "b648b84a-32e8-4279-9858-0dc6ec686583" -- _0 : UNIQUE_ID
);
INSERT INTO GD_NCS VALUES (
    "35340b72-a698-43a9-950c-8ff984a45719" -- _0 : UNIQUE_ID
);
INSERT INTO GD_NCS VALUES (
    "5a08134b-a95f-4abb-aa2d-4518a032e798" -- _0 : UNIQUE_ID
);
INSERT INTO GD_NCS VALUES (
    "ac3dcb27-e5d2-4196-8433-696bf22cfd34" -- _0 : UNIQUE_ID
);
INSERT INTO GD_NCS VALUES (
    "a6edd8a7-4160-4c44-9cd5-5ae553ccedd6" -- _0 : UNIQUE_ID
);
INSERT INTO GD_NCS VALUES (
    "71c66339-3e2d-4499-8f00-c89dfd4dfc8c" -- _0 : UNIQUE_ID
);
INSERT INTO GD_NCS VALUES (
    "bb11508d-4888-4ca5-a0a8-c353cfcf0e3f" -- _0 : UNIQUE_ID
);
INSERT INTO GD_NCS VALUES (
    "927331ad-d65e-4e2c-8275-799133855e3a" -- _0 : UNIQUE_ID
);
INSERT INTO GD_NCS VALUES (
    "f2670865-7f19-4ae7-8901-ef10a0715756" -- _0 : UNIQUE_ID
);
INSERT INTO GD_NCS VALUES (
    "f4b5fb62-5881-41fe-a7aa-362c0a83fbaf" -- _0 : UNIQUE_ID
);
INSERT INTO GD_NCS VALUES (
    "e43671e1-17ed-4f7e-8d09-750416b4fc30" -- _0 : UNIQUE_ID
);
INSERT INTO GD_NCS VALUES (
    "e857f929-02d5-44f6-8679-6e70b8701630" -- _0 : UNIQUE_ID
);
INSERT INTO GD_NCS VALUES (
    "d2933db6-72d7-4253-adc3-e5a69abc3c05" -- _0 : UNIQUE_ID
);
INSERT INTO GD_NCS VALUES (
    "134bed7f-9f2e-44f4-913b-204118a0be8b" -- _0 : UNIQUE_ID
);
INSERT INTO GD_NCS VALUES (
    "932f87b9-20a5-4b4d-96e8-213a7dec3803" -- _0 : UNIQUE_ID
);
INSERT INTO DIM_ND VALUES (
    200.000000, -- _0 : REAL
    150.000000, -- _1 : REAL
    "47e73ee7-a7e4-4834-ab20-8dbe8067b245" -- _2 : UNIQUE_ID
);
INSERT INTO DIM_ND VALUES (
    200.000000, -- _0 : REAL
    150.000000, -- _1 : REAL
    "2a79e99f-8d48-4840-a9af-963c816e64cf" -- _2 : UNIQUE_ID
);
INSERT INTO DIM_ND VALUES (
    200.000000, -- _0 : REAL
    150.000000, -- _1 : REAL
    "b338d10f-5ead-401b-a7be-1593614ec0df" -- _2 : UNIQUE_ID
);
INSERT INTO DIM_ND VALUES (
    200.000000, -- _0 : REAL
    150.000000, -- _1 : REAL
    "0f471f9f-a938-4191-a624-af30b406b49a" -- _2 : UNIQUE_ID
);
INSERT INTO DIM_ND VALUES (
    200.000000, -- _0 : REAL
    150.000000, -- _1 : REAL
    "9bbac918-642f-4bf0-9460-5e8fcaed8580" -- _2 : UNIQUE_ID
);
INSERT INTO DIM_ND VALUES (
    200.000000, -- _0 : REAL
    150.000000, -- _1 : REAL
    "99f0c301-009f-4de1-8719-28c038e63959" -- _2 : UNIQUE_ID
);
INSERT INTO DIM_ND VALUES (
    200.000000, -- _0 : REAL
    150.000000, -- _1 : REAL
    "6d2f1dfa-1460-4d30-9c6d-27930f9432d6" -- _2 : UNIQUE_ID
);
INSERT INTO DIM_ND VALUES (
    200.000000, -- _0 : REAL
    150.000000, -- _1 : REAL
    "aa81864f-4650-4fac-a858-94602d7f45e1" -- _2 : UNIQUE_ID
);
INSERT INTO DIM_ND VALUES (
    200.000000, -- _0 : REAL
    150.000000, -- _1 : REAL
    "cd19f362-e320-4e99-9086-14abdeed993e" -- _2 : UNIQUE_ID
);
INSERT INTO DIM_ND VALUES (
    200.000000, -- _0 : REAL
    150.000000, -- _1 : REAL
    "f5739c23-9126-43ad-9a1b-0f37c7e1dd94" -- _2 : UNIQUE_ID
);
INSERT INTO DIM_ND VALUES (
    0.000000, -- _0 : REAL
    0.000000, -- _1 : REAL
    "590f870e-b7ca-46f8-8500-ea6abcbb3010" -- _2 : UNIQUE_ID
);
INSERT INTO DIM_ND VALUES (
    0.000000, -- _0 : REAL
    0.000000, -- _1 : REAL
    "86402be8-bb4b-4376-a115-e699b0a52f11" -- _2 : UNIQUE_ID
);
INSERT INTO DIM_ND VALUES (
    0.000000, -- _0 : REAL
    0.000000, -- _1 : REAL
    "29676bb3-3870-4ca6-9e12-5289bcd5ae93" -- _2 : UNIQUE_ID
);
INSERT INTO DIM_ND VALUES (
    0.000000, -- _0 : REAL
    0.000000, -- _1 : REAL
    "0678b600-c188-44ff-bd5c-2eed9d04af1f" -- _2 : UNIQUE_ID
);
INSERT INTO DIM_ND VALUES (
    0.000000, -- _0 : REAL
    0.000000, -- _1 : REAL
    "93180894-1220-41bb-aed2-a6518901bcc3" -- _2 : UNIQUE_ID
);
INSERT INTO DIM_ND VALUES (
    0.000000, -- _0 : REAL
    0.000000, -- _1 : REAL
    "19f14286-e8cd-4b2b-bcbb-e463158aeac4" -- _2 : UNIQUE_ID
);
INSERT INTO DIM_ND VALUES (
    1032.000000, -- _0 : REAL
    800.000000, -- _1 : REAL
    "26ab6a35-97f1-49d5-ae78-5b9e619b0c16" -- _2 : UNIQUE_ID
);
INSERT INTO DIM_ND VALUES (
    200.000000, -- _0 : REAL
    150.000000, -- _1 : REAL
    "909ab02b-31c7-429f-b99a-d940860bd6d2" -- _2 : UNIQUE_ID
);
INSERT INTO DIM_ND VALUES (
    0.000000, -- _0 : REAL
    0.000000, -- _1 : REAL
    "dd27e626-43d7-4efd-a5c2-8d0834432a8c" -- _2 : UNIQUE_ID
);
INSERT INTO DIM_ND VALUES (
    0.000000, -- _0 : REAL
    0.000000, -- _1 : REAL
    "5d418687-f480-4153-b7b2-76bb769b9fc0" -- _2 : UNIQUE_ID
);
INSERT INTO DIM_ND VALUES (
    0.000000, -- _0 : REAL
    0.000000, -- _1 : REAL
    "efaa4664-7a69-4f7b-83fc-13965abcd008" -- _2 : UNIQUE_ID
);
INSERT INTO DIM_ND VALUES (
    0.000000, -- _0 : REAL
    0.000000, -- _1 : REAL
    "49ba329d-48fc-4448-b581-5ed8e556314c" -- _2 : UNIQUE_ID
);
INSERT INTO DIM_ND VALUES (
    0.000000, -- _0 : REAL
    0.000000, -- _1 : REAL
    "c771f046-6aea-40dd-a72a-44bcadd7c96d" -- _2 : UNIQUE_ID
);
INSERT INTO DIM_ND VALUES (
    0.000000, -- _0 : REAL
    0.000000, -- _1 : REAL
    "b301b090-a737-4b41-ac7a-6fde756fe687" -- _2 : UNIQUE_ID
);
INSERT INTO DIM_ND VALUES (
    200.000000, -- _0 : REAL
    150.000000, -- _1 : REAL
    "ed420ffb-23fe-4148-864b-a72d054bd0af" -- _2 : UNIQUE_ID
);
INSERT INTO DIM_ND VALUES (
    200.000000, -- _0 : REAL
    150.000000, -- _1 : REAL
    "5d553595-76d6-4918-8385-fe5309e37506" -- _2 : UNIQUE_ID
);
INSERT INTO DIM_ND VALUES (
    144.000000, -- _0 : REAL
    96.000000, -- _1 : REAL
    "924ef2e0-63ae-4889-bd03-1f3ab5f269a9" -- _2 : UNIQUE_ID
);
INSERT INTO DIM_ND VALUES (
    0.000000, -- _0 : REAL
    0.000000, -- _1 : REAL
    "98bf573f-5d3d-43b3-8021-9d59c2471364" -- _2 : UNIQUE_ID
);
INSERT INTO DIM_ND VALUES (
    0.000000, -- _0 : REAL
    0.000000, -- _1 : REAL
    "95a95aab-9976-44c9-a55e-762fa9f7fe78" -- _2 : UNIQUE_ID
);
INSERT INTO DIM_ND VALUES (
    0.000000, -- _0 : REAL
    0.000000, -- _1 : REAL
    "429b5da6-d9b0-40ff-bc17-fab31aa149cb" -- _2 : UNIQUE_ID
);
INSERT INTO DIM_ND VALUES (
    0.000000, -- _0 : REAL
    0.000000, -- _1 : REAL
    "e707c753-6c3b-4600-92de-6475c8316a4d" -- _2 : UNIQUE_ID
);
INSERT INTO DIM_ND VALUES (
    0.000000, -- _0 : REAL
    0.000000, -- _1 : REAL
    "7c530bf0-0935-49b9-ad51-93882d019761" -- _2 : UNIQUE_ID
);
INSERT INTO DIM_ND VALUES (
    0.000000, -- _0 : REAL
    0.000000, -- _1 : REAL
    "d890c106-1ebd-46a5-9b07-d3dfbbd206c1" -- _2 : UNIQUE_ID
);
INSERT INTO DIM_ND VALUES (
    192.000000, -- _0 : REAL
    132.000000, -- _1 : REAL
    "1335cd03-252a-4507-9273-cf9361a1d99c" -- _2 : UNIQUE_ID
);
INSERT INTO DIM_ND VALUES (
    180.000000, -- _0 : REAL
    132.000000, -- _1 : REAL
    "118bf261-5b2d-4668-bccf-01457bb88714" -- _2 : UNIQUE_ID
);
INSERT INTO DIM_ND VALUES (
    192.000000, -- _0 : REAL
    132.000000, -- _1 : REAL
    "87d1457e-ea08-4dd7-9f8f-8074e306be0e" -- _2 : UNIQUE_ID
);
INSERT INTO DIM_ND VALUES (
    192.000000, -- _0 : REAL
    144.000000, -- _1 : REAL
    "a276896b-8979-4add-be71-6130e04fce25" -- _2 : UNIQUE_ID
);
INSERT INTO DIM_ND VALUES (
    192.000000, -- _0 : REAL
    132.000000, -- _1 : REAL
    "b0cb0ed3-0530-4d12-bb62-fccec4b38196" -- _2 : UNIQUE_ID
);
INSERT INTO DIM_ND VALUES (
    0.000000, -- _0 : REAL
    0.000000, -- _1 : REAL
    "9945f51d-3d88-4ade-a531-f152940108f3" -- _2 : UNIQUE_ID
);
INSERT INTO DIM_ND VALUES (
    0.000000, -- _0 : REAL
    0.000000, -- _1 : REAL
    "4585b39b-abbe-44e8-867c-eb45e6495890" -- _2 : UNIQUE_ID
);
INSERT INTO DIM_ND VALUES (
    0.000000, -- _0 : REAL
    0.000000, -- _1 : REAL
    "796b3c1c-50e3-4734-bf1c-d72366346c62" -- _2 : UNIQUE_ID
);
INSERT INTO DIM_ND VALUES (
    0.000000, -- _0 : REAL
    0.000000, -- _1 : REAL
    "1f5f65a6-c24d-40aa-80fd-39d5301dd3bd" -- _2 : UNIQUE_ID
);
INSERT INTO DIM_ND VALUES (
    0.000000, -- _0 : REAL
    0.000000, -- _1 : REAL
    "cfd10ad6-45b0-4e4d-af1f-c8bdc131d90e" -- _2 : UNIQUE_ID
);
INSERT INTO DIM_ND VALUES (
    0.000000, -- _0 : REAL
    0.000000, -- _1 : REAL
    "bf66a508-00d9-466a-91f0-95737376e08f" -- _2 : UNIQUE_ID
);
INSERT INTO DIM_ND VALUES (
    168.000000, -- _0 : REAL
    108.000000, -- _1 : REAL
    "b648b84a-32e8-4279-9858-0dc6ec686583" -- _2 : UNIQUE_ID
);
INSERT INTO DIM_ND VALUES (
    0.000000, -- _0 : REAL
    0.000000, -- _1 : REAL
    "e6fee1e0-a014-45be-a971-b8fce6b8e617" -- _2 : UNIQUE_ID
);
INSERT INTO DIM_ND VALUES (
    0.000000, -- _0 : REAL
    0.000000, -- _1 : REAL
    "cf35bf35-6a1d-4d59-a19f-a8e6817bb0b0" -- _2 : UNIQUE_ID
);
INSERT INTO DIM_ND VALUES (
    0.000000, -- _0 : REAL
    0.000000, -- _1 : REAL
    "b051cd06-a892-4260-b56f-d7483165459d" -- _2 : UNIQUE_ID
);
INSERT INTO DIM_ND VALUES (
    0.000000, -- _0 : REAL
    0.000000, -- _1 : REAL
    "048405c9-f712-4fb4-8420-cf986740d5cf" -- _2 : UNIQUE_ID
);
INSERT INTO DIM_ND VALUES (
    0.000000, -- _0 : REAL
    0.000000, -- _1 : REAL
    "e90fc8b5-f18e-4fa1-82b9-8a8fabc3a6b4" -- _2 : UNIQUE_ID
);
INSERT INTO DIM_ND VALUES (
    0.000000, -- _0 : REAL
    0.000000, -- _1 : REAL
    "b8177d29-0d6d-4acd-954c-9d30954abbc2" -- _2 : UNIQUE_ID
);
INSERT INTO DIM_ND VALUES (
    0.000000, -- _0 : REAL
    0.000000, -- _1 : REAL
    "e7e2b0db-e35e-4038-9609-36740a5aacaa" -- _2 : UNIQUE_ID
);
INSERT INTO DIM_ND VALUES (
    0.000000, -- _0 : REAL
    0.000000, -- _1 : REAL
    "8b430619-8784-4ebc-a23f-2d50bf6e54f0" -- _2 : UNIQUE_ID
);
INSERT INTO DIM_ND VALUES (
    0.000000, -- _0 : REAL
    0.000000, -- _1 : REAL
    "5c2c5257-576a-49d9-9bc0-700715eb78df" -- _2 : UNIQUE_ID
);
INSERT INTO DIM_ND VALUES (
    0.000000, -- _0 : REAL
    0.000000, -- _1 : REAL
    "404d6db3-55b9-4b2a-afed-9a866a1fe88a" -- _2 : UNIQUE_ID
);
INSERT INTO DIM_ND VALUES (
    0.000000, -- _0 : REAL
    0.000000, -- _1 : REAL
    "481090de-2d82-4709-90b1-4d9f8af13933" -- _2 : UNIQUE_ID
);
INSERT INTO DIM_ND VALUES (
    0.000000, -- _0 : REAL
    0.000000, -- _1 : REAL
    "35624f3d-75e4-44a6-bfb4-70848f42fb0e" -- _2 : UNIQUE_ID
);
INSERT INTO DIM_ND VALUES (
    0.000000, -- _0 : REAL
    0.000000, -- _1 : REAL
    "94297c8a-9ae9-4783-9eea-d4cbf8b0183c" -- _2 : UNIQUE_ID
);
INSERT INTO DIM_ND VALUES (
    0.000000, -- _0 : REAL
    0.000000, -- _1 : REAL
    "33aab688-3d68-4e5e-b400-ca45104a7ad9" -- _2 : UNIQUE_ID
);
INSERT INTO DIM_ND VALUES (
    0.000000, -- _0 : REAL
    0.000000, -- _1 : REAL
    "862bf77d-71bb-4ac4-9d40-c3efce413f53" -- _2 : UNIQUE_ID
);
INSERT INTO DIM_ND VALUES (
    204.000000, -- _0 : REAL
    144.000000, -- _1 : REAL
    "35340b72-a698-43a9-950c-8ff984a45719" -- _2 : UNIQUE_ID
);
INSERT INTO DIM_ND VALUES (
    204.000000, -- _0 : REAL
    144.000000, -- _1 : REAL
    "5a08134b-a95f-4abb-aa2d-4518a032e798" -- _2 : UNIQUE_ID
);
INSERT INTO DIM_ND VALUES (
    0.000000, -- _0 : REAL
    0.000000, -- _1 : REAL
    "b104e90c-22a4-4384-ae44-fa9fd90e0427" -- _2 : UNIQUE_ID
);
INSERT INTO DIM_ND VALUES (
    0.000000, -- _0 : REAL
    0.000000, -- _1 : REAL
    "32905cb4-f5ac-4f79-b6f5-2be5d4b5281f" -- _2 : UNIQUE_ID
);
INSERT INTO DIM_ND VALUES (
    0.000000, -- _0 : REAL
    0.000000, -- _1 : REAL
    "410044bf-19d9-45a8-b93f-69d0ee61b173" -- _2 : UNIQUE_ID
);
INSERT INTO DIM_ND VALUES (
    204.000000, -- _0 : REAL
    168.000000, -- _1 : REAL
    "ac3dcb27-e5d2-4196-8433-696bf22cfd34" -- _2 : UNIQUE_ID
);
INSERT INTO DIM_ND VALUES (
    0.000000, -- _0 : REAL
    0.000000, -- _1 : REAL
    "017e0104-2006-4fd5-86e8-8733f99a6df3" -- _2 : UNIQUE_ID
);
INSERT INTO DIM_ND VALUES (
    0.000000, -- _0 : REAL
    0.000000, -- _1 : REAL
    "e874c26c-6d4e-4345-92aa-ee0d5de98a40" -- _2 : UNIQUE_ID
);
INSERT INTO DIM_ND VALUES (
    0.000000, -- _0 : REAL
    0.000000, -- _1 : REAL
    "d380186d-f929-412a-ab31-618037deeadb" -- _2 : UNIQUE_ID
);
INSERT INTO DIM_ND VALUES (
    0.000000, -- _0 : REAL
    0.000000, -- _1 : REAL
    "71135599-d679-4cec-b992-626d5c362e96" -- _2 : UNIQUE_ID
);
INSERT INTO DIM_ND VALUES (
    0.000000, -- _0 : REAL
    0.000000, -- _1 : REAL
    "d099d4cb-efe6-46d0-89e5-6b76d0ccb9af" -- _2 : UNIQUE_ID
);
INSERT INTO DIM_ND VALUES (
    0.000000, -- _0 : REAL
    0.000000, -- _1 : REAL
    "d3b69d41-c06c-476c-a656-9c208cf5c050" -- _2 : UNIQUE_ID
);
INSERT INTO DIM_ND VALUES (
    0.000000, -- _0 : REAL
    0.000000, -- _1 : REAL
    "897401ce-1bce-4680-a838-89fd51df5fb5" -- _2 : UNIQUE_ID
);
INSERT INTO DIM_ND VALUES (
    0.000000, -- _0 : REAL
    0.000000, -- _1 : REAL
    "5c92da24-1ff2-46d2-adf6-0a444633b8f8" -- _2 : UNIQUE_ID
);
INSERT INTO DIM_ND VALUES (
    0.000000, -- _0 : REAL
    0.000000, -- _1 : REAL
    "8ebe2ef0-8454-4c4b-8e63-013878e7d226" -- _2 : UNIQUE_ID
);
INSERT INTO DIM_ND VALUES (
    204.000000, -- _0 : REAL
    156.000000, -- _1 : REAL
    "a6edd8a7-4160-4c44-9cd5-5ae553ccedd6" -- _2 : UNIQUE_ID
);
INSERT INTO DIM_ND VALUES (
    0.000000, -- _0 : REAL
    0.000000, -- _1 : REAL
    "44640c39-b31a-48ac-9da0-e310cb34f5a3" -- _2 : UNIQUE_ID
);
INSERT INTO DIM_ND VALUES (
    0.000000, -- _0 : REAL
    0.000000, -- _1 : REAL
    "4a9e27b7-9637-4e8a-9f99-5de2673ec3b5" -- _2 : UNIQUE_ID
);
INSERT INTO DIM_ND VALUES (
    0.000000, -- _0 : REAL
    0.000000, -- _1 : REAL
    "f8636e34-e0c9-4833-aa0a-6b17c564d318" -- _2 : UNIQUE_ID
);
INSERT INTO DIM_ND VALUES (
    0.000000, -- _0 : REAL
    0.000000, -- _1 : REAL
    "05336616-9ebb-4455-bb13-f19c9602e08e" -- _2 : UNIQUE_ID
);
INSERT INTO DIM_ND VALUES (
    0.000000, -- _0 : REAL
    0.000000, -- _1 : REAL
    "14e5c38f-75a2-4681-b900-cbcca0cda77b" -- _2 : UNIQUE_ID
);
INSERT INTO DIM_ND VALUES (
    0.000000, -- _0 : REAL
    0.000000, -- _1 : REAL
    "d926ef89-47e0-4f98-aff8-071b2216bcd4" -- _2 : UNIQUE_ID
);
INSERT INTO DIM_ND VALUES (
    0.000000, -- _0 : REAL
    0.000000, -- _1 : REAL
    "5521f4ee-347d-4c94-9b96-37a126e2c4ce" -- _2 : UNIQUE_ID
);
INSERT INTO DIM_ND VALUES (
    0.000000, -- _0 : REAL
    0.000000, -- _1 : REAL
    "6c1e5192-9c31-40af-8cd9-ea55361781ea" -- _2 : UNIQUE_ID
);
INSERT INTO DIM_ND VALUES (
    0.000000, -- _0 : REAL
    0.000000, -- _1 : REAL
    "8be4ef35-d61d-4b23-942d-419089530234" -- _2 : UNIQUE_ID
);
INSERT INTO DIM_ND VALUES (
    200.000000, -- _0 : REAL
    150.000000, -- _1 : REAL
    "71c66339-3e2d-4499-8f00-c89dfd4dfc8c" -- _2 : UNIQUE_ID
);
INSERT INTO DIM_ND VALUES (
    522.000000, -- _0 : REAL
    162.000000, -- _1 : REAL
    "eddfd0d8-cb75-47d8-99ce-5cdb9e99e5a1" -- _2 : UNIQUE_ID
);
INSERT INTO DIM_ND VALUES (
    200.000000, -- _0 : REAL
    150.000000, -- _1 : REAL
    "bb11508d-4888-4ca5-a0a8-c353cfcf0e3f" -- _2 : UNIQUE_ID
);
INSERT INTO DIM_ND VALUES (
    0.000000, -- _0 : REAL
    0.000000, -- _1 : REAL
    "8d496faf-0f8e-45af-8581-e81ee4bb69b1" -- _2 : UNIQUE_ID
);
INSERT INTO DIM_ND VALUES (
    0.000000, -- _0 : REAL
    0.000000, -- _1 : REAL
    "22e09dc6-f6a7-4be9-aecf-b6a614fd9b11" -- _2 : UNIQUE_ID
);
INSERT INTO DIM_ND VALUES (
    0.000000, -- _0 : REAL
    0.000000, -- _1 : REAL
    "2b6dbeea-9dc2-420f-9501-a507c9568a2c" -- _2 : UNIQUE_ID
);
INSERT INTO DIM_ND VALUES (
    0.000000, -- _0 : REAL
    0.000000, -- _1 : REAL
    "14fcd5fa-a7c6-4592-8ab0-e27fc8387538" -- _2 : UNIQUE_ID
);
INSERT INTO DIM_ND VALUES (
    0.000000, -- _0 : REAL
    0.000000, -- _1 : REAL
    "d71ed80d-c4f4-4065-8366-445c65e7b89e" -- _2 : UNIQUE_ID
);
INSERT INTO DIM_ND VALUES (
    0.000000, -- _0 : REAL
    0.000000, -- _1 : REAL
    "459b9b1c-5add-4467-9a04-55760314f309" -- _2 : UNIQUE_ID
);
INSERT INTO DIM_ND VALUES (
    200.000000, -- _0 : REAL
    150.000000, -- _1 : REAL
    "927331ad-d65e-4e2c-8275-799133855e3a" -- _2 : UNIQUE_ID
);
INSERT INTO DIM_ND VALUES (
    200.000000, -- _0 : REAL
    150.000000, -- _1 : REAL
    "f2670865-7f19-4ae7-8901-ef10a0715756" -- _2 : UNIQUE_ID
);
INSERT INTO DIM_ND VALUES (
    200.000000, -- _0 : REAL
    150.000000, -- _1 : REAL
    "f4b5fb62-5881-41fe-a7aa-362c0a83fbaf" -- _2 : UNIQUE_ID
);
INSERT INTO DIM_ND VALUES (
    200.000000, -- _0 : REAL
    150.000000, -- _1 : REAL
    "e43671e1-17ed-4f7e-8d09-750416b4fc30" -- _2 : UNIQUE_ID
);
INSERT INTO DIM_ND VALUES (
    0.000000, -- _0 : REAL
    0.000000, -- _1 : REAL
    "e0078476-c9af-443d-a1ed-8e1dbda2db02" -- _2 : UNIQUE_ID
);
INSERT INTO DIM_ND VALUES (
    0.000000, -- _0 : REAL
    0.000000, -- _1 : REAL
    "d00d3a6b-a2cb-4ddd-b4c9-6a9646574955" -- _2 : UNIQUE_ID
);
INSERT INTO DIM_ND VALUES (
    0.000000, -- _0 : REAL
    0.000000, -- _1 : REAL
    "c0df5eaf-b872-434c-becc-ca967e6b1904" -- _2 : UNIQUE_ID
);
INSERT INTO DIM_ND VALUES (
    0.000000, -- _0 : REAL
    0.000000, -- _1 : REAL
    "05a543af-158d-4997-9c9c-bec7fa4d291e" -- _2 : UNIQUE_ID
);
INSERT INTO DIM_ND VALUES (
    0.000000, -- _0 : REAL
    0.000000, -- _1 : REAL
    "ddbbf476-c012-4a7d-8957-bfd38ac54f49" -- _2 : UNIQUE_ID
);
INSERT INTO DIM_ND VALUES (
    0.000000, -- _0 : REAL
    0.000000, -- _1 : REAL
    "0e9736d0-d72a-470e-8ca5-0d2c582bd89d" -- _2 : UNIQUE_ID
);
INSERT INTO DIM_ND VALUES (
    200.000000, -- _0 : REAL
    150.000000, -- _1 : REAL
    "e857f929-02d5-44f6-8679-6e70b8701630" -- _2 : UNIQUE_ID
);
INSERT INTO DIM_ND VALUES (
    200.000000, -- _0 : REAL
    150.000000, -- _1 : REAL
    "d2933db6-72d7-4253-adc3-e5a69abc3c05" -- _2 : UNIQUE_ID
);
INSERT INTO DIM_ND VALUES (
    200.000000, -- _0 : REAL
    150.000000, -- _1 : REAL
    "134bed7f-9f2e-44f4-913b-204118a0be8b" -- _2 : UNIQUE_ID
);
INSERT INTO DIM_ND VALUES (
    200.000000, -- _0 : REAL
    150.000000, -- _1 : REAL
    "932f87b9-20a5-4b4d-96e8-213a7dec3803" -- _2 : UNIQUE_ID
);
INSERT INTO DIM_ND VALUES (
    0.000000, -- _0 : REAL
    0.000000, -- _1 : REAL
    "67d02c35-5d3b-4aaa-a7f7-7cf58422883a" -- _2 : UNIQUE_ID
);
INSERT INTO DIM_ND VALUES (
    0.000000, -- _0 : REAL
    0.000000, -- _1 : REAL
    "d0dc885a-3991-4501-851a-57132c0b1e99" -- _2 : UNIQUE_ID
);
INSERT INTO DIM_ND VALUES (
    0.000000, -- _0 : REAL
    0.000000, -- _1 : REAL
    "7418caeb-450c-450b-980a-38e3938b0f80" -- _2 : UNIQUE_ID
);
INSERT INTO DIM_ND VALUES (
    0.000000, -- _0 : REAL
    0.000000, -- _1 : REAL
    "44e521af-1f7d-40e6-b15d-96b0001a37ce" -- _2 : UNIQUE_ID
);
INSERT INTO DIM_ND VALUES (
    0.000000, -- _0 : REAL
    0.000000, -- _1 : REAL
    "35c6a079-c97e-4005-99fa-0c934e2b860b" -- _2 : UNIQUE_ID
);
INSERT INTO DIM_ND VALUES (
    0.000000, -- _0 : REAL
    0.000000, -- _1 : REAL
    "cbaea48f-0acd-464d-9cfd-48a0d74c459e" -- _2 : UNIQUE_ID
);
INSERT INTO DIM_ND VALUES (
    0.000000, -- _0 : REAL
    0.000000, -- _1 : REAL
    "3da66cb9-7209-447a-9e18-8f2183f56089" -- _2 : UNIQUE_ID
);
INSERT INTO DIM_ND VALUES (
    0.000000, -- _0 : REAL
    0.000000, -- _1 : REAL
    "dafc605e-739f-4906-8dee-2e6ff3645803" -- _2 : UNIQUE_ID
);
INSERT INTO DIM_ND VALUES (
    0.000000, -- _0 : REAL
    0.000000, -- _1 : REAL
    "07cd5e17-270e-4101-9538-94ce52e9da40" -- _2 : UNIQUE_ID
);
INSERT INTO DIM_ND VALUES (
    0.000000, -- _0 : REAL
    0.000000, -- _1 : REAL
    "3d470efd-ac36-442e-a8b0-b93937857889" -- _2 : UNIQUE_ID
);
INSERT INTO DIM_ND VALUES (
    0.000000, -- _0 : REAL
    0.000000, -- _1 : REAL
    "6c78fba5-d4e5-4501-b384-f01652b0e628" -- _2 : UNIQUE_ID
);
INSERT INTO DIM_ND VALUES (
    0.000000, -- _0 : REAL
    0.000000, -- _1 : REAL
    "f0d01012-ec7a-4e6f-aa59-033bd96107fa" -- _2 : UNIQUE_ID
);
INSERT INTO DIM_GE VALUES (
    0.000000, -- _0 : REAL
    0.000000, -- _1 : REAL
    "47e73ee7-a7e4-4834-ab20-8dbe8067b245", -- _2 : UNIQUE_ID
    "00000000-0000-0000-0000-000000000000" -- _3 : UNIQUE_ID
);
INSERT INTO DIM_GE VALUES (
    250.000000, -- _0 : REAL
    0.000000, -- _1 : REAL
    "2a79e99f-8d48-4840-a9af-963c816e64cf", -- _2 : UNIQUE_ID
    "00000000-0000-0000-0000-000000000000" -- _3 : UNIQUE_ID
);
INSERT INTO DIM_GE VALUES (
    250.000000, -- _0 : REAL
    0.000000, -- _1 : REAL
    "b338d10f-5ead-401b-a7be-1593614ec0df", -- _2 : UNIQUE_ID
    "00000000-0000-0000-0000-000000000000" -- _3 : UNIQUE_ID
);
INSERT INTO DIM_GE VALUES (
    0.000000, -- _0 : REAL
    0.000000, -- _1 : REAL
    "0f471f9f-a938-4191-a624-af30b406b49a", -- _2 : UNIQUE_ID
    "00000000-0000-0000-0000-000000000000" -- _3 : UNIQUE_ID
);
INSERT INTO DIM_GE VALUES (
    0.000000, -- _0 : REAL
    0.000000, -- _1 : REAL
    "9bbac918-642f-4bf0-9460-5e8fcaed8580", -- _2 : UNIQUE_ID
    "00000000-0000-0000-0000-000000000000" -- _3 : UNIQUE_ID
);
INSERT INTO DIM_GE VALUES (
    0.000000, -- _0 : REAL
    0.000000, -- _1 : REAL
    "99f0c301-009f-4de1-8719-28c038e63959", -- _2 : UNIQUE_ID
    "00000000-0000-0000-0000-000000000000" -- _3 : UNIQUE_ID
);
INSERT INTO DIM_GE VALUES (
    0.000000, -- _0 : REAL
    0.000000, -- _1 : REAL
    "6d2f1dfa-1460-4d30-9c6d-27930f9432d6", -- _2 : UNIQUE_ID
    "00000000-0000-0000-0000-000000000000" -- _3 : UNIQUE_ID
);
INSERT INTO DIM_GE VALUES (
    970.000000, -- _0 : REAL
    0.000000, -- _1 : REAL
    "aa81864f-4650-4fac-a858-94602d7f45e1", -- _2 : UNIQUE_ID
    "00000000-0000-0000-0000-000000000000" -- _3 : UNIQUE_ID
);
INSERT INTO DIM_GE VALUES (
    250.000000, -- _0 : REAL
    0.000000, -- _1 : REAL
    "cd19f362-e320-4e99-9086-14abdeed993e", -- _2 : UNIQUE_ID
    "00000000-0000-0000-0000-000000000000" -- _3 : UNIQUE_ID
);
INSERT INTO DIM_GE VALUES (
    0.000000, -- _0 : REAL
    0.000000, -- _1 : REAL
    "f5739c23-9126-43ad-9a1b-0f37c7e1dd94", -- _2 : UNIQUE_ID
    "00000000-0000-0000-0000-000000000000" -- _3 : UNIQUE_ID
);
INSERT INTO DIM_GE VALUES (
    0.000000, -- _0 : REAL
    0.000000, -- _1 : REAL
    "590f870e-b7ca-46f8-8500-ea6abcbb3010", -- _2 : UNIQUE_ID
    "00000000-0000-0000-0000-000000000000" -- _3 : UNIQUE_ID
);
INSERT INTO DIM_GE VALUES (
    230.000000, -- _0 : REAL
    46.000000, -- _1 : REAL
    "86402be8-bb4b-4376-a115-e699b0a52f11", -- _2 : UNIQUE_ID
    "00000000-0000-0000-0000-000000000000" -- _3 : UNIQUE_ID
);
INSERT INTO DIM_GE VALUES (
    0.000000, -- _0 : REAL
    0.000000, -- _1 : REAL
    "29676bb3-3870-4ca6-9e12-5289bcd5ae93", -- _2 : UNIQUE_ID
    "00000000-0000-0000-0000-000000000000" -- _3 : UNIQUE_ID
);
INSERT INTO DIM_GE VALUES (
    0.000000, -- _0 : REAL
    0.000000, -- _1 : REAL
    "b7208601-6c1d-4a70-9874-af630427b85c", -- _2 : UNIQUE_ID
    "00000000-0000-0000-0000-000000000000" -- _3 : UNIQUE_ID
);
INSERT INTO DIM_GE VALUES (
    0.000000, -- _0 : REAL
    0.000000, -- _1 : REAL
    "0678b600-c188-44ff-bd5c-2eed9d04af1f", -- _2 : UNIQUE_ID
    "00000000-0000-0000-0000-000000000000" -- _3 : UNIQUE_ID
);
INSERT INTO DIM_GE VALUES (
    0.000000, -- _0 : REAL
    0.000000, -- _1 : REAL
    "93180894-1220-41bb-aed2-a6518901bcc3", -- _2 : UNIQUE_ID
    "00000000-0000-0000-0000-000000000000" -- _3 : UNIQUE_ID
);
INSERT INTO DIM_GE VALUES (
    0.000000, -- _0 : REAL
    0.000000, -- _1 : REAL
    "19f14286-e8cd-4b2b-bcbb-e463158aeac4", -- _2 : UNIQUE_ID
    "00000000-0000-0000-0000-000000000000" -- _3 : UNIQUE_ID
);
INSERT INTO DIM_GE VALUES (
    0.000000, -- _0 : REAL
    0.000000, -- _1 : REAL
    "583313b2-37e6-4d57-a74f-cf74a3356c2a", -- _2 : UNIQUE_ID
    "00000000-0000-0000-0000-000000000000" -- _3 : UNIQUE_ID
);
INSERT INTO DIM_GE VALUES (
    4100.000000, -- _0 : REAL
    3100.000000, -- _1 : REAL
    "26ab6a35-97f1-49d5-ae78-5b9e619b0c16", -- _2 : UNIQUE_ID
    "00000000-0000-0000-0000-000000000000" -- _3 : UNIQUE_ID
);
INSERT INTO DIM_GE VALUES (
    4920.000000, -- _0 : REAL
    3100.000000, -- _1 : REAL
    "909ab02b-31c7-429f-b99a-d940860bd6d2", -- _2 : UNIQUE_ID
    "00000000-0000-0000-0000-000000000000" -- _3 : UNIQUE_ID
);
INSERT INTO DIM_GE VALUES (
    0.000000, -- _0 : REAL
    0.000000, -- _1 : REAL
    "dd27e626-43d7-4efd-a5c2-8d0834432a8c", -- _2 : UNIQUE_ID
    "00000000-0000-0000-0000-000000000000" -- _3 : UNIQUE_ID
);
INSERT INTO DIM_GE VALUES (
    5119.000000, -- _0 : REAL
    3512.000000, -- _1 : REAL
    "5d418687-f480-4153-b7b2-76bb769b9fc0", -- _2 : UNIQUE_ID
    "00000000-0000-0000-0000-000000000000" -- _3 : UNIQUE_ID
);
INSERT INTO DIM_GE VALUES (
    0.000000, -- _0 : REAL
    0.000000, -- _1 : REAL
    "efaa4664-7a69-4f7b-83fc-13965abcd008", -- _2 : UNIQUE_ID
    "00000000-0000-0000-0000-000000000000" -- _3 : UNIQUE_ID
);
INSERT INTO DIM_GE VALUES (
    0.000000, -- _0 : REAL
    0.000000, -- _1 : REAL
    "b982d6cf-9550-416f-8b35-312dcfff4b27", -- _2 : UNIQUE_ID
    "00000000-0000-0000-0000-000000000000" -- _3 : UNIQUE_ID
);
INSERT INTO DIM_GE VALUES (
    0.000000, -- _0 : REAL
    0.000000, -- _1 : REAL
    "49ba329d-48fc-4448-b581-5ed8e556314c", -- _2 : UNIQUE_ID
    "00000000-0000-0000-0000-000000000000" -- _3 : UNIQUE_ID
);
INSERT INTO DIM_GE VALUES (
    0.000000, -- _0 : REAL
    0.000000, -- _1 : REAL
    "c771f046-6aea-40dd-a72a-44bcadd7c96d", -- _2 : UNIQUE_ID
    "00000000-0000-0000-0000-000000000000" -- _3 : UNIQUE_ID
);
INSERT INTO DIM_GE VALUES (
    0.000000, -- _0 : REAL
    0.000000, -- _1 : REAL
    "b301b090-a737-4b41-ac7a-6fde756fe687", -- _2 : UNIQUE_ID
    "00000000-0000-0000-0000-000000000000" -- _3 : UNIQUE_ID
);
INSERT INTO DIM_GE VALUES (
    0.000000, -- _0 : REAL
    0.000000, -- _1 : REAL
    "eef2d986-d98e-43f4-8d78-347a6ab9fb65", -- _2 : UNIQUE_ID
    "00000000-0000-0000-0000-000000000000" -- _3 : UNIQUE_ID
);
INSERT INTO DIM_GE VALUES (
    420.000000, -- _0 : REAL
    468.000000, -- _1 : REAL
    "ed420ffb-23fe-4148-864b-a72d054bd0af", -- _2 : UNIQUE_ID
    "00000000-0000-0000-0000-000000000000" -- _3 : UNIQUE_ID
);
INSERT INTO DIM_GE VALUES (
    864.000000, -- _0 : REAL
    468.000000, -- _1 : REAL
    "5d553595-76d6-4918-8385-fe5309e37506", -- _2 : UNIQUE_ID
    "00000000-0000-0000-0000-000000000000" -- _3 : UNIQUE_ID
);
INSERT INTO DIM_GE VALUES (
    696.000000, -- _0 : REAL
    336.000000, -- _1 : REAL
    "924ef2e0-63ae-4889-bd03-1f3ab5f269a9", -- _2 : UNIQUE_ID
    "00000000-0000-0000-0000-000000000000" -- _3 : UNIQUE_ID
);
INSERT INTO DIM_GE VALUES (
    0.000000, -- _0 : REAL
    0.000000, -- _1 : REAL
    "98bf573f-5d3d-43b3-8021-9d59c2471364", -- _2 : UNIQUE_ID
    "00000000-0000-0000-0000-000000000000" -- _3 : UNIQUE_ID
);
INSERT INTO DIM_GE VALUES (
    735.000000, -- _0 : REAL
    502.000000, -- _1 : REAL
    "95a95aab-9976-44c9-a55e-762fa9f7fe78", -- _2 : UNIQUE_ID
    "00000000-0000-0000-0000-000000000000" -- _3 : UNIQUE_ID
);
INSERT INTO DIM_GE VALUES (
    0.000000, -- _0 : REAL
    0.000000, -- _1 : REAL
    "429b5da6-d9b0-40ff-bc17-fab31aa149cb", -- _2 : UNIQUE_ID
    "00000000-0000-0000-0000-000000000000" -- _3 : UNIQUE_ID
);
INSERT INTO DIM_GE VALUES (
    0.000000, -- _0 : REAL
    0.000000, -- _1 : REAL
    "eaa17e4e-c479-4b52-81f5-53d8d2fe4c57", -- _2 : UNIQUE_ID
    "00000000-0000-0000-0000-000000000000" -- _3 : UNIQUE_ID
);
INSERT INTO DIM_GE VALUES (
    0.000000, -- _0 : REAL
    0.000000, -- _1 : REAL
    "e707c753-6c3b-4600-92de-6475c8316a4d", -- _2 : UNIQUE_ID
    "00000000-0000-0000-0000-000000000000" -- _3 : UNIQUE_ID
);
INSERT INTO DIM_GE VALUES (
    0.000000, -- _0 : REAL
    0.000000, -- _1 : REAL
    "7c530bf0-0935-49b9-ad51-93882d019761", -- _2 : UNIQUE_ID
    "00000000-0000-0000-0000-000000000000" -- _3 : UNIQUE_ID
);
INSERT INTO DIM_GE VALUES (
    0.000000, -- _0 : REAL
    0.000000, -- _1 : REAL
    "d890c106-1ebd-46a5-9b07-d3dfbbd206c1", -- _2 : UNIQUE_ID
    "00000000-0000-0000-0000-000000000000" -- _3 : UNIQUE_ID
);
INSERT INTO DIM_GE VALUES (
    0.000000, -- _0 : REAL
    0.000000, -- _1 : REAL
    "cf58e3d4-607b-4455-bbc6-581ae83dc061", -- _2 : UNIQUE_ID
    "00000000-0000-0000-0000-000000000000" -- _3 : UNIQUE_ID
);
INSERT INTO DIM_GE VALUES (
    420.000000, -- _0 : REAL
    36.000000, -- _1 : REAL
    "1335cd03-252a-4507-9273-cf9361a1d99c", -- _2 : UNIQUE_ID
    "00000000-0000-0000-0000-000000000000" -- _3 : UNIQUE_ID
);
INSERT INTO DIM_GE VALUES (
    204.000000, -- _0 : REAL
    36.000000, -- _1 : REAL
    "118bf261-5b2d-4668-bccf-01457bb88714", -- _2 : UNIQUE_ID
    "00000000-0000-0000-0000-000000000000" -- _3 : UNIQUE_ID
);
INSERT INTO DIM_GE VALUES (
    636.000000, -- _0 : REAL
    36.000000, -- _1 : REAL
    "87d1457e-ea08-4dd7-9f8f-8074e306be0e", -- _2 : UNIQUE_ID
    "00000000-0000-0000-0000-000000000000" -- _3 : UNIQUE_ID
);
INSERT INTO DIM_GE VALUES (
    420.000000, -- _0 : REAL
    240.000000, -- _1 : REAL
    "a276896b-8979-4add-be71-6130e04fce25", -- _2 : UNIQUE_ID
    "00000000-0000-0000-0000-000000000000" -- _3 : UNIQUE_ID
);
INSERT INTO DIM_GE VALUES (
    192.000000, -- _0 : REAL
    348.000000, -- _1 : REAL
    "b0cb0ed3-0530-4d12-bb62-fccec4b38196", -- _2 : UNIQUE_ID
    "00000000-0000-0000-0000-000000000000" -- _3 : UNIQUE_ID
);
INSERT INTO DIM_GE VALUES (
    522.000000, -- _0 : REAL
    394.000000, -- _1 : REAL
    "9945f51d-3d88-4ade-a531-f152940108f3", -- _2 : UNIQUE_ID
    "00000000-0000-0000-0000-000000000000" -- _3 : UNIQUE_ID
);
INSERT INTO DIM_GE VALUES (
    472.000000, -- _0 : REAL
    420.000000, -- _1 : REAL
    "4585b39b-abbe-44e8-867c-eb45e6495890", -- _2 : UNIQUE_ID
    "00000000-0000-0000-0000-000000000000" -- _3 : UNIQUE_ID
);
INSERT INTO DIM_GE VALUES (
    522.000000, -- _0 : REAL
    445.000000, -- _1 : REAL
    "796b3c1c-50e3-4734-bf1c-d72366346c62", -- _2 : UNIQUE_ID
    "00000000-0000-0000-0000-000000000000" -- _3 : UNIQUE_ID
);
INSERT INTO DIM_GE VALUES (
    0.000000, -- _0 : REAL
    0.000000, -- _1 : REAL
    "82f927e5-d856-477b-a9a9-a4c205588290", -- _2 : UNIQUE_ID
    "00000000-0000-0000-0000-000000000000" -- _3 : UNIQUE_ID
);
INSERT INTO DIM_GE VALUES (
    0.000000, -- _0 : REAL
    0.000000, -- _1 : REAL
    "1f5f65a6-c24d-40aa-80fd-39d5301dd3bd", -- _2 : UNIQUE_ID
    "00000000-0000-0000-0000-000000000000" -- _3 : UNIQUE_ID
);
INSERT INTO DIM_GE VALUES (
    0.000000, -- _0 : REAL
    0.000000, -- _1 : REAL
    "cfd10ad6-45b0-4e4d-af1f-c8bdc131d90e", -- _2 : UNIQUE_ID
    "00000000-0000-0000-0000-000000000000" -- _3 : UNIQUE_ID
);
INSERT INTO DIM_GE VALUES (
    0.000000, -- _0 : REAL
    0.000000, -- _1 : REAL
    "bf66a508-00d9-466a-91f0-95737376e08f", -- _2 : UNIQUE_ID
    "00000000-0000-0000-0000-000000000000" -- _3 : UNIQUE_ID
);
INSERT INTO DIM_GE VALUES (
    0.000000, -- _0 : REAL
    0.000000, -- _1 : REAL
    "c2e8561a-8e2d-41ee-a73e-6f565b62290b", -- _2 : UNIQUE_ID
    "00000000-0000-0000-0000-000000000000" -- _3 : UNIQUE_ID
);
INSERT INTO DIM_GE VALUES (
    -96.000000, -- _0 : REAL
    360.000000, -- _1 : REAL
    "b648b84a-32e8-4279-9858-0dc6ec686583", -- _2 : UNIQUE_ID
    "00000000-0000-0000-0000-000000000000" -- _3 : UNIQUE_ID
);
INSERT INTO DIM_GE VALUES (
    0.000000, -- _0 : REAL
    0.000000, -- _1 : REAL
    "e6fee1e0-a014-45be-a971-b8fce6b8e617", -- _2 : UNIQUE_ID
    "00000000-0000-0000-0000-000000000000" -- _3 : UNIQUE_ID
);
INSERT INTO DIM_GE VALUES (
    125.000000, -- _0 : REAL
    370.000000, -- _1 : REAL
    "cf35bf35-6a1d-4d59-a19f-a8e6817bb0b0", -- _2 : UNIQUE_ID
    "00000000-0000-0000-0000-000000000000" -- _3 : UNIQUE_ID
);
INSERT INTO DIM_GE VALUES (
    0.000000, -- _0 : REAL
    0.000000, -- _1 : REAL
    "b051cd06-a892-4260-b56f-d7483165459d", -- _2 : UNIQUE_ID
    "00000000-0000-0000-0000-000000000000" -- _3 : UNIQUE_ID
);
INSERT INTO DIM_GE VALUES (
    0.000000, -- _0 : REAL
    0.000000, -- _1 : REAL
    "797d9d41-d43c-4382-8a83-601dcc7577e7", -- _2 : UNIQUE_ID
    "00000000-0000-0000-0000-000000000000" -- _3 : UNIQUE_ID
);
INSERT INTO DIM_GE VALUES (
    0.000000, -- _0 : REAL
    0.000000, -- _1 : REAL
    "048405c9-f712-4fb4-8420-cf986740d5cf", -- _2 : UNIQUE_ID
    "00000000-0000-0000-0000-000000000000" -- _3 : UNIQUE_ID
);
INSERT INTO DIM_GE VALUES (
    0.000000, -- _0 : REAL
    0.000000, -- _1 : REAL
    "e90fc8b5-f18e-4fa1-82b9-8a8fabc3a6b4", -- _2 : UNIQUE_ID
    "00000000-0000-0000-0000-000000000000" -- _3 : UNIQUE_ID
);
INSERT INTO DIM_GE VALUES (
    526.000000, -- _0 : REAL
    202.000000, -- _1 : REAL
    "b8177d29-0d6d-4acd-954c-9d30954abbc2", -- _2 : UNIQUE_ID
    "00000000-0000-0000-0000-000000000000" -- _3 : UNIQUE_ID
);
INSERT INTO DIM_GE VALUES (
    0.000000, -- _0 : REAL
    0.000000, -- _1 : REAL
    "01eaa8dd-924c-4fc5-ba3e-0fb5817a847b", -- _2 : UNIQUE_ID
    "00000000-0000-0000-0000-000000000000" -- _3 : UNIQUE_ID
);
INSERT INTO DIM_GE VALUES (
    0.000000, -- _0 : REAL
    0.000000, -- _1 : REAL
    "e7e2b0db-e35e-4038-9609-36740a5aacaa", -- _2 : UNIQUE_ID
    "00000000-0000-0000-0000-000000000000" -- _3 : UNIQUE_ID
);
INSERT INTO DIM_GE VALUES (
    0.000000, -- _0 : REAL
    0.000000, -- _1 : REAL
    "8b430619-8784-4ebc-a23f-2d50bf6e54f0", -- _2 : UNIQUE_ID
    "00000000-0000-0000-0000-000000000000" -- _3 : UNIQUE_ID
);
INSERT INTO DIM_GE VALUES (
    0.000000, -- _0 : REAL
    0.000000, -- _1 : REAL
    "5c2c5257-576a-49d9-9bc0-700715eb78df", -- _2 : UNIQUE_ID
    "00000000-0000-0000-0000-000000000000" -- _3 : UNIQUE_ID
);
INSERT INTO DIM_GE VALUES (
    0.000000, -- _0 : REAL
    0.000000, -- _1 : REAL
    "0d4e1033-4b56-4dcc-89e6-7176e60024e6", -- _2 : UNIQUE_ID
    "00000000-0000-0000-0000-000000000000" -- _3 : UNIQUE_ID
);
INSERT INTO DIM_GE VALUES (
    0.000000, -- _0 : REAL
    0.000000, -- _1 : REAL
    "404d6db3-55b9-4b2a-afed-9a866a1fe88a", -- _2 : UNIQUE_ID
    "00000000-0000-0000-0000-000000000000" -- _3 : UNIQUE_ID
);
INSERT INTO DIM_GE VALUES (
    0.000000, -- _0 : REAL
    0.000000, -- _1 : REAL
    "481090de-2d82-4709-90b1-4d9f8af13933", -- _2 : UNIQUE_ID
    "00000000-0000-0000-0000-000000000000" -- _3 : UNIQUE_ID
);
INSERT INTO DIM_GE VALUES (
    0.000000, -- _0 : REAL
    0.000000, -- _1 : REAL
    "35624f3d-75e4-44a6-bfb4-70848f42fb0e", -- _2 : UNIQUE_ID
    "00000000-0000-0000-0000-000000000000" -- _3 : UNIQUE_ID
);
INSERT INTO DIM_GE VALUES (
    0.000000, -- _0 : REAL
    0.000000, -- _1 : REAL
    "3dd7354c-7e7e-404b-ae8f-2f679cbff22f", -- _2 : UNIQUE_ID
    "00000000-0000-0000-0000-000000000000" -- _3 : UNIQUE_ID
);
INSERT INTO DIM_GE VALUES (
    0.000000, -- _0 : REAL
    0.000000, -- _1 : REAL
    "94297c8a-9ae9-4783-9eea-d4cbf8b0183c", -- _2 : UNIQUE_ID
    "00000000-0000-0000-0000-000000000000" -- _3 : UNIQUE_ID
);
INSERT INTO DIM_GE VALUES (
    0.000000, -- _0 : REAL
    0.000000, -- _1 : REAL
    "33aab688-3d68-4e5e-b400-ca45104a7ad9", -- _2 : UNIQUE_ID
    "00000000-0000-0000-0000-000000000000" -- _3 : UNIQUE_ID
);
INSERT INTO DIM_GE VALUES (
    0.000000, -- _0 : REAL
    0.000000, -- _1 : REAL
    "862bf77d-71bb-4ac4-9d40-c3efce413f53", -- _2 : UNIQUE_ID
    "00000000-0000-0000-0000-000000000000" -- _3 : UNIQUE_ID
);
INSERT INTO DIM_GE VALUES (
    0.000000, -- _0 : REAL
    0.000000, -- _1 : REAL
    "b322670e-7175-434b-b3bb-15d7968a6643", -- _2 : UNIQUE_ID
    "00000000-0000-0000-0000-000000000000" -- _3 : UNIQUE_ID
);
INSERT INTO DIM_GE VALUES (
    4116.000000, -- _0 : REAL
    3120.000000, -- _1 : REAL
    "35340b72-a698-43a9-950c-8ff984a45719", -- _2 : UNIQUE_ID
    "00000000-0000-0000-0000-000000000000" -- _3 : UNIQUE_ID
);
INSERT INTO DIM_GE VALUES (
    4116.000000, -- _0 : REAL
    3324.000000, -- _1 : REAL
    "5a08134b-a95f-4abb-aa2d-4518a032e798", -- _2 : UNIQUE_ID
    "00000000-0000-0000-0000-000000000000" -- _3 : UNIQUE_ID
);
INSERT INTO DIM_GE VALUES (
    0.000000, -- _0 : REAL
    0.000000, -- _1 : REAL
    "b104e90c-22a4-4384-ae44-fa9fd90e0427", -- _2 : UNIQUE_ID
    "00000000-0000-0000-0000-000000000000" -- _3 : UNIQUE_ID
);
INSERT INTO DIM_GE VALUES (
    4015.000000, -- _0 : REAL
    3285.000000, -- _1 : REAL
    "32905cb4-f5ac-4f79-b6f5-2be5d4b5281f", -- _2 : UNIQUE_ID
    "00000000-0000-0000-0000-000000000000" -- _3 : UNIQUE_ID
);
INSERT INTO DIM_GE VALUES (
    0.000000, -- _0 : REAL
    0.000000, -- _1 : REAL
    "410044bf-19d9-45a8-b93f-69d0ee61b173", -- _2 : UNIQUE_ID
    "00000000-0000-0000-0000-000000000000" -- _3 : UNIQUE_ID
);
INSERT INTO DIM_GE VALUES (
    0.000000, -- _0 : REAL
    0.000000, -- _1 : REAL
    "f84eae49-c82d-45b4-8c15-f2d7416b1878", -- _2 : UNIQUE_ID
    "00000000-0000-0000-0000-000000000000" -- _3 : UNIQUE_ID
);
INSERT INTO DIM_GE VALUES (
    4116.000000, -- _0 : REAL
    3552.000000, -- _1 : REAL
    "ac3dcb27-e5d2-4196-8433-696bf22cfd34", -- _2 : UNIQUE_ID
    "00000000-0000-0000-0000-000000000000" -- _3 : UNIQUE_ID
);
INSERT INTO DIM_GE VALUES (
    0.000000, -- _0 : REAL
    0.000000, -- _1 : REAL
    "017e0104-2006-4fd5-86e8-8733f99a6df3", -- _2 : UNIQUE_ID
    "00000000-0000-0000-0000-000000000000" -- _3 : UNIQUE_ID
);
INSERT INTO DIM_GE VALUES (
    3847.000000, -- _0 : REAL
    3506.000000, -- _1 : REAL
    "e874c26c-6d4e-4345-92aa-ee0d5de98a40", -- _2 : UNIQUE_ID
    "00000000-0000-0000-0000-000000000000" -- _3 : UNIQUE_ID
);
INSERT INTO DIM_GE VALUES (
    0.000000, -- _0 : REAL
    0.000000, -- _1 : REAL
    "d380186d-f929-412a-ab31-618037deeadb", -- _2 : UNIQUE_ID
    "00000000-0000-0000-0000-000000000000" -- _3 : UNIQUE_ID
);
INSERT INTO DIM_GE VALUES (
    0.000000, -- _0 : REAL
    0.000000, -- _1 : REAL
    "aaff5d6f-3f5b-4c4f-8957-c5f95ad86a02", -- _2 : UNIQUE_ID
    "00000000-0000-0000-0000-000000000000" -- _3 : UNIQUE_ID
);
INSERT INTO DIM_GE VALUES (
    0.000000, -- _0 : REAL
    0.000000, -- _1 : REAL
    "71135599-d679-4cec-b992-626d5c362e96", -- _2 : UNIQUE_ID
    "00000000-0000-0000-0000-000000000000" -- _3 : UNIQUE_ID
);
INSERT INTO DIM_GE VALUES (
    4088.000000, -- _0 : REAL
    3066.000000, -- _1 : REAL
    "d099d4cb-efe6-46d0-89e5-6b76d0ccb9af", -- _2 : UNIQUE_ID
    "00000000-0000-0000-0000-000000000000" -- _3 : UNIQUE_ID
);
INSERT INTO DIM_GE VALUES (
    0.000000, -- _0 : REAL
    0.000000, -- _1 : REAL
    "d3b69d41-c06c-476c-a656-9c208cf5c050", -- _2 : UNIQUE_ID
    "00000000-0000-0000-0000-000000000000" -- _3 : UNIQUE_ID
);
INSERT INTO DIM_GE VALUES (
    0.000000, -- _0 : REAL
    0.000000, -- _1 : REAL
    "04a60c01-a632-4726-8733-c1998fa6d90d", -- _2 : UNIQUE_ID
    "00000000-0000-0000-0000-000000000000" -- _3 : UNIQUE_ID
);
INSERT INTO DIM_GE VALUES (
    0.000000, -- _0 : REAL
    0.000000, -- _1 : REAL
    "897401ce-1bce-4680-a838-89fd51df5fb5", -- _2 : UNIQUE_ID
    "00000000-0000-0000-0000-000000000000" -- _3 : UNIQUE_ID
);
INSERT INTO DIM_GE VALUES (
    4385.000000, -- _0 : REAL
    3645.000000, -- _1 : REAL
    "5c92da24-1ff2-46d2-adf6-0a444633b8f8", -- _2 : UNIQUE_ID
    "00000000-0000-0000-0000-000000000000" -- _3 : UNIQUE_ID
);
INSERT INTO DIM_GE VALUES (
    0.000000, -- _0 : REAL
    0.000000, -- _1 : REAL
    "8ebe2ef0-8454-4c4b-8e63-013878e7d226", -- _2 : UNIQUE_ID
    "00000000-0000-0000-0000-000000000000" -- _3 : UNIQUE_ID
);
INSERT INTO DIM_GE VALUES (
    0.000000, -- _0 : REAL
    0.000000, -- _1 : REAL
    "b39a1cf4-4911-439c-a602-d830046b4df8", -- _2 : UNIQUE_ID
    "00000000-0000-0000-0000-000000000000" -- _3 : UNIQUE_ID
);
INSERT INTO DIM_GE VALUES (
    4464.000000, -- _0 : REAL
    3324.000000, -- _1 : REAL
    "a6edd8a7-4160-4c44-9cd5-5ae553ccedd6", -- _2 : UNIQUE_ID
    "00000000-0000-0000-0000-000000000000" -- _3 : UNIQUE_ID
);
INSERT INTO DIM_GE VALUES (
    0.000000, -- _0 : REAL
    0.000000, -- _1 : REAL
    "44640c39-b31a-48ac-9da0-e310cb34f5a3", -- _2 : UNIQUE_ID
    "00000000-0000-0000-0000-000000000000" -- _3 : UNIQUE_ID
);
INSERT INTO DIM_GE VALUES (
    4307.000000, -- _0 : REAL
    3499.000000, -- _1 : REAL
    "4a9e27b7-9637-4e8a-9f99-5de2673ec3b5", -- _2 : UNIQUE_ID
    "00000000-0000-0000-0000-000000000000" -- _3 : UNIQUE_ID
);
INSERT INTO DIM_GE VALUES (
    0.000000, -- _0 : REAL
    0.000000, -- _1 : REAL
    "f8636e34-e0c9-4833-aa0a-6b17c564d318", -- _2 : UNIQUE_ID
    "00000000-0000-0000-0000-000000000000" -- _3 : UNIQUE_ID
);
INSERT INTO DIM_GE VALUES (
    0.000000, -- _0 : REAL
    0.000000, -- _1 : REAL
    "62847330-bf4f-4033-8718-9c93994b51eb", -- _2 : UNIQUE_ID
    "00000000-0000-0000-0000-000000000000" -- _3 : UNIQUE_ID
);
INSERT INTO DIM_GE VALUES (
    0.000000, -- _0 : REAL
    0.000000, -- _1 : REAL
    "05336616-9ebb-4455-bb13-f19c9602e08e", -- _2 : UNIQUE_ID
    "00000000-0000-0000-0000-000000000000" -- _3 : UNIQUE_ID
);
INSERT INTO DIM_GE VALUES (
    4343.000000, -- _0 : REAL
    3334.000000, -- _1 : REAL
    "14e5c38f-75a2-4681-b900-cbcca0cda77b", -- _2 : UNIQUE_ID
    "00000000-0000-0000-0000-000000000000" -- _3 : UNIQUE_ID
);
INSERT INTO DIM_GE VALUES (
    0.000000, -- _0 : REAL
    0.000000, -- _1 : REAL
    "d926ef89-47e0-4f98-aff8-071b2216bcd4", -- _2 : UNIQUE_ID
    "00000000-0000-0000-0000-000000000000" -- _3 : UNIQUE_ID
);
INSERT INTO DIM_GE VALUES (
    0.000000, -- _0 : REAL
    0.000000, -- _1 : REAL
    "cff9cdc1-c936-4fa9-9605-b9b666fb817d", -- _2 : UNIQUE_ID
    "00000000-0000-0000-0000-000000000000" -- _3 : UNIQUE_ID
);
INSERT INTO DIM_GE VALUES (
    0.000000, -- _0 : REAL
    0.000000, -- _1 : REAL
    "5521f4ee-347d-4c94-9b96-37a126e2c4ce", -- _2 : UNIQUE_ID
    "00000000-0000-0000-0000-000000000000" -- _3 : UNIQUE_ID
);
INSERT INTO DIM_GE VALUES (
    0.000000, -- _0 : REAL
    0.000000, -- _1 : REAL
    "6c1e5192-9c31-40af-8cd9-ea55361781ea", -- _2 : UNIQUE_ID
    "00000000-0000-0000-0000-000000000000" -- _3 : UNIQUE_ID
);
INSERT INTO DIM_GE VALUES (
    0.000000, -- _0 : REAL
    0.000000, -- _1 : REAL
    "8be4ef35-d61d-4b23-942d-419089530234", -- _2 : UNIQUE_ID
    "00000000-0000-0000-0000-000000000000" -- _3 : UNIQUE_ID
);
INSERT INTO DIM_GE VALUES (
    0.000000, -- _0 : REAL
    0.000000, -- _1 : REAL
    "547058ab-5588-4204-9170-371ebcbd44f4", -- _2 : UNIQUE_ID
    "00000000-0000-0000-0000-000000000000" -- _3 : UNIQUE_ID
);
INSERT INTO DIM_GE VALUES (
    0.000000, -- _0 : REAL
    0.000000, -- _1 : REAL
    "71c66339-3e2d-4499-8f00-c89dfd4dfc8c", -- _2 : UNIQUE_ID
    "00000000-0000-0000-0000-000000000000" -- _3 : UNIQUE_ID
);
INSERT INTO DIM_GE VALUES (
    4100.000000, -- _0 : REAL
    3100.000000, -- _1 : REAL
    "eddfd0d8-cb75-47d8-99ce-5cdb9e99e5a1", -- _2 : UNIQUE_ID
    "00000000-0000-0000-0000-000000000000" -- _3 : UNIQUE_ID
);
INSERT INTO DIM_GE VALUES (
    4410.000000, -- _0 : REAL
    3100.000000, -- _1 : REAL
    "bb11508d-4888-4ca5-a0a8-c353cfcf0e3f", -- _2 : UNIQUE_ID
    "00000000-0000-0000-0000-000000000000" -- _3 : UNIQUE_ID
);
INSERT INTO DIM_GE VALUES (
    0.000000, -- _0 : REAL
    0.000000, -- _1 : REAL
    "8d496faf-0f8e-45af-8581-e81ee4bb69b1", -- _2 : UNIQUE_ID
    "00000000-0000-0000-0000-000000000000" -- _3 : UNIQUE_ID
);
INSERT INTO DIM_GE VALUES (
    4613.000000, -- _0 : REAL
    3178.000000, -- _1 : REAL
    "22e09dc6-f6a7-4be9-aecf-b6a614fd9b11", -- _2 : UNIQUE_ID
    "00000000-0000-0000-0000-000000000000" -- _3 : UNIQUE_ID
);
INSERT INTO DIM_GE VALUES (
    0.000000, -- _0 : REAL
    0.000000, -- _1 : REAL
    "2b6dbeea-9dc2-420f-9501-a507c9568a2c", -- _2 : UNIQUE_ID
    "00000000-0000-0000-0000-000000000000" -- _3 : UNIQUE_ID
);
INSERT INTO DIM_GE VALUES (
    0.000000, -- _0 : REAL
    0.000000, -- _1 : REAL
    "432cc52d-be9e-4ae8-95dc-458429c448f9", -- _2 : UNIQUE_ID
    "00000000-0000-0000-0000-000000000000" -- _3 : UNIQUE_ID
);
INSERT INTO DIM_GE VALUES (
    0.000000, -- _0 : REAL
    0.000000, -- _1 : REAL
    "14fcd5fa-a7c6-4592-8ab0-e27fc8387538", -- _2 : UNIQUE_ID
    "00000000-0000-0000-0000-000000000000" -- _3 : UNIQUE_ID
);
INSERT INTO DIM_GE VALUES (
    0.000000, -- _0 : REAL
    0.000000, -- _1 : REAL
    "d71ed80d-c4f4-4065-8366-445c65e7b89e", -- _2 : UNIQUE_ID
    "00000000-0000-0000-0000-000000000000" -- _3 : UNIQUE_ID
);
INSERT INTO DIM_GE VALUES (
    0.000000, -- _0 : REAL
    0.000000, -- _1 : REAL
    "459b9b1c-5add-4467-9a04-55760314f309", -- _2 : UNIQUE_ID
    "00000000-0000-0000-0000-000000000000" -- _3 : UNIQUE_ID
);
INSERT INTO DIM_GE VALUES (
    0.000000, -- _0 : REAL
    0.000000, -- _1 : REAL
    "3fab173b-6d4b-4d40-8720-79b9fcf2f56a", -- _2 : UNIQUE_ID
    "00000000-0000-0000-0000-000000000000" -- _3 : UNIQUE_ID
);
INSERT INTO DIM_GE VALUES (
    0.000000, -- _0 : REAL
    0.000000, -- _1 : REAL
    "927331ad-d65e-4e2c-8275-799133855e3a", -- _2 : UNIQUE_ID
    "00000000-0000-0000-0000-000000000000" -- _3 : UNIQUE_ID
);
INSERT INTO DIM_GE VALUES (
    220.000000, -- _0 : REAL
    0.000000, -- _1 : REAL
    "f2670865-7f19-4ae7-8901-ef10a0715756", -- _2 : UNIQUE_ID
    "00000000-0000-0000-0000-000000000000" -- _3 : UNIQUE_ID
);
INSERT INTO DIM_GE VALUES (
    0.000000, -- _0 : REAL
    0.000000, -- _1 : REAL
    "f4b5fb62-5881-41fe-a7aa-362c0a83fbaf", -- _2 : UNIQUE_ID
    "00000000-0000-0000-0000-000000000000" -- _3 : UNIQUE_ID
);
INSERT INTO DIM_GE VALUES (
    324.000000, -- _0 : REAL
    12.000000, -- _1 : REAL
    "e43671e1-17ed-4f7e-8d09-750416b4fc30", -- _2 : UNIQUE_ID
    "00000000-0000-0000-0000-000000000000" -- _3 : UNIQUE_ID
);
INSERT INTO DIM_GE VALUES (
    0.000000, -- _0 : REAL
    0.000000, -- _1 : REAL
    "e0078476-c9af-443d-a1ed-8e1dbda2db02", -- _2 : UNIQUE_ID
    "00000000-0000-0000-0000-000000000000" -- _3 : UNIQUE_ID
);
INSERT INTO DIM_GE VALUES (
    230.000000, -- _0 : REAL
    70.000000, -- _1 : REAL
    "d00d3a6b-a2cb-4ddd-b4c9-6a9646574955", -- _2 : UNIQUE_ID
    "00000000-0000-0000-0000-000000000000" -- _3 : UNIQUE_ID
);
INSERT INTO DIM_GE VALUES (
    0.000000, -- _0 : REAL
    0.000000, -- _1 : REAL
    "c0df5eaf-b872-434c-becc-ca967e6b1904", -- _2 : UNIQUE_ID
    "00000000-0000-0000-0000-000000000000" -- _3 : UNIQUE_ID
);
INSERT INTO DIM_GE VALUES (
    0.000000, -- _0 : REAL
    0.000000, -- _1 : REAL
    "c36dcfd8-6128-4ea6-8ada-504c4809dfa0", -- _2 : UNIQUE_ID
    "00000000-0000-0000-0000-000000000000" -- _3 : UNIQUE_ID
);
INSERT INTO DIM_GE VALUES (
    0.000000, -- _0 : REAL
    0.000000, -- _1 : REAL
    "05a543af-158d-4997-9c9c-bec7fa4d291e", -- _2 : UNIQUE_ID
    "00000000-0000-0000-0000-000000000000" -- _3 : UNIQUE_ID
);
INSERT INTO DIM_GE VALUES (
    0.000000, -- _0 : REAL
    0.000000, -- _1 : REAL
    "ddbbf476-c012-4a7d-8957-bfd38ac54f49", -- _2 : UNIQUE_ID
    "00000000-0000-0000-0000-000000000000" -- _3 : UNIQUE_ID
);
INSERT INTO DIM_GE VALUES (
    0.000000, -- _0 : REAL
    0.000000, -- _1 : REAL
    "0e9736d0-d72a-470e-8ca5-0d2c582bd89d", -- _2 : UNIQUE_ID
    "00000000-0000-0000-0000-000000000000" -- _3 : UNIQUE_ID
);
INSERT INTO DIM_GE VALUES (
    0.000000, -- _0 : REAL
    0.000000, -- _1 : REAL
    "af72b298-1502-421a-be6e-ebe5e49632e0", -- _2 : UNIQUE_ID
    "00000000-0000-0000-0000-000000000000" -- _3 : UNIQUE_ID
);
INSERT INTO DIM_GE VALUES (
    0.000000, -- _0 : REAL
    0.000000, -- _1 : REAL
    "e857f929-02d5-44f6-8679-6e70b8701630", -- _2 : UNIQUE_ID
    "00000000-0000-0000-0000-000000000000" -- _3 : UNIQUE_ID
);
INSERT INTO DIM_GE VALUES (
    220.000000, -- _0 : REAL
    0.000000, -- _1 : REAL
    "d2933db6-72d7-4253-adc3-e5a69abc3c05", -- _2 : UNIQUE_ID
    "00000000-0000-0000-0000-000000000000" -- _3 : UNIQUE_ID
);
INSERT INTO DIM_GE VALUES (
    48.000000, -- _0 : REAL
    168.000000, -- _1 : REAL
    "134bed7f-9f2e-44f4-913b-204118a0be8b", -- _2 : UNIQUE_ID
    "00000000-0000-0000-0000-000000000000" -- _3 : UNIQUE_ID
);
INSERT INTO DIM_GE VALUES (
    384.000000, -- _0 : REAL
    156.000000, -- _1 : REAL
    "932f87b9-20a5-4b4d-96e8-213a7dec3803", -- _2 : UNIQUE_ID
    "00000000-0000-0000-0000-000000000000" -- _3 : UNIQUE_ID
);
INSERT INTO DIM_GE VALUES (
    0.000000, -- _0 : REAL
    0.000000, -- _1 : REAL
    "67d02c35-5d3b-4aaa-a7f7-7cf58422883a", -- _2 : UNIQUE_ID
    "00000000-0000-0000-0000-000000000000" -- _3 : UNIQUE_ID
);
INSERT INTO DIM_GE VALUES (
    278.500000, -- _0 : REAL
    166.000000, -- _1 : REAL
    "d0dc885a-3991-4501-851a-57132c0b1e99", -- _2 : UNIQUE_ID
    "00000000-0000-0000-0000-000000000000" -- _3 : UNIQUE_ID
);
INSERT INTO DIM_GE VALUES (
    0.000000, -- _0 : REAL
    0.000000, -- _1 : REAL
    "7418caeb-450c-450b-980a-38e3938b0f80", -- _2 : UNIQUE_ID
    "00000000-0000-0000-0000-000000000000" -- _3 : UNIQUE_ID
);
INSERT INTO DIM_GE VALUES (
    0.000000, -- _0 : REAL
    0.000000, -- _1 : REAL
    "518eea7b-9453-4dc8-aa01-60c0145f390f", -- _2 : UNIQUE_ID
    "00000000-0000-0000-0000-000000000000" -- _3 : UNIQUE_ID
);
INSERT INTO DIM_GE VALUES (
    0.000000, -- _0 : REAL
    0.000000, -- _1 : REAL
    "44e521af-1f7d-40e6-b15d-96b0001a37ce", -- _2 : UNIQUE_ID
    "00000000-0000-0000-0000-000000000000" -- _3 : UNIQUE_ID
);
INSERT INTO DIM_GE VALUES (
    242.000000, -- _0 : REAL
    313.000000, -- _1 : REAL
    "35c6a079-c97e-4005-99fa-0c934e2b860b", -- _2 : UNIQUE_ID
    "00000000-0000-0000-0000-000000000000" -- _3 : UNIQUE_ID
);
INSERT INTO DIM_GE VALUES (
    0.000000, -- _0 : REAL
    0.000000, -- _1 : REAL
    "cbaea48f-0acd-464d-9cfd-48a0d74c459e", -- _2 : UNIQUE_ID
    "00000000-0000-0000-0000-000000000000" -- _3 : UNIQUE_ID
);
INSERT INTO DIM_GE VALUES (
    0.000000, -- _0 : REAL
    0.000000, -- _1 : REAL
    "fee6c47e-1bcc-473e-953a-a72c867910a0", -- _2 : UNIQUE_ID
    "00000000-0000-0000-0000-000000000000" -- _3 : UNIQUE_ID
);
INSERT INTO DIM_GE VALUES (
    0.000000, -- _0 : REAL
    0.000000, -- _1 : REAL
    "3da66cb9-7209-447a-9e18-8f2183f56089", -- _2 : UNIQUE_ID
    "00000000-0000-0000-0000-000000000000" -- _3 : UNIQUE_ID
);
INSERT INTO DIM_GE VALUES (
    347.000000, -- _0 : REAL
    166.000000, -- _1 : REAL
    "dafc605e-739f-4906-8dee-2e6ff3645803", -- _2 : UNIQUE_ID
    "00000000-0000-0000-0000-000000000000" -- _3 : UNIQUE_ID
);
INSERT INTO DIM_GE VALUES (
    0.000000, -- _0 : REAL
    0.000000, -- _1 : REAL
    "07cd5e17-270e-4101-9538-94ce52e9da40", -- _2 : UNIQUE_ID
    "00000000-0000-0000-0000-000000000000" -- _3 : UNIQUE_ID
);
INSERT INTO DIM_GE VALUES (
    0.000000, -- _0 : REAL
    0.000000, -- _1 : REAL
    "59b32b05-a687-4de3-9389-922141c09d4b", -- _2 : UNIQUE_ID
    "00000000-0000-0000-0000-000000000000" -- _3 : UNIQUE_ID
);
INSERT INTO DIM_GE VALUES (
    0.000000, -- _0 : REAL
    0.000000, -- _1 : REAL
    "3d470efd-ac36-442e-a8b0-b93937857889", -- _2 : UNIQUE_ID
    "00000000-0000-0000-0000-000000000000" -- _3 : UNIQUE_ID
);
INSERT INTO DIM_GE VALUES (
    314.000000, -- _0 : REAL
    333.000000, -- _1 : REAL
    "6c78fba5-d4e5-4501-b384-f01652b0e628", -- _2 : UNIQUE_ID
    "00000000-0000-0000-0000-000000000000" -- _3 : UNIQUE_ID
);
INSERT INTO DIM_GE VALUES (
    0.000000, -- _0 : REAL
    0.000000, -- _1 : REAL
    "f0d01012-ec7a-4e6f-aa59-033bd96107fa", -- _2 : UNIQUE_ID
    "00000000-0000-0000-0000-000000000000" -- _3 : UNIQUE_ID
);
INSERT INTO DIM_GE VALUES (
    0.000000, -- _0 : REAL
    0.000000, -- _1 : REAL
    "c6ec4811-f2cd-474d-9bf4-b822a724e7cd", -- _2 : UNIQUE_ID
    "00000000-0000-0000-0000-000000000000" -- _3 : UNIQUE_ID
);
INSERT INTO DIM_ELE VALUES (
    "47e73ee7-a7e4-4834-ab20-8dbe8067b245", -- _0 : UNIQUE_ID
    0, -- _1 : INTEGER
    "00000000-0000-0000-0000-000000000000" -- _2 : UNIQUE_ID
);
INSERT INTO DIM_ELE VALUES (
    "2a79e99f-8d48-4840-a9af-963c816e64cf", -- _0 : UNIQUE_ID
    0, -- _1 : INTEGER
    "00000000-0000-0000-0000-000000000000" -- _2 : UNIQUE_ID
);
INSERT INTO DIM_ELE VALUES (
    "b338d10f-5ead-401b-a7be-1593614ec0df", -- _0 : UNIQUE_ID
    0, -- _1 : INTEGER
    "00000000-0000-0000-0000-000000000000" -- _2 : UNIQUE_ID
);
INSERT INTO DIM_ELE VALUES (
    "0f471f9f-a938-4191-a624-af30b406b49a", -- _0 : UNIQUE_ID
    0, -- _1 : INTEGER
    "00000000-0000-0000-0000-000000000000" -- _2 : UNIQUE_ID
);
INSERT INTO DIM_ELE VALUES (
    "9bbac918-642f-4bf0-9460-5e8fcaed8580", -- _0 : UNIQUE_ID
    0, -- _1 : INTEGER
    "00000000-0000-0000-0000-000000000000" -- _2 : UNIQUE_ID
);
INSERT INTO DIM_ELE VALUES (
    "99f0c301-009f-4de1-8719-28c038e63959", -- _0 : UNIQUE_ID
    0, -- _1 : INTEGER
    "00000000-0000-0000-0000-000000000000" -- _2 : UNIQUE_ID
);
INSERT INTO DIM_ELE VALUES (
    "6d2f1dfa-1460-4d30-9c6d-27930f9432d6", -- _0 : UNIQUE_ID
    0, -- _1 : INTEGER
    "00000000-0000-0000-0000-000000000000" -- _2 : UNIQUE_ID
);
INSERT INTO DIM_ELE VALUES (
    "aa81864f-4650-4fac-a858-94602d7f45e1", -- _0 : UNIQUE_ID
    0, -- _1 : INTEGER
    "00000000-0000-0000-0000-000000000000" -- _2 : UNIQUE_ID
);
INSERT INTO DIM_ELE VALUES (
    "cd19f362-e320-4e99-9086-14abdeed993e", -- _0 : UNIQUE_ID
    0, -- _1 : INTEGER
    "00000000-0000-0000-0000-000000000000" -- _2 : UNIQUE_ID
);
INSERT INTO DIM_ELE VALUES (
    "f5739c23-9126-43ad-9a1b-0f37c7e1dd94", -- _0 : UNIQUE_ID
    0, -- _1 : INTEGER
    "00000000-0000-0000-0000-000000000000" -- _2 : UNIQUE_ID
);
INSERT INTO DIM_ELE VALUES (
    "590f870e-b7ca-46f8-8500-ea6abcbb3010", -- _0 : UNIQUE_ID
    0, -- _1 : INTEGER
    "00000000-0000-0000-0000-000000000000" -- _2 : UNIQUE_ID
);
INSERT INTO DIM_ELE VALUES (
    "86402be8-bb4b-4376-a115-e699b0a52f11", -- _0 : UNIQUE_ID
    0, -- _1 : INTEGER
    "00000000-0000-0000-0000-000000000000" -- _2 : UNIQUE_ID
);
INSERT INTO DIM_ELE VALUES (
    "29676bb3-3870-4ca6-9e12-5289bcd5ae93", -- _0 : UNIQUE_ID
    0, -- _1 : INTEGER
    "00000000-0000-0000-0000-000000000000" -- _2 : UNIQUE_ID
);
INSERT INTO DIM_ELE VALUES (
    "b7208601-6c1d-4a70-9874-af630427b85c", -- _0 : UNIQUE_ID
    0, -- _1 : INTEGER
    "00000000-0000-0000-0000-000000000000" -- _2 : UNIQUE_ID
);
INSERT INTO DIM_ELE VALUES (
    "0678b600-c188-44ff-bd5c-2eed9d04af1f", -- _0 : UNIQUE_ID
    0, -- _1 : INTEGER
    "00000000-0000-0000-0000-000000000000" -- _2 : UNIQUE_ID
);
INSERT INTO DIM_ELE VALUES (
    "93180894-1220-41bb-aed2-a6518901bcc3", -- _0 : UNIQUE_ID
    0, -- _1 : INTEGER
    "00000000-0000-0000-0000-000000000000" -- _2 : UNIQUE_ID
);
INSERT INTO DIM_ELE VALUES (
    "19f14286-e8cd-4b2b-bcbb-e463158aeac4", -- _0 : UNIQUE_ID
    0, -- _1 : INTEGER
    "00000000-0000-0000-0000-000000000000" -- _2 : UNIQUE_ID
);
INSERT INTO DIM_ELE VALUES (
    "583313b2-37e6-4d57-a74f-cf74a3356c2a", -- _0 : UNIQUE_ID
    0, -- _1 : INTEGER
    "00000000-0000-0000-0000-000000000000" -- _2 : UNIQUE_ID
);
INSERT INTO DIM_ELE VALUES (
    "26ab6a35-97f1-49d5-ae78-5b9e619b0c16", -- _0 : UNIQUE_ID
    0, -- _1 : INTEGER
    "00000000-0000-0000-0000-000000000000" -- _2 : UNIQUE_ID
);
INSERT INTO DIM_ELE VALUES (
    "909ab02b-31c7-429f-b99a-d940860bd6d2", -- _0 : UNIQUE_ID
    0, -- _1 : INTEGER
    "26ab6a35-97f1-49d5-ae78-5b9e619b0c16" -- _2 : UNIQUE_ID
);
INSERT INTO DIM_ELE VALUES (
    "dd27e626-43d7-4efd-a5c2-8d0834432a8c", -- _0 : UNIQUE_ID
    0, -- _1 : INTEGER
    "00000000-0000-0000-0000-000000000000" -- _2 : UNIQUE_ID
);
INSERT INTO DIM_ELE VALUES (
    "5d418687-f480-4153-b7b2-76bb769b9fc0", -- _0 : UNIQUE_ID
    0, -- _1 : INTEGER
    "00000000-0000-0000-0000-000000000000" -- _2 : UNIQUE_ID
);
INSERT INTO DIM_ELE VALUES (
    "efaa4664-7a69-4f7b-83fc-13965abcd008", -- _0 : UNIQUE_ID
    0, -- _1 : INTEGER
    "00000000-0000-0000-0000-000000000000" -- _2 : UNIQUE_ID
);
INSERT INTO DIM_ELE VALUES (
    "b982d6cf-9550-416f-8b35-312dcfff4b27", -- _0 : UNIQUE_ID
    0, -- _1 : INTEGER
    "00000000-0000-0000-0000-000000000000" -- _2 : UNIQUE_ID
);
INSERT INTO DIM_ELE VALUES (
    "49ba329d-48fc-4448-b581-5ed8e556314c", -- _0 : UNIQUE_ID
    0, -- _1 : INTEGER
    "00000000-0000-0000-0000-000000000000" -- _2 : UNIQUE_ID
);
INSERT INTO DIM_ELE VALUES (
    "c771f046-6aea-40dd-a72a-44bcadd7c96d", -- _0 : UNIQUE_ID
    0, -- _1 : INTEGER
    "00000000-0000-0000-0000-000000000000" -- _2 : UNIQUE_ID
);
INSERT INTO DIM_ELE VALUES (
    "b301b090-a737-4b41-ac7a-6fde756fe687", -- _0 : UNIQUE_ID
    0, -- _1 : INTEGER
    "00000000-0000-0000-0000-000000000000" -- _2 : UNIQUE_ID
);
INSERT INTO DIM_ELE VALUES (
    "eef2d986-d98e-43f4-8d78-347a6ab9fb65", -- _0 : UNIQUE_ID
    0, -- _1 : INTEGER
    "00000000-0000-0000-0000-000000000000" -- _2 : UNIQUE_ID
);
INSERT INTO DIM_ELE VALUES (
    "ed420ffb-23fe-4148-864b-a72d054bd0af", -- _0 : UNIQUE_ID
    0, -- _1 : INTEGER
    "00000000-0000-0000-0000-000000000000" -- _2 : UNIQUE_ID
);
INSERT INTO DIM_ELE VALUES (
    "5d553595-76d6-4918-8385-fe5309e37506", -- _0 : UNIQUE_ID
    0, -- _1 : INTEGER
    "00000000-0000-0000-0000-000000000000" -- _2 : UNIQUE_ID
);
INSERT INTO DIM_ELE VALUES (
    "924ef2e0-63ae-4889-bd03-1f3ab5f269a9", -- _0 : UNIQUE_ID
    0, -- _1 : INTEGER
    "00000000-0000-0000-0000-000000000000" -- _2 : UNIQUE_ID
);
INSERT INTO DIM_ELE VALUES (
    "98bf573f-5d3d-43b3-8021-9d59c2471364", -- _0 : UNIQUE_ID
    0, -- _1 : INTEGER
    "00000000-0000-0000-0000-000000000000" -- _2 : UNIQUE_ID
);
INSERT INTO DIM_ELE VALUES (
    "95a95aab-9976-44c9-a55e-762fa9f7fe78", -- _0 : UNIQUE_ID
    0, -- _1 : INTEGER
    "00000000-0000-0000-0000-000000000000" -- _2 : UNIQUE_ID
);
INSERT INTO DIM_ELE VALUES (
    "429b5da6-d9b0-40ff-bc17-fab31aa149cb", -- _0 : UNIQUE_ID
    0, -- _1 : INTEGER
    "00000000-0000-0000-0000-000000000000" -- _2 : UNIQUE_ID
);
INSERT INTO DIM_ELE VALUES (
    "eaa17e4e-c479-4b52-81f5-53d8d2fe4c57", -- _0 : UNIQUE_ID
    0, -- _1 : INTEGER
    "00000000-0000-0000-0000-000000000000" -- _2 : UNIQUE_ID
);
INSERT INTO DIM_ELE VALUES (
    "e707c753-6c3b-4600-92de-6475c8316a4d", -- _0 : UNIQUE_ID
    0, -- _1 : INTEGER
    "00000000-0000-0000-0000-000000000000" -- _2 : UNIQUE_ID
);
INSERT INTO DIM_ELE VALUES (
    "7c530bf0-0935-49b9-ad51-93882d019761", -- _0 : UNIQUE_ID
    0, -- _1 : INTEGER
    "00000000-0000-0000-0000-000000000000" -- _2 : UNIQUE_ID
);
INSERT INTO DIM_ELE VALUES (
    "d890c106-1ebd-46a5-9b07-d3dfbbd206c1", -- _0 : UNIQUE_ID
    0, -- _1 : INTEGER
    "00000000-0000-0000-0000-000000000000" -- _2 : UNIQUE_ID
);
INSERT INTO DIM_ELE VALUES (
    "cf58e3d4-607b-4455-bbc6-581ae83dc061", -- _0 : UNIQUE_ID
    0, -- _1 : INTEGER
    "00000000-0000-0000-0000-000000000000" -- _2 : UNIQUE_ID
);
INSERT INTO DIM_ELE VALUES (
    "1335cd03-252a-4507-9273-cf9361a1d99c", -- _0 : UNIQUE_ID
    0, -- _1 : INTEGER
    "00000000-0000-0000-0000-000000000000" -- _2 : UNIQUE_ID
);
INSERT INTO DIM_ELE VALUES (
    "118bf261-5b2d-4668-bccf-01457bb88714", -- _0 : UNIQUE_ID
    0, -- _1 : INTEGER
    "00000000-0000-0000-0000-000000000000" -- _2 : UNIQUE_ID
);
INSERT INTO DIM_ELE VALUES (
    "87d1457e-ea08-4dd7-9f8f-8074e306be0e", -- _0 : UNIQUE_ID
    0, -- _1 : INTEGER
    "00000000-0000-0000-0000-000000000000" -- _2 : UNIQUE_ID
);
INSERT INTO DIM_ELE VALUES (
    "a276896b-8979-4add-be71-6130e04fce25", -- _0 : UNIQUE_ID
    0, -- _1 : INTEGER
    "00000000-0000-0000-0000-000000000000" -- _2 : UNIQUE_ID
);
INSERT INTO DIM_ELE VALUES (
    "b0cb0ed3-0530-4d12-bb62-fccec4b38196", -- _0 : UNIQUE_ID
    0, -- _1 : INTEGER
    "00000000-0000-0000-0000-000000000000" -- _2 : UNIQUE_ID
);
INSERT INTO DIM_ELE VALUES (
    "9945f51d-3d88-4ade-a531-f152940108f3", -- _0 : UNIQUE_ID
    0, -- _1 : INTEGER
    "00000000-0000-0000-0000-000000000000" -- _2 : UNIQUE_ID
);
INSERT INTO DIM_ELE VALUES (
    "4585b39b-abbe-44e8-867c-eb45e6495890", -- _0 : UNIQUE_ID
    0, -- _1 : INTEGER
    "00000000-0000-0000-0000-000000000000" -- _2 : UNIQUE_ID
);
INSERT INTO DIM_ELE VALUES (
    "796b3c1c-50e3-4734-bf1c-d72366346c62", -- _0 : UNIQUE_ID
    0, -- _1 : INTEGER
    "00000000-0000-0000-0000-000000000000" -- _2 : UNIQUE_ID
);
INSERT INTO DIM_ELE VALUES (
    "82f927e5-d856-477b-a9a9-a4c205588290", -- _0 : UNIQUE_ID
    0, -- _1 : INTEGER
    "00000000-0000-0000-0000-000000000000" -- _2 : UNIQUE_ID
);
INSERT INTO DIM_ELE VALUES (
    "1f5f65a6-c24d-40aa-80fd-39d5301dd3bd", -- _0 : UNIQUE_ID
    0, -- _1 : INTEGER
    "00000000-0000-0000-0000-000000000000" -- _2 : UNIQUE_ID
);
INSERT INTO DIM_ELE VALUES (
    "cfd10ad6-45b0-4e4d-af1f-c8bdc131d90e", -- _0 : UNIQUE_ID
    0, -- _1 : INTEGER
    "00000000-0000-0000-0000-000000000000" -- _2 : UNIQUE_ID
);
INSERT INTO DIM_ELE VALUES (
    "bf66a508-00d9-466a-91f0-95737376e08f", -- _0 : UNIQUE_ID
    0, -- _1 : INTEGER
    "00000000-0000-0000-0000-000000000000" -- _2 : UNIQUE_ID
);
INSERT INTO DIM_ELE VALUES (
    "c2e8561a-8e2d-41ee-a73e-6f565b62290b", -- _0 : UNIQUE_ID
    0, -- _1 : INTEGER
    "00000000-0000-0000-0000-000000000000" -- _2 : UNIQUE_ID
);
INSERT INTO DIM_ELE VALUES (
    "b648b84a-32e8-4279-9858-0dc6ec686583", -- _0 : UNIQUE_ID
    0, -- _1 : INTEGER
    "00000000-0000-0000-0000-000000000000" -- _2 : UNIQUE_ID
);
INSERT INTO DIM_ELE VALUES (
    "e6fee1e0-a014-45be-a971-b8fce6b8e617", -- _0 : UNIQUE_ID
    0, -- _1 : INTEGER
    "00000000-0000-0000-0000-000000000000" -- _2 : UNIQUE_ID
);
INSERT INTO DIM_ELE VALUES (
    "cf35bf35-6a1d-4d59-a19f-a8e6817bb0b0", -- _0 : UNIQUE_ID
    0, -- _1 : INTEGER
    "00000000-0000-0000-0000-000000000000" -- _2 : UNIQUE_ID
);
INSERT INTO DIM_ELE VALUES (
    "b051cd06-a892-4260-b56f-d7483165459d", -- _0 : UNIQUE_ID
    0, -- _1 : INTEGER
    "00000000-0000-0000-0000-000000000000" -- _2 : UNIQUE_ID
);
INSERT INTO DIM_ELE VALUES (
    "797d9d41-d43c-4382-8a83-601dcc7577e7", -- _0 : UNIQUE_ID
    0, -- _1 : INTEGER
    "00000000-0000-0000-0000-000000000000" -- _2 : UNIQUE_ID
);
INSERT INTO DIM_ELE VALUES (
    "048405c9-f712-4fb4-8420-cf986740d5cf", -- _0 : UNIQUE_ID
    0, -- _1 : INTEGER
    "00000000-0000-0000-0000-000000000000" -- _2 : UNIQUE_ID
);
INSERT INTO DIM_ELE VALUES (
    "e90fc8b5-f18e-4fa1-82b9-8a8fabc3a6b4", -- _0 : UNIQUE_ID
    0, -- _1 : INTEGER
    "00000000-0000-0000-0000-000000000000" -- _2 : UNIQUE_ID
);
INSERT INTO DIM_ELE VALUES (
    "b8177d29-0d6d-4acd-954c-9d30954abbc2", -- _0 : UNIQUE_ID
    0, -- _1 : INTEGER
    "00000000-0000-0000-0000-000000000000" -- _2 : UNIQUE_ID
);
INSERT INTO DIM_ELE VALUES (
    "01eaa8dd-924c-4fc5-ba3e-0fb5817a847b", -- _0 : UNIQUE_ID
    0, -- _1 : INTEGER
    "00000000-0000-0000-0000-000000000000" -- _2 : UNIQUE_ID
);
INSERT INTO DIM_ELE VALUES (
    "e7e2b0db-e35e-4038-9609-36740a5aacaa", -- _0 : UNIQUE_ID
    0, -- _1 : INTEGER
    "00000000-0000-0000-0000-000000000000" -- _2 : UNIQUE_ID
);
INSERT INTO DIM_ELE VALUES (
    "8b430619-8784-4ebc-a23f-2d50bf6e54f0", -- _0 : UNIQUE_ID
    0, -- _1 : INTEGER
    "00000000-0000-0000-0000-000000000000" -- _2 : UNIQUE_ID
);
INSERT INTO DIM_ELE VALUES (
    "5c2c5257-576a-49d9-9bc0-700715eb78df", -- _0 : UNIQUE_ID
    0, -- _1 : INTEGER
    "00000000-0000-0000-0000-000000000000" -- _2 : UNIQUE_ID
);
INSERT INTO DIM_ELE VALUES (
    "0d4e1033-4b56-4dcc-89e6-7176e60024e6", -- _0 : UNIQUE_ID
    0, -- _1 : INTEGER
    "00000000-0000-0000-0000-000000000000" -- _2 : UNIQUE_ID
);
INSERT INTO DIM_ELE VALUES (
    "404d6db3-55b9-4b2a-afed-9a866a1fe88a", -- _0 : UNIQUE_ID
    0, -- _1 : INTEGER
    "00000000-0000-0000-0000-000000000000" -- _2 : UNIQUE_ID
);
INSERT INTO DIM_ELE VALUES (
    "481090de-2d82-4709-90b1-4d9f8af13933", -- _0 : UNIQUE_ID
    0, -- _1 : INTEGER
    "00000000-0000-0000-0000-000000000000" -- _2 : UNIQUE_ID
);
INSERT INTO DIM_ELE VALUES (
    "35624f3d-75e4-44a6-bfb4-70848f42fb0e", -- _0 : UNIQUE_ID
    0, -- _1 : INTEGER
    "00000000-0000-0000-0000-000000000000" -- _2 : UNIQUE_ID
);
INSERT INTO DIM_ELE VALUES (
    "3dd7354c-7e7e-404b-ae8f-2f679cbff22f", -- _0 : UNIQUE_ID
    0, -- _1 : INTEGER
    "00000000-0000-0000-0000-000000000000" -- _2 : UNIQUE_ID
);
INSERT INTO DIM_ELE VALUES (
    "94297c8a-9ae9-4783-9eea-d4cbf8b0183c", -- _0 : UNIQUE_ID
    0, -- _1 : INTEGER
    "00000000-0000-0000-0000-000000000000" -- _2 : UNIQUE_ID
);
INSERT INTO DIM_ELE VALUES (
    "33aab688-3d68-4e5e-b400-ca45104a7ad9", -- _0 : UNIQUE_ID
    0, -- _1 : INTEGER
    "00000000-0000-0000-0000-000000000000" -- _2 : UNIQUE_ID
);
INSERT INTO DIM_ELE VALUES (
    "862bf77d-71bb-4ac4-9d40-c3efce413f53", -- _0 : UNIQUE_ID
    0, -- _1 : INTEGER
    "00000000-0000-0000-0000-000000000000" -- _2 : UNIQUE_ID
);
INSERT INTO DIM_ELE VALUES (
    "b322670e-7175-434b-b3bb-15d7968a6643", -- _0 : UNIQUE_ID
    0, -- _1 : INTEGER
    "00000000-0000-0000-0000-000000000000" -- _2 : UNIQUE_ID
);
INSERT INTO DIM_ELE VALUES (
    "35340b72-a698-43a9-950c-8ff984a45719", -- _0 : UNIQUE_ID
    0, -- _1 : INTEGER
    "00000000-0000-0000-0000-000000000000" -- _2 : UNIQUE_ID
);
INSERT INTO DIM_ELE VALUES (
    "5a08134b-a95f-4abb-aa2d-4518a032e798", -- _0 : UNIQUE_ID
    0, -- _1 : INTEGER
    "00000000-0000-0000-0000-000000000000" -- _2 : UNIQUE_ID
);
INSERT INTO DIM_ELE VALUES (
    "b104e90c-22a4-4384-ae44-fa9fd90e0427", -- _0 : UNIQUE_ID
    0, -- _1 : INTEGER
    "00000000-0000-0000-0000-000000000000" -- _2 : UNIQUE_ID
);
INSERT INTO DIM_ELE VALUES (
    "32905cb4-f5ac-4f79-b6f5-2be5d4b5281f", -- _0 : UNIQUE_ID
    0, -- _1 : INTEGER
    "00000000-0000-0000-0000-000000000000" -- _2 : UNIQUE_ID
);
INSERT INTO DIM_ELE VALUES (
    "410044bf-19d9-45a8-b93f-69d0ee61b173", -- _0 : UNIQUE_ID
    0, -- _1 : INTEGER
    "00000000-0000-0000-0000-000000000000" -- _2 : UNIQUE_ID
);
INSERT INTO DIM_ELE VALUES (
    "f84eae49-c82d-45b4-8c15-f2d7416b1878", -- _0 : UNIQUE_ID
    0, -- _1 : INTEGER
    "00000000-0000-0000-0000-000000000000" -- _2 : UNIQUE_ID
);
INSERT INTO DIM_ELE VALUES (
    "ac3dcb27-e5d2-4196-8433-696bf22cfd34", -- _0 : UNIQUE_ID
    0, -- _1 : INTEGER
    "00000000-0000-0000-0000-000000000000" -- _2 : UNIQUE_ID
);
INSERT INTO DIM_ELE VALUES (
    "017e0104-2006-4fd5-86e8-8733f99a6df3", -- _0 : UNIQUE_ID
    0, -- _1 : INTEGER
    "00000000-0000-0000-0000-000000000000" -- _2 : UNIQUE_ID
);
INSERT INTO DIM_ELE VALUES (
    "e874c26c-6d4e-4345-92aa-ee0d5de98a40", -- _0 : UNIQUE_ID
    0, -- _1 : INTEGER
    "00000000-0000-0000-0000-000000000000" -- _2 : UNIQUE_ID
);
INSERT INTO DIM_ELE VALUES (
    "d380186d-f929-412a-ab31-618037deeadb", -- _0 : UNIQUE_ID
    0, -- _1 : INTEGER
    "00000000-0000-0000-0000-000000000000" -- _2 : UNIQUE_ID
);
INSERT INTO DIM_ELE VALUES (
    "aaff5d6f-3f5b-4c4f-8957-c5f95ad86a02", -- _0 : UNIQUE_ID
    0, -- _1 : INTEGER
    "00000000-0000-0000-0000-000000000000" -- _2 : UNIQUE_ID
);
INSERT INTO DIM_ELE VALUES (
    "71135599-d679-4cec-b992-626d5c362e96", -- _0 : UNIQUE_ID
    0, -- _1 : INTEGER
    "00000000-0000-0000-0000-000000000000" -- _2 : UNIQUE_ID
);
INSERT INTO DIM_ELE VALUES (
    "d099d4cb-efe6-46d0-89e5-6b76d0ccb9af", -- _0 : UNIQUE_ID
    0, -- _1 : INTEGER
    "00000000-0000-0000-0000-000000000000" -- _2 : UNIQUE_ID
);
INSERT INTO DIM_ELE VALUES (
    "d3b69d41-c06c-476c-a656-9c208cf5c050", -- _0 : UNIQUE_ID
    0, -- _1 : INTEGER
    "00000000-0000-0000-0000-000000000000" -- _2 : UNIQUE_ID
);
INSERT INTO DIM_ELE VALUES (
    "04a60c01-a632-4726-8733-c1998fa6d90d", -- _0 : UNIQUE_ID
    0, -- _1 : INTEGER
    "00000000-0000-0000-0000-000000000000" -- _2 : UNIQUE_ID
);
INSERT INTO DIM_ELE VALUES (
    "897401ce-1bce-4680-a838-89fd51df5fb5", -- _0 : UNIQUE_ID
    0, -- _1 : INTEGER
    "00000000-0000-0000-0000-000000000000" -- _2 : UNIQUE_ID
);
INSERT INTO DIM_ELE VALUES (
    "5c92da24-1ff2-46d2-adf6-0a444633b8f8", -- _0 : UNIQUE_ID
    0, -- _1 : INTEGER
    "00000000-0000-0000-0000-000000000000" -- _2 : UNIQUE_ID
);
INSERT INTO DIM_ELE VALUES (
    "8ebe2ef0-8454-4c4b-8e63-013878e7d226", -- _0 : UNIQUE_ID
    0, -- _1 : INTEGER
    "00000000-0000-0000-0000-000000000000" -- _2 : UNIQUE_ID
);
INSERT INTO DIM_ELE VALUES (
    "b39a1cf4-4911-439c-a602-d830046b4df8", -- _0 : UNIQUE_ID
    0, -- _1 : INTEGER
    "00000000-0000-0000-0000-000000000000" -- _2 : UNIQUE_ID
);
INSERT INTO DIM_ELE VALUES (
    "a6edd8a7-4160-4c44-9cd5-5ae553ccedd6", -- _0 : UNIQUE_ID
    0, -- _1 : INTEGER
    "00000000-0000-0000-0000-000000000000" -- _2 : UNIQUE_ID
);
INSERT INTO DIM_ELE VALUES (
    "44640c39-b31a-48ac-9da0-e310cb34f5a3", -- _0 : UNIQUE_ID
    0, -- _1 : INTEGER
    "00000000-0000-0000-0000-000000000000" -- _2 : UNIQUE_ID
);
INSERT INTO DIM_ELE VALUES (
    "4a9e27b7-9637-4e8a-9f99-5de2673ec3b5", -- _0 : UNIQUE_ID
    0, -- _1 : INTEGER
    "00000000-0000-0000-0000-000000000000" -- _2 : UNIQUE_ID
);
INSERT INTO DIM_ELE VALUES (
    "f8636e34-e0c9-4833-aa0a-6b17c564d318", -- _0 : UNIQUE_ID
    0, -- _1 : INTEGER
    "00000000-0000-0000-0000-000000000000" -- _2 : UNIQUE_ID
);
INSERT INTO DIM_ELE VALUES (
    "62847330-bf4f-4033-8718-9c93994b51eb", -- _0 : UNIQUE_ID
    0, -- _1 : INTEGER
    "00000000-0000-0000-0000-000000000000" -- _2 : UNIQUE_ID
);
INSERT INTO DIM_ELE VALUES (
    "05336616-9ebb-4455-bb13-f19c9602e08e", -- _0 : UNIQUE_ID
    0, -- _1 : INTEGER
    "00000000-0000-0000-0000-000000000000" -- _2 : UNIQUE_ID
);
INSERT INTO DIM_ELE VALUES (
    "14e5c38f-75a2-4681-b900-cbcca0cda77b", -- _0 : UNIQUE_ID
    0, -- _1 : INTEGER
    "00000000-0000-0000-0000-000000000000" -- _2 : UNIQUE_ID
);
INSERT INTO DIM_ELE VALUES (
    "d926ef89-47e0-4f98-aff8-071b2216bcd4", -- _0 : UNIQUE_ID
    0, -- _1 : INTEGER
    "00000000-0000-0000-0000-000000000000" -- _2 : UNIQUE_ID
);
INSERT INTO DIM_ELE VALUES (
    "cff9cdc1-c936-4fa9-9605-b9b666fb817d", -- _0 : UNIQUE_ID
    0, -- _1 : INTEGER
    "00000000-0000-0000-0000-000000000000" -- _2 : UNIQUE_ID
);
INSERT INTO DIM_ELE VALUES (
    "5521f4ee-347d-4c94-9b96-37a126e2c4ce", -- _0 : UNIQUE_ID
    0, -- _1 : INTEGER
    "00000000-0000-0000-0000-000000000000" -- _2 : UNIQUE_ID
);
INSERT INTO DIM_ELE VALUES (
    "6c1e5192-9c31-40af-8cd9-ea55361781ea", -- _0 : UNIQUE_ID
    0, -- _1 : INTEGER
    "00000000-0000-0000-0000-000000000000" -- _2 : UNIQUE_ID
);
INSERT INTO DIM_ELE VALUES (
    "8be4ef35-d61d-4b23-942d-419089530234", -- _0 : UNIQUE_ID
    0, -- _1 : INTEGER
    "00000000-0000-0000-0000-000000000000" -- _2 : UNIQUE_ID
);
INSERT INTO DIM_ELE VALUES (
    "547058ab-5588-4204-9170-371ebcbd44f4", -- _0 : UNIQUE_ID
    0, -- _1 : INTEGER
    "00000000-0000-0000-0000-000000000000" -- _2 : UNIQUE_ID
);
INSERT INTO DIM_ELE VALUES (
    "71c66339-3e2d-4499-8f00-c89dfd4dfc8c", -- _0 : UNIQUE_ID
    0, -- _1 : INTEGER
    "00000000-0000-0000-0000-000000000000" -- _2 : UNIQUE_ID
);
INSERT INTO DIM_ELE VALUES (
    "eddfd0d8-cb75-47d8-99ce-5cdb9e99e5a1", -- _0 : UNIQUE_ID
    0, -- _1 : INTEGER
    "00000000-0000-0000-0000-000000000000" -- _2 : UNIQUE_ID
);
INSERT INTO DIM_ELE VALUES (
    "bb11508d-4888-4ca5-a0a8-c353cfcf0e3f", -- _0 : UNIQUE_ID
    0, -- _1 : INTEGER
    "eddfd0d8-cb75-47d8-99ce-5cdb9e99e5a1" -- _2 : UNIQUE_ID
);
INSERT INTO DIM_ELE VALUES (
    "8d496faf-0f8e-45af-8581-e81ee4bb69b1", -- _0 : UNIQUE_ID
    0, -- _1 : INTEGER
    "00000000-0000-0000-0000-000000000000" -- _2 : UNIQUE_ID
);
INSERT INTO DIM_ELE VALUES (
    "22e09dc6-f6a7-4be9-aecf-b6a614fd9b11", -- _0 : UNIQUE_ID
    0, -- _1 : INTEGER
    "00000000-0000-0000-0000-000000000000" -- _2 : UNIQUE_ID
);
INSERT INTO DIM_ELE VALUES (
    "2b6dbeea-9dc2-420f-9501-a507c9568a2c", -- _0 : UNIQUE_ID
    0, -- _1 : INTEGER
    "00000000-0000-0000-0000-000000000000" -- _2 : UNIQUE_ID
);
INSERT INTO DIM_ELE VALUES (
    "432cc52d-be9e-4ae8-95dc-458429c448f9", -- _0 : UNIQUE_ID
    0, -- _1 : INTEGER
    "00000000-0000-0000-0000-000000000000" -- _2 : UNIQUE_ID
);
INSERT INTO DIM_ELE VALUES (
    "14fcd5fa-a7c6-4592-8ab0-e27fc8387538", -- _0 : UNIQUE_ID
    0, -- _1 : INTEGER
    "00000000-0000-0000-0000-000000000000" -- _2 : UNIQUE_ID
);
INSERT INTO DIM_ELE VALUES (
    "d71ed80d-c4f4-4065-8366-445c65e7b89e", -- _0 : UNIQUE_ID
    0, -- _1 : INTEGER
    "00000000-0000-0000-0000-000000000000" -- _2 : UNIQUE_ID
);
INSERT INTO DIM_ELE VALUES (
    "459b9b1c-5add-4467-9a04-55760314f309", -- _0 : UNIQUE_ID
    0, -- _1 : INTEGER
    "00000000-0000-0000-0000-000000000000" -- _2 : UNIQUE_ID
);
INSERT INTO DIM_ELE VALUES (
    "3fab173b-6d4b-4d40-8720-79b9fcf2f56a", -- _0 : UNIQUE_ID
    0, -- _1 : INTEGER
    "00000000-0000-0000-0000-000000000000" -- _2 : UNIQUE_ID
);
INSERT INTO DIM_ELE VALUES (
    "927331ad-d65e-4e2c-8275-799133855e3a", -- _0 : UNIQUE_ID
    0, -- _1 : INTEGER
    "00000000-0000-0000-0000-000000000000" -- _2 : UNIQUE_ID
);
INSERT INTO DIM_ELE VALUES (
    "f2670865-7f19-4ae7-8901-ef10a0715756", -- _0 : UNIQUE_ID
    0, -- _1 : INTEGER
    "00000000-0000-0000-0000-000000000000" -- _2 : UNIQUE_ID
);
INSERT INTO DIM_ELE VALUES (
    "f4b5fb62-5881-41fe-a7aa-362c0a83fbaf", -- _0 : UNIQUE_ID
    0, -- _1 : INTEGER
    "00000000-0000-0000-0000-000000000000" -- _2 : UNIQUE_ID
);
INSERT INTO DIM_ELE VALUES (
    "e43671e1-17ed-4f7e-8d09-750416b4fc30", -- _0 : UNIQUE_ID
    0, -- _1 : INTEGER
    "00000000-0000-0000-0000-000000000000" -- _2 : UNIQUE_ID
);
INSERT INTO DIM_ELE VALUES (
    "e0078476-c9af-443d-a1ed-8e1dbda2db02", -- _0 : UNIQUE_ID
    0, -- _1 : INTEGER
    "00000000-0000-0000-0000-000000000000" -- _2 : UNIQUE_ID
);
INSERT INTO DIM_ELE VALUES (
    "d00d3a6b-a2cb-4ddd-b4c9-6a9646574955", -- _0 : UNIQUE_ID
    0, -- _1 : INTEGER
    "00000000-0000-0000-0000-000000000000" -- _2 : UNIQUE_ID
);
INSERT INTO DIM_ELE VALUES (
    "c0df5eaf-b872-434c-becc-ca967e6b1904", -- _0 : UNIQUE_ID
    0, -- _1 : INTEGER
    "00000000-0000-0000-0000-000000000000" -- _2 : UNIQUE_ID
);
INSERT INTO DIM_ELE VALUES (
    "c36dcfd8-6128-4ea6-8ada-504c4809dfa0", -- _0 : UNIQUE_ID
    0, -- _1 : INTEGER
    "00000000-0000-0000-0000-000000000000" -- _2 : UNIQUE_ID
);
INSERT INTO DIM_ELE VALUES (
    "05a543af-158d-4997-9c9c-bec7fa4d291e", -- _0 : UNIQUE_ID
    0, -- _1 : INTEGER
    "00000000-0000-0000-0000-000000000000" -- _2 : UNIQUE_ID
);
INSERT INTO DIM_ELE VALUES (
    "ddbbf476-c012-4a7d-8957-bfd38ac54f49", -- _0 : UNIQUE_ID
    0, -- _1 : INTEGER
    "00000000-0000-0000-0000-000000000000" -- _2 : UNIQUE_ID
);
INSERT INTO DIM_ELE VALUES (
    "0e9736d0-d72a-470e-8ca5-0d2c582bd89d", -- _0 : UNIQUE_ID
    0, -- _1 : INTEGER
    "00000000-0000-0000-0000-000000000000" -- _2 : UNIQUE_ID
);
INSERT INTO DIM_ELE VALUES (
    "af72b298-1502-421a-be6e-ebe5e49632e0", -- _0 : UNIQUE_ID
    0, -- _1 : INTEGER
    "00000000-0000-0000-0000-000000000000" -- _2 : UNIQUE_ID
);
INSERT INTO DIM_ELE VALUES (
    "e857f929-02d5-44f6-8679-6e70b8701630", -- _0 : UNIQUE_ID
    0, -- _1 : INTEGER
    "00000000-0000-0000-0000-000000000000" -- _2 : UNIQUE_ID
);
INSERT INTO DIM_ELE VALUES (
    "d2933db6-72d7-4253-adc3-e5a69abc3c05", -- _0 : UNIQUE_ID
    0, -- _1 : INTEGER
    "00000000-0000-0000-0000-000000000000" -- _2 : UNIQUE_ID
);
INSERT INTO DIM_ELE VALUES (
    "134bed7f-9f2e-44f4-913b-204118a0be8b", -- _0 : UNIQUE_ID
    0, -- _1 : INTEGER
    "00000000-0000-0000-0000-000000000000" -- _2 : UNIQUE_ID
);
INSERT INTO DIM_ELE VALUES (
    "932f87b9-20a5-4b4d-96e8-213a7dec3803", -- _0 : UNIQUE_ID
    0, -- _1 : INTEGER
    "00000000-0000-0000-0000-000000000000" -- _2 : UNIQUE_ID
);
INSERT INTO DIM_ELE VALUES (
    "67d02c35-5d3b-4aaa-a7f7-7cf58422883a", -- _0 : UNIQUE_ID
    0, -- _1 : INTEGER
    "00000000-0000-0000-0000-000000000000" -- _2 : UNIQUE_ID
);
INSERT INTO DIM_ELE VALUES (
    "d0dc885a-3991-4501-851a-57132c0b1e99", -- _0 : UNIQUE_ID
    0, -- _1 : INTEGER
    "00000000-0000-0000-0000-000000000000" -- _2 : UNIQUE_ID
);
INSERT INTO DIM_ELE VALUES (
    "7418caeb-450c-450b-980a-38e3938b0f80", -- _0 : UNIQUE_ID
    0, -- _1 : INTEGER
    "00000000-0000-0000-0000-000000000000" -- _2 : UNIQUE_ID
);
INSERT INTO DIM_ELE VALUES (
    "518eea7b-9453-4dc8-aa01-60c0145f390f", -- _0 : UNIQUE_ID
    0, -- _1 : INTEGER
    "00000000-0000-0000-0000-000000000000" -- _2 : UNIQUE_ID
);
INSERT INTO DIM_ELE VALUES (
    "44e521af-1f7d-40e6-b15d-96b0001a37ce", -- _0 : UNIQUE_ID
    0, -- _1 : INTEGER
    "00000000-0000-0000-0000-000000000000" -- _2 : UNIQUE_ID
);
INSERT INTO DIM_ELE VALUES (
    "35c6a079-c97e-4005-99fa-0c934e2b860b", -- _0 : UNIQUE_ID
    0, -- _1 : INTEGER
    "00000000-0000-0000-0000-000000000000" -- _2 : UNIQUE_ID
);
INSERT INTO DIM_ELE VALUES (
    "cbaea48f-0acd-464d-9cfd-48a0d74c459e", -- _0 : UNIQUE_ID
    0, -- _1 : INTEGER
    "00000000-0000-0000-0000-000000000000" -- _2 : UNIQUE_ID
);
INSERT INTO DIM_ELE VALUES (
    "fee6c47e-1bcc-473e-953a-a72c867910a0", -- _0 : UNIQUE_ID
    0, -- _1 : INTEGER
    "00000000-0000-0000-0000-000000000000" -- _2 : UNIQUE_ID
);
INSERT INTO DIM_ELE VALUES (
    "3da66cb9-7209-447a-9e18-8f2183f56089", -- _0 : UNIQUE_ID
    0, -- _1 : INTEGER
    "00000000-0000-0000-0000-000000000000" -- _2 : UNIQUE_ID
);
INSERT INTO DIM_ELE VALUES (
    "dafc605e-739f-4906-8dee-2e6ff3645803", -- _0 : UNIQUE_ID
    0, -- _1 : INTEGER
    "00000000-0000-0000-0000-000000000000" -- _2 : UNIQUE_ID
);
INSERT INTO DIM_ELE VALUES (
    "07cd5e17-270e-4101-9538-94ce52e9da40", -- _0 : UNIQUE_ID
    0, -- _1 : INTEGER
    "00000000-0000-0000-0000-000000000000" -- _2 : UNIQUE_ID
);
INSERT INTO DIM_ELE VALUES (
    "59b32b05-a687-4de3-9389-922141c09d4b", -- _0 : UNIQUE_ID
    0, -- _1 : INTEGER
    "00000000-0000-0000-0000-000000000000" -- _2 : UNIQUE_ID
);
INSERT INTO DIM_ELE VALUES (
    "3d470efd-ac36-442e-a8b0-b93937857889", -- _0 : UNIQUE_ID
    0, -- _1 : INTEGER
    "00000000-0000-0000-0000-000000000000" -- _2 : UNIQUE_ID
);
INSERT INTO DIM_ELE VALUES (
    "6c78fba5-d4e5-4501-b384-f01652b0e628", -- _0 : UNIQUE_ID
    0, -- _1 : INTEGER
    "00000000-0000-0000-0000-000000000000" -- _2 : UNIQUE_ID
);
INSERT INTO DIM_ELE VALUES (
    "f0d01012-ec7a-4e6f-aa59-033bd96107fa", -- _0 : UNIQUE_ID
    0, -- _1 : INTEGER
    "00000000-0000-0000-0000-000000000000" -- _2 : UNIQUE_ID
);
INSERT INTO DIM_ELE VALUES (
    "c6ec4811-f2cd-474d-9bf4-b822a724e7cd", -- _0 : UNIQUE_ID
    0, -- _1 : INTEGER
    "00000000-0000-0000-0000-000000000000" -- _2 : UNIQUE_ID
);
INSERT INTO DIM_DIA VALUES (
    "2f6a7c9c-29f6-4d07-bc99-3518dd2d5fa1", -- _0 : UNIQUE_ID
    '', -- _1 : STRING
    1.000000, -- _2 : REAL
    0.000000, -- _3 : REAL
    0.000000, -- _4 : REAL
    "00000000-0000-0000-0000-000000000000" -- _5 : UNIQUE_ID
);
INSERT INTO DIM_DIA VALUES (
    "c583e9a1-e3ff-44b5-9b35-322ca643e77c", -- _0 : UNIQUE_ID
    '', -- _1 : STRING
    1.000000, -- _2 : REAL
    0.000000, -- _3 : REAL
    0.000000, -- _4 : REAL
    "00000000-0000-0000-0000-000000000000" -- _5 : UNIQUE_ID
);
INSERT INTO DIM_DIA VALUES (
    "aad0165c-b18e-4b9c-a99d-445fb7a93215", -- _0 : UNIQUE_ID
    '', -- _1 : STRING
    1.000000, -- _2 : REAL
    0.000000, -- _3 : REAL
    0.000000, -- _4 : REAL
    "00000000-0000-0000-0000-000000000000" -- _5 : UNIQUE_ID
);
INSERT INTO DIM_DIA VALUES (
    "5d4f79b5-79fc-4c52-b971-fa73cdd5585e", -- _0 : UNIQUE_ID
    '', -- _1 : STRING
    1.000000, -- _2 : REAL
    0.000000, -- _3 : REAL
    0.000000, -- _4 : REAL
    "00000000-0000-0000-0000-000000000000" -- _5 : UNIQUE_ID
);
INSERT INTO DIM_DIA VALUES (
    "59c17cd3-57f0-44ba-80bc-4fd79c863941", -- _0 : UNIQUE_ID
    '', -- _1 : STRING
    1.000000, -- _2 : REAL
    0.000000, -- _3 : REAL
    0.000000, -- _4 : REAL
    "00000000-0000-0000-0000-000000000000" -- _5 : UNIQUE_ID
);
INSERT INTO DIM_DIA VALUES (
    "8458b4a8-d1ae-46e5-8dd3-03126e082c37", -- _0 : UNIQUE_ID
    '', -- _1 : STRING
    1.000000, -- _2 : REAL
    0.000000, -- _3 : REAL
    0.000000, -- _4 : REAL
    "00000000-0000-0000-0000-000000000000" -- _5 : UNIQUE_ID
);
INSERT INTO DIM_DIA VALUES (
    "ee86ddd2-4d3a-47ec-8131-c5225c1bb12b", -- _0 : UNIQUE_ID
    '', -- _1 : STRING
    1.000000, -- _2 : REAL
    0.000000, -- _3 : REAL
    0.000000, -- _4 : REAL
    "00000000-0000-0000-0000-000000000000" -- _5 : UNIQUE_ID
);
INSERT INTO DIM_DIA VALUES (
    "99029f38-611e-4958-a86d-3e9e4ee3f7fc", -- _0 : UNIQUE_ID
    '', -- _1 : STRING
    1.000000, -- _2 : REAL
    0.000000, -- _3 : REAL
    0.000000, -- _4 : REAL
    "00000000-0000-0000-0000-000000000000" -- _5 : UNIQUE_ID
);
INSERT INTO DIM_DIA VALUES (
    "704fdc3f-4d4e-4da3-b3b7-7544b6f5fab6", -- _0 : UNIQUE_ID
    '', -- _1 : STRING
    1.000000, -- _2 : REAL
    0.000000, -- _3 : REAL
    0.000000, -- _4 : REAL
    "00000000-0000-0000-0000-000000000000" -- _5 : UNIQUE_ID
);
INSERT INTO DIM_DIA VALUES (
    "d2c8956e-9205-4462-9c1a-506047c0b912", -- _0 : UNIQUE_ID
    '', -- _1 : STRING
    1.000000, -- _2 : REAL
    0.000000, -- _3 : REAL
    0.000000, -- _4 : REAL
    "00000000-0000-0000-0000-000000000000" -- _5 : UNIQUE_ID
);
INSERT INTO DIM_DIA VALUES (
    "46a50ca9-1f9d-4de6-88c7-b09ee7ee7391", -- _0 : UNIQUE_ID
    '', -- _1 : STRING
    1.000000, -- _2 : REAL
    0.000000, -- _3 : REAL
    0.000000, -- _4 : REAL
    "00000000-0000-0000-0000-000000000000" -- _5 : UNIQUE_ID
);
INSERT INTO DIM_DIA VALUES (
    "41125cbf-38a6-44de-a9ab-3fa10c459399", -- _0 : UNIQUE_ID
    '', -- _1 : STRING
    1.000000, -- _2 : REAL
    0.000000, -- _3 : REAL
    0.000000, -- _4 : REAL
    "00000000-0000-0000-0000-000000000000" -- _5 : UNIQUE_ID
);
INSERT INTO DIM_DIA VALUES (
    "d6bffb76-b36d-41e2-9be7-8aff2f37cd03", -- _0 : UNIQUE_ID
    '', -- _1 : STRING
    1.000000, -- _2 : REAL
    0.000000, -- _3 : REAL
    0.000000, -- _4 : REAL
    "00000000-0000-0000-0000-000000000000" -- _5 : UNIQUE_ID
);
INSERT INTO DIM_DIA VALUES (
    "71b186b2-dcea-423f-839e-9b6a25f3e5b2", -- _0 : UNIQUE_ID
    '', -- _1 : STRING
    1.000000, -- _2 : REAL
    0.000000, -- _3 : REAL
    0.000000, -- _4 : REAL
    "00000000-0000-0000-0000-000000000000" -- _5 : UNIQUE_ID
);
INSERT INTO DIM_DIA VALUES (
    "1a44f04b-948a-4e43-9b12-e4439172ae27", -- _0 : UNIQUE_ID
    '', -- _1 : STRING
    1.000000, -- _2 : REAL
    0.000000, -- _3 : REAL
    0.000000, -- _4 : REAL
    "00000000-0000-0000-0000-000000000000" -- _5 : UNIQUE_ID
);
INSERT INTO DIM_DIA VALUES (
    "e16f3bab-481a-46b0-8b83-4541aeed00e9", -- _0 : UNIQUE_ID
    '', -- _1 : STRING
    1.000000, -- _2 : REAL
    0.000000, -- _3 : REAL
    0.000000, -- _4 : REAL
    "00000000-0000-0000-0000-000000000000" -- _5 : UNIQUE_ID
);
INSERT INTO DIM_DIA VALUES (
    "85a10e94-9d27-4b52-b27b-c303bc3441fa", -- _0 : UNIQUE_ID
    '', -- _1 : STRING
    1.000000, -- _2 : REAL
    0.000000, -- _3 : REAL
    0.000000, -- _4 : REAL
    "00000000-0000-0000-0000-000000000000" -- _5 : UNIQUE_ID
);
INSERT INTO DIM_CON VALUES (
    "be3afbbb-9614-4348-9abe-d65a332996e2", -- _0 : UNIQUE_ID
    200.000000, -- _1 : REAL
    78.000000, -- _2 : REAL
    "f5739c23-9126-43ad-9a1b-0f37c7e1dd94" -- _3 : UNIQUE_ID
);
INSERT INTO DIM_CON VALUES (
    "0efbf7f2-e258-44cc-aac7-de6197b38c9a", -- _0 : UNIQUE_ID
    200.000000, -- _1 : REAL
    84.000000, -- _2 : REAL
    "f5739c23-9126-43ad-9a1b-0f37c7e1dd94" -- _3 : UNIQUE_ID
);
INSERT INTO DIM_CON VALUES (
    "0fb47b41-f90d-48ac-a372-a40900163b60", -- _0 : UNIQUE_ID
    143.000000, -- _1 : REAL
    150.000000, -- _2 : REAL
    "f5739c23-9126-43ad-9a1b-0f37c7e1dd94" -- _3 : UNIQUE_ID
);
INSERT INTO DIM_CON VALUES (
    "f93b1b8c-8f44-4b39-9222-6f2909c1f189", -- _0 : UNIQUE_ID
    5132.000000, -- _1 : REAL
    3502.000000, -- _2 : REAL
    "26ab6a35-97f1-49d5-ae78-5b9e619b0c16" -- _3 : UNIQUE_ID
);
INSERT INTO DIM_CON VALUES (
    "70cfb4cd-5d43-4e26-96ff-1dc7871d832a", -- _0 : UNIQUE_ID
    5132.000000, -- _1 : REAL
    3550.000000, -- _2 : REAL
    "26ab6a35-97f1-49d5-ae78-5b9e619b0c16" -- _3 : UNIQUE_ID
);
INSERT INTO DIM_CON VALUES (
    "47d98558-ece3-4afa-bbc0-db77078ee2cb", -- _0 : UNIQUE_ID
    4836.000000, -- _1 : REAL
    3900.000000, -- _2 : REAL
    "26ab6a35-97f1-49d5-ae78-5b9e619b0c16" -- _3 : UNIQUE_ID
);
INSERT INTO DIM_CON VALUES (
    "af9d47ef-196b-4646-a41c-2452d4336062", -- _0 : UNIQUE_ID
    620.000000, -- _1 : REAL
    540.000000, -- _2 : REAL
    "ed420ffb-23fe-4148-864b-a72d054bd0af" -- _3 : UNIQUE_ID
);
INSERT INTO DIM_CON VALUES (
    "5af8ab3b-a683-4c4d-92e7-4c23f3b5ea43", -- _0 : UNIQUE_ID
    512.000000, -- _1 : REAL
    468.000000, -- _2 : REAL
    "ed420ffb-23fe-4148-864b-a72d054bd0af" -- _3 : UNIQUE_ID
);
INSERT INTO DIM_CON VALUES (
    "a35a294e-514c-4819-9b5a-64f749fc5117", -- _0 : UNIQUE_ID
    864.000000, -- _1 : REAL
    540.000000, -- _2 : REAL
    "5d553595-76d6-4918-8385-fe5309e37506" -- _3 : UNIQUE_ID
);
INSERT INTO DIM_CON VALUES (
    "35198e41-63d1-41bc-bf84-255d9ff53be5", -- _0 : UNIQUE_ID
    768.000000, -- _1 : REAL
    432.000000, -- _2 : REAL
    "924ef2e0-63ae-4889-bd03-1f3ab5f269a9" -- _3 : UNIQUE_ID
);
INSERT INTO DIM_CON VALUES (
    "53353ad4-632f-4187-bd59-87db3b11c301", -- _0 : UNIQUE_ID
    768.000000, -- _1 : REAL
    468.000000, -- _2 : REAL
    "eaa17e4e-c479-4b52-81f5-53d8d2fe4c57" -- _3 : UNIQUE_ID
);
INSERT INTO DIM_CON VALUES (
    "525f9e54-f600-4316-b52c-d3370c777a77", -- _0 : UNIQUE_ID
    516.000000, -- _1 : REAL
    168.000000, -- _2 : REAL
    "1335cd03-252a-4507-9273-cf9361a1d99c" -- _3 : UNIQUE_ID
);
INSERT INTO DIM_CON VALUES (
    "63295fea-9bd6-4877-ade7-906b75159719", -- _0 : UNIQUE_ID
    288.000000, -- _1 : REAL
    168.000000, -- _2 : REAL
    "118bf261-5b2d-4668-bccf-01457bb88714" -- _3 : UNIQUE_ID
);
INSERT INTO DIM_CON VALUES (
    "4c860d83-790b-466c-8955-d0e91ca834a5", -- _0 : UNIQUE_ID
    672.000000, -- _1 : REAL
    168.000000, -- _2 : REAL
    "87d1457e-ea08-4dd7-9f8f-8074e306be0e" -- _3 : UNIQUE_ID
);
INSERT INTO DIM_CON VALUES (
    "e367b5bd-0677-431f-8870-c8b08d6a8b4e", -- _0 : UNIQUE_ID
    744.000000, -- _1 : REAL
    168.000000, -- _2 : REAL
    "87d1457e-ea08-4dd7-9f8f-8074e306be0e" -- _3 : UNIQUE_ID
);
INSERT INTO DIM_CON VALUES (
    "a2a1a7c7-b24b-4160-a6bd-fe4110be2cdf", -- _0 : UNIQUE_ID
    512.000000, -- _1 : REAL
    384.000000, -- _2 : REAL
    "a276896b-8979-4add-be71-6130e04fce25" -- _3 : UNIQUE_ID
);
INSERT INTO DIM_CON VALUES (
    "fdd29cbf-19dd-40ce-9f1a-86332558ae2d", -- _0 : UNIQUE_ID
    600.000000, -- _1 : REAL
    240.000000, -- _2 : REAL
    "a276896b-8979-4add-be71-6130e04fce25" -- _3 : UNIQUE_ID
);
INSERT INTO DIM_CON VALUES (
    "74a38f5e-00e1-4f2d-b0f6-14c878de2c55", -- _0 : UNIQUE_ID
    516.000000, -- _1 : REAL
    240.000000, -- _2 : REAL
    "a276896b-8979-4add-be71-6130e04fce25" -- _3 : UNIQUE_ID
);
INSERT INTO DIM_CON VALUES (
    "d2ba13c8-f917-48e6-8fa6-d4a70b3b5726", -- _0 : UNIQUE_ID
    384.000000, -- _1 : REAL
    432.000000, -- _2 : REAL
    "b0cb0ed3-0530-4d12-bb62-fccec4b38196" -- _3 : UNIQUE_ID
);
INSERT INTO DIM_CON VALUES (
    "6620aa68-ec06-4c64-bd41-cad026dd374b", -- _0 : UNIQUE_ID
    192.000000, -- _1 : REAL
    408.000000, -- _2 : REAL
    "b0cb0ed3-0530-4d12-bb62-fccec4b38196" -- _3 : UNIQUE_ID
);
INSERT INTO DIM_CON VALUES (
    "9ecf4aba-c138-486f-a009-6daaaeb9b7a0", -- _0 : UNIQUE_ID
    512.000000, -- _1 : REAL
    434.000000, -- _2 : REAL
    "82f927e5-d856-477b-a9a9-a4c205588290" -- _3 : UNIQUE_ID
);
INSERT INTO DIM_CON VALUES (
    "8b420346-e131-4e8a-b41c-4a35a73962a2", -- _0 : UNIQUE_ID
    72.000000, -- _1 : REAL
    408.000000, -- _2 : REAL
    "b648b84a-32e8-4279-9858-0dc6ec686583" -- _3 : UNIQUE_ID
);
INSERT INTO DIM_CON VALUES (
    "458fecf9-bd1c-4cce-b1d6-57e9a04b02fa", -- _0 : UNIQUE_ID
    516.000000, -- _1 : REAL
    192.000000, -- _2 : REAL
    "01eaa8dd-924c-4fc5-ba3e-0fb5817a847b" -- _3 : UNIQUE_ID
);
INSERT INTO DIM_CON VALUES (
    "b5bf78ed-d8d6-48d9-809c-40fe51cb203b", -- _0 : UNIQUE_ID
    516.000000, -- _1 : REAL
    192.000000, -- _2 : REAL
    "01eaa8dd-924c-4fc5-ba3e-0fb5817a847b" -- _3 : UNIQUE_ID
);
INSERT INTO DIM_CON VALUES (
    "3d745cf8-bf61-4988-af6f-c62508d020ba", -- _0 : UNIQUE_ID
    516.000000, -- _1 : REAL
    192.000000, -- _2 : REAL
    "01eaa8dd-924c-4fc5-ba3e-0fb5817a847b" -- _3 : UNIQUE_ID
);
INSERT INTO DIM_CON VALUES (
    "19f929a7-dd88-4f7c-ba28-19bafd2b2425", -- _0 : UNIQUE_ID
    4212.000000, -- _1 : REAL
    3120.000000, -- _2 : REAL
    "35340b72-a698-43a9-950c-8ff984a45719" -- _3 : UNIQUE_ID
);
INSERT INTO DIM_CON VALUES (
    "42aa71b1-4371-4f7c-88df-aecba631557e", -- _0 : UNIQUE_ID
    4212.000000, -- _1 : REAL
    3264.000000, -- _2 : REAL
    "35340b72-a698-43a9-950c-8ff984a45719" -- _3 : UNIQUE_ID
);
INSERT INTO DIM_CON VALUES (
    "1de2b6c5-d0af-4ae6-bdc9-bf1b57b46c6e", -- _0 : UNIQUE_ID
    4284.000000, -- _1 : REAL
    3264.000000, -- _2 : REAL
    "35340b72-a698-43a9-950c-8ff984a45719" -- _3 : UNIQUE_ID
);
INSERT INTO DIM_CON VALUES (
    "6eb06ea3-8162-45d3-9afb-5d960670145b", -- _0 : UNIQUE_ID
    4320.000000, -- _1 : REAL
    3180.000000, -- _2 : REAL
    "35340b72-a698-43a9-950c-8ff984a45719" -- _3 : UNIQUE_ID
);
INSERT INTO DIM_CON VALUES (
    "ef043738-074f-4816-864f-62949b53ad0c", -- _0 : UNIQUE_ID
    4284.000000, -- _1 : REAL
    3264.000000, -- _2 : REAL
    "35340b72-a698-43a9-950c-8ff984a45719" -- _3 : UNIQUE_ID
);
INSERT INTO DIM_CON VALUES (
    "7f4cba57-c58a-4bb4-a48c-eb3232ea009f", -- _0 : UNIQUE_ID
    4320.000000, -- _1 : REAL
    3180.000000, -- _2 : REAL
    "35340b72-a698-43a9-950c-8ff984a45719" -- _3 : UNIQUE_ID
);
INSERT INTO DIM_CON VALUES (
    "28509a59-fd28-40c8-b808-d2bb84edfb45", -- _0 : UNIQUE_ID
    4296.000000, -- _1 : REAL
    3264.000000, -- _2 : REAL
    "35340b72-a698-43a9-950c-8ff984a45719" -- _3 : UNIQUE_ID
);
INSERT INTO DIM_CON VALUES (
    "6ba3ed56-2fe1-4a43-acb9-8d75df3517a8", -- _0 : UNIQUE_ID
    4320.000000, -- _1 : REAL
    3204.000000, -- _2 : REAL
    "35340b72-a698-43a9-950c-8ff984a45719" -- _3 : UNIQUE_ID
);
INSERT INTO DIM_CON VALUES (
    "0fa01b5c-33c9-40a3-951d-1a6293c6b9a7", -- _0 : UNIQUE_ID
    4320.000000, -- _1 : REAL
    3228.000000, -- _2 : REAL
    "35340b72-a698-43a9-950c-8ff984a45719" -- _3 : UNIQUE_ID
);
INSERT INTO DIM_CON VALUES (
    "a027429c-22bc-4a7f-8e82-dd5381836b0f", -- _0 : UNIQUE_ID
    4320.000000, -- _1 : REAL
    3180.000000, -- _2 : REAL
    "35340b72-a698-43a9-950c-8ff984a45719" -- _3 : UNIQUE_ID
);
INSERT INTO DIM_CON VALUES (
    "98a92426-b5a3-4014-8dcb-3724f22be71c", -- _0 : UNIQUE_ID
    4212.000000, -- _1 : REAL
    3120.000000, -- _2 : REAL
    "35340b72-a698-43a9-950c-8ff984a45719" -- _3 : UNIQUE_ID
);
INSERT INTO DIM_CON VALUES (
    "4744dd43-3b4c-4ea8-80a3-ea9adb0504e0", -- _0 : UNIQUE_ID
    4212.000000, -- _1 : REAL
    3324.000000, -- _2 : REAL
    "5a08134b-a95f-4abb-aa2d-4518a032e798" -- _3 : UNIQUE_ID
);
INSERT INTO DIM_CON VALUES (
    "43e6ce0d-6cfc-44cd-9bde-30327f3977b4", -- _0 : UNIQUE_ID
    4140.000000, -- _1 : REAL
    3468.000000, -- _2 : REAL
    "5a08134b-a95f-4abb-aa2d-4518a032e798" -- _3 : UNIQUE_ID
);
INSERT INTO DIM_CON VALUES (
    "142eef99-df65-42e7-9a54-28444700bc78", -- _0 : UNIQUE_ID
    4272.000000, -- _1 : REAL
    3468.000000, -- _2 : REAL
    "5a08134b-a95f-4abb-aa2d-4518a032e798" -- _3 : UNIQUE_ID
);
INSERT INTO DIM_CON VALUES (
    "0f4d8487-6101-4816-bef9-48bd07dfc10f", -- _0 : UNIQUE_ID
    4320.000000, -- _1 : REAL
    3372.000000, -- _2 : REAL
    "5a08134b-a95f-4abb-aa2d-4518a032e798" -- _3 : UNIQUE_ID
);
INSERT INTO DIM_CON VALUES (
    "f8443e02-d7cb-4ede-8dc4-1256b7bcec7f", -- _0 : UNIQUE_ID
    4320.000000, -- _1 : REAL
    3432.000000, -- _2 : REAL
    "5a08134b-a95f-4abb-aa2d-4518a032e798" -- _3 : UNIQUE_ID
);
INSERT INTO DIM_CON VALUES (
    "ad60cf1c-6638-47c6-b8ca-f6baa6425dfd", -- _0 : UNIQUE_ID
    4140.000000, -- _1 : REAL
    3552.000000, -- _2 : REAL
    "ac3dcb27-e5d2-4196-8433-696bf22cfd34" -- _3 : UNIQUE_ID
);
INSERT INTO DIM_CON VALUES (
    "811bd23b-6aa3-4537-9a95-e171f4ff4d9f", -- _0 : UNIQUE_ID
    4272.000000, -- _1 : REAL
    3720.000000, -- _2 : REAL
    "ac3dcb27-e5d2-4196-8433-696bf22cfd34" -- _3 : UNIQUE_ID
);
INSERT INTO DIM_CON VALUES (
    "0a3f2926-a444-4764-9e49-9def1fa7cac0", -- _0 : UNIQUE_ID
    4320.000000, -- _1 : REAL
    3672.000000, -- _2 : REAL
    "ac3dcb27-e5d2-4196-8433-696bf22cfd34" -- _3 : UNIQUE_ID
);
INSERT INTO DIM_CON VALUES (
    "8106185e-1248-490e-9bad-c1889130fd9e", -- _0 : UNIQUE_ID
    4320.000000, -- _1 : REAL
    3636.000000, -- _2 : REAL
    "ac3dcb27-e5d2-4196-8433-696bf22cfd34" -- _3 : UNIQUE_ID
);
INSERT INTO DIM_CON VALUES (
    "c842853f-2432-438b-9642-990ea1f7de2e", -- _0 : UNIQUE_ID
    4176.000000, -- _1 : REAL
    3720.000000, -- _2 : REAL
    "ac3dcb27-e5d2-4196-8433-696bf22cfd34" -- _3 : UNIQUE_ID
);
INSERT INTO DIM_CON VALUES (
    "5a2df59b-340f-436c-9aee-de5376e6fe67", -- _0 : UNIQUE_ID
    4272.000000, -- _1 : REAL
    3552.000000, -- _2 : REAL
    "ac3dcb27-e5d2-4196-8433-696bf22cfd34" -- _3 : UNIQUE_ID
);
INSERT INTO DIM_CON VALUES (
    "dc74a5fd-ff9e-492a-a591-f7ec55c56474", -- _0 : UNIQUE_ID
    4464.000000, -- _1 : REAL
    3372.000000, -- _2 : REAL
    "a6edd8a7-4160-4c44-9cd5-5ae553ccedd6" -- _3 : UNIQUE_ID
);
INSERT INTO DIM_CON VALUES (
    "b4f5da56-41b1-4d4f-9325-77ee992320bf", -- _0 : UNIQUE_ID
    4464.000000, -- _1 : REAL
    3432.000000, -- _2 : REAL
    "a6edd8a7-4160-4c44-9cd5-5ae553ccedd6" -- _3 : UNIQUE_ID
);
INSERT INTO DIM_CON VALUES (
    "c700114e-95b2-4e09-a6e9-ca2acea8bca9", -- _0 : UNIQUE_ID
    4622.000000, -- _1 : REAL
    3216.000000, -- _2 : REAL
    "eddfd0d8-cb75-47d8-99ce-5cdb9e99e5a1" -- _3 : UNIQUE_ID
);
INSERT INTO DIM_CON VALUES (
    "737758d6-9562-440e-bed6-27a0ece89b08", -- _0 : UNIQUE_ID
    4506.000000, -- _1 : REAL
    3262.000000, -- _2 : REAL
    "eddfd0d8-cb75-47d8-99ce-5cdb9e99e5a1" -- _3 : UNIQUE_ID
);
INSERT INTO DIM_CON VALUES (
    "4b6eb0df-a579-480d-b351-0c9d0c36c7e4", -- _0 : UNIQUE_ID
    200.000000, -- _1 : REAL
    108.000000, -- _2 : REAL
    "f4b5fb62-5881-41fe-a7aa-362c0a83fbaf" -- _3 : UNIQUE_ID
);
INSERT INTO DIM_CON VALUES (
    "9bf5f7f2-6811-4c6b-bd19-94c721b02ef6", -- _0 : UNIQUE_ID
    155.000000, -- _1 : REAL
    150.000000, -- _2 : REAL
    "f4b5fb62-5881-41fe-a7aa-362c0a83fbaf" -- _3 : UNIQUE_ID
);
INSERT INTO DIM_CON VALUES (
    "dfb4187c-ff12-4b21-96fe-9edd90464cda", -- _0 : UNIQUE_ID
    224.000000, -- _1 : REAL
    132.000000, -- _2 : REAL
    "134bed7f-9f2e-44f4-913b-204118a0be8b" -- _3 : UNIQUE_ID
);
INSERT INTO DIM_CON VALUES (
    "03be1b2f-46d7-402f-9d2a-d35f62a40488", -- _0 : UNIQUE_ID
    224.000000, -- _1 : REAL
    84.000000, -- _2 : REAL
    "134bed7f-9f2e-44f4-913b-204118a0be8b" -- _3 : UNIQUE_ID
);
INSERT INTO DIM_CON VALUES (
    "f0e68ab5-0a41-4d8b-ae10-3aaf524b9ee4", -- _0 : UNIQUE_ID
    224.000000, -- _1 : REAL
    144.000000, -- _2 : REAL
    "134bed7f-9f2e-44f4-913b-204118a0be8b" -- _3 : UNIQUE_ID
);
INSERT INTO DIM_CON VALUES (
    "fbaa0f93-45c2-4238-916b-cd3b825fc60c", -- _0 : UNIQUE_ID
    248.000000, -- _1 : REAL
    204.000000, -- _2 : REAL
    "134bed7f-9f2e-44f4-913b-204118a0be8b" -- _3 : UNIQUE_ID
);
INSERT INTO DIM_CON VALUES (
    "242bb5a1-4c92-489b-9fd5-cab892a0db72", -- _0 : UNIQUE_ID
    248.000000, -- _1 : REAL
    288.000000, -- _2 : REAL
    "134bed7f-9f2e-44f4-913b-204118a0be8b" -- _3 : UNIQUE_ID
);
INSERT INTO DIM_CON VALUES (
    "bc862ff7-10e4-4702-89f2-8a442dc76bf2", -- _0 : UNIQUE_ID
    432.000000, -- _1 : REAL
    132.000000, -- _2 : REAL
    "932f87b9-20a5-4b4d-96e8-213a7dec3803" -- _3 : UNIQUE_ID
);
INSERT INTO DIM_CON VALUES (
    "c31521f5-d11d-484c-b7ed-9b535f7ce2b3", -- _0 : UNIQUE_ID
    360.000000, -- _1 : REAL
    84.000000, -- _2 : REAL
    "932f87b9-20a5-4b4d-96e8-213a7dec3803" -- _3 : UNIQUE_ID
);
INSERT INTO DIM_CON VALUES (
    "c88cdc16-ed5c-4ed8-8011-cd10c84e877b", -- _0 : UNIQUE_ID
    360.000000, -- _1 : REAL
    144.000000, -- _2 : REAL
    "932f87b9-20a5-4b4d-96e8-213a7dec3803" -- _3 : UNIQUE_ID
);
INSERT INTO DIM_CON VALUES (
    "47856dfa-4a9a-4d45-affc-b3b0fd19b28b", -- _0 : UNIQUE_ID
    384.000000, -- _1 : REAL
    204.000000, -- _2 : REAL
    "932f87b9-20a5-4b4d-96e8-213a7dec3803" -- _3 : UNIQUE_ID
);
INSERT INTO DIM_CON VALUES (
    "62ac4ebb-70b9-47fd-a8cf-679169af6c11", -- _0 : UNIQUE_ID
    384.000000, -- _1 : REAL
    288.000000, -- _2 : REAL
    "932f87b9-20a5-4b4d-96e8-213a7dec3803" -- _3 : UNIQUE_ID
);
INSERT INTO DIM_CON VALUES (
    "58da1b74-661a-4f40-9e7e-09fdb55a4080", -- _0 : UNIQUE_ID
    324.000000, -- _1 : REAL
    204.000000, -- _2 : REAL
    "59b32b05-a687-4de3-9389-922141c09d4b" -- _3 : UNIQUE_ID
);
INSERT INTO DIM_CON VALUES (
    "531c3603-2ecf-4ccd-a822-10a49c339bcd", -- _0 : UNIQUE_ID
    316.000000, -- _1 : REAL
    288.000000, -- _2 : REAL
    "c6ec4811-f2cd-474d-9bf4-b822a724e7cd" -- _3 : UNIQUE_ID
);
INSERT INTO GD_CON VALUES (
    "b7208601-6c1d-4a70-9874-af630427b85c", -- _0 : UNIQUE_ID
    "00000000-0000-0000-0000-000000000000" -- _1 : UNIQUE_ID
);
INSERT INTO GD_CON VALUES (
    "583313b2-37e6-4d57-a74f-cf74a3356c2a", -- _0 : UNIQUE_ID
    "00000000-0000-0000-0000-000000000000" -- _1 : UNIQUE_ID
);
INSERT INTO GD_CON VALUES (
    "b982d6cf-9550-416f-8b35-312dcfff4b27", -- _0 : UNIQUE_ID
    "00000000-0000-0000-0000-000000000000" -- _1 : UNIQUE_ID
);
INSERT INTO GD_CON VALUES (
    "eef2d986-d98e-43f4-8d78-347a6ab9fb65", -- _0 : UNIQUE_ID
    "00000000-0000-0000-0000-000000000000" -- _1 : UNIQUE_ID
);
INSERT INTO GD_CON VALUES (
    "eaa17e4e-c479-4b52-81f5-53d8d2fe4c57", -- _0 : UNIQUE_ID
    "00000000-0000-0000-0000-000000000000" -- _1 : UNIQUE_ID
);
INSERT INTO GD_CON VALUES (
    "cf58e3d4-607b-4455-bbc6-581ae83dc061", -- _0 : UNIQUE_ID
    "00000000-0000-0000-0000-000000000000" -- _1 : UNIQUE_ID
);
INSERT INTO GD_CON VALUES (
    "82f927e5-d856-477b-a9a9-a4c205588290", -- _0 : UNIQUE_ID
    "00000000-0000-0000-0000-000000000000" -- _1 : UNIQUE_ID
);
INSERT INTO GD_CON VALUES (
    "c2e8561a-8e2d-41ee-a73e-6f565b62290b", -- _0 : UNIQUE_ID
    "00000000-0000-0000-0000-000000000000" -- _1 : UNIQUE_ID
);
INSERT INTO GD_CON VALUES (
    "797d9d41-d43c-4382-8a83-601dcc7577e7", -- _0 : UNIQUE_ID
    "00000000-0000-0000-0000-000000000000" -- _1 : UNIQUE_ID
);
INSERT INTO GD_CON VALUES (
    "01eaa8dd-924c-4fc5-ba3e-0fb5817a847b", -- _0 : UNIQUE_ID
    "00000000-0000-0000-0000-000000000000" -- _1 : UNIQUE_ID
);
INSERT INTO GD_CON VALUES (
    "0d4e1033-4b56-4dcc-89e6-7176e60024e6", -- _0 : UNIQUE_ID
    "00000000-0000-0000-0000-000000000000" -- _1 : UNIQUE_ID
);
INSERT INTO GD_CON VALUES (
    "3dd7354c-7e7e-404b-ae8f-2f679cbff22f", -- _0 : UNIQUE_ID
    "00000000-0000-0000-0000-000000000000" -- _1 : UNIQUE_ID
);
INSERT INTO GD_CON VALUES (
    "b322670e-7175-434b-b3bb-15d7968a6643", -- _0 : UNIQUE_ID
    "00000000-0000-0000-0000-000000000000" -- _1 : UNIQUE_ID
);
INSERT INTO GD_CON VALUES (
    "f84eae49-c82d-45b4-8c15-f2d7416b1878", -- _0 : UNIQUE_ID
    "00000000-0000-0000-0000-000000000000" -- _1 : UNIQUE_ID
);
INSERT INTO GD_CON VALUES (
    "aaff5d6f-3f5b-4c4f-8957-c5f95ad86a02", -- _0 : UNIQUE_ID
    "00000000-0000-0000-0000-000000000000" -- _1 : UNIQUE_ID
);
INSERT INTO GD_CON VALUES (
    "04a60c01-a632-4726-8733-c1998fa6d90d", -- _0 : UNIQUE_ID
    "00000000-0000-0000-0000-000000000000" -- _1 : UNIQUE_ID
);
INSERT INTO GD_CON VALUES (
    "b39a1cf4-4911-439c-a602-d830046b4df8", -- _0 : UNIQUE_ID
    "00000000-0000-0000-0000-000000000000" -- _1 : UNIQUE_ID
);
INSERT INTO GD_CON VALUES (
    "62847330-bf4f-4033-8718-9c93994b51eb", -- _0 : UNIQUE_ID
    "00000000-0000-0000-0000-000000000000" -- _1 : UNIQUE_ID
);
INSERT INTO GD_CON VALUES (
    "cff9cdc1-c936-4fa9-9605-b9b666fb817d", -- _0 : UNIQUE_ID
    "00000000-0000-0000-0000-000000000000" -- _1 : UNIQUE_ID
);
INSERT INTO GD_CON VALUES (
    "547058ab-5588-4204-9170-371ebcbd44f4", -- _0 : UNIQUE_ID
    "00000000-0000-0000-0000-000000000000" -- _1 : UNIQUE_ID
);
INSERT INTO GD_CON VALUES (
    "432cc52d-be9e-4ae8-95dc-458429c448f9", -- _0 : UNIQUE_ID
    "00000000-0000-0000-0000-000000000000" -- _1 : UNIQUE_ID
);
INSERT INTO GD_CON VALUES (
    "3fab173b-6d4b-4d40-8720-79b9fcf2f56a", -- _0 : UNIQUE_ID
    "00000000-0000-0000-0000-000000000000" -- _1 : UNIQUE_ID
);
INSERT INTO GD_CON VALUES (
    "c36dcfd8-6128-4ea6-8ada-504c4809dfa0", -- _0 : UNIQUE_ID
    "00000000-0000-0000-0000-000000000000" -- _1 : UNIQUE_ID
);
INSERT INTO GD_CON VALUES (
    "af72b298-1502-421a-be6e-ebe5e49632e0", -- _0 : UNIQUE_ID
    "00000000-0000-0000-0000-000000000000" -- _1 : UNIQUE_ID
);
INSERT INTO GD_CON VALUES (
    "518eea7b-9453-4dc8-aa01-60c0145f390f", -- _0 : UNIQUE_ID
    "00000000-0000-0000-0000-000000000000" -- _1 : UNIQUE_ID
);
INSERT INTO GD_CON VALUES (
    "fee6c47e-1bcc-473e-953a-a72c867910a0", -- _0 : UNIQUE_ID
    "00000000-0000-0000-0000-000000000000" -- _1 : UNIQUE_ID
);
INSERT INTO GD_CON VALUES (
    "59b32b05-a687-4de3-9389-922141c09d4b", -- _0 : UNIQUE_ID
    "00000000-0000-0000-0000-000000000000" -- _1 : UNIQUE_ID
);
INSERT INTO GD_CON VALUES (
    "c6ec4811-f2cd-474d-9bf4-b822a724e7cd", -- _0 : UNIQUE_ID
    "00000000-0000-0000-0000-000000000000" -- _1 : UNIQUE_ID
);
INSERT INTO GD_CTXT VALUES (
    "590f870e-b7ca-46f8-8500-ea6abcbb3010", -- _0 : UNIQUE_ID
    "b7208601-6c1d-4a70-9874-af630427b85c", -- _1 : UNIQUE_ID
    0, -- _2 : INTEGER
    0.000000, -- _3 : REAL
    0.000000 -- _4 : REAL
);
INSERT INTO GD_CTXT VALUES (
    "86402be8-bb4b-4376-a115-e699b0a52f11", -- _0 : UNIQUE_ID
    "b7208601-6c1d-4a70-9874-af630427b85c", -- _1 : UNIQUE_ID
    2, -- _2 : INTEGER
    0.000000, -- _3 : REAL
    0.000000 -- _4 : REAL
);
INSERT INTO GD_CTXT VALUES (
    "29676bb3-3870-4ca6-9e12-5289bcd5ae93", -- _0 : UNIQUE_ID
    "b7208601-6c1d-4a70-9874-af630427b85c", -- _1 : UNIQUE_ID
    1, -- _2 : INTEGER
    0.000000, -- _3 : REAL
    0.000000 -- _4 : REAL
);
INSERT INTO GD_CTXT VALUES (
    "0678b600-c188-44ff-bd5c-2eed9d04af1f", -- _0 : UNIQUE_ID
    "583313b2-37e6-4d57-a74f-cf74a3356c2a", -- _1 : UNIQUE_ID
    0, -- _2 : INTEGER
    0.000000, -- _3 : REAL
    0.000000 -- _4 : REAL
);
INSERT INTO GD_CTXT VALUES (
    "93180894-1220-41bb-aed2-a6518901bcc3", -- _0 : UNIQUE_ID
    "583313b2-37e6-4d57-a74f-cf74a3356c2a", -- _1 : UNIQUE_ID
    2, -- _2 : INTEGER
    0.000000, -- _3 : REAL
    0.000000 -- _4 : REAL
);
INSERT INTO GD_CTXT VALUES (
    "19f14286-e8cd-4b2b-bcbb-e463158aeac4", -- _0 : UNIQUE_ID
    "583313b2-37e6-4d57-a74f-cf74a3356c2a", -- _1 : UNIQUE_ID
    1, -- _2 : INTEGER
    0.000000, -- _3 : REAL
    0.000000 -- _4 : REAL
);
INSERT INTO GD_CTXT VALUES (
    "dd27e626-43d7-4efd-a5c2-8d0834432a8c", -- _0 : UNIQUE_ID
    "b982d6cf-9550-416f-8b35-312dcfff4b27", -- _1 : UNIQUE_ID
    0, -- _2 : INTEGER
    0.000000, -- _3 : REAL
    0.000000 -- _4 : REAL
);
INSERT INTO GD_CTXT VALUES (
    "5d418687-f480-4153-b7b2-76bb769b9fc0", -- _0 : UNIQUE_ID
    "b982d6cf-9550-416f-8b35-312dcfff4b27", -- _1 : UNIQUE_ID
    2, -- _2 : INTEGER
    0.000000, -- _3 : REAL
    0.000000 -- _4 : REAL
);
INSERT INTO GD_CTXT VALUES (
    "efaa4664-7a69-4f7b-83fc-13965abcd008", -- _0 : UNIQUE_ID
    "b982d6cf-9550-416f-8b35-312dcfff4b27", -- _1 : UNIQUE_ID
    1, -- _2 : INTEGER
    0.000000, -- _3 : REAL
    0.000000 -- _4 : REAL
);
INSERT INTO GD_CTXT VALUES (
    "49ba329d-48fc-4448-b581-5ed8e556314c", -- _0 : UNIQUE_ID
    "eef2d986-d98e-43f4-8d78-347a6ab9fb65", -- _1 : UNIQUE_ID
    0, -- _2 : INTEGER
    0.000000, -- _3 : REAL
    0.000000 -- _4 : REAL
);
INSERT INTO GD_CTXT VALUES (
    "c771f046-6aea-40dd-a72a-44bcadd7c96d", -- _0 : UNIQUE_ID
    "eef2d986-d98e-43f4-8d78-347a6ab9fb65", -- _1 : UNIQUE_ID
    2, -- _2 : INTEGER
    0.000000, -- _3 : REAL
    0.000000 -- _4 : REAL
);
INSERT INTO GD_CTXT VALUES (
    "b301b090-a737-4b41-ac7a-6fde756fe687", -- _0 : UNIQUE_ID
    "eef2d986-d98e-43f4-8d78-347a6ab9fb65", -- _1 : UNIQUE_ID
    1, -- _2 : INTEGER
    0.000000, -- _3 : REAL
    0.000000 -- _4 : REAL
);
INSERT INTO GD_CTXT VALUES (
    "98bf573f-5d3d-43b3-8021-9d59c2471364", -- _0 : UNIQUE_ID
    "eaa17e4e-c479-4b52-81f5-53d8d2fe4c57", -- _1 : UNIQUE_ID
    0, -- _2 : INTEGER
    0.000000, -- _3 : REAL
    0.000000 -- _4 : REAL
);
INSERT INTO GD_CTXT VALUES (
    "95a95aab-9976-44c9-a55e-762fa9f7fe78", -- _0 : UNIQUE_ID
    "eaa17e4e-c479-4b52-81f5-53d8d2fe4c57", -- _1 : UNIQUE_ID
    2, -- _2 : INTEGER
    0.000000, -- _3 : REAL
    0.000000 -- _4 : REAL
);
INSERT INTO GD_CTXT VALUES (
    "429b5da6-d9b0-40ff-bc17-fab31aa149cb", -- _0 : UNIQUE_ID
    "eaa17e4e-c479-4b52-81f5-53d8d2fe4c57", -- _1 : UNIQUE_ID
    1, -- _2 : INTEGER
    0.000000, -- _3 : REAL
    0.000000 -- _4 : REAL
);
INSERT INTO GD_CTXT VALUES (
    "e707c753-6c3b-4600-92de-6475c8316a4d", -- _0 : UNIQUE_ID
    "cf58e3d4-607b-4455-bbc6-581ae83dc061", -- _1 : UNIQUE_ID
    0, -- _2 : INTEGER
    0.000000, -- _3 : REAL
    0.000000 -- _4 : REAL
);
INSERT INTO GD_CTXT VALUES (
    "7c530bf0-0935-49b9-ad51-93882d019761", -- _0 : UNIQUE_ID
    "cf58e3d4-607b-4455-bbc6-581ae83dc061", -- _1 : UNIQUE_ID
    2, -- _2 : INTEGER
    0.000000, -- _3 : REAL
    0.000000 -- _4 : REAL
);
INSERT INTO GD_CTXT VALUES (
    "d890c106-1ebd-46a5-9b07-d3dfbbd206c1", -- _0 : UNIQUE_ID
    "cf58e3d4-607b-4455-bbc6-581ae83dc061", -- _1 : UNIQUE_ID
    1, -- _2 : INTEGER
    0.000000, -- _3 : REAL
    0.000000 -- _4 : REAL
);
INSERT INTO GD_CTXT VALUES (
    "9945f51d-3d88-4ade-a531-f152940108f3", -- _0 : UNIQUE_ID
    "82f927e5-d856-477b-a9a9-a4c205588290", -- _1 : UNIQUE_ID
    0, -- _2 : INTEGER
    0.000000, -- _3 : REAL
    0.000000 -- _4 : REAL
);
INSERT INTO GD_CTXT VALUES (
    "4585b39b-abbe-44e8-867c-eb45e6495890", -- _0 : UNIQUE_ID
    "82f927e5-d856-477b-a9a9-a4c205588290", -- _1 : UNIQUE_ID
    2, -- _2 : INTEGER
    0.000000, -- _3 : REAL
    0.000000 -- _4 : REAL
);
INSERT INTO GD_CTXT VALUES (
    "796b3c1c-50e3-4734-bf1c-d72366346c62", -- _0 : UNIQUE_ID
    "82f927e5-d856-477b-a9a9-a4c205588290", -- _1 : UNIQUE_ID
    1, -- _2 : INTEGER
    0.000000, -- _3 : REAL
    0.000000 -- _4 : REAL
);
INSERT INTO GD_CTXT VALUES (
    "1f5f65a6-c24d-40aa-80fd-39d5301dd3bd", -- _0 : UNIQUE_ID
    "c2e8561a-8e2d-41ee-a73e-6f565b62290b", -- _1 : UNIQUE_ID
    0, -- _2 : INTEGER
    0.000000, -- _3 : REAL
    0.000000 -- _4 : REAL
);
INSERT INTO GD_CTXT VALUES (
    "cfd10ad6-45b0-4e4d-af1f-c8bdc131d90e", -- _0 : UNIQUE_ID
    "c2e8561a-8e2d-41ee-a73e-6f565b62290b", -- _1 : UNIQUE_ID
    2, -- _2 : INTEGER
    0.000000, -- _3 : REAL
    0.000000 -- _4 : REAL
);
INSERT INTO GD_CTXT VALUES (
    "bf66a508-00d9-466a-91f0-95737376e08f", -- _0 : UNIQUE_ID
    "c2e8561a-8e2d-41ee-a73e-6f565b62290b", -- _1 : UNIQUE_ID
    1, -- _2 : INTEGER
    0.000000, -- _3 : REAL
    0.000000 -- _4 : REAL
);
INSERT INTO GD_CTXT VALUES (
    "e6fee1e0-a014-45be-a971-b8fce6b8e617", -- _0 : UNIQUE_ID
    "797d9d41-d43c-4382-8a83-601dcc7577e7", -- _1 : UNIQUE_ID
    0, -- _2 : INTEGER
    0.000000, -- _3 : REAL
    0.000000 -- _4 : REAL
);
INSERT INTO GD_CTXT VALUES (
    "cf35bf35-6a1d-4d59-a19f-a8e6817bb0b0", -- _0 : UNIQUE_ID
    "797d9d41-d43c-4382-8a83-601dcc7577e7", -- _1 : UNIQUE_ID
    2, -- _2 : INTEGER
    0.000000, -- _3 : REAL
    0.000000 -- _4 : REAL
);
INSERT INTO GD_CTXT VALUES (
    "b051cd06-a892-4260-b56f-d7483165459d", -- _0 : UNIQUE_ID
    "797d9d41-d43c-4382-8a83-601dcc7577e7", -- _1 : UNIQUE_ID
    1, -- _2 : INTEGER
    0.000000, -- _3 : REAL
    0.000000 -- _4 : REAL
);
INSERT INTO GD_CTXT VALUES (
    "048405c9-f712-4fb4-8420-cf986740d5cf", -- _0 : UNIQUE_ID
    "01eaa8dd-924c-4fc5-ba3e-0fb5817a847b", -- _1 : UNIQUE_ID
    0, -- _2 : INTEGER
    0.000000, -- _3 : REAL
    0.000000 -- _4 : REAL
);
INSERT INTO GD_CTXT VALUES (
    "e90fc8b5-f18e-4fa1-82b9-8a8fabc3a6b4", -- _0 : UNIQUE_ID
    "01eaa8dd-924c-4fc5-ba3e-0fb5817a847b", -- _1 : UNIQUE_ID
    2, -- _2 : INTEGER
    0.000000, -- _3 : REAL
    0.000000 -- _4 : REAL
);
INSERT INTO GD_CTXT VALUES (
    "b8177d29-0d6d-4acd-954c-9d30954abbc2", -- _0 : UNIQUE_ID
    "01eaa8dd-924c-4fc5-ba3e-0fb5817a847b", -- _1 : UNIQUE_ID
    1, -- _2 : INTEGER
    0.000000, -- _3 : REAL
    0.000000 -- _4 : REAL
);
INSERT INTO GD_CTXT VALUES (
    "e7e2b0db-e35e-4038-9609-36740a5aacaa", -- _0 : UNIQUE_ID
    "0d4e1033-4b56-4dcc-89e6-7176e60024e6", -- _1 : UNIQUE_ID
    0, -- _2 : INTEGER
    0.000000, -- _3 : REAL
    0.000000 -- _4 : REAL
);
INSERT INTO GD_CTXT VALUES (
    "8b430619-8784-4ebc-a23f-2d50bf6e54f0", -- _0 : UNIQUE_ID
    "0d4e1033-4b56-4dcc-89e6-7176e60024e6", -- _1 : UNIQUE_ID
    2, -- _2 : INTEGER
    0.000000, -- _3 : REAL
    0.000000 -- _4 : REAL
);
INSERT INTO GD_CTXT VALUES (
    "5c2c5257-576a-49d9-9bc0-700715eb78df", -- _0 : UNIQUE_ID
    "0d4e1033-4b56-4dcc-89e6-7176e60024e6", -- _1 : UNIQUE_ID
    1, -- _2 : INTEGER
    0.000000, -- _3 : REAL
    0.000000 -- _4 : REAL
);
INSERT INTO GD_CTXT VALUES (
    "404d6db3-55b9-4b2a-afed-9a866a1fe88a", -- _0 : UNIQUE_ID
    "3dd7354c-7e7e-404b-ae8f-2f679cbff22f", -- _1 : UNIQUE_ID
    0, -- _2 : INTEGER
    0.000000, -- _3 : REAL
    0.000000 -- _4 : REAL
);
INSERT INTO GD_CTXT VALUES (
    "481090de-2d82-4709-90b1-4d9f8af13933", -- _0 : UNIQUE_ID
    "3dd7354c-7e7e-404b-ae8f-2f679cbff22f", -- _1 : UNIQUE_ID
    2, -- _2 : INTEGER
    0.000000, -- _3 : REAL
    0.000000 -- _4 : REAL
);
INSERT INTO GD_CTXT VALUES (
    "35624f3d-75e4-44a6-bfb4-70848f42fb0e", -- _0 : UNIQUE_ID
    "3dd7354c-7e7e-404b-ae8f-2f679cbff22f", -- _1 : UNIQUE_ID
    1, -- _2 : INTEGER
    0.000000, -- _3 : REAL
    0.000000 -- _4 : REAL
);
INSERT INTO GD_CTXT VALUES (
    "94297c8a-9ae9-4783-9eea-d4cbf8b0183c", -- _0 : UNIQUE_ID
    "b322670e-7175-434b-b3bb-15d7968a6643", -- _1 : UNIQUE_ID
    0, -- _2 : INTEGER
    0.000000, -- _3 : REAL
    0.000000 -- _4 : REAL
);
INSERT INTO GD_CTXT VALUES (
    "33aab688-3d68-4e5e-b400-ca45104a7ad9", -- _0 : UNIQUE_ID
    "b322670e-7175-434b-b3bb-15d7968a6643", -- _1 : UNIQUE_ID
    2, -- _2 : INTEGER
    0.000000, -- _3 : REAL
    0.000000 -- _4 : REAL
);
INSERT INTO GD_CTXT VALUES (
    "862bf77d-71bb-4ac4-9d40-c3efce413f53", -- _0 : UNIQUE_ID
    "b322670e-7175-434b-b3bb-15d7968a6643", -- _1 : UNIQUE_ID
    1, -- _2 : INTEGER
    0.000000, -- _3 : REAL
    0.000000 -- _4 : REAL
);
INSERT INTO GD_CTXT VALUES (
    "b104e90c-22a4-4384-ae44-fa9fd90e0427", -- _0 : UNIQUE_ID
    "f84eae49-c82d-45b4-8c15-f2d7416b1878", -- _1 : UNIQUE_ID
    0, -- _2 : INTEGER
    0.000000, -- _3 : REAL
    0.000000 -- _4 : REAL
);
INSERT INTO GD_CTXT VALUES (
    "32905cb4-f5ac-4f79-b6f5-2be5d4b5281f", -- _0 : UNIQUE_ID
    "f84eae49-c82d-45b4-8c15-f2d7416b1878", -- _1 : UNIQUE_ID
    2, -- _2 : INTEGER
    0.000000, -- _3 : REAL
    0.000000 -- _4 : REAL
);
INSERT INTO GD_CTXT VALUES (
    "410044bf-19d9-45a8-b93f-69d0ee61b173", -- _0 : UNIQUE_ID
    "f84eae49-c82d-45b4-8c15-f2d7416b1878", -- _1 : UNIQUE_ID
    1, -- _2 : INTEGER
    0.000000, -- _3 : REAL
    0.000000 -- _4 : REAL
);
INSERT INTO GD_CTXT VALUES (
    "017e0104-2006-4fd5-86e8-8733f99a6df3", -- _0 : UNIQUE_ID
    "aaff5d6f-3f5b-4c4f-8957-c5f95ad86a02", -- _1 : UNIQUE_ID
    0, -- _2 : INTEGER
    0.000000, -- _3 : REAL
    0.000000 -- _4 : REAL
);
INSERT INTO GD_CTXT VALUES (
    "e874c26c-6d4e-4345-92aa-ee0d5de98a40", -- _0 : UNIQUE_ID
    "aaff5d6f-3f5b-4c4f-8957-c5f95ad86a02", -- _1 : UNIQUE_ID
    2, -- _2 : INTEGER
    0.000000, -- _3 : REAL
    0.000000 -- _4 : REAL
);
INSERT INTO GD_CTXT VALUES (
    "d380186d-f929-412a-ab31-618037deeadb", -- _0 : UNIQUE_ID
    "aaff5d6f-3f5b-4c4f-8957-c5f95ad86a02", -- _1 : UNIQUE_ID
    1, -- _2 : INTEGER
    0.000000, -- _3 : REAL
    0.000000 -- _4 : REAL
);
INSERT INTO GD_CTXT VALUES (
    "71135599-d679-4cec-b992-626d5c362e96", -- _0 : UNIQUE_ID
    "04a60c01-a632-4726-8733-c1998fa6d90d", -- _1 : UNIQUE_ID
    0, -- _2 : INTEGER
    0.000000, -- _3 : REAL
    0.000000 -- _4 : REAL
);
INSERT INTO GD_CTXT VALUES (
    "d099d4cb-efe6-46d0-89e5-6b76d0ccb9af", -- _0 : UNIQUE_ID
    "04a60c01-a632-4726-8733-c1998fa6d90d", -- _1 : UNIQUE_ID
    2, -- _2 : INTEGER
    0.000000, -- _3 : REAL
    0.000000 -- _4 : REAL
);
INSERT INTO GD_CTXT VALUES (
    "d3b69d41-c06c-476c-a656-9c208cf5c050", -- _0 : UNIQUE_ID
    "04a60c01-a632-4726-8733-c1998fa6d90d", -- _1 : UNIQUE_ID
    1, -- _2 : INTEGER
    0.000000, -- _3 : REAL
    0.000000 -- _4 : REAL
);
INSERT INTO GD_CTXT VALUES (
    "897401ce-1bce-4680-a838-89fd51df5fb5", -- _0 : UNIQUE_ID
    "b39a1cf4-4911-439c-a602-d830046b4df8", -- _1 : UNIQUE_ID
    0, -- _2 : INTEGER
    0.000000, -- _3 : REAL
    0.000000 -- _4 : REAL
);
INSERT INTO GD_CTXT VALUES (
    "5c92da24-1ff2-46d2-adf6-0a444633b8f8", -- _0 : UNIQUE_ID
    "b39a1cf4-4911-439c-a602-d830046b4df8", -- _1 : UNIQUE_ID
    2, -- _2 : INTEGER
    0.000000, -- _3 : REAL
    0.000000 -- _4 : REAL
);
INSERT INTO GD_CTXT VALUES (
    "8ebe2ef0-8454-4c4b-8e63-013878e7d226", -- _0 : UNIQUE_ID
    "b39a1cf4-4911-439c-a602-d830046b4df8", -- _1 : UNIQUE_ID
    1, -- _2 : INTEGER
    0.000000, -- _3 : REAL
    0.000000 -- _4 : REAL
);
INSERT INTO GD_CTXT VALUES (
    "44640c39-b31a-48ac-9da0-e310cb34f5a3", -- _0 : UNIQUE_ID
    "62847330-bf4f-4033-8718-9c93994b51eb", -- _1 : UNIQUE_ID
    0, -- _2 : INTEGER
    0.000000, -- _3 : REAL
    0.000000 -- _4 : REAL
);
INSERT INTO GD_CTXT VALUES (
    "4a9e27b7-9637-4e8a-9f99-5de2673ec3b5", -- _0 : UNIQUE_ID
    "62847330-bf4f-4033-8718-9c93994b51eb", -- _1 : UNIQUE_ID
    2, -- _2 : INTEGER
    0.000000, -- _3 : REAL
    0.000000 -- _4 : REAL
);
INSERT INTO GD_CTXT VALUES (
    "f8636e34-e0c9-4833-aa0a-6b17c564d318", -- _0 : UNIQUE_ID
    "62847330-bf4f-4033-8718-9c93994b51eb", -- _1 : UNIQUE_ID
    1, -- _2 : INTEGER
    0.000000, -- _3 : REAL
    0.000000 -- _4 : REAL
);
INSERT INTO GD_CTXT VALUES (
    "05336616-9ebb-4455-bb13-f19c9602e08e", -- _0 : UNIQUE_ID
    "cff9cdc1-c936-4fa9-9605-b9b666fb817d", -- _1 : UNIQUE_ID
    0, -- _2 : INTEGER
    0.000000, -- _3 : REAL
    0.000000 -- _4 : REAL
);
INSERT INTO GD_CTXT VALUES (
    "14e5c38f-75a2-4681-b900-cbcca0cda77b", -- _0 : UNIQUE_ID
    "cff9cdc1-c936-4fa9-9605-b9b666fb817d", -- _1 : UNIQUE_ID
    2, -- _2 : INTEGER
    0.000000, -- _3 : REAL
    0.000000 -- _4 : REAL
);
INSERT INTO GD_CTXT VALUES (
    "d926ef89-47e0-4f98-aff8-071b2216bcd4", -- _0 : UNIQUE_ID
    "cff9cdc1-c936-4fa9-9605-b9b666fb817d", -- _1 : UNIQUE_ID
    1, -- _2 : INTEGER
    0.000000, -- _3 : REAL
    0.000000 -- _4 : REAL
);
INSERT INTO GD_CTXT VALUES (
    "5521f4ee-347d-4c94-9b96-37a126e2c4ce", -- _0 : UNIQUE_ID
    "547058ab-5588-4204-9170-371ebcbd44f4", -- _1 : UNIQUE_ID
    0, -- _2 : INTEGER
    0.000000, -- _3 : REAL
    0.000000 -- _4 : REAL
);
INSERT INTO GD_CTXT VALUES (
    "6c1e5192-9c31-40af-8cd9-ea55361781ea", -- _0 : UNIQUE_ID
    "547058ab-5588-4204-9170-371ebcbd44f4", -- _1 : UNIQUE_ID
    2, -- _2 : INTEGER
    0.000000, -- _3 : REAL
    0.000000 -- _4 : REAL
);
INSERT INTO GD_CTXT VALUES (
    "8be4ef35-d61d-4b23-942d-419089530234", -- _0 : UNIQUE_ID
    "547058ab-5588-4204-9170-371ebcbd44f4", -- _1 : UNIQUE_ID
    1, -- _2 : INTEGER
    0.000000, -- _3 : REAL
    0.000000 -- _4 : REAL
);
INSERT INTO GD_CTXT VALUES (
    "8d496faf-0f8e-45af-8581-e81ee4bb69b1", -- _0 : UNIQUE_ID
    "432cc52d-be9e-4ae8-95dc-458429c448f9", -- _1 : UNIQUE_ID
    0, -- _2 : INTEGER
    0.000000, -- _3 : REAL
    0.000000 -- _4 : REAL
);
INSERT INTO GD_CTXT VALUES (
    "22e09dc6-f6a7-4be9-aecf-b6a614fd9b11", -- _0 : UNIQUE_ID
    "432cc52d-be9e-4ae8-95dc-458429c448f9", -- _1 : UNIQUE_ID
    2, -- _2 : INTEGER
    0.000000, -- _3 : REAL
    0.000000 -- _4 : REAL
);
INSERT INTO GD_CTXT VALUES (
    "2b6dbeea-9dc2-420f-9501-a507c9568a2c", -- _0 : UNIQUE_ID
    "432cc52d-be9e-4ae8-95dc-458429c448f9", -- _1 : UNIQUE_ID
    1, -- _2 : INTEGER
    0.000000, -- _3 : REAL
    0.000000 -- _4 : REAL
);
INSERT INTO GD_CTXT VALUES (
    "14fcd5fa-a7c6-4592-8ab0-e27fc8387538", -- _0 : UNIQUE_ID
    "3fab173b-6d4b-4d40-8720-79b9fcf2f56a", -- _1 : UNIQUE_ID
    0, -- _2 : INTEGER
    0.000000, -- _3 : REAL
    0.000000 -- _4 : REAL
);
INSERT INTO GD_CTXT VALUES (
    "d71ed80d-c4f4-4065-8366-445c65e7b89e", -- _0 : UNIQUE_ID
    "3fab173b-6d4b-4d40-8720-79b9fcf2f56a", -- _1 : UNIQUE_ID
    2, -- _2 : INTEGER
    0.000000, -- _3 : REAL
    0.000000 -- _4 : REAL
);
INSERT INTO GD_CTXT VALUES (
    "459b9b1c-5add-4467-9a04-55760314f309", -- _0 : UNIQUE_ID
    "3fab173b-6d4b-4d40-8720-79b9fcf2f56a", -- _1 : UNIQUE_ID
    1, -- _2 : INTEGER
    0.000000, -- _3 : REAL
    0.000000 -- _4 : REAL
);
INSERT INTO GD_CTXT VALUES (
    "e0078476-c9af-443d-a1ed-8e1dbda2db02", -- _0 : UNIQUE_ID
    "c36dcfd8-6128-4ea6-8ada-504c4809dfa0", -- _1 : UNIQUE_ID
    0, -- _2 : INTEGER
    0.000000, -- _3 : REAL
    0.000000 -- _4 : REAL
);
INSERT INTO GD_CTXT VALUES (
    "d00d3a6b-a2cb-4ddd-b4c9-6a9646574955", -- _0 : UNIQUE_ID
    "c36dcfd8-6128-4ea6-8ada-504c4809dfa0", -- _1 : UNIQUE_ID
    2, -- _2 : INTEGER
    0.000000, -- _3 : REAL
    0.000000 -- _4 : REAL
);
INSERT INTO GD_CTXT VALUES (
    "c0df5eaf-b872-434c-becc-ca967e6b1904", -- _0 : UNIQUE_ID
    "c36dcfd8-6128-4ea6-8ada-504c4809dfa0", -- _1 : UNIQUE_ID
    1, -- _2 : INTEGER
    0.000000, -- _3 : REAL
    0.000000 -- _4 : REAL
);
INSERT INTO GD_CTXT VALUES (
    "05a543af-158d-4997-9c9c-bec7fa4d291e", -- _0 : UNIQUE_ID
    "af72b298-1502-421a-be6e-ebe5e49632e0", -- _1 : UNIQUE_ID
    0, -- _2 : INTEGER
    0.000000, -- _3 : REAL
    0.000000 -- _4 : REAL
);
INSERT INTO GD_CTXT VALUES (
    "ddbbf476-c012-4a7d-8957-bfd38ac54f49", -- _0 : UNIQUE_ID
    "af72b298-1502-421a-be6e-ebe5e49632e0", -- _1 : UNIQUE_ID
    2, -- _2 : INTEGER
    0.000000, -- _3 : REAL
    0.000000 -- _4 : REAL
);
INSERT INTO GD_CTXT VALUES (
    "0e9736d0-d72a-470e-8ca5-0d2c582bd89d", -- _0 : UNIQUE_ID
    "af72b298-1502-421a-be6e-ebe5e49632e0", -- _1 : UNIQUE_ID
    1, -- _2 : INTEGER
    0.000000, -- _3 : REAL
    0.000000 -- _4 : REAL
);
INSERT INTO GD_CTXT VALUES (
    "67d02c35-5d3b-4aaa-a7f7-7cf58422883a", -- _0 : UNIQUE_ID
    "518eea7b-9453-4dc8-aa01-60c0145f390f", -- _1 : UNIQUE_ID
    0, -- _2 : INTEGER
    0.000000, -- _3 : REAL
    0.000000 -- _4 : REAL
);
INSERT INTO GD_CTXT VALUES (
    "d0dc885a-3991-4501-851a-57132c0b1e99", -- _0 : UNIQUE_ID
    "518eea7b-9453-4dc8-aa01-60c0145f390f", -- _1 : UNIQUE_ID
    2, -- _2 : INTEGER
    0.000000, -- _3 : REAL
    0.000000 -- _4 : REAL
);
INSERT INTO GD_CTXT VALUES (
    "7418caeb-450c-450b-980a-38e3938b0f80", -- _0 : UNIQUE_ID
    "518eea7b-9453-4dc8-aa01-60c0145f390f", -- _1 : UNIQUE_ID
    1, -- _2 : INTEGER
    0.000000, -- _3 : REAL
    0.000000 -- _4 : REAL
);
INSERT INTO GD_CTXT VALUES (
    "44e521af-1f7d-40e6-b15d-96b0001a37ce", -- _0 : UNIQUE_ID
    "fee6c47e-1bcc-473e-953a-a72c867910a0", -- _1 : UNIQUE_ID
    0, -- _2 : INTEGER
    0.000000, -- _3 : REAL
    0.000000 -- _4 : REAL
);
INSERT INTO GD_CTXT VALUES (
    "35c6a079-c97e-4005-99fa-0c934e2b860b", -- _0 : UNIQUE_ID
    "fee6c47e-1bcc-473e-953a-a72c867910a0", -- _1 : UNIQUE_ID
    2, -- _2 : INTEGER
    0.000000, -- _3 : REAL
    0.000000 -- _4 : REAL
);
INSERT INTO GD_CTXT VALUES (
    "cbaea48f-0acd-464d-9cfd-48a0d74c459e", -- _0 : UNIQUE_ID
    "fee6c47e-1bcc-473e-953a-a72c867910a0", -- _1 : UNIQUE_ID
    1, -- _2 : INTEGER
    0.000000, -- _3 : REAL
    0.000000 -- _4 : REAL
);
INSERT INTO GD_CTXT VALUES (
    "3da66cb9-7209-447a-9e18-8f2183f56089", -- _0 : UNIQUE_ID
    "59b32b05-a687-4de3-9389-922141c09d4b", -- _1 : UNIQUE_ID
    0, -- _2 : INTEGER
    0.000000, -- _3 : REAL
    0.000000 -- _4 : REAL
);
INSERT INTO GD_CTXT VALUES (
    "dafc605e-739f-4906-8dee-2e6ff3645803", -- _0 : UNIQUE_ID
    "59b32b05-a687-4de3-9389-922141c09d4b", -- _1 : UNIQUE_ID
    2, -- _2 : INTEGER
    0.000000, -- _3 : REAL
    0.000000 -- _4 : REAL
);
INSERT INTO GD_CTXT VALUES (
    "07cd5e17-270e-4101-9538-94ce52e9da40", -- _0 : UNIQUE_ID
    "59b32b05-a687-4de3-9389-922141c09d4b", -- _1 : UNIQUE_ID
    1, -- _2 : INTEGER
    0.000000, -- _3 : REAL
    0.000000 -- _4 : REAL
);
INSERT INTO GD_CTXT VALUES (
    "3d470efd-ac36-442e-a8b0-b93937857889", -- _0 : UNIQUE_ID
    "c6ec4811-f2cd-474d-9bf4-b822a724e7cd", -- _1 : UNIQUE_ID
    0, -- _2 : INTEGER
    0.000000, -- _3 : REAL
    0.000000 -- _4 : REAL
);
INSERT INTO GD_CTXT VALUES (
    "6c78fba5-d4e5-4501-b384-f01652b0e628", -- _0 : UNIQUE_ID
    "c6ec4811-f2cd-474d-9bf4-b822a724e7cd", -- _1 : UNIQUE_ID
    2, -- _2 : INTEGER
    0.000000, -- _3 : REAL
    0.000000 -- _4 : REAL
);
INSERT INTO GD_CTXT VALUES (
    "f0d01012-ec7a-4e6f-aa59-033bd96107fa", -- _0 : UNIQUE_ID
    "c6ec4811-f2cd-474d-9bf4-b822a724e7cd", -- _1 : UNIQUE_ID
    1, -- _2 : INTEGER
    0.000000, -- _3 : REAL
    0.000000 -- _4 : REAL
);
INSERT INTO GD_LS VALUES (
    "c3a8cefd-7e1d-40d9-8852-ead8d43d784f", -- _0 : UNIQUE_ID
    "b7208601-6c1d-4a70-9874-af630427b85c", -- _1 : UNIQUE_ID
    "00000000-0000-0000-0000-000000000000", -- _2 : UNIQUE_ID
    "03071865-9138-4185-85ae-5afdb9dc8f21", -- _3 : UNIQUE_ID
    "c68024c6-46f4-447f-a454-eef60f379332" -- _4 : UNIQUE_ID
);
INSERT INTO GD_LS VALUES (
    "be0d1139-378c-4733-b5d6-9009e69da97a", -- _0 : UNIQUE_ID
    "583313b2-37e6-4d57-a74f-cf74a3356c2a", -- _1 : UNIQUE_ID
    "00000000-0000-0000-0000-000000000000", -- _2 : UNIQUE_ID
    "f180ea82-b827-491d-bb48-915f62bc3eed", -- _3 : UNIQUE_ID
    "f39486d6-d3ef-4411-bd33-f333e52a623c" -- _4 : UNIQUE_ID
);
INSERT INTO GD_LS VALUES (
    "a8855c2c-a054-41c5-bc1b-c8c7f2cd8deb", -- _0 : UNIQUE_ID
    "b982d6cf-9550-416f-8b35-312dcfff4b27", -- _1 : UNIQUE_ID
    "00000000-0000-0000-0000-000000000000", -- _2 : UNIQUE_ID
    "3026dadb-8c79-4e5d-86b8-1827ce7d8f4c", -- _3 : UNIQUE_ID
    "a6cb29a1-037c-4f58-9bf7-9ca75d42446d" -- _4 : UNIQUE_ID
);
INSERT INTO GD_LS VALUES (
    "b76cc992-a3ef-4063-ba56-554b528b4200", -- _0 : UNIQUE_ID
    "eef2d986-d98e-43f4-8d78-347a6ab9fb65", -- _1 : UNIQUE_ID
    "00000000-0000-0000-0000-000000000000", -- _2 : UNIQUE_ID
    "33c07e0a-9a31-420c-977f-c6ef00126cf8", -- _3 : UNIQUE_ID
    "4c9695a0-17f1-435a-b6e1-9696f86fa8ef" -- _4 : UNIQUE_ID
);
INSERT INTO GD_LS VALUES (
    "4348ab10-6efc-4cf2-894c-ab259b84c4f9", -- _0 : UNIQUE_ID
    "eaa17e4e-c479-4b52-81f5-53d8d2fe4c57", -- _1 : UNIQUE_ID
    "00000000-0000-0000-0000-000000000000", -- _2 : UNIQUE_ID
    "3b326988-e8a0-43ff-83b4-fbc0845e3938", -- _3 : UNIQUE_ID
    "7f1715c7-b88d-4133-b815-6fb7897c5fdf" -- _4 : UNIQUE_ID
);
INSERT INTO GD_LS VALUES (
    "94defcbd-6656-48ac-855c-508b47e7c7c9", -- _0 : UNIQUE_ID
    "cf58e3d4-607b-4455-bbc6-581ae83dc061", -- _1 : UNIQUE_ID
    "00000000-0000-0000-0000-000000000000", -- _2 : UNIQUE_ID
    "56456f93-b1d6-4efe-82f5-7f01008e16b2", -- _3 : UNIQUE_ID
    "4ed0a471-e1f0-4642-a911-c878fa2ddbbd" -- _4 : UNIQUE_ID
);
INSERT INTO GD_LS VALUES (
    "e226868c-7756-4c9c-833b-5c666d4551bf", -- _0 : UNIQUE_ID
    "82f927e5-d856-477b-a9a9-a4c205588290", -- _1 : UNIQUE_ID
    "00000000-0000-0000-0000-000000000000", -- _2 : UNIQUE_ID
    "41974493-bbec-48be-824b-1f6c551b12c8", -- _3 : UNIQUE_ID
    "23de15eb-f81b-45bc-8cda-cc822a455152" -- _4 : UNIQUE_ID
);
INSERT INTO GD_LS VALUES (
    "205c77fa-e30d-4229-bc45-1e7db6bf231e", -- _0 : UNIQUE_ID
    "c2e8561a-8e2d-41ee-a73e-6f565b62290b", -- _1 : UNIQUE_ID
    "00000000-0000-0000-0000-000000000000", -- _2 : UNIQUE_ID
    "fd122452-f015-4f8a-9c8b-a08fcb76c724", -- _3 : UNIQUE_ID
    "e2fbd7a6-de15-4716-bd00-524e5d2368b3" -- _4 : UNIQUE_ID
);
INSERT INTO GD_LS VALUES (
    "699e46d9-9796-404b-a7c2-7e6af760759e", -- _0 : UNIQUE_ID
    "797d9d41-d43c-4382-8a83-601dcc7577e7", -- _1 : UNIQUE_ID
    "00000000-0000-0000-0000-000000000000", -- _2 : UNIQUE_ID
    "33fa4cb2-8884-48ad-9905-f2383961dd01", -- _3 : UNIQUE_ID
    "06f9981d-ec3d-41db-ad42-d67b18a15144" -- _4 : UNIQUE_ID
);
INSERT INTO GD_LS VALUES (
    "f82ca37f-b5d6-46d1-8d62-5a71f9b94f6d", -- _0 : UNIQUE_ID
    "01eaa8dd-924c-4fc5-ba3e-0fb5817a847b", -- _1 : UNIQUE_ID
    "00000000-0000-0000-0000-000000000000", -- _2 : UNIQUE_ID
    "e5303020-7dbf-4bb4-9fdd-f0bfe1e75006", -- _3 : UNIQUE_ID
    "164fa24d-77c3-4c53-a620-11412d8f5255" -- _4 : UNIQUE_ID
);
INSERT INTO GD_LS VALUES (
    "fecd3231-b6ba-4aeb-bf08-f57be3586935", -- _0 : UNIQUE_ID
    "0d4e1033-4b56-4dcc-89e6-7176e60024e6", -- _1 : UNIQUE_ID
    "00000000-0000-0000-0000-000000000000", -- _2 : UNIQUE_ID
    "f0cbd4ca-e604-4a14-8446-3a2fddfc0634", -- _3 : UNIQUE_ID
    "8ad9c728-e702-458c-8ea7-5a7c51fadcf3" -- _4 : UNIQUE_ID
);
INSERT INTO GD_LS VALUES (
    "38bca11e-1a3a-4138-b719-2b8720890585", -- _0 : UNIQUE_ID
    "0d4e1033-4b56-4dcc-89e6-7176e60024e6", -- _1 : UNIQUE_ID
    "fecd3231-b6ba-4aeb-bf08-f57be3586935", -- _2 : UNIQUE_ID
    "8ad9c728-e702-458c-8ea7-5a7c51fadcf3", -- _3 : UNIQUE_ID
    "8be5fe75-15ba-4c80-bb80-7445da1883ce" -- _4 : UNIQUE_ID
);
INSERT INTO GD_LS VALUES (
    "29194f7a-290a-4d4f-9ae5-ff81eb2ceea7", -- _0 : UNIQUE_ID
    "3dd7354c-7e7e-404b-ae8f-2f679cbff22f", -- _1 : UNIQUE_ID
    "00000000-0000-0000-0000-000000000000", -- _2 : UNIQUE_ID
    "9b254466-b423-4569-a2e1-6804fc9e3adb", -- _3 : UNIQUE_ID
    "700addf9-0584-46ab-b071-2cb471edb110" -- _4 : UNIQUE_ID
);
INSERT INTO GD_LS VALUES (
    "252940c7-8d72-460d-b03a-ce2799afb486", -- _0 : UNIQUE_ID
    "b322670e-7175-434b-b3bb-15d7968a6643", -- _1 : UNIQUE_ID
    "00000000-0000-0000-0000-000000000000", -- _2 : UNIQUE_ID
    "bd380437-cc5d-4c1a-b59f-ad7ed369c054", -- _3 : UNIQUE_ID
    "389eaaf3-0576-4f1f-bcc4-580ee5a8503e" -- _4 : UNIQUE_ID
);
INSERT INTO GD_LS VALUES (
    "1881bde2-ddc5-463d-a5dc-da209a7c0627", -- _0 : UNIQUE_ID
    "b322670e-7175-434b-b3bb-15d7968a6643", -- _1 : UNIQUE_ID
    "252940c7-8d72-460d-b03a-ce2799afb486", -- _2 : UNIQUE_ID
    "389eaaf3-0576-4f1f-bcc4-580ee5a8503e", -- _3 : UNIQUE_ID
    "1f2c80de-f236-4b87-a785-d2425eed8b41" -- _4 : UNIQUE_ID
);
INSERT INTO GD_LS VALUES (
    "9e4988ed-223c-4fdf-9ddb-6fc64bf620b9", -- _0 : UNIQUE_ID
    "f84eae49-c82d-45b4-8c15-f2d7416b1878", -- _1 : UNIQUE_ID
    "00000000-0000-0000-0000-000000000000", -- _2 : UNIQUE_ID
    "f2d7763f-98c3-4817-ad6b-12a20947a15f", -- _3 : UNIQUE_ID
    "c662d64a-d017-4e42-beef-cf1e2c2a676f" -- _4 : UNIQUE_ID
);
INSERT INTO GD_LS VALUES (
    "9363ee35-6956-4769-9e63-0ab0503de53f", -- _0 : UNIQUE_ID
    "aaff5d6f-3f5b-4c4f-8957-c5f95ad86a02", -- _1 : UNIQUE_ID
    "00000000-0000-0000-0000-000000000000", -- _2 : UNIQUE_ID
    "699e6918-9f6b-4437-9218-0489892688e3", -- _3 : UNIQUE_ID
    "4e4e522e-9e11-4706-84cc-4eb51ae0e516" -- _4 : UNIQUE_ID
);
INSERT INTO GD_LS VALUES (
    "7a46e6d0-4d46-4e97-a4b4-26e5a947024c", -- _0 : UNIQUE_ID
    "04a60c01-a632-4726-8733-c1998fa6d90d", -- _1 : UNIQUE_ID
    "00000000-0000-0000-0000-000000000000", -- _2 : UNIQUE_ID
    "fc4862da-f11d-4d24-8cbe-d0f6b98966fc", -- _3 : UNIQUE_ID
    "ae8b1113-6b37-4aac-85d2-ee8382224d78" -- _4 : UNIQUE_ID
);
INSERT INTO GD_LS VALUES (
    "0cb71965-763d-4147-ae01-51b3a5e16c05", -- _0 : UNIQUE_ID
    "b39a1cf4-4911-439c-a602-d830046b4df8", -- _1 : UNIQUE_ID
    "00000000-0000-0000-0000-000000000000", -- _2 : UNIQUE_ID
    "7c4f4850-0bdb-433b-83bd-084e152d6a63", -- _3 : UNIQUE_ID
    "2c49b1c6-c962-4ea6-8a4c-e16a5d7d83af" -- _4 : UNIQUE_ID
);
INSERT INTO GD_LS VALUES (
    "0fcff64a-e8a7-4c54-a9bb-da09edddf7a3", -- _0 : UNIQUE_ID
    "b39a1cf4-4911-439c-a602-d830046b4df8", -- _1 : UNIQUE_ID
    "0cb71965-763d-4147-ae01-51b3a5e16c05", -- _2 : UNIQUE_ID
    "2c49b1c6-c962-4ea6-8a4c-e16a5d7d83af", -- _3 : UNIQUE_ID
    "8c769c00-9372-41f0-83ac-48c9d9f597f1" -- _4 : UNIQUE_ID
);
INSERT INTO GD_LS VALUES (
    "036314b7-4fce-4f86-96f2-d67980920baa", -- _0 : UNIQUE_ID
    "b39a1cf4-4911-439c-a602-d830046b4df8", -- _1 : UNIQUE_ID
    "0fcff64a-e8a7-4c54-a9bb-da09edddf7a3", -- _2 : UNIQUE_ID
    "8c769c00-9372-41f0-83ac-48c9d9f597f1", -- _3 : UNIQUE_ID
    "54e36071-ef18-43b9-940a-f7e53e605d58" -- _4 : UNIQUE_ID
);
INSERT INTO GD_LS VALUES (
    "ec15c277-2ad5-4fd4-80e8-af8992e231f1", -- _0 : UNIQUE_ID
    "62847330-bf4f-4033-8718-9c93994b51eb", -- _1 : UNIQUE_ID
    "00000000-0000-0000-0000-000000000000", -- _2 : UNIQUE_ID
    "9f7214a8-52f9-45e0-924a-ff1cabcd54e9", -- _3 : UNIQUE_ID
    "970153fc-69c1-449e-8e9c-d610f7bd11df" -- _4 : UNIQUE_ID
);
INSERT INTO GD_LS VALUES (
    "bbb86269-a829-4c23-a2b1-e8c84284a55a", -- _0 : UNIQUE_ID
    "cff9cdc1-c936-4fa9-9605-b9b666fb817d", -- _1 : UNIQUE_ID
    "00000000-0000-0000-0000-000000000000", -- _2 : UNIQUE_ID
    "e71b8855-d7ac-4a72-81a8-39cfcb839c83", -- _3 : UNIQUE_ID
    "d6e3cc3d-317a-4bce-9ea2-7deb4c65dca5" -- _4 : UNIQUE_ID
);
INSERT INTO GD_LS VALUES (
    "7044e572-2e75-4907-a505-56fbb513e8be", -- _0 : UNIQUE_ID
    "547058ab-5588-4204-9170-371ebcbd44f4", -- _1 : UNIQUE_ID
    "00000000-0000-0000-0000-000000000000", -- _2 : UNIQUE_ID
    "bddd6c58-ee56-410b-bff6-b45f13c3f234", -- _3 : UNIQUE_ID
    "9b772176-3493-4bdd-b3a0-6dd94ad9efec" -- _4 : UNIQUE_ID
);
INSERT INTO GD_LS VALUES (
    "d6b6c99b-2aa7-4f9e-bb9a-edca053d80a5", -- _0 : UNIQUE_ID
    "432cc52d-be9e-4ae8-95dc-458429c448f9", -- _1 : UNIQUE_ID
    "00000000-0000-0000-0000-000000000000", -- _2 : UNIQUE_ID
    "70c20583-35bc-46bf-917c-735390f79e3d", -- _3 : UNIQUE_ID
    "d79e4407-2609-4f12-ad8a-ea62b2b73929" -- _4 : UNIQUE_ID
);
INSERT INTO GD_LS VALUES (
    "8031acd1-4cbc-4f74-8d2a-359598dda3e5", -- _0 : UNIQUE_ID
    "3fab173b-6d4b-4d40-8720-79b9fcf2f56a", -- _1 : UNIQUE_ID
    "00000000-0000-0000-0000-000000000000", -- _2 : UNIQUE_ID
    "6a7565bd-4aa6-41f1-a2b0-22f07f1b4012", -- _3 : UNIQUE_ID
    "5cc31bf9-60e3-4146-b147-45c410247079" -- _4 : UNIQUE_ID
);
INSERT INTO GD_LS VALUES (
    "3da1c85d-417e-418f-979f-33fcaff5e17c", -- _0 : UNIQUE_ID
    "c36dcfd8-6128-4ea6-8ada-504c4809dfa0", -- _1 : UNIQUE_ID
    "00000000-0000-0000-0000-000000000000", -- _2 : UNIQUE_ID
    "727d6e93-9dc1-4478-8494-0caa0abbc891", -- _3 : UNIQUE_ID
    "b6b1bfb5-9ad1-4ab9-bf02-27c75969057f" -- _4 : UNIQUE_ID
);
INSERT INTO GD_LS VALUES (
    "25d63ad9-41a1-4a88-b7d0-1335ef9f5b0e", -- _0 : UNIQUE_ID
    "af72b298-1502-421a-be6e-ebe5e49632e0", -- _1 : UNIQUE_ID
    "00000000-0000-0000-0000-000000000000", -- _2 : UNIQUE_ID
    "67927025-488d-4f6d-b90a-11d4794a6611", -- _3 : UNIQUE_ID
    "69b3271e-0d0b-4ebd-9829-1fed75c08644" -- _4 : UNIQUE_ID
);
INSERT INTO GD_LS VALUES (
    "62e9eb3e-f754-4251-abad-71afdcc77c6d", -- _0 : UNIQUE_ID
    "518eea7b-9453-4dc8-aa01-60c0145f390f", -- _1 : UNIQUE_ID
    "00000000-0000-0000-0000-000000000000", -- _2 : UNIQUE_ID
    "14678630-a3c9-4701-8de2-9b2f1e4d0ab1", -- _3 : UNIQUE_ID
    "575fa5da-8bd1-4384-9412-bd332a152df8" -- _4 : UNIQUE_ID
);
INSERT INTO GD_LS VALUES (
    "4b4d15ff-3420-4ca6-bef7-7f0aac722bbb", -- _0 : UNIQUE_ID
    "fee6c47e-1bcc-473e-953a-a72c867910a0", -- _1 : UNIQUE_ID
    "00000000-0000-0000-0000-000000000000", -- _2 : UNIQUE_ID
    "7f515b38-b6dd-49da-9df0-ee6a917b6bbc", -- _3 : UNIQUE_ID
    "7e41bd8f-940a-46ba-95b6-9325ef7a21b0" -- _4 : UNIQUE_ID
);
INSERT INTO GD_LS VALUES (
    "e1c33976-587e-411c-98fc-879ab9e9915d", -- _0 : UNIQUE_ID
    "59b32b05-a687-4de3-9389-922141c09d4b", -- _1 : UNIQUE_ID
    "00000000-0000-0000-0000-000000000000", -- _2 : UNIQUE_ID
    "96ff68a9-6952-456a-be6c-543232552da5", -- _3 : UNIQUE_ID
    "424c3b81-a362-4378-9f64-271538b3f904" -- _4 : UNIQUE_ID
);
INSERT INTO GD_LS VALUES (
    "15d1f86d-f51e-44c0-9727-12f6e5522ab6", -- _0 : UNIQUE_ID
    "c6ec4811-f2cd-474d-9bf4-b822a724e7cd", -- _1 : UNIQUE_ID
    "00000000-0000-0000-0000-000000000000", -- _2 : UNIQUE_ID
    "ded40771-7b4c-42b2-9624-f40289e97b58", -- _3 : UNIQUE_ID
    "381510f9-79b2-435b-bd3a-098b120514a0" -- _4 : UNIQUE_ID
);
INSERT INTO DIM_WAY VALUES (
    "03071865-9138-4185-85ae-5afdb9dc8f21", -- _0 : UNIQUE_ID
    200.000000, -- _1 : REAL
    84.000000, -- _2 : REAL
    "b7208601-6c1d-4a70-9874-af630427b85c", -- _3 : UNIQUE_ID
    "00000000-0000-0000-0000-000000000000", -- _4 : UNIQUE_ID
    "00000000-0000-0000-0000-000000000000" -- _5 : UNIQUE_ID
);
INSERT INTO DIM_WAY VALUES (
    "c68024c6-46f4-447f-a454-eef60f379332", -- _0 : UNIQUE_ID
    275.000000, -- _1 : REAL
    84.000000, -- _2 : REAL
    "b7208601-6c1d-4a70-9874-af630427b85c", -- _3 : UNIQUE_ID
    "00000000-0000-0000-0000-000000000000", -- _4 : UNIQUE_ID
    "03071865-9138-4185-85ae-5afdb9dc8f21" -- _5 : UNIQUE_ID
);
INSERT INTO DIM_WAY VALUES (
    "f180ea82-b827-491d-bb48-915f62bc3eed", -- _0 : UNIQUE_ID
    143.000000, -- _1 : REAL
    150.000000, -- _2 : REAL
    "583313b2-37e6-4d57-a74f-cf74a3356c2a", -- _3 : UNIQUE_ID
    "00000000-0000-0000-0000-000000000000", -- _4 : UNIQUE_ID
    "00000000-0000-0000-0000-000000000000" -- _5 : UNIQUE_ID
);
INSERT INTO DIM_WAY VALUES (
    "f39486d6-d3ef-4411-bd33-f333e52a623c", -- _0 : UNIQUE_ID
    143.000000, -- _1 : REAL
    203.000000, -- _2 : REAL
    "583313b2-37e6-4d57-a74f-cf74a3356c2a", -- _3 : UNIQUE_ID
    "00000000-0000-0000-0000-000000000000", -- _4 : UNIQUE_ID
    "f180ea82-b827-491d-bb48-915f62bc3eed" -- _5 : UNIQUE_ID
);
INSERT INTO DIM_WAY VALUES (
    "3026dadb-8c79-4e5d-86b8-1827ce7d8f4c", -- _0 : UNIQUE_ID
    5132.000000, -- _1 : REAL
    3550.000000, -- _2 : REAL
    "b982d6cf-9550-416f-8b35-312dcfff4b27", -- _3 : UNIQUE_ID
    "00000000-0000-0000-0000-000000000000", -- _4 : UNIQUE_ID
    "00000000-0000-0000-0000-000000000000" -- _5 : UNIQUE_ID
);
INSERT INTO DIM_WAY VALUES (
    "a6cb29a1-037c-4f58-9bf7-9ca75d42446d", -- _0 : UNIQUE_ID
    5207.000000, -- _1 : REAL
    3550.000000, -- _2 : REAL
    "b982d6cf-9550-416f-8b35-312dcfff4b27", -- _3 : UNIQUE_ID
    "00000000-0000-0000-0000-000000000000", -- _4 : UNIQUE_ID
    "3026dadb-8c79-4e5d-86b8-1827ce7d8f4c" -- _5 : UNIQUE_ID
);
INSERT INTO DIM_WAY VALUES (
    "33c07e0a-9a31-420c-977f-c6ef00126cf8", -- _0 : UNIQUE_ID
    4836.000000, -- _1 : REAL
    3900.000000, -- _2 : REAL
    "eef2d986-d98e-43f4-8d78-347a6ab9fb65", -- _3 : UNIQUE_ID
    "00000000-0000-0000-0000-000000000000", -- _4 : UNIQUE_ID
    "00000000-0000-0000-0000-000000000000" -- _5 : UNIQUE_ID
);
INSERT INTO DIM_WAY VALUES (
    "4c9695a0-17f1-435a-b6e1-9696f86fa8ef", -- _0 : UNIQUE_ID
    4837.000000, -- _1 : REAL
    3972.000000, -- _2 : REAL
    "eef2d986-d98e-43f4-8d78-347a6ab9fb65", -- _3 : UNIQUE_ID
    "00000000-0000-0000-0000-000000000000", -- _4 : UNIQUE_ID
    "33c07e0a-9a31-420c-977f-c6ef00126cf8" -- _5 : UNIQUE_ID
);
INSERT INTO DIM_WAY VALUES (
    "3b326988-e8a0-43ff-83b4-fbc0845e3938", -- _0 : UNIQUE_ID
    620.000000, -- _1 : REAL
    540.000000, -- _2 : REAL
    "eaa17e4e-c479-4b52-81f5-53d8d2fe4c57", -- _3 : UNIQUE_ID
    "00000000-0000-0000-0000-000000000000", -- _4 : UNIQUE_ID
    "00000000-0000-0000-0000-000000000000" -- _5 : UNIQUE_ID
);
INSERT INTO DIM_WAY VALUES (
    "7f1715c7-b88d-4133-b815-6fb7897c5fdf", -- _0 : UNIQUE_ID
    864.000000, -- _1 : REAL
    540.000000, -- _2 : REAL
    "eaa17e4e-c479-4b52-81f5-53d8d2fe4c57", -- _3 : UNIQUE_ID
    "00000000-0000-0000-0000-000000000000", -- _4 : UNIQUE_ID
    "3b326988-e8a0-43ff-83b4-fbc0845e3938" -- _5 : UNIQUE_ID
);
INSERT INTO DIM_WAY VALUES (
    "56456f93-b1d6-4efe-82f5-7f01008e16b2", -- _0 : UNIQUE_ID
    768.000000, -- _1 : REAL
    432.000000, -- _2 : REAL
    "cf58e3d4-607b-4455-bbc6-581ae83dc061", -- _3 : UNIQUE_ID
    "00000000-0000-0000-0000-000000000000", -- _4 : UNIQUE_ID
    "00000000-0000-0000-0000-000000000000" -- _5 : UNIQUE_ID
);
INSERT INTO DIM_WAY VALUES (
    "4ed0a471-e1f0-4642-a911-c878fa2ddbbd", -- _0 : UNIQUE_ID
    768.000000, -- _1 : REAL
    468.000000, -- _2 : REAL
    "cf58e3d4-607b-4455-bbc6-581ae83dc061", -- _3 : UNIQUE_ID
    "00000000-0000-0000-0000-000000000000", -- _4 : UNIQUE_ID
    "56456f93-b1d6-4efe-82f5-7f01008e16b2" -- _5 : UNIQUE_ID
);
INSERT INTO DIM_WAY VALUES (
    "41974493-bbec-48be-824b-1f6c551b12c8", -- _0 : UNIQUE_ID
    512.000000, -- _1 : REAL
    384.000000, -- _2 : REAL
    "82f927e5-d856-477b-a9a9-a4c205588290", -- _3 : UNIQUE_ID
    "00000000-0000-0000-0000-000000000000", -- _4 : UNIQUE_ID
    "00000000-0000-0000-0000-000000000000" -- _5 : UNIQUE_ID
);
INSERT INTO DIM_WAY VALUES (
    "23de15eb-f81b-45bc-8cda-cc822a455152", -- _0 : UNIQUE_ID
    512.000000, -- _1 : REAL
    468.000000, -- _2 : REAL
    "82f927e5-d856-477b-a9a9-a4c205588290", -- _3 : UNIQUE_ID
    "00000000-0000-0000-0000-000000000000", -- _4 : UNIQUE_ID
    "41974493-bbec-48be-824b-1f6c551b12c8" -- _5 : UNIQUE_ID
);
INSERT INTO DIM_WAY VALUES (
    "fd122452-f015-4f8a-9c8b-a08fcb76c724", -- _0 : UNIQUE_ID
    384.000000, -- _1 : REAL
    432.000000, -- _2 : REAL
    "c2e8561a-8e2d-41ee-a73e-6f565b62290b", -- _3 : UNIQUE_ID
    "00000000-0000-0000-0000-000000000000", -- _4 : UNIQUE_ID
    "00000000-0000-0000-0000-000000000000" -- _5 : UNIQUE_ID
);
INSERT INTO DIM_WAY VALUES (
    "e2fbd7a6-de15-4716-bd00-524e5d2368b3", -- _0 : UNIQUE_ID
    512.000000, -- _1 : REAL
    434.000000, -- _2 : REAL
    "c2e8561a-8e2d-41ee-a73e-6f565b62290b", -- _3 : UNIQUE_ID
    "00000000-0000-0000-0000-000000000000", -- _4 : UNIQUE_ID
    "fd122452-f015-4f8a-9c8b-a08fcb76c724" -- _5 : UNIQUE_ID
);
INSERT INTO DIM_WAY VALUES (
    "33fa4cb2-8884-48ad-9905-f2383961dd01", -- _0 : UNIQUE_ID
    192.000000, -- _1 : REAL
    408.000000, -- _2 : REAL
    "797d9d41-d43c-4382-8a83-601dcc7577e7", -- _3 : UNIQUE_ID
    "00000000-0000-0000-0000-000000000000", -- _4 : UNIQUE_ID
    "00000000-0000-0000-0000-000000000000" -- _5 : UNIQUE_ID
);
INSERT INTO DIM_WAY VALUES (
    "06f9981d-ec3d-41db-ad42-d67b18a15144", -- _0 : UNIQUE_ID
    72.000000, -- _1 : REAL
    408.000000, -- _2 : REAL
    "797d9d41-d43c-4382-8a83-601dcc7577e7", -- _3 : UNIQUE_ID
    "00000000-0000-0000-0000-000000000000", -- _4 : UNIQUE_ID
    "33fa4cb2-8884-48ad-9905-f2383961dd01" -- _5 : UNIQUE_ID
);
INSERT INTO DIM_WAY VALUES (
    "e5303020-7dbf-4bb4-9fdd-f0bfe1e75006", -- _0 : UNIQUE_ID
    516.000000, -- _1 : REAL
    240.000000, -- _2 : REAL
    "01eaa8dd-924c-4fc5-ba3e-0fb5817a847b", -- _3 : UNIQUE_ID
    "00000000-0000-0000-0000-000000000000", -- _4 : UNIQUE_ID
    "00000000-0000-0000-0000-000000000000" -- _5 : UNIQUE_ID
);
INSERT INTO DIM_WAY VALUES (
    "164fa24d-77c3-4c53-a620-11412d8f5255", -- _0 : UNIQUE_ID
    516.000000, -- _1 : REAL
    192.000000, -- _2 : REAL
    "01eaa8dd-924c-4fc5-ba3e-0fb5817a847b", -- _3 : UNIQUE_ID
    "00000000-0000-0000-0000-000000000000", -- _4 : UNIQUE_ID
    "e5303020-7dbf-4bb4-9fdd-f0bfe1e75006" -- _5 : UNIQUE_ID
);
INSERT INTO DIM_WAY VALUES (
    "f0cbd4ca-e604-4a14-8446-3a2fddfc0634", -- _0 : UNIQUE_ID
    744.000000, -- _1 : REAL
    168.000000, -- _2 : REAL
    "0d4e1033-4b56-4dcc-89e6-7176e60024e6", -- _3 : UNIQUE_ID
    "00000000-0000-0000-0000-000000000000", -- _4 : UNIQUE_ID
    "00000000-0000-0000-0000-000000000000" -- _5 : UNIQUE_ID
);
INSERT INTO DIM_WAY VALUES (
    "8be5fe75-15ba-4c80-bb80-7445da1883ce", -- _0 : UNIQUE_ID
    516.000000, -- _1 : REAL
    192.000000, -- _2 : REAL
    "0d4e1033-4b56-4dcc-89e6-7176e60024e6", -- _3 : UNIQUE_ID
    "00000000-0000-0000-0000-000000000000", -- _4 : UNIQUE_ID
    "f0cbd4ca-e604-4a14-8446-3a2fddfc0634" -- _5 : UNIQUE_ID
);
INSERT INTO DIM_WAY VALUES (
    "8ad9c728-e702-458c-8ea7-5a7c51fadcf3", -- _0 : UNIQUE_ID
    744.000000, -- _1 : REAL
    192.000000, -- _2 : REAL
    "0d4e1033-4b56-4dcc-89e6-7176e60024e6", -- _3 : UNIQUE_ID
    "00000000-0000-0000-0000-000000000000", -- _4 : UNIQUE_ID
    "00000000-0000-0000-0000-000000000000" -- _5 : UNIQUE_ID
);
INSERT INTO DIM_WAY VALUES (
    "9b254466-b423-4569-a2e1-6804fc9e3adb", -- _0 : UNIQUE_ID
    516.000000, -- _1 : REAL
    168.000000, -- _2 : REAL
    "3dd7354c-7e7e-404b-ae8f-2f679cbff22f", -- _3 : UNIQUE_ID
    "00000000-0000-0000-0000-000000000000", -- _4 : UNIQUE_ID
    "00000000-0000-0000-0000-000000000000" -- _5 : UNIQUE_ID
);
INSERT INTO DIM_WAY VALUES (
    "700addf9-0584-46ab-b071-2cb471edb110", -- _0 : UNIQUE_ID
    516.000000, -- _1 : REAL
    192.000000, -- _2 : REAL
    "3dd7354c-7e7e-404b-ae8f-2f679cbff22f", -- _3 : UNIQUE_ID
    "00000000-0000-0000-0000-000000000000", -- _4 : UNIQUE_ID
    "9b254466-b423-4569-a2e1-6804fc9e3adb" -- _5 : UNIQUE_ID
);
INSERT INTO DIM_WAY VALUES (
    "bd380437-cc5d-4c1a-b59f-ad7ed369c054", -- _0 : UNIQUE_ID
    288.000000, -- _1 : REAL
    168.000000, -- _2 : REAL
    "b322670e-7175-434b-b3bb-15d7968a6643", -- _3 : UNIQUE_ID
    "00000000-0000-0000-0000-000000000000", -- _4 : UNIQUE_ID
    "00000000-0000-0000-0000-000000000000" -- _5 : UNIQUE_ID
);
INSERT INTO DIM_WAY VALUES (
    "1f2c80de-f236-4b87-a785-d2425eed8b41", -- _0 : UNIQUE_ID
    516.000000, -- _1 : REAL
    192.000000, -- _2 : REAL
    "b322670e-7175-434b-b3bb-15d7968a6643", -- _3 : UNIQUE_ID
    "00000000-0000-0000-0000-000000000000", -- _4 : UNIQUE_ID
    "bd380437-cc5d-4c1a-b59f-ad7ed369c054" -- _5 : UNIQUE_ID
);
INSERT INTO DIM_WAY VALUES (
    "389eaaf3-0576-4f1f-bcc4-580ee5a8503e", -- _0 : UNIQUE_ID
    288.000000, -- _1 : REAL
    192.000000, -- _2 : REAL
    "b322670e-7175-434b-b3bb-15d7968a6643", -- _3 : UNIQUE_ID
    "00000000-0000-0000-0000-000000000000", -- _4 : UNIQUE_ID
    "00000000-0000-0000-0000-000000000000" -- _5 : UNIQUE_ID
);
INSERT INTO DIM_WAY VALUES (
    "f2d7763f-98c3-4817-ad6b-12a20947a15f", -- _0 : UNIQUE_ID
    4212.000000, -- _1 : REAL
    3264.000000, -- _2 : REAL
    "f84eae49-c82d-45b4-8c15-f2d7416b1878", -- _3 : UNIQUE_ID
    "00000000-0000-0000-0000-000000000000", -- _4 : UNIQUE_ID
    "00000000-0000-0000-0000-000000000000" -- _5 : UNIQUE_ID
);
INSERT INTO DIM_WAY VALUES (
    "c662d64a-d017-4e42-beef-cf1e2c2a676f", -- _0 : UNIQUE_ID
    4212.000000, -- _1 : REAL
    3324.000000, -- _2 : REAL
    "f84eae49-c82d-45b4-8c15-f2d7416b1878", -- _3 : UNIQUE_ID
    "00000000-0000-0000-0000-000000000000", -- _4 : UNIQUE_ID
    "f2d7763f-98c3-4817-ad6b-12a20947a15f" -- _5 : UNIQUE_ID
);
INSERT INTO DIM_WAY VALUES (
    "699e6918-9f6b-4437-9218-0489892688e3", -- _0 : UNIQUE_ID
    4140.000000, -- _1 : REAL
    3468.000000, -- _2 : REAL
    "aaff5d6f-3f5b-4c4f-8957-c5f95ad86a02", -- _3 : UNIQUE_ID
    "00000000-0000-0000-0000-000000000000", -- _4 : UNIQUE_ID
    "00000000-0000-0000-0000-000000000000" -- _5 : UNIQUE_ID
);
INSERT INTO DIM_WAY VALUES (
    "4e4e522e-9e11-4706-84cc-4eb51ae0e516", -- _0 : UNIQUE_ID
    4140.000000, -- _1 : REAL
    3552.000000, -- _2 : REAL
    "aaff5d6f-3f5b-4c4f-8957-c5f95ad86a02", -- _3 : UNIQUE_ID
    "00000000-0000-0000-0000-000000000000", -- _4 : UNIQUE_ID
    "699e6918-9f6b-4437-9218-0489892688e3" -- _5 : UNIQUE_ID
);
INSERT INTO DIM_WAY VALUES (
    "fc4862da-f11d-4d24-8cbe-d0f6b98966fc", -- _0 : UNIQUE_ID
    4212.000000, -- _1 : REAL
    3120.000000, -- _2 : REAL
    "04a60c01-a632-4726-8733-c1998fa6d90d", -- _3 : UNIQUE_ID
    "00000000-0000-0000-0000-000000000000", -- _4 : UNIQUE_ID
    "00000000-0000-0000-0000-000000000000" -- _5 : UNIQUE_ID
);
INSERT INTO DIM_WAY VALUES (
    "ae8b1113-6b37-4aac-85d2-ee8382224d78", -- _0 : UNIQUE_ID
    4212.000000, -- _1 : REAL
    3024.000000, -- _2 : REAL
    "04a60c01-a632-4726-8733-c1998fa6d90d", -- _3 : UNIQUE_ID
    "00000000-0000-0000-0000-000000000000", -- _4 : UNIQUE_ID
    "fc4862da-f11d-4d24-8cbe-d0f6b98966fc" -- _5 : UNIQUE_ID
);
INSERT INTO DIM_WAY VALUES (
    "7c4f4850-0bdb-433b-83bd-084e152d6a63", -- _0 : UNIQUE_ID
    4320.000000, -- _1 : REAL
    3672.000000, -- _2 : REAL
    "b39a1cf4-4911-439c-a602-d830046b4df8", -- _3 : UNIQUE_ID
    "00000000-0000-0000-0000-000000000000", -- _4 : UNIQUE_ID
    "00000000-0000-0000-0000-000000000000" -- _5 : UNIQUE_ID
);
INSERT INTO DIM_WAY VALUES (
    "54e36071-ef18-43b9-940a-f7e53e605d58", -- _0 : UNIQUE_ID
    4320.000000, -- _1 : REAL
    3636.000000, -- _2 : REAL
    "b39a1cf4-4911-439c-a602-d830046b4df8", -- _3 : UNIQUE_ID
    "00000000-0000-0000-0000-000000000000", -- _4 : UNIQUE_ID
    "7c4f4850-0bdb-433b-83bd-084e152d6a63" -- _5 : UNIQUE_ID
);
INSERT INTO DIM_WAY VALUES (
    "2c49b1c6-c962-4ea6-8a4c-e16a5d7d83af", -- _0 : UNIQUE_ID
    4369.000000, -- _1 : REAL
    3672.000000, -- _2 : REAL
    "b39a1cf4-4911-439c-a602-d830046b4df8", -- _3 : UNIQUE_ID
    "00000000-0000-0000-0000-000000000000", -- _4 : UNIQUE_ID
    "00000000-0000-0000-0000-000000000000" -- _5 : UNIQUE_ID
);
INSERT INTO DIM_WAY VALUES (
    "8c769c00-9372-41f0-83ac-48c9d9f597f1", -- _0 : UNIQUE_ID
    4369.000000, -- _1 : REAL
    3636.000000, -- _2 : REAL
    "b39a1cf4-4911-439c-a602-d830046b4df8", -- _3 : UNIQUE_ID
    "00000000-0000-0000-0000-000000000000", -- _4 : UNIQUE_ID
    "00000000-0000-0000-0000-000000000000" -- _5 : UNIQUE_ID
);
INSERT INTO DIM_WAY VALUES (
    "9f7214a8-52f9-45e0-924a-ff1cabcd54e9", -- _0 : UNIQUE_ID
    4272.000000, -- _1 : REAL
    3552.000000, -- _2 : REAL
    "62847330-bf4f-4033-8718-9c93994b51eb", -- _3 : UNIQUE_ID
    "00000000-0000-0000-0000-000000000000", -- _4 : UNIQUE_ID
    "00000000-0000-0000-0000-000000000000" -- _5 : UNIQUE_ID
);
INSERT INTO DIM_WAY VALUES (
    "970153fc-69c1-449e-8e9c-d610f7bd11df", -- _0 : UNIQUE_ID
    4272.000000, -- _1 : REAL
    3468.000000, -- _2 : REAL
    "62847330-bf4f-4033-8718-9c93994b51eb", -- _3 : UNIQUE_ID
    "00000000-0000-0000-0000-000000000000", -- _4 : UNIQUE_ID
    "9f7214a8-52f9-45e0-924a-ff1cabcd54e9" -- _5 : UNIQUE_ID
);
INSERT INTO DIM_WAY VALUES (
    "e71b8855-d7ac-4a72-81a8-39cfcb839c83", -- _0 : UNIQUE_ID
    4320.000000, -- _1 : REAL
    3372.000000, -- _2 : REAL
    "cff9cdc1-c936-4fa9-9605-b9b666fb817d", -- _3 : UNIQUE_ID
    "00000000-0000-0000-0000-000000000000", -- _4 : UNIQUE_ID
    "00000000-0000-0000-0000-000000000000" -- _5 : UNIQUE_ID
);
INSERT INTO DIM_WAY VALUES (
    "d6e3cc3d-317a-4bce-9ea2-7deb4c65dca5", -- _0 : UNIQUE_ID
    4464.000000, -- _1 : REAL
    3372.000000, -- _2 : REAL
    "cff9cdc1-c936-4fa9-9605-b9b666fb817d", -- _3 : UNIQUE_ID
    "00000000-0000-0000-0000-000000000000", -- _4 : UNIQUE_ID
    "e71b8855-d7ac-4a72-81a8-39cfcb839c83" -- _5 : UNIQUE_ID
);
INSERT INTO DIM_WAY VALUES (
    "bddd6c58-ee56-410b-bff6-b45f13c3f234", -- _0 : UNIQUE_ID
    4464.000000, -- _1 : REAL
    3432.000000, -- _2 : REAL
    "547058ab-5588-4204-9170-371ebcbd44f4", -- _3 : UNIQUE_ID
    "00000000-0000-0000-0000-000000000000", -- _4 : UNIQUE_ID
    "00000000-0000-0000-0000-000000000000" -- _5 : UNIQUE_ID
);
INSERT INTO DIM_WAY VALUES (
    "9b772176-3493-4bdd-b3a0-6dd94ad9efec", -- _0 : UNIQUE_ID
    4320.000000, -- _1 : REAL
    3432.000000, -- _2 : REAL
    "547058ab-5588-4204-9170-371ebcbd44f4", -- _3 : UNIQUE_ID
    "00000000-0000-0000-0000-000000000000", -- _4 : UNIQUE_ID
    "bddd6c58-ee56-410b-bff6-b45f13c3f234" -- _5 : UNIQUE_ID
);
INSERT INTO DIM_WAY VALUES (
    "70c20583-35bc-46bf-917c-735390f79e3d", -- _0 : UNIQUE_ID
    4622.000000, -- _1 : REAL
    3216.000000, -- _2 : REAL
    "432cc52d-be9e-4ae8-95dc-458429c448f9", -- _3 : UNIQUE_ID
    "00000000-0000-0000-0000-000000000000", -- _4 : UNIQUE_ID
    "00000000-0000-0000-0000-000000000000" -- _5 : UNIQUE_ID
);
INSERT INTO DIM_WAY VALUES (
    "d79e4407-2609-4f12-ad8a-ea62b2b73929", -- _0 : UNIQUE_ID
    4704.000000, -- _1 : REAL
    3216.000000, -- _2 : REAL
    "432cc52d-be9e-4ae8-95dc-458429c448f9", -- _3 : UNIQUE_ID
    "00000000-0000-0000-0000-000000000000", -- _4 : UNIQUE_ID
    "70c20583-35bc-46bf-917c-735390f79e3d" -- _5 : UNIQUE_ID
);
INSERT INTO DIM_WAY VALUES (
    "6a7565bd-4aa6-41f1-a2b0-22f07f1b4012", -- _0 : UNIQUE_ID
    4506.000000, -- _1 : REAL
    3262.000000, -- _2 : REAL
    "3fab173b-6d4b-4d40-8720-79b9fcf2f56a", -- _3 : UNIQUE_ID
    "00000000-0000-0000-0000-000000000000", -- _4 : UNIQUE_ID
    "00000000-0000-0000-0000-000000000000" -- _5 : UNIQUE_ID
);
INSERT INTO DIM_WAY VALUES (
    "5cc31bf9-60e3-4146-b147-45c410247079", -- _0 : UNIQUE_ID
    4504.000000, -- _1 : REAL
    3330.000000, -- _2 : REAL
    "3fab173b-6d4b-4d40-8720-79b9fcf2f56a", -- _3 : UNIQUE_ID
    "00000000-0000-0000-0000-000000000000", -- _4 : UNIQUE_ID
    "6a7565bd-4aa6-41f1-a2b0-22f07f1b4012" -- _5 : UNIQUE_ID
);
INSERT INTO DIM_WAY VALUES (
    "727d6e93-9dc1-4478-8494-0caa0abbc891", -- _0 : UNIQUE_ID
    200.000000, -- _1 : REAL
    108.000000, -- _2 : REAL
    "c36dcfd8-6128-4ea6-8ada-504c4809dfa0", -- _3 : UNIQUE_ID
    "00000000-0000-0000-0000-000000000000", -- _4 : UNIQUE_ID
    "00000000-0000-0000-0000-000000000000" -- _5 : UNIQUE_ID
);
INSERT INTO DIM_WAY VALUES (
    "b6b1bfb5-9ad1-4ab9-bf02-27c75969057f", -- _0 : UNIQUE_ID
    275.000000, -- _1 : REAL
    108.000000, -- _2 : REAL
    "c36dcfd8-6128-4ea6-8ada-504c4809dfa0", -- _3 : UNIQUE_ID
    "00000000-0000-0000-0000-000000000000", -- _4 : UNIQUE_ID
    "727d6e93-9dc1-4478-8494-0caa0abbc891" -- _5 : UNIQUE_ID
);
INSERT INTO DIM_WAY VALUES (
    "67927025-488d-4f6d-b90a-11d4794a6611", -- _0 : UNIQUE_ID
    155.000000, -- _1 : REAL
    150.000000, -- _2 : REAL
    "af72b298-1502-421a-be6e-ebe5e49632e0", -- _3 : UNIQUE_ID
    "00000000-0000-0000-0000-000000000000", -- _4 : UNIQUE_ID
    "00000000-0000-0000-0000-000000000000" -- _5 : UNIQUE_ID
);
INSERT INTO DIM_WAY VALUES (
    "69b3271e-0d0b-4ebd-9829-1fed75c08644", -- _0 : UNIQUE_ID
    155.000000, -- _1 : REAL
    203.000000, -- _2 : REAL
    "af72b298-1502-421a-be6e-ebe5e49632e0", -- _3 : UNIQUE_ID
    "00000000-0000-0000-0000-000000000000", -- _4 : UNIQUE_ID
    "67927025-488d-4f6d-b90a-11d4794a6611" -- _5 : UNIQUE_ID
);
INSERT INTO DIM_WAY VALUES (
    "14678630-a3c9-4701-8de2-9b2f1e4d0ab1", -- _0 : UNIQUE_ID
    248.000000, -- _1 : REAL
    204.000000, -- _2 : REAL
    "518eea7b-9453-4dc8-aa01-60c0145f390f", -- _3 : UNIQUE_ID
    "00000000-0000-0000-0000-000000000000", -- _4 : UNIQUE_ID
    "00000000-0000-0000-0000-000000000000" -- _5 : UNIQUE_ID
);
INSERT INTO DIM_WAY VALUES (
    "575fa5da-8bd1-4384-9412-bd332a152df8", -- _0 : UNIQUE_ID
    324.000000, -- _1 : REAL
    204.000000, -- _2 : REAL
    "518eea7b-9453-4dc8-aa01-60c0145f390f", -- _3 : UNIQUE_ID
    "00000000-0000-0000-0000-000000000000", -- _4 : UNIQUE_ID
    "14678630-a3c9-4701-8de2-9b2f1e4d0ab1" -- _5 : UNIQUE_ID
);
INSERT INTO DIM_WAY VALUES (
    "7f515b38-b6dd-49da-9df0-ee6a917b6bbc", -- _0 : UNIQUE_ID
    248.000000, -- _1 : REAL
    288.000000, -- _2 : REAL
    "fee6c47e-1bcc-473e-953a-a72c867910a0", -- _3 : UNIQUE_ID
    "00000000-0000-0000-0000-000000000000", -- _4 : UNIQUE_ID
    "00000000-0000-0000-0000-000000000000" -- _5 : UNIQUE_ID
);
INSERT INTO DIM_WAY VALUES (
    "7e41bd8f-940a-46ba-95b6-9325ef7a21b0", -- _0 : UNIQUE_ID
    316.000000, -- _1 : REAL
    288.000000, -- _2 : REAL
    "fee6c47e-1bcc-473e-953a-a72c867910a0", -- _3 : UNIQUE_ID
    "00000000-0000-0000-0000-000000000000", -- _4 : UNIQUE_ID
    "7f515b38-b6dd-49da-9df0-ee6a917b6bbc" -- _5 : UNIQUE_ID
);
INSERT INTO DIM_WAY VALUES (
    "96ff68a9-6952-456a-be6c-543232552da5", -- _0 : UNIQUE_ID
    384.000000, -- _1 : REAL
    204.000000, -- _2 : REAL
    "59b32b05-a687-4de3-9389-922141c09d4b", -- _3 : UNIQUE_ID
    "00000000-0000-0000-0000-000000000000", -- _4 : UNIQUE_ID
    "00000000-0000-0000-0000-000000000000" -- _5 : UNIQUE_ID
);
INSERT INTO DIM_WAY VALUES (
    "424c3b81-a362-4378-9f64-271538b3f904", -- _0 : UNIQUE_ID
    324.000000, -- _1 : REAL
    204.000000, -- _2 : REAL
    "59b32b05-a687-4de3-9389-922141c09d4b", -- _3 : UNIQUE_ID
    "00000000-0000-0000-0000-000000000000", -- _4 : UNIQUE_ID
    "96ff68a9-6952-456a-be6c-543232552da5" -- _5 : UNIQUE_ID
);
INSERT INTO DIM_WAY VALUES (
    "ded40771-7b4c-42b2-9624-f40289e97b58", -- _0 : UNIQUE_ID
    384.000000, -- _1 : REAL
    288.000000, -- _2 : REAL
    "c6ec4811-f2cd-474d-9bf4-b822a724e7cd", -- _3 : UNIQUE_ID
    "00000000-0000-0000-0000-000000000000", -- _4 : UNIQUE_ID
    "00000000-0000-0000-0000-000000000000" -- _5 : UNIQUE_ID
);
INSERT INTO DIM_WAY VALUES (
    "381510f9-79b2-435b-bd3a-098b120514a0", -- _0 : UNIQUE_ID
    316.000000, -- _1 : REAL
    288.000000, -- _2 : REAL
    "c6ec4811-f2cd-474d-9bf4-b822a724e7cd", -- _3 : UNIQUE_ID
    "00000000-0000-0000-0000-000000000000", -- _4 : UNIQUE_ID
    "ded40771-7b4c-42b2-9624-f40289e97b58" -- _5 : UNIQUE_ID
);
INSERT INTO DIM_ED VALUES (
    "0efbf7f2-e258-44cc-aac7-de6197b38c9a", -- _0 : UNIQUE_ID
    "00000000-0000-0000-0000-000000000000", -- _1 : UNIQUE_ID
    "b7208601-6c1d-4a70-9874-af630427b85c" -- _2 : UNIQUE_ID
);
INSERT INTO DIM_ED VALUES (
    "0fb47b41-f90d-48ac-a372-a40900163b60", -- _0 : UNIQUE_ID
    "00000000-0000-0000-0000-000000000000", -- _1 : UNIQUE_ID
    "583313b2-37e6-4d57-a74f-cf74a3356c2a" -- _2 : UNIQUE_ID
);
INSERT INTO DIM_ED VALUES (
    "70cfb4cd-5d43-4e26-96ff-1dc7871d832a", -- _0 : UNIQUE_ID
    "00000000-0000-0000-0000-000000000000", -- _1 : UNIQUE_ID
    "b982d6cf-9550-416f-8b35-312dcfff4b27" -- _2 : UNIQUE_ID
);
INSERT INTO DIM_ED VALUES (
    "47d98558-ece3-4afa-bbc0-db77078ee2cb", -- _0 : UNIQUE_ID
    "00000000-0000-0000-0000-000000000000", -- _1 : UNIQUE_ID
    "eef2d986-d98e-43f4-8d78-347a6ab9fb65" -- _2 : UNIQUE_ID
);
INSERT INTO DIM_ED VALUES (
    "af9d47ef-196b-4646-a41c-2452d4336062", -- _0 : UNIQUE_ID
    "a35a294e-514c-4819-9b5a-64f749fc5117", -- _1 : UNIQUE_ID
    "eaa17e4e-c479-4b52-81f5-53d8d2fe4c57" -- _2 : UNIQUE_ID
);
INSERT INTO DIM_ED VALUES (
    "35198e41-63d1-41bc-bf84-255d9ff53be5", -- _0 : UNIQUE_ID
    "53353ad4-632f-4187-bd59-87db3b11c301", -- _1 : UNIQUE_ID
    "cf58e3d4-607b-4455-bbc6-581ae83dc061" -- _2 : UNIQUE_ID
);
INSERT INTO DIM_ED VALUES (
    "a2a1a7c7-b24b-4160-a6bd-fe4110be2cdf", -- _0 : UNIQUE_ID
    "5af8ab3b-a683-4c4d-92e7-4c23f3b5ea43", -- _1 : UNIQUE_ID
    "82f927e5-d856-477b-a9a9-a4c205588290" -- _2 : UNIQUE_ID
);
INSERT INTO DIM_ED VALUES (
    "d2ba13c8-f917-48e6-8fa6-d4a70b3b5726", -- _0 : UNIQUE_ID
    "9ecf4aba-c138-486f-a009-6daaaeb9b7a0", -- _1 : UNIQUE_ID
    "c2e8561a-8e2d-41ee-a73e-6f565b62290b" -- _2 : UNIQUE_ID
);
INSERT INTO DIM_ED VALUES (
    "6620aa68-ec06-4c64-bd41-cad026dd374b", -- _0 : UNIQUE_ID
    "8b420346-e131-4e8a-b41c-4a35a73962a2", -- _1 : UNIQUE_ID
    "797d9d41-d43c-4382-8a83-601dcc7577e7" -- _2 : UNIQUE_ID
);
INSERT INTO DIM_ED VALUES (
    "74a38f5e-00e1-4f2d-b0f6-14c878de2c55", -- _0 : UNIQUE_ID
    "00000000-0000-0000-0000-000000000000", -- _1 : UNIQUE_ID
    "01eaa8dd-924c-4fc5-ba3e-0fb5817a847b" -- _2 : UNIQUE_ID
);
INSERT INTO DIM_ED VALUES (
    "e367b5bd-0677-431f-8870-c8b08d6a8b4e", -- _0 : UNIQUE_ID
    "458fecf9-bd1c-4cce-b1d6-57e9a04b02fa", -- _1 : UNIQUE_ID
    "0d4e1033-4b56-4dcc-89e6-7176e60024e6" -- _2 : UNIQUE_ID
);
INSERT INTO DIM_ED VALUES (
    "525f9e54-f600-4316-b52c-d3370c777a77", -- _0 : UNIQUE_ID
    "b5bf78ed-d8d6-48d9-809c-40fe51cb203b", -- _1 : UNIQUE_ID
    "3dd7354c-7e7e-404b-ae8f-2f679cbff22f" -- _2 : UNIQUE_ID
);
INSERT INTO DIM_ED VALUES (
    "63295fea-9bd6-4877-ade7-906b75159719", -- _0 : UNIQUE_ID
    "3d745cf8-bf61-4988-af6f-c62508d020ba", -- _1 : UNIQUE_ID
    "b322670e-7175-434b-b3bb-15d7968a6643" -- _2 : UNIQUE_ID
);
INSERT INTO DIM_ED VALUES (
    "42aa71b1-4371-4f7c-88df-aecba631557e", -- _0 : UNIQUE_ID
    "4744dd43-3b4c-4ea8-80a3-ea9adb0504e0", -- _1 : UNIQUE_ID
    "f84eae49-c82d-45b4-8c15-f2d7416b1878" -- _2 : UNIQUE_ID
);
INSERT INTO DIM_ED VALUES (
    "43e6ce0d-6cfc-44cd-9bde-30327f3977b4", -- _0 : UNIQUE_ID
    "ad60cf1c-6638-47c6-b8ca-f6baa6425dfd", -- _1 : UNIQUE_ID
    "aaff5d6f-3f5b-4c4f-8957-c5f95ad86a02" -- _2 : UNIQUE_ID
);
INSERT INTO DIM_ED VALUES (
    "98a92426-b5a3-4014-8dcb-3724f22be71c", -- _0 : UNIQUE_ID
    "00000000-0000-0000-0000-000000000000", -- _1 : UNIQUE_ID
    "04a60c01-a632-4726-8733-c1998fa6d90d" -- _2 : UNIQUE_ID
);
INSERT INTO DIM_ED VALUES (
    "0a3f2926-a444-4764-9e49-9def1fa7cac0", -- _0 : UNIQUE_ID
    "8106185e-1248-490e-9bad-c1889130fd9e", -- _1 : UNIQUE_ID
    "b39a1cf4-4911-439c-a602-d830046b4df8" -- _2 : UNIQUE_ID
);
INSERT INTO DIM_ED VALUES (
    "5a2df59b-340f-436c-9aee-de5376e6fe67", -- _0 : UNIQUE_ID
    "142eef99-df65-42e7-9a54-28444700bc78", -- _1 : UNIQUE_ID
    "62847330-bf4f-4033-8718-9c93994b51eb" -- _2 : UNIQUE_ID
);
INSERT INTO DIM_ED VALUES (
    "0f4d8487-6101-4816-bef9-48bd07dfc10f", -- _0 : UNIQUE_ID
    "dc74a5fd-ff9e-492a-a591-f7ec55c56474", -- _1 : UNIQUE_ID
    "cff9cdc1-c936-4fa9-9605-b9b666fb817d" -- _2 : UNIQUE_ID
);
INSERT INTO DIM_ED VALUES (
    "b4f5da56-41b1-4d4f-9325-77ee992320bf", -- _0 : UNIQUE_ID
    "f8443e02-d7cb-4ede-8dc4-1256b7bcec7f", -- _1 : UNIQUE_ID
    "547058ab-5588-4204-9170-371ebcbd44f4" -- _2 : UNIQUE_ID
);
INSERT INTO DIM_ED VALUES (
    "c700114e-95b2-4e09-a6e9-ca2acea8bca9", -- _0 : UNIQUE_ID
    "00000000-0000-0000-0000-000000000000", -- _1 : UNIQUE_ID
    "432cc52d-be9e-4ae8-95dc-458429c448f9" -- _2 : UNIQUE_ID
);
INSERT INTO DIM_ED VALUES (
    "737758d6-9562-440e-bed6-27a0ece89b08", -- _0 : UNIQUE_ID
    "00000000-0000-0000-0000-000000000000", -- _1 : UNIQUE_ID
    "3fab173b-6d4b-4d40-8720-79b9fcf2f56a" -- _2 : UNIQUE_ID
);
INSERT INTO DIM_ED VALUES (
    "4b6eb0df-a579-480d-b351-0c9d0c36c7e4", -- _0 : UNIQUE_ID
    "00000000-0000-0000-0000-000000000000", -- _1 : UNIQUE_ID
    "c36dcfd8-6128-4ea6-8ada-504c4809dfa0" -- _2 : UNIQUE_ID
);
INSERT INTO DIM_ED VALUES (
    "9bf5f7f2-6811-4c6b-bd19-94c721b02ef6", -- _0 : UNIQUE_ID
    "00000000-0000-0000-0000-000000000000", -- _1 : UNIQUE_ID
    "af72b298-1502-421a-be6e-ebe5e49632e0" -- _2 : UNIQUE_ID
);
INSERT INTO DIM_ED VALUES (
    "fbaa0f93-45c2-4238-916b-cd3b825fc60c", -- _0 : UNIQUE_ID
    "58da1b74-661a-4f40-9e7e-09fdb55a4080", -- _1 : UNIQUE_ID
    "518eea7b-9453-4dc8-aa01-60c0145f390f" -- _2 : UNIQUE_ID
);
INSERT INTO DIM_ED VALUES (
    "242bb5a1-4c92-489b-9fd5-cab892a0db72", -- _0 : UNIQUE_ID
    "531c3603-2ecf-4ccd-a822-10a49c339bcd", -- _1 : UNIQUE_ID
    "fee6c47e-1bcc-473e-953a-a72c867910a0" -- _2 : UNIQUE_ID
);
INSERT INTO DIM_ED VALUES (
    "47856dfa-4a9a-4d45-affc-b3b0fd19b28b", -- _0 : UNIQUE_ID
    "00000000-0000-0000-0000-000000000000", -- _1 : UNIQUE_ID
    "59b32b05-a687-4de3-9389-922141c09d4b" -- _2 : UNIQUE_ID
);
INSERT INTO DIM_ED VALUES (
    "62ac4ebb-70b9-47fd-a8cf-679169af6c11", -- _0 : UNIQUE_ID
    "00000000-0000-0000-0000-000000000000", -- _1 : UNIQUE_ID
    "c6ec4811-f2cd-474d-9bf4-b822a724e7cd" -- _2 : UNIQUE_ID
);
INSERT INTO GD_CTR VALUES (
    "26ab6a35-97f1-49d5-ae78-5b9e619b0c16" -- _0 : UNIQUE_ID
);
INSERT INTO GD_CTR VALUES (
    "eddfd0d8-cb75-47d8-99ce-5cdb9e99e5a1" -- _0 : UNIQUE_ID
);
INSERT INTO C_EP_PROXY VALUES (
    "be4e38a9-c84b-44ce-a173-d57405caeeca", -- _0 : UNIQUE_ID
    "102214df-1d03-428f-9eb8-5c5ce18bfdae", -- _1 : UNIQUE_ID
    -1, -- _2 : INTEGER
    'New', -- _3 : STRING
    '', -- _4 : STRING
    '../../../../../HRUI/models/HRUI/UI/Shared/EP/EP.xtuml' -- _5 : STRING
);
INSERT INTO C_EP_PROXY VALUES (
    "f83ecd5c-00bd-42d1-a795-2868eba34aec", -- _0 : UNIQUE_ID
    "102214df-1d03-428f-9eb8-5c5ce18bfdae", -- _1 : UNIQUE_ID
    -1, -- _2 : INTEGER
    'Reply', -- _3 : STRING
    '', -- _4 : STRING
    '../../../../../HRUI/models/HRUI/UI/Shared/EP/EP.xtuml' -- _5 : STRING
);
INSERT INTO C_EP_PROXY VALUES (
    "dd791a09-c8bd-4868-8174-4726cea8e2d3", -- _0 : UNIQUE_ID
    "102214df-1d03-428f-9eb8-5c5ce18bfdae", -- _1 : UNIQUE_ID
    -1, -- _2 : INTEGER
    'Start', -- _3 : STRING
    '', -- _4 : STRING
    '../../../../../HRUI/models/HRUI/UI/Shared/EP/EP.xtuml' -- _5 : STRING
);
INSERT INTO C_EP_PROXY VALUES (
    "1d101b95-2445-43c6-be97-23dade4e9158", -- _0 : UNIQUE_ID
    "1db612f7-881a-4a30-adad-f3a35c05bb90", -- _1 : UNIQUE_ID
    -1, -- _2 : INTEGER
    'New_Leave', -- _3 : STRING
    '//If there is no match for Leave, then create a new Leave.
select any leave from instances of Leave where selected.Name==param.Name;
if ( empty leave )
	//create object instance employee of Employee;
	leave.createLeave( Name:param.Name, NumberOfAllowedDays:param.NumberOfAllowedDays);
	//generate Employee1:newEmployeeRcvd(FName:param.FName, LName:param.LName, National_ID:param.National_ID) to employee;
	
	UI::Reply( msg:"Leave created successfully.", state:True);
else 
	
	LOG::LogInfo(message:"Leave already exists!" );
	//LOG::LogInfo(message:"Updating details." );
	//employee.FName = param.FName;
	//employee.LName = param.LName;	
	//UI::Reply( msg:"Employee already exists", state:False);
end if;
', -- _4 : STRING
    '../../../../../HRUI/models/HRUI/UI/Shared/Leave/Leave.xtuml' -- _5 : STRING
);
INSERT INTO C_EP_PROXY VALUES (
    "5b22db55-b22f-4cc4-b387-b8ccbe203451", -- _0 : UNIQUE_ID
    "1db612f7-881a-4a30-adad-f3a35c05bb90", -- _1 : UNIQUE_ID
    -1, -- _2 : INTEGER
    'Request', -- _3 : STRING
    '//Select an employee using the National ID to deliver the event to the statemachine
// to serve the request for leave.
select any employee from instances of EM where selected.National_ID==param.National_ID;
if ( not empty employee )
	generate EM3:requestLeave(Starting:param.Starting, Ending:param.Ending, Name:param.Name, National_ID:param.National_ID) to employee;
	UI::Reply( msg:"Employee has requested leave successfully ", state:True);

else 
	LOG::LogInfo(message:"Employee is not registered!" );
	UI::Reply( msg:"Employee is not found.", state:False);
end if;
', -- _4 : STRING
    '../../../../../HRUI/models/HRUI/UI/Shared/Leave/Leave.xtuml' -- _5 : STRING
);
INSERT INTO C_EP_PROXY VALUES (
    "c1eca9ba-a0af-420b-af80-6d8c793ec1a3", -- _0 : UNIQUE_ID
    "1db612f7-881a-4a30-adad-f3a35c05bb90", -- _1 : UNIQUE_ID
    -1, -- _2 : INTEGER
    'Return', -- _3 : STRING
    '//Select an employee using the National ID to deliver the event to the statemachine
// to serve the request for leave.
select any employee from instances of EM where selected.National_ID==param.National_ID;
if ( not empty employee )
	generate EM4:returnFromLeave() to employee;
	UI::Reply( msg:"Employee request is successfull ", state:True);

else 
	LOG::LogInfo(message:"Employee is not registered!" );
	UI::Reply( msg:"Employee is not found.", state:False);
end if;
', -- _4 : STRING
    '../../../../../HRUI/models/HRUI/UI/Shared/Leave/Leave.xtuml' -- _5 : STRING
);
INSERT INTO C_EP_PROXY VALUES (
    "be4e38a9-c84b-44ce-a173-d57405caeeca", -- _0 : UNIQUE_ID
    "102214df-1d03-428f-9eb8-5c5ce18bfdae", -- _1 : UNIQUE_ID
    -1, -- _2 : INTEGER
    'New', -- _3 : STRING
    '', -- _4 : STRING
    '../Shared/EP/EP.xtuml' -- _5 : STRING
);
INSERT INTO C_EP_PROXY VALUES (
    "f83ecd5c-00bd-42d1-a795-2868eba34aec", -- _0 : UNIQUE_ID
    "102214df-1d03-428f-9eb8-5c5ce18bfdae", -- _1 : UNIQUE_ID
    -1, -- _2 : INTEGER
    'Reply', -- _3 : STRING
    '', -- _4 : STRING
    '../Shared/EP/EP.xtuml' -- _5 : STRING
);
INSERT INTO C_EP_PROXY VALUES (
    "dd791a09-c8bd-4868-8174-4726cea8e2d3", -- _0 : UNIQUE_ID
    "102214df-1d03-428f-9eb8-5c5ce18bfdae", -- _1 : UNIQUE_ID
    -1, -- _2 : INTEGER
    'Start', -- _3 : STRING
    '', -- _4 : STRING
    '../Shared/EP/EP.xtuml' -- _5 : STRING
);
INSERT INTO C_EP_PROXY VALUES (
    "1d101b95-2445-43c6-be97-23dade4e9158", -- _0 : UNIQUE_ID
    "1db612f7-881a-4a30-adad-f3a35c05bb90", -- _1 : UNIQUE_ID
    -1, -- _2 : INTEGER
    'New_Leave', -- _3 : STRING
    '', -- _4 : STRING
    '../Shared/Leave/Leave.xtuml' -- _5 : STRING
);
INSERT INTO C_EP_PROXY VALUES (
    "5b22db55-b22f-4cc4-b387-b8ccbe203451", -- _0 : UNIQUE_ID
    "1db612f7-881a-4a30-adad-f3a35c05bb90", -- _1 : UNIQUE_ID
    -1, -- _2 : INTEGER
    'Request', -- _3 : STRING
    '', -- _4 : STRING
    '../Shared/Leave/Leave.xtuml' -- _5 : STRING
);
INSERT INTO C_I_PROXY VALUES (
    "102214df-1d03-428f-9eb8-5c5ce18bfdae", -- _0 : UNIQUE_ID
    "00000000-0000-0000-0000-000000000000", -- _1 : UNIQUE_ID
    'EP', -- _2 : STRING
    '', -- _3 : STRING
    '../../../../../HRUI/models/HRUI/UI/Shared/EP/EP.xtuml' -- _4 : STRING
);
INSERT INTO C_I_PROXY VALUES (
    "1db612f7-881a-4a30-adad-f3a35c05bb90", -- _0 : UNIQUE_ID
    "00000000-0000-0000-0000-000000000000", -- _1 : UNIQUE_ID
    'Leave', -- _2 : STRING
    '', -- _3 : STRING
    '../../../../../HRUI/models/HRUI/UI/Shared/Leave/Leave.xtuml' -- _4 : STRING
);
INSERT INTO C_I_PROXY VALUES (
    "102214df-1d03-428f-9eb8-5c5ce18bfdae", -- _0 : UNIQUE_ID
    "00000000-0000-0000-0000-000000000000", -- _1 : UNIQUE_ID
    'EP', -- _2 : STRING
    '', -- _3 : STRING
    '../Shared/EP/EP.xtuml' -- _4 : STRING
);
INSERT INTO C_I_PROXY VALUES (
    "1db612f7-881a-4a30-adad-f3a35c05bb90", -- _0 : UNIQUE_ID
    "00000000-0000-0000-0000-000000000000", -- _1 : UNIQUE_ID
    'Leave', -- _2 : STRING
    '', -- _3 : STRING
    '../Shared/Leave/Leave.xtuml' -- _4 : STRING
);
INSERT INTO EP_PKG_PROXY VALUES (
    "c26641d6-6bfe-4fa5-b78d-533f6fb8d396", -- _0 : UNIQUE_ID
    "ccdb2e52-76fc-4422-936f-a0239fd9d106", -- _1 : UNIQUE_ID
    "ccdb2e52-76fc-4422-936f-a0239fd9d106", -- _2 : UNIQUE_ID
    'hrm', -- _3 : STRING
    '', -- _4 : STRING
    0, -- _5 : INTEGER
    '../hrm.xtuml' -- _6 : STRING
);
INSERT INTO EP_PKG_PROXY VALUES (
    "fdd8efa1-97d4-4adc-a67d-1fb0bd49373b", -- _0 : UNIQUE_ID
    "00000000-0000-0000-0000-000000000000", -- _1 : UNIQUE_ID
    "ccdb2e52-76fc-4422-936f-a0239fd9d106", -- _2 : UNIQUE_ID
    'main', -- _3 : STRING
    '', -- _4 : STRING
    0, -- _5 : INTEGER
    '../main.xtuml' -- _6 : STRING
);
INSERT INTO EP_PKG_PROXY VALUES (
    "fdd8efa1-97d4-4adc-a67d-1fb0bd49373b", -- _0 : UNIQUE_ID
    "00000000-0000-0000-0000-000000000000", -- _1 : UNIQUE_ID
    "ccdb2e52-76fc-4422-936f-a0239fd9d106", -- _2 : UNIQUE_ID
    'main', -- _3 : STRING
    '', -- _4 : STRING
    0, -- _5 : INTEGER
    '../main.xtuml' -- _6 : STRING
);
INSERT INTO EP_PKG_PROXY VALUES (
    "fdd8efa1-97d4-4adc-a67d-1fb0bd49373b", -- _0 : UNIQUE_ID
    "00000000-0000-0000-0000-000000000000", -- _1 : UNIQUE_ID
    "ccdb2e52-76fc-4422-936f-a0239fd9d106", -- _2 : UNIQUE_ID
    'main', -- _3 : STRING
    '', -- _4 : STRING
    0, -- _5 : INTEGER
    '../main.xtuml' -- _6 : STRING
);
INSERT INTO EP_PKG_PROXY VALUES (
    "fdd8efa1-97d4-4adc-a67d-1fb0bd49373b", -- _0 : UNIQUE_ID
    "00000000-0000-0000-0000-000000000000", -- _1 : UNIQUE_ID
    "ccdb2e52-76fc-4422-936f-a0239fd9d106", -- _2 : UNIQUE_ID
    'main', -- _3 : STRING
    '', -- _4 : STRING
    0, -- _5 : INTEGER
    '../main.xtuml' -- _6 : STRING
);
INSERT INTO EP_PKG_PROXY VALUES (
    "fdd8efa1-97d4-4adc-a67d-1fb0bd49373b", -- _0 : UNIQUE_ID
    "00000000-0000-0000-0000-000000000000", -- _1 : UNIQUE_ID
    "ccdb2e52-76fc-4422-936f-a0239fd9d106", -- _2 : UNIQUE_ID
    'main', -- _3 : STRING
    '', -- _4 : STRING
    0, -- _5 : INTEGER
    '../main.xtuml' -- _6 : STRING
);
INSERT INTO EP_PKG_PROXY VALUES (
    "fdd8efa1-97d4-4adc-a67d-1fb0bd49373b", -- _0 : UNIQUE_ID
    "00000000-0000-0000-0000-000000000000", -- _1 : UNIQUE_ID
    "ccdb2e52-76fc-4422-936f-a0239fd9d106", -- _2 : UNIQUE_ID
    'main', -- _3 : STRING
    '', -- _4 : STRING
    0, -- _5 : INTEGER
    '../main.xtuml' -- _6 : STRING
);
INSERT INTO EP_PKG_PROXY VALUES (
    "fdd8efa1-97d4-4adc-a67d-1fb0bd49373b", -- _0 : UNIQUE_ID
    "00000000-0000-0000-0000-000000000000", -- _1 : UNIQUE_ID
    "ccdb2e52-76fc-4422-936f-a0239fd9d106", -- _2 : UNIQUE_ID
    'main', -- _3 : STRING
    '', -- _4 : STRING
    0, -- _5 : INTEGER
    '../main.xtuml' -- _6 : STRING
);
INSERT INTO EP_PKG_PROXY VALUES (
    "fdd8efa1-97d4-4adc-a67d-1fb0bd49373b", -- _0 : UNIQUE_ID
    "00000000-0000-0000-0000-000000000000", -- _1 : UNIQUE_ID
    "ccdb2e52-76fc-4422-936f-a0239fd9d106", -- _2 : UNIQUE_ID
    'main', -- _3 : STRING
    '', -- _4 : STRING
    0, -- _5 : INTEGER
    '../main.xtuml' -- _6 : STRING
);
INSERT INTO EP_PKG_PROXY VALUES (
    "fdd8efa1-97d4-4adc-a67d-1fb0bd49373b", -- _0 : UNIQUE_ID
    "00000000-0000-0000-0000-000000000000", -- _1 : UNIQUE_ID
    "ccdb2e52-76fc-4422-936f-a0239fd9d106", -- _2 : UNIQUE_ID
    'main', -- _3 : STRING
    '', -- _4 : STRING
    0, -- _5 : INTEGER
    '../main.xtuml' -- _6 : STRING
);
INSERT INTO EP_PKG_PROXY VALUES (
    "2ac1b93e-087c-4999-856e-c988c703dec6", -- _0 : UNIQUE_ID
    "46564f98-385d-43d9-876a-ca551a77e802", -- _1 : UNIQUE_ID
    "46564f98-385d-43d9-876a-ca551a77e802", -- _2 : UNIQUE_ID
    'UI', -- _3 : STRING
    '', -- _4 : STRING
    0, -- _5 : INTEGER
    '../UI.xtuml' -- _6 : STRING
);
INSERT INTO EP_PKG_PROXY VALUES (
    "2ac1b93e-087c-4999-856e-c988c703dec6", -- _0 : UNIQUE_ID
    "46564f98-385d-43d9-876a-ca551a77e802", -- _1 : UNIQUE_ID
    "46564f98-385d-43d9-876a-ca551a77e802", -- _2 : UNIQUE_ID
    'UI', -- _3 : STRING
    '', -- _4 : STRING
    0, -- _5 : INTEGER
    '../UI.xtuml' -- _6 : STRING
);
INSERT INTO EP_PKG_PROXY VALUES (
    "941213f0-4346-48d9-89fe-196761630487", -- _0 : UNIQUE_ID
    "00000000-0000-0000-0000-000000000000", -- _1 : UNIQUE_ID
    "46564f98-385d-43d9-876a-ca551a77e802", -- _2 : UNIQUE_ID
    'Shared', -- _3 : STRING
    '', -- _4 : STRING
    0, -- _5 : INTEGER
    '../Shared.xtuml' -- _6 : STRING
);
INSERT INTO EP_PKG_PROXY VALUES (
    "941213f0-4346-48d9-89fe-196761630487", -- _0 : UNIQUE_ID
    "00000000-0000-0000-0000-000000000000", -- _1 : UNIQUE_ID
    "46564f98-385d-43d9-876a-ca551a77e802", -- _2 : UNIQUE_ID
    'Shared', -- _3 : STRING
    '', -- _4 : STRING
    0, -- _5 : INTEGER
    '../Shared.xtuml' -- _6 : STRING
);
INSERT INTO R_RGO_PROXY VALUES (
    "20391e7a-d5eb-43ec-849a-3af0009b3d41", -- _0 : UNIQUE_ID
    "ae8bfc83-f458-4499-85f3-5a2ce8b49a22", -- _1 : UNIQUE_ID
    "a8183480-3b80-4baa-8fc6-bf7d78012309", -- _2 : UNIQUE_ID
    '../main.xtuml' -- _3 : STRING
);
INSERT INTO O_RTIDA_PROXY VALUES (
    "9066db86-0565-4761-9920-bcf2a1cd02d9", -- _0 : UNIQUE_ID
    "d8528470-976c-421b-a087-1201ac24302f", -- _1 : UNIQUE_ID
    0, -- _2 : INTEGER
    "ae8bfc83-f458-4499-85f3-5a2ce8b49a22", -- _3 : UNIQUE_ID
    "97cb71b6-2cec-47ba-b5ec-2a223b894c34", -- _4 : UNIQUE_ID
    '../main.xtuml' -- _5 : STRING
);
INSERT INTO O_RTIDA_PROXY VALUES (
    "d4eda1c1-2837-4bc2-a72f-560c003f5ac7", -- _0 : UNIQUE_ID
    "20eeccf9-a28c-4875-94f5-245affd4f878", -- _1 : UNIQUE_ID
    0, -- _2 : INTEGER
    "ae8bfc83-f458-4499-85f3-5a2ce8b49a22", -- _3 : UNIQUE_ID
    "c8c0492e-b7ca-4906-826e-6ffe50580cbe", -- _4 : UNIQUE_ID
    '../main.xtuml' -- _5 : STRING
);
INSERT INTO O_BATTR_PROXY VALUES (
    "9066db86-0565-4761-9920-bcf2a1cd02d9", -- _0 : UNIQUE_ID
    "d8528470-976c-421b-a087-1201ac24302f", -- _1 : UNIQUE_ID
    '../Employee/Employee.xtuml' -- _2 : STRING
);
INSERT INTO O_BATTR_PROXY VALUES (
    "d4eda1c1-2837-4bc2-a72f-560c003f5ac7", -- _0 : UNIQUE_ID
    "20eeccf9-a28c-4875-94f5-245affd4f878", -- _1 : UNIQUE_ID
    '../Leave/Leave.xtuml' -- _2 : STRING
);
INSERT INTO GD_AOS VALUES (
    "458fecf9-bd1c-4cce-b1d6-57e9a04b02fa", -- _0 : UNIQUE_ID
    "f82ca37f-b5d6-46d1-8d62-5a71f9b94f6d" -- _1 : UNIQUE_ID
);
INSERT INTO GD_AOS VALUES (
    "b5bf78ed-d8d6-48d9-809c-40fe51cb203b", -- _0 : UNIQUE_ID
    "f82ca37f-b5d6-46d1-8d62-5a71f9b94f6d" -- _1 : UNIQUE_ID
);
INSERT INTO GD_AOS VALUES (
    "3d745cf8-bf61-4988-af6f-c62508d020ba", -- _0 : UNIQUE_ID
    "f82ca37f-b5d6-46d1-8d62-5a71f9b94f6d" -- _1 : UNIQUE_ID
);
INSERT INTO GD_AOS VALUES (
    "58da1b74-661a-4f40-9e7e-09fdb55a4080", -- _0 : UNIQUE_ID
    "e1c33976-587e-411c-98fc-879ab9e9915d" -- _1 : UNIQUE_ID
);
INSERT INTO GD_AOS VALUES (
    "531c3603-2ecf-4ccd-a822-10a49c339bcd", -- _0 : UNIQUE_ID
    "15d1f86d-f51e-44c0-9727-12f6e5522ab6" -- _1 : UNIQUE_ID
);
INSERT INTO O_OIDA_PROXY VALUES (
    "9066db86-0565-4761-9920-bcf2a1cd02d9", -- _0 : UNIQUE_ID
    "d8528470-976c-421b-a087-1201ac24302f", -- _1 : UNIQUE_ID
    0, -- _2 : INTEGER
    'National_ID', -- _3 : STRING
    './Employee/Employee.xtuml' -- _4 : STRING
);
INSERT INTO O_OIDA_PROXY VALUES (
    "d4eda1c1-2837-4bc2-a72f-560c003f5ac7", -- _0 : UNIQUE_ID
    "20eeccf9-a28c-4875-94f5-245affd4f878", -- _1 : UNIQUE_ID
    0, -- _2 : INTEGER
    'Leave_ID', -- _3 : STRING
    './Leave/Leave.xtuml' -- _4 : STRING
);
INSERT INTO O_ID_PROXY VALUES (
    0, -- _0 : INTEGER
    "d8528470-976c-421b-a087-1201ac24302f", -- _1 : UNIQUE_ID
    './Employee/Employee.xtuml' -- _2 : STRING
);
INSERT INTO O_ID_PROXY VALUES (
    0, -- _0 : INTEGER
    "20eeccf9-a28c-4875-94f5-245affd4f878", -- _1 : UNIQUE_ID
    './Leave/Leave.xtuml' -- _2 : STRING
);
INSERT INTO O_OBJ_PROXY VALUES (
    "d8528470-976c-421b-a087-1201ac24302f", -- _0 : UNIQUE_ID
    'Employee', -- _1 : STRING
    1, -- _2 : INTEGER
    'EM', -- _3 : STRING
    '', -- _4 : STRING
    "00000000-0000-0000-0000-000000000000", -- _5 : UNIQUE_ID
    './Employee/Employee.xtuml' -- _6 : STRING
);
INSERT INTO O_OBJ_PROXY VALUES (
    "20eeccf9-a28c-4875-94f5-245affd4f878", -- _0 : UNIQUE_ID
    'Leave', -- _1 : STRING
    2, -- _2 : INTEGER
    'Leave', -- _3 : STRING
    '', -- _4 : STRING
    "00000000-0000-0000-0000-000000000000", -- _5 : UNIQUE_ID
    './Leave/Leave.xtuml' -- _6 : STRING
);
INSERT INTO O_OBJ_PROXY VALUES (
    "20391e7a-d5eb-43ec-849a-3af0009b3d41", -- _0 : UNIQUE_ID
    'Employee_Leave', -- _1 : STRING
    3, -- _2 : INTEGER
    'Employee_Leave', -- _3 : STRING
    '', -- _4 : STRING
    "00000000-0000-0000-0000-000000000000", -- _5 : UNIQUE_ID
    './Employee_Leave/Employee_Leave.xtuml' -- _6 : STRING
);
INSERT INTO O_OBJ_PROXY VALUES (
    "6ebd6869-c24e-4efa-81a8-0cdf8005ec5e", -- _0 : UNIQUE_ID
    'Pay', -- _1 : STRING
    8, -- _2 : INTEGER
    'Pay', -- _3 : STRING
    '', -- _4 : STRING
    "00000000-0000-0000-0000-000000000000", -- _5 : UNIQUE_ID
    './Pay/Pay.xtuml' -- _6 : STRING
);
INSERT INTO O_OBJ_PROXY VALUES (
    "9ce5008a-4114-4774-952c-3528dea16a28", -- _0 : UNIQUE_ID
    'Employee_Pay', -- _1 : STRING
    9, -- _2 : INTEGER
    'Employee_Pay', -- _3 : STRING
    '', -- _4 : STRING
    "00000000-0000-0000-0000-000000000000", -- _5 : UNIQUE_ID
    './Employee_Pay/Employee_Pay.xtuml' -- _6 : STRING
);
INSERT INTO O_OBJ_PROXY VALUES (
    "4a80087c-c803-4a0f-a3b9-f16cbef89426", -- _0 : UNIQUE_ID
    'Payment', -- _1 : STRING
    10, -- _2 : INTEGER
    'Payment', -- _3 : STRING
    '', -- _4 : STRING
    "00000000-0000-0000-0000-000000000000", -- _5 : UNIQUE_ID
    './Payment/Payment.xtuml' -- _6 : STRING
);
INSERT INTO O_OBJ_PROXY VALUES (
    "519ecf55-8cb0-4528-8eba-2916d04baeec", -- _0 : UNIQUE_ID
    'Grade', -- _1 : STRING
    7, -- _2 : INTEGER
    'Grade', -- _3 : STRING
    '', -- _4 : STRING
    "00000000-0000-0000-0000-000000000000", -- _5 : UNIQUE_ID
    './Grade/Grade.xtuml' -- _6 : STRING
);
INSERT INTO O_OBJ_PROXY VALUES (
    "c3a6b183-30c2-44c6-b78d-0da61c03ab1a", -- _0 : UNIQUE_ID
    'Bonus', -- _1 : STRING
    4, -- _2 : INTEGER
    'Bonus', -- _3 : STRING
    '', -- _4 : STRING
    "00000000-0000-0000-0000-000000000000", -- _5 : UNIQUE_ID
    './Bonus/Bonus.xtuml' -- _6 : STRING
);
INSERT INTO O_OBJ_PROXY VALUES (
    "e0b6f415-1969-40c5-bbef-cdadc4cc951a", -- _0 : UNIQUE_ID
    'Overtime', -- _1 : STRING
    6, -- _2 : INTEGER
    'Overtime', -- _3 : STRING
    '', -- _4 : STRING
    "00000000-0000-0000-0000-000000000000", -- _5 : UNIQUE_ID
    './Overtime/Overtime.xtuml' -- _6 : STRING
);
INSERT INTO O_OBJ_PROXY VALUES (
    "d8528470-976c-421b-a087-1201ac24302f", -- _0 : UNIQUE_ID
    'Employee', -- _1 : STRING
    1, -- _2 : INTEGER
    'EM', -- _3 : STRING
    '', -- _4 : STRING
    "00000000-0000-0000-0000-000000000000", -- _5 : UNIQUE_ID
    '../Employee.xtuml' -- _6 : STRING
);
INSERT INTO C_C_PROXY VALUES (
    "8e4782c3-9567-4154-87b3-67069634e7a5", -- _0 : UNIQUE_ID
    "00000000-0000-0000-0000-000000000000", -- _1 : UNIQUE_ID
    "00000000-0000-0000-0000-000000000000", -- _2 : UNIQUE_ID
    'hr', -- _3 : STRING
    '', -- _4 : STRING
    0, -- _5 : INTEGER
    "00000000-0000-0000-0000-000000000000", -- _6 : UNIQUE_ID
    0, -- _7 : INTEGER
    '', -- _8 : STRING
    '../hr.xtuml' -- _9 : STRING
);
INSERT INTO C_C_PROXY VALUES (
    "d81dc79e-6692-4a39-b6d9-f5fc0b765726", -- _0 : UNIQUE_ID
    "00000000-0000-0000-0000-000000000000", -- _1 : UNIQUE_ID
    "00000000-0000-0000-0000-000000000000", -- _2 : UNIQUE_ID
    'UI', -- _3 : STRING
    '', -- _4 : STRING
    0, -- _5 : INTEGER
    "00000000-0000-0000-0000-000000000000", -- _6 : UNIQUE_ID
    0, -- _7 : INTEGER
    '', -- _8 : STRING
    '../UI.xtuml' -- _9 : STRING
);
INSERT INTO C_C_PROXY VALUES (
    "d81dc79e-6692-4a39-b6d9-f5fc0b765726", -- _0 : UNIQUE_ID
    "00000000-0000-0000-0000-000000000000", -- _1 : UNIQUE_ID
    "00000000-0000-0000-0000-000000000000", -- _2 : UNIQUE_ID
    'UI', -- _3 : STRING
    '', -- _4 : STRING
    0, -- _5 : INTEGER
    "00000000-0000-0000-0000-000000000000", -- _6 : UNIQUE_ID
    0, -- _7 : INTEGER
    '', -- _8 : STRING
    '../../../../HRUI/models/HRUI/UI/UI/UI.xtuml' -- _9 : STRING
);
INSERT INTO C_C_PROXY VALUES (
    "8e4782c3-9567-4154-87b3-67069634e7a5", -- _0 : UNIQUE_ID
    "00000000-0000-0000-0000-000000000000", -- _1 : UNIQUE_ID
    "00000000-0000-0000-0000-000000000000", -- _2 : UNIQUE_ID
    'hr', -- _3 : STRING
    '', -- _4 : STRING
    0, -- _5 : INTEGER
    "00000000-0000-0000-0000-000000000000", -- _6 : UNIQUE_ID
    0, -- _7 : INTEGER
    '', -- _8 : STRING
    '../../../../hrm/models/hrm/hrm/hr/hr.xtuml' -- _9 : STRING
);
INSERT INTO C_IR_PROXY VALUES (
    "3c565891-207b-4f8f-906f-7a28c50fa9aa", -- _0 : UNIQUE_ID
    "102214df-1d03-428f-9eb8-5c5ce18bfdae", -- _1 : UNIQUE_ID
    "00000000-0000-0000-0000-000000000000", -- _2 : UNIQUE_ID
    "d8aeacb7-ad9c-4082-9867-d8dc363f53b7", -- _3 : UNIQUE_ID
    '../../../../HRUI/models/HRUI/UI/UI/UI.xtuml' -- _4 : STRING
);
INSERT INTO C_IR_PROXY VALUES (
    "5cb88558-711f-4c4f-9d8a-f7db7239c228", -- _0 : UNIQUE_ID
    "1db612f7-881a-4a30-adad-f3a35c05bb90", -- _1 : UNIQUE_ID
    "00000000-0000-0000-0000-000000000000", -- _2 : UNIQUE_ID
    "4956a811-904a-4f5c-b789-62aa2382d543", -- _3 : UNIQUE_ID
    '../../../../HRUI/models/HRUI/UI/UI/UI.xtuml' -- _4 : STRING
);
INSERT INTO C_IR_PROXY VALUES (
    "e211a314-f4cf-4d96-ab5d-86594500f9c9", -- _0 : UNIQUE_ID
    "102214df-1d03-428f-9eb8-5c5ce18bfdae", -- _1 : UNIQUE_ID
    "00000000-0000-0000-0000-000000000000", -- _2 : UNIQUE_ID
    "498d117c-4422-44a6-af7e-6cb02ada65c5", -- _3 : UNIQUE_ID
    '../../../../hrm/models/hrm/hrm/hr/hr.xtuml' -- _4 : STRING
);
INSERT INTO C_IR_PROXY VALUES (
    "c35b9fa4-4616-416a-9786-5ec0aff91faf", -- _0 : UNIQUE_ID
    "1db612f7-881a-4a30-adad-f3a35c05bb90", -- _1 : UNIQUE_ID
    "00000000-0000-0000-0000-000000000000", -- _2 : UNIQUE_ID
    "e0104358-fe73-481d-9a6e-3afda587fafd", -- _3 : UNIQUE_ID
    '../../../../hrm/models/hrm/hrm/hr/hr.xtuml' -- _4 : STRING
);
INSERT INTO C_PO_PROXY VALUES (
    "d8aeacb7-ad9c-4082-9867-d8dc363f53b7", -- _0 : UNIQUE_ID
    "d81dc79e-6692-4a39-b6d9-f5fc0b765726", -- _1 : UNIQUE_ID
    'App', -- _2 : STRING
    0, -- _3 : INTEGER
    0, -- _4 : INTEGER
    '../../../../HRUI/models/HRUI/UI/UI/UI.xtuml' -- _5 : STRING
);
INSERT INTO C_PO_PROXY VALUES (
    "4956a811-904a-4f5c-b789-62aa2382d543", -- _0 : UNIQUE_ID
    "d81dc79e-6692-4a39-b6d9-f5fc0b765726", -- _1 : UNIQUE_ID
    'App_Leave', -- _2 : STRING
    0, -- _3 : INTEGER
    0, -- _4 : INTEGER
    '../../../../HRUI/models/HRUI/UI/UI/UI.xtuml' -- _5 : STRING
);
INSERT INTO C_PO_PROXY VALUES (
    "498d117c-4422-44a6-af7e-6cb02ada65c5", -- _0 : UNIQUE_ID
    "8e4782c3-9567-4154-87b3-67069634e7a5", -- _1 : UNIQUE_ID
    'UI', -- _2 : STRING
    0, -- _3 : INTEGER
    0, -- _4 : INTEGER
    '../../../../hrm/models/hrm/hrm/hr/hr.xtuml' -- _5 : STRING
);
INSERT INTO C_PO_PROXY VALUES (
    "e0104358-fe73-481d-9a6e-3afda587fafd", -- _0 : UNIQUE_ID
    "8e4782c3-9567-4154-87b3-67069634e7a5", -- _1 : UNIQUE_ID
    'UI_Leave', -- _2 : STRING
    0, -- _3 : INTEGER
    0, -- _4 : INTEGER
    '../../../../hrm/models/hrm/hrm/hr/hr.xtuml' -- _5 : STRING
);
INSERT INTO C_R_PROXY VALUES (
    "3c565891-207b-4f8f-906f-7a28c50fa9aa", -- _0 : UNIQUE_ID
    'EP', -- _1 : STRING
    '', -- _2 : STRING
    'HRApp', -- _3 : STRING
    'UI::App::EP', -- _4 : STRING
    '../../../../HRUI/models/HRUI/UI/UI/UI.xtuml' -- _5 : STRING
);
INSERT INTO C_R_PROXY VALUES (
    "5cb88558-711f-4c4f-9d8a-f7db7239c228", -- _0 : UNIQUE_ID
    'Leave', -- _1 : STRING
    '', -- _2 : STRING
    'Unnamed Interface', -- _3 : STRING
    'UI::App_Leave::Leave', -- _4 : STRING
    '../../../../HRUI/models/HRUI/UI/UI/UI.xtuml' -- _5 : STRING
);
INSERT INTO C_P_PROXY VALUES (
    "e211a314-f4cf-4d96-ab5d-86594500f9c9", -- _0 : UNIQUE_ID
    'EP', -- _1 : STRING
    'HRUI', -- _2 : STRING
    '', -- _3 : STRING
    'hr::UI::EP', -- _4 : STRING
    '../../../../hrm/models/hrm/hrm/hr/hr.xtuml' -- _5 : STRING
);
INSERT INTO C_P_PROXY VALUES (
    "c35b9fa4-4616-416a-9786-5ec0aff91faf", -- _0 : UNIQUE_ID
    'Leave', -- _1 : STRING
    'Unnamed Interface', -- _2 : STRING
    '', -- _3 : STRING
    'hr::UI_Leave::Leave', -- _4 : STRING
    '../../../../hrm/models/hrm/hrm/hr/hr.xtuml' -- _5 : STRING
);
