INSERT INTO ACT_ACT VALUES (
    "641e0608-4ac0-476a-bba2-988b488529bf", -- Action_ID : UNIQUE_ID
    'function', -- Type : STRING
    0, -- LoopLevel : INTEGER
    "c4075d10-e779-4322-b7d3-c75319ed4f47", -- Block_ID : UNIQUE_ID
    "00000000-0000-0000-0000-000000000000", -- CurrentScope_ID : UNIQUE_ID
    0, -- return_value : INTEGER
    'Reply', -- Label : STRING
    "b9e2b97e-b15a-43e2-829e-3dd91bf00249" -- Parsed_Block_ID : UNIQUE_ID
);
INSERT INTO ACT_ACT VALUES (
    "b93c4d9a-9373-47ca-ab90-e9de3ad57fd2", -- Action_ID : UNIQUE_ID
    'bridge', -- Type : STRING
    0, -- LoopLevel : INTEGER
    "68ea4ee5-ab0a-45bd-bf64-ca2a49e26111", -- Block_ID : UNIQUE_ID
    "00000000-0000-0000-0000-000000000000", -- CurrentScope_ID : UNIQUE_ID
    0, -- return_value : INTEGER
    '', -- Label : STRING
    "55152de8-2e50-473f-bfa0-474967d4a54f" -- Parsed_Block_ID : UNIQUE_ID
);
INSERT INTO ACT_ACT VALUES (
    "5487c486-5708-46eb-88cf-1be1dd9d1a54", -- Action_ID : UNIQUE_ID
    'bridge', -- Type : STRING
    0, -- LoopLevel : INTEGER
    "30befcf1-6ff5-420f-ba88-df4f4835824a", -- Block_ID : UNIQUE_ID
    "00000000-0000-0000-0000-000000000000", -- CurrentScope_ID : UNIQUE_ID
    0, -- return_value : INTEGER
    '', -- Label : STRING
    "fe6fe438-bae5-43ef-85b1-d004debf8a01" -- Parsed_Block_ID : UNIQUE_ID
);
INSERT INTO ACT_ACT VALUES (
    "acf1964e-b477-493b-9f84-af9162b1813b", -- Action_ID : UNIQUE_ID
    'bridge', -- Type : STRING
    0, -- LoopLevel : INTEGER
    "588ae851-83f0-4522-94a9-dabfe7c758ca", -- Block_ID : UNIQUE_ID
    "00000000-0000-0000-0000-000000000000", -- CurrentScope_ID : UNIQUE_ID
    0, -- return_value : INTEGER
    '', -- Label : STRING
    "452de819-4780-47b4-94a3-da2e35186a23" -- Parsed_Block_ID : UNIQUE_ID
);
INSERT INTO ACT_ACT VALUES (
    "e0397185-c248-4ef4-a37b-04354d11764c", -- Action_ID : UNIQUE_ID
    'bridge', -- Type : STRING
    0, -- LoopLevel : INTEGER
    "bd9fedfc-600e-4ba4-aa4c-db7e2b273c8a", -- Block_ID : UNIQUE_ID
    "00000000-0000-0000-0000-000000000000", -- CurrentScope_ID : UNIQUE_ID
    0, -- return_value : INTEGER
    '', -- Label : STRING
    "1540c58f-2832-472e-be79-8a2db9a2b17c" -- Parsed_Block_ID : UNIQUE_ID
);
INSERT INTO ACT_ACT VALUES (
    "034aaca6-5855-4d88-85a9-2cff6c2ab20f", -- Action_ID : UNIQUE_ID
    'bridge', -- Type : STRING
    0, -- LoopLevel : INTEGER
    "4794c141-5983-4e6f-a520-a3fc84c2edbd", -- Block_ID : UNIQUE_ID
    "00000000-0000-0000-0000-000000000000", -- CurrentScope_ID : UNIQUE_ID
    0, -- return_value : INTEGER
    '', -- Label : STRING
    "95576e46-1dcb-4401-8d64-b6dbcbe3ec48" -- Parsed_Block_ID : UNIQUE_ID
);
INSERT INTO ACT_ACT VALUES (
    "3ffe0e04-81d1-41dd-af6a-705c2d2ad8db", -- Action_ID : UNIQUE_ID
    'bridge', -- Type : STRING
    0, -- LoopLevel : INTEGER
    "dad576ca-3747-44b1-ac24-c47a7d207030", -- Block_ID : UNIQUE_ID
    "00000000-0000-0000-0000-000000000000", -- CurrentScope_ID : UNIQUE_ID
    0, -- return_value : INTEGER
    '', -- Label : STRING
    "b62afdf9-df8c-4a78-9a16-9ed6532042e0" -- Parsed_Block_ID : UNIQUE_ID
);
INSERT INTO ACT_ACT VALUES (
    "756a47b7-509c-4881-844f-a27d7453204b", -- Action_ID : UNIQUE_ID
    'bridge', -- Type : STRING
    0, -- LoopLevel : INTEGER
    "b4038ceb-5404-4928-b176-0da3384485f3", -- Block_ID : UNIQUE_ID
    "00000000-0000-0000-0000-000000000000", -- CurrentScope_ID : UNIQUE_ID
    0, -- return_value : INTEGER
    '', -- Label : STRING
    "1034a401-5f6b-45c4-9a4d-7a7d99f70a5d" -- Parsed_Block_ID : UNIQUE_ID
);
INSERT INTO ACT_ACT VALUES (
    "3fdaed4b-090c-4de1-8b86-ce65e735d68f", -- Action_ID : UNIQUE_ID
    'bridge', -- Type : STRING
    0, -- LoopLevel : INTEGER
    "fa50089d-ed6f-4be5-aa38-e64ca0fd0717", -- Block_ID : UNIQUE_ID
    "00000000-0000-0000-0000-000000000000", -- CurrentScope_ID : UNIQUE_ID
    0, -- return_value : INTEGER
    '', -- Label : STRING
    "8653d8e4-61a6-480c-9497-c6dc2ac4328e" -- Parsed_Block_ID : UNIQUE_ID
);
INSERT INTO ACT_ACT VALUES (
    "cc4e0ac1-f603-4bd5-8773-b652994815bc", -- Action_ID : UNIQUE_ID
    'bridge', -- Type : STRING
    0, -- LoopLevel : INTEGER
    "9504bfd7-b5cd-4797-b538-d84ca17e9344", -- Block_ID : UNIQUE_ID
    "00000000-0000-0000-0000-000000000000", -- CurrentScope_ID : UNIQUE_ID
    0, -- return_value : INTEGER
    '', -- Label : STRING
    "784540bb-a1c1-4bce-a482-6ea529e085cf" -- Parsed_Block_ID : UNIQUE_ID
);
INSERT INTO ACT_ACT VALUES (
    "20f7d57c-264f-4f65-9530-8dddf8f9aa70", -- Action_ID : UNIQUE_ID
    'bridge', -- Type : STRING
    0, -- LoopLevel : INTEGER
    "12401e26-cb14-4691-8c5e-aaa8ed397a39", -- Block_ID : UNIQUE_ID
    "00000000-0000-0000-0000-000000000000", -- CurrentScope_ID : UNIQUE_ID
    0, -- return_value : INTEGER
    '', -- Label : STRING
    "41838241-6676-49d9-b7a8-9e21a2465612" -- Parsed_Block_ID : UNIQUE_ID
);
INSERT INTO ACT_ACT VALUES (
    "bd85eb48-a49a-4eee-bce6-4aa2d5c1ef8e", -- Action_ID : UNIQUE_ID
    'bridge', -- Type : STRING
    0, -- LoopLevel : INTEGER
    "4648e526-aeb1-4478-a922-cf0ad804bd3e", -- Block_ID : UNIQUE_ID
    "00000000-0000-0000-0000-000000000000", -- CurrentScope_ID : UNIQUE_ID
    0, -- return_value : INTEGER
    '', -- Label : STRING
    "164edab7-af32-4404-b697-c23cba549a24" -- Parsed_Block_ID : UNIQUE_ID
);
INSERT INTO ACT_ACT VALUES (
    "c4246893-5eac-4364-94d8-660805a2f392", -- Action_ID : UNIQUE_ID
    'bridge', -- Type : STRING
    0, -- LoopLevel : INTEGER
    "9ab908f0-c5ad-4e84-b720-fe4b39dd62a9", -- Block_ID : UNIQUE_ID
    "00000000-0000-0000-0000-000000000000", -- CurrentScope_ID : UNIQUE_ID
    0, -- return_value : INTEGER
    '', -- Label : STRING
    "837b27be-546d-42dd-9500-e766d4811df4" -- Parsed_Block_ID : UNIQUE_ID
);
INSERT INTO ACT_ACT VALUES (
    "ad775477-9345-436e-83a3-bd931235633a", -- Action_ID : UNIQUE_ID
    'bridge', -- Type : STRING
    0, -- LoopLevel : INTEGER
    "3493de29-5ed0-4173-80bc-797fd68e3731", -- Block_ID : UNIQUE_ID
    "00000000-0000-0000-0000-000000000000", -- CurrentScope_ID : UNIQUE_ID
    0, -- return_value : INTEGER
    '', -- Label : STRING
    "1402fff2-b6c8-4360-bde2-631769adda8a" -- Parsed_Block_ID : UNIQUE_ID
);
INSERT INTO ACT_ACT VALUES (
    "7ac670df-c4d2-4c6e-b9c7-670c5d5bf130", -- Action_ID : UNIQUE_ID
    'bridge', -- Type : STRING
    0, -- LoopLevel : INTEGER
    "70ea26a1-89fd-467d-91fc-542bf85c8e58", -- Block_ID : UNIQUE_ID
    "00000000-0000-0000-0000-000000000000", -- CurrentScope_ID : UNIQUE_ID
    0, -- return_value : INTEGER
    '', -- Label : STRING
    "efcb8799-3d16-4c80-ac6a-003d5cd82d06" -- Parsed_Block_ID : UNIQUE_ID
);
INSERT INTO ACT_ACT VALUES (
    "bbd7c0d2-f2dd-4d23-8548-a251a489dfac", -- Action_ID : UNIQUE_ID
    'bridge', -- Type : STRING
    0, -- LoopLevel : INTEGER
    "8f183ecc-d89e-4d57-b04d-153362890da6", -- Block_ID : UNIQUE_ID
    "00000000-0000-0000-0000-000000000000", -- CurrentScope_ID : UNIQUE_ID
    0, -- return_value : INTEGER
    '', -- Label : STRING
    "20dfc4f3-a53d-43aa-adc6-d3974b6e4e0c" -- Parsed_Block_ID : UNIQUE_ID
);
INSERT INTO ACT_ACT VALUES (
    "7929ca22-4a8b-4aff-8e51-97751341e702", -- Action_ID : UNIQUE_ID
    'bridge', -- Type : STRING
    0, -- LoopLevel : INTEGER
    "e889af41-202a-4c4c-9d4d-2bae890a7247", -- Block_ID : UNIQUE_ID
    "00000000-0000-0000-0000-000000000000", -- CurrentScope_ID : UNIQUE_ID
    0, -- return_value : INTEGER
    '', -- Label : STRING
    "1f03a3e5-f38a-490a-aee6-1dbc158e97c4" -- Parsed_Block_ID : UNIQUE_ID
);
INSERT INTO ACT_ACT VALUES (
    "0489d8cb-0690-441b-a620-cfaa585c4bd7", -- Action_ID : UNIQUE_ID
    'bridge', -- Type : STRING
    0, -- LoopLevel : INTEGER
    "add8b1a2-562d-48c3-ad35-9bfe714ff797", -- Block_ID : UNIQUE_ID
    "00000000-0000-0000-0000-000000000000", -- CurrentScope_ID : UNIQUE_ID
    0, -- return_value : INTEGER
    '', -- Label : STRING
    "0fa35010-9647-4df2-a514-05a622ebab86" -- Parsed_Block_ID : UNIQUE_ID
);
INSERT INTO ACT_ACT VALUES (
    "ecfe58fd-7dff-4ce1-bd49-1cb2e0ee7c47", -- Action_ID : UNIQUE_ID
    'bridge', -- Type : STRING
    0, -- LoopLevel : INTEGER
    "694c161c-9396-48c4-8025-b1d6979b40c1", -- Block_ID : UNIQUE_ID
    "00000000-0000-0000-0000-000000000000", -- CurrentScope_ID : UNIQUE_ID
    0, -- return_value : INTEGER
    '', -- Label : STRING
    "358e99c0-7692-4ca7-87e6-8dae57cca044" -- Parsed_Block_ID : UNIQUE_ID
);
INSERT INTO ACT_ACT VALUES (
    "83f5e159-4ed5-4fdd-9c08-bfdcc156c55a", -- Action_ID : UNIQUE_ID
    'bridge', -- Type : STRING
    0, -- LoopLevel : INTEGER
    "7b483e78-5be5-4395-8425-67561bb9fe50", -- Block_ID : UNIQUE_ID
    "00000000-0000-0000-0000-000000000000", -- CurrentScope_ID : UNIQUE_ID
    0, -- return_value : INTEGER
    '', -- Label : STRING
    "143ae546-b3d6-4b6b-af69-dca532f6ab72" -- Parsed_Block_ID : UNIQUE_ID
);
INSERT INTO ACT_ACT VALUES (
    "39bb1d19-ca3d-4340-a8ba-7302f088ae1c", -- Action_ID : UNIQUE_ID
    'bridge', -- Type : STRING
    0, -- LoopLevel : INTEGER
    "91c65542-2dca-48da-aa73-12fb2d5b2a0b", -- Block_ID : UNIQUE_ID
    "00000000-0000-0000-0000-000000000000", -- CurrentScope_ID : UNIQUE_ID
    0, -- return_value : INTEGER
    '', -- Label : STRING
    "e9b76f67-9a63-429c-8eee-20c0d81df95a" -- Parsed_Block_ID : UNIQUE_ID
);
INSERT INTO ACT_ACT VALUES (
    "f670eaae-785e-4f1f-85f2-046ed720239e", -- Action_ID : UNIQUE_ID
    'bridge', -- Type : STRING
    0, -- LoopLevel : INTEGER
    "99910037-5af9-43a2-b361-68030e1cb7fc", -- Block_ID : UNIQUE_ID
    "00000000-0000-0000-0000-000000000000", -- CurrentScope_ID : UNIQUE_ID
    0, -- return_value : INTEGER
    '', -- Label : STRING
    "7a1d86fd-8b16-4836-8838-ea4fbf4dca1b" -- Parsed_Block_ID : UNIQUE_ID
);
INSERT INTO ACT_ACT VALUES (
    "0ab515bb-7981-4068-90cf-56968c292908", -- Action_ID : UNIQUE_ID
    'bridge', -- Type : STRING
    0, -- LoopLevel : INTEGER
    "593ad4c0-1745-4af4-8d02-0ea97ba23af6", -- Block_ID : UNIQUE_ID
    "00000000-0000-0000-0000-000000000000", -- CurrentScope_ID : UNIQUE_ID
    0, -- return_value : INTEGER
    '', -- Label : STRING
    "b03b22b6-8bde-4331-bf5d-17e8d40c2f1d" -- Parsed_Block_ID : UNIQUE_ID
);
INSERT INTO ACT_ACT VALUES (
    "76138291-2ed5-4d60-9b02-55db03af4f60", -- Action_ID : UNIQUE_ID
    'bridge', -- Type : STRING
    0, -- LoopLevel : INTEGER
    "675224d3-57c0-4641-8343-bde84a98695f", -- Block_ID : UNIQUE_ID
    "00000000-0000-0000-0000-000000000000", -- CurrentScope_ID : UNIQUE_ID
    0, -- return_value : INTEGER
    '', -- Label : STRING
    "9b879280-abe6-4fa5-9765-88549ef30eb9" -- Parsed_Block_ID : UNIQUE_ID
);
INSERT INTO ACT_ACT VALUES (
    "b2acb2d8-0f93-4092-ab2d-656b9b605a82", -- Action_ID : UNIQUE_ID
    'bridge', -- Type : STRING
    0, -- LoopLevel : INTEGER
    "49e7a840-5626-4d03-9dcd-a0e7adb1337b", -- Block_ID : UNIQUE_ID
    "00000000-0000-0000-0000-000000000000", -- CurrentScope_ID : UNIQUE_ID
    0, -- return_value : INTEGER
    '', -- Label : STRING
    "14189602-8efa-4ee9-95a2-d1a1b585315b" -- Parsed_Block_ID : UNIQUE_ID
);
INSERT INTO ACT_ACT VALUES (
    "397badb6-f41f-4390-9755-02a928884b86", -- Action_ID : UNIQUE_ID
    'bridge', -- Type : STRING
    0, -- LoopLevel : INTEGER
    "d6c24253-42e2-419a-b618-5c94b58364ed", -- Block_ID : UNIQUE_ID
    "00000000-0000-0000-0000-000000000000", -- CurrentScope_ID : UNIQUE_ID
    0, -- return_value : INTEGER
    '', -- Label : STRING
    "3be957c9-0551-4da9-8ba4-c17c0ee49018" -- Parsed_Block_ID : UNIQUE_ID
);
INSERT INTO ACT_ACT VALUES (
    "951dae4c-ea14-42ba-8c49-423c7366e2d5", -- Action_ID : UNIQUE_ID
    'bridge', -- Type : STRING
    0, -- LoopLevel : INTEGER
    "c43604bd-0e60-4485-b36c-646be832315e", -- Block_ID : UNIQUE_ID
    "00000000-0000-0000-0000-000000000000", -- CurrentScope_ID : UNIQUE_ID
    0, -- return_value : INTEGER
    '', -- Label : STRING
    "e7b4f93d-8e4e-464f-9762-6e3e8d0677c5" -- Parsed_Block_ID : UNIQUE_ID
);
INSERT INTO ACT_ACT VALUES (
    "bf622239-ca74-494e-9fb2-a4e7148b9d7d", -- Action_ID : UNIQUE_ID
    'bridge', -- Type : STRING
    0, -- LoopLevel : INTEGER
    "39a4b290-a862-4e8e-9f8d-d1fba6464929", -- Block_ID : UNIQUE_ID
    "00000000-0000-0000-0000-000000000000", -- CurrentScope_ID : UNIQUE_ID
    0, -- return_value : INTEGER
    '', -- Label : STRING
    "22f15fa4-781d-4452-908d-53b88ab07ad6" -- Parsed_Block_ID : UNIQUE_ID
);
INSERT INTO ACT_ACT VALUES (
    "fd3b1714-07b3-4cda-bbc8-870e4d38a681", -- Action_ID : UNIQUE_ID
    'bridge', -- Type : STRING
    0, -- LoopLevel : INTEGER
    "be795387-eee6-489d-b283-8da8e7c41134", -- Block_ID : UNIQUE_ID
    "00000000-0000-0000-0000-000000000000", -- CurrentScope_ID : UNIQUE_ID
    0, -- return_value : INTEGER
    '', -- Label : STRING
    "ffbc8c4d-1821-4cc9-8eac-e5a5dbbd3753" -- Parsed_Block_ID : UNIQUE_ID
);
INSERT INTO ACT_ACT VALUES (
    "9eed58e0-80c6-4ec2-9a46-4471ccf5a420", -- Action_ID : UNIQUE_ID
    'bridge', -- Type : STRING
    0, -- LoopLevel : INTEGER
    "8cf7cc96-19f5-480b-82e2-0855036444ba", -- Block_ID : UNIQUE_ID
    "00000000-0000-0000-0000-000000000000", -- CurrentScope_ID : UNIQUE_ID
    0, -- return_value : INTEGER
    '', -- Label : STRING
    "e81cedb6-5a48-4558-bf63-01aa4ac7a551" -- Parsed_Block_ID : UNIQUE_ID
);
INSERT INTO ACT_ACT VALUES (
    "34f5758b-d07f-43e6-b85d-96c1632e0776", -- Action_ID : UNIQUE_ID
    'bridge', -- Type : STRING
    0, -- LoopLevel : INTEGER
    "c3b69533-71dc-42e8-b5e0-775ede1da2a0", -- Block_ID : UNIQUE_ID
    "00000000-0000-0000-0000-000000000000", -- CurrentScope_ID : UNIQUE_ID
    0, -- return_value : INTEGER
    '', -- Label : STRING
    "a49062fe-a60a-47ae-bb39-ff1b7df08081" -- Parsed_Block_ID : UNIQUE_ID
);
INSERT INTO ACT_ACT VALUES (
    "db2074aa-b863-4c8c-bddb-f16812b7c527", -- Action_ID : UNIQUE_ID
    'bridge', -- Type : STRING
    0, -- LoopLevel : INTEGER
    "6ec521bf-ead3-4fc3-a719-f3cbb59d1f4b", -- Block_ID : UNIQUE_ID
    "00000000-0000-0000-0000-000000000000", -- CurrentScope_ID : UNIQUE_ID
    0, -- return_value : INTEGER
    '', -- Label : STRING
    "798e73c2-8e4e-4190-a01e-91455d8fad23" -- Parsed_Block_ID : UNIQUE_ID
);
INSERT INTO ACT_ACT VALUES (
    "3bee656b-28f0-48d2-b65b-4778335575b5", -- Action_ID : UNIQUE_ID
    'bridge', -- Type : STRING
    0, -- LoopLevel : INTEGER
    "a34f2802-f2d4-4e55-bda4-0f22e86d6aec", -- Block_ID : UNIQUE_ID
    "00000000-0000-0000-0000-000000000000", -- CurrentScope_ID : UNIQUE_ID
    0, -- return_value : INTEGER
    '', -- Label : STRING
    "95a313ba-0e82-4b69-9659-e9b28160550a" -- Parsed_Block_ID : UNIQUE_ID
);
INSERT INTO ACT_ACT VALUES (
    "9de8323e-c2dc-43d5-8ba0-3a5dc8f236c6", -- Action_ID : UNIQUE_ID
    'bridge', -- Type : STRING
    0, -- LoopLevel : INTEGER
    "58b1e69d-fc23-43b0-a163-3a116686ce88", -- Block_ID : UNIQUE_ID
    "00000000-0000-0000-0000-000000000000", -- CurrentScope_ID : UNIQUE_ID
    0, -- return_value : INTEGER
    '', -- Label : STRING
    "7626047d-c27c-42fd-8e4a-109cb54215e5" -- Parsed_Block_ID : UNIQUE_ID
);
INSERT INTO ACT_ACT VALUES (
    "9b802053-9609-4b13-b633-986f89aac75e", -- Action_ID : UNIQUE_ID
    'bridge', -- Type : STRING
    0, -- LoopLevel : INTEGER
    "e79498b6-2aa9-4803-8475-d7f66826a8c7", -- Block_ID : UNIQUE_ID
    "00000000-0000-0000-0000-000000000000", -- CurrentScope_ID : UNIQUE_ID
    0, -- return_value : INTEGER
    '', -- Label : STRING
    "f0d43b35-2be0-453f-bc0d-cda6efe3ff8a" -- Parsed_Block_ID : UNIQUE_ID
);
INSERT INTO ACT_ACT VALUES (
    "32a6bb8b-c440-4f6f-9f6d-71d8a0f6befd", -- Action_ID : UNIQUE_ID
    'bridge', -- Type : STRING
    0, -- LoopLevel : INTEGER
    "441022d2-7e8f-4281-81b8-76b300a4f41f", -- Block_ID : UNIQUE_ID
    "00000000-0000-0000-0000-000000000000", -- CurrentScope_ID : UNIQUE_ID
    0, -- return_value : INTEGER
    '', -- Label : STRING
    "9d42402d-33ca-49ac-9a05-f6336b84514c" -- Parsed_Block_ID : UNIQUE_ID
);
INSERT INTO ACT_ACT VALUES (
    "9f907c0d-93c4-4d24-a4e3-4535b043301a", -- Action_ID : UNIQUE_ID
    'bridge', -- Type : STRING
    0, -- LoopLevel : INTEGER
    "a395f419-dbd5-4e92-9a61-0a9a0d613281", -- Block_ID : UNIQUE_ID
    "00000000-0000-0000-0000-000000000000", -- CurrentScope_ID : UNIQUE_ID
    0, -- return_value : INTEGER
    '', -- Label : STRING
    "8127cb32-16f0-4296-bcdd-7e238e558af7" -- Parsed_Block_ID : UNIQUE_ID
);
INSERT INTO ACT_ACT VALUES (
    "ac8d2a08-f081-45e7-881c-66b909b373ae", -- Action_ID : UNIQUE_ID
    'bridge', -- Type : STRING
    0, -- LoopLevel : INTEGER
    "2fb78cd7-eae8-4d2c-8467-ff30a55c5fd3", -- Block_ID : UNIQUE_ID
    "00000000-0000-0000-0000-000000000000", -- CurrentScope_ID : UNIQUE_ID
    0, -- return_value : INTEGER
    '', -- Label : STRING
    "0cde3c90-b5e3-479d-869c-50f9fa72eac2" -- Parsed_Block_ID : UNIQUE_ID
);
INSERT INTO ACT_ACT VALUES (
    "4ddbc90e-7f64-499b-a791-74417879cd17", -- Action_ID : UNIQUE_ID
    'bridge', -- Type : STRING
    0, -- LoopLevel : INTEGER
    "d1e5690b-dfca-4518-a481-008fc232c48a", -- Block_ID : UNIQUE_ID
    "00000000-0000-0000-0000-000000000000", -- CurrentScope_ID : UNIQUE_ID
    0, -- return_value : INTEGER
    '', -- Label : STRING
    "28378ae6-3edb-4754-9b53-c906ccff5dbc" -- Parsed_Block_ID : UNIQUE_ID
);
INSERT INTO ACT_ACT VALUES (
    "186e0abf-0d08-4e59-9dd4-9f94a4968c56", -- Action_ID : UNIQUE_ID
    'bridge', -- Type : STRING
    0, -- LoopLevel : INTEGER
    "6f65d8e0-5f81-42ff-ad95-dc080604244f", -- Block_ID : UNIQUE_ID
    "00000000-0000-0000-0000-000000000000", -- CurrentScope_ID : UNIQUE_ID
    0, -- return_value : INTEGER
    '', -- Label : STRING
    "75f2652e-534a-4482-ac5f-5ebb4a27ca6e" -- Parsed_Block_ID : UNIQUE_ID
);
INSERT INTO ACT_ACT VALUES (
    "9050a009-0e3f-44b3-b1df-6dc5db534895", -- Action_ID : UNIQUE_ID
    'bridge', -- Type : STRING
    0, -- LoopLevel : INTEGER
    "55571cec-e418-4424-b555-84d0ce3afbb9", -- Block_ID : UNIQUE_ID
    "00000000-0000-0000-0000-000000000000", -- CurrentScope_ID : UNIQUE_ID
    0, -- return_value : INTEGER
    '', -- Label : STRING
    "a295042b-fb99-463c-a5a9-f1ba579c6d41" -- Parsed_Block_ID : UNIQUE_ID
);
INSERT INTO ACT_ACT VALUES (
    "be7f54bb-4bfe-4f00-b35b-0cb5094f80ee", -- Action_ID : UNIQUE_ID
    'bridge', -- Type : STRING
    0, -- LoopLevel : INTEGER
    "13699666-e8de-420e-8428-9d1e88bb3784", -- Block_ID : UNIQUE_ID
    "00000000-0000-0000-0000-000000000000", -- CurrentScope_ID : UNIQUE_ID
    0, -- return_value : INTEGER
    '', -- Label : STRING
    "30a249f1-1837-487e-ae52-437275e28587" -- Parsed_Block_ID : UNIQUE_ID
);
INSERT INTO ACT_ACT VALUES (
    "45ca4d5e-4021-45d0-bd51-c670a3c80ed9", -- Action_ID : UNIQUE_ID
    'bridge', -- Type : STRING
    0, -- LoopLevel : INTEGER
    "12a53ba9-e691-4b46-8a1d-a67d4e1f061d", -- Block_ID : UNIQUE_ID
    "00000000-0000-0000-0000-000000000000", -- CurrentScope_ID : UNIQUE_ID
    0, -- return_value : INTEGER
    '', -- Label : STRING
    "79afcd67-7dcd-4d29-a3a1-a8f86587720b" -- Parsed_Block_ID : UNIQUE_ID
);
INSERT INTO ACT_ACT VALUES (
    "7c9efce9-621f-4e2c-ba09-e80a95fb3aea", -- Action_ID : UNIQUE_ID
    'bridge', -- Type : STRING
    0, -- LoopLevel : INTEGER
    "d3f2b432-728c-461d-9cc4-1f557711bcee", -- Block_ID : UNIQUE_ID
    "00000000-0000-0000-0000-000000000000", -- CurrentScope_ID : UNIQUE_ID
    0, -- return_value : INTEGER
    '', -- Label : STRING
    "bd62d396-4a3e-4c01-afe0-648a6dc26c17" -- Parsed_Block_ID : UNIQUE_ID
);
INSERT INTO ACT_ACT VALUES (
    "0fc1b7b2-8cd9-4d63-b794-8a44b2ec562b", -- Action_ID : UNIQUE_ID
    'bridge', -- Type : STRING
    0, -- LoopLevel : INTEGER
    "041ca7f3-75d8-497a-8988-afb8629f8a4b", -- Block_ID : UNIQUE_ID
    "00000000-0000-0000-0000-000000000000", -- CurrentScope_ID : UNIQUE_ID
    0, -- return_value : INTEGER
    '', -- Label : STRING
    "ce97b952-7179-4385-b414-f69b110a5fef" -- Parsed_Block_ID : UNIQUE_ID
);
INSERT INTO ACT_ACT VALUES (
    "876963ab-2dd1-4951-b2d5-9e1b53d9ba9c", -- Action_ID : UNIQUE_ID
    'bridge', -- Type : STRING
    0, -- LoopLevel : INTEGER
    "b08eda0e-1b9e-4cd8-874f-96f8d4fe8504", -- Block_ID : UNIQUE_ID
    "00000000-0000-0000-0000-000000000000", -- CurrentScope_ID : UNIQUE_ID
    0, -- return_value : INTEGER
    '', -- Label : STRING
    "0bc265bc-6381-456c-812a-07d62d805b26" -- Parsed_Block_ID : UNIQUE_ID
);
INSERT INTO ACT_ACT VALUES (
    "c6270f81-7303-4ac1-ac2d-c40079c5382b", -- Action_ID : UNIQUE_ID
    'bridge', -- Type : STRING
    0, -- LoopLevel : INTEGER
    "23a8a364-08bf-4fab-8d6e-b16709858e2e", -- Block_ID : UNIQUE_ID
    "00000000-0000-0000-0000-000000000000", -- CurrentScope_ID : UNIQUE_ID
    0, -- return_value : INTEGER
    '', -- Label : STRING
    "fba8bc08-ac80-4357-b626-28858f316f4c" -- Parsed_Block_ID : UNIQUE_ID
);
INSERT INTO ACT_ACT VALUES (
    "9e27e9e1-2c3c-4b6f-b325-3a1e02c26a17", -- Action_ID : UNIQUE_ID
    'bridge', -- Type : STRING
    0, -- LoopLevel : INTEGER
    "d0cb21c6-3f47-41da-82af-12fb4c1a6902", -- Block_ID : UNIQUE_ID
    "00000000-0000-0000-0000-000000000000", -- CurrentScope_ID : UNIQUE_ID
    0, -- return_value : INTEGER
    '', -- Label : STRING
    "f39766a9-1536-4135-b0b5-adb33d139c43" -- Parsed_Block_ID : UNIQUE_ID
);
INSERT INTO ACT_ACT VALUES (
    "52cb6c48-059e-4403-a8a4-d6bdfd2e09c0", -- Action_ID : UNIQUE_ID
    'bridge', -- Type : STRING
    0, -- LoopLevel : INTEGER
    "fb3fed91-5461-4b66-b151-cfd2a49d0c6d", -- Block_ID : UNIQUE_ID
    "00000000-0000-0000-0000-000000000000", -- CurrentScope_ID : UNIQUE_ID
    0, -- return_value : INTEGER
    '', -- Label : STRING
    "e13cb290-74e8-4493-a4b9-797c00ac2bc5" -- Parsed_Block_ID : UNIQUE_ID
);
INSERT INTO ACT_ACT VALUES (
    "0a29bc25-630a-4e5c-902e-ee889c3a04af", -- Action_ID : UNIQUE_ID
    'bridge', -- Type : STRING
    0, -- LoopLevel : INTEGER
    "9f28b32d-d1b9-441d-bb79-37eaaf66ce8e", -- Block_ID : UNIQUE_ID
    "00000000-0000-0000-0000-000000000000", -- CurrentScope_ID : UNIQUE_ID
    0, -- return_value : INTEGER
    '', -- Label : STRING
    "bcb17172-5844-433b-9fef-59f70c91d7b5" -- Parsed_Block_ID : UNIQUE_ID
);
INSERT INTO ACT_ACT VALUES (
    "a0d3950b-32b0-4a38-b11f-639e84955030", -- Action_ID : UNIQUE_ID
    'bridge', -- Type : STRING
    0, -- LoopLevel : INTEGER
    "3aff7871-8e31-4c55-ba96-54b0fb533acf", -- Block_ID : UNIQUE_ID
    "00000000-0000-0000-0000-000000000000", -- CurrentScope_ID : UNIQUE_ID
    0, -- return_value : INTEGER
    '', -- Label : STRING
    "2bbf852e-becc-41ca-a8ac-2796245ffcc7" -- Parsed_Block_ID : UNIQUE_ID
);
INSERT INTO ACT_ACT VALUES (
    "b951f2ab-bbee-408b-93c6-b51b5f7205fb", -- Action_ID : UNIQUE_ID
    'bridge', -- Type : STRING
    0, -- LoopLevel : INTEGER
    "6a6faeb7-2e1a-4050-958e-7d540cb33f2a", -- Block_ID : UNIQUE_ID
    "00000000-0000-0000-0000-000000000000", -- CurrentScope_ID : UNIQUE_ID
    0, -- return_value : INTEGER
    '', -- Label : STRING
    "2e2b0e6f-7e2f-402a-8f3e-ff8ce0727cf9" -- Parsed_Block_ID : UNIQUE_ID
);
INSERT INTO ACT_ACT VALUES (
    "b3d1b25d-64b7-45ad-9c30-b98b704dbe7e", -- Action_ID : UNIQUE_ID
    'bridge', -- Type : STRING
    0, -- LoopLevel : INTEGER
    "568d31f6-eeec-4465-bc21-a425cde4d6c1", -- Block_ID : UNIQUE_ID
    "00000000-0000-0000-0000-000000000000", -- CurrentScope_ID : UNIQUE_ID
    0, -- return_value : INTEGER
    '', -- Label : STRING
    "5afd446c-236b-47ad-a9a8-f2ef9da1e983" -- Parsed_Block_ID : UNIQUE_ID
);
INSERT INTO ACT_ACT VALUES (
    "18dc8d15-1843-4a9b-9597-bf63b66b0e0c", -- Action_ID : UNIQUE_ID
    'bridge', -- Type : STRING
    0, -- LoopLevel : INTEGER
    "beed542c-8c2a-49f4-b26b-9c3d9b542604", -- Block_ID : UNIQUE_ID
    "00000000-0000-0000-0000-000000000000", -- CurrentScope_ID : UNIQUE_ID
    0, -- return_value : INTEGER
    '', -- Label : STRING
    "8fad6a35-fd5a-4cbd-b648-063aed38cc70" -- Parsed_Block_ID : UNIQUE_ID
);
INSERT INTO ACT_ACT VALUES (
    "20057ad2-5c1e-4eb2-bef0-ccc18661a70f", -- Action_ID : UNIQUE_ID
    'bridge', -- Type : STRING
    0, -- LoopLevel : INTEGER
    "fd303e09-59e9-491e-8eaf-0dda9db01120", -- Block_ID : UNIQUE_ID
    "00000000-0000-0000-0000-000000000000", -- CurrentScope_ID : UNIQUE_ID
    0, -- return_value : INTEGER
    '', -- Label : STRING
    "9f4950fa-2dc4-4829-95c3-8a20d7fd55aa" -- Parsed_Block_ID : UNIQUE_ID
);
INSERT INTO ACT_ACT VALUES (
    "3a564067-0151-4a30-a5c4-f1f3445cf75b", -- Action_ID : UNIQUE_ID
    'bridge', -- Type : STRING
    0, -- LoopLevel : INTEGER
    "59169736-539e-4f66-8227-53351a57e4fc", -- Block_ID : UNIQUE_ID
    "00000000-0000-0000-0000-000000000000", -- CurrentScope_ID : UNIQUE_ID
    0, -- return_value : INTEGER
    '', -- Label : STRING
    "9b7b6366-08be-4f0a-8fb3-cbe32deed850" -- Parsed_Block_ID : UNIQUE_ID
);
INSERT INTO ACT_ACT VALUES (
    "26a20736-430f-423b-9468-b5ba0490071d", -- Action_ID : UNIQUE_ID
    'bridge', -- Type : STRING
    0, -- LoopLevel : INTEGER
    "2132f58e-5904-4262-8758-f7afd4ff4a1a", -- Block_ID : UNIQUE_ID
    "00000000-0000-0000-0000-000000000000", -- CurrentScope_ID : UNIQUE_ID
    0, -- return_value : INTEGER
    '', -- Label : STRING
    "43f78c8b-e009-4295-b0db-3555541b1ab5" -- Parsed_Block_ID : UNIQUE_ID
);
INSERT INTO ACT_ACT VALUES (
    "cb0fc935-f443-49d5-849e-97de305554e1", -- Action_ID : UNIQUE_ID
    'bridge', -- Type : STRING
    0, -- LoopLevel : INTEGER
    "89dbe393-09fe-444f-b2ac-973b84b1cb7c", -- Block_ID : UNIQUE_ID
    "00000000-0000-0000-0000-000000000000", -- CurrentScope_ID : UNIQUE_ID
    0, -- return_value : INTEGER
    '', -- Label : STRING
    "f135ab44-1410-4387-b23d-766c02c37522" -- Parsed_Block_ID : UNIQUE_ID
);
INSERT INTO ACT_ACT VALUES (
    "8b55581f-545a-4858-af5f-fdbffd74174a", -- Action_ID : UNIQUE_ID
    'bridge', -- Type : STRING
    0, -- LoopLevel : INTEGER
    "ad5cd2b1-e3d4-4bef-8db8-b8373f2e4bbf", -- Block_ID : UNIQUE_ID
    "00000000-0000-0000-0000-000000000000", -- CurrentScope_ID : UNIQUE_ID
    0, -- return_value : INTEGER
    '', -- Label : STRING
    "36a6dd56-91fc-4e9f-b8fd-68b8adf3c3e7" -- Parsed_Block_ID : UNIQUE_ID
);
INSERT INTO ACT_ACT VALUES (
    "a6c5d6c9-0b5b-4b17-a7c4-35ca96744fdc", -- Action_ID : UNIQUE_ID
    'bridge', -- Type : STRING
    0, -- LoopLevel : INTEGER
    "e920b951-6d89-43d7-ab3b-60c60a3013df", -- Block_ID : UNIQUE_ID
    "00000000-0000-0000-0000-000000000000", -- CurrentScope_ID : UNIQUE_ID
    0, -- return_value : INTEGER
    '', -- Label : STRING
    "3c8313a8-5fbe-4d95-a2aa-32d01fb603ad" -- Parsed_Block_ID : UNIQUE_ID
);
INSERT INTO ACT_ACT VALUES (
    "9c1750bd-ae9f-456e-8ecf-a14b0ebd950a", -- Action_ID : UNIQUE_ID
    'bridge', -- Type : STRING
    0, -- LoopLevel : INTEGER
    "229cda5b-f9c0-40f7-9301-ce8a1ac0a061", -- Block_ID : UNIQUE_ID
    "00000000-0000-0000-0000-000000000000", -- CurrentScope_ID : UNIQUE_ID
    0, -- return_value : INTEGER
    '', -- Label : STRING
    "4bdfd09e-0f75-4cf5-b7e3-ef9703f75c54" -- Parsed_Block_ID : UNIQUE_ID
);
INSERT INTO ACT_ACT VALUES (
    "988e2d22-d72b-48d0-a34e-c3bd74c1fa08", -- Action_ID : UNIQUE_ID
    'bridge', -- Type : STRING
    0, -- LoopLevel : INTEGER
    "7268d881-fe82-4cf5-a78c-13e94feb4a5b", -- Block_ID : UNIQUE_ID
    "00000000-0000-0000-0000-000000000000", -- CurrentScope_ID : UNIQUE_ID
    0, -- return_value : INTEGER
    '', -- Label : STRING
    "d9bfa47b-6b1e-4911-aa0a-105afef5dfde" -- Parsed_Block_ID : UNIQUE_ID
);
INSERT INTO ACT_ACT VALUES (
    "86950aa1-4676-41d2-8b62-e95ac6f0a839", -- Action_ID : UNIQUE_ID
    'operation', -- Type : STRING
    0, -- LoopLevel : INTEGER
    "b563066e-7a08-4193-891e-0994e4483a51", -- Block_ID : UNIQUE_ID
    "00000000-0000-0000-0000-000000000000", -- CurrentScope_ID : UNIQUE_ID
    0, -- return_value : INTEGER
    'Employee::createEmployee', -- Label : STRING
    "12bcd44d-9e69-4a16-aeda-8fc3d8657fd8" -- Parsed_Block_ID : UNIQUE_ID
);
INSERT INTO ACT_ACT VALUES (
    "fb76dbf6-157d-4286-b4de-dd60d1a220c2", -- Action_ID : UNIQUE_ID
    '', -- Type : STRING
    0, -- LoopLevel : INTEGER
    "e8a029dc-8037-4308-ba53-7eebc9d2d235", -- Block_ID : UNIQUE_ID
    "00000000-0000-0000-0000-000000000000", -- CurrentScope_ID : UNIQUE_ID
    0, -- return_value : INTEGER
    '', -- Label : STRING
    "46622fae-2feb-4e5c-94ad-01eb2a2417a9" -- Parsed_Block_ID : UNIQUE_ID
);
INSERT INTO ACT_ACT VALUES (
    "c060138a-e091-47d2-b2e9-4c7230f98487", -- Action_ID : UNIQUE_ID
    '', -- Type : STRING
    0, -- LoopLevel : INTEGER
    "9de252a9-dc9a-4603-ab73-49025056e98e", -- Block_ID : UNIQUE_ID
    "00000000-0000-0000-0000-000000000000", -- CurrentScope_ID : UNIQUE_ID
    0, -- return_value : INTEGER
    '', -- Label : STRING
    "a46349dd-dacd-4147-a392-aa536eb39df6" -- Parsed_Block_ID : UNIQUE_ID
);
INSERT INTO ACT_ACT VALUES (
    "7656db7e-06fc-4791-a1cc-337a9f6d2e6e", -- Action_ID : UNIQUE_ID
    '', -- Type : STRING
    0, -- LoopLevel : INTEGER
    "d7cb4865-112b-4899-af5d-818945c0fcb3", -- Block_ID : UNIQUE_ID
    "00000000-0000-0000-0000-000000000000", -- CurrentScope_ID : UNIQUE_ID
    0, -- return_value : INTEGER
    '', -- Label : STRING
    "78c17d9b-fecb-4e8a-bbd5-7ccaf854d6d4" -- Parsed_Block_ID : UNIQUE_ID
);
INSERT INTO ACT_ACT VALUES (
    "1a05d15d-4142-4cd2-a9d1-f4fdce7dca35", -- Action_ID : UNIQUE_ID
    'interface signal', -- Type : STRING
    0, -- LoopLevel : INTEGER
    "e80f3bda-eb3a-449f-a8df-7a4d29d82ac7", -- Block_ID : UNIQUE_ID
    "00000000-0000-0000-0000-000000000000", -- CurrentScope_ID : UNIQUE_ID
    0, -- return_value : INTEGER
    '', -- Label : STRING
    "ca374b27-282d-454b-8c01-e00927659b3d" -- Parsed_Block_ID : UNIQUE_ID
);
INSERT INTO ACT_ACT VALUES (
    "fe6dd58b-9fdd-4f3b-a24d-db351b0d81e5", -- Action_ID : UNIQUE_ID
    'interface signal', -- Type : STRING
    0, -- LoopLevel : INTEGER
    "f108eae3-1ca3-4866-ab42-dc24d3fa28a1", -- Block_ID : UNIQUE_ID
    "00000000-0000-0000-0000-000000000000", -- CurrentScope_ID : UNIQUE_ID
    0, -- return_value : INTEGER
    '', -- Label : STRING
    "b85ea37e-5180-4e8b-8b89-4b0524931040" -- Parsed_Block_ID : UNIQUE_ID
);
INSERT INTO ACT_ACT VALUES (
    "ad460f05-f608-4b08-ba6e-fd16442477ca", -- Action_ID : UNIQUE_ID
    'interface signal', -- Type : STRING
    0, -- LoopLevel : INTEGER
    "84367cb5-7019-4b2e-b2f6-aa8ab3f811dd", -- Block_ID : UNIQUE_ID
    "00000000-0000-0000-0000-000000000000", -- CurrentScope_ID : UNIQUE_ID
    0, -- return_value : INTEGER
    '', -- Label : STRING
    "04d95aca-3b73-4e7c-9fe6-c95b1b4afa28" -- Parsed_Block_ID : UNIQUE_ID
);
INSERT INTO ACT_ACT VALUES (
    "14df31ef-a9bc-4f8f-9b2e-8c63e8dad9c0", -- Action_ID : UNIQUE_ID
    'interface signal', -- Type : STRING
    0, -- LoopLevel : INTEGER
    "b7e09080-9083-4df3-a49d-8b197a69e40a", -- Block_ID : UNIQUE_ID
    "00000000-0000-0000-0000-000000000000", -- CurrentScope_ID : UNIQUE_ID
    0, -- return_value : INTEGER
    '', -- Label : STRING
    "c993a10f-3700-464f-acc8-2e14d0f72542" -- Parsed_Block_ID : UNIQUE_ID
);
INSERT INTO ACT_ACT VALUES (
    "357b7409-1fe6-4428-abe8-daec83a31712", -- Action_ID : UNIQUE_ID
    'interface signal', -- Type : STRING
    0, -- LoopLevel : INTEGER
    "c08a56dd-2f91-4d37-86ce-fd6a7c8db237", -- Block_ID : UNIQUE_ID
    "00000000-0000-0000-0000-000000000000", -- CurrentScope_ID : UNIQUE_ID
    0, -- return_value : INTEGER
    '', -- Label : STRING
    "cbd3c5eb-30b6-44bc-8050-6ef36023e968" -- Parsed_Block_ID : UNIQUE_ID
);
INSERT INTO ACT_ACT VALUES (
    "59bff117-1d5c-4765-9d4f-d8fdc2f961ee", -- Action_ID : UNIQUE_ID
    'interface signal', -- Type : STRING
    0, -- LoopLevel : INTEGER
    "aaf9f2d2-8637-475a-89bc-e4ad50aa932f", -- Block_ID : UNIQUE_ID
    "00000000-0000-0000-0000-000000000000", -- CurrentScope_ID : UNIQUE_ID
    0, -- return_value : INTEGER
    '', -- Label : STRING
    "147bf56f-9afb-4101-80d5-5ca91ddc0831" -- Parsed_Block_ID : UNIQUE_ID
);
INSERT INTO ACT_AI VALUES (
    "6fedd85b-3553-46e9-ad66-2ebe49d3fa5b", -- Statement_ID : UNIQUE_ID
    "5d892ae7-2133-4045-9029-2e643d020a79", -- r_Value_ID : UNIQUE_ID
    "f997a720-adfe-42f8-9ea0-343ee92bd4c5", -- l_Value_ID : UNIQUE_ID
    0, -- attributeLineNumber : INTEGER
    0 -- attributeColumn : INTEGER
);
INSERT INTO ACT_AI VALUES (
    "2cc462e8-b43e-4b7d-8590-74639587262e", -- Statement_ID : UNIQUE_ID
    "ecd80b3c-ded6-4594-861c-73ad7c615f72", -- r_Value_ID : UNIQUE_ID
    "5a46e948-1bf2-406c-aee8-a381710cac77", -- l_Value_ID : UNIQUE_ID
    0, -- attributeLineNumber : INTEGER
    0 -- attributeColumn : INTEGER
);
INSERT INTO ACT_AI VALUES (
    "fcb82c11-3432-4962-a88f-1fae4ac5b1ae", -- Statement_ID : UNIQUE_ID
    "3610b739-e43e-4b17-acc2-36c7f55f56c7", -- r_Value_ID : UNIQUE_ID
    "e7688244-7597-4d07-9fb2-0c1a820fdfd4", -- l_Value_ID : UNIQUE_ID
    0, -- attributeLineNumber : INTEGER
    0 -- attributeColumn : INTEGER
);
INSERT INTO ACT_AI VALUES (
    "feb42b90-3dba-43c8-8053-82cd8e218ff9", -- Statement_ID : UNIQUE_ID
    "6d8d22f3-a357-4e19-91d0-1f1db2cc19c8", -- r_Value_ID : UNIQUE_ID
    "64abce1f-ad8c-4b23-a23a-8f4bbc07fc7f", -- l_Value_ID : UNIQUE_ID
    0, -- attributeLineNumber : INTEGER
    0 -- attributeColumn : INTEGER
);
INSERT INTO ACT_AI VALUES (
    "797c4090-d01e-4860-b90c-919198fe997a", -- Statement_ID : UNIQUE_ID
    "2ede9eb9-ec16-4e3c-98de-2777a958efb0", -- r_Value_ID : UNIQUE_ID
    "5646f7fe-1038-4db9-84e0-19f742fd06da", -- l_Value_ID : UNIQUE_ID
    0, -- attributeLineNumber : INTEGER
    0 -- attributeColumn : INTEGER
);
INSERT INTO ACT_AI VALUES (
    "a9e5080a-c0af-4e05-a34d-6de49aebbc3d", -- Statement_ID : UNIQUE_ID
    "b9f43566-04d9-462d-97e1-5816b2f33a3c", -- r_Value_ID : UNIQUE_ID
    "3c5f4180-8ba2-491e-9581-00bab426977f", -- l_Value_ID : UNIQUE_ID
    0, -- attributeLineNumber : INTEGER
    0 -- attributeColumn : INTEGER
);
INSERT INTO ACT_AI VALUES (
    "9d53fb59-fac4-47db-a8c8-25891e243344", -- Statement_ID : UNIQUE_ID
    "dece5df0-1fa7-468b-a4fc-1f3c49952ab5", -- r_Value_ID : UNIQUE_ID
    "0fdea665-7ac4-4024-a8ea-7a1a63680660", -- l_Value_ID : UNIQUE_ID
    0, -- attributeLineNumber : INTEGER
    0 -- attributeColumn : INTEGER
);
INSERT INTO ACT_AI VALUES (
    "85ee51f5-6579-4494-b4ec-9363abc28d86", -- Statement_ID : UNIQUE_ID
    "0e8cc6bc-029b-4d9a-8e89-a5c5c6b44479", -- r_Value_ID : UNIQUE_ID
    "3fd4037b-f4a7-4bf4-b5d4-f862f36a2da0", -- l_Value_ID : UNIQUE_ID
    0, -- attributeLineNumber : INTEGER
    0 -- attributeColumn : INTEGER
);
INSERT INTO ACT_AI VALUES (
    "9192fd51-9bc7-4e09-9e56-d94cec4f57e6", -- Statement_ID : UNIQUE_ID
    "8dd5529f-e3da-42e8-af85-21c55b5cfdf8", -- r_Value_ID : UNIQUE_ID
    "1498751a-703f-4b53-bd80-e0293a6c7c3e", -- l_Value_ID : UNIQUE_ID
    0, -- attributeLineNumber : INTEGER
    0 -- attributeColumn : INTEGER
);
INSERT INTO ACT_AI VALUES (
    "69907be6-1485-4d07-9a2a-a9f8d89a60c2", -- Statement_ID : UNIQUE_ID
    "a50cdd12-a64a-4bed-872d-5dce19ddaf6d", -- r_Value_ID : UNIQUE_ID
    "e7d6a5de-66a5-4a3c-8ecd-c1743293b6f2", -- l_Value_ID : UNIQUE_ID
    0, -- attributeLineNumber : INTEGER
    0 -- attributeColumn : INTEGER
);
INSERT INTO ACT_AI VALUES (
    "87276dc4-66d5-4ee9-a1a5-7ef572b301bc", -- Statement_ID : UNIQUE_ID
    "8602a8d7-88b2-40fc-994c-516941d3b275", -- r_Value_ID : UNIQUE_ID
    "acf4c21d-ff96-45c7-82ed-4ea089d1959b", -- l_Value_ID : UNIQUE_ID
    0, -- attributeLineNumber : INTEGER
    0 -- attributeColumn : INTEGER
);
INSERT INTO ACT_AI VALUES (
    "15b62598-20fa-4092-88af-4afeb7eef272", -- Statement_ID : UNIQUE_ID
    "149b83c1-b0d4-4699-837a-a0e8f013e6be", -- r_Value_ID : UNIQUE_ID
    "8574c114-3b5e-4b28-9eae-5cc0cddb1325", -- l_Value_ID : UNIQUE_ID
    0, -- attributeLineNumber : INTEGER
    0 -- attributeColumn : INTEGER
);
INSERT INTO ACT_AI VALUES (
    "99429c41-5cbb-4de5-b3b1-057cea674e34", -- Statement_ID : UNIQUE_ID
    "66ba7596-3a07-4ed3-85b8-beb2b3b39202", -- r_Value_ID : UNIQUE_ID
    "9fc03b69-62a4-42f0-99fe-15be143f841b", -- l_Value_ID : UNIQUE_ID
    0, -- attributeLineNumber : INTEGER
    0 -- attributeColumn : INTEGER
);
INSERT INTO ACT_AI VALUES (
    "ead0cc44-582c-4e2f-8136-0cc93ac1caaa", -- Statement_ID : UNIQUE_ID
    "01831ae1-e28e-43e2-88be-42d934e40702", -- r_Value_ID : UNIQUE_ID
    "b8583561-3c46-48dd-8678-d989d6156e18", -- l_Value_ID : UNIQUE_ID
    0, -- attributeLineNumber : INTEGER
    0 -- attributeColumn : INTEGER
);
INSERT INTO ACT_AI VALUES (
    "9bc97614-2037-4ee5-8c5a-ce2cff64962f", -- Statement_ID : UNIQUE_ID
    "ce293593-241b-45b8-8784-3e1aa7ff98cf", -- r_Value_ID : UNIQUE_ID
    "15f98667-beed-4c06-a3dc-61ca37aa3715", -- l_Value_ID : UNIQUE_ID
    0, -- attributeLineNumber : INTEGER
    0 -- attributeColumn : INTEGER
);
INSERT INTO ACT_AI VALUES (
    "5fe2bc1d-ca4e-49e6-b2af-2b7bee614f00", -- Statement_ID : UNIQUE_ID
    "6ac324f2-7500-4832-ab39-e705f8d2afca", -- r_Value_ID : UNIQUE_ID
    "3aead455-e162-4774-951b-32cbb3d4942f", -- l_Value_ID : UNIQUE_ID
    0, -- attributeLineNumber : INTEGER
    0 -- attributeColumn : INTEGER
);
INSERT INTO ACT_AI VALUES (
    "8f30cca8-01b2-430d-9b95-b6e095625f32", -- Statement_ID : UNIQUE_ID
    "aa47bbd6-9499-46c7-8ad6-437bf832168c", -- r_Value_ID : UNIQUE_ID
    "494ca10e-f3c6-48be-9ecb-5aa7ce0744b9", -- l_Value_ID : UNIQUE_ID
    0, -- attributeLineNumber : INTEGER
    0 -- attributeColumn : INTEGER
);
INSERT INTO ACT_AI VALUES (
    "1c76993c-05ea-4378-b258-5ce88e417964", -- Statement_ID : UNIQUE_ID
    "cb1b7c1e-73d8-4748-927c-d0f6020890f7", -- r_Value_ID : UNIQUE_ID
    "73a5b2d3-6181-4d09-9587-a462888fa628", -- l_Value_ID : UNIQUE_ID
    0, -- attributeLineNumber : INTEGER
    0 -- attributeColumn : INTEGER
);
INSERT INTO ACT_AI VALUES (
    "3cc25f71-83bc-40ee-9be1-f68f8af7bfe5", -- Statement_ID : UNIQUE_ID
    "d4eeeb04-04c5-4ab8-a1d8-25804e6adf39", -- r_Value_ID : UNIQUE_ID
    "3227a671-cb32-4f43-bbdf-149a14211651", -- l_Value_ID : UNIQUE_ID
    0, -- attributeLineNumber : INTEGER
    0 -- attributeColumn : INTEGER
);
INSERT INTO ACT_BLK VALUES (
    "c4075d10-e779-4322-b7d3-c75319ed4f47", -- Block_ID : UNIQUE_ID
    0, -- WhereSpecOK : BOOLEAN
    0, -- InWhereSpec : BOOLEAN
    0, -- SelectedFound : BOOLEAN
    '', -- TempBuffer : STRING
    '', -- SupData1 : STRING
    '', -- SupData2 : STRING
    0, -- CurrentLine : INTEGER
    0, -- CurrentCol : INTEGER
    0, -- currentKeyLettersLineNumber : INTEGER
    0, -- currentKeyLettersColumn : INTEGER
    0, -- currentParameterAssignmentNameLineNumber : INTEGER
    0, -- currentParameterAssignmentNameColumn : INTEGER
    0, -- currentAssociationNumberLineNumber : INTEGER
    0, -- currentAssociationNumberColumn : INTEGER
    0, -- currentAssociationPhraseLineNumber : INTEGER
    0, -- currentAssociationPhraseColumn : INTEGER
    0, -- currentDataTypeNameLineNumber : INTEGER
    0, -- currentDataTypeNameColumn : INTEGER
    0, -- blockInStackFrameCreated : BOOLEAN
    "641e0608-4ac0-476a-bba2-988b488529bf", -- Action_ID : UNIQUE_ID
    "a74c599d-0bc2-4feb-83b6-9b3e9ef1f3ec" -- Parsed_Action_ID : UNIQUE_ID
);
INSERT INTO ACT_BLK VALUES (
    "68ea4ee5-ab0a-45bd-bf64-ca2a49e26111", -- Block_ID : UNIQUE_ID
    0, -- WhereSpecOK : BOOLEAN
    0, -- InWhereSpec : BOOLEAN
    0, -- SelectedFound : BOOLEAN
    '', -- TempBuffer : STRING
    '', -- SupData1 : STRING
    '', -- SupData2 : STRING
    0, -- CurrentLine : INTEGER
    0, -- CurrentCol : INTEGER
    0, -- currentKeyLettersLineNumber : INTEGER
    0, -- currentKeyLettersColumn : INTEGER
    0, -- currentParameterAssignmentNameLineNumber : INTEGER
    0, -- currentParameterAssignmentNameColumn : INTEGER
    0, -- currentAssociationNumberLineNumber : INTEGER
    0, -- currentAssociationNumberColumn : INTEGER
    0, -- currentAssociationPhraseLineNumber : INTEGER
    0, -- currentAssociationPhraseColumn : INTEGER
    0, -- currentDataTypeNameLineNumber : INTEGER
    0, -- currentDataTypeNameColumn : INTEGER
    0, -- blockInStackFrameCreated : BOOLEAN
    "b93c4d9a-9373-47ca-ab90-e9de3ad57fd2", -- Action_ID : UNIQUE_ID
    "09b42469-40da-42d1-8bc3-2876464018ee" -- Parsed_Action_ID : UNIQUE_ID
);
INSERT INTO ACT_BLK VALUES (
    "30befcf1-6ff5-420f-ba88-df4f4835824a", -- Block_ID : UNIQUE_ID
    0, -- WhereSpecOK : BOOLEAN
    0, -- InWhereSpec : BOOLEAN
    0, -- SelectedFound : BOOLEAN
    '', -- TempBuffer : STRING
    '', -- SupData1 : STRING
    '', -- SupData2 : STRING
    0, -- CurrentLine : INTEGER
    0, -- CurrentCol : INTEGER
    0, -- currentKeyLettersLineNumber : INTEGER
    0, -- currentKeyLettersColumn : INTEGER
    0, -- currentParameterAssignmentNameLineNumber : INTEGER
    0, -- currentParameterAssignmentNameColumn : INTEGER
    0, -- currentAssociationNumberLineNumber : INTEGER
    0, -- currentAssociationNumberColumn : INTEGER
    0, -- currentAssociationPhraseLineNumber : INTEGER
    0, -- currentAssociationPhraseColumn : INTEGER
    0, -- currentDataTypeNameLineNumber : INTEGER
    0, -- currentDataTypeNameColumn : INTEGER
    0, -- blockInStackFrameCreated : BOOLEAN
    "5487c486-5708-46eb-88cf-1be1dd9d1a54", -- Action_ID : UNIQUE_ID
    "961a814a-5859-4203-9459-6ce4dc610f5b" -- Parsed_Action_ID : UNIQUE_ID
);
INSERT INTO ACT_BLK VALUES (
    "588ae851-83f0-4522-94a9-dabfe7c758ca", -- Block_ID : UNIQUE_ID
    0, -- WhereSpecOK : BOOLEAN
    0, -- InWhereSpec : BOOLEAN
    0, -- SelectedFound : BOOLEAN
    '', -- TempBuffer : STRING
    '', -- SupData1 : STRING
    '', -- SupData2 : STRING
    0, -- CurrentLine : INTEGER
    0, -- CurrentCol : INTEGER
    0, -- currentKeyLettersLineNumber : INTEGER
    0, -- currentKeyLettersColumn : INTEGER
    0, -- currentParameterAssignmentNameLineNumber : INTEGER
    0, -- currentParameterAssignmentNameColumn : INTEGER
    0, -- currentAssociationNumberLineNumber : INTEGER
    0, -- currentAssociationNumberColumn : INTEGER
    0, -- currentAssociationPhraseLineNumber : INTEGER
    0, -- currentAssociationPhraseColumn : INTEGER
    0, -- currentDataTypeNameLineNumber : INTEGER
    0, -- currentDataTypeNameColumn : INTEGER
    0, -- blockInStackFrameCreated : BOOLEAN
    "acf1964e-b477-493b-9f84-af9162b1813b", -- Action_ID : UNIQUE_ID
    "42fe0e2a-5c3f-4f7c-8fc7-d4eb560db842" -- Parsed_Action_ID : UNIQUE_ID
);
INSERT INTO ACT_BLK VALUES (
    "bd9fedfc-600e-4ba4-aa4c-db7e2b273c8a", -- Block_ID : UNIQUE_ID
    0, -- WhereSpecOK : BOOLEAN
    0, -- InWhereSpec : BOOLEAN
    0, -- SelectedFound : BOOLEAN
    '', -- TempBuffer : STRING
    '', -- SupData1 : STRING
    '', -- SupData2 : STRING
    0, -- CurrentLine : INTEGER
    0, -- CurrentCol : INTEGER
    0, -- currentKeyLettersLineNumber : INTEGER
    0, -- currentKeyLettersColumn : INTEGER
    0, -- currentParameterAssignmentNameLineNumber : INTEGER
    0, -- currentParameterAssignmentNameColumn : INTEGER
    0, -- currentAssociationNumberLineNumber : INTEGER
    0, -- currentAssociationNumberColumn : INTEGER
    0, -- currentAssociationPhraseLineNumber : INTEGER
    0, -- currentAssociationPhraseColumn : INTEGER
    0, -- currentDataTypeNameLineNumber : INTEGER
    0, -- currentDataTypeNameColumn : INTEGER
    0, -- blockInStackFrameCreated : BOOLEAN
    "e0397185-c248-4ef4-a37b-04354d11764c", -- Action_ID : UNIQUE_ID
    "130bd204-ee11-4d65-b31d-95b1b8e2300e" -- Parsed_Action_ID : UNIQUE_ID
);
INSERT INTO ACT_BLK VALUES (
    "4794c141-5983-4e6f-a520-a3fc84c2edbd", -- Block_ID : UNIQUE_ID
    0, -- WhereSpecOK : BOOLEAN
    0, -- InWhereSpec : BOOLEAN
    0, -- SelectedFound : BOOLEAN
    '', -- TempBuffer : STRING
    '', -- SupData1 : STRING
    '', -- SupData2 : STRING
    0, -- CurrentLine : INTEGER
    0, -- CurrentCol : INTEGER
    0, -- currentKeyLettersLineNumber : INTEGER
    0, -- currentKeyLettersColumn : INTEGER
    0, -- currentParameterAssignmentNameLineNumber : INTEGER
    0, -- currentParameterAssignmentNameColumn : INTEGER
    0, -- currentAssociationNumberLineNumber : INTEGER
    0, -- currentAssociationNumberColumn : INTEGER
    0, -- currentAssociationPhraseLineNumber : INTEGER
    0, -- currentAssociationPhraseColumn : INTEGER
    0, -- currentDataTypeNameLineNumber : INTEGER
    0, -- currentDataTypeNameColumn : INTEGER
    0, -- blockInStackFrameCreated : BOOLEAN
    "034aaca6-5855-4d88-85a9-2cff6c2ab20f", -- Action_ID : UNIQUE_ID
    "87aafeba-03fc-4e79-8b66-cf21f8de50c8" -- Parsed_Action_ID : UNIQUE_ID
);
INSERT INTO ACT_BLK VALUES (
    "dad576ca-3747-44b1-ac24-c47a7d207030", -- Block_ID : UNIQUE_ID
    0, -- WhereSpecOK : BOOLEAN
    0, -- InWhereSpec : BOOLEAN
    0, -- SelectedFound : BOOLEAN
    '', -- TempBuffer : STRING
    '', -- SupData1 : STRING
    '', -- SupData2 : STRING
    0, -- CurrentLine : INTEGER
    0, -- CurrentCol : INTEGER
    0, -- currentKeyLettersLineNumber : INTEGER
    0, -- currentKeyLettersColumn : INTEGER
    0, -- currentParameterAssignmentNameLineNumber : INTEGER
    0, -- currentParameterAssignmentNameColumn : INTEGER
    0, -- currentAssociationNumberLineNumber : INTEGER
    0, -- currentAssociationNumberColumn : INTEGER
    0, -- currentAssociationPhraseLineNumber : INTEGER
    0, -- currentAssociationPhraseColumn : INTEGER
    0, -- currentDataTypeNameLineNumber : INTEGER
    0, -- currentDataTypeNameColumn : INTEGER
    0, -- blockInStackFrameCreated : BOOLEAN
    "3ffe0e04-81d1-41dd-af6a-705c2d2ad8db", -- Action_ID : UNIQUE_ID
    "783be9f4-b24a-4484-b6b3-44d7de197a2a" -- Parsed_Action_ID : UNIQUE_ID
);
INSERT INTO ACT_BLK VALUES (
    "b4038ceb-5404-4928-b176-0da3384485f3", -- Block_ID : UNIQUE_ID
    0, -- WhereSpecOK : BOOLEAN
    0, -- InWhereSpec : BOOLEAN
    0, -- SelectedFound : BOOLEAN
    '', -- TempBuffer : STRING
    '', -- SupData1 : STRING
    '', -- SupData2 : STRING
    0, -- CurrentLine : INTEGER
    0, -- CurrentCol : INTEGER
    0, -- currentKeyLettersLineNumber : INTEGER
    0, -- currentKeyLettersColumn : INTEGER
    0, -- currentParameterAssignmentNameLineNumber : INTEGER
    0, -- currentParameterAssignmentNameColumn : INTEGER
    0, -- currentAssociationNumberLineNumber : INTEGER
    0, -- currentAssociationNumberColumn : INTEGER
    0, -- currentAssociationPhraseLineNumber : INTEGER
    0, -- currentAssociationPhraseColumn : INTEGER
    0, -- currentDataTypeNameLineNumber : INTEGER
    0, -- currentDataTypeNameColumn : INTEGER
    0, -- blockInStackFrameCreated : BOOLEAN
    "756a47b7-509c-4881-844f-a27d7453204b", -- Action_ID : UNIQUE_ID
    "26b3d3ba-daef-4084-896a-054fd1b1f8a2" -- Parsed_Action_ID : UNIQUE_ID
);
INSERT INTO ACT_BLK VALUES (
    "fa50089d-ed6f-4be5-aa38-e64ca0fd0717", -- Block_ID : UNIQUE_ID
    0, -- WhereSpecOK : BOOLEAN
    0, -- InWhereSpec : BOOLEAN
    0, -- SelectedFound : BOOLEAN
    '', -- TempBuffer : STRING
    '', -- SupData1 : STRING
    '', -- SupData2 : STRING
    0, -- CurrentLine : INTEGER
    0, -- CurrentCol : INTEGER
    0, -- currentKeyLettersLineNumber : INTEGER
    0, -- currentKeyLettersColumn : INTEGER
    0, -- currentParameterAssignmentNameLineNumber : INTEGER
    0, -- currentParameterAssignmentNameColumn : INTEGER
    0, -- currentAssociationNumberLineNumber : INTEGER
    0, -- currentAssociationNumberColumn : INTEGER
    0, -- currentAssociationPhraseLineNumber : INTEGER
    0, -- currentAssociationPhraseColumn : INTEGER
    0, -- currentDataTypeNameLineNumber : INTEGER
    0, -- currentDataTypeNameColumn : INTEGER
    0, -- blockInStackFrameCreated : BOOLEAN
    "3fdaed4b-090c-4de1-8b86-ce65e735d68f", -- Action_ID : UNIQUE_ID
    "e5829025-cf2d-4ea2-adc8-4b4fd30f080c" -- Parsed_Action_ID : UNIQUE_ID
);
INSERT INTO ACT_BLK VALUES (
    "9504bfd7-b5cd-4797-b538-d84ca17e9344", -- Block_ID : UNIQUE_ID
    0, -- WhereSpecOK : BOOLEAN
    0, -- InWhereSpec : BOOLEAN
    0, -- SelectedFound : BOOLEAN
    '', -- TempBuffer : STRING
    '', -- SupData1 : STRING
    '', -- SupData2 : STRING
    0, -- CurrentLine : INTEGER
    0, -- CurrentCol : INTEGER
    0, -- currentKeyLettersLineNumber : INTEGER
    0, -- currentKeyLettersColumn : INTEGER
    0, -- currentParameterAssignmentNameLineNumber : INTEGER
    0, -- currentParameterAssignmentNameColumn : INTEGER
    0, -- currentAssociationNumberLineNumber : INTEGER
    0, -- currentAssociationNumberColumn : INTEGER
    0, -- currentAssociationPhraseLineNumber : INTEGER
    0, -- currentAssociationPhraseColumn : INTEGER
    0, -- currentDataTypeNameLineNumber : INTEGER
    0, -- currentDataTypeNameColumn : INTEGER
    0, -- blockInStackFrameCreated : BOOLEAN
    "cc4e0ac1-f603-4bd5-8773-b652994815bc", -- Action_ID : UNIQUE_ID
    "aee1cc65-3233-46f1-b347-df63834e51ba" -- Parsed_Action_ID : UNIQUE_ID
);
INSERT INTO ACT_BLK VALUES (
    "12401e26-cb14-4691-8c5e-aaa8ed397a39", -- Block_ID : UNIQUE_ID
    0, -- WhereSpecOK : BOOLEAN
    0, -- InWhereSpec : BOOLEAN
    0, -- SelectedFound : BOOLEAN
    '', -- TempBuffer : STRING
    '', -- SupData1 : STRING
    '', -- SupData2 : STRING
    0, -- CurrentLine : INTEGER
    0, -- CurrentCol : INTEGER
    0, -- currentKeyLettersLineNumber : INTEGER
    0, -- currentKeyLettersColumn : INTEGER
    0, -- currentParameterAssignmentNameLineNumber : INTEGER
    0, -- currentParameterAssignmentNameColumn : INTEGER
    0, -- currentAssociationNumberLineNumber : INTEGER
    0, -- currentAssociationNumberColumn : INTEGER
    0, -- currentAssociationPhraseLineNumber : INTEGER
    0, -- currentAssociationPhraseColumn : INTEGER
    0, -- currentDataTypeNameLineNumber : INTEGER
    0, -- currentDataTypeNameColumn : INTEGER
    0, -- blockInStackFrameCreated : BOOLEAN
    "20f7d57c-264f-4f65-9530-8dddf8f9aa70", -- Action_ID : UNIQUE_ID
    "9c273c7a-daf1-4abb-b013-9cb8ddb99760" -- Parsed_Action_ID : UNIQUE_ID
);
INSERT INTO ACT_BLK VALUES (
    "4648e526-aeb1-4478-a922-cf0ad804bd3e", -- Block_ID : UNIQUE_ID
    0, -- WhereSpecOK : BOOLEAN
    0, -- InWhereSpec : BOOLEAN
    0, -- SelectedFound : BOOLEAN
    '', -- TempBuffer : STRING
    '', -- SupData1 : STRING
    '', -- SupData2 : STRING
    0, -- CurrentLine : INTEGER
    0, -- CurrentCol : INTEGER
    0, -- currentKeyLettersLineNumber : INTEGER
    0, -- currentKeyLettersColumn : INTEGER
    0, -- currentParameterAssignmentNameLineNumber : INTEGER
    0, -- currentParameterAssignmentNameColumn : INTEGER
    0, -- currentAssociationNumberLineNumber : INTEGER
    0, -- currentAssociationNumberColumn : INTEGER
    0, -- currentAssociationPhraseLineNumber : INTEGER
    0, -- currentAssociationPhraseColumn : INTEGER
    0, -- currentDataTypeNameLineNumber : INTEGER
    0, -- currentDataTypeNameColumn : INTEGER
    0, -- blockInStackFrameCreated : BOOLEAN
    "bd85eb48-a49a-4eee-bce6-4aa2d5c1ef8e", -- Action_ID : UNIQUE_ID
    "e9a46199-15b5-4226-9cca-feda528ec896" -- Parsed_Action_ID : UNIQUE_ID
);
INSERT INTO ACT_BLK VALUES (
    "9ab908f0-c5ad-4e84-b720-fe4b39dd62a9", -- Block_ID : UNIQUE_ID
    0, -- WhereSpecOK : BOOLEAN
    0, -- InWhereSpec : BOOLEAN
    0, -- SelectedFound : BOOLEAN
    '', -- TempBuffer : STRING
    '', -- SupData1 : STRING
    '', -- SupData2 : STRING
    0, -- CurrentLine : INTEGER
    0, -- CurrentCol : INTEGER
    0, -- currentKeyLettersLineNumber : INTEGER
    0, -- currentKeyLettersColumn : INTEGER
    0, -- currentParameterAssignmentNameLineNumber : INTEGER
    0, -- currentParameterAssignmentNameColumn : INTEGER
    0, -- currentAssociationNumberLineNumber : INTEGER
    0, -- currentAssociationNumberColumn : INTEGER
    0, -- currentAssociationPhraseLineNumber : INTEGER
    0, -- currentAssociationPhraseColumn : INTEGER
    0, -- currentDataTypeNameLineNumber : INTEGER
    0, -- currentDataTypeNameColumn : INTEGER
    0, -- blockInStackFrameCreated : BOOLEAN
    "c4246893-5eac-4364-94d8-660805a2f392", -- Action_ID : UNIQUE_ID
    "651616cc-e3d8-4100-ba03-5300987ac7c5" -- Parsed_Action_ID : UNIQUE_ID
);
INSERT INTO ACT_BLK VALUES (
    "3493de29-5ed0-4173-80bc-797fd68e3731", -- Block_ID : UNIQUE_ID
    0, -- WhereSpecOK : BOOLEAN
    0, -- InWhereSpec : BOOLEAN
    0, -- SelectedFound : BOOLEAN
    '', -- TempBuffer : STRING
    '', -- SupData1 : STRING
    '', -- SupData2 : STRING
    0, -- CurrentLine : INTEGER
    0, -- CurrentCol : INTEGER
    0, -- currentKeyLettersLineNumber : INTEGER
    0, -- currentKeyLettersColumn : INTEGER
    0, -- currentParameterAssignmentNameLineNumber : INTEGER
    0, -- currentParameterAssignmentNameColumn : INTEGER
    0, -- currentAssociationNumberLineNumber : INTEGER
    0, -- currentAssociationNumberColumn : INTEGER
    0, -- currentAssociationPhraseLineNumber : INTEGER
    0, -- currentAssociationPhraseColumn : INTEGER
    0, -- currentDataTypeNameLineNumber : INTEGER
    0, -- currentDataTypeNameColumn : INTEGER
    0, -- blockInStackFrameCreated : BOOLEAN
    "ad775477-9345-436e-83a3-bd931235633a", -- Action_ID : UNIQUE_ID
    "de410aba-21d2-47c7-9196-2964932bb45a" -- Parsed_Action_ID : UNIQUE_ID
);
INSERT INTO ACT_BLK VALUES (
    "70ea26a1-89fd-467d-91fc-542bf85c8e58", -- Block_ID : UNIQUE_ID
    0, -- WhereSpecOK : BOOLEAN
    0, -- InWhereSpec : BOOLEAN
    0, -- SelectedFound : BOOLEAN
    '', -- TempBuffer : STRING
    '', -- SupData1 : STRING
    '', -- SupData2 : STRING
    0, -- CurrentLine : INTEGER
    0, -- CurrentCol : INTEGER
    0, -- currentKeyLettersLineNumber : INTEGER
    0, -- currentKeyLettersColumn : INTEGER
    0, -- currentParameterAssignmentNameLineNumber : INTEGER
    0, -- currentParameterAssignmentNameColumn : INTEGER
    0, -- currentAssociationNumberLineNumber : INTEGER
    0, -- currentAssociationNumberColumn : INTEGER
    0, -- currentAssociationPhraseLineNumber : INTEGER
    0, -- currentAssociationPhraseColumn : INTEGER
    0, -- currentDataTypeNameLineNumber : INTEGER
    0, -- currentDataTypeNameColumn : INTEGER
    0, -- blockInStackFrameCreated : BOOLEAN
    "7ac670df-c4d2-4c6e-b9c7-670c5d5bf130", -- Action_ID : UNIQUE_ID
    "35261f8b-581b-4455-86f3-3e1b66d33b51" -- Parsed_Action_ID : UNIQUE_ID
);
INSERT INTO ACT_BLK VALUES (
    "8f183ecc-d89e-4d57-b04d-153362890da6", -- Block_ID : UNIQUE_ID
    0, -- WhereSpecOK : BOOLEAN
    0, -- InWhereSpec : BOOLEAN
    0, -- SelectedFound : BOOLEAN
    '', -- TempBuffer : STRING
    '', -- SupData1 : STRING
    '', -- SupData2 : STRING
    0, -- CurrentLine : INTEGER
    0, -- CurrentCol : INTEGER
    0, -- currentKeyLettersLineNumber : INTEGER
    0, -- currentKeyLettersColumn : INTEGER
    0, -- currentParameterAssignmentNameLineNumber : INTEGER
    0, -- currentParameterAssignmentNameColumn : INTEGER
    0, -- currentAssociationNumberLineNumber : INTEGER
    0, -- currentAssociationNumberColumn : INTEGER
    0, -- currentAssociationPhraseLineNumber : INTEGER
    0, -- currentAssociationPhraseColumn : INTEGER
    0, -- currentDataTypeNameLineNumber : INTEGER
    0, -- currentDataTypeNameColumn : INTEGER
    0, -- blockInStackFrameCreated : BOOLEAN
    "bbd7c0d2-f2dd-4d23-8548-a251a489dfac", -- Action_ID : UNIQUE_ID
    "e39077f1-9777-451a-835d-f37ec35af38b" -- Parsed_Action_ID : UNIQUE_ID
);
INSERT INTO ACT_BLK VALUES (
    "e889af41-202a-4c4c-9d4d-2bae890a7247", -- Block_ID : UNIQUE_ID
    0, -- WhereSpecOK : BOOLEAN
    0, -- InWhereSpec : BOOLEAN
    0, -- SelectedFound : BOOLEAN
    '', -- TempBuffer : STRING
    '', -- SupData1 : STRING
    '', -- SupData2 : STRING
    0, -- CurrentLine : INTEGER
    0, -- CurrentCol : INTEGER
    0, -- currentKeyLettersLineNumber : INTEGER
    0, -- currentKeyLettersColumn : INTEGER
    0, -- currentParameterAssignmentNameLineNumber : INTEGER
    0, -- currentParameterAssignmentNameColumn : INTEGER
    0, -- currentAssociationNumberLineNumber : INTEGER
    0, -- currentAssociationNumberColumn : INTEGER
    0, -- currentAssociationPhraseLineNumber : INTEGER
    0, -- currentAssociationPhraseColumn : INTEGER
    0, -- currentDataTypeNameLineNumber : INTEGER
    0, -- currentDataTypeNameColumn : INTEGER
    0, -- blockInStackFrameCreated : BOOLEAN
    "7929ca22-4a8b-4aff-8e51-97751341e702", -- Action_ID : UNIQUE_ID
    "51f46496-d0dc-4a95-8f83-f5e951c1d153" -- Parsed_Action_ID : UNIQUE_ID
);
INSERT INTO ACT_BLK VALUES (
    "add8b1a2-562d-48c3-ad35-9bfe714ff797", -- Block_ID : UNIQUE_ID
    0, -- WhereSpecOK : BOOLEAN
    0, -- InWhereSpec : BOOLEAN
    0, -- SelectedFound : BOOLEAN
    '', -- TempBuffer : STRING
    '', -- SupData1 : STRING
    '', -- SupData2 : STRING
    0, -- CurrentLine : INTEGER
    0, -- CurrentCol : INTEGER
    0, -- currentKeyLettersLineNumber : INTEGER
    0, -- currentKeyLettersColumn : INTEGER
    0, -- currentParameterAssignmentNameLineNumber : INTEGER
    0, -- currentParameterAssignmentNameColumn : INTEGER
    0, -- currentAssociationNumberLineNumber : INTEGER
    0, -- currentAssociationNumberColumn : INTEGER
    0, -- currentAssociationPhraseLineNumber : INTEGER
    0, -- currentAssociationPhraseColumn : INTEGER
    0, -- currentDataTypeNameLineNumber : INTEGER
    0, -- currentDataTypeNameColumn : INTEGER
    0, -- blockInStackFrameCreated : BOOLEAN
    "0489d8cb-0690-441b-a620-cfaa585c4bd7", -- Action_ID : UNIQUE_ID
    "887ee6ba-1a81-4a70-8720-f68ac6847f37" -- Parsed_Action_ID : UNIQUE_ID
);
INSERT INTO ACT_BLK VALUES (
    "694c161c-9396-48c4-8025-b1d6979b40c1", -- Block_ID : UNIQUE_ID
    0, -- WhereSpecOK : BOOLEAN
    0, -- InWhereSpec : BOOLEAN
    0, -- SelectedFound : BOOLEAN
    '', -- TempBuffer : STRING
    '', -- SupData1 : STRING
    '', -- SupData2 : STRING
    0, -- CurrentLine : INTEGER
    0, -- CurrentCol : INTEGER
    0, -- currentKeyLettersLineNumber : INTEGER
    0, -- currentKeyLettersColumn : INTEGER
    0, -- currentParameterAssignmentNameLineNumber : INTEGER
    0, -- currentParameterAssignmentNameColumn : INTEGER
    0, -- currentAssociationNumberLineNumber : INTEGER
    0, -- currentAssociationNumberColumn : INTEGER
    0, -- currentAssociationPhraseLineNumber : INTEGER
    0, -- currentAssociationPhraseColumn : INTEGER
    0, -- currentDataTypeNameLineNumber : INTEGER
    0, -- currentDataTypeNameColumn : INTEGER
    0, -- blockInStackFrameCreated : BOOLEAN
    "ecfe58fd-7dff-4ce1-bd49-1cb2e0ee7c47", -- Action_ID : UNIQUE_ID
    "01f1fe9c-a380-4b3e-8be8-3590ba305ccf" -- Parsed_Action_ID : UNIQUE_ID
);
INSERT INTO ACT_BLK VALUES (
    "7b483e78-5be5-4395-8425-67561bb9fe50", -- Block_ID : UNIQUE_ID
    0, -- WhereSpecOK : BOOLEAN
    0, -- InWhereSpec : BOOLEAN
    0, -- SelectedFound : BOOLEAN
    '', -- TempBuffer : STRING
    '', -- SupData1 : STRING
    '', -- SupData2 : STRING
    0, -- CurrentLine : INTEGER
    0, -- CurrentCol : INTEGER
    0, -- currentKeyLettersLineNumber : INTEGER
    0, -- currentKeyLettersColumn : INTEGER
    0, -- currentParameterAssignmentNameLineNumber : INTEGER
    0, -- currentParameterAssignmentNameColumn : INTEGER
    0, -- currentAssociationNumberLineNumber : INTEGER
    0, -- currentAssociationNumberColumn : INTEGER
    0, -- currentAssociationPhraseLineNumber : INTEGER
    0, -- currentAssociationPhraseColumn : INTEGER
    0, -- currentDataTypeNameLineNumber : INTEGER
    0, -- currentDataTypeNameColumn : INTEGER
    0, -- blockInStackFrameCreated : BOOLEAN
    "83f5e159-4ed5-4fdd-9c08-bfdcc156c55a", -- Action_ID : UNIQUE_ID
    "e0a44516-69ca-499f-954e-ab9612549557" -- Parsed_Action_ID : UNIQUE_ID
);
INSERT INTO ACT_BLK VALUES (
    "91c65542-2dca-48da-aa73-12fb2d5b2a0b", -- Block_ID : UNIQUE_ID
    0, -- WhereSpecOK : BOOLEAN
    0, -- InWhereSpec : BOOLEAN
    0, -- SelectedFound : BOOLEAN
    '', -- TempBuffer : STRING
    '', -- SupData1 : STRING
    '', -- SupData2 : STRING
    0, -- CurrentLine : INTEGER
    0, -- CurrentCol : INTEGER
    0, -- currentKeyLettersLineNumber : INTEGER
    0, -- currentKeyLettersColumn : INTEGER
    0, -- currentParameterAssignmentNameLineNumber : INTEGER
    0, -- currentParameterAssignmentNameColumn : INTEGER
    0, -- currentAssociationNumberLineNumber : INTEGER
    0, -- currentAssociationNumberColumn : INTEGER
    0, -- currentAssociationPhraseLineNumber : INTEGER
    0, -- currentAssociationPhraseColumn : INTEGER
    0, -- currentDataTypeNameLineNumber : INTEGER
    0, -- currentDataTypeNameColumn : INTEGER
    0, -- blockInStackFrameCreated : BOOLEAN
    "39bb1d19-ca3d-4340-a8ba-7302f088ae1c", -- Action_ID : UNIQUE_ID
    "adb84606-eae1-4cca-b1f7-14f6d7d84b52" -- Parsed_Action_ID : UNIQUE_ID
);
INSERT INTO ACT_BLK VALUES (
    "99910037-5af9-43a2-b361-68030e1cb7fc", -- Block_ID : UNIQUE_ID
    0, -- WhereSpecOK : BOOLEAN
    0, -- InWhereSpec : BOOLEAN
    0, -- SelectedFound : BOOLEAN
    '', -- TempBuffer : STRING
    '', -- SupData1 : STRING
    '', -- SupData2 : STRING
    0, -- CurrentLine : INTEGER
    0, -- CurrentCol : INTEGER
    0, -- currentKeyLettersLineNumber : INTEGER
    0, -- currentKeyLettersColumn : INTEGER
    0, -- currentParameterAssignmentNameLineNumber : INTEGER
    0, -- currentParameterAssignmentNameColumn : INTEGER
    0, -- currentAssociationNumberLineNumber : INTEGER
    0, -- currentAssociationNumberColumn : INTEGER
    0, -- currentAssociationPhraseLineNumber : INTEGER
    0, -- currentAssociationPhraseColumn : INTEGER
    0, -- currentDataTypeNameLineNumber : INTEGER
    0, -- currentDataTypeNameColumn : INTEGER
    0, -- blockInStackFrameCreated : BOOLEAN
    "f670eaae-785e-4f1f-85f2-046ed720239e", -- Action_ID : UNIQUE_ID
    "fc86d70f-7e73-4b25-86e7-37fb9f39c856" -- Parsed_Action_ID : UNIQUE_ID
);
INSERT INTO ACT_BLK VALUES (
    "593ad4c0-1745-4af4-8d02-0ea97ba23af6", -- Block_ID : UNIQUE_ID
    0, -- WhereSpecOK : BOOLEAN
    0, -- InWhereSpec : BOOLEAN
    0, -- SelectedFound : BOOLEAN
    '', -- TempBuffer : STRING
    '', -- SupData1 : STRING
    '', -- SupData2 : STRING
    0, -- CurrentLine : INTEGER
    0, -- CurrentCol : INTEGER
    0, -- currentKeyLettersLineNumber : INTEGER
    0, -- currentKeyLettersColumn : INTEGER
    0, -- currentParameterAssignmentNameLineNumber : INTEGER
    0, -- currentParameterAssignmentNameColumn : INTEGER
    0, -- currentAssociationNumberLineNumber : INTEGER
    0, -- currentAssociationNumberColumn : INTEGER
    0, -- currentAssociationPhraseLineNumber : INTEGER
    0, -- currentAssociationPhraseColumn : INTEGER
    0, -- currentDataTypeNameLineNumber : INTEGER
    0, -- currentDataTypeNameColumn : INTEGER
    0, -- blockInStackFrameCreated : BOOLEAN
    "0ab515bb-7981-4068-90cf-56968c292908", -- Action_ID : UNIQUE_ID
    "4c5837d4-cd73-4149-8420-b23e5af41bc6" -- Parsed_Action_ID : UNIQUE_ID
);
INSERT INTO ACT_BLK VALUES (
    "675224d3-57c0-4641-8343-bde84a98695f", -- Block_ID : UNIQUE_ID
    0, -- WhereSpecOK : BOOLEAN
    0, -- InWhereSpec : BOOLEAN
    0, -- SelectedFound : BOOLEAN
    '', -- TempBuffer : STRING
    '', -- SupData1 : STRING
    '', -- SupData2 : STRING
    0, -- CurrentLine : INTEGER
    0, -- CurrentCol : INTEGER
    0, -- currentKeyLettersLineNumber : INTEGER
    0, -- currentKeyLettersColumn : INTEGER
    0, -- currentParameterAssignmentNameLineNumber : INTEGER
    0, -- currentParameterAssignmentNameColumn : INTEGER
    0, -- currentAssociationNumberLineNumber : INTEGER
    0, -- currentAssociationNumberColumn : INTEGER
    0, -- currentAssociationPhraseLineNumber : INTEGER
    0, -- currentAssociationPhraseColumn : INTEGER
    0, -- currentDataTypeNameLineNumber : INTEGER
    0, -- currentDataTypeNameColumn : INTEGER
    0, -- blockInStackFrameCreated : BOOLEAN
    "76138291-2ed5-4d60-9b02-55db03af4f60", -- Action_ID : UNIQUE_ID
    "83bd0004-cab0-4826-9868-cad78dd7c7c3" -- Parsed_Action_ID : UNIQUE_ID
);
INSERT INTO ACT_BLK VALUES (
    "49e7a840-5626-4d03-9dcd-a0e7adb1337b", -- Block_ID : UNIQUE_ID
    0, -- WhereSpecOK : BOOLEAN
    0, -- InWhereSpec : BOOLEAN
    0, -- SelectedFound : BOOLEAN
    '', -- TempBuffer : STRING
    '', -- SupData1 : STRING
    '', -- SupData2 : STRING
    0, -- CurrentLine : INTEGER
    0, -- CurrentCol : INTEGER
    0, -- currentKeyLettersLineNumber : INTEGER
    0, -- currentKeyLettersColumn : INTEGER
    0, -- currentParameterAssignmentNameLineNumber : INTEGER
    0, -- currentParameterAssignmentNameColumn : INTEGER
    0, -- currentAssociationNumberLineNumber : INTEGER
    0, -- currentAssociationNumberColumn : INTEGER
    0, -- currentAssociationPhraseLineNumber : INTEGER
    0, -- currentAssociationPhraseColumn : INTEGER
    0, -- currentDataTypeNameLineNumber : INTEGER
    0, -- currentDataTypeNameColumn : INTEGER
    0, -- blockInStackFrameCreated : BOOLEAN
    "b2acb2d8-0f93-4092-ab2d-656b9b605a82", -- Action_ID : UNIQUE_ID
    "c8fbec11-a842-47a5-a589-fddc929bc2b9" -- Parsed_Action_ID : UNIQUE_ID
);
INSERT INTO ACT_BLK VALUES (
    "d6c24253-42e2-419a-b618-5c94b58364ed", -- Block_ID : UNIQUE_ID
    0, -- WhereSpecOK : BOOLEAN
    0, -- InWhereSpec : BOOLEAN
    0, -- SelectedFound : BOOLEAN
    '', -- TempBuffer : STRING
    '', -- SupData1 : STRING
    '', -- SupData2 : STRING
    0, -- CurrentLine : INTEGER
    0, -- CurrentCol : INTEGER
    0, -- currentKeyLettersLineNumber : INTEGER
    0, -- currentKeyLettersColumn : INTEGER
    0, -- currentParameterAssignmentNameLineNumber : INTEGER
    0, -- currentParameterAssignmentNameColumn : INTEGER
    0, -- currentAssociationNumberLineNumber : INTEGER
    0, -- currentAssociationNumberColumn : INTEGER
    0, -- currentAssociationPhraseLineNumber : INTEGER
    0, -- currentAssociationPhraseColumn : INTEGER
    0, -- currentDataTypeNameLineNumber : INTEGER
    0, -- currentDataTypeNameColumn : INTEGER
    0, -- blockInStackFrameCreated : BOOLEAN
    "397badb6-f41f-4390-9755-02a928884b86", -- Action_ID : UNIQUE_ID
    "897791e9-db46-4f95-81bb-93747840f572" -- Parsed_Action_ID : UNIQUE_ID
);
INSERT INTO ACT_BLK VALUES (
    "c43604bd-0e60-4485-b36c-646be832315e", -- Block_ID : UNIQUE_ID
    0, -- WhereSpecOK : BOOLEAN
    0, -- InWhereSpec : BOOLEAN
    0, -- SelectedFound : BOOLEAN
    '', -- TempBuffer : STRING
    '', -- SupData1 : STRING
    '', -- SupData2 : STRING
    0, -- CurrentLine : INTEGER
    0, -- CurrentCol : INTEGER
    0, -- currentKeyLettersLineNumber : INTEGER
    0, -- currentKeyLettersColumn : INTEGER
    0, -- currentParameterAssignmentNameLineNumber : INTEGER
    0, -- currentParameterAssignmentNameColumn : INTEGER
    0, -- currentAssociationNumberLineNumber : INTEGER
    0, -- currentAssociationNumberColumn : INTEGER
    0, -- currentAssociationPhraseLineNumber : INTEGER
    0, -- currentAssociationPhraseColumn : INTEGER
    0, -- currentDataTypeNameLineNumber : INTEGER
    0, -- currentDataTypeNameColumn : INTEGER
    0, -- blockInStackFrameCreated : BOOLEAN
    "951dae4c-ea14-42ba-8c49-423c7366e2d5", -- Action_ID : UNIQUE_ID
    "ba7f3b72-e408-41e8-a223-fcfacde43aba" -- Parsed_Action_ID : UNIQUE_ID
);
INSERT INTO ACT_BLK VALUES (
    "39a4b290-a862-4e8e-9f8d-d1fba6464929", -- Block_ID : UNIQUE_ID
    0, -- WhereSpecOK : BOOLEAN
    0, -- InWhereSpec : BOOLEAN
    0, -- SelectedFound : BOOLEAN
    '', -- TempBuffer : STRING
    '', -- SupData1 : STRING
    '', -- SupData2 : STRING
    0, -- CurrentLine : INTEGER
    0, -- CurrentCol : INTEGER
    0, -- currentKeyLettersLineNumber : INTEGER
    0, -- currentKeyLettersColumn : INTEGER
    0, -- currentParameterAssignmentNameLineNumber : INTEGER
    0, -- currentParameterAssignmentNameColumn : INTEGER
    0, -- currentAssociationNumberLineNumber : INTEGER
    0, -- currentAssociationNumberColumn : INTEGER
    0, -- currentAssociationPhraseLineNumber : INTEGER
    0, -- currentAssociationPhraseColumn : INTEGER
    0, -- currentDataTypeNameLineNumber : INTEGER
    0, -- currentDataTypeNameColumn : INTEGER
    0, -- blockInStackFrameCreated : BOOLEAN
    "bf622239-ca74-494e-9fb2-a4e7148b9d7d", -- Action_ID : UNIQUE_ID
    "6858d2bd-bd0d-493c-8003-9eb75d89f30f" -- Parsed_Action_ID : UNIQUE_ID
);
INSERT INTO ACT_BLK VALUES (
    "be795387-eee6-489d-b283-8da8e7c41134", -- Block_ID : UNIQUE_ID
    0, -- WhereSpecOK : BOOLEAN
    0, -- InWhereSpec : BOOLEAN
    0, -- SelectedFound : BOOLEAN
    '', -- TempBuffer : STRING
    '', -- SupData1 : STRING
    '', -- SupData2 : STRING
    0, -- CurrentLine : INTEGER
    0, -- CurrentCol : INTEGER
    0, -- currentKeyLettersLineNumber : INTEGER
    0, -- currentKeyLettersColumn : INTEGER
    0, -- currentParameterAssignmentNameLineNumber : INTEGER
    0, -- currentParameterAssignmentNameColumn : INTEGER
    0, -- currentAssociationNumberLineNumber : INTEGER
    0, -- currentAssociationNumberColumn : INTEGER
    0, -- currentAssociationPhraseLineNumber : INTEGER
    0, -- currentAssociationPhraseColumn : INTEGER
    0, -- currentDataTypeNameLineNumber : INTEGER
    0, -- currentDataTypeNameColumn : INTEGER
    0, -- blockInStackFrameCreated : BOOLEAN
    "fd3b1714-07b3-4cda-bbc8-870e4d38a681", -- Action_ID : UNIQUE_ID
    "725ee0f1-9885-4ca3-bceb-6c59908236d7" -- Parsed_Action_ID : UNIQUE_ID
);
INSERT INTO ACT_BLK VALUES (
    "536b0362-67a5-4150-9a7f-1c1a24cca0a8", -- Block_ID : UNIQUE_ID
    0, -- WhereSpecOK : BOOLEAN
    0, -- InWhereSpec : BOOLEAN
    0, -- SelectedFound : BOOLEAN
    '', -- TempBuffer : STRING
    '', -- SupData1 : STRING
    '', -- SupData2 : STRING
    0, -- CurrentLine : INTEGER
    0, -- CurrentCol : INTEGER
    0, -- currentKeyLettersLineNumber : INTEGER
    0, -- currentKeyLettersColumn : INTEGER
    0, -- currentParameterAssignmentNameLineNumber : INTEGER
    0, -- currentParameterAssignmentNameColumn : INTEGER
    0, -- currentAssociationNumberLineNumber : INTEGER
    0, -- currentAssociationNumberColumn : INTEGER
    0, -- currentAssociationPhraseLineNumber : INTEGER
    0, -- currentAssociationPhraseColumn : INTEGER
    0, -- currentDataTypeNameLineNumber : INTEGER
    0, -- currentDataTypeNameColumn : INTEGER
    0, -- blockInStackFrameCreated : BOOLEAN
    "fd3b1714-07b3-4cda-bbc8-870e4d38a681", -- Action_ID : UNIQUE_ID
    "d06c6acc-b330-4a4c-8960-d2644dc84e93" -- Parsed_Action_ID : UNIQUE_ID
);
INSERT INTO ACT_BLK VALUES (
    "8cf7cc96-19f5-480b-82e2-0855036444ba", -- Block_ID : UNIQUE_ID
    0, -- WhereSpecOK : BOOLEAN
    0, -- InWhereSpec : BOOLEAN
    0, -- SelectedFound : BOOLEAN
    '', -- TempBuffer : STRING
    '', -- SupData1 : STRING
    '', -- SupData2 : STRING
    0, -- CurrentLine : INTEGER
    0, -- CurrentCol : INTEGER
    0, -- currentKeyLettersLineNumber : INTEGER
    0, -- currentKeyLettersColumn : INTEGER
    0, -- currentParameterAssignmentNameLineNumber : INTEGER
    0, -- currentParameterAssignmentNameColumn : INTEGER
    0, -- currentAssociationNumberLineNumber : INTEGER
    0, -- currentAssociationNumberColumn : INTEGER
    0, -- currentAssociationPhraseLineNumber : INTEGER
    0, -- currentAssociationPhraseColumn : INTEGER
    0, -- currentDataTypeNameLineNumber : INTEGER
    0, -- currentDataTypeNameColumn : INTEGER
    0, -- blockInStackFrameCreated : BOOLEAN
    "9eed58e0-80c6-4ec2-9a46-4471ccf5a420", -- Action_ID : UNIQUE_ID
    "45a5db25-ef91-48f1-8493-2ee2b5d1b385" -- Parsed_Action_ID : UNIQUE_ID
);
INSERT INTO ACT_BLK VALUES (
    "c3b69533-71dc-42e8-b5e0-775ede1da2a0", -- Block_ID : UNIQUE_ID
    0, -- WhereSpecOK : BOOLEAN
    0, -- InWhereSpec : BOOLEAN
    0, -- SelectedFound : BOOLEAN
    '', -- TempBuffer : STRING
    '', -- SupData1 : STRING
    '', -- SupData2 : STRING
    0, -- CurrentLine : INTEGER
    0, -- CurrentCol : INTEGER
    0, -- currentKeyLettersLineNumber : INTEGER
    0, -- currentKeyLettersColumn : INTEGER
    0, -- currentParameterAssignmentNameLineNumber : INTEGER
    0, -- currentParameterAssignmentNameColumn : INTEGER
    0, -- currentAssociationNumberLineNumber : INTEGER
    0, -- currentAssociationNumberColumn : INTEGER
    0, -- currentAssociationPhraseLineNumber : INTEGER
    0, -- currentAssociationPhraseColumn : INTEGER
    0, -- currentDataTypeNameLineNumber : INTEGER
    0, -- currentDataTypeNameColumn : INTEGER
    0, -- blockInStackFrameCreated : BOOLEAN
    "34f5758b-d07f-43e6-b85d-96c1632e0776", -- Action_ID : UNIQUE_ID
    "b2e7ba90-54c3-4733-ac3f-bb6dee12e286" -- Parsed_Action_ID : UNIQUE_ID
);
INSERT INTO ACT_BLK VALUES (
    "6ec521bf-ead3-4fc3-a719-f3cbb59d1f4b", -- Block_ID : UNIQUE_ID
    0, -- WhereSpecOK : BOOLEAN
    0, -- InWhereSpec : BOOLEAN
    0, -- SelectedFound : BOOLEAN
    '', -- TempBuffer : STRING
    '', -- SupData1 : STRING
    '', -- SupData2 : STRING
    0, -- CurrentLine : INTEGER
    0, -- CurrentCol : INTEGER
    0, -- currentKeyLettersLineNumber : INTEGER
    0, -- currentKeyLettersColumn : INTEGER
    0, -- currentParameterAssignmentNameLineNumber : INTEGER
    0, -- currentParameterAssignmentNameColumn : INTEGER
    0, -- currentAssociationNumberLineNumber : INTEGER
    0, -- currentAssociationNumberColumn : INTEGER
    0, -- currentAssociationPhraseLineNumber : INTEGER
    0, -- currentAssociationPhraseColumn : INTEGER
    0, -- currentDataTypeNameLineNumber : INTEGER
    0, -- currentDataTypeNameColumn : INTEGER
    0, -- blockInStackFrameCreated : BOOLEAN
    "db2074aa-b863-4c8c-bddb-f16812b7c527", -- Action_ID : UNIQUE_ID
    "e874c89a-f093-40ef-8b74-62f2f313b99f" -- Parsed_Action_ID : UNIQUE_ID
);
INSERT INTO ACT_BLK VALUES (
    "a34f2802-f2d4-4e55-bda4-0f22e86d6aec", -- Block_ID : UNIQUE_ID
    0, -- WhereSpecOK : BOOLEAN
    0, -- InWhereSpec : BOOLEAN
    0, -- SelectedFound : BOOLEAN
    '', -- TempBuffer : STRING
    '', -- SupData1 : STRING
    '', -- SupData2 : STRING
    0, -- CurrentLine : INTEGER
    0, -- CurrentCol : INTEGER
    0, -- currentKeyLettersLineNumber : INTEGER
    0, -- currentKeyLettersColumn : INTEGER
    0, -- currentParameterAssignmentNameLineNumber : INTEGER
    0, -- currentParameterAssignmentNameColumn : INTEGER
    0, -- currentAssociationNumberLineNumber : INTEGER
    0, -- currentAssociationNumberColumn : INTEGER
    0, -- currentAssociationPhraseLineNumber : INTEGER
    0, -- currentAssociationPhraseColumn : INTEGER
    0, -- currentDataTypeNameLineNumber : INTEGER
    0, -- currentDataTypeNameColumn : INTEGER
    0, -- blockInStackFrameCreated : BOOLEAN
    "3bee656b-28f0-48d2-b65b-4778335575b5", -- Action_ID : UNIQUE_ID
    "1d627969-e095-447b-a6a6-4b859733c6c6" -- Parsed_Action_ID : UNIQUE_ID
);
INSERT INTO ACT_BLK VALUES (
    "58b1e69d-fc23-43b0-a163-3a116686ce88", -- Block_ID : UNIQUE_ID
    0, -- WhereSpecOK : BOOLEAN
    0, -- InWhereSpec : BOOLEAN
    0, -- SelectedFound : BOOLEAN
    '', -- TempBuffer : STRING
    '', -- SupData1 : STRING
    '', -- SupData2 : STRING
    0, -- CurrentLine : INTEGER
    0, -- CurrentCol : INTEGER
    0, -- currentKeyLettersLineNumber : INTEGER
    0, -- currentKeyLettersColumn : INTEGER
    0, -- currentParameterAssignmentNameLineNumber : INTEGER
    0, -- currentParameterAssignmentNameColumn : INTEGER
    0, -- currentAssociationNumberLineNumber : INTEGER
    0, -- currentAssociationNumberColumn : INTEGER
    0, -- currentAssociationPhraseLineNumber : INTEGER
    0, -- currentAssociationPhraseColumn : INTEGER
    0, -- currentDataTypeNameLineNumber : INTEGER
    0, -- currentDataTypeNameColumn : INTEGER
    0, -- blockInStackFrameCreated : BOOLEAN
    "9de8323e-c2dc-43d5-8ba0-3a5dc8f236c6", -- Action_ID : UNIQUE_ID
    "fed90527-0e85-465e-83d7-c3dd528d21ac" -- Parsed_Action_ID : UNIQUE_ID
);
INSERT INTO ACT_BLK VALUES (
    "e79498b6-2aa9-4803-8475-d7f66826a8c7", -- Block_ID : UNIQUE_ID
    0, -- WhereSpecOK : BOOLEAN
    0, -- InWhereSpec : BOOLEAN
    0, -- SelectedFound : BOOLEAN
    '', -- TempBuffer : STRING
    '', -- SupData1 : STRING
    '', -- SupData2 : STRING
    0, -- CurrentLine : INTEGER
    0, -- CurrentCol : INTEGER
    0, -- currentKeyLettersLineNumber : INTEGER
    0, -- currentKeyLettersColumn : INTEGER
    0, -- currentParameterAssignmentNameLineNumber : INTEGER
    0, -- currentParameterAssignmentNameColumn : INTEGER
    0, -- currentAssociationNumberLineNumber : INTEGER
    0, -- currentAssociationNumberColumn : INTEGER
    0, -- currentAssociationPhraseLineNumber : INTEGER
    0, -- currentAssociationPhraseColumn : INTEGER
    0, -- currentDataTypeNameLineNumber : INTEGER
    0, -- currentDataTypeNameColumn : INTEGER
    0, -- blockInStackFrameCreated : BOOLEAN
    "9b802053-9609-4b13-b633-986f89aac75e", -- Action_ID : UNIQUE_ID
    "893db4d5-6d79-451b-9e86-bb89d5c07c6e" -- Parsed_Action_ID : UNIQUE_ID
);
INSERT INTO ACT_BLK VALUES (
    "441022d2-7e8f-4281-81b8-76b300a4f41f", -- Block_ID : UNIQUE_ID
    0, -- WhereSpecOK : BOOLEAN
    0, -- InWhereSpec : BOOLEAN
    0, -- SelectedFound : BOOLEAN
    '', -- TempBuffer : STRING
    '', -- SupData1 : STRING
    '', -- SupData2 : STRING
    0, -- CurrentLine : INTEGER
    0, -- CurrentCol : INTEGER
    0, -- currentKeyLettersLineNumber : INTEGER
    0, -- currentKeyLettersColumn : INTEGER
    0, -- currentParameterAssignmentNameLineNumber : INTEGER
    0, -- currentParameterAssignmentNameColumn : INTEGER
    0, -- currentAssociationNumberLineNumber : INTEGER
    0, -- currentAssociationNumberColumn : INTEGER
    0, -- currentAssociationPhraseLineNumber : INTEGER
    0, -- currentAssociationPhraseColumn : INTEGER
    0, -- currentDataTypeNameLineNumber : INTEGER
    0, -- currentDataTypeNameColumn : INTEGER
    0, -- blockInStackFrameCreated : BOOLEAN
    "32a6bb8b-c440-4f6f-9f6d-71d8a0f6befd", -- Action_ID : UNIQUE_ID
    "761bfd99-b44f-41b7-8556-82dc6ac85607" -- Parsed_Action_ID : UNIQUE_ID
);
INSERT INTO ACT_BLK VALUES (
    "a395f419-dbd5-4e92-9a61-0a9a0d613281", -- Block_ID : UNIQUE_ID
    0, -- WhereSpecOK : BOOLEAN
    0, -- InWhereSpec : BOOLEAN
    0, -- SelectedFound : BOOLEAN
    '', -- TempBuffer : STRING
    '', -- SupData1 : STRING
    '', -- SupData2 : STRING
    0, -- CurrentLine : INTEGER
    0, -- CurrentCol : INTEGER
    0, -- currentKeyLettersLineNumber : INTEGER
    0, -- currentKeyLettersColumn : INTEGER
    0, -- currentParameterAssignmentNameLineNumber : INTEGER
    0, -- currentParameterAssignmentNameColumn : INTEGER
    0, -- currentAssociationNumberLineNumber : INTEGER
    0, -- currentAssociationNumberColumn : INTEGER
    0, -- currentAssociationPhraseLineNumber : INTEGER
    0, -- currentAssociationPhraseColumn : INTEGER
    0, -- currentDataTypeNameLineNumber : INTEGER
    0, -- currentDataTypeNameColumn : INTEGER
    0, -- blockInStackFrameCreated : BOOLEAN
    "9f907c0d-93c4-4d24-a4e3-4535b043301a", -- Action_ID : UNIQUE_ID
    "c7125b64-406f-4e72-98cf-b14c6cef5b9a" -- Parsed_Action_ID : UNIQUE_ID
);
INSERT INTO ACT_BLK VALUES (
    "2fb78cd7-eae8-4d2c-8467-ff30a55c5fd3", -- Block_ID : UNIQUE_ID
    0, -- WhereSpecOK : BOOLEAN
    0, -- InWhereSpec : BOOLEAN
    0, -- SelectedFound : BOOLEAN
    '', -- TempBuffer : STRING
    '', -- SupData1 : STRING
    '', -- SupData2 : STRING
    0, -- CurrentLine : INTEGER
    0, -- CurrentCol : INTEGER
    0, -- currentKeyLettersLineNumber : INTEGER
    0, -- currentKeyLettersColumn : INTEGER
    0, -- currentParameterAssignmentNameLineNumber : INTEGER
    0, -- currentParameterAssignmentNameColumn : INTEGER
    0, -- currentAssociationNumberLineNumber : INTEGER
    0, -- currentAssociationNumberColumn : INTEGER
    0, -- currentAssociationPhraseLineNumber : INTEGER
    0, -- currentAssociationPhraseColumn : INTEGER
    0, -- currentDataTypeNameLineNumber : INTEGER
    0, -- currentDataTypeNameColumn : INTEGER
    0, -- blockInStackFrameCreated : BOOLEAN
    "ac8d2a08-f081-45e7-881c-66b909b373ae", -- Action_ID : UNIQUE_ID
    "90dd22ad-736c-4ce7-bee2-2f2c4cfc82cd" -- Parsed_Action_ID : UNIQUE_ID
);
INSERT INTO ACT_BLK VALUES (
    "d1e5690b-dfca-4518-a481-008fc232c48a", -- Block_ID : UNIQUE_ID
    0, -- WhereSpecOK : BOOLEAN
    0, -- InWhereSpec : BOOLEAN
    0, -- SelectedFound : BOOLEAN
    '', -- TempBuffer : STRING
    '', -- SupData1 : STRING
    '', -- SupData2 : STRING
    0, -- CurrentLine : INTEGER
    0, -- CurrentCol : INTEGER
    0, -- currentKeyLettersLineNumber : INTEGER
    0, -- currentKeyLettersColumn : INTEGER
    0, -- currentParameterAssignmentNameLineNumber : INTEGER
    0, -- currentParameterAssignmentNameColumn : INTEGER
    0, -- currentAssociationNumberLineNumber : INTEGER
    0, -- currentAssociationNumberColumn : INTEGER
    0, -- currentAssociationPhraseLineNumber : INTEGER
    0, -- currentAssociationPhraseColumn : INTEGER
    0, -- currentDataTypeNameLineNumber : INTEGER
    0, -- currentDataTypeNameColumn : INTEGER
    0, -- blockInStackFrameCreated : BOOLEAN
    "4ddbc90e-7f64-499b-a791-74417879cd17", -- Action_ID : UNIQUE_ID
    "71a6f4ec-7c34-44c5-b0ea-2baecc6fbf7e" -- Parsed_Action_ID : UNIQUE_ID
);
INSERT INTO ACT_BLK VALUES (
    "6f65d8e0-5f81-42ff-ad95-dc080604244f", -- Block_ID : UNIQUE_ID
    0, -- WhereSpecOK : BOOLEAN
    0, -- InWhereSpec : BOOLEAN
    0, -- SelectedFound : BOOLEAN
    '', -- TempBuffer : STRING
    '', -- SupData1 : STRING
    '', -- SupData2 : STRING
    0, -- CurrentLine : INTEGER
    0, -- CurrentCol : INTEGER
    0, -- currentKeyLettersLineNumber : INTEGER
    0, -- currentKeyLettersColumn : INTEGER
    0, -- currentParameterAssignmentNameLineNumber : INTEGER
    0, -- currentParameterAssignmentNameColumn : INTEGER
    0, -- currentAssociationNumberLineNumber : INTEGER
    0, -- currentAssociationNumberColumn : INTEGER
    0, -- currentAssociationPhraseLineNumber : INTEGER
    0, -- currentAssociationPhraseColumn : INTEGER
    0, -- currentDataTypeNameLineNumber : INTEGER
    0, -- currentDataTypeNameColumn : INTEGER
    0, -- blockInStackFrameCreated : BOOLEAN
    "186e0abf-0d08-4e59-9dd4-9f94a4968c56", -- Action_ID : UNIQUE_ID
    "a7650975-fc05-450a-b0eb-bf4819a2a1b5" -- Parsed_Action_ID : UNIQUE_ID
);
INSERT INTO ACT_BLK VALUES (
    "55571cec-e418-4424-b555-84d0ce3afbb9", -- Block_ID : UNIQUE_ID
    0, -- WhereSpecOK : BOOLEAN
    0, -- InWhereSpec : BOOLEAN
    0, -- SelectedFound : BOOLEAN
    '', -- TempBuffer : STRING
    '', -- SupData1 : STRING
    '', -- SupData2 : STRING
    0, -- CurrentLine : INTEGER
    0, -- CurrentCol : INTEGER
    0, -- currentKeyLettersLineNumber : INTEGER
    0, -- currentKeyLettersColumn : INTEGER
    0, -- currentParameterAssignmentNameLineNumber : INTEGER
    0, -- currentParameterAssignmentNameColumn : INTEGER
    0, -- currentAssociationNumberLineNumber : INTEGER
    0, -- currentAssociationNumberColumn : INTEGER
    0, -- currentAssociationPhraseLineNumber : INTEGER
    0, -- currentAssociationPhraseColumn : INTEGER
    0, -- currentDataTypeNameLineNumber : INTEGER
    0, -- currentDataTypeNameColumn : INTEGER
    0, -- blockInStackFrameCreated : BOOLEAN
    "9050a009-0e3f-44b3-b1df-6dc5db534895", -- Action_ID : UNIQUE_ID
    "6dd23434-0738-4ebb-97d2-5e20442b5efe" -- Parsed_Action_ID : UNIQUE_ID
);
INSERT INTO ACT_BLK VALUES (
    "13699666-e8de-420e-8428-9d1e88bb3784", -- Block_ID : UNIQUE_ID
    0, -- WhereSpecOK : BOOLEAN
    0, -- InWhereSpec : BOOLEAN
    0, -- SelectedFound : BOOLEAN
    '', -- TempBuffer : STRING
    '', -- SupData1 : STRING
    '', -- SupData2 : STRING
    0, -- CurrentLine : INTEGER
    0, -- CurrentCol : INTEGER
    0, -- currentKeyLettersLineNumber : INTEGER
    0, -- currentKeyLettersColumn : INTEGER
    0, -- currentParameterAssignmentNameLineNumber : INTEGER
    0, -- currentParameterAssignmentNameColumn : INTEGER
    0, -- currentAssociationNumberLineNumber : INTEGER
    0, -- currentAssociationNumberColumn : INTEGER
    0, -- currentAssociationPhraseLineNumber : INTEGER
    0, -- currentAssociationPhraseColumn : INTEGER
    0, -- currentDataTypeNameLineNumber : INTEGER
    0, -- currentDataTypeNameColumn : INTEGER
    0, -- blockInStackFrameCreated : BOOLEAN
    "be7f54bb-4bfe-4f00-b35b-0cb5094f80ee", -- Action_ID : UNIQUE_ID
    "691d8f04-1bd9-49c1-b006-6bf3950f3a59" -- Parsed_Action_ID : UNIQUE_ID
);
INSERT INTO ACT_BLK VALUES (
    "12a53ba9-e691-4b46-8a1d-a67d4e1f061d", -- Block_ID : UNIQUE_ID
    0, -- WhereSpecOK : BOOLEAN
    0, -- InWhereSpec : BOOLEAN
    0, -- SelectedFound : BOOLEAN
    '', -- TempBuffer : STRING
    '', -- SupData1 : STRING
    '', -- SupData2 : STRING
    0, -- CurrentLine : INTEGER
    0, -- CurrentCol : INTEGER
    0, -- currentKeyLettersLineNumber : INTEGER
    0, -- currentKeyLettersColumn : INTEGER
    0, -- currentParameterAssignmentNameLineNumber : INTEGER
    0, -- currentParameterAssignmentNameColumn : INTEGER
    0, -- currentAssociationNumberLineNumber : INTEGER
    0, -- currentAssociationNumberColumn : INTEGER
    0, -- currentAssociationPhraseLineNumber : INTEGER
    0, -- currentAssociationPhraseColumn : INTEGER
    0, -- currentDataTypeNameLineNumber : INTEGER
    0, -- currentDataTypeNameColumn : INTEGER
    0, -- blockInStackFrameCreated : BOOLEAN
    "45ca4d5e-4021-45d0-bd51-c670a3c80ed9", -- Action_ID : UNIQUE_ID
    "a1533ded-8e74-45fa-887c-a5b04f0e3717" -- Parsed_Action_ID : UNIQUE_ID
);
INSERT INTO ACT_BLK VALUES (
    "d3f2b432-728c-461d-9cc4-1f557711bcee", -- Block_ID : UNIQUE_ID
    0, -- WhereSpecOK : BOOLEAN
    0, -- InWhereSpec : BOOLEAN
    0, -- SelectedFound : BOOLEAN
    '', -- TempBuffer : STRING
    '', -- SupData1 : STRING
    '', -- SupData2 : STRING
    0, -- CurrentLine : INTEGER
    0, -- CurrentCol : INTEGER
    0, -- currentKeyLettersLineNumber : INTEGER
    0, -- currentKeyLettersColumn : INTEGER
    0, -- currentParameterAssignmentNameLineNumber : INTEGER
    0, -- currentParameterAssignmentNameColumn : INTEGER
    0, -- currentAssociationNumberLineNumber : INTEGER
    0, -- currentAssociationNumberColumn : INTEGER
    0, -- currentAssociationPhraseLineNumber : INTEGER
    0, -- currentAssociationPhraseColumn : INTEGER
    0, -- currentDataTypeNameLineNumber : INTEGER
    0, -- currentDataTypeNameColumn : INTEGER
    0, -- blockInStackFrameCreated : BOOLEAN
    "7c9efce9-621f-4e2c-ba09-e80a95fb3aea", -- Action_ID : UNIQUE_ID
    "1f3bc4d3-0e6b-4a2b-8db3-0fa2c7744f3a" -- Parsed_Action_ID : UNIQUE_ID
);
INSERT INTO ACT_BLK VALUES (
    "041ca7f3-75d8-497a-8988-afb8629f8a4b", -- Block_ID : UNIQUE_ID
    0, -- WhereSpecOK : BOOLEAN
    0, -- InWhereSpec : BOOLEAN
    0, -- SelectedFound : BOOLEAN
    '', -- TempBuffer : STRING
    '', -- SupData1 : STRING
    '', -- SupData2 : STRING
    0, -- CurrentLine : INTEGER
    0, -- CurrentCol : INTEGER
    0, -- currentKeyLettersLineNumber : INTEGER
    0, -- currentKeyLettersColumn : INTEGER
    0, -- currentParameterAssignmentNameLineNumber : INTEGER
    0, -- currentParameterAssignmentNameColumn : INTEGER
    0, -- currentAssociationNumberLineNumber : INTEGER
    0, -- currentAssociationNumberColumn : INTEGER
    0, -- currentAssociationPhraseLineNumber : INTEGER
    0, -- currentAssociationPhraseColumn : INTEGER
    0, -- currentDataTypeNameLineNumber : INTEGER
    0, -- currentDataTypeNameColumn : INTEGER
    0, -- blockInStackFrameCreated : BOOLEAN
    "0fc1b7b2-8cd9-4d63-b794-8a44b2ec562b", -- Action_ID : UNIQUE_ID
    "f659175f-3a77-4249-869a-a93b8774ce7a" -- Parsed_Action_ID : UNIQUE_ID
);
INSERT INTO ACT_BLK VALUES (
    "b08eda0e-1b9e-4cd8-874f-96f8d4fe8504", -- Block_ID : UNIQUE_ID
    0, -- WhereSpecOK : BOOLEAN
    0, -- InWhereSpec : BOOLEAN
    0, -- SelectedFound : BOOLEAN
    '', -- TempBuffer : STRING
    '', -- SupData1 : STRING
    '', -- SupData2 : STRING
    0, -- CurrentLine : INTEGER
    0, -- CurrentCol : INTEGER
    0, -- currentKeyLettersLineNumber : INTEGER
    0, -- currentKeyLettersColumn : INTEGER
    0, -- currentParameterAssignmentNameLineNumber : INTEGER
    0, -- currentParameterAssignmentNameColumn : INTEGER
    0, -- currentAssociationNumberLineNumber : INTEGER
    0, -- currentAssociationNumberColumn : INTEGER
    0, -- currentAssociationPhraseLineNumber : INTEGER
    0, -- currentAssociationPhraseColumn : INTEGER
    0, -- currentDataTypeNameLineNumber : INTEGER
    0, -- currentDataTypeNameColumn : INTEGER
    0, -- blockInStackFrameCreated : BOOLEAN
    "876963ab-2dd1-4951-b2d5-9e1b53d9ba9c", -- Action_ID : UNIQUE_ID
    "4d220af5-d813-4493-9091-e6ce158bb747" -- Parsed_Action_ID : UNIQUE_ID
);
INSERT INTO ACT_BLK VALUES (
    "23a8a364-08bf-4fab-8d6e-b16709858e2e", -- Block_ID : UNIQUE_ID
    0, -- WhereSpecOK : BOOLEAN
    0, -- InWhereSpec : BOOLEAN
    0, -- SelectedFound : BOOLEAN
    '', -- TempBuffer : STRING
    '', -- SupData1 : STRING
    '', -- SupData2 : STRING
    0, -- CurrentLine : INTEGER
    0, -- CurrentCol : INTEGER
    0, -- currentKeyLettersLineNumber : INTEGER
    0, -- currentKeyLettersColumn : INTEGER
    0, -- currentParameterAssignmentNameLineNumber : INTEGER
    0, -- currentParameterAssignmentNameColumn : INTEGER
    0, -- currentAssociationNumberLineNumber : INTEGER
    0, -- currentAssociationNumberColumn : INTEGER
    0, -- currentAssociationPhraseLineNumber : INTEGER
    0, -- currentAssociationPhraseColumn : INTEGER
    0, -- currentDataTypeNameLineNumber : INTEGER
    0, -- currentDataTypeNameColumn : INTEGER
    0, -- blockInStackFrameCreated : BOOLEAN
    "c6270f81-7303-4ac1-ac2d-c40079c5382b", -- Action_ID : UNIQUE_ID
    "af1d05d3-2f17-4872-992b-83fdf1ad159d" -- Parsed_Action_ID : UNIQUE_ID
);
INSERT INTO ACT_BLK VALUES (
    "d0cb21c6-3f47-41da-82af-12fb4c1a6902", -- Block_ID : UNIQUE_ID
    0, -- WhereSpecOK : BOOLEAN
    0, -- InWhereSpec : BOOLEAN
    0, -- SelectedFound : BOOLEAN
    '', -- TempBuffer : STRING
    '', -- SupData1 : STRING
    '', -- SupData2 : STRING
    0, -- CurrentLine : INTEGER
    0, -- CurrentCol : INTEGER
    0, -- currentKeyLettersLineNumber : INTEGER
    0, -- currentKeyLettersColumn : INTEGER
    0, -- currentParameterAssignmentNameLineNumber : INTEGER
    0, -- currentParameterAssignmentNameColumn : INTEGER
    0, -- currentAssociationNumberLineNumber : INTEGER
    0, -- currentAssociationNumberColumn : INTEGER
    0, -- currentAssociationPhraseLineNumber : INTEGER
    0, -- currentAssociationPhraseColumn : INTEGER
    0, -- currentDataTypeNameLineNumber : INTEGER
    0, -- currentDataTypeNameColumn : INTEGER
    0, -- blockInStackFrameCreated : BOOLEAN
    "9e27e9e1-2c3c-4b6f-b325-3a1e02c26a17", -- Action_ID : UNIQUE_ID
    "65aa69b3-fa4d-4cb7-8309-b0a0f6416bd5" -- Parsed_Action_ID : UNIQUE_ID
);
INSERT INTO ACT_BLK VALUES (
    "fb3fed91-5461-4b66-b151-cfd2a49d0c6d", -- Block_ID : UNIQUE_ID
    0, -- WhereSpecOK : BOOLEAN
    0, -- InWhereSpec : BOOLEAN
    0, -- SelectedFound : BOOLEAN
    '', -- TempBuffer : STRING
    '', -- SupData1 : STRING
    '', -- SupData2 : STRING
    0, -- CurrentLine : INTEGER
    0, -- CurrentCol : INTEGER
    0, -- currentKeyLettersLineNumber : INTEGER
    0, -- currentKeyLettersColumn : INTEGER
    0, -- currentParameterAssignmentNameLineNumber : INTEGER
    0, -- currentParameterAssignmentNameColumn : INTEGER
    0, -- currentAssociationNumberLineNumber : INTEGER
    0, -- currentAssociationNumberColumn : INTEGER
    0, -- currentAssociationPhraseLineNumber : INTEGER
    0, -- currentAssociationPhraseColumn : INTEGER
    0, -- currentDataTypeNameLineNumber : INTEGER
    0, -- currentDataTypeNameColumn : INTEGER
    0, -- blockInStackFrameCreated : BOOLEAN
    "52cb6c48-059e-4403-a8a4-d6bdfd2e09c0", -- Action_ID : UNIQUE_ID
    "8c0d3fa5-644e-45e7-8519-66a389a354c6" -- Parsed_Action_ID : UNIQUE_ID
);
INSERT INTO ACT_BLK VALUES (
    "9f28b32d-d1b9-441d-bb79-37eaaf66ce8e", -- Block_ID : UNIQUE_ID
    0, -- WhereSpecOK : BOOLEAN
    0, -- InWhereSpec : BOOLEAN
    0, -- SelectedFound : BOOLEAN
    '', -- TempBuffer : STRING
    '', -- SupData1 : STRING
    '', -- SupData2 : STRING
    0, -- CurrentLine : INTEGER
    0, -- CurrentCol : INTEGER
    0, -- currentKeyLettersLineNumber : INTEGER
    0, -- currentKeyLettersColumn : INTEGER
    0, -- currentParameterAssignmentNameLineNumber : INTEGER
    0, -- currentParameterAssignmentNameColumn : INTEGER
    0, -- currentAssociationNumberLineNumber : INTEGER
    0, -- currentAssociationNumberColumn : INTEGER
    0, -- currentAssociationPhraseLineNumber : INTEGER
    0, -- currentAssociationPhraseColumn : INTEGER
    0, -- currentDataTypeNameLineNumber : INTEGER
    0, -- currentDataTypeNameColumn : INTEGER
    0, -- blockInStackFrameCreated : BOOLEAN
    "0a29bc25-630a-4e5c-902e-ee889c3a04af", -- Action_ID : UNIQUE_ID
    "756ff887-0130-44dc-9c0a-0eaf8b738ba7" -- Parsed_Action_ID : UNIQUE_ID
);
INSERT INTO ACT_BLK VALUES (
    "3aff7871-8e31-4c55-ba96-54b0fb533acf", -- Block_ID : UNIQUE_ID
    0, -- WhereSpecOK : BOOLEAN
    0, -- InWhereSpec : BOOLEAN
    0, -- SelectedFound : BOOLEAN
    '', -- TempBuffer : STRING
    '', -- SupData1 : STRING
    '', -- SupData2 : STRING
    0, -- CurrentLine : INTEGER
    0, -- CurrentCol : INTEGER
    0, -- currentKeyLettersLineNumber : INTEGER
    0, -- currentKeyLettersColumn : INTEGER
    0, -- currentParameterAssignmentNameLineNumber : INTEGER
    0, -- currentParameterAssignmentNameColumn : INTEGER
    0, -- currentAssociationNumberLineNumber : INTEGER
    0, -- currentAssociationNumberColumn : INTEGER
    0, -- currentAssociationPhraseLineNumber : INTEGER
    0, -- currentAssociationPhraseColumn : INTEGER
    0, -- currentDataTypeNameLineNumber : INTEGER
    0, -- currentDataTypeNameColumn : INTEGER
    0, -- blockInStackFrameCreated : BOOLEAN
    "a0d3950b-32b0-4a38-b11f-639e84955030", -- Action_ID : UNIQUE_ID
    "69e81302-ec72-444e-a477-9b0a7954e41d" -- Parsed_Action_ID : UNIQUE_ID
);
INSERT INTO ACT_BLK VALUES (
    "6a6faeb7-2e1a-4050-958e-7d540cb33f2a", -- Block_ID : UNIQUE_ID
    0, -- WhereSpecOK : BOOLEAN
    0, -- InWhereSpec : BOOLEAN
    0, -- SelectedFound : BOOLEAN
    '', -- TempBuffer : STRING
    '', -- SupData1 : STRING
    '', -- SupData2 : STRING
    0, -- CurrentLine : INTEGER
    0, -- CurrentCol : INTEGER
    0, -- currentKeyLettersLineNumber : INTEGER
    0, -- currentKeyLettersColumn : INTEGER
    0, -- currentParameterAssignmentNameLineNumber : INTEGER
    0, -- currentParameterAssignmentNameColumn : INTEGER
    0, -- currentAssociationNumberLineNumber : INTEGER
    0, -- currentAssociationNumberColumn : INTEGER
    0, -- currentAssociationPhraseLineNumber : INTEGER
    0, -- currentAssociationPhraseColumn : INTEGER
    0, -- currentDataTypeNameLineNumber : INTEGER
    0, -- currentDataTypeNameColumn : INTEGER
    0, -- blockInStackFrameCreated : BOOLEAN
    "b951f2ab-bbee-408b-93c6-b51b5f7205fb", -- Action_ID : UNIQUE_ID
    "e2dc592f-4d1f-4877-a54c-498e2972a66b" -- Parsed_Action_ID : UNIQUE_ID
);
INSERT INTO ACT_BLK VALUES (
    "568d31f6-eeec-4465-bc21-a425cde4d6c1", -- Block_ID : UNIQUE_ID
    0, -- WhereSpecOK : BOOLEAN
    0, -- InWhereSpec : BOOLEAN
    0, -- SelectedFound : BOOLEAN
    '', -- TempBuffer : STRING
    '', -- SupData1 : STRING
    '', -- SupData2 : STRING
    0, -- CurrentLine : INTEGER
    0, -- CurrentCol : INTEGER
    0, -- currentKeyLettersLineNumber : INTEGER
    0, -- currentKeyLettersColumn : INTEGER
    0, -- currentParameterAssignmentNameLineNumber : INTEGER
    0, -- currentParameterAssignmentNameColumn : INTEGER
    0, -- currentAssociationNumberLineNumber : INTEGER
    0, -- currentAssociationNumberColumn : INTEGER
    0, -- currentAssociationPhraseLineNumber : INTEGER
    0, -- currentAssociationPhraseColumn : INTEGER
    0, -- currentDataTypeNameLineNumber : INTEGER
    0, -- currentDataTypeNameColumn : INTEGER
    0, -- blockInStackFrameCreated : BOOLEAN
    "b3d1b25d-64b7-45ad-9c30-b98b704dbe7e", -- Action_ID : UNIQUE_ID
    "e97c4c6c-c53a-4abb-9c40-e9e241c5b2bf" -- Parsed_Action_ID : UNIQUE_ID
);
INSERT INTO ACT_BLK VALUES (
    "beed542c-8c2a-49f4-b26b-9c3d9b542604", -- Block_ID : UNIQUE_ID
    0, -- WhereSpecOK : BOOLEAN
    0, -- InWhereSpec : BOOLEAN
    0, -- SelectedFound : BOOLEAN
    '', -- TempBuffer : STRING
    '', -- SupData1 : STRING
    '', -- SupData2 : STRING
    0, -- CurrentLine : INTEGER
    0, -- CurrentCol : INTEGER
    0, -- currentKeyLettersLineNumber : INTEGER
    0, -- currentKeyLettersColumn : INTEGER
    0, -- currentParameterAssignmentNameLineNumber : INTEGER
    0, -- currentParameterAssignmentNameColumn : INTEGER
    0, -- currentAssociationNumberLineNumber : INTEGER
    0, -- currentAssociationNumberColumn : INTEGER
    0, -- currentAssociationPhraseLineNumber : INTEGER
    0, -- currentAssociationPhraseColumn : INTEGER
    0, -- currentDataTypeNameLineNumber : INTEGER
    0, -- currentDataTypeNameColumn : INTEGER
    0, -- blockInStackFrameCreated : BOOLEAN
    "18dc8d15-1843-4a9b-9597-bf63b66b0e0c", -- Action_ID : UNIQUE_ID
    "c048af27-9fb2-4842-9f46-bd8a925c7609" -- Parsed_Action_ID : UNIQUE_ID
);
INSERT INTO ACT_BLK VALUES (
    "fd303e09-59e9-491e-8eaf-0dda9db01120", -- Block_ID : UNIQUE_ID
    0, -- WhereSpecOK : BOOLEAN
    0, -- InWhereSpec : BOOLEAN
    0, -- SelectedFound : BOOLEAN
    '', -- TempBuffer : STRING
    '', -- SupData1 : STRING
    '', -- SupData2 : STRING
    0, -- CurrentLine : INTEGER
    0, -- CurrentCol : INTEGER
    0, -- currentKeyLettersLineNumber : INTEGER
    0, -- currentKeyLettersColumn : INTEGER
    0, -- currentParameterAssignmentNameLineNumber : INTEGER
    0, -- currentParameterAssignmentNameColumn : INTEGER
    0, -- currentAssociationNumberLineNumber : INTEGER
    0, -- currentAssociationNumberColumn : INTEGER
    0, -- currentAssociationPhraseLineNumber : INTEGER
    0, -- currentAssociationPhraseColumn : INTEGER
    0, -- currentDataTypeNameLineNumber : INTEGER
    0, -- currentDataTypeNameColumn : INTEGER
    0, -- blockInStackFrameCreated : BOOLEAN
    "20057ad2-5c1e-4eb2-bef0-ccc18661a70f", -- Action_ID : UNIQUE_ID
    "cb7b07b3-4108-4e64-91f4-c2d4b38e04b9" -- Parsed_Action_ID : UNIQUE_ID
);
INSERT INTO ACT_BLK VALUES (
    "59169736-539e-4f66-8227-53351a57e4fc", -- Block_ID : UNIQUE_ID
    0, -- WhereSpecOK : BOOLEAN
    0, -- InWhereSpec : BOOLEAN
    0, -- SelectedFound : BOOLEAN
    '', -- TempBuffer : STRING
    '', -- SupData1 : STRING
    '', -- SupData2 : STRING
    0, -- CurrentLine : INTEGER
    0, -- CurrentCol : INTEGER
    0, -- currentKeyLettersLineNumber : INTEGER
    0, -- currentKeyLettersColumn : INTEGER
    0, -- currentParameterAssignmentNameLineNumber : INTEGER
    0, -- currentParameterAssignmentNameColumn : INTEGER
    0, -- currentAssociationNumberLineNumber : INTEGER
    0, -- currentAssociationNumberColumn : INTEGER
    0, -- currentAssociationPhraseLineNumber : INTEGER
    0, -- currentAssociationPhraseColumn : INTEGER
    0, -- currentDataTypeNameLineNumber : INTEGER
    0, -- currentDataTypeNameColumn : INTEGER
    0, -- blockInStackFrameCreated : BOOLEAN
    "3a564067-0151-4a30-a5c4-f1f3445cf75b", -- Action_ID : UNIQUE_ID
    "9d3251eb-9f27-43b7-9078-1450841450ee" -- Parsed_Action_ID : UNIQUE_ID
);
INSERT INTO ACT_BLK VALUES (
    "2132f58e-5904-4262-8758-f7afd4ff4a1a", -- Block_ID : UNIQUE_ID
    0, -- WhereSpecOK : BOOLEAN
    0, -- InWhereSpec : BOOLEAN
    0, -- SelectedFound : BOOLEAN
    '', -- TempBuffer : STRING
    '', -- SupData1 : STRING
    '', -- SupData2 : STRING
    0, -- CurrentLine : INTEGER
    0, -- CurrentCol : INTEGER
    0, -- currentKeyLettersLineNumber : INTEGER
    0, -- currentKeyLettersColumn : INTEGER
    0, -- currentParameterAssignmentNameLineNumber : INTEGER
    0, -- currentParameterAssignmentNameColumn : INTEGER
    0, -- currentAssociationNumberLineNumber : INTEGER
    0, -- currentAssociationNumberColumn : INTEGER
    0, -- currentAssociationPhraseLineNumber : INTEGER
    0, -- currentAssociationPhraseColumn : INTEGER
    0, -- currentDataTypeNameLineNumber : INTEGER
    0, -- currentDataTypeNameColumn : INTEGER
    0, -- blockInStackFrameCreated : BOOLEAN
    "26a20736-430f-423b-9468-b5ba0490071d", -- Action_ID : UNIQUE_ID
    "98e26335-2d44-4c42-a403-02537cf47141" -- Parsed_Action_ID : UNIQUE_ID
);
INSERT INTO ACT_BLK VALUES (
    "89dbe393-09fe-444f-b2ac-973b84b1cb7c", -- Block_ID : UNIQUE_ID
    0, -- WhereSpecOK : BOOLEAN
    0, -- InWhereSpec : BOOLEAN
    0, -- SelectedFound : BOOLEAN
    '', -- TempBuffer : STRING
    '', -- SupData1 : STRING
    '', -- SupData2 : STRING
    0, -- CurrentLine : INTEGER
    0, -- CurrentCol : INTEGER
    0, -- currentKeyLettersLineNumber : INTEGER
    0, -- currentKeyLettersColumn : INTEGER
    0, -- currentParameterAssignmentNameLineNumber : INTEGER
    0, -- currentParameterAssignmentNameColumn : INTEGER
    0, -- currentAssociationNumberLineNumber : INTEGER
    0, -- currentAssociationNumberColumn : INTEGER
    0, -- currentAssociationPhraseLineNumber : INTEGER
    0, -- currentAssociationPhraseColumn : INTEGER
    0, -- currentDataTypeNameLineNumber : INTEGER
    0, -- currentDataTypeNameColumn : INTEGER
    0, -- blockInStackFrameCreated : BOOLEAN
    "cb0fc935-f443-49d5-849e-97de305554e1", -- Action_ID : UNIQUE_ID
    "3bcca85f-4835-4b33-a1cf-2e4c638cc421" -- Parsed_Action_ID : UNIQUE_ID
);
INSERT INTO ACT_BLK VALUES (
    "ad5cd2b1-e3d4-4bef-8db8-b8373f2e4bbf", -- Block_ID : UNIQUE_ID
    0, -- WhereSpecOK : BOOLEAN
    0, -- InWhereSpec : BOOLEAN
    0, -- SelectedFound : BOOLEAN
    '', -- TempBuffer : STRING
    '', -- SupData1 : STRING
    '', -- SupData2 : STRING
    0, -- CurrentLine : INTEGER
    0, -- CurrentCol : INTEGER
    0, -- currentKeyLettersLineNumber : INTEGER
    0, -- currentKeyLettersColumn : INTEGER
    0, -- currentParameterAssignmentNameLineNumber : INTEGER
    0, -- currentParameterAssignmentNameColumn : INTEGER
    0, -- currentAssociationNumberLineNumber : INTEGER
    0, -- currentAssociationNumberColumn : INTEGER
    0, -- currentAssociationPhraseLineNumber : INTEGER
    0, -- currentAssociationPhraseColumn : INTEGER
    0, -- currentDataTypeNameLineNumber : INTEGER
    0, -- currentDataTypeNameColumn : INTEGER
    0, -- blockInStackFrameCreated : BOOLEAN
    "8b55581f-545a-4858-af5f-fdbffd74174a", -- Action_ID : UNIQUE_ID
    "c10b0288-e4d8-4b92-bf08-766371246348" -- Parsed_Action_ID : UNIQUE_ID
);
INSERT INTO ACT_BLK VALUES (
    "e920b951-6d89-43d7-ab3b-60c60a3013df", -- Block_ID : UNIQUE_ID
    0, -- WhereSpecOK : BOOLEAN
    0, -- InWhereSpec : BOOLEAN
    0, -- SelectedFound : BOOLEAN
    '', -- TempBuffer : STRING
    '', -- SupData1 : STRING
    '', -- SupData2 : STRING
    0, -- CurrentLine : INTEGER
    0, -- CurrentCol : INTEGER
    0, -- currentKeyLettersLineNumber : INTEGER
    0, -- currentKeyLettersColumn : INTEGER
    0, -- currentParameterAssignmentNameLineNumber : INTEGER
    0, -- currentParameterAssignmentNameColumn : INTEGER
    0, -- currentAssociationNumberLineNumber : INTEGER
    0, -- currentAssociationNumberColumn : INTEGER
    0, -- currentAssociationPhraseLineNumber : INTEGER
    0, -- currentAssociationPhraseColumn : INTEGER
    0, -- currentDataTypeNameLineNumber : INTEGER
    0, -- currentDataTypeNameColumn : INTEGER
    0, -- blockInStackFrameCreated : BOOLEAN
    "a6c5d6c9-0b5b-4b17-a7c4-35ca96744fdc", -- Action_ID : UNIQUE_ID
    "445f9996-0f2d-433a-bee3-525aaca6726b" -- Parsed_Action_ID : UNIQUE_ID
);
INSERT INTO ACT_BLK VALUES (
    "229cda5b-f9c0-40f7-9301-ce8a1ac0a061", -- Block_ID : UNIQUE_ID
    0, -- WhereSpecOK : BOOLEAN
    0, -- InWhereSpec : BOOLEAN
    0, -- SelectedFound : BOOLEAN
    '', -- TempBuffer : STRING
    '', -- SupData1 : STRING
    '', -- SupData2 : STRING
    0, -- CurrentLine : INTEGER
    0, -- CurrentCol : INTEGER
    0, -- currentKeyLettersLineNumber : INTEGER
    0, -- currentKeyLettersColumn : INTEGER
    0, -- currentParameterAssignmentNameLineNumber : INTEGER
    0, -- currentParameterAssignmentNameColumn : INTEGER
    0, -- currentAssociationNumberLineNumber : INTEGER
    0, -- currentAssociationNumberColumn : INTEGER
    0, -- currentAssociationPhraseLineNumber : INTEGER
    0, -- currentAssociationPhraseColumn : INTEGER
    0, -- currentDataTypeNameLineNumber : INTEGER
    0, -- currentDataTypeNameColumn : INTEGER
    0, -- blockInStackFrameCreated : BOOLEAN
    "9c1750bd-ae9f-456e-8ecf-a14b0ebd950a", -- Action_ID : UNIQUE_ID
    "49543836-2ce4-460d-9e01-f5b382a39264" -- Parsed_Action_ID : UNIQUE_ID
);
INSERT INTO ACT_BLK VALUES (
    "7268d881-fe82-4cf5-a78c-13e94feb4a5b", -- Block_ID : UNIQUE_ID
    0, -- WhereSpecOK : BOOLEAN
    0, -- InWhereSpec : BOOLEAN
    0, -- SelectedFound : BOOLEAN
    '', -- TempBuffer : STRING
    '', -- SupData1 : STRING
    '', -- SupData2 : STRING
    0, -- CurrentLine : INTEGER
    0, -- CurrentCol : INTEGER
    0, -- currentKeyLettersLineNumber : INTEGER
    0, -- currentKeyLettersColumn : INTEGER
    0, -- currentParameterAssignmentNameLineNumber : INTEGER
    0, -- currentParameterAssignmentNameColumn : INTEGER
    0, -- currentAssociationNumberLineNumber : INTEGER
    0, -- currentAssociationNumberColumn : INTEGER
    0, -- currentAssociationPhraseLineNumber : INTEGER
    0, -- currentAssociationPhraseColumn : INTEGER
    0, -- currentDataTypeNameLineNumber : INTEGER
    0, -- currentDataTypeNameColumn : INTEGER
    0, -- blockInStackFrameCreated : BOOLEAN
    "988e2d22-d72b-48d0-a34e-c3bd74c1fa08", -- Action_ID : UNIQUE_ID
    "ba4fdba5-fb32-4f6f-ae6d-a2d7a1a5a12f" -- Parsed_Action_ID : UNIQUE_ID
);
INSERT INTO ACT_BLK VALUES (
    "b563066e-7a08-4193-891e-0994e4483a51", -- Block_ID : UNIQUE_ID
    0, -- WhereSpecOK : BOOLEAN
    0, -- InWhereSpec : BOOLEAN
    0, -- SelectedFound : BOOLEAN
    '', -- TempBuffer : STRING
    '', -- SupData1 : STRING
    '', -- SupData2 : STRING
    0, -- CurrentLine : INTEGER
    0, -- CurrentCol : INTEGER
    0, -- currentKeyLettersLineNumber : INTEGER
    0, -- currentKeyLettersColumn : INTEGER
    0, -- currentParameterAssignmentNameLineNumber : INTEGER
    0, -- currentParameterAssignmentNameColumn : INTEGER
    0, -- currentAssociationNumberLineNumber : INTEGER
    0, -- currentAssociationNumberColumn : INTEGER
    0, -- currentAssociationPhraseLineNumber : INTEGER
    0, -- currentAssociationPhraseColumn : INTEGER
    0, -- currentDataTypeNameLineNumber : INTEGER
    0, -- currentDataTypeNameColumn : INTEGER
    0, -- blockInStackFrameCreated : BOOLEAN
    "86950aa1-4676-41d2-8b62-e95ac6f0a839", -- Action_ID : UNIQUE_ID
    "c29dded9-2818-4bbc-a0e2-f953a5ee8e7d" -- Parsed_Action_ID : UNIQUE_ID
);
INSERT INTO ACT_BLK VALUES (
    "e8a029dc-8037-4308-ba53-7eebc9d2d235", -- Block_ID : UNIQUE_ID
    0, -- WhereSpecOK : BOOLEAN
    0, -- InWhereSpec : BOOLEAN
    0, -- SelectedFound : BOOLEAN
    '', -- TempBuffer : STRING
    '', -- SupData1 : STRING
    '', -- SupData2 : STRING
    0, -- CurrentLine : INTEGER
    0, -- CurrentCol : INTEGER
    0, -- currentKeyLettersLineNumber : INTEGER
    0, -- currentKeyLettersColumn : INTEGER
    0, -- currentParameterAssignmentNameLineNumber : INTEGER
    0, -- currentParameterAssignmentNameColumn : INTEGER
    0, -- currentAssociationNumberLineNumber : INTEGER
    0, -- currentAssociationNumberColumn : INTEGER
    0, -- currentAssociationPhraseLineNumber : INTEGER
    0, -- currentAssociationPhraseColumn : INTEGER
    0, -- currentDataTypeNameLineNumber : INTEGER
    0, -- currentDataTypeNameColumn : INTEGER
    0, -- blockInStackFrameCreated : BOOLEAN
    "fb76dbf6-157d-4286-b4de-dd60d1a220c2", -- Action_ID : UNIQUE_ID
    "fb7836b3-64d2-4e28-99fb-9668202d378a" -- Parsed_Action_ID : UNIQUE_ID
);
INSERT INTO ACT_BLK VALUES (
    "9de252a9-dc9a-4603-ab73-49025056e98e", -- Block_ID : UNIQUE_ID
    0, -- WhereSpecOK : BOOLEAN
    0, -- InWhereSpec : BOOLEAN
    0, -- SelectedFound : BOOLEAN
    '', -- TempBuffer : STRING
    '', -- SupData1 : STRING
    '', -- SupData2 : STRING
    0, -- CurrentLine : INTEGER
    0, -- CurrentCol : INTEGER
    0, -- currentKeyLettersLineNumber : INTEGER
    0, -- currentKeyLettersColumn : INTEGER
    0, -- currentParameterAssignmentNameLineNumber : INTEGER
    0, -- currentParameterAssignmentNameColumn : INTEGER
    0, -- currentAssociationNumberLineNumber : INTEGER
    0, -- currentAssociationNumberColumn : INTEGER
    0, -- currentAssociationPhraseLineNumber : INTEGER
    0, -- currentAssociationPhraseColumn : INTEGER
    0, -- currentDataTypeNameLineNumber : INTEGER
    0, -- currentDataTypeNameColumn : INTEGER
    0, -- blockInStackFrameCreated : BOOLEAN
    "c060138a-e091-47d2-b2e9-4c7230f98487", -- Action_ID : UNIQUE_ID
    "80fffc53-0b29-40ce-afdc-af6908da1f72" -- Parsed_Action_ID : UNIQUE_ID
);
INSERT INTO ACT_BLK VALUES (
    "d7cb4865-112b-4899-af5d-818945c0fcb3", -- Block_ID : UNIQUE_ID
    0, -- WhereSpecOK : BOOLEAN
    0, -- InWhereSpec : BOOLEAN
    0, -- SelectedFound : BOOLEAN
    '', -- TempBuffer : STRING
    '', -- SupData1 : STRING
    '', -- SupData2 : STRING
    0, -- CurrentLine : INTEGER
    0, -- CurrentCol : INTEGER
    0, -- currentKeyLettersLineNumber : INTEGER
    0, -- currentKeyLettersColumn : INTEGER
    0, -- currentParameterAssignmentNameLineNumber : INTEGER
    0, -- currentParameterAssignmentNameColumn : INTEGER
    0, -- currentAssociationNumberLineNumber : INTEGER
    0, -- currentAssociationNumberColumn : INTEGER
    0, -- currentAssociationPhraseLineNumber : INTEGER
    0, -- currentAssociationPhraseColumn : INTEGER
    0, -- currentDataTypeNameLineNumber : INTEGER
    0, -- currentDataTypeNameColumn : INTEGER
    0, -- blockInStackFrameCreated : BOOLEAN
    "7656db7e-06fc-4791-a1cc-337a9f6d2e6e", -- Action_ID : UNIQUE_ID
    "fd909915-05ce-44b4-bb22-7653184b3ec0" -- Parsed_Action_ID : UNIQUE_ID
);
INSERT INTO ACT_BLK VALUES (
    "e80f3bda-eb3a-449f-a8df-7a4d29d82ac7", -- Block_ID : UNIQUE_ID
    0, -- WhereSpecOK : BOOLEAN
    0, -- InWhereSpec : BOOLEAN
    0, -- SelectedFound : BOOLEAN
    '', -- TempBuffer : STRING
    '', -- SupData1 : STRING
    '', -- SupData2 : STRING
    0, -- CurrentLine : INTEGER
    0, -- CurrentCol : INTEGER
    0, -- currentKeyLettersLineNumber : INTEGER
    0, -- currentKeyLettersColumn : INTEGER
    0, -- currentParameterAssignmentNameLineNumber : INTEGER
    0, -- currentParameterAssignmentNameColumn : INTEGER
    0, -- currentAssociationNumberLineNumber : INTEGER
    0, -- currentAssociationNumberColumn : INTEGER
    0, -- currentAssociationPhraseLineNumber : INTEGER
    0, -- currentAssociationPhraseColumn : INTEGER
    0, -- currentDataTypeNameLineNumber : INTEGER
    0, -- currentDataTypeNameColumn : INTEGER
    0, -- blockInStackFrameCreated : BOOLEAN
    "1a05d15d-4142-4cd2-a9d1-f4fdce7dca35", -- Action_ID : UNIQUE_ID
    "dcb18187-eab0-48be-a522-023147d9a424" -- Parsed_Action_ID : UNIQUE_ID
);
INSERT INTO ACT_BLK VALUES (
    "f108eae3-1ca3-4866-ab42-dc24d3fa28a1", -- Block_ID : UNIQUE_ID
    0, -- WhereSpecOK : BOOLEAN
    0, -- InWhereSpec : BOOLEAN
    0, -- SelectedFound : BOOLEAN
    '', -- TempBuffer : STRING
    '', -- SupData1 : STRING
    '', -- SupData2 : STRING
    0, -- CurrentLine : INTEGER
    0, -- CurrentCol : INTEGER
    0, -- currentKeyLettersLineNumber : INTEGER
    0, -- currentKeyLettersColumn : INTEGER
    0, -- currentParameterAssignmentNameLineNumber : INTEGER
    0, -- currentParameterAssignmentNameColumn : INTEGER
    0, -- currentAssociationNumberLineNumber : INTEGER
    0, -- currentAssociationNumberColumn : INTEGER
    0, -- currentAssociationPhraseLineNumber : INTEGER
    0, -- currentAssociationPhraseColumn : INTEGER
    0, -- currentDataTypeNameLineNumber : INTEGER
    0, -- currentDataTypeNameColumn : INTEGER
    0, -- blockInStackFrameCreated : BOOLEAN
    "fe6dd58b-9fdd-4f3b-a24d-db351b0d81e5", -- Action_ID : UNIQUE_ID
    "2fb36d9c-3302-451a-b6e9-d337f03b533e" -- Parsed_Action_ID : UNIQUE_ID
);
INSERT INTO ACT_BLK VALUES (
    "84367cb5-7019-4b2e-b2f6-aa8ab3f811dd", -- Block_ID : UNIQUE_ID
    0, -- WhereSpecOK : BOOLEAN
    0, -- InWhereSpec : BOOLEAN
    0, -- SelectedFound : BOOLEAN
    '', -- TempBuffer : STRING
    '', -- SupData1 : STRING
    '', -- SupData2 : STRING
    0, -- CurrentLine : INTEGER
    0, -- CurrentCol : INTEGER
    0, -- currentKeyLettersLineNumber : INTEGER
    0, -- currentKeyLettersColumn : INTEGER
    0, -- currentParameterAssignmentNameLineNumber : INTEGER
    0, -- currentParameterAssignmentNameColumn : INTEGER
    0, -- currentAssociationNumberLineNumber : INTEGER
    0, -- currentAssociationNumberColumn : INTEGER
    0, -- currentAssociationPhraseLineNumber : INTEGER
    0, -- currentAssociationPhraseColumn : INTEGER
    0, -- currentDataTypeNameLineNumber : INTEGER
    0, -- currentDataTypeNameColumn : INTEGER
    0, -- blockInStackFrameCreated : BOOLEAN
    "ad460f05-f608-4b08-ba6e-fd16442477ca", -- Action_ID : UNIQUE_ID
    "4fa18f6b-b9e3-4a58-b4a7-87c1c7b2fb50" -- Parsed_Action_ID : UNIQUE_ID
);
INSERT INTO ACT_BLK VALUES (
    "b7e09080-9083-4df3-a49d-8b197a69e40a", -- Block_ID : UNIQUE_ID
    0, -- WhereSpecOK : BOOLEAN
    0, -- InWhereSpec : BOOLEAN
    0, -- SelectedFound : BOOLEAN
    '', -- TempBuffer : STRING
    '', -- SupData1 : STRING
    '', -- SupData2 : STRING
    0, -- CurrentLine : INTEGER
    0, -- CurrentCol : INTEGER
    0, -- currentKeyLettersLineNumber : INTEGER
    0, -- currentKeyLettersColumn : INTEGER
    0, -- currentParameterAssignmentNameLineNumber : INTEGER
    0, -- currentParameterAssignmentNameColumn : INTEGER
    0, -- currentAssociationNumberLineNumber : INTEGER
    0, -- currentAssociationNumberColumn : INTEGER
    0, -- currentAssociationPhraseLineNumber : INTEGER
    0, -- currentAssociationPhraseColumn : INTEGER
    0, -- currentDataTypeNameLineNumber : INTEGER
    0, -- currentDataTypeNameColumn : INTEGER
    0, -- blockInStackFrameCreated : BOOLEAN
    "14df31ef-a9bc-4f8f-9b2e-8c63e8dad9c0", -- Action_ID : UNIQUE_ID
    "1862698f-990f-4ed4-bfd3-23a206433388" -- Parsed_Action_ID : UNIQUE_ID
);
INSERT INTO ACT_BLK VALUES (
    "3079a0fe-df5f-4202-8d04-0b5ef64ecb0c", -- Block_ID : UNIQUE_ID
    0, -- WhereSpecOK : BOOLEAN
    0, -- InWhereSpec : BOOLEAN
    0, -- SelectedFound : BOOLEAN
    '', -- TempBuffer : STRING
    '', -- SupData1 : STRING
    '', -- SupData2 : STRING
    0, -- CurrentLine : INTEGER
    0, -- CurrentCol : INTEGER
    0, -- currentKeyLettersLineNumber : INTEGER
    0, -- currentKeyLettersColumn : INTEGER
    0, -- currentParameterAssignmentNameLineNumber : INTEGER
    0, -- currentParameterAssignmentNameColumn : INTEGER
    0, -- currentAssociationNumberLineNumber : INTEGER
    0, -- currentAssociationNumberColumn : INTEGER
    0, -- currentAssociationPhraseLineNumber : INTEGER
    0, -- currentAssociationPhraseColumn : INTEGER
    0, -- currentDataTypeNameLineNumber : INTEGER
    0, -- currentDataTypeNameColumn : INTEGER
    0, -- blockInStackFrameCreated : BOOLEAN
    "14df31ef-a9bc-4f8f-9b2e-8c63e8dad9c0", -- Action_ID : UNIQUE_ID
    "2637c2b2-9d37-423c-86be-12af957ffc5b" -- Parsed_Action_ID : UNIQUE_ID
);
INSERT INTO ACT_BLK VALUES (
    "235be2bc-1d6e-4fa4-83e4-4d7e428e02cc", -- Block_ID : UNIQUE_ID
    0, -- WhereSpecOK : BOOLEAN
    0, -- InWhereSpec : BOOLEAN
    0, -- SelectedFound : BOOLEAN
    '', -- TempBuffer : STRING
    '', -- SupData1 : STRING
    '', -- SupData2 : STRING
    0, -- CurrentLine : INTEGER
    0, -- CurrentCol : INTEGER
    0, -- currentKeyLettersLineNumber : INTEGER
    0, -- currentKeyLettersColumn : INTEGER
    0, -- currentParameterAssignmentNameLineNumber : INTEGER
    0, -- currentParameterAssignmentNameColumn : INTEGER
    0, -- currentAssociationNumberLineNumber : INTEGER
    0, -- currentAssociationNumberColumn : INTEGER
    0, -- currentAssociationPhraseLineNumber : INTEGER
    0, -- currentAssociationPhraseColumn : INTEGER
    0, -- currentDataTypeNameLineNumber : INTEGER
    0, -- currentDataTypeNameColumn : INTEGER
    0, -- blockInStackFrameCreated : BOOLEAN
    "14df31ef-a9bc-4f8f-9b2e-8c63e8dad9c0", -- Action_ID : UNIQUE_ID
    "2bb03b9b-ef64-4886-a372-52e234bf9e0e" -- Parsed_Action_ID : UNIQUE_ID
);
INSERT INTO ACT_BLK VALUES (
    "c08a56dd-2f91-4d37-86ce-fd6a7c8db237", -- Block_ID : UNIQUE_ID
    0, -- WhereSpecOK : BOOLEAN
    0, -- InWhereSpec : BOOLEAN
    0, -- SelectedFound : BOOLEAN
    '', -- TempBuffer : STRING
    '', -- SupData1 : STRING
    '', -- SupData2 : STRING
    0, -- CurrentLine : INTEGER
    0, -- CurrentCol : INTEGER
    0, -- currentKeyLettersLineNumber : INTEGER
    0, -- currentKeyLettersColumn : INTEGER
    0, -- currentParameterAssignmentNameLineNumber : INTEGER
    0, -- currentParameterAssignmentNameColumn : INTEGER
    0, -- currentAssociationNumberLineNumber : INTEGER
    0, -- currentAssociationNumberColumn : INTEGER
    0, -- currentAssociationPhraseLineNumber : INTEGER
    0, -- currentAssociationPhraseColumn : INTEGER
    0, -- currentDataTypeNameLineNumber : INTEGER
    0, -- currentDataTypeNameColumn : INTEGER
    0, -- blockInStackFrameCreated : BOOLEAN
    "357b7409-1fe6-4428-abe8-daec83a31712", -- Action_ID : UNIQUE_ID
    "e9180bee-b3ac-4d0d-8805-9d66be17cdde" -- Parsed_Action_ID : UNIQUE_ID
);
INSERT INTO ACT_BLK VALUES (
    "aaf9f2d2-8637-475a-89bc-e4ad50aa932f", -- Block_ID : UNIQUE_ID
    0, -- WhereSpecOK : BOOLEAN
    0, -- InWhereSpec : BOOLEAN
    0, -- SelectedFound : BOOLEAN
    '', -- TempBuffer : STRING
    '', -- SupData1 : STRING
    '', -- SupData2 : STRING
    0, -- CurrentLine : INTEGER
    0, -- CurrentCol : INTEGER
    0, -- currentKeyLettersLineNumber : INTEGER
    0, -- currentKeyLettersColumn : INTEGER
    0, -- currentParameterAssignmentNameLineNumber : INTEGER
    0, -- currentParameterAssignmentNameColumn : INTEGER
    0, -- currentAssociationNumberLineNumber : INTEGER
    0, -- currentAssociationNumberColumn : INTEGER
    0, -- currentAssociationPhraseLineNumber : INTEGER
    0, -- currentAssociationPhraseColumn : INTEGER
    0, -- currentDataTypeNameLineNumber : INTEGER
    0, -- currentDataTypeNameColumn : INTEGER
    0, -- blockInStackFrameCreated : BOOLEAN
    "59bff117-1d5c-4765-9d4f-d8fdc2f961ee", -- Action_ID : UNIQUE_ID
    "9b8cbe04-d116-4b50-99f4-a2d0946cd8c9" -- Parsed_Action_ID : UNIQUE_ID
);
INSERT INTO ACT_BLK VALUES (
    "70affce1-7920-4cd9-b08f-2f914b829d01", -- Block_ID : UNIQUE_ID
    0, -- WhereSpecOK : BOOLEAN
    0, -- InWhereSpec : BOOLEAN
    0, -- SelectedFound : BOOLEAN
    '', -- TempBuffer : STRING
    '', -- SupData1 : STRING
    '', -- SupData2 : STRING
    0, -- CurrentLine : INTEGER
    0, -- CurrentCol : INTEGER
    0, -- currentKeyLettersLineNumber : INTEGER
    0, -- currentKeyLettersColumn : INTEGER
    0, -- currentParameterAssignmentNameLineNumber : INTEGER
    0, -- currentParameterAssignmentNameColumn : INTEGER
    0, -- currentAssociationNumberLineNumber : INTEGER
    0, -- currentAssociationNumberColumn : INTEGER
    0, -- currentAssociationPhraseLineNumber : INTEGER
    0, -- currentAssociationPhraseColumn : INTEGER
    0, -- currentDataTypeNameLineNumber : INTEGER
    0, -- currentDataTypeNameColumn : INTEGER
    0, -- blockInStackFrameCreated : BOOLEAN
    "59bff117-1d5c-4765-9d4f-d8fdc2f961ee", -- Action_ID : UNIQUE_ID
    "195865d1-c864-4117-a450-a1c3c87bbcdb" -- Parsed_Action_ID : UNIQUE_ID
);
INSERT INTO ACT_BLK VALUES (
    "802e81b9-cabc-4038-a836-ad99b280f5c2", -- Block_ID : UNIQUE_ID
    0, -- WhereSpecOK : BOOLEAN
    0, -- InWhereSpec : BOOLEAN
    0, -- SelectedFound : BOOLEAN
    '', -- TempBuffer : STRING
    '', -- SupData1 : STRING
    '', -- SupData2 : STRING
    0, -- CurrentLine : INTEGER
    0, -- CurrentCol : INTEGER
    0, -- currentKeyLettersLineNumber : INTEGER
    0, -- currentKeyLettersColumn : INTEGER
    0, -- currentParameterAssignmentNameLineNumber : INTEGER
    0, -- currentParameterAssignmentNameColumn : INTEGER
    0, -- currentAssociationNumberLineNumber : INTEGER
    0, -- currentAssociationNumberColumn : INTEGER
    0, -- currentAssociationPhraseLineNumber : INTEGER
    0, -- currentAssociationPhraseColumn : INTEGER
    0, -- currentDataTypeNameLineNumber : INTEGER
    0, -- currentDataTypeNameColumn : INTEGER
    0, -- blockInStackFrameCreated : BOOLEAN
    "59bff117-1d5c-4765-9d4f-d8fdc2f961ee", -- Action_ID : UNIQUE_ID
    "5ecca45b-6215-47a7-830a-2168cf0472fa" -- Parsed_Action_ID : UNIQUE_ID
);
INSERT INTO ACT_BRB VALUES (
    "b93c4d9a-9373-47ca-ab90-e9de3ad57fd2", -- Action_ID : UNIQUE_ID
    "112f319f-4c8e-482c-a552-276f1b56bc8d" -- Brg_ID : UNIQUE_ID
);
INSERT INTO ACT_BRB VALUES (
    "5487c486-5708-46eb-88cf-1be1dd9d1a54", -- Action_ID : UNIQUE_ID
    "b34ec664-6dea-44bc-afbf-69645da52f0a" -- Brg_ID : UNIQUE_ID
);
INSERT INTO ACT_BRB VALUES (
    "acf1964e-b477-493b-9f84-af9162b1813b", -- Action_ID : UNIQUE_ID
    "2dcf3e84-1208-4e7f-a70c-a54d15f1ce77" -- Brg_ID : UNIQUE_ID
);
INSERT INTO ACT_BRB VALUES (
    "e0397185-c248-4ef4-a37b-04354d11764c", -- Action_ID : UNIQUE_ID
    "af615ef3-56dd-40b1-be6b-27e07023a829" -- Brg_ID : UNIQUE_ID
);
INSERT INTO ACT_BRB VALUES (
    "034aaca6-5855-4d88-85a9-2cff6c2ab20f", -- Action_ID : UNIQUE_ID
    "a9e838fb-4772-4822-aee6-57f775da6967" -- Brg_ID : UNIQUE_ID
);
INSERT INTO ACT_BRB VALUES (
    "3ffe0e04-81d1-41dd-af6a-705c2d2ad8db", -- Action_ID : UNIQUE_ID
    "c56d3597-5a54-4d78-8914-2dc2594c2af4" -- Brg_ID : UNIQUE_ID
);
INSERT INTO ACT_BRB VALUES (
    "756a47b7-509c-4881-844f-a27d7453204b", -- Action_ID : UNIQUE_ID
    "77300edb-b891-4e35-858b-9e8cb6437f19" -- Brg_ID : UNIQUE_ID
);
INSERT INTO ACT_BRB VALUES (
    "3fdaed4b-090c-4de1-8b86-ce65e735d68f", -- Action_ID : UNIQUE_ID
    "8a08e8b6-4de0-437f-968f-71d65464ceb7" -- Brg_ID : UNIQUE_ID
);
INSERT INTO ACT_BRB VALUES (
    "cc4e0ac1-f603-4bd5-8773-b652994815bc", -- Action_ID : UNIQUE_ID
    "e6bddfad-112a-4e3d-983c-17cf660f6a1d" -- Brg_ID : UNIQUE_ID
);
INSERT INTO ACT_BRB VALUES (
    "20f7d57c-264f-4f65-9530-8dddf8f9aa70", -- Action_ID : UNIQUE_ID
    "38a0bf36-f1fa-46ff-9ac5-30980dbf9ba0" -- Brg_ID : UNIQUE_ID
);
INSERT INTO ACT_BRB VALUES (
    "bd85eb48-a49a-4eee-bce6-4aa2d5c1ef8e", -- Action_ID : UNIQUE_ID
    "2052aeb8-71a4-49e3-864d-b678d3906bed" -- Brg_ID : UNIQUE_ID
);
INSERT INTO ACT_BRB VALUES (
    "c4246893-5eac-4364-94d8-660805a2f392", -- Action_ID : UNIQUE_ID
    "ffe9b4a1-cf2d-46b7-9789-be3f258319ec" -- Brg_ID : UNIQUE_ID
);
INSERT INTO ACT_BRB VALUES (
    "ad775477-9345-436e-83a3-bd931235633a", -- Action_ID : UNIQUE_ID
    "cccf7316-ec6f-4823-ade0-eaab3e2435fc" -- Brg_ID : UNIQUE_ID
);
INSERT INTO ACT_BRB VALUES (
    "7ac670df-c4d2-4c6e-b9c7-670c5d5bf130", -- Action_ID : UNIQUE_ID
    "e4d7890a-c0ba-4e92-bb75-a89f7a1deb89" -- Brg_ID : UNIQUE_ID
);
INSERT INTO ACT_BRB VALUES (
    "bbd7c0d2-f2dd-4d23-8548-a251a489dfac", -- Action_ID : UNIQUE_ID
    "cd04774e-daca-4924-8bf8-26acb2101a9a" -- Brg_ID : UNIQUE_ID
);
INSERT INTO ACT_BRB VALUES (
    "7929ca22-4a8b-4aff-8e51-97751341e702", -- Action_ID : UNIQUE_ID
    "f3a7f92c-3c6b-4d36-8f32-849ae8fce50a" -- Brg_ID : UNIQUE_ID
);
INSERT INTO ACT_BRB VALUES (
    "0489d8cb-0690-441b-a620-cfaa585c4bd7", -- Action_ID : UNIQUE_ID
    "0b4c485f-017d-40b6-9a7e-57fda5776da4" -- Brg_ID : UNIQUE_ID
);
INSERT INTO ACT_BRB VALUES (
    "ecfe58fd-7dff-4ce1-bd49-1cb2e0ee7c47", -- Action_ID : UNIQUE_ID
    "16322409-ab18-4a8a-8189-42924b6ad4c7" -- Brg_ID : UNIQUE_ID
);
INSERT INTO ACT_BRB VALUES (
    "83f5e159-4ed5-4fdd-9c08-bfdcc156c55a", -- Action_ID : UNIQUE_ID
    "724d498a-672c-4565-ade3-ad23463f9c4e" -- Brg_ID : UNIQUE_ID
);
INSERT INTO ACT_BRB VALUES (
    "39bb1d19-ca3d-4340-a8ba-7302f088ae1c", -- Action_ID : UNIQUE_ID
    "587a5601-85c2-4712-9523-edb532578dab" -- Brg_ID : UNIQUE_ID
);
INSERT INTO ACT_BRB VALUES (
    "f670eaae-785e-4f1f-85f2-046ed720239e", -- Action_ID : UNIQUE_ID
    "a160d621-7f28-44ee-b4d9-59b10ef2e404" -- Brg_ID : UNIQUE_ID
);
INSERT INTO ACT_BRB VALUES (
    "0ab515bb-7981-4068-90cf-56968c292908", -- Action_ID : UNIQUE_ID
    "b2f303f5-6e95-4731-a762-be0c0eb02ca7" -- Brg_ID : UNIQUE_ID
);
INSERT INTO ACT_BRB VALUES (
    "76138291-2ed5-4d60-9b02-55db03af4f60", -- Action_ID : UNIQUE_ID
    "4c84eeef-580a-44c0-99a3-07b6a73452d7" -- Brg_ID : UNIQUE_ID
);
INSERT INTO ACT_BRB VALUES (
    "b2acb2d8-0f93-4092-ab2d-656b9b605a82", -- Action_ID : UNIQUE_ID
    "552205ca-aa70-45be-9f6c-fed75e322243" -- Brg_ID : UNIQUE_ID
);
INSERT INTO ACT_BRB VALUES (
    "397badb6-f41f-4390-9755-02a928884b86", -- Action_ID : UNIQUE_ID
    "e14dac49-6263-450c-a836-b0d18eb918ce" -- Brg_ID : UNIQUE_ID
);
INSERT INTO ACT_BRB VALUES (
    "951dae4c-ea14-42ba-8c49-423c7366e2d5", -- Action_ID : UNIQUE_ID
    "48b8f9dc-e8f2-41f2-9b8e-d6b671643328" -- Brg_ID : UNIQUE_ID
);
INSERT INTO ACT_BRB VALUES (
    "bf622239-ca74-494e-9fb2-a4e7148b9d7d", -- Action_ID : UNIQUE_ID
    "029dc98c-3010-43ac-9592-e46b263472fe" -- Brg_ID : UNIQUE_ID
);
INSERT INTO ACT_BRB VALUES (
    "fd3b1714-07b3-4cda-bbc8-870e4d38a681", -- Action_ID : UNIQUE_ID
    "1f23e627-377e-4168-a4a2-bda0a5ec42eb" -- Brg_ID : UNIQUE_ID
);
INSERT INTO ACT_BRB VALUES (
    "9eed58e0-80c6-4ec2-9a46-4471ccf5a420", -- Action_ID : UNIQUE_ID
    "5f3c759c-6b7b-4ee8-8e47-370fb4a90427" -- Brg_ID : UNIQUE_ID
);
INSERT INTO ACT_BRB VALUES (
    "34f5758b-d07f-43e6-b85d-96c1632e0776", -- Action_ID : UNIQUE_ID
    "89d596ad-2792-4523-b93e-7f73d50eaa81" -- Brg_ID : UNIQUE_ID
);
INSERT INTO ACT_BRB VALUES (
    "db2074aa-b863-4c8c-bddb-f16812b7c527", -- Action_ID : UNIQUE_ID
    "ffa333ae-485c-4095-8a9f-2ea460bbb53f" -- Brg_ID : UNIQUE_ID
);
INSERT INTO ACT_BRB VALUES (
    "3bee656b-28f0-48d2-b65b-4778335575b5", -- Action_ID : UNIQUE_ID
    "7336eafe-bf7f-45cf-a139-f0fa44c5400e" -- Brg_ID : UNIQUE_ID
);
INSERT INTO ACT_BRB VALUES (
    "9de8323e-c2dc-43d5-8ba0-3a5dc8f236c6", -- Action_ID : UNIQUE_ID
    "d62c634b-74cc-4271-879d-bb16f8243125" -- Brg_ID : UNIQUE_ID
);
INSERT INTO ACT_BRB VALUES (
    "9b802053-9609-4b13-b633-986f89aac75e", -- Action_ID : UNIQUE_ID
    "bdfbe284-fdf5-4d84-b868-24a4494b1eed" -- Brg_ID : UNIQUE_ID
);
INSERT INTO ACT_BRB VALUES (
    "32a6bb8b-c440-4f6f-9f6d-71d8a0f6befd", -- Action_ID : UNIQUE_ID
    "98d84f3d-005b-4259-a245-635911bfd6d9" -- Brg_ID : UNIQUE_ID
);
INSERT INTO ACT_BRB VALUES (
    "9f907c0d-93c4-4d24-a4e3-4535b043301a", -- Action_ID : UNIQUE_ID
    "2d05e784-4e68-4ad9-b373-5583b0c79497" -- Brg_ID : UNIQUE_ID
);
INSERT INTO ACT_BRB VALUES (
    "ac8d2a08-f081-45e7-881c-66b909b373ae", -- Action_ID : UNIQUE_ID
    "7b593108-9200-42f0-86c7-49dfd1e5d704" -- Brg_ID : UNIQUE_ID
);
INSERT INTO ACT_BRB VALUES (
    "4ddbc90e-7f64-499b-a791-74417879cd17", -- Action_ID : UNIQUE_ID
    "c1f05ae4-a5cb-40a3-a774-d2cddaff579b" -- Brg_ID : UNIQUE_ID
);
INSERT INTO ACT_BRB VALUES (
    "186e0abf-0d08-4e59-9dd4-9f94a4968c56", -- Action_ID : UNIQUE_ID
    "cc2b571f-54b2-4585-86b3-d879d5e34b3d" -- Brg_ID : UNIQUE_ID
);
INSERT INTO ACT_BRB VALUES (
    "9050a009-0e3f-44b3-b1df-6dc5db534895", -- Action_ID : UNIQUE_ID
    "3c5d78ee-496c-451e-bcc7-ad0d222c0e32" -- Brg_ID : UNIQUE_ID
);
INSERT INTO ACT_BRB VALUES (
    "be7f54bb-4bfe-4f00-b35b-0cb5094f80ee", -- Action_ID : UNIQUE_ID
    "e4340945-3812-4aa8-bc9b-e374d680118b" -- Brg_ID : UNIQUE_ID
);
INSERT INTO ACT_BRB VALUES (
    "45ca4d5e-4021-45d0-bd51-c670a3c80ed9", -- Action_ID : UNIQUE_ID
    "5a5d5ceb-29f0-4209-aeba-150fb07052b7" -- Brg_ID : UNIQUE_ID
);
INSERT INTO ACT_BRB VALUES (
    "7c9efce9-621f-4e2c-ba09-e80a95fb3aea", -- Action_ID : UNIQUE_ID
    "5dddfeb2-1f14-4aa5-ad63-8a909e0dec8c" -- Brg_ID : UNIQUE_ID
);
INSERT INTO ACT_BRB VALUES (
    "0fc1b7b2-8cd9-4d63-b794-8a44b2ec562b", -- Action_ID : UNIQUE_ID
    "4d455ec0-5a4f-467f-bd96-0eda52082970" -- Brg_ID : UNIQUE_ID
);
INSERT INTO ACT_BRB VALUES (
    "876963ab-2dd1-4951-b2d5-9e1b53d9ba9c", -- Action_ID : UNIQUE_ID
    "b890cabd-de2c-4828-a8a5-d955fb7d67c4" -- Brg_ID : UNIQUE_ID
);
INSERT INTO ACT_BRB VALUES (
    "c6270f81-7303-4ac1-ac2d-c40079c5382b", -- Action_ID : UNIQUE_ID
    "41ba132d-a1d1-4191-a09b-2557dff31e03" -- Brg_ID : UNIQUE_ID
);
INSERT INTO ACT_BRB VALUES (
    "9e27e9e1-2c3c-4b6f-b325-3a1e02c26a17", -- Action_ID : UNIQUE_ID
    "9c9ff561-0230-49c6-93a0-97e6e806f171" -- Brg_ID : UNIQUE_ID
);
INSERT INTO ACT_BRB VALUES (
    "52cb6c48-059e-4403-a8a4-d6bdfd2e09c0", -- Action_ID : UNIQUE_ID
    "40eaec44-eb8d-4cae-959a-880b94c28c05" -- Brg_ID : UNIQUE_ID
);
INSERT INTO ACT_BRB VALUES (
    "0a29bc25-630a-4e5c-902e-ee889c3a04af", -- Action_ID : UNIQUE_ID
    "a024f801-c9ad-4451-9c66-573aa528f182" -- Brg_ID : UNIQUE_ID
);
INSERT INTO ACT_BRB VALUES (
    "a0d3950b-32b0-4a38-b11f-639e84955030", -- Action_ID : UNIQUE_ID
    "a83f64fc-8677-4fde-aa38-99aab40c8d1a" -- Brg_ID : UNIQUE_ID
);
INSERT INTO ACT_BRB VALUES (
    "b951f2ab-bbee-408b-93c6-b51b5f7205fb", -- Action_ID : UNIQUE_ID
    "025ceff5-1023-427c-bbb0-750a3f4e97dc" -- Brg_ID : UNIQUE_ID
);
INSERT INTO ACT_BRB VALUES (
    "b3d1b25d-64b7-45ad-9c30-b98b704dbe7e", -- Action_ID : UNIQUE_ID
    "f7a1de23-2e31-4e8a-988b-ace95920d6c0" -- Brg_ID : UNIQUE_ID
);
INSERT INTO ACT_BRB VALUES (
    "18dc8d15-1843-4a9b-9597-bf63b66b0e0c", -- Action_ID : UNIQUE_ID
    "56d78985-bd88-4f57-97f5-3a8479d36a75" -- Brg_ID : UNIQUE_ID
);
INSERT INTO ACT_BRB VALUES (
    "20057ad2-5c1e-4eb2-bef0-ccc18661a70f", -- Action_ID : UNIQUE_ID
    "ad4f1248-1786-4a6c-9f24-575f1b7d5401" -- Brg_ID : UNIQUE_ID
);
INSERT INTO ACT_BRB VALUES (
    "3a564067-0151-4a30-a5c4-f1f3445cf75b", -- Action_ID : UNIQUE_ID
    "387a0ac8-5355-48ef-a355-2676c1a68ecb" -- Brg_ID : UNIQUE_ID
);
INSERT INTO ACT_BRB VALUES (
    "26a20736-430f-423b-9468-b5ba0490071d", -- Action_ID : UNIQUE_ID
    "a4310342-37b4-4aa7-825b-a056e08718c5" -- Brg_ID : UNIQUE_ID
);
INSERT INTO ACT_BRB VALUES (
    "cb0fc935-f443-49d5-849e-97de305554e1", -- Action_ID : UNIQUE_ID
    "3f74c1fa-616b-4b2a-aa3b-491d0b671973" -- Brg_ID : UNIQUE_ID
);
INSERT INTO ACT_BRB VALUES (
    "8b55581f-545a-4858-af5f-fdbffd74174a", -- Action_ID : UNIQUE_ID
    "62c9655c-04ce-4730-add9-3f1212865a27" -- Brg_ID : UNIQUE_ID
);
INSERT INTO ACT_BRB VALUES (
    "a6c5d6c9-0b5b-4b17-a7c4-35ca96744fdc", -- Action_ID : UNIQUE_ID
    "c7c7b56a-16b4-47d8-a682-c148ba0ff869" -- Brg_ID : UNIQUE_ID
);
INSERT INTO ACT_BRB VALUES (
    "9c1750bd-ae9f-456e-8ecf-a14b0ebd950a", -- Action_ID : UNIQUE_ID
    "bdc9cf61-1955-40c9-9744-9b3004874cc6" -- Brg_ID : UNIQUE_ID
);
INSERT INTO ACT_BRB VALUES (
    "988e2d22-d72b-48d0-a34e-c3bd74c1fa08", -- Action_ID : UNIQUE_ID
    "5bd13bba-debc-4b14-b39f-b6d284c5b08d" -- Brg_ID : UNIQUE_ID
);
INSERT INTO ACT_BRG VALUES (
    "695c0bca-04c4-44b7-aeca-8bc8df28f4f9", -- Statement_ID : UNIQUE_ID
    "af615ef3-56dd-40b1-be6b-27e07023a829", -- Brg_ID : UNIQUE_ID
    0, -- bridgeNameLineNumber : INTEGER
    0, -- bridgeNameColumn : INTEGER
    0, -- externalEntityKeyLettersLineNumber : INTEGER
    0 -- externalEntityKeyLettersColumn : INTEGER
);
INSERT INTO ACT_BRG VALUES (
    "616b02d3-6f15-421a-a0a6-67e441594186", -- Statement_ID : UNIQUE_ID
    "af615ef3-56dd-40b1-be6b-27e07023a829", -- Brg_ID : UNIQUE_ID
    0, -- bridgeNameLineNumber : INTEGER
    0, -- bridgeNameColumn : INTEGER
    0, -- externalEntityKeyLettersLineNumber : INTEGER
    0 -- externalEntityKeyLettersColumn : INTEGER
);
INSERT INTO ACT_BRG VALUES (
    "42cfab36-b5d7-4bd0-9b90-af4ed89c5d26", -- Statement_ID : UNIQUE_ID
    "af615ef3-56dd-40b1-be6b-27e07023a829", -- Brg_ID : UNIQUE_ID
    0, -- bridgeNameLineNumber : INTEGER
    0, -- bridgeNameColumn : INTEGER
    0, -- externalEntityKeyLettersLineNumber : INTEGER
    0 -- externalEntityKeyLettersColumn : INTEGER
);
INSERT INTO ACT_BRG VALUES (
    "217c7b0a-ff1e-48b3-9c50-21114306f956", -- Statement_ID : UNIQUE_ID
    "af615ef3-56dd-40b1-be6b-27e07023a829", -- Brg_ID : UNIQUE_ID
    0, -- bridgeNameLineNumber : INTEGER
    0, -- bridgeNameColumn : INTEGER
    0, -- externalEntityKeyLettersLineNumber : INTEGER
    0 -- externalEntityKeyLettersColumn : INTEGER
);
INSERT INTO ACT_CR VALUES (
    "399a2ec6-e0b7-43a5-9cc5-8da9d97eb468", -- Statement_ID : UNIQUE_ID
    "3c3b3823-b1de-4410-aa22-59f78754d12b", -- Var_ID : UNIQUE_ID
    1, -- is_implicit : BOOLEAN
    "d8528470-976c-421b-a087-1201ac24302f", -- Obj_ID : UNIQUE_ID
    0, -- modelClassKeyLettersLineNumber : INTEGER
    0 -- modelClassKeyLettersColumn : INTEGER
);
INSERT INTO ACT_E VALUES (
    "eb44407f-140f-41fa-943f-70cec28668db", -- Statement_ID : UNIQUE_ID
    "235be2bc-1d6e-4fa4-83e4-4d7e428e02cc", -- Block_ID : UNIQUE_ID
    "79ea146d-77e7-46ec-a7b7-27a5dbf0c84c" -- If_Statement_ID : UNIQUE_ID
);
INSERT INTO ACT_E VALUES (
    "932fa0a8-65b0-4b18-be48-16f1bf59232c", -- Statement_ID : UNIQUE_ID
    "802e81b9-cabc-4038-a836-ad99b280f5c2", -- Block_ID : UNIQUE_ID
    "35ff7c77-45fd-49df-ba40-869008a33e74" -- If_Statement_ID : UNIQUE_ID
);
INSERT INTO ACT_FIW VALUES (
    "32af4058-034f-49c4-8449-76695ff63767", -- Statement_ID : UNIQUE_ID
    "b46b23ac-3ef7-4d59-b5e9-6c798a29f0e4", -- Var_ID : UNIQUE_ID
    1, -- is_implicit : BOOLEAN
    'any', -- cardinality : STRING
    "45fec2f1-1224-4a15-8fb1-7094e5bffc64", -- Where_Clause_Value_ID : UNIQUE_ID
    "d8528470-976c-421b-a087-1201ac24302f", -- Obj_ID : UNIQUE_ID
    0, -- extentLineNumber : INTEGER
    0 -- extentColumn : INTEGER
);
INSERT INTO ACT_FIW VALUES (
    "26bf17d0-6630-40c3-9168-914dd7a970e8", -- Statement_ID : UNIQUE_ID
    "23715bd7-0d98-4686-ba33-384ca9dddf3c", -- Var_ID : UNIQUE_ID
    1, -- is_implicit : BOOLEAN
    'any', -- cardinality : STRING
    "4ca08318-e3fd-4607-b83f-38b12c8dcd92", -- Where_Clause_Value_ID : UNIQUE_ID
    "d8528470-976c-421b-a087-1201ac24302f", -- Obj_ID : UNIQUE_ID
    0, -- extentLineNumber : INTEGER
    0 -- extentColumn : INTEGER
);
INSERT INTO ACT_FNB VALUES (
    "641e0608-4ac0-476a-bba2-988b488529bf", -- Action_ID : UNIQUE_ID
    "8e6515f0-ca9a-424d-b35b-60f69ec5dcc5" -- Sync_ID : UNIQUE_ID
);
INSERT INTO ACT_IF VALUES (
    "79ea146d-77e7-46ec-a7b7-27a5dbf0c84c", -- Statement_ID : UNIQUE_ID
    "3079a0fe-df5f-4202-8d04-0b5ef64ecb0c", -- Block_ID : UNIQUE_ID
    "09ca87ac-898d-4dc6-8787-aaf1c5ead9e0", -- Value_ID : UNIQUE_ID
    "00000000-0000-0000-0000-000000000000", -- Elif_Statement_ID : UNIQUE_ID
    "00000000-0000-0000-0000-000000000000" -- Else_Statement_ID : UNIQUE_ID
);
INSERT INTO ACT_IF VALUES (
    "35ff7c77-45fd-49df-ba40-869008a33e74", -- Statement_ID : UNIQUE_ID
    "70affce1-7920-4cd9-b08f-2f914b829d01", -- Block_ID : UNIQUE_ID
    "f88f2313-2ada-479e-a027-cf84f1b18c7a", -- Value_ID : UNIQUE_ID
    "00000000-0000-0000-0000-000000000000", -- Elif_Statement_ID : UNIQUE_ID
    "00000000-0000-0000-0000-000000000000" -- Else_Statement_ID : UNIQUE_ID
);
INSERT INTO ACT_OPB VALUES (
    "86950aa1-4676-41d2-8b62-e95ac6f0a839", -- Action_ID : UNIQUE_ID
    "405baa66-75e7-4b59-bf9b-44fc101b3b87" -- Tfr_ID : UNIQUE_ID
);
INSERT INTO ACT_PSB VALUES (
    "14df31ef-a9bc-4f8f-9b2e-8c63e8dad9c0", -- Action_ID : UNIQUE_ID
    "7582ba79-c063-4631-bcbe-dde14b231908" -- Id : UNIQUE_ID
);
INSERT INTO ACT_PSB VALUES (
    "357b7409-1fe6-4428-abe8-daec83a31712", -- Action_ID : UNIQUE_ID
    "fd447b6f-5a17-4d1f-8f3d-080eeeb6d3b5" -- Id : UNIQUE_ID
);
INSERT INTO ACT_PSB VALUES (
    "59bff117-1d5c-4765-9d4f-d8fdc2f961ee", -- Action_ID : UNIQUE_ID
    "8e12193a-4915-4e0c-8044-11c6b3eaf358" -- Id : UNIQUE_ID
);
INSERT INTO ACT_RET VALUES (
    "374d06a2-b2fd-4dd7-8c2b-a4e6b651fd48", -- Statement_ID : UNIQUE_ID
    "38b9b6d9-e957-4b04-90b8-97bc5446e8de" -- Value_ID : UNIQUE_ID
);
INSERT INTO ACT_RET VALUES (
    "2f210b07-8778-4762-8d47-d98959a387a7", -- Statement_ID : UNIQUE_ID
    "529ef368-343e-44c5-afc3-5f67a717eb9c" -- Value_ID : UNIQUE_ID
);
INSERT INTO ACT_RET VALUES (
    "ddf1d127-0d65-4faf-ab69-699481f93382", -- Statement_ID : UNIQUE_ID
    "5b161e13-8688-4cdf-b7af-46ec051a28df" -- Value_ID : UNIQUE_ID
);
INSERT INTO ACT_RET VALUES (
    "5db78641-8fa1-43a1-926c-7aece7932394", -- Statement_ID : UNIQUE_ID
    "42f1aace-688e-4a6b-93d8-290f3b489130" -- Value_ID : UNIQUE_ID
);
INSERT INTO ACT_RSB VALUES (
    "1a05d15d-4142-4cd2-a9d1-f4fdce7dca35", -- Action_ID : UNIQUE_ID
    "4e8357dc-6003-4dae-b1c1-6f406f5216d6" -- Id : UNIQUE_ID
);
INSERT INTO ACT_RSB VALUES (
    "fe6dd58b-9fdd-4f3b-a24d-db351b0d81e5", -- Action_ID : UNIQUE_ID
    "62adeee1-7ea3-43cd-a822-47447631b0f8" -- Id : UNIQUE_ID
);
INSERT INTO ACT_RSB VALUES (
    "ad460f05-f608-4b08-ba6e-fd16442477ca", -- Action_ID : UNIQUE_ID
    "3c887575-84ca-40f7-8c2b-fb4a9c9c2d37" -- Id : UNIQUE_ID
);
INSERT INTO ACT_SAB VALUES (
    "fb76dbf6-157d-4286-b4de-dd60d1a220c2", -- Action_ID : UNIQUE_ID
    "7b5f90bd-656f-4bc9-83bf-771ed45973b0", -- SM_ID : UNIQUE_ID
    "2453e957-c72c-4ed6-a1bc-d234c403269c" -- Act_ID : UNIQUE_ID
);
INSERT INTO ACT_SAB VALUES (
    "c060138a-e091-47d2-b2e9-4c7230f98487", -- Action_ID : UNIQUE_ID
    "7b5f90bd-656f-4bc9-83bf-771ed45973b0", -- SM_ID : UNIQUE_ID
    "afb84c0b-8b92-481f-b009-4ac610325ad2" -- Act_ID : UNIQUE_ID
);
INSERT INTO ACT_SGN VALUES (
    "3190a889-9d17-43c2-8803-51f59f8a0771", -- Statement_ID : UNIQUE_ID
    0, -- sigNameLineNumber : INTEGER
    0, -- sigNameColumn : INTEGER
    0, -- ownerNameLineNumber : INTEGER
    0, -- ownerNameColumn : INTEGER
    "fd447b6f-5a17-4d1f-8f3d-080eeeb6d3b5", -- ProvidedSig_Id : UNIQUE_ID
    "00000000-0000-0000-0000-000000000000", -- RequiredSig_Id : UNIQUE_ID
    "00000000-0000-0000-0000-000000000000" -- Value_ID : UNIQUE_ID
);
INSERT INTO ACT_SGN VALUES (
    "81794518-b1cf-43d6-badf-88f588825e50", -- Statement_ID : UNIQUE_ID
    0, -- sigNameLineNumber : INTEGER
    0, -- sigNameColumn : INTEGER
    0, -- ownerNameLineNumber : INTEGER
    0, -- ownerNameColumn : INTEGER
    "fd447b6f-5a17-4d1f-8f3d-080eeeb6d3b5", -- ProvidedSig_Id : UNIQUE_ID
    "00000000-0000-0000-0000-000000000000", -- RequiredSig_Id : UNIQUE_ID
    "00000000-0000-0000-0000-000000000000" -- Value_ID : UNIQUE_ID
);
INSERT INTO ACT_SGN VALUES (
    "9190e237-ee07-40f1-a8f4-bc1a8dd77df5", -- Statement_ID : UNIQUE_ID
    0, -- sigNameLineNumber : INTEGER
    0, -- sigNameColumn : INTEGER
    0, -- ownerNameLineNumber : INTEGER
    0, -- ownerNameColumn : INTEGER
    "fd447b6f-5a17-4d1f-8f3d-080eeeb6d3b5", -- ProvidedSig_Id : UNIQUE_ID
    "00000000-0000-0000-0000-000000000000", -- RequiredSig_Id : UNIQUE_ID
    "00000000-0000-0000-0000-000000000000" -- Value_ID : UNIQUE_ID
);
INSERT INTO ACT_SMT VALUES (
    "6fedd85b-3553-46e9-ad66-2ebe49d3fa5b", -- Statement_ID : UNIQUE_ID
    "be795387-eee6-489d-b283-8da8e7c41134", -- Block_ID : UNIQUE_ID
    "2cc462e8-b43e-4b7d-8590-74639587262e", -- Previous_Statement_ID : UNIQUE_ID
    1, -- LineNumber : INTEGER
    1, -- StartPosition : INTEGER
    'mapping[9]="9"' -- Label : STRING
);
INSERT INTO ACT_SMT VALUES (
    "2cc462e8-b43e-4b7d-8590-74639587262e", -- Statement_ID : UNIQUE_ID
    "be795387-eee6-489d-b283-8da8e7c41134", -- Block_ID : UNIQUE_ID
    "fcb82c11-3432-4962-a88f-1fae4ac5b1ae", -- Previous_Statement_ID : UNIQUE_ID
    1, -- LineNumber : INTEGER
    17, -- StartPosition : INTEGER
    'mapping[8]="8"' -- Label : STRING
);
INSERT INTO ACT_SMT VALUES (
    "fcb82c11-3432-4962-a88f-1fae4ac5b1ae", -- Statement_ID : UNIQUE_ID
    "be795387-eee6-489d-b283-8da8e7c41134", -- Block_ID : UNIQUE_ID
    "feb42b90-3dba-43c8-8053-82cd8e218ff9", -- Previous_Statement_ID : UNIQUE_ID
    1, -- LineNumber : INTEGER
    33, -- StartPosition : INTEGER
    'mapping[7]="7"' -- Label : STRING
);
INSERT INTO ACT_SMT VALUES (
    "feb42b90-3dba-43c8-8053-82cd8e218ff9", -- Statement_ID : UNIQUE_ID
    "be795387-eee6-489d-b283-8da8e7c41134", -- Block_ID : UNIQUE_ID
    "797c4090-d01e-4860-b90c-919198fe997a", -- Previous_Statement_ID : UNIQUE_ID
    1, -- LineNumber : INTEGER
    49, -- StartPosition : INTEGER
    'mapping[6]="6"' -- Label : STRING
);
INSERT INTO ACT_SMT VALUES (
    "797c4090-d01e-4860-b90c-919198fe997a", -- Statement_ID : UNIQUE_ID
    "be795387-eee6-489d-b283-8da8e7c41134", -- Block_ID : UNIQUE_ID
    "a9e5080a-c0af-4e05-a34d-6de49aebbc3d", -- Previous_Statement_ID : UNIQUE_ID
    1, -- LineNumber : INTEGER
    65, -- StartPosition : INTEGER
    'mapping[5]="5"' -- Label : STRING
);
INSERT INTO ACT_SMT VALUES (
    "a9e5080a-c0af-4e05-a34d-6de49aebbc3d", -- Statement_ID : UNIQUE_ID
    "be795387-eee6-489d-b283-8da8e7c41134", -- Block_ID : UNIQUE_ID
    "9d53fb59-fac4-47db-a8c8-25891e243344", -- Previous_Statement_ID : UNIQUE_ID
    2, -- LineNumber : INTEGER
    1, -- StartPosition : INTEGER
    'mapping[4]="4"' -- Label : STRING
);
INSERT INTO ACT_SMT VALUES (
    "9d53fb59-fac4-47db-a8c8-25891e243344", -- Statement_ID : UNIQUE_ID
    "be795387-eee6-489d-b283-8da8e7c41134", -- Block_ID : UNIQUE_ID
    "85ee51f5-6579-4494-b4ec-9363abc28d86", -- Previous_Statement_ID : UNIQUE_ID
    2, -- LineNumber : INTEGER
    17, -- StartPosition : INTEGER
    'mapping[3]="3"' -- Label : STRING
);
INSERT INTO ACT_SMT VALUES (
    "85ee51f5-6579-4494-b4ec-9363abc28d86", -- Statement_ID : UNIQUE_ID
    "be795387-eee6-489d-b283-8da8e7c41134", -- Block_ID : UNIQUE_ID
    "9192fd51-9bc7-4e09-9e56-d94cec4f57e6", -- Previous_Statement_ID : UNIQUE_ID
    2, -- LineNumber : INTEGER
    33, -- StartPosition : INTEGER
    'mapping[2]="2"' -- Label : STRING
);
INSERT INTO ACT_SMT VALUES (
    "9192fd51-9bc7-4e09-9e56-d94cec4f57e6", -- Statement_ID : UNIQUE_ID
    "be795387-eee6-489d-b283-8da8e7c41134", -- Block_ID : UNIQUE_ID
    "69907be6-1485-4d07-9a2a-a9f8d89a60c2", -- Previous_Statement_ID : UNIQUE_ID
    2, -- LineNumber : INTEGER
    49, -- StartPosition : INTEGER
    'mapping[1]="1"' -- Label : STRING
);
INSERT INTO ACT_SMT VALUES (
    "69907be6-1485-4d07-9a2a-a9f8d89a60c2", -- Statement_ID : UNIQUE_ID
    "be795387-eee6-489d-b283-8da8e7c41134", -- Block_ID : UNIQUE_ID
    "87276dc4-66d5-4ee9-a1a5-7ef572b301bc", -- Previous_Statement_ID : UNIQUE_ID
    2, -- LineNumber : INTEGER
    65, -- StartPosition : INTEGER
    'mapping[0]="0"' -- Label : STRING
);
INSERT INTO ACT_SMT VALUES (
    "87276dc4-66d5-4ee9-a1a5-7ef572b301bc", -- Statement_ID : UNIQUE_ID
    "be795387-eee6-489d-b283-8da8e7c41134", -- Block_ID : UNIQUE_ID
    "15b62598-20fa-4092-88af-4afeb7eef272", -- Previous_Statement_ID : UNIQUE_ID
    4, -- LineNumber : INTEGER
    1, -- StartPosition : INTEGER
    'i = param.i' -- Label : STRING
);
INSERT INTO ACT_SMT VALUES (
    "15b62598-20fa-4092-88af-4afeb7eef272", -- Statement_ID : UNIQUE_ID
    "be795387-eee6-489d-b283-8da8e7c41134", -- Block_ID : UNIQUE_ID
    "78a18984-576e-4125-b758-5d5353a00bad", -- Previous_Statement_ID : UNIQUE_ID
    4, -- LineNumber : INTEGER
    14, -- StartPosition : INTEGER
    's = ""' -- Label : STRING
);
INSERT INTO ACT_SMT VALUES (
    "78a18984-576e-4125-b758-5d5353a00bad", -- Statement_ID : UNIQUE_ID
    "be795387-eee6-489d-b283-8da8e7c41134", -- Block_ID : UNIQUE_ID
    "374d06a2-b2fd-4dd7-8c2b-a4e6b651fd48", -- Previous_Statement_ID : UNIQUE_ID
    5, -- LineNumber : INTEGER
    1, -- StartPosition : INTEGER
    'while ( i >= 1 )
  d = i % 10;
  i = i / 10;
  s = mapping[ d ] + s;
end while' -- Label : STRING
);
INSERT INTO ACT_SMT VALUES (
    "99429c41-5cbb-4de5-b3b1-057cea674e34", -- Statement_ID : UNIQUE_ID
    "536b0362-67a5-4150-9a7f-1c1a24cca0a8", -- Block_ID : UNIQUE_ID
    "ead0cc44-582c-4e2f-8136-0cc93ac1caaa", -- Previous_Statement_ID : UNIQUE_ID
    6, -- LineNumber : INTEGER
    3, -- StartPosition : INTEGER
    'd = i % 10' -- Label : STRING
);
INSERT INTO ACT_SMT VALUES (
    "ead0cc44-582c-4e2f-8136-0cc93ac1caaa", -- Statement_ID : UNIQUE_ID
    "536b0362-67a5-4150-9a7f-1c1a24cca0a8", -- Block_ID : UNIQUE_ID
    "9bc97614-2037-4ee5-8c5a-ce2cff64962f", -- Previous_Statement_ID : UNIQUE_ID
    7, -- LineNumber : INTEGER
    3, -- StartPosition : INTEGER
    'i = i / 10' -- Label : STRING
);
INSERT INTO ACT_SMT VALUES (
    "9bc97614-2037-4ee5-8c5a-ce2cff64962f", -- Statement_ID : UNIQUE_ID
    "536b0362-67a5-4150-9a7f-1c1a24cca0a8", -- Block_ID : UNIQUE_ID
    "00000000-0000-0000-0000-000000000000", -- Previous_Statement_ID : UNIQUE_ID
    8, -- LineNumber : INTEGER
    3, -- StartPosition : INTEGER
    's = mapping[ d ] + s' -- Label : STRING
);
INSERT INTO ACT_SMT VALUES (
    "374d06a2-b2fd-4dd7-8c2b-a4e6b651fd48", -- Statement_ID : UNIQUE_ID
    "be795387-eee6-489d-b283-8da8e7c41134", -- Block_ID : UNIQUE_ID
    "00000000-0000-0000-0000-000000000000", -- Previous_Statement_ID : UNIQUE_ID
    11, -- LineNumber : INTEGER
    1, -- StartPosition : INTEGER
    'return s' -- Label : STRING
);
INSERT INTO ACT_SMT VALUES (
    "2f210b07-8778-4762-8d47-d98959a387a7", -- Statement_ID : UNIQUE_ID
    "8cf7cc96-19f5-480b-82e2-0855036444ba", -- Block_ID : UNIQUE_ID
    "00000000-0000-0000-0000-000000000000", -- Previous_Statement_ID : UNIQUE_ID
    1, -- LineNumber : INTEGER
    1, -- StartPosition : INTEGER
    'return 0' -- Label : STRING
);
INSERT INTO ACT_SMT VALUES (
    "ddf1d127-0d65-4faf-ab69-699481f93382", -- Statement_ID : UNIQUE_ID
    "d1e5690b-dfca-4518-a481-008fc232c48a", -- Block_ID : UNIQUE_ID
    "00000000-0000-0000-0000-000000000000", -- Previous_Statement_ID : UNIQUE_ID
    1, -- LineNumber : INTEGER
    1, -- StartPosition : INTEGER
    'return true' -- Label : STRING
);
INSERT INTO ACT_SMT VALUES (
    "5db78641-8fa1-43a1-926c-7aece7932394", -- Statement_ID : UNIQUE_ID
    "6f65d8e0-5f81-42ff-ad95-dc080604244f", -- Block_ID : UNIQUE_ID
    "00000000-0000-0000-0000-000000000000", -- Previous_Statement_ID : UNIQUE_ID
    1, -- LineNumber : INTEGER
    1, -- StartPosition : INTEGER
    'return true' -- Label : STRING
);
INSERT INTO ACT_SMT VALUES (
    "399a2ec6-e0b7-43a5-9cc5-8da9d97eb468", -- Statement_ID : UNIQUE_ID
    "b563066e-7a08-4193-891e-0994e4483a51", -- Block_ID : UNIQUE_ID
    "5fe2bc1d-ca4e-49e6-b2af-2b7bee614f00", -- Previous_Statement_ID : UNIQUE_ID
    3, -- LineNumber : INTEGER
    1, -- StartPosition : INTEGER
    'create object instance employee of Employee' -- Label : STRING
);
INSERT INTO ACT_SMT VALUES (
    "5fe2bc1d-ca4e-49e6-b2af-2b7bee614f00", -- Statement_ID : UNIQUE_ID
    "b563066e-7a08-4193-891e-0994e4483a51", -- Block_ID : UNIQUE_ID
    "8f30cca8-01b2-430d-9b95-b6e095625f32", -- Previous_Statement_ID : UNIQUE_ID
    5, -- LineNumber : INTEGER
    1, -- StartPosition : INTEGER
    'employee.FName = param.FName' -- Label : STRING
);
INSERT INTO ACT_SMT VALUES (
    "8f30cca8-01b2-430d-9b95-b6e095625f32", -- Statement_ID : UNIQUE_ID
    "b563066e-7a08-4193-891e-0994e4483a51", -- Block_ID : UNIQUE_ID
    "1c76993c-05ea-4378-b258-5ce88e417964", -- Previous_Statement_ID : UNIQUE_ID
    6, -- LineNumber : INTEGER
    1, -- StartPosition : INTEGER
    'employee.LName = param.LName' -- Label : STRING
);
INSERT INTO ACT_SMT VALUES (
    "1c76993c-05ea-4378-b258-5ce88e417964", -- Statement_ID : UNIQUE_ID
    "b563066e-7a08-4193-891e-0994e4483a51", -- Block_ID : UNIQUE_ID
    "00000000-0000-0000-0000-000000000000", -- Previous_Statement_ID : UNIQUE_ID
    7, -- LineNumber : INTEGER
    1, -- StartPosition : INTEGER
    'employee.National_ID = param.National_ID' -- Label : STRING
);
INSERT INTO ACT_SMT VALUES (
    "3cc25f71-83bc-40ee-9be1-f68f8af7bfe5", -- Statement_ID : UNIQUE_ID
    "9de252a9-dc9a-4603-ab73-49025056e98e", -- Block_ID : UNIQUE_ID
    "695c0bca-04c4-44b7-aeca-8bc8df28f4f9", -- Previous_Statement_ID : UNIQUE_ID
    2, -- LineNumber : INTEGER
    1, -- StartPosition : INTEGER
    'Start_Date = TIM::current_date()' -- Label : STRING
);
INSERT INTO ACT_SMT VALUES (
    "695c0bca-04c4-44b7-aeca-8bc8df28f4f9", -- Statement_ID : UNIQUE_ID
    "9de252a9-dc9a-4603-ab73-49025056e98e", -- Block_ID : UNIQUE_ID
    "00000000-0000-0000-0000-000000000000", -- Previous_Statement_ID : UNIQUE_ID
    3, -- LineNumber : INTEGER
    1, -- StartPosition : INTEGER
    'LOG::LogInfo( message:"New employee has commenced" )' -- Label : STRING
);
INSERT INTO ACT_SMT VALUES (
    "32af4058-034f-49c4-8449-76695ff63767", -- Statement_ID : UNIQUE_ID
    "b7e09080-9083-4df3-a49d-8b197a69e40a", -- Block_ID : UNIQUE_ID
    "79ea146d-77e7-46ec-a7b7-27a5dbf0c84c", -- Previous_Statement_ID : UNIQUE_ID
    2, -- LineNumber : INTEGER
    1, -- StartPosition : INTEGER
    'select any employee from instances of Employee where selected.National_ID==param.National_ID' -- Label : STRING
);
INSERT INTO ACT_SMT VALUES (
    "79ea146d-77e7-46ec-a7b7-27a5dbf0c84c", -- Statement_ID : UNIQUE_ID
    "b7e09080-9083-4df3-a49d-8b197a69e40a", -- Block_ID : UNIQUE_ID
    "00000000-0000-0000-0000-000000000000", -- Previous_Statement_ID : UNIQUE_ID
    3, -- LineNumber : INTEGER
    1, -- StartPosition : INTEGER
    'if ( empty employee )
	//create object instance employee of Employee;
	employee.createEmployee( FName:param.FName, LName:param.LName, National_ID: param.National_ID);
	//generate Employee1:newEmployeeRcvd(FName:param.FName, LName:param.LName, National_ID:param.National_ID) to employee;
	
	UI::Reply( msg:"Employee added successfully.", state:True);
else 
	
	LOG::LogInfo(message:"Employee already exists." );
	LOG::LogInfo(message:"Updating details." );
	//employee.FName = param.FName;
	//employee.LName = param.LName;	
	//UI::Reply( msg:"Employee already exists", state:False);
end if' -- Label : STRING
);
INSERT INTO ACT_SMT VALUES (
    "c6fc456f-d1f4-48a2-9d12-b61428109563", -- Statement_ID : UNIQUE_ID
    "3079a0fe-df5f-4202-8d04-0b5ef64ecb0c", -- Block_ID : UNIQUE_ID
    "3190a889-9d17-43c2-8803-51f59f8a0771", -- Previous_Statement_ID : UNIQUE_ID
    5, -- LineNumber : INTEGER
    2, -- StartPosition : INTEGER
    'employee.createEmployee( FName:param.FName, LName:param.LName, National_ID: param.National_ID)' -- Label : STRING
);
INSERT INTO ACT_SMT VALUES (
    "3190a889-9d17-43c2-8803-51f59f8a0771", -- Statement_ID : UNIQUE_ID
    "3079a0fe-df5f-4202-8d04-0b5ef64ecb0c", -- Block_ID : UNIQUE_ID
    "00000000-0000-0000-0000-000000000000", -- Previous_Statement_ID : UNIQUE_ID
    8, -- LineNumber : INTEGER
    2, -- StartPosition : INTEGER
    'UI::Reply( msg:"Employee added successfully.", state:True)' -- Label : STRING
);
INSERT INTO ACT_SMT VALUES (
    "eb44407f-140f-41fa-943f-70cec28668db", -- Statement_ID : UNIQUE_ID
    "b7e09080-9083-4df3-a49d-8b197a69e40a", -- Block_ID : UNIQUE_ID
    "00000000-0000-0000-0000-000000000000", -- Previous_Statement_ID : UNIQUE_ID
    9, -- LineNumber : INTEGER
    1, -- StartPosition : INTEGER
    'else 
	
	LOG::LogInfo(message:"Employee already exists." );
	LOG::LogInfo(message:"Updating details." );' -- Label : STRING
);
INSERT INTO ACT_SMT VALUES (
    "616b02d3-6f15-421a-a0a6-67e441594186", -- Statement_ID : UNIQUE_ID
    "235be2bc-1d6e-4fa4-83e4-4d7e428e02cc", -- Block_ID : UNIQUE_ID
    "42cfab36-b5d7-4bd0-9b90-af4ed89c5d26", -- Previous_Statement_ID : UNIQUE_ID
    11, -- LineNumber : INTEGER
    2, -- StartPosition : INTEGER
    'LOG::LogInfo(message:"Employee already exists." )' -- Label : STRING
);
INSERT INTO ACT_SMT VALUES (
    "42cfab36-b5d7-4bd0-9b90-af4ed89c5d26", -- Statement_ID : UNIQUE_ID
    "235be2bc-1d6e-4fa4-83e4-4d7e428e02cc", -- Block_ID : UNIQUE_ID
    "00000000-0000-0000-0000-000000000000", -- Previous_Statement_ID : UNIQUE_ID
    12, -- LineNumber : INTEGER
    2, -- StartPosition : INTEGER
    'LOG::LogInfo(message:"Updating details." )' -- Label : STRING
);
INSERT INTO ACT_SMT VALUES (
    "26bf17d0-6630-40c3-9168-914dd7a970e8", -- Statement_ID : UNIQUE_ID
    "aaf9f2d2-8637-475a-89bc-e4ad50aa932f", -- Block_ID : UNIQUE_ID
    "35ff7c77-45fd-49df-ba40-869008a33e74", -- Previous_Statement_ID : UNIQUE_ID
    2, -- LineNumber : INTEGER
    1, -- StartPosition : INTEGER
    'select any employee from instances of Employee where selected.National_ID==param.National_ID' -- Label : STRING
);
INSERT INTO ACT_SMT VALUES (
    "35ff7c77-45fd-49df-ba40-869008a33e74", -- Statement_ID : UNIQUE_ID
    "aaf9f2d2-8637-475a-89bc-e4ad50aa932f", -- Block_ID : UNIQUE_ID
    "00000000-0000-0000-0000-000000000000", -- Previous_Statement_ID : UNIQUE_ID
    3, -- LineNumber : INTEGER
    1, -- StartPosition : INTEGER
    'if ( not empty employee )
	generate Employee2:commencedRcvd() to employee;
	UI::Reply( msg:"Employee has commenced ", state:True);

else 
	LOG::LogInfo(message:"Employee is not registered!" );
	UI::Reply( msg:"Employee is not found.", state:False);
end if' -- Label : STRING
);
INSERT INTO ACT_SMT VALUES (
    "7f98a7c6-dda4-469a-a05d-dd47ed1225b0", -- Statement_ID : UNIQUE_ID
    "70affce1-7920-4cd9-b08f-2f914b829d01", -- Block_ID : UNIQUE_ID
    "81794518-b1cf-43d6-badf-88f588825e50", -- Previous_Statement_ID : UNIQUE_ID
    4, -- LineNumber : INTEGER
    2, -- StartPosition : INTEGER
    'generate Employee2:commencedRcvd() to employee' -- Label : STRING
);
INSERT INTO ACT_SMT VALUES (
    "81794518-b1cf-43d6-badf-88f588825e50", -- Statement_ID : UNIQUE_ID
    "70affce1-7920-4cd9-b08f-2f914b829d01", -- Block_ID : UNIQUE_ID
    "00000000-0000-0000-0000-000000000000", -- Previous_Statement_ID : UNIQUE_ID
    5, -- LineNumber : INTEGER
    2, -- StartPosition : INTEGER
    'UI::Reply( msg:"Employee has commenced ", state:True)' -- Label : STRING
);
INSERT INTO ACT_SMT VALUES (
    "932fa0a8-65b0-4b18-be48-16f1bf59232c", -- Statement_ID : UNIQUE_ID
    "aaf9f2d2-8637-475a-89bc-e4ad50aa932f", -- Block_ID : UNIQUE_ID
    "00000000-0000-0000-0000-000000000000", -- Previous_Statement_ID : UNIQUE_ID
    7, -- LineNumber : INTEGER
    1, -- StartPosition : INTEGER
    'else 
	LOG::LogInfo(message:"Employee is not registered!" );
	UI::Reply( msg:"Employee is not found.", state:False);' -- Label : STRING
);
INSERT INTO ACT_SMT VALUES (
    "217c7b0a-ff1e-48b3-9c50-21114306f956", -- Statement_ID : UNIQUE_ID
    "802e81b9-cabc-4038-a836-ad99b280f5c2", -- Block_ID : UNIQUE_ID
    "9190e237-ee07-40f1-a8f4-bc1a8dd77df5", -- Previous_Statement_ID : UNIQUE_ID
    8, -- LineNumber : INTEGER
    2, -- StartPosition : INTEGER
    'LOG::LogInfo(message:"Employee is not registered!" )' -- Label : STRING
);
INSERT INTO ACT_SMT VALUES (
    "9190e237-ee07-40f1-a8f4-bc1a8dd77df5", -- Statement_ID : UNIQUE_ID
    "802e81b9-cabc-4038-a836-ad99b280f5c2", -- Block_ID : UNIQUE_ID
    "00000000-0000-0000-0000-000000000000", -- Previous_Statement_ID : UNIQUE_ID
    9, -- LineNumber : INTEGER
    2, -- StartPosition : INTEGER
    'UI::Reply( msg:"Employee is not found.", state:False)' -- Label : STRING
);
INSERT INTO ACT_TAB VALUES (
    "7656db7e-06fc-4791-a1cc-337a9f6d2e6e", -- Action_ID : UNIQUE_ID
    "7b5f90bd-656f-4bc9-83bf-771ed45973b0", -- SM_ID : UNIQUE_ID
    "becd648f-4aa1-43ca-9b3a-d3fc35c0fd00" -- Act_ID : UNIQUE_ID
);
INSERT INTO ACT_TFM VALUES (
    "c6fc456f-d1f4-48a2-9d12-b61428109563", -- Statement_ID : UNIQUE_ID
    "405baa66-75e7-4b59-bf9b-44fc101b3b87", -- Tfr_ID : UNIQUE_ID
    "b46b23ac-3ef7-4d59-b5e9-6c798a29f0e4", -- Var_ID : UNIQUE_ID
    0, -- operationNameLineNumber : INTEGER
    0, -- operationNameColumn : INTEGER
    0, -- modelClassKeyLettersLineNumber : INTEGER
    0 -- modelClassKeyLettersColumn : INTEGER
);
INSERT INTO ACT_WHL VALUES (
    "78a18984-576e-4125-b758-5d5353a00bad", -- Statement_ID : UNIQUE_ID
    "d4504360-5c13-484f-852f-055e37ec3877", -- Value_ID : UNIQUE_ID
    "536b0362-67a5-4150-9a7f-1c1a24cca0a8" -- Block_ID : UNIQUE_ID
);
INSERT INTO CL_IC VALUES (
    "6aa4e315-9e4a-4187-afb6-075a37702da7", -- Id : UNIQUE_ID
    "8e4782c3-9567-4154-87b3-67069634e7a5", -- AssignedComp_Id : UNIQUE_ID
    "00000000-0000-0000-0000-000000000000", -- ParentComp_Id : UNIQUE_ID
    "00000000-0000-0000-0000-000000000000", -- Component_Package_ID : UNIQUE_ID
    0, -- Mult : INTEGER
    '', -- ClassifierName : STRING
    'dhrm::hrm::hr', -- Name : STRING
    '' -- Descrip : STRING
);
INSERT INTO CL_IC VALUES (
    "61527127-c692-4baf-8c6a-7b3bd54f8db3", -- Id : UNIQUE_ID
    "d81dc79e-6692-4a39-b6d9-f5fc0b765726", -- AssignedComp_Id : UNIQUE_ID
    "00000000-0000-0000-0000-000000000000", -- ParentComp_Id : UNIQUE_ID
    "00000000-0000-0000-0000-000000000000", -- Component_Package_ID : UNIQUE_ID
    0, -- Mult : INTEGER
    '', -- ClassifierName : STRING
    'UIHR::UIHR::UI', -- Name : STRING
    '' -- Descrip : STRING
);
INSERT INTO CL_IIR VALUES (
    "0d0011e5-9d08-4213-96c8-a4130d610109", -- Id : UNIQUE_ID
    "e211a314-f4cf-4d96-ab5d-86594500f9c9", -- Ref_Id : UNIQUE_ID
    "2a7e36f3-b8e3-488c-9a8a-8f2053b386fe", -- CL_POR_Id : UNIQUE_ID
    "00000000-0000-0000-0000-000000000000", -- Delegation_Id : UNIQUE_ID
    'EP', -- Name : STRING
    '' -- Descrip : STRING
);
INSERT INTO CL_IIR VALUES (
    "451e40ae-b2bc-4182-972d-e7cd49ffef97", -- Id : UNIQUE_ID
    "3c565891-207b-4f8f-906f-7a28c50fa9aa", -- Ref_Id : UNIQUE_ID
    "dc409749-3231-4f2f-a188-575f9623ca0a", -- CL_POR_Id : UNIQUE_ID
    "00000000-0000-0000-0000-000000000000", -- Delegation_Id : UNIQUE_ID
    'EP', -- Name : STRING
    '' -- Descrip : STRING
);
INSERT INTO CL_IP VALUES (
    "0d0011e5-9d08-4213-96c8-a4130d610109", -- Id : UNIQUE_ID
    'EP', -- Name : STRING
    '' -- Descrip : STRING
);
INSERT INTO CL_IPINS VALUES (
    "93daa695-5c19-4584-b8ff-aeda570a0f03", -- Satisfaction_Id : UNIQUE_ID
    "0d0011e5-9d08-4213-96c8-a4130d610109" -- ImportedProvision_Id : UNIQUE_ID
);
INSERT INTO CL_IR VALUES (
    "451e40ae-b2bc-4182-972d-e7cd49ffef97", -- Id : UNIQUE_ID
    "93daa695-5c19-4584-b8ff-aeda570a0f03", -- Satisfaction_Element_Id : UNIQUE_ID
    'EP', -- Name : STRING
    '' -- Descrip : STRING
);
INSERT INTO CL_POR VALUES (
    "6aa4e315-9e4a-4187-afb6-075a37702da7", -- CL_IC_Id : UNIQUE_ID
    "498d117c-4422-44a6-af7e-6cb02ada65c5", -- C_PO_Id : UNIQUE_ID
    'UI', -- Name : STRING
    "2a7e36f3-b8e3-488c-9a8a-8f2053b386fe" -- Id : UNIQUE_ID
);
INSERT INTO CL_POR VALUES (
    "61527127-c692-4baf-8c6a-7b3bd54f8db3", -- CL_IC_Id : UNIQUE_ID
    "d8aeacb7-ad9c-4082-9867-d8dc363f53b7", -- C_PO_Id : UNIQUE_ID
    'App', -- Name : STRING
    "dc409749-3231-4f2f-a188-575f9623ca0a" -- Id : UNIQUE_ID
);
INSERT INTO C_AS VALUES (
    "be4e38a9-c84b-44ce-a173-d57405caeeca", -- Id : UNIQUE_ID
    'New', -- Name : STRING
    '', -- Descrip : STRING
    0, -- Direction : INTEGER
    "00000000-0000-0000-0000-000000000000" -- Previous_Id : UNIQUE_ID
);
INSERT INTO C_AS VALUES (
    "f83ecd5c-00bd-42d1-a795-2868eba34aec", -- Id : UNIQUE_ID
    'Reply', -- Name : STRING
    '', -- Descrip : STRING
    1, -- Direction : INTEGER
    "be4e38a9-c84b-44ce-a173-d57405caeeca" -- Previous_Id : UNIQUE_ID
);
INSERT INTO C_AS VALUES (
    "dd791a09-c8bd-4868-8174-4726cea8e2d3", -- Id : UNIQUE_ID
    'Start', -- Name : STRING
    '', -- Descrip : STRING
    0, -- Direction : INTEGER
    "f83ecd5c-00bd-42d1-a795-2868eba34aec" -- Previous_Id : UNIQUE_ID
);
INSERT INTO C_C VALUES (
    "8e4782c3-9567-4154-87b3-67069634e7a5", -- Id : UNIQUE_ID
    "00000000-0000-0000-0000-000000000000", -- Package_ID : UNIQUE_ID
    "00000000-0000-0000-0000-000000000000", -- NestedComponent_Id : UNIQUE_ID
    'hr', -- Name : STRING
    '', -- Descrip : STRING
    0, -- Mult : INTEGER
    "00000000-0000-0000-0000-000000000000", -- Root_Package_ID : UNIQUE_ID
    0, -- isRealized : BOOLEAN
    '' -- Realized_Class_Path : STRING
);
INSERT INTO C_C VALUES (
    "d81dc79e-6692-4a39-b6d9-f5fc0b765726", -- Id : UNIQUE_ID
    "00000000-0000-0000-0000-000000000000", -- Package_ID : UNIQUE_ID
    "00000000-0000-0000-0000-000000000000", -- NestedComponent_Id : UNIQUE_ID
    'UI', -- Name : STRING
    '', -- Descrip : STRING
    0, -- Mult : INTEGER
    "00000000-0000-0000-0000-000000000000", -- Root_Package_ID : UNIQUE_ID
    0, -- isRealized : BOOLEAN
    '' -- Realized_Class_Path : STRING
);
INSERT INTO C_EP VALUES (
    "be4e38a9-c84b-44ce-a173-d57405caeeca", -- Id : UNIQUE_ID
    "102214df-1d03-428f-9eb8-5c5ce18bfdae", -- Interface_Id : UNIQUE_ID
    -1, -- Direction : INTEGER
    'New', -- Name : STRING
    '' -- Descrip : STRING
);
INSERT INTO C_EP VALUES (
    "f83ecd5c-00bd-42d1-a795-2868eba34aec", -- Id : UNIQUE_ID
    "102214df-1d03-428f-9eb8-5c5ce18bfdae", -- Interface_Id : UNIQUE_ID
    -1, -- Direction : INTEGER
    'Reply', -- Name : STRING
    '' -- Descrip : STRING
);
INSERT INTO C_EP VALUES (
    "dd791a09-c8bd-4868-8174-4726cea8e2d3", -- Id : UNIQUE_ID
    "102214df-1d03-428f-9eb8-5c5ce18bfdae", -- Interface_Id : UNIQUE_ID
    -1, -- Direction : INTEGER
    'Start', -- Name : STRING
    '' -- Descrip : STRING
);
INSERT INTO C_I VALUES (
    "102214df-1d03-428f-9eb8-5c5ce18bfdae", -- Id : UNIQUE_ID
    "00000000-0000-0000-0000-000000000000", -- Package_ID : UNIQUE_ID
    'EP', -- Name : STRING
    '' -- Descrip : STRING
);
INSERT INTO C_IR VALUES (
    "e211a314-f4cf-4d96-ab5d-86594500f9c9", -- Id : UNIQUE_ID
    "102214df-1d03-428f-9eb8-5c5ce18bfdae", -- Formal_Interface_Id : UNIQUE_ID
    "00000000-0000-0000-0000-000000000000", -- Delegation_Id : UNIQUE_ID
    "498d117c-4422-44a6-af7e-6cb02ada65c5" -- Port_Id : UNIQUE_ID
);
INSERT INTO C_IR VALUES (
    "3c565891-207b-4f8f-906f-7a28c50fa9aa", -- Id : UNIQUE_ID
    "102214df-1d03-428f-9eb8-5c5ce18bfdae", -- Formal_Interface_Id : UNIQUE_ID
    "00000000-0000-0000-0000-000000000000", -- Delegation_Id : UNIQUE_ID
    "d8aeacb7-ad9c-4082-9867-d8dc363f53b7" -- Port_Id : UNIQUE_ID
);
INSERT INTO C_P VALUES (
    "e211a314-f4cf-4d96-ab5d-86594500f9c9", -- Provision_Id : UNIQUE_ID
    'EP', -- Name : STRING
    'HRUI', -- InformalName : STRING
    '', -- Descrip : STRING
    'hr::UI::EP' -- pathFromComponent : STRING
);
INSERT INTO C_PO VALUES (
    "498d117c-4422-44a6-af7e-6cb02ada65c5", -- Id : UNIQUE_ID
    "8e4782c3-9567-4154-87b3-67069634e7a5", -- Component_Id : UNIQUE_ID
    'UI', -- Name : STRING
    0, -- Mult : INTEGER
    0 -- DoNotShowPortOnCanvas : BOOLEAN
);
INSERT INTO C_PO VALUES (
    "d8aeacb7-ad9c-4082-9867-d8dc363f53b7", -- Id : UNIQUE_ID
    "d81dc79e-6692-4a39-b6d9-f5fc0b765726", -- Component_Id : UNIQUE_ID
    'App', -- Name : STRING
    0, -- Mult : INTEGER
    0 -- DoNotShowPortOnCanvas : BOOLEAN
);
INSERT INTO C_PP VALUES (
    "8d5bd5a6-f248-4b87-a4bb-eb772b2397d8", -- PP_Id : UNIQUE_ID
    "be4e38a9-c84b-44ce-a173-d57405caeeca", -- Signal_Id : UNIQUE_ID
    "ba5eda7a-def5-0000-0000-000000000004", -- DT_ID : UNIQUE_ID
    'FName', -- Name : STRING
    '', -- Descrip : STRING
    0, -- By_Ref : INTEGER
    '', -- Dimensions : STRING
    "00000000-0000-0000-0000-000000000000" -- Previous_PP_Id : UNIQUE_ID
);
INSERT INTO C_PP VALUES (
    "b1170977-7e1a-4e1e-8ec1-9e9ef2712f79", -- PP_Id : UNIQUE_ID
    "be4e38a9-c84b-44ce-a173-d57405caeeca", -- Signal_Id : UNIQUE_ID
    "ba5eda7a-def5-0000-0000-000000000004", -- DT_ID : UNIQUE_ID
    'LName', -- Name : STRING
    '', -- Descrip : STRING
    0, -- By_Ref : INTEGER
    '', -- Dimensions : STRING
    "8d5bd5a6-f248-4b87-a4bb-eb772b2397d8" -- Previous_PP_Id : UNIQUE_ID
);
INSERT INTO C_PP VALUES (
    "28761f9b-5da3-4284-aa06-53a1471a18fd", -- PP_Id : UNIQUE_ID
    "be4e38a9-c84b-44ce-a173-d57405caeeca", -- Signal_Id : UNIQUE_ID
    "ba5eda7a-def5-0000-0000-000000000002", -- DT_ID : UNIQUE_ID
    'National_ID', -- Name : STRING
    '', -- Descrip : STRING
    0, -- By_Ref : INTEGER
    '', -- Dimensions : STRING
    "b1170977-7e1a-4e1e-8ec1-9e9ef2712f79" -- Previous_PP_Id : UNIQUE_ID
);
INSERT INTO C_PP VALUES (
    "6c3424d1-f671-42a7-b29c-fad87a2ff081", -- PP_Id : UNIQUE_ID
    "f83ecd5c-00bd-42d1-a795-2868eba34aec", -- Signal_Id : UNIQUE_ID
    "ba5eda7a-def5-0000-0000-000000000004", -- DT_ID : UNIQUE_ID
    'msg', -- Name : STRING
    '', -- Descrip : STRING
    0, -- By_Ref : INTEGER
    '', -- Dimensions : STRING
    "00000000-0000-0000-0000-000000000000" -- Previous_PP_Id : UNIQUE_ID
);
INSERT INTO C_PP VALUES (
    "426a31f6-75f0-4356-affb-38fd98147139", -- PP_Id : UNIQUE_ID
    "f83ecd5c-00bd-42d1-a795-2868eba34aec", -- Signal_Id : UNIQUE_ID
    "ba5eda7a-def5-0000-0000-000000000001", -- DT_ID : UNIQUE_ID
    'state', -- Name : STRING
    '', -- Descrip : STRING
    0, -- By_Ref : INTEGER
    '', -- Dimensions : STRING
    "6c3424d1-f671-42a7-b29c-fad87a2ff081" -- Previous_PP_Id : UNIQUE_ID
);
INSERT INTO C_PP VALUES (
    "665d0f46-1f6b-4469-b345-11ad3a35684e", -- PP_Id : UNIQUE_ID
    "dd791a09-c8bd-4868-8174-4726cea8e2d3", -- Signal_Id : UNIQUE_ID
    "ba5eda7a-def5-0000-0000-000000000002", -- DT_ID : UNIQUE_ID
    'National_ID', -- Name : STRING
    '', -- Descrip : STRING
    0, -- By_Ref : INTEGER
    '', -- Dimensions : STRING
    "00000000-0000-0000-0000-000000000000" -- Previous_PP_Id : UNIQUE_ID
);
INSERT INTO C_R VALUES (
    "3c565891-207b-4f8f-906f-7a28c50fa9aa", -- Requirement_Id : UNIQUE_ID
    'EP', -- Name : STRING
    '', -- Descrip : STRING
    'HRApp', -- InformalName : STRING
    'UI::App::EP' -- reversePathFromComponent : STRING
);
INSERT INTO C_SF VALUES (
    "93daa695-5c19-4584-b8ff-aeda570a0f03", -- Id : UNIQUE_ID
    "3c565891-207b-4f8f-906f-7a28c50fa9aa", -- Requirement_Id : UNIQUE_ID
    "e211a314-f4cf-4d96-ab5d-86594500f9c9", -- Provision_Id : UNIQUE_ID
    '', -- Descrip : STRING
    'hr::UI::EP -o)- UI::App::EP' -- Label : STRING
);
INSERT INTO EP_PKG VALUES (
    "63980537-a12c-49e3-a1f9-8bd1a2489218", -- Package_ID : UNIQUE_ID
    "7fdc406f-2939-49c0-8fab-99de27b70193", -- Sys_ID : UNIQUE_ID
    "7fdc406f-2939-49c0-8fab-99de27b70193", -- Direct_Sys_ID : UNIQUE_ID
    'io.ciera.runtime.summit.util', -- Name : STRING
    '', -- Descrip : STRING
    0 -- Num_Rng : INTEGER
);
INSERT INTO EP_PKG VALUES (
    "12c213af-4b2d-4e49-890c-453aa4660620", -- Package_ID : UNIQUE_ID
    "7fdc406f-2939-49c0-8fab-99de27b70193", -- Sys_ID : UNIQUE_ID
    "7fdc406f-2939-49c0-8fab-99de27b70193", -- Direct_Sys_ID : UNIQUE_ID
    'io.ciera.runtime.instanceloading.generic.util', -- Name : STRING
    '', -- Descrip : STRING
    0 -- Num_Rng : INTEGER
);
INSERT INTO EP_PKG VALUES (
    "78fb3e55-9840-4511-a824-62393e628058", -- Package_ID : UNIQUE_ID
    "7fdc406f-2939-49c0-8fab-99de27b70193", -- Sys_ID : UNIQUE_ID
    "7fdc406f-2939-49c0-8fab-99de27b70193", -- Direct_Sys_ID : UNIQUE_ID
    'io.ciera.runtime.instanceloading.sql.util', -- Name : STRING
    '', -- Descrip : STRING
    0 -- Num_Rng : INTEGER
);
INSERT INTO EP_PKG VALUES (
    "1df09104-1fdb-48ee-9ae7-06cc055c5770", -- Package_ID : UNIQUE_ID
    "7fdc406f-2939-49c0-8fab-99de27b70193", -- Sys_ID : UNIQUE_ID
    "7fdc406f-2939-49c0-8fab-99de27b70193", -- Direct_Sys_ID : UNIQUE_ID
    'io.ciera.runtime.template.util', -- Name : STRING
    '', -- Descrip : STRING
    0 -- Num_Rng : INTEGER
);
INSERT INTO EP_PKG VALUES (
    "ddbd5fec-558a-4967-bd11-9b09a6c6c428", -- Package_ID : UNIQUE_ID
    "7fdc406f-2939-49c0-8fab-99de27b70193", -- Sys_ID : UNIQUE_ID
    "7fdc406f-2939-49c0-8fab-99de27b70193", -- Direct_Sys_ID : UNIQUE_ID
    'io.ciera.runtime.instanceloading.dynamodb.util', -- Name : STRING
    '', -- Descrip : STRING
    0 -- Num_Rng : INTEGER
);
INSERT INTO EP_PKG VALUES (
    "27857a34-c690-49d3-a891-ae314dca5262", -- Package_ID : UNIQUE_ID
    "ccdb2e52-76fc-4422-936f-a0239fd9d106", -- Sys_ID : UNIQUE_ID
    "ccdb2e52-76fc-4422-936f-a0239fd9d106", -- Direct_Sys_ID : UNIQUE_ID
    'hr_datatypes', -- Name : STRING
    '', -- Descrip : STRING
    0 -- Num_Rng : INTEGER
);
INSERT INTO EP_PKG VALUES (
    "c26641d6-6bfe-4fa5-b78d-533f6fb8d396", -- Package_ID : UNIQUE_ID
    "ccdb2e52-76fc-4422-936f-a0239fd9d106", -- Sys_ID : UNIQUE_ID
    "ccdb2e52-76fc-4422-936f-a0239fd9d106", -- Direct_Sys_ID : UNIQUE_ID
    'hrm', -- Name : STRING
    '', -- Descrip : STRING
    0 -- Num_Rng : INTEGER
);
INSERT INTO EP_PKG VALUES (
    "fdd8efa1-97d4-4adc-a67d-1fb0bd49373b", -- Package_ID : UNIQUE_ID
    "00000000-0000-0000-0000-000000000000", -- Sys_ID : UNIQUE_ID
    "ccdb2e52-76fc-4422-936f-a0239fd9d106", -- Direct_Sys_ID : UNIQUE_ID
    'main', -- Name : STRING
    '', -- Descrip : STRING
    0 -- Num_Rng : INTEGER
);
INSERT INTO EP_PKG VALUES (
    "cabf7045-c6ff-41a5-afe9-032eec941581", -- Package_ID : UNIQUE_ID
    "00000000-0000-0000-0000-000000000000", -- Sys_ID : UNIQUE_ID
    "46564f98-385d-43d9-876a-ca551a77e802", -- Direct_Sys_ID : UNIQUE_ID
    'UI', -- Name : STRING
    '', -- Descrip : STRING
    0 -- Num_Rng : INTEGER
);
INSERT INTO EP_PKG VALUES (
    "941213f0-4346-48d9-89fe-196761630487", -- Package_ID : UNIQUE_ID
    "00000000-0000-0000-0000-000000000000", -- Sys_ID : UNIQUE_ID
    "46564f98-385d-43d9-876a-ca551a77e802", -- Direct_Sys_ID : UNIQUE_ID
    'Shared', -- Name : STRING
    '', -- Descrip : STRING
    0 -- Num_Rng : INTEGER
);
INSERT INTO EP_PKG VALUES (
    "2ac1b93e-087c-4999-856e-c988c703dec6", -- Package_ID : UNIQUE_ID
    "46564f98-385d-43d9-876a-ca551a77e802", -- Sys_ID : UNIQUE_ID
    "46564f98-385d-43d9-876a-ca551a77e802", -- Direct_Sys_ID : UNIQUE_ID
    'UI', -- Name : STRING
    '', -- Descrip : STRING
    0 -- Num_Rng : INTEGER
);
INSERT INTO EP_PKG VALUES (
    "b4605ab7-f9f1-4427-9a8b-300116f87fe6", -- Package_ID : UNIQUE_ID
    "a31b98b3-80c6-4eea-80cb-d84755441c10", -- Sys_ID : UNIQUE_ID
    "a31b98b3-80c6-4eea-80cb-d84755441c10", -- Direct_Sys_ID : UNIQUE_ID
    'HRsystem', -- Name : STRING
    '', -- Descrip : STRING
    0 -- Num_Rng : INTEGER
);
INSERT INTO E_ESS VALUES (
    "7f98a7c6-dda4-469a-a05d-dd47ed1225b0", -- Statement_ID : UNIQUE_ID
    0, -- ParmListOK : BOOLEAN
    0, -- PEIndicated : BOOLEAN
    0, -- eventDerivedLabelLineNumber : INTEGER
    0, -- eventDerivedLabelColumn : INTEGER
    0, -- eventMeaningLineNumber : INTEGER
    0, -- eventMeaningColumn : INTEGER
    0, -- eventTargetKeyLettersLineNumber : INTEGER
    0, -- eventTargetKeyLettersColumn : INTEGER
    0, -- firstEventDataItemNameLineNumber : INTEGER
    0, -- firstEventDataItemNameColumn : INTEGER
    0, -- currentLaterEventDataItemNameLineNumber : INTEGER
    0 -- currentLaterEventDataItemNameColumn : INTEGER
);
INSERT INTO E_GEN VALUES (
    "7f98a7c6-dda4-469a-a05d-dd47ed1225b0", -- Statement_ID : UNIQUE_ID
    "23715bd7-0d98-4686-ba33-384ca9dddf3c" -- Var_ID : UNIQUE_ID
);
INSERT INTO E_GES VALUES (
    "7f98a7c6-dda4-469a-a05d-dd47ed1225b0" -- Statement_ID : UNIQUE_ID
);
INSERT INTO E_GSME VALUES (
    "7f98a7c6-dda4-469a-a05d-dd47ed1225b0", -- Statement_ID : UNIQUE_ID
    "4399bed0-4e99-4616-aa45-eb724333bc35" -- SMevt_ID : UNIQUE_ID
);
INSERT INTO O_ATTR VALUES (
    "7e42a956-78c5-4651-8efb-01820a985edd", -- Attr_ID : UNIQUE_ID
    "d8528470-976c-421b-a087-1201ac24302f", -- Obj_ID : UNIQUE_ID
    "00000000-0000-0000-0000-000000000000", -- PAttr_ID : UNIQUE_ID
    'FName', -- Name : STRING
    '', -- Descrip : STRING
    '', -- Prefix : STRING
    'FName', -- Root_Nam : STRING
    0, -- Pfx_Mode : INTEGER
    "ba5eda7a-def5-0000-0000-000000000004", -- DT_ID : UNIQUE_ID
    '', -- Dimensions : STRING
    '' -- DefaultValue : STRING
);
INSERT INTO O_ATTR VALUES (
    "9066db86-0565-4761-9920-bcf2a1cd02d9", -- Attr_ID : UNIQUE_ID
    "d8528470-976c-421b-a087-1201ac24302f", -- Obj_ID : UNIQUE_ID
    "7e42a956-78c5-4651-8efb-01820a985edd", -- PAttr_ID : UNIQUE_ID
    'National_ID', -- Name : STRING
    '', -- Descrip : STRING
    '', -- Prefix : STRING
    'National_ID', -- Root_Nam : STRING
    0, -- Pfx_Mode : INTEGER
    "ba5eda7a-def5-0000-0000-000000000002", -- DT_ID : UNIQUE_ID
    '', -- Dimensions : STRING
    '' -- DefaultValue : STRING
);
INSERT INTO O_ATTR VALUES (
    "10da70ec-c8aa-41a2-801c-33e8884587ab", -- Attr_ID : UNIQUE_ID
    "d8528470-976c-421b-a087-1201ac24302f", -- Obj_ID : UNIQUE_ID
    "9066db86-0565-4761-9920-bcf2a1cd02d9", -- PAttr_ID : UNIQUE_ID
    'current_state', -- Name : STRING
    '', -- Descrip : STRING
    '', -- Prefix : STRING
    'current_state', -- Root_Nam : STRING
    0, -- Pfx_Mode : INTEGER
    "ba5eda7a-def5-0000-0000-000000000006", -- DT_ID : UNIQUE_ID
    '', -- Dimensions : STRING
    '' -- DefaultValue : STRING
);
INSERT INTO O_ATTR VALUES (
    "af90ebd4-1702-491f-85cd-2d5dbfad46bb", -- Attr_ID : UNIQUE_ID
    "d8528470-976c-421b-a087-1201ac24302f", -- Obj_ID : UNIQUE_ID
    "10da70ec-c8aa-41a2-801c-33e8884587ab", -- PAttr_ID : UNIQUE_ID
    'LName', -- Name : STRING
    '', -- Descrip : STRING
    '', -- Prefix : STRING
    'LName', -- Root_Nam : STRING
    0, -- Pfx_Mode : INTEGER
    "ba5eda7a-def5-0000-0000-000000000004", -- DT_ID : UNIQUE_ID
    '', -- Dimensions : STRING
    '' -- DefaultValue : STRING
);
INSERT INTO O_ATTR VALUES (
    "43f89e8d-d809-4067-a812-d1d57bb3a42d", -- Attr_ID : UNIQUE_ID
    "d8528470-976c-421b-a087-1201ac24302f", -- Obj_ID : UNIQUE_ID
    "af90ebd4-1702-491f-85cd-2d5dbfad46bb", -- PAttr_ID : UNIQUE_ID
    'Start_Date', -- Name : STRING
    '', -- Descrip : STRING
    '', -- Prefix : STRING
    'Start_Date', -- Root_Nam : STRING
    0, -- Pfx_Mode : INTEGER
    "ba5eda7a-def5-0000-0000-00000000000e", -- DT_ID : UNIQUE_ID
    '', -- Dimensions : STRING
    '' -- DefaultValue : STRING
);
INSERT INTO O_BATTR VALUES (
    "7e42a956-78c5-4651-8efb-01820a985edd", -- Attr_ID : UNIQUE_ID
    "d8528470-976c-421b-a087-1201ac24302f" -- Obj_ID : UNIQUE_ID
);
INSERT INTO O_BATTR VALUES (
    "9066db86-0565-4761-9920-bcf2a1cd02d9", -- Attr_ID : UNIQUE_ID
    "d8528470-976c-421b-a087-1201ac24302f" -- Obj_ID : UNIQUE_ID
);
INSERT INTO O_BATTR VALUES (
    "10da70ec-c8aa-41a2-801c-33e8884587ab", -- Attr_ID : UNIQUE_ID
    "d8528470-976c-421b-a087-1201ac24302f" -- Obj_ID : UNIQUE_ID
);
INSERT INTO O_BATTR VALUES (
    "af90ebd4-1702-491f-85cd-2d5dbfad46bb", -- Attr_ID : UNIQUE_ID
    "d8528470-976c-421b-a087-1201ac24302f" -- Obj_ID : UNIQUE_ID
);
INSERT INTO O_BATTR VALUES (
    "43f89e8d-d809-4067-a812-d1d57bb3a42d", -- Attr_ID : UNIQUE_ID
    "d8528470-976c-421b-a087-1201ac24302f" -- Obj_ID : UNIQUE_ID
);
INSERT INTO O_ID VALUES (
    0, -- Oid_ID : INTEGER
    "d8528470-976c-421b-a087-1201ac24302f" -- Obj_ID : UNIQUE_ID
);
INSERT INTO O_ID VALUES (
    1, -- Oid_ID : INTEGER
    "d8528470-976c-421b-a087-1201ac24302f" -- Obj_ID : UNIQUE_ID
);
INSERT INTO O_ID VALUES (
    2, -- Oid_ID : INTEGER
    "d8528470-976c-421b-a087-1201ac24302f" -- Obj_ID : UNIQUE_ID
);
INSERT INTO O_NBATTR VALUES (
    "7e42a956-78c5-4651-8efb-01820a985edd", -- Attr_ID : UNIQUE_ID
    "d8528470-976c-421b-a087-1201ac24302f" -- Obj_ID : UNIQUE_ID
);
INSERT INTO O_NBATTR VALUES (
    "9066db86-0565-4761-9920-bcf2a1cd02d9", -- Attr_ID : UNIQUE_ID
    "d8528470-976c-421b-a087-1201ac24302f" -- Obj_ID : UNIQUE_ID
);
INSERT INTO O_NBATTR VALUES (
    "10da70ec-c8aa-41a2-801c-33e8884587ab", -- Attr_ID : UNIQUE_ID
    "d8528470-976c-421b-a087-1201ac24302f" -- Obj_ID : UNIQUE_ID
);
INSERT INTO O_NBATTR VALUES (
    "af90ebd4-1702-491f-85cd-2d5dbfad46bb", -- Attr_ID : UNIQUE_ID
    "d8528470-976c-421b-a087-1201ac24302f" -- Obj_ID : UNIQUE_ID
);
INSERT INTO O_NBATTR VALUES (
    "43f89e8d-d809-4067-a812-d1d57bb3a42d", -- Attr_ID : UNIQUE_ID
    "d8528470-976c-421b-a087-1201ac24302f" -- Obj_ID : UNIQUE_ID
);
INSERT INTO O_OBJ VALUES (
    "d8528470-976c-421b-a087-1201ac24302f", -- Obj_ID : UNIQUE_ID
    'Employee', -- Name : STRING
    1, -- Numb : INTEGER
    'Employee', -- Key_Lett : STRING
    '', -- Descrip : STRING
    "00000000-0000-0000-0000-000000000000" -- SS_ID : UNIQUE_ID
);
INSERT INTO O_TFR VALUES (
    "405baa66-75e7-4b59-bf9b-44fc101b3b87", -- Tfr_ID : UNIQUE_ID
    "d8528470-976c-421b-a087-1201ac24302f", -- Obj_ID : UNIQUE_ID
    'createEmployee', -- Name : STRING
    '', -- Descrip : STRING
    "ba5eda7a-def5-0000-0000-000000000000", -- DT_ID : UNIQUE_ID
    1, -- Instance_Based : INTEGER
    '	
	
create object instance employee of Employee;

employee.FName = param.FName;
employee.LName = param.LName;
employee.National_ID = param.National_ID;', -- Action_Semantics_internal : STRING
    1, -- Suc_Pars : INTEGER
    '', -- Return_Dimensions : STRING
    "00000000-0000-0000-0000-000000000000", -- Previous_Tfr_ID : UNIQUE_ID
    0 -- Dialect : INTEGER
);
INSERT INTO O_TPARM VALUES (
    "a9e77999-b951-4b68-ab86-bf43a9cf5a45", -- TParm_ID : UNIQUE_ID
    "405baa66-75e7-4b59-bf9b-44fc101b3b87", -- Tfr_ID : UNIQUE_ID
    'FName', -- Name : STRING
    "ba5eda7a-def5-0000-0000-000000000004", -- DT_ID : UNIQUE_ID
    0, -- By_Ref : INTEGER
    '', -- Dimensions : STRING
    "00000000-0000-0000-0000-000000000000", -- Previous_TParm_ID : UNIQUE_ID
    '' -- Descrip : STRING
);
INSERT INTO O_TPARM VALUES (
    "04bd46df-5a2e-4b22-804b-6f730d9adbfb", -- TParm_ID : UNIQUE_ID
    "405baa66-75e7-4b59-bf9b-44fc101b3b87", -- Tfr_ID : UNIQUE_ID
    'LName', -- Name : STRING
    "ba5eda7a-def5-0000-0000-000000000004", -- DT_ID : UNIQUE_ID
    0, -- By_Ref : INTEGER
    '', -- Dimensions : STRING
    "a9e77999-b951-4b68-ab86-bf43a9cf5a45", -- Previous_TParm_ID : UNIQUE_ID
    '' -- Descrip : STRING
);
INSERT INTO O_TPARM VALUES (
    "b69dff9e-b8bb-4581-86a2-1c1408c29f5f", -- TParm_ID : UNIQUE_ID
    "405baa66-75e7-4b59-bf9b-44fc101b3b87", -- Tfr_ID : UNIQUE_ID
    'National_ID', -- Name : STRING
    "ba5eda7a-def5-0000-0000-000000000002", -- DT_ID : UNIQUE_ID
    0, -- By_Ref : INTEGER
    '', -- Dimensions : STRING
    "04bd46df-5a2e-4b22-804b-6f730d9adbfb", -- Previous_TParm_ID : UNIQUE_ID
    '' -- Descrip : STRING
);
INSERT INTO PE_PE VALUES (
    "ba5eda7a-def5-0000-0000-000000000000", -- Element_ID : UNIQUE_ID
    1, -- Visibility : INTEGER
    "00000000-0000-0000-0000-000000000000", -- Package_ID : UNIQUE_ID
    "00000000-0000-0000-0000-000000000000", -- Component_ID : UNIQUE_ID
    3 -- type : INTEGER
);
INSERT INTO PE_PE VALUES (
    "ba5eda7a-def5-0000-0000-000000000001", -- Element_ID : UNIQUE_ID
    1, -- Visibility : INTEGER
    "00000000-0000-0000-0000-000000000000", -- Package_ID : UNIQUE_ID
    "00000000-0000-0000-0000-000000000000", -- Component_ID : UNIQUE_ID
    3 -- type : INTEGER
);
INSERT INTO PE_PE VALUES (
    "ba5eda7a-def5-0000-0000-000000000002", -- Element_ID : UNIQUE_ID
    1, -- Visibility : INTEGER
    "00000000-0000-0000-0000-000000000000", -- Package_ID : UNIQUE_ID
    "00000000-0000-0000-0000-000000000000", -- Component_ID : UNIQUE_ID
    3 -- type : INTEGER
);
INSERT INTO PE_PE VALUES (
    "ba5eda7a-def5-0000-0000-000000000003", -- Element_ID : UNIQUE_ID
    1, -- Visibility : INTEGER
    "00000000-0000-0000-0000-000000000000", -- Package_ID : UNIQUE_ID
    "00000000-0000-0000-0000-000000000000", -- Component_ID : UNIQUE_ID
    3 -- type : INTEGER
);
INSERT INTO PE_PE VALUES (
    "ba5eda7a-def5-0000-0000-000000000004", -- Element_ID : UNIQUE_ID
    1, -- Visibility : INTEGER
    "00000000-0000-0000-0000-000000000000", -- Package_ID : UNIQUE_ID
    "00000000-0000-0000-0000-000000000000", -- Component_ID : UNIQUE_ID
    3 -- type : INTEGER
);
INSERT INTO PE_PE VALUES (
    "ba5eda7a-def5-0000-0000-000000000005", -- Element_ID : UNIQUE_ID
    1, -- Visibility : INTEGER
    "00000000-0000-0000-0000-000000000000", -- Package_ID : UNIQUE_ID
    "00000000-0000-0000-0000-000000000000", -- Component_ID : UNIQUE_ID
    3 -- type : INTEGER
);
INSERT INTO PE_PE VALUES (
    "ba5eda7a-def5-0000-0000-000000000006", -- Element_ID : UNIQUE_ID
    1, -- Visibility : INTEGER
    "00000000-0000-0000-0000-000000000000", -- Package_ID : UNIQUE_ID
    "00000000-0000-0000-0000-000000000000", -- Component_ID : UNIQUE_ID
    3 -- type : INTEGER
);
INSERT INTO PE_PE VALUES (
    "ba5eda7a-def5-0000-0000-000000000007", -- Element_ID : UNIQUE_ID
    1, -- Visibility : INTEGER
    "00000000-0000-0000-0000-000000000000", -- Package_ID : UNIQUE_ID
    "00000000-0000-0000-0000-000000000000", -- Component_ID : UNIQUE_ID
    3 -- type : INTEGER
);
INSERT INTO PE_PE VALUES (
    "ba5eda7a-def5-0000-0000-000000000008", -- Element_ID : UNIQUE_ID
    1, -- Visibility : INTEGER
    "00000000-0000-0000-0000-000000000000", -- Package_ID : UNIQUE_ID
    "00000000-0000-0000-0000-000000000000", -- Component_ID : UNIQUE_ID
    3 -- type : INTEGER
);
INSERT INTO PE_PE VALUES (
    "ba5eda7a-def5-0000-0000-000000000009", -- Element_ID : UNIQUE_ID
    1, -- Visibility : INTEGER
    "00000000-0000-0000-0000-000000000000", -- Package_ID : UNIQUE_ID
    "00000000-0000-0000-0000-000000000000", -- Component_ID : UNIQUE_ID
    3 -- type : INTEGER
);
INSERT INTO PE_PE VALUES (
    "ba5eda7a-def5-0000-0000-00000000000a", -- Element_ID : UNIQUE_ID
    1, -- Visibility : INTEGER
    "00000000-0000-0000-0000-000000000000", -- Package_ID : UNIQUE_ID
    "00000000-0000-0000-0000-000000000000", -- Component_ID : UNIQUE_ID
    3 -- type : INTEGER
);
INSERT INTO PE_PE VALUES (
    "ba5eda7a-def5-0000-0000-00000000000b", -- Element_ID : UNIQUE_ID
    1, -- Visibility : INTEGER
    "00000000-0000-0000-0000-000000000000", -- Package_ID : UNIQUE_ID
    "00000000-0000-0000-0000-000000000000", -- Component_ID : UNIQUE_ID
    3 -- type : INTEGER
);
INSERT INTO PE_PE VALUES (
    "ba5eda7a-def5-0000-0000-00000000000c", -- Element_ID : UNIQUE_ID
    1, -- Visibility : INTEGER
    "00000000-0000-0000-0000-000000000000", -- Package_ID : UNIQUE_ID
    "00000000-0000-0000-0000-000000000000", -- Component_ID : UNIQUE_ID
    3 -- type : INTEGER
);
INSERT INTO PE_PE VALUES (
    "ba5eda7a-def5-0000-0000-00000000000d", -- Element_ID : UNIQUE_ID
    1, -- Visibility : INTEGER
    "00000000-0000-0000-0000-000000000000", -- Package_ID : UNIQUE_ID
    "00000000-0000-0000-0000-000000000000", -- Component_ID : UNIQUE_ID
    3 -- type : INTEGER
);
INSERT INTO PE_PE VALUES (
    "ba5eda7a-def5-0000-0000-00000000000e", -- Element_ID : UNIQUE_ID
    1, -- Visibility : INTEGER
    "00000000-0000-0000-0000-000000000000", -- Package_ID : UNIQUE_ID
    "00000000-0000-0000-0000-000000000000", -- Component_ID : UNIQUE_ID
    3 -- type : INTEGER
);
INSERT INTO PE_PE VALUES (
    "ba5eda7a-def5-0000-0000-00000000000f", -- Element_ID : UNIQUE_ID
    1, -- Visibility : INTEGER
    "00000000-0000-0000-0000-000000000000", -- Package_ID : UNIQUE_ID
    "00000000-0000-0000-0000-000000000000", -- Component_ID : UNIQUE_ID
    3 -- type : INTEGER
);
INSERT INTO PE_PE VALUES (
    "ba5eda7a-def5-0000-0000-000000000010", -- Element_ID : UNIQUE_ID
    1, -- Visibility : INTEGER
    "00000000-0000-0000-0000-000000000000", -- Package_ID : UNIQUE_ID
    "00000000-0000-0000-0000-000000000000", -- Component_ID : UNIQUE_ID
    3 -- type : INTEGER
);
INSERT INTO PE_PE VALUES (
    "301ed0ee-cd6b-49d6-949f-df904baa862c", -- Element_ID : UNIQUE_ID
    1, -- Visibility : INTEGER
    "63980537-a12c-49e3-a1f9-8bd1a2489218", -- Package_ID : UNIQUE_ID
    "00000000-0000-0000-0000-000000000000", -- Component_ID : UNIQUE_ID
    5 -- type : INTEGER
);
INSERT INTO PE_PE VALUES (
    "fb3760d2-2a3e-463f-bd24-66cd25fdba39", -- Element_ID : UNIQUE_ID
    1, -- Visibility : INTEGER
    "63980537-a12c-49e3-a1f9-8bd1a2489218", -- Package_ID : UNIQUE_ID
    "00000000-0000-0000-0000-000000000000", -- Component_ID : UNIQUE_ID
    5 -- type : INTEGER
);
INSERT INTO PE_PE VALUES (
    "0cbe8000-b94e-43c0-a74e-b3d9f70bb59d", -- Element_ID : UNIQUE_ID
    1, -- Visibility : INTEGER
    "63980537-a12c-49e3-a1f9-8bd1a2489218", -- Package_ID : UNIQUE_ID
    "00000000-0000-0000-0000-000000000000", -- Component_ID : UNIQUE_ID
    5 -- type : INTEGER
);
INSERT INTO PE_PE VALUES (
    "2c85491d-6998-469c-bc26-d447450f7f85", -- Element_ID : UNIQUE_ID
    1, -- Visibility : INTEGER
    "63980537-a12c-49e3-a1f9-8bd1a2489218", -- Package_ID : UNIQUE_ID
    "00000000-0000-0000-0000-000000000000", -- Component_ID : UNIQUE_ID
    5 -- type : INTEGER
);
INSERT INTO PE_PE VALUES (
    "33d21480-69a2-4ed7-9fd6-4b0d734cf2a9", -- Element_ID : UNIQUE_ID
    1, -- Visibility : INTEGER
    "63980537-a12c-49e3-a1f9-8bd1a2489218", -- Package_ID : UNIQUE_ID
    "00000000-0000-0000-0000-000000000000", -- Component_ID : UNIQUE_ID
    5 -- type : INTEGER
);
INSERT INTO PE_PE VALUES (
    "445e6cf8-2b35-4c6d-b9ff-1db8125259dc", -- Element_ID : UNIQUE_ID
    1, -- Visibility : INTEGER
    "63980537-a12c-49e3-a1f9-8bd1a2489218", -- Package_ID : UNIQUE_ID
    "00000000-0000-0000-0000-000000000000", -- Component_ID : UNIQUE_ID
    5 -- type : INTEGER
);
INSERT INTO PE_PE VALUES (
    "c9877e9a-7dfe-4912-b126-3e0d533cabd5", -- Element_ID : UNIQUE_ID
    1, -- Visibility : INTEGER
    "63980537-a12c-49e3-a1f9-8bd1a2489218", -- Package_ID : UNIQUE_ID
    "00000000-0000-0000-0000-000000000000", -- Component_ID : UNIQUE_ID
    5 -- type : INTEGER
);
INSERT INTO PE_PE VALUES (
    "63980537-a12c-49e3-a1f9-8bd1a2489218", -- Element_ID : UNIQUE_ID
    1, -- Visibility : INTEGER
    "00000000-0000-0000-0000-000000000000", -- Package_ID : UNIQUE_ID
    "00000000-0000-0000-0000-000000000000", -- Component_ID : UNIQUE_ID
    7 -- type : INTEGER
);
INSERT INTO PE_PE VALUES (
    "4525dfcd-89bc-4810-bceb-c727b8c25e05", -- Element_ID : UNIQUE_ID
    1, -- Visibility : INTEGER
    "12c213af-4b2d-4e49-890c-453aa4660620", -- Package_ID : UNIQUE_ID
    "00000000-0000-0000-0000-000000000000", -- Component_ID : UNIQUE_ID
    5 -- type : INTEGER
);
INSERT INTO PE_PE VALUES (
    "12c213af-4b2d-4e49-890c-453aa4660620", -- Element_ID : UNIQUE_ID
    1, -- Visibility : INTEGER
    "00000000-0000-0000-0000-000000000000", -- Package_ID : UNIQUE_ID
    "00000000-0000-0000-0000-000000000000", -- Component_ID : UNIQUE_ID
    7 -- type : INTEGER
);
INSERT INTO PE_PE VALUES (
    "3c9187e2-faac-4b05-986d-04c751e1632b", -- Element_ID : UNIQUE_ID
    1, -- Visibility : INTEGER
    "78fb3e55-9840-4511-a824-62393e628058", -- Package_ID : UNIQUE_ID
    "00000000-0000-0000-0000-000000000000", -- Component_ID : UNIQUE_ID
    5 -- type : INTEGER
);
INSERT INTO PE_PE VALUES (
    "78fb3e55-9840-4511-a824-62393e628058", -- Element_ID : UNIQUE_ID
    1, -- Visibility : INTEGER
    "00000000-0000-0000-0000-000000000000", -- Package_ID : UNIQUE_ID
    "00000000-0000-0000-0000-000000000000", -- Component_ID : UNIQUE_ID
    7 -- type : INTEGER
);
INSERT INTO PE_PE VALUES (
    "d6db4b3d-c6a5-400a-92b9-6a391237afbb", -- Element_ID : UNIQUE_ID
    1, -- Visibility : INTEGER
    "1df09104-1fdb-48ee-9ae7-06cc055c5770", -- Package_ID : UNIQUE_ID
    "00000000-0000-0000-0000-000000000000", -- Component_ID : UNIQUE_ID
    5 -- type : INTEGER
);
INSERT INTO PE_PE VALUES (
    "1df09104-1fdb-48ee-9ae7-06cc055c5770", -- Element_ID : UNIQUE_ID
    1, -- Visibility : INTEGER
    "00000000-0000-0000-0000-000000000000", -- Package_ID : UNIQUE_ID
    "00000000-0000-0000-0000-000000000000", -- Component_ID : UNIQUE_ID
    7 -- type : INTEGER
);
INSERT INTO PE_PE VALUES (
    "c03ccce5-cb73-48ca-b676-b00270c95839", -- Element_ID : UNIQUE_ID
    1, -- Visibility : INTEGER
    "ddbd5fec-558a-4967-bd11-9b09a6c6c428", -- Package_ID : UNIQUE_ID
    "00000000-0000-0000-0000-000000000000", -- Component_ID : UNIQUE_ID
    5 -- type : INTEGER
);
INSERT INTO PE_PE VALUES (
    "ddbd5fec-558a-4967-bd11-9b09a6c6c428", -- Element_ID : UNIQUE_ID
    1, -- Visibility : INTEGER
    "00000000-0000-0000-0000-000000000000", -- Package_ID : UNIQUE_ID
    "00000000-0000-0000-0000-000000000000", -- Component_ID : UNIQUE_ID
    7 -- type : INTEGER
);
INSERT INTO PE_PE VALUES (
    "168b328b-2af0-412b-bbf5-7e71f1fea433", -- Element_ID : UNIQUE_ID
    1, -- Visibility : INTEGER
    "27857a34-c690-49d3-a891-ae314dca5262", -- Package_ID : UNIQUE_ID
    "00000000-0000-0000-0000-000000000000", -- Component_ID : UNIQUE_ID
    3 -- type : INTEGER
);
INSERT INTO PE_PE VALUES (
    "0d542083-4531-45d6-8411-30f81c92d642", -- Element_ID : UNIQUE_ID
    1, -- Visibility : INTEGER
    "27857a34-c690-49d3-a891-ae314dca5262", -- Package_ID : UNIQUE_ID
    "00000000-0000-0000-0000-000000000000", -- Component_ID : UNIQUE_ID
    3 -- type : INTEGER
);
INSERT INTO PE_PE VALUES (
    "27857a34-c690-49d3-a891-ae314dca5262", -- Element_ID : UNIQUE_ID
    1, -- Visibility : INTEGER
    "00000000-0000-0000-0000-000000000000", -- Package_ID : UNIQUE_ID
    "00000000-0000-0000-0000-000000000000", -- Component_ID : UNIQUE_ID
    7 -- type : INTEGER
);
INSERT INTO PE_PE VALUES (
    "c26641d6-6bfe-4fa5-b78d-533f6fb8d396", -- Element_ID : UNIQUE_ID
    1, -- Visibility : INTEGER
    "00000000-0000-0000-0000-000000000000", -- Package_ID : UNIQUE_ID
    "00000000-0000-0000-0000-000000000000", -- Component_ID : UNIQUE_ID
    7 -- type : INTEGER
);
INSERT INTO PE_PE VALUES (
    "8e4782c3-9567-4154-87b3-67069634e7a5", -- Element_ID : UNIQUE_ID
    1, -- Visibility : INTEGER
    "c26641d6-6bfe-4fa5-b78d-533f6fb8d396", -- Package_ID : UNIQUE_ID
    "00000000-0000-0000-0000-000000000000", -- Component_ID : UNIQUE_ID
    2 -- type : INTEGER
);
INSERT INTO PE_PE VALUES (
    "51cda5d8-b9fa-4471-8c71-5014f092a96c", -- Element_ID : UNIQUE_ID
    1, -- Visibility : INTEGER
    "fdd8efa1-97d4-4adc-a67d-1fb0bd49373b", -- Package_ID : UNIQUE_ID
    "00000000-0000-0000-0000-000000000000", -- Component_ID : UNIQUE_ID
    3 -- type : INTEGER
);
INSERT INTO PE_PE VALUES (
    "fdd8efa1-97d4-4adc-a67d-1fb0bd49373b", -- Element_ID : UNIQUE_ID
    1, -- Visibility : INTEGER
    "00000000-0000-0000-0000-000000000000", -- Package_ID : UNIQUE_ID
    "8e4782c3-9567-4154-87b3-67069634e7a5", -- Component_ID : UNIQUE_ID
    7 -- type : INTEGER
);
INSERT INTO PE_PE VALUES (
    "d8528470-976c-421b-a087-1201ac24302f", -- Element_ID : UNIQUE_ID
    1, -- Visibility : INTEGER
    "fdd8efa1-97d4-4adc-a67d-1fb0bd49373b", -- Package_ID : UNIQUE_ID
    "00000000-0000-0000-0000-000000000000", -- Component_ID : UNIQUE_ID
    4 -- type : INTEGER
);
INSERT INTO PE_PE VALUES (
    "8e6515f0-ca9a-424d-b35b-60f69ec5dcc5", -- Element_ID : UNIQUE_ID
    1, -- Visibility : INTEGER
    "cabf7045-c6ff-41a5-afe9-032eec941581", -- Package_ID : UNIQUE_ID
    "00000000-0000-0000-0000-000000000000", -- Component_ID : UNIQUE_ID
    1 -- type : INTEGER
);
INSERT INTO PE_PE VALUES (
    "cabf7045-c6ff-41a5-afe9-032eec941581", -- Element_ID : UNIQUE_ID
    1, -- Visibility : INTEGER
    "00000000-0000-0000-0000-000000000000", -- Package_ID : UNIQUE_ID
    "d81dc79e-6692-4a39-b6d9-f5fc0b765726", -- Component_ID : UNIQUE_ID
    7 -- type : INTEGER
);
INSERT INTO PE_PE VALUES (
    "d81dc79e-6692-4a39-b6d9-f5fc0b765726", -- Element_ID : UNIQUE_ID
    1, -- Visibility : INTEGER
    "2ac1b93e-087c-4999-856e-c988c703dec6", -- Package_ID : UNIQUE_ID
    "00000000-0000-0000-0000-000000000000", -- Component_ID : UNIQUE_ID
    2 -- type : INTEGER
);
INSERT INTO PE_PE VALUES (
    "941213f0-4346-48d9-89fe-196761630487", -- Element_ID : UNIQUE_ID
    1, -- Visibility : INTEGER
    "2ac1b93e-087c-4999-856e-c988c703dec6", -- Package_ID : UNIQUE_ID
    "00000000-0000-0000-0000-000000000000", -- Component_ID : UNIQUE_ID
    7 -- type : INTEGER
);
INSERT INTO PE_PE VALUES (
    "102214df-1d03-428f-9eb8-5c5ce18bfdae", -- Element_ID : UNIQUE_ID
    1, -- Visibility : INTEGER
    "941213f0-4346-48d9-89fe-196761630487", -- Package_ID : UNIQUE_ID
    "00000000-0000-0000-0000-000000000000", -- Component_ID : UNIQUE_ID
    6 -- type : INTEGER
);
INSERT INTO PE_PE VALUES (
    "2ac1b93e-087c-4999-856e-c988c703dec6", -- Element_ID : UNIQUE_ID
    1, -- Visibility : INTEGER
    "00000000-0000-0000-0000-000000000000", -- Package_ID : UNIQUE_ID
    "00000000-0000-0000-0000-000000000000", -- Component_ID : UNIQUE_ID
    7 -- type : INTEGER
);
INSERT INTO PE_PE VALUES (
    "6aa4e315-9e4a-4187-afb6-075a37702da7", -- Element_ID : UNIQUE_ID
    1, -- Visibility : INTEGER
    "b4605ab7-f9f1-4427-9a8b-300116f87fe6", -- Package_ID : UNIQUE_ID
    "00000000-0000-0000-0000-000000000000", -- Component_ID : UNIQUE_ID
    21 -- type : INTEGER
);
INSERT INTO PE_PE VALUES (
    "61527127-c692-4baf-8c6a-7b3bd54f8db3", -- Element_ID : UNIQUE_ID
    1, -- Visibility : INTEGER
    "b4605ab7-f9f1-4427-9a8b-300116f87fe6", -- Package_ID : UNIQUE_ID
    "00000000-0000-0000-0000-000000000000", -- Component_ID : UNIQUE_ID
    21 -- type : INTEGER
);
INSERT INTO PE_PE VALUES (
    "93daa695-5c19-4584-b8ff-aeda570a0f03", -- Element_ID : UNIQUE_ID
    1, -- Visibility : INTEGER
    "b4605ab7-f9f1-4427-9a8b-300116f87fe6", -- Package_ID : UNIQUE_ID
    "00000000-0000-0000-0000-000000000000", -- Component_ID : UNIQUE_ID
    22 -- type : INTEGER
);
INSERT INTO PE_PE VALUES (
    "b4605ab7-f9f1-4427-9a8b-300116f87fe6", -- Element_ID : UNIQUE_ID
    1, -- Visibility : INTEGER
    "00000000-0000-0000-0000-000000000000", -- Package_ID : UNIQUE_ID
    "00000000-0000-0000-0000-000000000000", -- Component_ID : UNIQUE_ID
    7 -- type : INTEGER
);
INSERT INTO SM_ACT VALUES (
    "2453e957-c72c-4ed6-a1bc-d234c403269c", -- Act_ID : UNIQUE_ID
    "7b5f90bd-656f-4bc9-83bf-771ed45973b0", -- SM_ID : UNIQUE_ID
    1, -- Suc_Pars : INTEGER
    '//Waiting for employee to commence

', -- Action_Semantics_internal : STRING
    '', -- Descrip : STRING
    0 -- Dialect : INTEGER
);
INSERT INTO SM_ACT VALUES (
    "afb84c0b-8b92-481f-b009-4ac610325ad2", -- Act_ID : UNIQUE_ID
    "7b5f90bd-656f-4bc9-83bf-771ed45973b0", -- SM_ID : UNIQUE_ID
    1, -- Suc_Pars : INTEGER
    '//add commencing date of a new employee
Start_Date = TIM::current_date(); //rcvd_evt.date;
LOG::LogInfo( message:"New employee has commenced" );

//LOG::LogInfo( message:"New employee has commenced");

', -- Action_Semantics_internal : STRING
    '', -- Descrip : STRING
    0 -- Dialect : INTEGER
);
INSERT INTO SM_ACT VALUES (
    "becd648f-4aa1-43ca-9b3a-d3fc35c0fd00", -- Act_ID : UNIQUE_ID
    "7b5f90bd-656f-4bc9-83bf-771ed45973b0", -- SM_ID : UNIQUE_ID
    3, -- Suc_Pars : INTEGER
    '', -- Action_Semantics_internal : STRING
    '', -- Descrip : STRING
    0 -- Dialect : INTEGER
);
INSERT INTO SM_AH VALUES (
    "2453e957-c72c-4ed6-a1bc-d234c403269c", -- Act_ID : UNIQUE_ID
    "7b5f90bd-656f-4bc9-83bf-771ed45973b0" -- SM_ID : UNIQUE_ID
);
INSERT INTO SM_AH VALUES (
    "afb84c0b-8b92-481f-b009-4ac610325ad2", -- Act_ID : UNIQUE_ID
    "7b5f90bd-656f-4bc9-83bf-771ed45973b0" -- SM_ID : UNIQUE_ID
);
INSERT INTO SM_AH VALUES (
    "becd648f-4aa1-43ca-9b3a-d3fc35c0fd00", -- Act_ID : UNIQUE_ID
    "7b5f90bd-656f-4bc9-83bf-771ed45973b0" -- SM_ID : UNIQUE_ID
);
INSERT INTO SM_CH VALUES (
    "d5537fcc-bc55-4cfb-8675-25a46ab91a01", -- SMstt_ID : UNIQUE_ID
    "291931bf-a34c-4717-94e5-c19b2a6bb5d3", -- SMevt_ID : UNIQUE_ID
    "7b5f90bd-656f-4bc9-83bf-771ed45973b0", -- SM_ID : UNIQUE_ID
    "00000000-0000-0000-0000-000000000000", -- SMspd_ID : UNIQUE_ID
    '' -- Descrip : STRING
);
INSERT INTO SM_CH VALUES (
    "7c656ab4-0ad9-4212-b7de-2ffb50ca75b4", -- SMstt_ID : UNIQUE_ID
    "291931bf-a34c-4717-94e5-c19b2a6bb5d3", -- SMevt_ID : UNIQUE_ID
    "7b5f90bd-656f-4bc9-83bf-771ed45973b0", -- SM_ID : UNIQUE_ID
    "00000000-0000-0000-0000-000000000000", -- SMspd_ID : UNIQUE_ID
    '' -- Descrip : STRING
);
INSERT INTO SM_CH VALUES (
    "7c656ab4-0ad9-4212-b7de-2ffb50ca75b4", -- SMstt_ID : UNIQUE_ID
    "4399bed0-4e99-4616-aa45-eb724333bc35", -- SMevt_ID : UNIQUE_ID
    "7b5f90bd-656f-4bc9-83bf-771ed45973b0", -- SM_ID : UNIQUE_ID
    "00000000-0000-0000-0000-000000000000", -- SMspd_ID : UNIQUE_ID
    '' -- Descrip : STRING
);
INSERT INTO SM_EVT VALUES (
    "291931bf-a34c-4717-94e5-c19b2a6bb5d3", -- SMevt_ID : UNIQUE_ID
    "7b5f90bd-656f-4bc9-83bf-771ed45973b0", -- SM_ID : UNIQUE_ID
    "00000000-0000-0000-0000-000000000000", -- SMspd_ID : UNIQUE_ID
    1, -- Numb : INTEGER
    'employeeUpdateRcvd', -- Mning : STRING
    0, -- Is_Lbl_U : INTEGER
    '', -- Unq_Lbl : STRING
    'Employee1', -- Drv_Lbl : STRING
    '' -- Descrip : STRING
);
INSERT INTO SM_EVT VALUES (
    "4399bed0-4e99-4616-aa45-eb724333bc35", -- SMevt_ID : UNIQUE_ID
    "7b5f90bd-656f-4bc9-83bf-771ed45973b0", -- SM_ID : UNIQUE_ID
    "00000000-0000-0000-0000-000000000000", -- SMspd_ID : UNIQUE_ID
    2, -- Numb : INTEGER
    'commencedRcvd', -- Mning : STRING
    0, -- Is_Lbl_U : INTEGER
    '', -- Unq_Lbl : STRING
    'Employee2', -- Drv_Lbl : STRING
    '' -- Descrip : STRING
);
INSERT INTO SM_EVTDI VALUES (
    "1b4a66b0-5c23-4de8-9ae7-736c9f81c8b5", -- SMedi_ID : UNIQUE_ID
    "7b5f90bd-656f-4bc9-83bf-771ed45973b0", -- SM_ID : UNIQUE_ID
    'FName', -- Name : STRING
    '', -- Descrip : STRING
    "ba5eda7a-def5-0000-0000-000000000004", -- DT_ID : UNIQUE_ID
    '', -- Dimensions : STRING
    "291931bf-a34c-4717-94e5-c19b2a6bb5d3", -- SMevt_ID : UNIQUE_ID
    "00000000-0000-0000-0000-000000000000" -- Previous_SMedi_ID : UNIQUE_ID
);
INSERT INTO SM_EVTDI VALUES (
    "ae225fc1-9a11-41aa-8f79-514a33c9ec6a", -- SMedi_ID : UNIQUE_ID
    "7b5f90bd-656f-4bc9-83bf-771ed45973b0", -- SM_ID : UNIQUE_ID
    'LName', -- Name : STRING
    '', -- Descrip : STRING
    "ba5eda7a-def5-0000-0000-000000000004", -- DT_ID : UNIQUE_ID
    '', -- Dimensions : STRING
    "291931bf-a34c-4717-94e5-c19b2a6bb5d3", -- SMevt_ID : UNIQUE_ID
    "1b4a66b0-5c23-4de8-9ae7-736c9f81c8b5" -- Previous_SMedi_ID : UNIQUE_ID
);
INSERT INTO SM_ISM VALUES (
    "7b5f90bd-656f-4bc9-83bf-771ed45973b0", -- SM_ID : UNIQUE_ID
    "d8528470-976c-421b-a087-1201ac24302f" -- Obj_ID : UNIQUE_ID
);
INSERT INTO SM_LEVT VALUES (
    "291931bf-a34c-4717-94e5-c19b2a6bb5d3", -- SMevt_ID : UNIQUE_ID
    "7b5f90bd-656f-4bc9-83bf-771ed45973b0", -- SM_ID : UNIQUE_ID
    "00000000-0000-0000-0000-000000000000" -- SMspd_ID : UNIQUE_ID
);
INSERT INTO SM_LEVT VALUES (
    "4399bed0-4e99-4616-aa45-eb724333bc35", -- SMevt_ID : UNIQUE_ID
    "7b5f90bd-656f-4bc9-83bf-771ed45973b0", -- SM_ID : UNIQUE_ID
    "00000000-0000-0000-0000-000000000000" -- SMspd_ID : UNIQUE_ID
);
INSERT INTO SM_MOAH VALUES (
    "2453e957-c72c-4ed6-a1bc-d234c403269c", -- Act_ID : UNIQUE_ID
    "7b5f90bd-656f-4bc9-83bf-771ed45973b0", -- SM_ID : UNIQUE_ID
    "d5537fcc-bc55-4cfb-8675-25a46ab91a01" -- SMstt_ID : UNIQUE_ID
);
INSERT INTO SM_MOAH VALUES (
    "afb84c0b-8b92-481f-b009-4ac610325ad2", -- Act_ID : UNIQUE_ID
    "7b5f90bd-656f-4bc9-83bf-771ed45973b0", -- SM_ID : UNIQUE_ID
    "7c656ab4-0ad9-4212-b7de-2ffb50ca75b4" -- SMstt_ID : UNIQUE_ID
);
INSERT INTO SM_MOORE VALUES (
    "7b5f90bd-656f-4bc9-83bf-771ed45973b0" -- SM_ID : UNIQUE_ID
);
INSERT INTO SM_NSTXN VALUES (
    "e2bf3f31-2233-4fb0-9b43-3748dd5ec034", -- Trans_ID : UNIQUE_ID
    "7b5f90bd-656f-4bc9-83bf-771ed45973b0", -- SM_ID : UNIQUE_ID
    "d5537fcc-bc55-4cfb-8675-25a46ab91a01", -- SMstt_ID : UNIQUE_ID
    "4399bed0-4e99-4616-aa45-eb724333bc35", -- SMevt_ID : UNIQUE_ID
    "00000000-0000-0000-0000-000000000000" -- SMspd_ID : UNIQUE_ID
);
INSERT INTO SM_SEME VALUES (
    "d5537fcc-bc55-4cfb-8675-25a46ab91a01", -- SMstt_ID : UNIQUE_ID
    "291931bf-a34c-4717-94e5-c19b2a6bb5d3", -- SMevt_ID : UNIQUE_ID
    "7b5f90bd-656f-4bc9-83bf-771ed45973b0", -- SM_ID : UNIQUE_ID
    "00000000-0000-0000-0000-000000000000" -- SMspd_ID : UNIQUE_ID
);
INSERT INTO SM_SEME VALUES (
    "d5537fcc-bc55-4cfb-8675-25a46ab91a01", -- SMstt_ID : UNIQUE_ID
    "4399bed0-4e99-4616-aa45-eb724333bc35", -- SMevt_ID : UNIQUE_ID
    "7b5f90bd-656f-4bc9-83bf-771ed45973b0", -- SM_ID : UNIQUE_ID
    "00000000-0000-0000-0000-000000000000" -- SMspd_ID : UNIQUE_ID
);
INSERT INTO SM_SEME VALUES (
    "7c656ab4-0ad9-4212-b7de-2ffb50ca75b4", -- SMstt_ID : UNIQUE_ID
    "291931bf-a34c-4717-94e5-c19b2a6bb5d3", -- SMevt_ID : UNIQUE_ID
    "7b5f90bd-656f-4bc9-83bf-771ed45973b0", -- SM_ID : UNIQUE_ID
    "00000000-0000-0000-0000-000000000000" -- SMspd_ID : UNIQUE_ID
);
INSERT INTO SM_SEME VALUES (
    "7c656ab4-0ad9-4212-b7de-2ffb50ca75b4", -- SMstt_ID : UNIQUE_ID
    "4399bed0-4e99-4616-aa45-eb724333bc35", -- SMevt_ID : UNIQUE_ID
    "7b5f90bd-656f-4bc9-83bf-771ed45973b0", -- SM_ID : UNIQUE_ID
    "00000000-0000-0000-0000-000000000000" -- SMspd_ID : UNIQUE_ID
);
INSERT INTO SM_SEVT VALUES (
    "291931bf-a34c-4717-94e5-c19b2a6bb5d3", -- SMevt_ID : UNIQUE_ID
    "7b5f90bd-656f-4bc9-83bf-771ed45973b0", -- SM_ID : UNIQUE_ID
    "00000000-0000-0000-0000-000000000000" -- SMspd_ID : UNIQUE_ID
);
INSERT INTO SM_SEVT VALUES (
    "4399bed0-4e99-4616-aa45-eb724333bc35", -- SMevt_ID : UNIQUE_ID
    "7b5f90bd-656f-4bc9-83bf-771ed45973b0", -- SM_ID : UNIQUE_ID
    "00000000-0000-0000-0000-000000000000" -- SMspd_ID : UNIQUE_ID
);
INSERT INTO SM_SM VALUES (
    "7b5f90bd-656f-4bc9-83bf-771ed45973b0", -- SM_ID : UNIQUE_ID
    '', -- Descrip : STRING
    0 -- Config_ID : INTEGER
);
INSERT INTO SM_STATE VALUES (
    "d5537fcc-bc55-4cfb-8675-25a46ab91a01", -- SMstt_ID : UNIQUE_ID
    "7b5f90bd-656f-4bc9-83bf-771ed45973b0", -- SM_ID : UNIQUE_ID
    "00000000-0000-0000-0000-000000000000", -- SMspd_ID : UNIQUE_ID
    'Recruited', -- Name : STRING
    1, -- Numb : INTEGER
    0 -- Final : INTEGER
);
INSERT INTO SM_STATE VALUES (
    "7c656ab4-0ad9-4212-b7de-2ffb50ca75b4", -- SMstt_ID : UNIQUE_ID
    "7b5f90bd-656f-4bc9-83bf-771ed45973b0", -- SM_ID : UNIQUE_ID
    "00000000-0000-0000-0000-000000000000", -- SMspd_ID : UNIQUE_ID
    'Working', -- Name : STRING
    2, -- Numb : INTEGER
    0 -- Final : INTEGER
);
INSERT INTO SM_TAH VALUES (
    "becd648f-4aa1-43ca-9b3a-d3fc35c0fd00", -- Act_ID : UNIQUE_ID
    "7b5f90bd-656f-4bc9-83bf-771ed45973b0", -- SM_ID : UNIQUE_ID
    "e2bf3f31-2233-4fb0-9b43-3748dd5ec034" -- Trans_ID : UNIQUE_ID
);
INSERT INTO SM_TXN VALUES (
    "e2bf3f31-2233-4fb0-9b43-3748dd5ec034", -- Trans_ID : UNIQUE_ID
    "7b5f90bd-656f-4bc9-83bf-771ed45973b0", -- SM_ID : UNIQUE_ID
    "7c656ab4-0ad9-4212-b7de-2ffb50ca75b4", -- SMstt_ID : UNIQUE_ID
    "00000000-0000-0000-0000-000000000000" -- SMspd_ID : UNIQUE_ID
);
INSERT INTO SPR_PEP VALUES (
    "7582ba79-c063-4631-bcbe-dde14b231908", -- Id : UNIQUE_ID
    "be4e38a9-c84b-44ce-a173-d57405caeeca", -- ExecutableProperty_Id : UNIQUE_ID
    "e211a314-f4cf-4d96-ab5d-86594500f9c9" -- Provision_Id : UNIQUE_ID
);
INSERT INTO SPR_PEP VALUES (
    "fd447b6f-5a17-4d1f-8f3d-080eeeb6d3b5", -- Id : UNIQUE_ID
    "f83ecd5c-00bd-42d1-a795-2868eba34aec", -- ExecutableProperty_Id : UNIQUE_ID
    "e211a314-f4cf-4d96-ab5d-86594500f9c9" -- Provision_Id : UNIQUE_ID
);
INSERT INTO SPR_PEP VALUES (
    "8e12193a-4915-4e0c-8044-11c6b3eaf358", -- Id : UNIQUE_ID
    "dd791a09-c8bd-4868-8174-4726cea8e2d3", -- ExecutableProperty_Id : UNIQUE_ID
    "e211a314-f4cf-4d96-ab5d-86594500f9c9" -- Provision_Id : UNIQUE_ID
);
INSERT INTO SPR_PS VALUES (
    "7582ba79-c063-4631-bcbe-dde14b231908", -- Id : UNIQUE_ID
    'New', -- Name : STRING
    '', -- Descrip : STRING
    '//If there is not match for an employee, then create a new employee.
select any employee from instances of Employee where selected.National_ID==param.National_ID;
if ( empty employee )
	//create object instance employee of Employee;
	employee.createEmployee( FName:param.FName, LName:param.LName, National_ID: param.National_ID);
	//generate Employee1:newEmployeeRcvd(FName:param.FName, LName:param.LName, National_ID:param.National_ID) to employee;
	
	UI::Reply( msg:"Employee added successfully.", state:True);
else 
	
	LOG::LogInfo(message:"Employee already exists." );
	LOG::LogInfo(message:"Updating details." );
	//employee.FName = param.FName;
	//employee.LName = param.LName;	
	//UI::Reply( msg:"Employee already exists", state:False);
end if;
', -- Action_Semantics_internal : STRING
    1, -- Suc_Pars : INTEGER
    0 -- Dialect : INTEGER
);
INSERT INTO SPR_PS VALUES (
    "fd447b6f-5a17-4d1f-8f3d-080eeeb6d3b5", -- Id : UNIQUE_ID
    'Reply', -- Name : STRING
    '', -- Descrip : STRING
    '//select many employee from instances of Employee;
//Employees emp = employee
//UI::Reply(emp);', -- Action_Semantics_internal : STRING
    1, -- Suc_Pars : INTEGER
    0 -- Dialect : INTEGER
);
INSERT INTO SPR_PS VALUES (
    "8e12193a-4915-4e0c-8044-11c6b3eaf358", -- Id : UNIQUE_ID
    'Start', -- Name : STRING
    '', -- Descrip : STRING
    '
select any employee from instances of Employee where selected.National_ID==param.National_ID;
if ( not empty employee )
	generate Employee2:commencedRcvd() to employee;
	UI::Reply( msg:"Employee has commenced ", state:True);

else 
	LOG::LogInfo(message:"Employee is not registered!" );
	UI::Reply( msg:"Employee is not found.", state:False);
end if;
', -- Action_Semantics_internal : STRING
    1, -- Suc_Pars : INTEGER
    0 -- Dialect : INTEGER
);
INSERT INTO SPR_REP VALUES (
    "4e8357dc-6003-4dae-b1c1-6f406f5216d6", -- Id : UNIQUE_ID
    "be4e38a9-c84b-44ce-a173-d57405caeeca", -- ExecutableProperty_Id : UNIQUE_ID
    "3c565891-207b-4f8f-906f-7a28c50fa9aa" -- Requirement_Id : UNIQUE_ID
);
INSERT INTO SPR_REP VALUES (
    "62adeee1-7ea3-43cd-a822-47447631b0f8", -- Id : UNIQUE_ID
    "f83ecd5c-00bd-42d1-a795-2868eba34aec", -- ExecutableProperty_Id : UNIQUE_ID
    "3c565891-207b-4f8f-906f-7a28c50fa9aa" -- Requirement_Id : UNIQUE_ID
);
INSERT INTO SPR_REP VALUES (
    "3c887575-84ca-40f7-8c2b-fb4a9c9c2d37", -- Id : UNIQUE_ID
    "dd791a09-c8bd-4868-8174-4726cea8e2d3", -- ExecutableProperty_Id : UNIQUE_ID
    "3c565891-207b-4f8f-906f-7a28c50fa9aa" -- Requirement_Id : UNIQUE_ID
);
INSERT INTO SPR_RS VALUES (
    "4e8357dc-6003-4dae-b1c1-6f406f5216d6", -- Id : UNIQUE_ID
    'New', -- Name : STRING
    '', -- Descrip : STRING
    '', -- Action_Semantics_internal : STRING
    3, -- Suc_Pars : INTEGER
    0 -- Dialect : INTEGER
);
INSERT INTO SPR_RS VALUES (
    "62adeee1-7ea3-43cd-a822-47447631b0f8", -- Id : UNIQUE_ID
    'Reply', -- Name : STRING
    '', -- Descrip : STRING
    '', -- Action_Semantics_internal : STRING
    3, -- Suc_Pars : INTEGER
    0 -- Dialect : INTEGER
);
INSERT INTO SPR_RS VALUES (
    "3c887575-84ca-40f7-8c2b-fb4a9c9c2d37", -- Id : UNIQUE_ID
    'Start', -- Name : STRING
    '', -- Descrip : STRING
    '', -- Action_Semantics_internal : STRING
    3, -- Suc_Pars : INTEGER
    0 -- Dialect : INTEGER
);
INSERT INTO S_BPARM VALUES (
    "e9c68522-20fa-4445-ab22-2abf9f8db971", -- BParm_ID : UNIQUE_ID
    "b34ec664-6dea-44bc-afbf-69645da52f0a", -- Brg_ID : UNIQUE_ID
    'd', -- Name : STRING
    "ba5eda7a-def5-0000-0000-00000000000e", -- DT_ID : UNIQUE_ID
    0, -- By_Ref : INTEGER
    '', -- Dimensions : STRING
    "00000000-0000-0000-0000-000000000000", -- Previous_BParm_ID : UNIQUE_ID
    '' -- Descrip : STRING
);
INSERT INTO S_BPARM VALUES (
    "0096da0d-b18b-4532-a1f3-6ca86fa459d2", -- BParm_ID : UNIQUE_ID
    "b34ec664-6dea-44bc-afbf-69645da52f0a", -- Brg_ID : UNIQUE_ID
    'message', -- Name : STRING
    "ba5eda7a-def5-0000-0000-000000000004", -- DT_ID : UNIQUE_ID
    0, -- By_Ref : INTEGER
    '', -- Dimensions : STRING
    "e9c68522-20fa-4445-ab22-2abf9f8db971", -- Previous_BParm_ID : UNIQUE_ID
    '' -- Descrip : STRING
);
INSERT INTO S_BPARM VALUES (
    "75ebdabf-e4e2-4133-8c3d-0e33be4c1f80", -- BParm_ID : UNIQUE_ID
    "2dcf3e84-1208-4e7f-a70c-a54d15f1ce77", -- Brg_ID : UNIQUE_ID
    'message', -- Name : STRING
    "ba5eda7a-def5-0000-0000-000000000004", -- DT_ID : UNIQUE_ID
    0, -- By_Ref : INTEGER
    '', -- Dimensions : STRING
    "00000000-0000-0000-0000-000000000000", -- Previous_BParm_ID : UNIQUE_ID
    '' -- Descrip : STRING
);
INSERT INTO S_BPARM VALUES (
    "b63b67af-56f4-4ea0-a7e4-10a0759fc2b9", -- BParm_ID : UNIQUE_ID
    "af615ef3-56dd-40b1-be6b-27e07023a829", -- Brg_ID : UNIQUE_ID
    'message', -- Name : STRING
    "ba5eda7a-def5-0000-0000-000000000004", -- DT_ID : UNIQUE_ID
    0, -- By_Ref : INTEGER
    '', -- Dimensions : STRING
    "00000000-0000-0000-0000-000000000000", -- Previous_BParm_ID : UNIQUE_ID
    '' -- Descrip : STRING
);
INSERT INTO S_BPARM VALUES (
    "ccdb7d2a-319c-4887-b31e-89e920b236fe", -- BParm_ID : UNIQUE_ID
    "474dc6f1-f8eb-4a43-8ae9-fd7ec3f494ce", -- Brg_ID : UNIQUE_ID
    'message', -- Name : STRING
    "ba5eda7a-def5-0000-0000-000000000002", -- DT_ID : UNIQUE_ID
    0, -- By_Ref : INTEGER
    '', -- Dimensions : STRING
    "00000000-0000-0000-0000-000000000000", -- Previous_BParm_ID : UNIQUE_ID
    '' -- Descrip : STRING
);
INSERT INTO S_BPARM VALUES (
    "dcd130d4-ee17-4be5-8b7e-6d847c7b3b19", -- BParm_ID : UNIQUE_ID
    "a9e838fb-4772-4822-aee6-57f775da6967", -- Brg_ID : UNIQUE_ID
    'r', -- Name : STRING
    "ba5eda7a-def5-0000-0000-000000000003", -- DT_ID : UNIQUE_ID
    0, -- By_Ref : INTEGER
    '', -- Dimensions : STRING
    "c0551359-a1b0-4e13-bde0-184892639b14", -- Previous_BParm_ID : UNIQUE_ID
    '' -- Descrip : STRING
);
INSERT INTO S_BPARM VALUES (
    "c0551359-a1b0-4e13-bde0-184892639b14", -- BParm_ID : UNIQUE_ID
    "a9e838fb-4772-4822-aee6-57f775da6967", -- Brg_ID : UNIQUE_ID
    'message', -- Name : STRING
    "ba5eda7a-def5-0000-0000-000000000004", -- DT_ID : UNIQUE_ID
    0, -- By_Ref : INTEGER
    '', -- Dimensions : STRING
    "00000000-0000-0000-0000-000000000000", -- Previous_BParm_ID : UNIQUE_ID
    '' -- Descrip : STRING
);
INSERT INTO S_BPARM VALUES (
    "062ab47d-832f-4c30-b495-e7e88749b61a", -- BParm_ID : UNIQUE_ID
    "c56d3597-5a54-4d78-8914-2dc2594c2af4", -- Brg_ID : UNIQUE_ID
    'message', -- Name : STRING
    "ba5eda7a-def5-0000-0000-000000000004", -- DT_ID : UNIQUE_ID
    0, -- By_Ref : INTEGER
    '', -- Dimensions : STRING
    "00000000-0000-0000-0000-000000000000", -- Previous_BParm_ID : UNIQUE_ID
    '' -- Descrip : STRING
);
INSERT INTO S_BPARM VALUES (
    "ddef5865-5c6c-48d0-ad1c-0ff53abaa403", -- BParm_ID : UNIQUE_ID
    "77300edb-b891-4e35-858b-9e8cb6437f19", -- Brg_ID : UNIQUE_ID
    't', -- Name : STRING
    "ba5eda7a-def5-0000-0000-000000000010", -- DT_ID : UNIQUE_ID
    0, -- By_Ref : INTEGER
    '', -- Dimensions : STRING
    "fa21667d-7b40-4f1e-8f18-bf2482852c21", -- Previous_BParm_ID : UNIQUE_ID
    '' -- Descrip : STRING
);
INSERT INTO S_BPARM VALUES (
    "fa21667d-7b40-4f1e-8f18-bf2482852c21", -- BParm_ID : UNIQUE_ID
    "77300edb-b891-4e35-858b-9e8cb6437f19", -- Brg_ID : UNIQUE_ID
    'message', -- Name : STRING
    "ba5eda7a-def5-0000-0000-000000000004", -- DT_ID : UNIQUE_ID
    0, -- By_Ref : INTEGER
    '', -- Dimensions : STRING
    "00000000-0000-0000-0000-000000000000", -- Previous_BParm_ID : UNIQUE_ID
    '' -- Descrip : STRING
);
INSERT INTO S_BPARM VALUES (
    "2ff84885-d9d8-4403-82b1-cf68d9f4c2ff", -- BParm_ID : UNIQUE_ID
    "e6bddfad-112a-4e3d-983c-17cf660f6a1d", -- Brg_ID : UNIQUE_ID
    'second', -- Name : STRING
    "ba5eda7a-def5-0000-0000-000000000002", -- DT_ID : UNIQUE_ID
    0, -- By_Ref : INTEGER
    '', -- Dimensions : STRING
    "b618c824-214f-496d-9f10-3fd50db9e512", -- Previous_BParm_ID : UNIQUE_ID
    '' -- Descrip : STRING
);
INSERT INTO S_BPARM VALUES (
    "b618c824-214f-496d-9f10-3fd50db9e512", -- BParm_ID : UNIQUE_ID
    "e6bddfad-112a-4e3d-983c-17cf660f6a1d", -- Brg_ID : UNIQUE_ID
    'minute', -- Name : STRING
    "ba5eda7a-def5-0000-0000-000000000002", -- DT_ID : UNIQUE_ID
    0, -- By_Ref : INTEGER
    '', -- Dimensions : STRING
    "aa1100ee-c7e5-4ecb-b21a-a458b9395f0f", -- Previous_BParm_ID : UNIQUE_ID
    '' -- Descrip : STRING
);
INSERT INTO S_BPARM VALUES (
    "aa1100ee-c7e5-4ecb-b21a-a458b9395f0f", -- BParm_ID : UNIQUE_ID
    "e6bddfad-112a-4e3d-983c-17cf660f6a1d", -- Brg_ID : UNIQUE_ID
    'hour', -- Name : STRING
    "ba5eda7a-def5-0000-0000-000000000002", -- DT_ID : UNIQUE_ID
    0, -- By_Ref : INTEGER
    '', -- Dimensions : STRING
    "076564bb-aa4b-45d4-a897-765cb7a7623d", -- Previous_BParm_ID : UNIQUE_ID
    '' -- Descrip : STRING
);
INSERT INTO S_BPARM VALUES (
    "076564bb-aa4b-45d4-a897-765cb7a7623d", -- BParm_ID : UNIQUE_ID
    "e6bddfad-112a-4e3d-983c-17cf660f6a1d", -- Brg_ID : UNIQUE_ID
    'day', -- Name : STRING
    "ba5eda7a-def5-0000-0000-000000000002", -- DT_ID : UNIQUE_ID
    0, -- By_Ref : INTEGER
    '', -- Dimensions : STRING
    "a8dc93e1-f7e2-4b96-ba42-d464e71e81dd", -- Previous_BParm_ID : UNIQUE_ID
    '' -- Descrip : STRING
);
INSERT INTO S_BPARM VALUES (
    "a8dc93e1-f7e2-4b96-ba42-d464e71e81dd", -- BParm_ID : UNIQUE_ID
    "e6bddfad-112a-4e3d-983c-17cf660f6a1d", -- Brg_ID : UNIQUE_ID
    'month', -- Name : STRING
    "ba5eda7a-def5-0000-0000-000000000002", -- DT_ID : UNIQUE_ID
    0, -- By_Ref : INTEGER
    '', -- Dimensions : STRING
    "bd9cb1eb-612c-4cf4-a5aa-5ba7f8820cc3", -- Previous_BParm_ID : UNIQUE_ID
    '' -- Descrip : STRING
);
INSERT INTO S_BPARM VALUES (
    "bd9cb1eb-612c-4cf4-a5aa-5ba7f8820cc3", -- BParm_ID : UNIQUE_ID
    "e6bddfad-112a-4e3d-983c-17cf660f6a1d", -- Brg_ID : UNIQUE_ID
    'year', -- Name : STRING
    "ba5eda7a-def5-0000-0000-000000000002", -- DT_ID : UNIQUE_ID
    0, -- By_Ref : INTEGER
    '', -- Dimensions : STRING
    "00000000-0000-0000-0000-000000000000", -- Previous_BParm_ID : UNIQUE_ID
    '' -- Descrip : STRING
);
INSERT INTO S_BPARM VALUES (
    "7521082d-9202-4338-9c55-6857f6eab728", -- BParm_ID : UNIQUE_ID
    "38a0bf36-f1fa-46ff-9ac5-30980dbf9ba0", -- Brg_ID : UNIQUE_ID
    'date', -- Name : STRING
    "ba5eda7a-def5-0000-0000-00000000000e", -- DT_ID : UNIQUE_ID
    0, -- By_Ref : INTEGER
    '', -- Dimensions : STRING
    "00000000-0000-0000-0000-000000000000", -- Previous_BParm_ID : UNIQUE_ID
    '' -- Descrip : STRING
);
INSERT INTO S_BPARM VALUES (
    "ec9a6f91-6a94-401e-a679-35130105b5ea", -- BParm_ID : UNIQUE_ID
    "2052aeb8-71a4-49e3-864d-b678d3906bed", -- Brg_ID : UNIQUE_ID
    'date', -- Name : STRING
    "ba5eda7a-def5-0000-0000-00000000000e", -- DT_ID : UNIQUE_ID
    0, -- By_Ref : INTEGER
    '', -- Dimensions : STRING
    "00000000-0000-0000-0000-000000000000", -- Previous_BParm_ID : UNIQUE_ID
    '' -- Descrip : STRING
);
INSERT INTO S_BPARM VALUES (
    "84d75bad-1e52-43aa-aa26-ca21bbf0a968", -- BParm_ID : UNIQUE_ID
    "ffe9b4a1-cf2d-46b7-9789-be3f258319ec", -- Brg_ID : UNIQUE_ID
    'date', -- Name : STRING
    "ba5eda7a-def5-0000-0000-00000000000e", -- DT_ID : UNIQUE_ID
    0, -- By_Ref : INTEGER
    '', -- Dimensions : STRING
    "00000000-0000-0000-0000-000000000000", -- Previous_BParm_ID : UNIQUE_ID
    '' -- Descrip : STRING
);
INSERT INTO S_BPARM VALUES (
    "4a4ba548-f47c-486b-8ef0-77ed20e6a45e", -- BParm_ID : UNIQUE_ID
    "cccf7316-ec6f-4823-ade0-eaab3e2435fc", -- Brg_ID : UNIQUE_ID
    'date', -- Name : STRING
    "ba5eda7a-def5-0000-0000-00000000000e", -- DT_ID : UNIQUE_ID
    0, -- By_Ref : INTEGER
    '', -- Dimensions : STRING
    "00000000-0000-0000-0000-000000000000", -- Previous_BParm_ID : UNIQUE_ID
    '' -- Descrip : STRING
);
INSERT INTO S_BPARM VALUES (
    "d40816f7-b76c-427b-b6d7-446d20d03ee3", -- BParm_ID : UNIQUE_ID
    "e4d7890a-c0ba-4e92-bb75-a89f7a1deb89", -- Brg_ID : UNIQUE_ID
    'date', -- Name : STRING
    "ba5eda7a-def5-0000-0000-00000000000e", -- DT_ID : UNIQUE_ID
    0, -- By_Ref : INTEGER
    '', -- Dimensions : STRING
    "00000000-0000-0000-0000-000000000000", -- Previous_BParm_ID : UNIQUE_ID
    '' -- Descrip : STRING
);
INSERT INTO S_BPARM VALUES (
    "5b29a6f6-08a1-4ddf-9107-136a053c0933", -- BParm_ID : UNIQUE_ID
    "cd04774e-daca-4924-8bf8-26acb2101a9a", -- Brg_ID : UNIQUE_ID
    'date', -- Name : STRING
    "ba5eda7a-def5-0000-0000-00000000000e", -- DT_ID : UNIQUE_ID
    0, -- By_Ref : INTEGER
    '', -- Dimensions : STRING
    "00000000-0000-0000-0000-000000000000", -- Previous_BParm_ID : UNIQUE_ID
    '' -- Descrip : STRING
);
INSERT INTO S_BPARM VALUES (
    "eebfd799-31fd-4ce8-a08a-9724a263b762", -- BParm_ID : UNIQUE_ID
    "0b4c485f-017d-40b6-9a7e-57fda5776da4", -- Brg_ID : UNIQUE_ID
    'microseconds', -- Name : STRING
    "ba5eda7a-def5-0000-0000-000000000002", -- DT_ID : UNIQUE_ID
    0, -- By_Ref : INTEGER
    '', -- Dimensions : STRING
    "9b715479-d702-47cb-8122-8620dc4ed902", -- Previous_BParm_ID : UNIQUE_ID
    '' -- Descrip : STRING
);
INSERT INTO S_BPARM VALUES (
    "9b715479-d702-47cb-8122-8620dc4ed902", -- BParm_ID : UNIQUE_ID
    "0b4c485f-017d-40b6-9a7e-57fda5776da4", -- Brg_ID : UNIQUE_ID
    'event_inst', -- Name : STRING
    "ba5eda7a-def5-0000-0000-00000000000a", -- DT_ID : UNIQUE_ID
    0, -- By_Ref : INTEGER
    '', -- Dimensions : STRING
    "00000000-0000-0000-0000-000000000000", -- Previous_BParm_ID : UNIQUE_ID
    '' -- Descrip : STRING
);
INSERT INTO S_BPARM VALUES (
    "f837dc1f-51c1-4f10-8f70-894551d66b04", -- BParm_ID : UNIQUE_ID
    "16322409-ab18-4a8a-8189-42924b6ad4c7", -- Brg_ID : UNIQUE_ID
    'microseconds', -- Name : STRING
    "ba5eda7a-def5-0000-0000-000000000002", -- DT_ID : UNIQUE_ID
    0, -- By_Ref : INTEGER
    '', -- Dimensions : STRING
    "d4bcf76d-bce4-4c9a-9fe9-5fd26309ed9a", -- Previous_BParm_ID : UNIQUE_ID
    '' -- Descrip : STRING
);
INSERT INTO S_BPARM VALUES (
    "d4bcf76d-bce4-4c9a-9fe9-5fd26309ed9a", -- BParm_ID : UNIQUE_ID
    "16322409-ab18-4a8a-8189-42924b6ad4c7", -- Brg_ID : UNIQUE_ID
    'event_inst', -- Name : STRING
    "ba5eda7a-def5-0000-0000-00000000000a", -- DT_ID : UNIQUE_ID
    0, -- By_Ref : INTEGER
    '', -- Dimensions : STRING
    "00000000-0000-0000-0000-000000000000", -- Previous_BParm_ID : UNIQUE_ID
    '' -- Descrip : STRING
);
INSERT INTO S_BPARM VALUES (
    "2acf22f9-c00d-4469-9fad-399b127eee5b", -- BParm_ID : UNIQUE_ID
    "724d498a-672c-4565-ade3-ad23463f9c4e", -- Brg_ID : UNIQUE_ID
    'timer_inst_ref', -- Name : STRING
    "ba5eda7a-def5-0000-0000-00000000000f", -- DT_ID : UNIQUE_ID
    0, -- By_Ref : INTEGER
    '', -- Dimensions : STRING
    "00000000-0000-0000-0000-000000000000", -- Previous_BParm_ID : UNIQUE_ID
    '' -- Descrip : STRING
);
INSERT INTO S_BPARM VALUES (
    "8c3b610d-cb43-431e-a887-f93a904a8d13", -- BParm_ID : UNIQUE_ID
    "587a5601-85c2-4712-9523-edb532578dab", -- Brg_ID : UNIQUE_ID
    'timer_inst_ref', -- Name : STRING
    "ba5eda7a-def5-0000-0000-00000000000f", -- DT_ID : UNIQUE_ID
    0, -- By_Ref : INTEGER
    '', -- Dimensions : STRING
    "f3102f1e-34e8-4504-bb2c-986aecdb906d", -- Previous_BParm_ID : UNIQUE_ID
    '' -- Descrip : STRING
);
INSERT INTO S_BPARM VALUES (
    "f3102f1e-34e8-4504-bb2c-986aecdb906d", -- BParm_ID : UNIQUE_ID
    "587a5601-85c2-4712-9523-edb532578dab", -- Brg_ID : UNIQUE_ID
    'microseconds', -- Name : STRING
    "ba5eda7a-def5-0000-0000-000000000002", -- DT_ID : UNIQUE_ID
    0, -- By_Ref : INTEGER
    '', -- Dimensions : STRING
    "00000000-0000-0000-0000-000000000000", -- Previous_BParm_ID : UNIQUE_ID
    '' -- Descrip : STRING
);
INSERT INTO S_BPARM VALUES (
    "468de39e-d4fc-4f30-accf-11eb27171171", -- BParm_ID : UNIQUE_ID
    "a160d621-7f28-44ee-b4d9-59b10ef2e404", -- Brg_ID : UNIQUE_ID
    'timer_inst_ref', -- Name : STRING
    "ba5eda7a-def5-0000-0000-00000000000f", -- DT_ID : UNIQUE_ID
    0, -- By_Ref : INTEGER
    '', -- Dimensions : STRING
    "d464f0b4-214d-40d1-87b3-f836b218ccaf", -- Previous_BParm_ID : UNIQUE_ID
    '' -- Descrip : STRING
);
INSERT INTO S_BPARM VALUES (
    "d464f0b4-214d-40d1-87b3-f836b218ccaf", -- BParm_ID : UNIQUE_ID
    "a160d621-7f28-44ee-b4d9-59b10ef2e404", -- Brg_ID : UNIQUE_ID
    'microseconds', -- Name : STRING
    "ba5eda7a-def5-0000-0000-000000000002", -- DT_ID : UNIQUE_ID
    0, -- By_Ref : INTEGER
    '', -- Dimensions : STRING
    "00000000-0000-0000-0000-000000000000", -- Previous_BParm_ID : UNIQUE_ID
    '' -- Descrip : STRING
);
INSERT INTO S_BPARM VALUES (
    "e74eb78d-a2ce-4224-bdad-cc900e1a843b", -- BParm_ID : UNIQUE_ID
    "b2f303f5-6e95-4731-a762-be0c0eb02ca7", -- Brg_ID : UNIQUE_ID
    'timer_inst_ref', -- Name : STRING
    "ba5eda7a-def5-0000-0000-00000000000f", -- DT_ID : UNIQUE_ID
    0, -- By_Ref : INTEGER
    '', -- Dimensions : STRING
    "00000000-0000-0000-0000-000000000000", -- Previous_BParm_ID : UNIQUE_ID
    '' -- Descrip : STRING
);
INSERT INTO S_BPARM VALUES (
    "c6e934fc-2ef0-40c1-a16c-0a06a0277880", -- BParm_ID : UNIQUE_ID
    "4c84eeef-580a-44c0-99a3-07b6a73452d7", -- Brg_ID : UNIQUE_ID
    'name', -- Name : STRING
    "ba5eda7a-def5-0000-0000-000000000004", -- DT_ID : UNIQUE_ID
    0, -- By_Ref : INTEGER
    '', -- Dimensions : STRING
    "00000000-0000-0000-0000-000000000000", -- Previous_BParm_ID : UNIQUE_ID
    '' -- Descrip : STRING
);
INSERT INTO S_BPARM VALUES (
    "aa97ca18-dd08-4372-a172-5fea79e99363", -- BParm_ID : UNIQUE_ID
    "4c84eeef-580a-44c0-99a3-07b6a73452d7", -- Brg_ID : UNIQUE_ID
    'usage', -- Name : STRING
    "ba5eda7a-def5-0000-0000-000000000004", -- DT_ID : UNIQUE_ID
    0, -- By_Ref : INTEGER
    '', -- Dimensions : STRING
    "c6e934fc-2ef0-40c1-a16c-0a06a0277880", -- Previous_BParm_ID : UNIQUE_ID
    '' -- Descrip : STRING
);
INSERT INTO S_BPARM VALUES (
    "fe6e347e-148c-41b0-93d2-103cb5b039c7", -- BParm_ID : UNIQUE_ID
    "552205ca-aa70-45be-9f6c-fed75e322243", -- Brg_ID : UNIQUE_ID
    'name', -- Name : STRING
    "ba5eda7a-def5-0000-0000-000000000004", -- DT_ID : UNIQUE_ID
    0, -- By_Ref : INTEGER
    '', -- Dimensions : STRING
    "00000000-0000-0000-0000-000000000000", -- Previous_BParm_ID : UNIQUE_ID
    '' -- Descrip : STRING
);
INSERT INTO S_BPARM VALUES (
    "aeafcd39-100f-4510-b577-b492a87341b4", -- BParm_ID : UNIQUE_ID
    "552205ca-aa70-45be-9f6c-fed75e322243", -- Brg_ID : UNIQUE_ID
    'usage', -- Name : STRING
    "ba5eda7a-def5-0000-0000-000000000004", -- DT_ID : UNIQUE_ID
    0, -- By_Ref : INTEGER
    '', -- Dimensions : STRING
    "de67d99a-f018-4c57-8c77-ae04092276d5", -- Previous_BParm_ID : UNIQUE_ID
    '' -- Descrip : STRING
);
INSERT INTO S_BPARM VALUES (
    "1116bbba-a679-4051-9499-b6b084b1ce4b", -- BParm_ID : UNIQUE_ID
    "552205ca-aa70-45be-9f6c-fed75e322243", -- Brg_ID : UNIQUE_ID
    'default_value', -- Name : STRING
    "ba5eda7a-def5-0000-0000-000000000004", -- DT_ID : UNIQUE_ID
    0, -- By_Ref : INTEGER
    '', -- Dimensions : STRING
    "aeafcd39-100f-4510-b577-b492a87341b4", -- Previous_BParm_ID : UNIQUE_ID
    '' -- Descrip : STRING
);
INSERT INTO S_BPARM VALUES (
    "de67d99a-f018-4c57-8c77-ae04092276d5", -- BParm_ID : UNIQUE_ID
    "552205ca-aa70-45be-9f6c-fed75e322243", -- Brg_ID : UNIQUE_ID
    'value_name', -- Name : STRING
    "ba5eda7a-def5-0000-0000-000000000004", -- DT_ID : UNIQUE_ID
    0, -- By_Ref : INTEGER
    '', -- Dimensions : STRING
    "fe6e347e-148c-41b0-93d2-103cb5b039c7", -- Previous_BParm_ID : UNIQUE_ID
    '' -- Descrip : STRING
);
INSERT INTO S_BPARM VALUES (
    "c0949355-b740-4feb-9f33-245a8ef01d3f", -- BParm_ID : UNIQUE_ID
    "552205ca-aa70-45be-9f6c-fed75e322243", -- Brg_ID : UNIQUE_ID
    'required', -- Name : STRING
    "ba5eda7a-def5-0000-0000-000000000001", -- DT_ID : UNIQUE_ID
    0, -- By_Ref : INTEGER
    '', -- Dimensions : STRING
    "1116bbba-a679-4051-9499-b6b084b1ce4b", -- Previous_BParm_ID : UNIQUE_ID
    '' -- Descrip : STRING
);
INSERT INTO S_BPARM VALUES (
    "0b5faa27-1c3c-451f-8cde-e5556fa72e6f", -- BParm_ID : UNIQUE_ID
    "e14dac49-6263-450c-a836-b0d18eb918ce", -- Brg_ID : UNIQUE_ID
    'name', -- Name : STRING
    "ba5eda7a-def5-0000-0000-000000000004", -- DT_ID : UNIQUE_ID
    0, -- By_Ref : INTEGER
    '', -- Dimensions : STRING
    "00000000-0000-0000-0000-000000000000", -- Previous_BParm_ID : UNIQUE_ID
    '' -- Descrip : STRING
);
INSERT INTO S_BPARM VALUES (
    "4c7c1c7f-d782-47de-94dc-8c16a0605a70", -- BParm_ID : UNIQUE_ID
    "48b8f9dc-e8f2-41f2-9b8e-d6b671643328", -- Brg_ID : UNIQUE_ID
    'name', -- Name : STRING
    "ba5eda7a-def5-0000-0000-000000000004", -- DT_ID : UNIQUE_ID
    0, -- By_Ref : INTEGER
    '', -- Dimensions : STRING
    "00000000-0000-0000-0000-000000000000", -- Previous_BParm_ID : UNIQUE_ID
    '' -- Descrip : STRING
);
INSERT INTO S_BPARM VALUES (
    "37ef52bb-354f-4080-951f-232d57d97550", -- BParm_ID : UNIQUE_ID
    "1f23e627-377e-4168-a4a2-bda0a5ec42eb", -- Brg_ID : UNIQUE_ID
    'i', -- Name : STRING
    "ba5eda7a-def5-0000-0000-000000000002", -- DT_ID : UNIQUE_ID
    0, -- By_Ref : INTEGER
    '', -- Dimensions : STRING
    "00000000-0000-0000-0000-000000000000", -- Previous_BParm_ID : UNIQUE_ID
    '' -- Descrip : STRING
);
INSERT INTO S_BPARM VALUES (
    "dcf08dfe-7a14-4dff-9610-adce1f97728c", -- BParm_ID : UNIQUE_ID
    "5f3c759c-6b7b-4ee8-8e47-370fb4a90427", -- Brg_ID : UNIQUE_ID
    's', -- Name : STRING
    "ba5eda7a-def5-0000-0000-000000000004", -- DT_ID : UNIQUE_ID
    0, -- By_Ref : INTEGER
    '', -- Dimensions : STRING
    "00000000-0000-0000-0000-000000000000", -- Previous_BParm_ID : UNIQUE_ID
    '' -- Descrip : STRING
);
INSERT INTO S_BPARM VALUES (
    "4d7b8f22-8059-47ca-a987-bb57179f7901", -- BParm_ID : UNIQUE_ID
    "89d596ad-2792-4523-b93e-7f73d50eaa81", -- Brg_ID : UNIQUE_ID
    's', -- Name : STRING
    "ba5eda7a-def5-0000-0000-000000000004", -- DT_ID : UNIQUE_ID
    0, -- By_Ref : INTEGER
    '', -- Dimensions : STRING
    "00000000-0000-0000-0000-000000000000", -- Previous_BParm_ID : UNIQUE_ID
    '' -- Descrip : STRING
);
INSERT INTO S_BPARM VALUES (
    "5672b300-8883-407f-b671-9972b79679ef", -- BParm_ID : UNIQUE_ID
    "89d596ad-2792-4523-b93e-7f73d50eaa81", -- Brg_ID : UNIQUE_ID
    'begin', -- Name : STRING
    "ba5eda7a-def5-0000-0000-000000000002", -- DT_ID : UNIQUE_ID
    0, -- By_Ref : INTEGER
    '', -- Dimensions : STRING
    "4d7b8f22-8059-47ca-a987-bb57179f7901", -- Previous_BParm_ID : UNIQUE_ID
    '' -- Descrip : STRING
);
INSERT INTO S_BPARM VALUES (
    "4d74bbb3-4555-4bb8-b43d-9c505332a21d", -- BParm_ID : UNIQUE_ID
    "89d596ad-2792-4523-b93e-7f73d50eaa81", -- Brg_ID : UNIQUE_ID
    'end', -- Name : STRING
    "ba5eda7a-def5-0000-0000-000000000002", -- DT_ID : UNIQUE_ID
    0, -- By_Ref : INTEGER
    '', -- Dimensions : STRING
    "5672b300-8883-407f-b671-9972b79679ef", -- Previous_BParm_ID : UNIQUE_ID
    '' -- Descrip : STRING
);
INSERT INTO S_BPARM VALUES (
    "fcac9711-b2b9-4b20-a255-28cd2024c9c5", -- BParm_ID : UNIQUE_ID
    "ffa333ae-485c-4095-8a9f-2ea460bbb53f", -- Brg_ID : UNIQUE_ID
    's', -- Name : STRING
    "ba5eda7a-def5-0000-0000-000000000004", -- DT_ID : UNIQUE_ID
    0, -- By_Ref : INTEGER
    '', -- Dimensions : STRING
    "00000000-0000-0000-0000-000000000000", -- Previous_BParm_ID : UNIQUE_ID
    '' -- Descrip : STRING
);
INSERT INTO S_BPARM VALUES (
    "03af71b0-2807-442d-9e88-c095ff2543ac", -- BParm_ID : UNIQUE_ID
    "7336eafe-bf7f-45cf-a139-f0fa44c5400e", -- Brg_ID : UNIQUE_ID
    'haystack', -- Name : STRING
    "ba5eda7a-def5-0000-0000-000000000004", -- DT_ID : UNIQUE_ID
    0, -- By_Ref : INTEGER
    '', -- Dimensions : STRING
    "00000000-0000-0000-0000-000000000000", -- Previous_BParm_ID : UNIQUE_ID
    '' -- Descrip : STRING
);
INSERT INTO S_BPARM VALUES (
    "42f61ab6-7e6f-4814-a9b2-e0b84a3f9187", -- BParm_ID : UNIQUE_ID
    "7336eafe-bf7f-45cf-a139-f0fa44c5400e", -- Brg_ID : UNIQUE_ID
    'needle', -- Name : STRING
    "ba5eda7a-def5-0000-0000-000000000004", -- DT_ID : UNIQUE_ID
    0, -- By_Ref : INTEGER
    '', -- Dimensions : STRING
    "03af71b0-2807-442d-9e88-c095ff2543ac", -- Previous_BParm_ID : UNIQUE_ID
    '' -- Descrip : STRING
);
INSERT INTO S_BPARM VALUES (
    "21d3e869-1404-48d5-a267-164cc9137af6", -- BParm_ID : UNIQUE_ID
    "d62c634b-74cc-4271-879d-bb16f8243125", -- Brg_ID : UNIQUE_ID
    's', -- Name : STRING
    "ba5eda7a-def5-0000-0000-000000000004", -- DT_ID : UNIQUE_ID
    0, -- By_Ref : INTEGER
    '', -- Dimensions : STRING
    "00000000-0000-0000-0000-000000000000", -- Previous_BParm_ID : UNIQUE_ID
    '' -- Descrip : STRING
);
INSERT INTO S_BPARM VALUES (
    "e87f42b4-d43e-43d5-ac81-caaa57626be5", -- BParm_ID : UNIQUE_ID
    "98d84f3d-005b-4259-a245-635911bfd6d9", -- Brg_ID : UNIQUE_ID
    's', -- Name : STRING
    "ba5eda7a-def5-0000-0000-000000000004", -- DT_ID : UNIQUE_ID
    0, -- By_Ref : INTEGER
    '', -- Dimensions : STRING
    "00000000-0000-0000-0000-000000000000", -- Previous_BParm_ID : UNIQUE_ID
    '' -- Descrip : STRING
);
INSERT INTO S_BPARM VALUES (
    "d5edd80c-223e-48c5-a69f-415ad3aaec87", -- BParm_ID : UNIQUE_ID
    "2d05e784-4e68-4ad9-b373-5583b0c79497", -- Brg_ID : UNIQUE_ID
    's', -- Name : STRING
    "ba5eda7a-def5-0000-0000-000000000004", -- DT_ID : UNIQUE_ID
    0, -- By_Ref : INTEGER
    '', -- Dimensions : STRING
    "00000000-0000-0000-0000-000000000000", -- Previous_BParm_ID : UNIQUE_ID
    '' -- Descrip : STRING
);
INSERT INTO S_BPARM VALUES (
    "95a61ef6-9dee-4090-a67d-d7662540764b", -- BParm_ID : UNIQUE_ID
    "7b593108-9200-42f0-86c7-49dfd1e5d704", -- Brg_ID : UNIQUE_ID
    'x', -- Name : STRING
    "ba5eda7a-def5-0000-0000-000000000003", -- DT_ID : UNIQUE_ID
    0, -- By_Ref : INTEGER
    '', -- Dimensions : STRING
    "00000000-0000-0000-0000-000000000000", -- Previous_BParm_ID : UNIQUE_ID
    '' -- Descrip : STRING
);
INSERT INTO S_BPARM VALUES (
    "a040d4f5-eff4-4e79-9892-bc6e87f12996", -- BParm_ID : UNIQUE_ID
    "c1f05ae4-a5cb-40a3-a774-d2cddaff579b", -- Brg_ID : UNIQUE_ID
    'attr', -- Name : STRING
    "ba5eda7a-def5-0000-0000-000000000004", -- DT_ID : UNIQUE_ID
    0, -- By_Ref : INTEGER
    '', -- Dimensions : STRING
    "00000000-0000-0000-0000-000000000000", -- Previous_BParm_ID : UNIQUE_ID
    '' -- Descrip : STRING
);
INSERT INTO S_BPARM VALUES (
    "59173bf2-34e1-49c0-82e9-647abc0e795c", -- BParm_ID : UNIQUE_ID
    "cc2b571f-54b2-4585-86b3-d879d5e34b3d", -- Brg_ID : UNIQUE_ID
    'attr', -- Name : STRING
    "ba5eda7a-def5-0000-0000-000000000004", -- DT_ID : UNIQUE_ID
    0, -- By_Ref : INTEGER
    '', -- Dimensions : STRING
    "00000000-0000-0000-0000-000000000000", -- Previous_BParm_ID : UNIQUE_ID
    '' -- Descrip : STRING
);
INSERT INTO S_BPARM VALUES (
    "7f80d22c-9adb-4f9b-8b1a-d20e9587a9ed", -- BParm_ID : UNIQUE_ID
    "3c5d78ee-496c-451e-bcc7-ad0d222c0e32", -- Brg_ID : UNIQUE_ID
    'java_class', -- Name : STRING
    "ba5eda7a-def5-0000-0000-000000000004", -- DT_ID : UNIQUE_ID
    0, -- By_Ref : INTEGER
    '', -- Dimensions : STRING
    "00000000-0000-0000-0000-000000000000", -- Previous_BParm_ID : UNIQUE_ID
    '' -- Descrip : STRING
);
INSERT INTO S_BPARM VALUES (
    "030b8ad4-05ad-415a-9745-c98c4f790575", -- BParm_ID : UNIQUE_ID
    "3c5d78ee-496c-451e-bcc7-ad0d222c0e32", -- Brg_ID : UNIQUE_ID
    'args', -- Name : STRING
    "ba5eda7a-def5-0000-0000-000000000004", -- DT_ID : UNIQUE_ID
    0, -- By_Ref : INTEGER
    '[]', -- Dimensions : STRING
    "7f80d22c-9adb-4f9b-8b1a-d20e9587a9ed", -- Previous_BParm_ID : UNIQUE_ID
    '' -- Descrip : STRING
);
INSERT INTO S_BPARM VALUES (
    "a08876d8-ddad-46b7-89ab-8191af6a9e1a", -- BParm_ID : UNIQUE_ID
    "e4340945-3812-4aa8-bc9b-e374d680118b", -- Brg_ID : UNIQUE_ID
    'key_letters', -- Name : STRING
    "ba5eda7a-def5-0000-0000-000000000004", -- DT_ID : UNIQUE_ID
    0, -- By_Ref : INTEGER
    '', -- Dimensions : STRING
    "00000000-0000-0000-0000-000000000000", -- Previous_BParm_ID : UNIQUE_ID
    '' -- Descrip : STRING
);
INSERT INTO S_BPARM VALUES (
    "7ef089be-a1ad-4b07-a0b2-d41f3588e7db", -- BParm_ID : UNIQUE_ID
    "5a5d5ceb-29f0-4209-aeba-150fb07052b7", -- Brg_ID : UNIQUE_ID
    'instance', -- Name : STRING
    "ba5eda7a-def5-0000-0000-000000000008", -- DT_ID : UNIQUE_ID
    0, -- By_Ref : INTEGER
    '', -- Dimensions : STRING
    "00000000-0000-0000-0000-000000000000", -- Previous_BParm_ID : UNIQUE_ID
    '' -- Descrip : STRING
);
INSERT INTO S_BPARM VALUES (
    "774a42db-19b4-4835-a8d7-6c145a107edb", -- BParm_ID : UNIQUE_ID
    "5a5d5ceb-29f0-4209-aeba-150fb07052b7", -- Brg_ID : UNIQUE_ID
    'attribute_name', -- Name : STRING
    "ba5eda7a-def5-0000-0000-000000000004", -- DT_ID : UNIQUE_ID
    0, -- By_Ref : INTEGER
    '', -- Dimensions : STRING
    "7ef089be-a1ad-4b07-a0b2-d41f3588e7db", -- Previous_BParm_ID : UNIQUE_ID
    '' -- Descrip : STRING
);
INSERT INTO S_BPARM VALUES (
    "dff6ad29-526a-4903-a715-d15a19113b1e", -- BParm_ID : UNIQUE_ID
    "5a5d5ceb-29f0-4209-aeba-150fb07052b7", -- Brg_ID : UNIQUE_ID
    'value', -- Name : STRING
    "ba5eda7a-def5-0000-0000-000000000008", -- DT_ID : UNIQUE_ID
    0, -- By_Ref : INTEGER
    '', -- Dimensions : STRING
    "774a42db-19b4-4835-a8d7-6c145a107edb", -- Previous_BParm_ID : UNIQUE_ID
    '' -- Descrip : STRING
);
INSERT INTO S_BPARM VALUES (
    "d501676f-5396-463c-92a3-1f34b8517ddc", -- BParm_ID : UNIQUE_ID
    "5dddfeb2-1f14-4aa5-ad63-8a909e0dec8c", -- Brg_ID : UNIQUE_ID
    'inst1', -- Name : STRING
    "ba5eda7a-def5-0000-0000-000000000008", -- DT_ID : UNIQUE_ID
    0, -- By_Ref : INTEGER
    '', -- Dimensions : STRING
    "00000000-0000-0000-0000-000000000000", -- Previous_BParm_ID : UNIQUE_ID
    '' -- Descrip : STRING
);
INSERT INTO S_BPARM VALUES (
    "decce6e5-3390-483a-9e44-25e7bcfcc192", -- BParm_ID : UNIQUE_ID
    "5dddfeb2-1f14-4aa5-ad63-8a909e0dec8c", -- Brg_ID : UNIQUE_ID
    'inst2', -- Name : STRING
    "ba5eda7a-def5-0000-0000-000000000008", -- DT_ID : UNIQUE_ID
    0, -- By_Ref : INTEGER
    '', -- Dimensions : STRING
    "d501676f-5396-463c-92a3-1f34b8517ddc", -- Previous_BParm_ID : UNIQUE_ID
    '' -- Descrip : STRING
);
INSERT INTO S_BPARM VALUES (
    "880ebbb6-b09f-4305-b214-46ccd127ac18", -- BParm_ID : UNIQUE_ID
    "5dddfeb2-1f14-4aa5-ad63-8a909e0dec8c", -- Brg_ID : UNIQUE_ID
    'rel_num', -- Name : STRING
    "ba5eda7a-def5-0000-0000-000000000002", -- DT_ID : UNIQUE_ID
    0, -- By_Ref : INTEGER
    '', -- Dimensions : STRING
    "decce6e5-3390-483a-9e44-25e7bcfcc192", -- Previous_BParm_ID : UNIQUE_ID
    '' -- Descrip : STRING
);
INSERT INTO S_BPARM VALUES (
    "470225d1-85e1-47fc-8375-99420dd21163", -- BParm_ID : UNIQUE_ID
    "5dddfeb2-1f14-4aa5-ad63-8a909e0dec8c", -- Brg_ID : UNIQUE_ID
    'phrase', -- Name : STRING
    "ba5eda7a-def5-0000-0000-000000000004", -- DT_ID : UNIQUE_ID
    0, -- By_Ref : INTEGER
    '', -- Dimensions : STRING
    "880ebbb6-b09f-4305-b214-46ccd127ac18", -- Previous_BParm_ID : UNIQUE_ID
    '' -- Descrip : STRING
);
INSERT INTO S_BPARM VALUES (
    "61fbe7a9-1ff1-4646-9036-699d8a77b4eb", -- BParm_ID : UNIQUE_ID
    "4d455ec0-5a4f-467f-bd96-0eda52082970", -- Brg_ID : UNIQUE_ID
    'inst1', -- Name : STRING
    "ba5eda7a-def5-0000-0000-000000000008", -- DT_ID : UNIQUE_ID
    0, -- By_Ref : INTEGER
    '', -- Dimensions : STRING
    "00000000-0000-0000-0000-000000000000", -- Previous_BParm_ID : UNIQUE_ID
    '' -- Descrip : STRING
);
INSERT INTO S_BPARM VALUES (
    "9853b7e4-33ce-4b17-9375-b3ba712c1769", -- BParm_ID : UNIQUE_ID
    "4d455ec0-5a4f-467f-bd96-0eda52082970", -- Brg_ID : UNIQUE_ID
    'inst2', -- Name : STRING
    "ba5eda7a-def5-0000-0000-000000000008", -- DT_ID : UNIQUE_ID
    0, -- By_Ref : INTEGER
    '', -- Dimensions : STRING
    "61fbe7a9-1ff1-4646-9036-699d8a77b4eb", -- Previous_BParm_ID : UNIQUE_ID
    '' -- Descrip : STRING
);
INSERT INTO S_BPARM VALUES (
    "b39dc106-616f-4e29-b6cd-364f1e935827", -- BParm_ID : UNIQUE_ID
    "4d455ec0-5a4f-467f-bd96-0eda52082970", -- Brg_ID : UNIQUE_ID
    'rel_num', -- Name : STRING
    "ba5eda7a-def5-0000-0000-000000000002", -- DT_ID : UNIQUE_ID
    0, -- By_Ref : INTEGER
    '', -- Dimensions : STRING
    "1012e3aa-873a-4131-8c05-a2dac7e250fe", -- Previous_BParm_ID : UNIQUE_ID
    '' -- Descrip : STRING
);
INSERT INTO S_BPARM VALUES (
    "2cadaa5f-0a37-40d6-bd78-846eb83a9235", -- BParm_ID : UNIQUE_ID
    "4d455ec0-5a4f-467f-bd96-0eda52082970", -- Brg_ID : UNIQUE_ID
    'phrase', -- Name : STRING
    "ba5eda7a-def5-0000-0000-000000000004", -- DT_ID : UNIQUE_ID
    0, -- By_Ref : INTEGER
    '', -- Dimensions : STRING
    "b39dc106-616f-4e29-b6cd-364f1e935827", -- Previous_BParm_ID : UNIQUE_ID
    '' -- Descrip : STRING
);
INSERT INTO S_BPARM VALUES (
    "1012e3aa-873a-4131-8c05-a2dac7e250fe", -- BParm_ID : UNIQUE_ID
    "4d455ec0-5a4f-467f-bd96-0eda52082970", -- Brg_ID : UNIQUE_ID
    'link', -- Name : STRING
    "ba5eda7a-def5-0000-0000-000000000008", -- DT_ID : UNIQUE_ID
    0, -- By_Ref : INTEGER
    '', -- Dimensions : STRING
    "9853b7e4-33ce-4b17-9375-b3ba712c1769", -- Previous_BParm_ID : UNIQUE_ID
    '' -- Descrip : STRING
);
INSERT INTO S_BPARM VALUES (
    "216fa774-c8d9-4dcb-82c8-d5a97e634c71", -- BParm_ID : UNIQUE_ID
    "b890cabd-de2c-4828-a8a5-d955fb7d67c4", -- Brg_ID : UNIQUE_ID
    'function_name', -- Name : STRING
    "ba5eda7a-def5-0000-0000-000000000004", -- DT_ID : UNIQUE_ID
    0, -- By_Ref : INTEGER
    '', -- Dimensions : STRING
    "00000000-0000-0000-0000-000000000000", -- Previous_BParm_ID : UNIQUE_ID
    '' -- Descrip : STRING
);
INSERT INTO S_BPARM VALUES (
    "9655860a-1775-4c02-bf88-60f28d3010cf", -- BParm_ID : UNIQUE_ID
    "b890cabd-de2c-4828-a8a5-d955fb7d67c4", -- Brg_ID : UNIQUE_ID
    'args', -- Name : STRING
    "ba5eda7a-def5-0000-0000-000000000008", -- DT_ID : UNIQUE_ID
    0, -- By_Ref : INTEGER
    '[]', -- Dimensions : STRING
    "216fa774-c8d9-4dcb-82c8-d5a97e634c71", -- Previous_BParm_ID : UNIQUE_ID
    '' -- Descrip : STRING
);
INSERT INTO S_BPARM VALUES (
    "cc59f84f-ad26-45ec-8f9d-fd87a49d1b24", -- BParm_ID : UNIQUE_ID
    "41ba132d-a1d1-4191-a09b-2557dff31e03", -- Brg_ID : UNIQUE_ID
    'file', -- Name : STRING
    "ba5eda7a-def5-0000-0000-000000000004", -- DT_ID : UNIQUE_ID
    0, -- By_Ref : INTEGER
    '', -- Dimensions : STRING
    "00000000-0000-0000-0000-000000000000", -- Previous_BParm_ID : UNIQUE_ID
    '' -- Descrip : STRING
);
INSERT INTO S_BPARM VALUES (
    "b44dee13-d04f-428c-9395-32ebe32a7438", -- BParm_ID : UNIQUE_ID
    "9c9ff561-0230-49c6-93a0-97e6e806f171", -- Brg_ID : UNIQUE_ID
    'file', -- Name : STRING
    "ba5eda7a-def5-0000-0000-000000000004", -- DT_ID : UNIQUE_ID
    0, -- By_Ref : INTEGER
    '', -- Dimensions : STRING
    "00000000-0000-0000-0000-000000000000", -- Previous_BParm_ID : UNIQUE_ID
    '' -- Descrip : STRING
);
INSERT INTO S_BPARM VALUES (
    "29a1bce9-53c7-4aa2-8b58-168e025fc45b", -- BParm_ID : UNIQUE_ID
    "f7a1de23-2e31-4e8a-988b-ace95920d6c0", -- Brg_ID : UNIQUE_ID
    's', -- Name : STRING
    "ba5eda7a-def5-0000-0000-000000000004", -- DT_ID : UNIQUE_ID
    0, -- By_Ref : INTEGER
    '', -- Dimensions : STRING
    "00000000-0000-0000-0000-000000000000", -- Previous_BParm_ID : UNIQUE_ID
    '' -- Descrip : STRING
);
INSERT INTO S_BPARM VALUES (
    "71abd594-35f7-47aa-a3fb-744f9cbe26b1", -- BParm_ID : UNIQUE_ID
    "56d78985-bd88-4f57-97f5-3a8479d36a75", -- Brg_ID : UNIQUE_ID
    'file', -- Name : STRING
    "ba5eda7a-def5-0000-0000-000000000004", -- DT_ID : UNIQUE_ID
    0, -- By_Ref : INTEGER
    '', -- Dimensions : STRING
    "00000000-0000-0000-0000-000000000000", -- Previous_BParm_ID : UNIQUE_ID
    '' -- Descrip : STRING
);
INSERT INTO S_BPARM VALUES (
    "d1ee6801-de07-4031-bd37-2a8ffd3f8473", -- BParm_ID : UNIQUE_ID
    "ad4f1248-1786-4a6c-9f24-575f1b7d5401", -- Brg_ID : UNIQUE_ID
    'file', -- Name : STRING
    "ba5eda7a-def5-0000-0000-000000000004", -- DT_ID : UNIQUE_ID
    0, -- By_Ref : INTEGER
    '', -- Dimensions : STRING
    "00000000-0000-0000-0000-000000000000", -- Previous_BParm_ID : UNIQUE_ID
    '' -- Descrip : STRING
);
INSERT INTO S_BPARM VALUES (
    "a7a80f0d-ee75-4ddb-a11f-c2ac2101f1e0", -- BParm_ID : UNIQUE_ID
    "387a0ac8-5355-48ef-a355-2676c1a68ecb", -- Brg_ID : UNIQUE_ID
    'format', -- Name : STRING
    "ba5eda7a-def5-0000-0000-000000000004", -- DT_ID : UNIQUE_ID
    0, -- By_Ref : INTEGER
    '', -- Dimensions : STRING
    "00000000-0000-0000-0000-000000000000", -- Previous_BParm_ID : UNIQUE_ID
    '' -- Descrip : STRING
);
INSERT INTO S_BPARM VALUES (
    "7ed56b5d-9bd9-499e-8848-be903121068c", -- BParm_ID : UNIQUE_ID
    "387a0ac8-5355-48ef-a355-2676c1a68ecb", -- Brg_ID : UNIQUE_ID
    's', -- Name : STRING
    "ba5eda7a-def5-0000-0000-000000000004", -- DT_ID : UNIQUE_ID
    0, -- By_Ref : INTEGER
    '', -- Dimensions : STRING
    "a7a80f0d-ee75-4ddb-a11f-c2ac2101f1e0", -- Previous_BParm_ID : UNIQUE_ID
    '' -- Descrip : STRING
);
INSERT INTO S_BPARM VALUES (
    "860f4a36-5e56-4945-80ba-9040088955af", -- BParm_ID : UNIQUE_ID
    "a4310342-37b4-4aa7-825b-a056e08718c5", -- Brg_ID : UNIQUE_ID
    'dir', -- Name : STRING
    "ba5eda7a-def5-0000-0000-000000000004", -- DT_ID : UNIQUE_ID
    0, -- By_Ref : INTEGER
    '', -- Dimensions : STRING
    "00000000-0000-0000-0000-000000000000", -- Previous_BParm_ID : UNIQUE_ID
    '' -- Descrip : STRING
);
INSERT INTO S_BRG VALUES (
    "112f319f-4c8e-482c-a552-276f1b56bc8d", -- Brg_ID : UNIQUE_ID
    "301ed0ee-cd6b-49d6-949f-df904baa862c", -- EE_ID : UNIQUE_ID
    'shutdown', -- Name : STRING
    '', -- Descrip : STRING
    0, -- Brg_Typ : INTEGER
    "ba5eda7a-def5-0000-0000-000000000000", -- DT_ID : UNIQUE_ID
    '//', -- Action_Semantics_internal : STRING
    1, -- Suc_Pars : INTEGER
    '', -- Return_Dimensions : STRING
    0 -- Dialect : INTEGER
);
INSERT INTO S_BRG VALUES (
    "b34ec664-6dea-44bc-afbf-69645da52f0a", -- Brg_ID : UNIQUE_ID
    "fb3760d2-2a3e-463f-bd24-66cd25fdba39", -- EE_ID : UNIQUE_ID
    'LogDate', -- Name : STRING
    '', -- Descrip : STRING
    0, -- Brg_Typ : INTEGER
    "ba5eda7a-def5-0000-0000-000000000000", -- DT_ID : UNIQUE_ID
    '', -- Action_Semantics_internal : STRING
    1, -- Suc_Pars : INTEGER
    '', -- Return_Dimensions : STRING
    0 -- Dialect : INTEGER
);
INSERT INTO S_BRG VALUES (
    "2dcf3e84-1208-4e7f-a70c-a54d15f1ce77", -- Brg_ID : UNIQUE_ID
    "fb3760d2-2a3e-463f-bd24-66cd25fdba39", -- EE_ID : UNIQUE_ID
    'LogFailure', -- Name : STRING
    '', -- Descrip : STRING
    0, -- Brg_Typ : INTEGER
    "ba5eda7a-def5-0000-0000-000000000000", -- DT_ID : UNIQUE_ID
    '', -- Action_Semantics_internal : STRING
    1, -- Suc_Pars : INTEGER
    '', -- Return_Dimensions : STRING
    0 -- Dialect : INTEGER
);
INSERT INTO S_BRG VALUES (
    "af615ef3-56dd-40b1-be6b-27e07023a829", -- Brg_ID : UNIQUE_ID
    "fb3760d2-2a3e-463f-bd24-66cd25fdba39", -- EE_ID : UNIQUE_ID
    'LogInfo', -- Name : STRING
    '', -- Descrip : STRING
    0, -- Brg_Typ : INTEGER
    "ba5eda7a-def5-0000-0000-000000000000", -- DT_ID : UNIQUE_ID
    '', -- Action_Semantics_internal : STRING
    1, -- Suc_Pars : INTEGER
    '', -- Return_Dimensions : STRING
    0 -- Dialect : INTEGER
);
INSERT INTO S_BRG VALUES (
    "474dc6f1-f8eb-4a43-8ae9-fd7ec3f494ce", -- Brg_ID : UNIQUE_ID
    "fb3760d2-2a3e-463f-bd24-66cd25fdba39", -- EE_ID : UNIQUE_ID
    'LogInteger', -- Name : STRING
    '', -- Descrip : STRING
    0, -- Brg_Typ : INTEGER
    "ba5eda7a-def5-0000-0000-000000000000", -- DT_ID : UNIQUE_ID
    '', -- Action_Semantics_internal : STRING
    0, -- Suc_Pars : INTEGER
    '', -- Return_Dimensions : STRING
    0 -- Dialect : INTEGER
);
INSERT INTO S_BRG VALUES (
    "a9e838fb-4772-4822-aee6-57f775da6967", -- Brg_ID : UNIQUE_ID
    "fb3760d2-2a3e-463f-bd24-66cd25fdba39", -- EE_ID : UNIQUE_ID
    'LogReal', -- Name : STRING
    '', -- Descrip : STRING
    0, -- Brg_Typ : INTEGER
    "ba5eda7a-def5-0000-0000-000000000000", -- DT_ID : UNIQUE_ID
    '', -- Action_Semantics_internal : STRING
    1, -- Suc_Pars : INTEGER
    '', -- Return_Dimensions : STRING
    0 -- Dialect : INTEGER
);
INSERT INTO S_BRG VALUES (
    "c56d3597-5a54-4d78-8914-2dc2594c2af4", -- Brg_ID : UNIQUE_ID
    "fb3760d2-2a3e-463f-bd24-66cd25fdba39", -- EE_ID : UNIQUE_ID
    'LogSuccess', -- Name : STRING
    '', -- Descrip : STRING
    0, -- Brg_Typ : INTEGER
    "ba5eda7a-def5-0000-0000-000000000000", -- DT_ID : UNIQUE_ID
    '', -- Action_Semantics_internal : STRING
    1, -- Suc_Pars : INTEGER
    '', -- Return_Dimensions : STRING
    0 -- Dialect : INTEGER
);
INSERT INTO S_BRG VALUES (
    "77300edb-b891-4e35-858b-9e8cb6437f19", -- Brg_ID : UNIQUE_ID
    "fb3760d2-2a3e-463f-bd24-66cd25fdba39", -- EE_ID : UNIQUE_ID
    'LogTime', -- Name : STRING
    '', -- Descrip : STRING
    0, -- Brg_Typ : INTEGER
    "ba5eda7a-def5-0000-0000-000000000000", -- DT_ID : UNIQUE_ID
    '', -- Action_Semantics_internal : STRING
    1, -- Suc_Pars : INTEGER
    '', -- Return_Dimensions : STRING
    0 -- Dialect : INTEGER
);
INSERT INTO S_BRG VALUES (
    "8a08e8b6-4de0-437f-968f-71d65464ceb7", -- Brg_ID : UNIQUE_ID
    "0cbe8000-b94e-43c0-a74e-b3d9f70bb59d", -- EE_ID : UNIQUE_ID
    'current_date', -- Name : STRING
    '', -- Descrip : STRING
    1, -- Brg_Typ : INTEGER
    "ba5eda7a-def5-0000-0000-00000000000e", -- DT_ID : UNIQUE_ID
    '', -- Action_Semantics_internal : STRING
    1, -- Suc_Pars : INTEGER
    '', -- Return_Dimensions : STRING
    0 -- Dialect : INTEGER
);
INSERT INTO S_BRG VALUES (
    "e6bddfad-112a-4e3d-983c-17cf660f6a1d", -- Brg_ID : UNIQUE_ID
    "0cbe8000-b94e-43c0-a74e-b3d9f70bb59d", -- EE_ID : UNIQUE_ID
    'create_date', -- Name : STRING
    '', -- Descrip : STRING
    1, -- Brg_Typ : INTEGER
    "ba5eda7a-def5-0000-0000-00000000000e", -- DT_ID : UNIQUE_ID
    '', -- Action_Semantics_internal : STRING
    1, -- Suc_Pars : INTEGER
    '', -- Return_Dimensions : STRING
    0 -- Dialect : INTEGER
);
INSERT INTO S_BRG VALUES (
    "38a0bf36-f1fa-46ff-9ac5-30980dbf9ba0", -- Brg_ID : UNIQUE_ID
    "0cbe8000-b94e-43c0-a74e-b3d9f70bb59d", -- EE_ID : UNIQUE_ID
    'get_second', -- Name : STRING
    '', -- Descrip : STRING
    1, -- Brg_Typ : INTEGER
    "ba5eda7a-def5-0000-0000-000000000002", -- DT_ID : UNIQUE_ID
    '', -- Action_Semantics_internal : STRING
    1, -- Suc_Pars : INTEGER
    '', -- Return_Dimensions : STRING
    0 -- Dialect : INTEGER
);
INSERT INTO S_BRG VALUES (
    "2052aeb8-71a4-49e3-864d-b678d3906bed", -- Brg_ID : UNIQUE_ID
    "0cbe8000-b94e-43c0-a74e-b3d9f70bb59d", -- EE_ID : UNIQUE_ID
    'get_minute', -- Name : STRING
    '', -- Descrip : STRING
    1, -- Brg_Typ : INTEGER
    "ba5eda7a-def5-0000-0000-000000000002", -- DT_ID : UNIQUE_ID
    '', -- Action_Semantics_internal : STRING
    1, -- Suc_Pars : INTEGER
    '', -- Return_Dimensions : STRING
    0 -- Dialect : INTEGER
);
INSERT INTO S_BRG VALUES (
    "ffe9b4a1-cf2d-46b7-9789-be3f258319ec", -- Brg_ID : UNIQUE_ID
    "0cbe8000-b94e-43c0-a74e-b3d9f70bb59d", -- EE_ID : UNIQUE_ID
    'get_hour', -- Name : STRING
    '', -- Descrip : STRING
    1, -- Brg_Typ : INTEGER
    "ba5eda7a-def5-0000-0000-000000000002", -- DT_ID : UNIQUE_ID
    '', -- Action_Semantics_internal : STRING
    1, -- Suc_Pars : INTEGER
    '', -- Return_Dimensions : STRING
    0 -- Dialect : INTEGER
);
INSERT INTO S_BRG VALUES (
    "cccf7316-ec6f-4823-ade0-eaab3e2435fc", -- Brg_ID : UNIQUE_ID
    "0cbe8000-b94e-43c0-a74e-b3d9f70bb59d", -- EE_ID : UNIQUE_ID
    'get_day', -- Name : STRING
    '', -- Descrip : STRING
    1, -- Brg_Typ : INTEGER
    "ba5eda7a-def5-0000-0000-000000000002", -- DT_ID : UNIQUE_ID
    '', -- Action_Semantics_internal : STRING
    1, -- Suc_Pars : INTEGER
    '', -- Return_Dimensions : STRING
    0 -- Dialect : INTEGER
);
INSERT INTO S_BRG VALUES (
    "e4d7890a-c0ba-4e92-bb75-a89f7a1deb89", -- Brg_ID : UNIQUE_ID
    "0cbe8000-b94e-43c0-a74e-b3d9f70bb59d", -- EE_ID : UNIQUE_ID
    'get_month', -- Name : STRING
    '', -- Descrip : STRING
    1, -- Brg_Typ : INTEGER
    "ba5eda7a-def5-0000-0000-000000000002", -- DT_ID : UNIQUE_ID
    '', -- Action_Semantics_internal : STRING
    1, -- Suc_Pars : INTEGER
    '', -- Return_Dimensions : STRING
    0 -- Dialect : INTEGER
);
INSERT INTO S_BRG VALUES (
    "cd04774e-daca-4924-8bf8-26acb2101a9a", -- Brg_ID : UNIQUE_ID
    "0cbe8000-b94e-43c0-a74e-b3d9f70bb59d", -- EE_ID : UNIQUE_ID
    'get_year', -- Name : STRING
    '', -- Descrip : STRING
    1, -- Brg_Typ : INTEGER
    "ba5eda7a-def5-0000-0000-000000000002", -- DT_ID : UNIQUE_ID
    '', -- Action_Semantics_internal : STRING
    1, -- Suc_Pars : INTEGER
    '', -- Return_Dimensions : STRING
    0 -- Dialect : INTEGER
);
INSERT INTO S_BRG VALUES (
    "f3a7f92c-3c6b-4d36-8f32-849ae8fce50a", -- Brg_ID : UNIQUE_ID
    "0cbe8000-b94e-43c0-a74e-b3d9f70bb59d", -- EE_ID : UNIQUE_ID
    'current_clock', -- Name : STRING
    '', -- Descrip : STRING
    1, -- Brg_Typ : INTEGER
    "ba5eda7a-def5-0000-0000-000000000010", -- DT_ID : UNIQUE_ID
    '', -- Action_Semantics_internal : STRING
    1, -- Suc_Pars : INTEGER
    '', -- Return_Dimensions : STRING
    0 -- Dialect : INTEGER
);
INSERT INTO S_BRG VALUES (
    "0b4c485f-017d-40b6-9a7e-57fda5776da4", -- Brg_ID : UNIQUE_ID
    "0cbe8000-b94e-43c0-a74e-b3d9f70bb59d", -- EE_ID : UNIQUE_ID
    'timer_start', -- Name : STRING
    'This bridge operation starts a timer set to expire in the specified number of
microseconds, generating the passed event upon expiration. Returns the instance
handle of the timer.', -- Descrip : STRING
    1, -- Brg_Typ : INTEGER
    "ba5eda7a-def5-0000-0000-00000000000f", -- DT_ID : UNIQUE_ID
    '', -- Action_Semantics_internal : STRING
    1, -- Suc_Pars : INTEGER
    '', -- Return_Dimensions : STRING
    0 -- Dialect : INTEGER
);
INSERT INTO S_BRG VALUES (
    "16322409-ab18-4a8a-8189-42924b6ad4c7", -- Brg_ID : UNIQUE_ID
    "0cbe8000-b94e-43c0-a74e-b3d9f70bb59d", -- EE_ID : UNIQUE_ID
    'timer_start_recurring', -- Name : STRING
    'This bridge operation starts a timer set to expire in the specified number of
microseconds, generating the passed event upon expiration. Upon expiration, the
timer will be restarted and fire again in the specified number of microseconds
generating the passed event. This bridge operation returns the instance handle
of the timer.', -- Descrip : STRING
    1, -- Brg_Typ : INTEGER
    "ba5eda7a-def5-0000-0000-00000000000f", -- DT_ID : UNIQUE_ID
    '', -- Action_Semantics_internal : STRING
    1, -- Suc_Pars : INTEGER
    '', -- Return_Dimensions : STRING
    0 -- Dialect : INTEGER
);
INSERT INTO S_BRG VALUES (
    "724d498a-672c-4565-ade3-ad23463f9c4e", -- Brg_ID : UNIQUE_ID
    "0cbe8000-b94e-43c0-a74e-b3d9f70bb59d", -- EE_ID : UNIQUE_ID
    'timer_remaining_time', -- Name : STRING
    'Returns the time remaining (in microseconds) for the passed timer instance. If
the timer has expired, a zero value is returned.', -- Descrip : STRING
    1, -- Brg_Typ : INTEGER
    "ba5eda7a-def5-0000-0000-000000000002", -- DT_ID : UNIQUE_ID
    '', -- Action_Semantics_internal : STRING
    1, -- Suc_Pars : INTEGER
    '', -- Return_Dimensions : STRING
    0 -- Dialect : INTEGER
);
INSERT INTO S_BRG VALUES (
    "587a5601-85c2-4712-9523-edb532578dab", -- Brg_ID : UNIQUE_ID
    "0cbe8000-b94e-43c0-a74e-b3d9f70bb59d", -- EE_ID : UNIQUE_ID
    'timer_reset_time', -- Name : STRING
    'This bridge operation attempts to set the passed existing timer to expire in
the specified number of microseconds. If the timer exists (that is, it has not
expired), a TRUE value is returned. If the timer no longer exists, a FALSE value
is returned.', -- Descrip : STRING
    1, -- Brg_Typ : INTEGER
    "ba5eda7a-def5-0000-0000-000000000001", -- DT_ID : UNIQUE_ID
    '', -- Action_Semantics_internal : STRING
    1, -- Suc_Pars : INTEGER
    '', -- Return_Dimensions : STRING
    0 -- Dialect : INTEGER
);
INSERT INTO S_BRG VALUES (
    "a160d621-7f28-44ee-b4d9-59b10ef2e404", -- Brg_ID : UNIQUE_ID
    "0cbe8000-b94e-43c0-a74e-b3d9f70bb59d", -- EE_ID : UNIQUE_ID
    'timer_add_time', -- Name : STRING
    'This bridge operation attempts to add the specified number of microseconds to a
passed existing timer. If the timer exists (that is, it has not expired), a TRUE
value is returned. If the timer no longer exists, a FALSE value is returned.', -- Descrip : STRING
    1, -- Brg_Typ : INTEGER
    "ba5eda7a-def5-0000-0000-000000000001", -- DT_ID : UNIQUE_ID
    '', -- Action_Semantics_internal : STRING
    1, -- Suc_Pars : INTEGER
    '', -- Return_Dimensions : STRING
    0 -- Dialect : INTEGER
);
INSERT INTO S_BRG VALUES (
    "b2f303f5-6e95-4731-a762-be0c0eb02ca7", -- Brg_ID : UNIQUE_ID
    "0cbe8000-b94e-43c0-a74e-b3d9f70bb59d", -- EE_ID : UNIQUE_ID
    'timer_cancel', -- Name : STRING
    'This bridge operation cancels and deletes the passed timer instance. If the
timer exists (that is, it had not expired), a TRUE value is returned. If the
timer no longer exists, a FALSE value is returned.', -- Descrip : STRING
    1, -- Brg_Typ : INTEGER
    "ba5eda7a-def5-0000-0000-000000000001", -- DT_ID : UNIQUE_ID
    '', -- Action_Semantics_internal : STRING
    1, -- Suc_Pars : INTEGER
    '', -- Return_Dimensions : STRING
    0 -- Dialect : INTEGER
);
INSERT INTO S_BRG VALUES (
    "4c84eeef-580a-44c0-99a3-07b6a73452d7", -- Brg_ID : UNIQUE_ID
    "2c85491d-6998-469c-bc26-d447450f7f85", -- EE_ID : UNIQUE_ID
    'register_flag', -- Name : STRING
    'Registers a command line option that may or may not be present. This option may not take a value.
  name: The name of the option. Values must be composed of uper and lowercase letters only.
  usage: Usage text to be displayed to the user.
  
Produces an error if:
  - The provided option name is invalid
  - The proivided option name has already been registered
  - It is invoked after ''read_command_line'' has been invoked', -- Descrip : STRING
    0, -- Brg_Typ : INTEGER
    "ba5eda7a-def5-0000-0000-000000000000", -- DT_ID : UNIQUE_ID
    '', -- Action_Semantics_internal : STRING
    1, -- Suc_Pars : INTEGER
    '', -- Return_Dimensions : STRING
    0 -- Dialect : INTEGER
);
INSERT INTO S_BRG VALUES (
    "552205ca-aa70-45be-9f6c-fed75e322243", -- Brg_ID : UNIQUE_ID
    "2c85491d-6998-469c-bc26-d447450f7f85", -- EE_ID : UNIQUE_ID
    'register_value', -- Name : STRING
    'Registers a command line option that is accompanied by a value.
  name: The name of the option. Values must be composed of uper and lowercase letters only.
  value_name: The name of the value to be printed in the usage information.
  usage: Usage text to be displayed to the user.
  default: The value to return if the option is not present.
  
Produces an error if:
  - The provided option name is invalid
  - The proivided option name has already been registered
  - It is invoked after ''read_command_line'' has been invoked', -- Descrip : STRING
    0, -- Brg_Typ : INTEGER
    "ba5eda7a-def5-0000-0000-000000000000", -- DT_ID : UNIQUE_ID
    '', -- Action_Semantics_internal : STRING
    1, -- Suc_Pars : INTEGER
    '', -- Return_Dimensions : STRING
    0 -- Dialect : INTEGER
);
INSERT INTO S_BRG VALUES (
    "e14dac49-6263-450c-a836-b0d18eb918ce", -- Brg_ID : UNIQUE_ID
    "2c85491d-6998-469c-bc26-d447450f7f85", -- EE_ID : UNIQUE_ID
    'get_flag', -- Name : STRING
    'Return true if the option is present.
  
Produces an error if:
  - The provided option name is invalid
  - The provided option name has not been registered
  - The provided option name has been registered as a value
  - It is invoked before ''read_command_line'' has been invoked', -- Descrip : STRING
    0, -- Brg_Typ : INTEGER
    "ba5eda7a-def5-0000-0000-000000000001", -- DT_ID : UNIQUE_ID
    '', -- Action_Semantics_internal : STRING
    1, -- Suc_Pars : INTEGER
    '', -- Return_Dimensions : STRING
    0 -- Dialect : INTEGER
);
INSERT INTO S_BRG VALUES (
    "48b8f9dc-e8f2-41f2-9b8e-d6b671643328", -- Brg_ID : UNIQUE_ID
    "2c85491d-6998-469c-bc26-d447450f7f85", -- EE_ID : UNIQUE_ID
    'get_value', -- Name : STRING
    'Get the value of a registered option.
  
Produces an error if:
  - The provided option name is invalid
  - The provided option name has not been registered
  - The provided option name has been registered as a flag
  - It is invoked before ''read_command_line'' has been invoked', -- Descrip : STRING
    0, -- Brg_Typ : INTEGER
    "ba5eda7a-def5-0000-0000-000000000004", -- DT_ID : UNIQUE_ID
    '', -- Action_Semantics_internal : STRING
    1, -- Suc_Pars : INTEGER
    '', -- Return_Dimensions : STRING
    0 -- Dialect : INTEGER
);
INSERT INTO S_BRG VALUES (
    "029dc98c-3010-43ac-9592-e46b263472fe", -- Brg_ID : UNIQUE_ID
    "2c85491d-6998-469c-bc26-d447450f7f85", -- EE_ID : UNIQUE_ID
    'read_command_line', -- Name : STRING
    'Parses the command line arguments and validates them based on the registered
options. This produces an error if it is called twice.', -- Descrip : STRING
    0, -- Brg_Typ : INTEGER
    "ba5eda7a-def5-0000-0000-000000000000", -- DT_ID : UNIQUE_ID
    '', -- Action_Semantics_internal : STRING
    1, -- Suc_Pars : INTEGER
    '', -- Return_Dimensions : STRING
    0 -- Dialect : INTEGER
);
INSERT INTO S_BRG VALUES (
    "1f23e627-377e-4168-a4a2-bda0a5ec42eb", -- Brg_ID : UNIQUE_ID
    "33d21480-69a2-4ed7-9fd6-4b0d734cf2a9", -- EE_ID : UNIQUE_ID
    'itoa', -- Name : STRING
    '', -- Descrip : STRING
    0, -- Brg_Typ : INTEGER
    "ba5eda7a-def5-0000-0000-000000000004", -- DT_ID : UNIQUE_ID
    'mapping[9]="9"; mapping[8]="8"; mapping[7]="7"; mapping[6]="6"; mapping[5]="5";
mapping[4]="4"; mapping[3]="3"; mapping[2]="2"; mapping[1]="1"; mapping[0]="0";

i = param.i; s = "";
while ( i >= 1 )
  d = i % 10;
  i = i / 10;
  s = mapping[ d ] + s;
end while;

return s;', -- Action_Semantics_internal : STRING
    1, -- Suc_Pars : INTEGER
    '', -- Return_Dimensions : STRING
    0 -- Dialect : INTEGER
);
INSERT INTO S_BRG VALUES (
    "5f3c759c-6b7b-4ee8-8e47-370fb4a90427", -- Brg_ID : UNIQUE_ID
    "33d21480-69a2-4ed7-9fd6-4b0d734cf2a9", -- EE_ID : UNIQUE_ID
    'atoi', -- Name : STRING
    '', -- Descrip : STRING
    0, -- Brg_Typ : INTEGER
    "ba5eda7a-def5-0000-0000-000000000002", -- DT_ID : UNIQUE_ID
    'return 0;', -- Action_Semantics_internal : STRING
    1, -- Suc_Pars : INTEGER
    '', -- Return_Dimensions : STRING
    0 -- Dialect : INTEGER
);
INSERT INTO S_BRG VALUES (
    "89d596ad-2792-4523-b93e-7f73d50eaa81", -- Brg_ID : UNIQUE_ID
    "33d21480-69a2-4ed7-9fd6-4b0d734cf2a9", -- EE_ID : UNIQUE_ID
    'substr', -- Name : STRING
    'returns a substring of the given string s starting at the index begin and ending at the index end - 1.
if begin < 0, returns a substring starting at the beginning of s
if begin > the length of s - 1, returns an empty string
if end < 0 or > the length of s, returns a substring starting at begin to the end of s
if end <= begin, returns empty string

usage examples:
foo = substr( s:"Hello, World!", 4, 8 );	// foo == "o, Wo"
bar = substr( s:"Hello, World!", 2, -1 );	// bar == "llo, World!"', -- Descrip : STRING
    0, -- Brg_Typ : INTEGER
    "ba5eda7a-def5-0000-0000-000000000004", -- DT_ID : UNIQUE_ID
    '', -- Action_Semantics_internal : STRING
    1, -- Suc_Pars : INTEGER
    '', -- Return_Dimensions : STRING
    0 -- Dialect : INTEGER
);
INSERT INTO S_BRG VALUES (
    "ffa333ae-485c-4095-8a9f-2ea460bbb53f", -- Brg_ID : UNIQUE_ID
    "33d21480-69a2-4ed7-9fd6-4b0d734cf2a9", -- EE_ID : UNIQUE_ID
    'strlen', -- Name : STRING
    '', -- Descrip : STRING
    0, -- Brg_Typ : INTEGER
    "ba5eda7a-def5-0000-0000-000000000002", -- DT_ID : UNIQUE_ID
    '', -- Action_Semantics_internal : STRING
    1, -- Suc_Pars : INTEGER
    '', -- Return_Dimensions : STRING
    0 -- Dialect : INTEGER
);
INSERT INTO S_BRG VALUES (
    "7336eafe-bf7f-45cf-a139-f0fa44c5400e", -- Brg_ID : UNIQUE_ID
    "33d21480-69a2-4ed7-9fd6-4b0d734cf2a9", -- EE_ID : UNIQUE_ID
    'indexof', -- Name : STRING
    'Returns the index of the first occurence of needle in haystack. Returns -1 if no match is found.', -- Descrip : STRING
    0, -- Brg_Typ : INTEGER
    "ba5eda7a-def5-0000-0000-000000000002", -- DT_ID : UNIQUE_ID
    '', -- Action_Semantics_internal : STRING
    1, -- Suc_Pars : INTEGER
    '', -- Return_Dimensions : STRING
    0 -- Dialect : INTEGER
);
INSERT INTO S_BRG VALUES (
    "d62c634b-74cc-4271-879d-bb16f8243125", -- Brg_ID : UNIQUE_ID
    "33d21480-69a2-4ed7-9fd6-4b0d734cf2a9", -- EE_ID : UNIQUE_ID
    'trim', -- Name : STRING
    'Returns the input string with whitespace ( '' '', ''\r'', ''\t'', and ''\n'' ) trimmed from the beginning
and the end of the string. If the input string is only whitespace, empty string is returned', -- Descrip : STRING
    0, -- Brg_Typ : INTEGER
    "ba5eda7a-def5-0000-0000-000000000004", -- DT_ID : UNIQUE_ID
    '', -- Action_Semantics_internal : STRING
    1, -- Suc_Pars : INTEGER
    '', -- Return_Dimensions : STRING
    0 -- Dialect : INTEGER
);
INSERT INTO S_BRG VALUES (
    "bdfbe284-fdf5-4d84-b868-24a4494b1eed", -- Brg_ID : UNIQUE_ID
    "33d21480-69a2-4ed7-9fd6-4b0d734cf2a9", -- EE_ID : UNIQUE_ID
    'quote', -- Name : STRING
    'Returns a literal double quote character as a string', -- Descrip : STRING
    0, -- Brg_Typ : INTEGER
    "ba5eda7a-def5-0000-0000-000000000004", -- DT_ID : UNIQUE_ID
    '', -- Action_Semantics_internal : STRING
    1, -- Suc_Pars : INTEGER
    '', -- Return_Dimensions : STRING
    0 -- Dialect : INTEGER
);
INSERT INTO S_BRG VALUES (
    "98d84f3d-005b-4259-a245-635911bfd6d9", -- Brg_ID : UNIQUE_ID
    "33d21480-69a2-4ed7-9fd6-4b0d734cf2a9", -- EE_ID : UNIQUE_ID
    'escapetics', -- Name : STRING
    'replaces all instances of '' with '''' to escape the tics for SQL. Assumes that the result will still fit in the max
string', -- Descrip : STRING
    0, -- Brg_Typ : INTEGER
    "ba5eda7a-def5-0000-0000-000000000004", -- DT_ID : UNIQUE_ID
    '', -- Action_Semantics_internal : STRING
    1, -- Suc_Pars : INTEGER
    '', -- Return_Dimensions : STRING
    0 -- Dialect : INTEGER
);
INSERT INTO S_BRG VALUES (
    "2d05e784-4e68-4ad9-b373-5583b0c79497", -- Brg_ID : UNIQUE_ID
    "33d21480-69a2-4ed7-9fd6-4b0d734cf2a9", -- EE_ID : UNIQUE_ID
    'unescapetics', -- Name : STRING
    'replaces all instances of '''' with '' to un-escape the tics for SQL', -- Descrip : STRING
    0, -- Brg_Typ : INTEGER
    "ba5eda7a-def5-0000-0000-000000000004", -- DT_ID : UNIQUE_ID
    '', -- Action_Semantics_internal : STRING
    1, -- Suc_Pars : INTEGER
    '', -- Return_Dimensions : STRING
    0 -- Dialect : INTEGER
);
INSERT INTO S_BRG VALUES (
    "7b593108-9200-42f0-86c7-49dfd1e5d704", -- Brg_ID : UNIQUE_ID
    "445e6cf8-2b35-4c6d-b9ff-1db8125259dc", -- EE_ID : UNIQUE_ID
    'sqrt', -- Name : STRING
    '', -- Descrip : STRING
    0, -- Brg_Typ : INTEGER
    "ba5eda7a-def5-0000-0000-000000000003", -- DT_ID : UNIQUE_ID
    '', -- Action_Semantics_internal : STRING
    1, -- Suc_Pars : INTEGER
    '', -- Return_Dimensions : STRING
    0 -- Dialect : INTEGER
);
INSERT INTO S_BRG VALUES (
    "c1f05ae4-a5cb-40a3-a774-d2cddaff579b", -- Brg_ID : UNIQUE_ID
    "c9877e9a-7dfe-4912-b126-3e0d533cabd5", -- EE_ID : UNIQUE_ID
    'ascending', -- Name : STRING
    '', -- Descrip : STRING
    0, -- Brg_Typ : INTEGER
    "ba5eda7a-def5-0000-0000-000000000001", -- DT_ID : UNIQUE_ID
    'return true;', -- Action_Semantics_internal : STRING
    1, -- Suc_Pars : INTEGER
    '', -- Return_Dimensions : STRING
    0 -- Dialect : INTEGER
);
INSERT INTO S_BRG VALUES (
    "cc2b571f-54b2-4585-86b3-d879d5e34b3d", -- Brg_ID : UNIQUE_ID
    "c9877e9a-7dfe-4912-b126-3e0d533cabd5", -- EE_ID : UNIQUE_ID
    'descending', -- Name : STRING
    '', -- Descrip : STRING
    0, -- Brg_Typ : INTEGER
    "ba5eda7a-def5-0000-0000-000000000001", -- DT_ID : UNIQUE_ID
    'return true;', -- Action_Semantics_internal : STRING
    1, -- Suc_Pars : INTEGER
    '', -- Return_Dimensions : STRING
    0 -- Dialect : INTEGER
);
INSERT INTO S_BRG VALUES (
    "3c5d78ee-496c-451e-bcc7-ad0d222c0e32", -- Brg_ID : UNIQUE_ID
    "4525dfcd-89bc-4810-bceb-c727b8c25e05", -- EE_ID : UNIQUE_ID
    'load', -- Name : STRING
    '', -- Descrip : STRING
    0, -- Brg_Typ : INTEGER
    "ba5eda7a-def5-0000-0000-000000000000", -- DT_ID : UNIQUE_ID
    '', -- Action_Semantics_internal : STRING
    1, -- Suc_Pars : INTEGER
    '', -- Return_Dimensions : STRING
    0 -- Dialect : INTEGER
);
INSERT INTO S_BRG VALUES (
    "e4340945-3812-4aa8-bc9b-e374d680118b", -- Brg_ID : UNIQUE_ID
    "4525dfcd-89bc-4810-bceb-c727b8c25e05", -- EE_ID : UNIQUE_ID
    'create', -- Name : STRING
    '', -- Descrip : STRING
    0, -- Brg_Typ : INTEGER
    "ba5eda7a-def5-0000-0000-000000000008", -- DT_ID : UNIQUE_ID
    '', -- Action_Semantics_internal : STRING
    1, -- Suc_Pars : INTEGER
    '', -- Return_Dimensions : STRING
    0 -- Dialect : INTEGER
);
INSERT INTO S_BRG VALUES (
    "5a5d5ceb-29f0-4209-aeba-150fb07052b7", -- Brg_ID : UNIQUE_ID
    "4525dfcd-89bc-4810-bceb-c727b8c25e05", -- EE_ID : UNIQUE_ID
    'set_attribute', -- Name : STRING
    '', -- Descrip : STRING
    0, -- Brg_Typ : INTEGER
    "ba5eda7a-def5-0000-0000-000000000000", -- DT_ID : UNIQUE_ID
    '', -- Action_Semantics_internal : STRING
    1, -- Suc_Pars : INTEGER
    '', -- Return_Dimensions : STRING
    0 -- Dialect : INTEGER
);
INSERT INTO S_BRG VALUES (
    "5dddfeb2-1f14-4aa5-ad63-8a909e0dec8c", -- Brg_ID : UNIQUE_ID
    "4525dfcd-89bc-4810-bceb-c727b8c25e05", -- EE_ID : UNIQUE_ID
    'relate', -- Name : STRING
    '', -- Descrip : STRING
    0, -- Brg_Typ : INTEGER
    "ba5eda7a-def5-0000-0000-000000000000", -- DT_ID : UNIQUE_ID
    '', -- Action_Semantics_internal : STRING
    1, -- Suc_Pars : INTEGER
    '', -- Return_Dimensions : STRING
    0 -- Dialect : INTEGER
);
INSERT INTO S_BRG VALUES (
    "4d455ec0-5a4f-467f-bd96-0eda52082970", -- Brg_ID : UNIQUE_ID
    "4525dfcd-89bc-4810-bceb-c727b8c25e05", -- EE_ID : UNIQUE_ID
    'relate_using', -- Name : STRING
    '', -- Descrip : STRING
    0, -- Brg_Typ : INTEGER
    "ba5eda7a-def5-0000-0000-000000000000", -- DT_ID : UNIQUE_ID
    '', -- Action_Semantics_internal : STRING
    1, -- Suc_Pars : INTEGER
    '', -- Return_Dimensions : STRING
    0 -- Dialect : INTEGER
);
INSERT INTO S_BRG VALUES (
    "b890cabd-de2c-4828-a8a5-d955fb7d67c4", -- Brg_ID : UNIQUE_ID
    "4525dfcd-89bc-4810-bceb-c727b8c25e05", -- EE_ID : UNIQUE_ID
    'call_function', -- Name : STRING
    '', -- Descrip : STRING
    0, -- Brg_Typ : INTEGER
    "ba5eda7a-def5-0000-0000-000000000008", -- DT_ID : UNIQUE_ID
    '', -- Action_Semantics_internal : STRING
    1, -- Suc_Pars : INTEGER
    '', -- Return_Dimensions : STRING
    0 -- Dialect : INTEGER
);
INSERT INTO S_BRG VALUES (
    "41ba132d-a1d1-4191-a09b-2557dff31e03", -- Brg_ID : UNIQUE_ID
    "3c9187e2-faac-4b05-986d-04c751e1632b", -- EE_ID : UNIQUE_ID
    'load_file', -- Name : STRING
    '', -- Descrip : STRING
    0, -- Brg_Typ : INTEGER
    "ba5eda7a-def5-0000-0000-000000000000", -- DT_ID : UNIQUE_ID
    '', -- Action_Semantics_internal : STRING
    1, -- Suc_Pars : INTEGER
    '', -- Return_Dimensions : STRING
    0 -- Dialect : INTEGER
);
INSERT INTO S_BRG VALUES (
    "9c9ff561-0230-49c6-93a0-97e6e806f171", -- Brg_ID : UNIQUE_ID
    "3c9187e2-faac-4b05-986d-04c751e1632b", -- EE_ID : UNIQUE_ID
    'serialize_file', -- Name : STRING
    '', -- Descrip : STRING
    0, -- Brg_Typ : INTEGER
    "ba5eda7a-def5-0000-0000-000000000000", -- DT_ID : UNIQUE_ID
    '', -- Action_Semantics_internal : STRING
    1, -- Suc_Pars : INTEGER
    '', -- Return_Dimensions : STRING
    0 -- Dialect : INTEGER
);
INSERT INTO S_BRG VALUES (
    "40eaec44-eb8d-4cae-959a-880b94c28c05", -- Brg_ID : UNIQUE_ID
    "3c9187e2-faac-4b05-986d-04c751e1632b", -- EE_ID : UNIQUE_ID
    'load', -- Name : STRING
    '', -- Descrip : STRING
    0, -- Brg_Typ : INTEGER
    "ba5eda7a-def5-0000-0000-000000000000", -- DT_ID : UNIQUE_ID
    '', -- Action_Semantics_internal : STRING
    1, -- Suc_Pars : INTEGER
    '', -- Return_Dimensions : STRING
    0 -- Dialect : INTEGER
);
INSERT INTO S_BRG VALUES (
    "a024f801-c9ad-4451-9c66-573aa528f182", -- Brg_ID : UNIQUE_ID
    "3c9187e2-faac-4b05-986d-04c751e1632b", -- EE_ID : UNIQUE_ID
    'serialize', -- Name : STRING
    '', -- Descrip : STRING
    0, -- Brg_Typ : INTEGER
    "ba5eda7a-def5-0000-0000-000000000000", -- DT_ID : UNIQUE_ID
    '', -- Action_Semantics_internal : STRING
    1, -- Suc_Pars : INTEGER
    '', -- Return_Dimensions : STRING
    0 -- Dialect : INTEGER
);
INSERT INTO S_BRG VALUES (
    "a83f64fc-8677-4fde-aa38-99aab40c8d1a", -- Brg_ID : UNIQUE_ID
    "d6db4b3d-c6a5-400a-92b9-6a391237afbb", -- EE_ID : UNIQUE_ID
    'body', -- Name : STRING
    '', -- Descrip : STRING
    0, -- Brg_Typ : INTEGER
    "ba5eda7a-def5-0000-0000-000000000004", -- DT_ID : UNIQUE_ID
    '', -- Action_Semantics_internal : STRING
    1, -- Suc_Pars : INTEGER
    '', -- Return_Dimensions : STRING
    0 -- Dialect : INTEGER
);
INSERT INTO S_BRG VALUES (
    "025ceff5-1023-427c-bbb0-750a3f4e97dc", -- Brg_ID : UNIQUE_ID
    "d6db4b3d-c6a5-400a-92b9-6a391237afbb", -- EE_ID : UNIQUE_ID
    'clear', -- Name : STRING
    '', -- Descrip : STRING
    0, -- Brg_Typ : INTEGER
    "ba5eda7a-def5-0000-0000-000000000000", -- DT_ID : UNIQUE_ID
    '', -- Action_Semantics_internal : STRING
    1, -- Suc_Pars : INTEGER
    '', -- Return_Dimensions : STRING
    0 -- Dialect : INTEGER
);
INSERT INTO S_BRG VALUES (
    "f7a1de23-2e31-4e8a-988b-ace95920d6c0", -- Brg_ID : UNIQUE_ID
    "d6db4b3d-c6a5-400a-92b9-6a391237afbb", -- EE_ID : UNIQUE_ID
    'append', -- Name : STRING
    '', -- Descrip : STRING
    0, -- Brg_Typ : INTEGER
    "ba5eda7a-def5-0000-0000-000000000000", -- DT_ID : UNIQUE_ID
    '', -- Action_Semantics_internal : STRING
    1, -- Suc_Pars : INTEGER
    '', -- Return_Dimensions : STRING
    0 -- Dialect : INTEGER
);
INSERT INTO S_BRG VALUES (
    "56d78985-bd88-4f57-97f5-3a8479d36a75", -- Brg_ID : UNIQUE_ID
    "d6db4b3d-c6a5-400a-92b9-6a391237afbb", -- EE_ID : UNIQUE_ID
    'include', -- Name : STRING
    '', -- Descrip : STRING
    0, -- Brg_Typ : INTEGER
    "ba5eda7a-def5-0000-0000-000000000000", -- DT_ID : UNIQUE_ID
    '', -- Action_Semantics_internal : STRING
    1, -- Suc_Pars : INTEGER
    '', -- Return_Dimensions : STRING
    0 -- Dialect : INTEGER
);
INSERT INTO S_BRG VALUES (
    "ad4f1248-1786-4a6c-9f24-575f1b7d5401", -- Brg_ID : UNIQUE_ID
    "d6db4b3d-c6a5-400a-92b9-6a391237afbb", -- EE_ID : UNIQUE_ID
    'emit', -- Name : STRING
    '', -- Descrip : STRING
    0, -- Brg_Typ : INTEGER
    "ba5eda7a-def5-0000-0000-000000000000", -- DT_ID : UNIQUE_ID
    '', -- Action_Semantics_internal : STRING
    1, -- Suc_Pars : INTEGER
    '', -- Return_Dimensions : STRING
    0 -- Dialect : INTEGER
);
INSERT INTO S_BRG VALUES (
    "387a0ac8-5355-48ef-a355-2676c1a68ecb", -- Brg_ID : UNIQUE_ID
    "d6db4b3d-c6a5-400a-92b9-6a391237afbb", -- EE_ID : UNIQUE_ID
    'sub', -- Name : STRING
    '', -- Descrip : STRING
    0, -- Brg_Typ : INTEGER
    "ba5eda7a-def5-0000-0000-000000000004", -- DT_ID : UNIQUE_ID
    '', -- Action_Semantics_internal : STRING
    1, -- Suc_Pars : INTEGER
    '', -- Return_Dimensions : STRING
    0 -- Dialect : INTEGER
);
INSERT INTO S_BRG VALUES (
    "a4310342-37b4-4aa7-825b-a056e08718c5", -- Brg_ID : UNIQUE_ID
    "d6db4b3d-c6a5-400a-92b9-6a391237afbb", -- EE_ID : UNIQUE_ID
    'set_output_directory', -- Name : STRING
    '', -- Descrip : STRING
    0, -- Brg_Typ : INTEGER
    "ba5eda7a-def5-0000-0000-000000000000", -- DT_ID : UNIQUE_ID
    '', -- Action_Semantics_internal : STRING
    1, -- Suc_Pars : INTEGER
    '', -- Return_Dimensions : STRING
    0 -- Dialect : INTEGER
);
INSERT INTO S_BRG VALUES (
    "3f74c1fa-616b-4b2a-aa3b-491d0b671973", -- Brg_ID : UNIQUE_ID
    "d6db4b3d-c6a5-400a-92b9-6a391237afbb", -- EE_ID : UNIQUE_ID
    'push_buffer', -- Name : STRING
    '', -- Descrip : STRING
    0, -- Brg_Typ : INTEGER
    "ba5eda7a-def5-0000-0000-000000000000", -- DT_ID : UNIQUE_ID
    '', -- Action_Semantics_internal : STRING
    1, -- Suc_Pars : INTEGER
    '', -- Return_Dimensions : STRING
    0 -- Dialect : INTEGER
);
INSERT INTO S_BRG VALUES (
    "62c9655c-04ce-4730-add9-3f1212865a27", -- Brg_ID : UNIQUE_ID
    "d6db4b3d-c6a5-400a-92b9-6a391237afbb", -- EE_ID : UNIQUE_ID
    'pop_buffer', -- Name : STRING
    '', -- Descrip : STRING
    0, -- Brg_Typ : INTEGER
    "ba5eda7a-def5-0000-0000-000000000000", -- DT_ID : UNIQUE_ID
    '', -- Action_Semantics_internal : STRING
    1, -- Suc_Pars : INTEGER
    '', -- Return_Dimensions : STRING
    0 -- Dialect : INTEGER
);
INSERT INTO S_BRG VALUES (
    "c7c7b56a-16b4-47d8-a682-c148ba0ff869", -- Brg_ID : UNIQUE_ID
    "c03ccce5-cb73-48ca-b676-b00270c95839", -- EE_ID : UNIQUE_ID
    'load', -- Name : STRING
    '', -- Descrip : STRING
    0, -- Brg_Typ : INTEGER
    "ba5eda7a-def5-0000-0000-000000000000", -- DT_ID : UNIQUE_ID
    '', -- Action_Semantics_internal : STRING
    1, -- Suc_Pars : INTEGER
    '', -- Return_Dimensions : STRING
    0 -- Dialect : INTEGER
);
INSERT INTO S_BRG VALUES (
    "bdc9cf61-1955-40c9-9744-9b3004874cc6", -- Brg_ID : UNIQUE_ID
    "c03ccce5-cb73-48ca-b676-b00270c95839", -- EE_ID : UNIQUE_ID
    'serialize', -- Name : STRING
    '', -- Descrip : STRING
    0, -- Brg_Typ : INTEGER
    "ba5eda7a-def5-0000-0000-000000000000", -- DT_ID : UNIQUE_ID
    '', -- Action_Semantics_internal : STRING
    1, -- Suc_Pars : INTEGER
    '', -- Return_Dimensions : STRING
    0 -- Dialect : INTEGER
);
INSERT INTO S_BRG VALUES (
    "5bd13bba-debc-4b14-b39f-b6d284c5b08d", -- Brg_ID : UNIQUE_ID
    "c03ccce5-cb73-48ca-b676-b00270c95839", -- EE_ID : UNIQUE_ID
    'initialize', -- Name : STRING
    '', -- Descrip : STRING
    0, -- Brg_Typ : INTEGER
    "ba5eda7a-def5-0000-0000-000000000000", -- DT_ID : UNIQUE_ID
    '', -- Action_Semantics_internal : STRING
    1, -- Suc_Pars : INTEGER
    '', -- Return_Dimensions : STRING
    0 -- Dialect : INTEGER
);
INSERT INTO S_CDT VALUES (
    "ba5eda7a-def5-0000-0000-000000000000", -- DT_ID : UNIQUE_ID
    0 -- Core_Typ : INTEGER
);
INSERT INTO S_CDT VALUES (
    "ba5eda7a-def5-0000-0000-000000000001", -- DT_ID : UNIQUE_ID
    1 -- Core_Typ : INTEGER
);
INSERT INTO S_CDT VALUES (
    "ba5eda7a-def5-0000-0000-000000000002", -- DT_ID : UNIQUE_ID
    2 -- Core_Typ : INTEGER
);
INSERT INTO S_CDT VALUES (
    "ba5eda7a-def5-0000-0000-000000000003", -- DT_ID : UNIQUE_ID
    3 -- Core_Typ : INTEGER
);
INSERT INTO S_CDT VALUES (
    "ba5eda7a-def5-0000-0000-000000000004", -- DT_ID : UNIQUE_ID
    4 -- Core_Typ : INTEGER
);
INSERT INTO S_CDT VALUES (
    "ba5eda7a-def5-0000-0000-000000000005", -- DT_ID : UNIQUE_ID
    5 -- Core_Typ : INTEGER
);
INSERT INTO S_CDT VALUES (
    "ba5eda7a-def5-0000-0000-000000000006", -- DT_ID : UNIQUE_ID
    6 -- Core_Typ : INTEGER
);
INSERT INTO S_CDT VALUES (
    "ba5eda7a-def5-0000-0000-000000000007", -- DT_ID : UNIQUE_ID
    7 -- Core_Typ : INTEGER
);
INSERT INTO S_CDT VALUES (
    "ba5eda7a-def5-0000-0000-000000000008", -- DT_ID : UNIQUE_ID
    8 -- Core_Typ : INTEGER
);
INSERT INTO S_CDT VALUES (
    "ba5eda7a-def5-0000-0000-000000000009", -- DT_ID : UNIQUE_ID
    9 -- Core_Typ : INTEGER
);
INSERT INTO S_CDT VALUES (
    "ba5eda7a-def5-0000-0000-00000000000a", -- DT_ID : UNIQUE_ID
    10 -- Core_Typ : INTEGER
);
INSERT INTO S_CDT VALUES (
    "ba5eda7a-def5-0000-0000-00000000000b", -- DT_ID : UNIQUE_ID
    11 -- Core_Typ : INTEGER
);
INSERT INTO S_CDT VALUES (
    "ba5eda7a-def5-0000-0000-00000000000c", -- DT_ID : UNIQUE_ID
    12 -- Core_Typ : INTEGER
);
INSERT INTO S_CDT VALUES (
    "ba5eda7a-def5-0000-0000-00000000000d", -- DT_ID : UNIQUE_ID
    13 -- Core_Typ : INTEGER
);
INSERT INTO S_DIM VALUES (
    0, -- elementCount : INTEGER
    0, -- dimensionCount : INTEGER
    "00000000-0000-0000-0000-000000000000", -- Sync_ID : UNIQUE_ID
    "00000000-0000-0000-0000-000000000000", -- SParm_ID : UNIQUE_ID
    "030b8ad4-05ad-415a-9745-c98c4f790575", -- BParm_ID : UNIQUE_ID
    "00000000-0000-0000-0000-000000000000", -- Brg_ID : UNIQUE_ID
    "00000000-0000-0000-0000-000000000000", -- Id : UNIQUE_ID
    "00000000-0000-0000-0000-000000000000", -- Obj_ID : UNIQUE_ID
    "00000000-0000-0000-0000-000000000000", -- Attr_ID : UNIQUE_ID
    "00000000-0000-0000-0000-000000000000", -- TParm_ID : UNIQUE_ID
    "00000000-0000-0000-0000-000000000000", -- Tfr_ID : UNIQUE_ID
    "00000000-0000-0000-0000-000000000000", -- Member_ID : UNIQUE_ID
    "00000000-0000-0000-0000-000000000000", -- DT_ID : UNIQUE_ID
    "00000000-0000-0000-0000-000000000000", -- PP_Id : UNIQUE_ID
    "00000000-0000-0000-0000-000000000000", -- SM_ID : UNIQUE_ID
    "00000000-0000-0000-0000-000000000000", -- SMedi_ID : UNIQUE_ID
    "8c0259e0-95ff-4d01-8783-8bb80f72108d", -- DIM_ID : UNIQUE_ID
    "00000000-0000-0000-0000-000000000000", -- Var_ID : UNIQUE_ID
    "00000000-0000-0000-0000-000000000000", -- TSParm_ID : UNIQUE_ID
    "00000000-0000-0000-0000-000000000000" -- Svc_ID : UNIQUE_ID
);
INSERT INTO S_DIM VALUES (
    0, -- elementCount : INTEGER
    0, -- dimensionCount : INTEGER
    "00000000-0000-0000-0000-000000000000", -- Sync_ID : UNIQUE_ID
    "00000000-0000-0000-0000-000000000000", -- SParm_ID : UNIQUE_ID
    "9655860a-1775-4c02-bf88-60f28d3010cf", -- BParm_ID : UNIQUE_ID
    "00000000-0000-0000-0000-000000000000", -- Brg_ID : UNIQUE_ID
    "00000000-0000-0000-0000-000000000000", -- Id : UNIQUE_ID
    "00000000-0000-0000-0000-000000000000", -- Obj_ID : UNIQUE_ID
    "00000000-0000-0000-0000-000000000000", -- Attr_ID : UNIQUE_ID
    "00000000-0000-0000-0000-000000000000", -- TParm_ID : UNIQUE_ID
    "00000000-0000-0000-0000-000000000000", -- Tfr_ID : UNIQUE_ID
    "00000000-0000-0000-0000-000000000000", -- Member_ID : UNIQUE_ID
    "00000000-0000-0000-0000-000000000000", -- DT_ID : UNIQUE_ID
    "00000000-0000-0000-0000-000000000000", -- PP_Id : UNIQUE_ID
    "00000000-0000-0000-0000-000000000000", -- SM_ID : UNIQUE_ID
    "00000000-0000-0000-0000-000000000000", -- SMedi_ID : UNIQUE_ID
    "520d3a81-54a2-4c9a-b2b6-72a3b5d856b5", -- DIM_ID : UNIQUE_ID
    "00000000-0000-0000-0000-000000000000", -- Var_ID : UNIQUE_ID
    "00000000-0000-0000-0000-000000000000", -- TSParm_ID : UNIQUE_ID
    "00000000-0000-0000-0000-000000000000" -- Svc_ID : UNIQUE_ID
);
INSERT INTO S_DIM VALUES (
    10, -- elementCount : INTEGER
    0, -- dimensionCount : INTEGER
    "00000000-0000-0000-0000-000000000000", -- Sync_ID : UNIQUE_ID
    "00000000-0000-0000-0000-000000000000", -- SParm_ID : UNIQUE_ID
    "00000000-0000-0000-0000-000000000000", -- BParm_ID : UNIQUE_ID
    "00000000-0000-0000-0000-000000000000", -- Brg_ID : UNIQUE_ID
    "00000000-0000-0000-0000-000000000000", -- Id : UNIQUE_ID
    "00000000-0000-0000-0000-000000000000", -- Obj_ID : UNIQUE_ID
    "00000000-0000-0000-0000-000000000000", -- Attr_ID : UNIQUE_ID
    "00000000-0000-0000-0000-000000000000", -- TParm_ID : UNIQUE_ID
    "00000000-0000-0000-0000-000000000000", -- Tfr_ID : UNIQUE_ID
    "00000000-0000-0000-0000-000000000000", -- Member_ID : UNIQUE_ID
    "00000000-0000-0000-0000-000000000000", -- DT_ID : UNIQUE_ID
    "00000000-0000-0000-0000-000000000000", -- PP_Id : UNIQUE_ID
    "00000000-0000-0000-0000-000000000000", -- SM_ID : UNIQUE_ID
    "00000000-0000-0000-0000-000000000000", -- SMedi_ID : UNIQUE_ID
    "c5189669-d425-4d06-9117-80163cd40dca", -- DIM_ID : UNIQUE_ID
    "31220a34-fa8b-4929-8157-6305178151ce", -- Var_ID : UNIQUE_ID
    "00000000-0000-0000-0000-000000000000", -- TSParm_ID : UNIQUE_ID
    "00000000-0000-0000-0000-000000000000" -- Svc_ID : UNIQUE_ID
);
INSERT INTO S_DT VALUES (
    "ba5eda7a-def5-0000-0000-000000000000", -- DT_ID : UNIQUE_ID
    "00000000-0000-0000-0000-000000000000", -- Dom_ID : UNIQUE_ID
    'void', -- Name : STRING
    '', -- Descrip : STRING
    '' -- DefaultValue : STRING
);
INSERT INTO S_DT VALUES (
    "ba5eda7a-def5-0000-0000-000000000001", -- DT_ID : UNIQUE_ID
    "00000000-0000-0000-0000-000000000000", -- Dom_ID : UNIQUE_ID
    'boolean', -- Name : STRING
    '', -- Descrip : STRING
    '' -- DefaultValue : STRING
);
INSERT INTO S_DT VALUES (
    "ba5eda7a-def5-0000-0000-000000000002", -- DT_ID : UNIQUE_ID
    "00000000-0000-0000-0000-000000000000", -- Dom_ID : UNIQUE_ID
    'integer', -- Name : STRING
    '', -- Descrip : STRING
    '' -- DefaultValue : STRING
);
INSERT INTO S_DT VALUES (
    "ba5eda7a-def5-0000-0000-000000000003", -- DT_ID : UNIQUE_ID
    "00000000-0000-0000-0000-000000000000", -- Dom_ID : UNIQUE_ID
    'real', -- Name : STRING
    '', -- Descrip : STRING
    '' -- DefaultValue : STRING
);
INSERT INTO S_DT VALUES (
    "ba5eda7a-def5-0000-0000-000000000004", -- DT_ID : UNIQUE_ID
    "00000000-0000-0000-0000-000000000000", -- Dom_ID : UNIQUE_ID
    'string', -- Name : STRING
    '', -- Descrip : STRING
    '' -- DefaultValue : STRING
);
INSERT INTO S_DT VALUES (
    "ba5eda7a-def5-0000-0000-000000000005", -- DT_ID : UNIQUE_ID
    "00000000-0000-0000-0000-000000000000", -- Dom_ID : UNIQUE_ID
    'unique_id', -- Name : STRING
    '', -- Descrip : STRING
    '' -- DefaultValue : STRING
);
INSERT INTO S_DT VALUES (
    "ba5eda7a-def5-0000-0000-000000000006", -- DT_ID : UNIQUE_ID
    "00000000-0000-0000-0000-000000000000", -- Dom_ID : UNIQUE_ID
    'state<State_Model>', -- Name : STRING
    '', -- Descrip : STRING
    '' -- DefaultValue : STRING
);
INSERT INTO S_DT VALUES (
    "ba5eda7a-def5-0000-0000-000000000007", -- DT_ID : UNIQUE_ID
    "00000000-0000-0000-0000-000000000000", -- Dom_ID : UNIQUE_ID
    'same_as<Base_Attribute>', -- Name : STRING
    '', -- Descrip : STRING
    '' -- DefaultValue : STRING
);
INSERT INTO S_DT VALUES (
    "ba5eda7a-def5-0000-0000-000000000008", -- DT_ID : UNIQUE_ID
    "00000000-0000-0000-0000-000000000000", -- Dom_ID : UNIQUE_ID
    'inst_ref<Object>', -- Name : STRING
    '', -- Descrip : STRING
    '' -- DefaultValue : STRING
);
INSERT INTO S_DT VALUES (
    "ba5eda7a-def5-0000-0000-000000000009", -- DT_ID : UNIQUE_ID
    "00000000-0000-0000-0000-000000000000", -- Dom_ID : UNIQUE_ID
    'inst_ref_set<Object>', -- Name : STRING
    '', -- Descrip : STRING
    '' -- DefaultValue : STRING
);
INSERT INTO S_DT VALUES (
    "ba5eda7a-def5-0000-0000-00000000000a", -- DT_ID : UNIQUE_ID
    "00000000-0000-0000-0000-000000000000", -- Dom_ID : UNIQUE_ID
    'inst<Event>', -- Name : STRING
    '', -- Descrip : STRING
    '' -- DefaultValue : STRING
);
INSERT INTO S_DT VALUES (
    "ba5eda7a-def5-0000-0000-00000000000b", -- DT_ID : UNIQUE_ID
    "00000000-0000-0000-0000-000000000000", -- Dom_ID : UNIQUE_ID
    'inst<Mapping>', -- Name : STRING
    '', -- Descrip : STRING
    '' -- DefaultValue : STRING
);
INSERT INTO S_DT VALUES (
    "ba5eda7a-def5-0000-0000-00000000000c", -- DT_ID : UNIQUE_ID
    "00000000-0000-0000-0000-000000000000", -- Dom_ID : UNIQUE_ID
    'inst_ref<Mapping>', -- Name : STRING
    '', -- Descrip : STRING
    '' -- DefaultValue : STRING
);
INSERT INTO S_DT VALUES (
    "ba5eda7a-def5-0000-0000-00000000000d", -- DT_ID : UNIQUE_ID
    "00000000-0000-0000-0000-000000000000", -- Dom_ID : UNIQUE_ID
    'component_ref', -- Name : STRING
    '', -- Descrip : STRING
    '' -- DefaultValue : STRING
);
INSERT INTO S_DT VALUES (
    "ba5eda7a-def5-0000-0000-00000000000e", -- DT_ID : UNIQUE_ID
    "00000000-0000-0000-0000-000000000000", -- Dom_ID : UNIQUE_ID
    'date', -- Name : STRING
    '', -- Descrip : STRING
    '' -- DefaultValue : STRING
);
INSERT INTO S_DT VALUES (
    "ba5eda7a-def5-0000-0000-00000000000f", -- DT_ID : UNIQUE_ID
    "00000000-0000-0000-0000-000000000000", -- Dom_ID : UNIQUE_ID
    'inst_ref<Timer>', -- Name : STRING
    '', -- Descrip : STRING
    '' -- DefaultValue : STRING
);
INSERT INTO S_DT VALUES (
    "ba5eda7a-def5-0000-0000-000000000010", -- DT_ID : UNIQUE_ID
    "00000000-0000-0000-0000-000000000000", -- Dom_ID : UNIQUE_ID
    'timestamp', -- Name : STRING
    '', -- Descrip : STRING
    '' -- DefaultValue : STRING
);
INSERT INTO S_DT VALUES (
    "168b328b-2af0-412b-bbf5-7e71f1fea433", -- DT_ID : UNIQUE_ID
    "00000000-0000-0000-0000-000000000000", -- Dom_ID : UNIQUE_ID
    'Employees', -- Name : STRING
    '', -- Descrip : STRING
    '' -- DefaultValue : STRING
);
INSERT INTO S_DT VALUES (
    "0d542083-4531-45d6-8411-30f81c92d642", -- DT_ID : UNIQUE_ID
    "00000000-0000-0000-0000-000000000000", -- Dom_ID : UNIQUE_ID
    'structureData', -- Name : STRING
    '', -- Descrip : STRING
    '' -- DefaultValue : STRING
);
INSERT INTO S_DT VALUES (
    "51cda5d8-b9fa-4471-8c71-5014f092a96c", -- DT_ID : UNIQUE_ID
    "00000000-0000-0000-0000-000000000000", -- Dom_ID : UNIQUE_ID
    'Employees', -- Name : STRING
    '', -- Descrip : STRING
    '' -- DefaultValue : STRING
);
INSERT INTO S_EE VALUES (
    "301ed0ee-cd6b-49d6-949f-df904baa862c", -- EE_ID : UNIQUE_ID
    'Architecture', -- Name : STRING
    '', -- Descrip : STRING
    'ARCH', -- Key_Lett : STRING
    "00000000-0000-0000-0000-000000000000", -- Dom_ID : UNIQUE_ID
    '', -- Realized_Class_Path : STRING
    'Architecture', -- Label : STRING
    1 -- isRealized : BOOLEAN
);
INSERT INTO S_EE VALUES (
    "fb3760d2-2a3e-463f-bd24-66cd25fdba39", -- EE_ID : UNIQUE_ID
    'Logging', -- Name : STRING
    '', -- Descrip : STRING
    'LOG', -- Key_Lett : STRING
    "00000000-0000-0000-0000-000000000000", -- Dom_ID : UNIQUE_ID
    '', -- Realized_Class_Path : STRING
    'Logging', -- Label : STRING
    1 -- isRealized : BOOLEAN
);
INSERT INTO S_EE VALUES (
    "0cbe8000-b94e-43c0-a74e-b3d9f70bb59d", -- EE_ID : UNIQUE_ID
    'Time', -- Name : STRING
    'The Time external entity provides date, timestamp, and timer related operations.', -- Descrip : STRING
    'TIM', -- Key_Lett : STRING
    "00000000-0000-0000-0000-000000000000", -- Dom_ID : UNIQUE_ID
    '', -- Realized_Class_Path : STRING
    'Time', -- Label : STRING
    1 -- isRealized : BOOLEAN
);
INSERT INTO S_EE VALUES (
    "2c85491d-6998-469c-bc26-d447450f7f85", -- EE_ID : UNIQUE_ID
    'Command Line', -- Name : STRING
    'This utility provides an interface to the command line arguements of the
application. ''register_flag'' and ''register_value'' are used to set up possible
options that may be queried. ''read_command_line'' signals the tool to parse
the command line arguments based on the registered options. ''get_flag'' and
''get_value'' query the loaded command line options. The ''register_*'' bridges
are intended to be called in the initializaion routine for a component. After
all options, are registered, ''read_command_line'' should be called to load
and validate the options. At this point, if the command line options do not
match the requirements of the registered options, the application will terminate.
Once ''read_command_line'' is invoked, no more options may be registered. The
''get_*'' bridges may be called any number of times afterwards to query the
command line.', -- Descrip : STRING
    'CMD', -- Key_Lett : STRING
    "00000000-0000-0000-0000-000000000000", -- Dom_ID : UNIQUE_ID
    '', -- Realized_Class_Path : STRING
    'Command Line', -- Label : STRING
    1 -- isRealized : BOOLEAN
);
INSERT INTO S_EE VALUES (
    "33d21480-69a2-4ed7-9fd6-4b0d734cf2a9", -- EE_ID : UNIQUE_ID
    'string', -- Name : STRING
    '', -- Descrip : STRING
    'STRING', -- Key_Lett : STRING
    "00000000-0000-0000-0000-000000000000", -- Dom_ID : UNIQUE_ID
    '', -- Realized_Class_Path : STRING
    'string', -- Label : STRING
    1 -- isRealized : BOOLEAN
);
INSERT INTO S_EE VALUES (
    "445e6cf8-2b35-4c6d-b9ff-1db8125259dc", -- EE_ID : UNIQUE_ID
    'math', -- Name : STRING
    '', -- Descrip : STRING
    'MATH', -- Key_Lett : STRING
    "00000000-0000-0000-0000-000000000000", -- Dom_ID : UNIQUE_ID
    '', -- Realized_Class_Path : STRING
    'math', -- Label : STRING
    1 -- isRealized : BOOLEAN
);
INSERT INTO S_EE VALUES (
    "c9877e9a-7dfe-4912-b126-3e0d533cabd5", -- EE_ID : UNIQUE_ID
    'sorting', -- Name : STRING
    '', -- Descrip : STRING
    'SORT', -- Key_Lett : STRING
    "00000000-0000-0000-0000-000000000000", -- Dom_ID : UNIQUE_ID
    '', -- Realized_Class_Path : STRING
    'sorting', -- Label : STRING
    1 -- isRealized : BOOLEAN
);
INSERT INTO S_EE VALUES (
    "4525dfcd-89bc-4810-bceb-c727b8c25e05", -- EE_ID : UNIQUE_ID
    'Load', -- Name : STRING
    '', -- Descrip : STRING
    'LOAD', -- Key_Lett : STRING
    "00000000-0000-0000-0000-000000000000", -- Dom_ID : UNIQUE_ID
    '', -- Realized_Class_Path : STRING
    'Load', -- Label : STRING
    1 -- isRealized : BOOLEAN
);
INSERT INTO S_EE VALUES (
    "3c9187e2-faac-4b05-986d-04c751e1632b", -- EE_ID : UNIQUE_ID
    'SQL', -- Name : STRING
    '', -- Descrip : STRING
    'SQL', -- Key_Lett : STRING
    "00000000-0000-0000-0000-000000000000", -- Dom_ID : UNIQUE_ID
    '', -- Realized_Class_Path : STRING
    'SQL', -- Label : STRING
    1 -- isRealized : BOOLEAN
);
INSERT INTO S_EE VALUES (
    "d6db4b3d-c6a5-400a-92b9-6a391237afbb", -- EE_ID : UNIQUE_ID
    'templating', -- Name : STRING
    '', -- Descrip : STRING
    'T', -- Key_Lett : STRING
    "00000000-0000-0000-0000-000000000000", -- Dom_ID : UNIQUE_ID
    '', -- Realized_Class_Path : STRING
    'templating', -- Label : STRING
    1 -- isRealized : BOOLEAN
);
INSERT INTO S_EE VALUES (
    "c03ccce5-cb73-48ca-b676-b00270c95839", -- EE_ID : UNIQUE_ID
    'DynamoDB', -- Name : STRING
    '', -- Descrip : STRING
    'DynamoDB', -- Key_Lett : STRING
    "00000000-0000-0000-0000-000000000000", -- Dom_ID : UNIQUE_ID
    '', -- Realized_Class_Path : STRING
    'DynamoDB', -- Label : STRING
    1 -- isRealized : BOOLEAN
);
INSERT INTO S_MBR VALUES (
    "630a0855-b5dd-4017-82e8-5fc7a27cba26", -- Member_ID : UNIQUE_ID
    'what', -- Name : STRING
    '', -- Descrip : STRING
    "0d542083-4531-45d6-8411-30f81c92d642", -- Parent_DT_DT_ID : UNIQUE_ID
    "ba5eda7a-def5-0000-0000-000000000002", -- DT_ID : UNIQUE_ID
    "00000000-0000-0000-0000-000000000000", -- Previous_Member_ID : UNIQUE_ID
    '' -- Dimensions : STRING
);
INSERT INTO S_SDT VALUES (
    "0d542083-4531-45d6-8411-30f81c92d642" -- DT_ID : UNIQUE_ID
);
INSERT INTO S_SPARM VALUES (
    "3a8c0fe8-12a7-4d09-8b8f-b61c254b15f4", -- SParm_ID : UNIQUE_ID
    "8e6515f0-ca9a-424d-b35b-60f69ec5dcc5", -- Sync_ID : UNIQUE_ID
    'msg', -- Name : STRING
    "ba5eda7a-def5-0000-0000-000000000002", -- DT_ID : UNIQUE_ID
    0, -- By_Ref : INTEGER
    '', -- Dimensions : STRING
    "00000000-0000-0000-0000-000000000000", -- Previous_SParm_ID : UNIQUE_ID
    '' -- Descrip : STRING
);
INSERT INTO S_SYNC VALUES (
    "8e6515f0-ca9a-424d-b35b-60f69ec5dcc5", -- Sync_ID : UNIQUE_ID
    "00000000-0000-0000-0000-000000000000", -- Dom_ID : UNIQUE_ID
    'Reply', -- Name : STRING
    '', -- Descrip : STRING
    '', -- Action_Semantics_internal : STRING
    "ba5eda7a-def5-0000-0000-000000000000", -- DT_ID : UNIQUE_ID
    3, -- Suc_Pars : INTEGER
    '', -- Return_Dimensions : STRING
    0 -- Dialect : INTEGER
);
INSERT INTO S_SYS VALUES (
    "7fdc406f-2939-49c0-8fab-99de27b70193", -- Sys_ID : UNIQUE_ID
    'runtime', -- Name : STRING
    1 -- useGlobals : BOOLEAN
);
INSERT INTO S_SYS VALUES (
    "ccdb2e52-76fc-4422-936f-a0239fd9d106", -- Sys_ID : UNIQUE_ID
    'hrm', -- Name : STRING
    1 -- useGlobals : BOOLEAN
);
INSERT INTO S_SYS VALUES (
    "46564f98-385d-43d9-876a-ca551a77e802", -- Sys_ID : UNIQUE_ID
    'HRUI', -- Name : STRING
    1 -- useGlobals : BOOLEAN
);
INSERT INTO S_SYS VALUES (
    "a31b98b3-80c6-4eea-80cb-d84755441c10", -- Sys_ID : UNIQUE_ID
    'HRsystem', -- Name : STRING
    1 -- useGlobals : BOOLEAN
);
INSERT INTO S_UDT VALUES (
    "ba5eda7a-def5-0000-0000-00000000000e", -- DT_ID : UNIQUE_ID
    "ba5eda7a-def5-0000-0000-00000000000b", -- CDT_DT_ID : UNIQUE_ID
    1, -- Gen_Type : INTEGER
    '' -- Definition : STRING
);
INSERT INTO S_UDT VALUES (
    "ba5eda7a-def5-0000-0000-00000000000f", -- DT_ID : UNIQUE_ID
    "ba5eda7a-def5-0000-0000-00000000000c", -- CDT_DT_ID : UNIQUE_ID
    3, -- Gen_Type : INTEGER
    '' -- Definition : STRING
);
INSERT INTO S_UDT VALUES (
    "ba5eda7a-def5-0000-0000-000000000010", -- DT_ID : UNIQUE_ID
    "ba5eda7a-def5-0000-0000-00000000000b", -- CDT_DT_ID : UNIQUE_ID
    2, -- Gen_Type : INTEGER
    '' -- Definition : STRING
);
INSERT INTO S_UDT VALUES (
    "168b328b-2af0-412b-bbf5-7e71f1fea433", -- DT_ID : UNIQUE_ID
    "ba5eda7a-def5-0000-0000-00000000000b", -- CDT_DT_ID : UNIQUE_ID
    0, -- Gen_Type : INTEGER
    '' -- Definition : STRING
);
INSERT INTO S_UDT VALUES (
    "51cda5d8-b9fa-4471-8c71-5014f092a96c", -- DT_ID : UNIQUE_ID
    "ba5eda7a-def5-0000-0000-00000000000b", -- CDT_DT_ID : UNIQUE_ID
    0, -- Gen_Type : INTEGER
    '' -- Definition : STRING
);
INSERT INTO V_AER VALUES (
    "f997a720-adfe-42f8-9ea0-343ee92bd4c5", -- Value_ID : UNIQUE_ID
    "3ba7d9c5-43be-49c7-8e3e-03d21f7ef1dd", -- Root_Value_ID : UNIQUE_ID
    "0e31efa3-77ff-4972-a2e2-465cb90e801e" -- Index_Value_ID : UNIQUE_ID
);
INSERT INTO V_AER VALUES (
    "5a46e948-1bf2-406c-aee8-a381710cac77", -- Value_ID : UNIQUE_ID
    "255bd005-43a2-4979-a2a0-3c3fe8cc424c", -- Root_Value_ID : UNIQUE_ID
    "5110dc56-b7bd-4467-88d7-807cdf91a65e" -- Index_Value_ID : UNIQUE_ID
);
INSERT INTO V_AER VALUES (
    "e7688244-7597-4d07-9fb2-0c1a820fdfd4", -- Value_ID : UNIQUE_ID
    "07aee865-0298-4997-aa27-87f648347723", -- Root_Value_ID : UNIQUE_ID
    "21a711db-3a00-4750-9764-25d1b413912f" -- Index_Value_ID : UNIQUE_ID
);
INSERT INTO V_AER VALUES (
    "64abce1f-ad8c-4b23-a23a-8f4bbc07fc7f", -- Value_ID : UNIQUE_ID
    "8eb8b0a4-13ea-4657-8d98-895643e643f9", -- Root_Value_ID : UNIQUE_ID
    "d986ac10-4f7f-41f5-b25f-e50dd5b7bc7e" -- Index_Value_ID : UNIQUE_ID
);
INSERT INTO V_AER VALUES (
    "5646f7fe-1038-4db9-84e0-19f742fd06da", -- Value_ID : UNIQUE_ID
    "539ffadc-4163-4199-a208-ae9a9b350e4a", -- Root_Value_ID : UNIQUE_ID
    "d451b321-82c0-419b-b70a-31e8c6d59095" -- Index_Value_ID : UNIQUE_ID
);
INSERT INTO V_AER VALUES (
    "3c5f4180-8ba2-491e-9581-00bab426977f", -- Value_ID : UNIQUE_ID
    "5754a19e-e310-44e5-a12c-2a6a64b6fae5", -- Root_Value_ID : UNIQUE_ID
    "a42a0509-75fd-4d3d-bf50-d45b85a4ae65" -- Index_Value_ID : UNIQUE_ID
);
INSERT INTO V_AER VALUES (
    "0fdea665-7ac4-4024-a8ea-7a1a63680660", -- Value_ID : UNIQUE_ID
    "b9d8ed6a-6ed0-4db2-979c-c158ee6563af", -- Root_Value_ID : UNIQUE_ID
    "5ff561f1-4b38-4696-a5e6-2410a19c5fdf" -- Index_Value_ID : UNIQUE_ID
);
INSERT INTO V_AER VALUES (
    "3fd4037b-f4a7-4bf4-b5d4-f862f36a2da0", -- Value_ID : UNIQUE_ID
    "8b807e2b-8dff-4e02-ad7e-ddb8a5419b34", -- Root_Value_ID : UNIQUE_ID
    "84b6d7ea-b98f-4c62-9654-9a5166c51e9c" -- Index_Value_ID : UNIQUE_ID
);
INSERT INTO V_AER VALUES (
    "1498751a-703f-4b53-bd80-e0293a6c7c3e", -- Value_ID : UNIQUE_ID
    "ff318536-1cd9-42b9-8bf7-36f7881509fe", -- Root_Value_ID : UNIQUE_ID
    "2f3cefcc-2bd6-49fb-ba5a-552e2f139867" -- Index_Value_ID : UNIQUE_ID
);
INSERT INTO V_AER VALUES (
    "e7d6a5de-66a5-4a3c-8ecd-c1743293b6f2", -- Value_ID : UNIQUE_ID
    "ac612d49-35ba-456c-934f-93a5295c7fd5", -- Root_Value_ID : UNIQUE_ID
    "49b6386b-f45e-4dc7-a094-23cef276f9d4" -- Index_Value_ID : UNIQUE_ID
);
INSERT INTO V_AER VALUES (
    "0b7ae5b7-a15a-4291-997a-fc87df350dcb", -- Value_ID : UNIQUE_ID
    "4d964d3d-793a-4f77-82e5-2e0cd046c235", -- Root_Value_ID : UNIQUE_ID
    "dbe8e672-063d-4be1-8453-fb39ea312764" -- Index_Value_ID : UNIQUE_ID
);
INSERT INTO V_AVL VALUES (
    "3aead455-e162-4774-951b-32cbb3d4942f", -- Value_ID : UNIQUE_ID
    "c3f91757-0268-42b8-9fb0-5b9e72817e85", -- Root_Value_ID : UNIQUE_ID
    "d8528470-976c-421b-a087-1201ac24302f", -- Obj_ID : UNIQUE_ID
    "7e42a956-78c5-4651-8efb-01820a985edd" -- Attr_ID : UNIQUE_ID
);
INSERT INTO V_AVL VALUES (
    "494ca10e-f3c6-48be-9ecb-5aa7ce0744b9", -- Value_ID : UNIQUE_ID
    "c4802e7a-e52c-47b2-be87-59b856a7e30a", -- Root_Value_ID : UNIQUE_ID
    "d8528470-976c-421b-a087-1201ac24302f", -- Obj_ID : UNIQUE_ID
    "af90ebd4-1702-491f-85cd-2d5dbfad46bb" -- Attr_ID : UNIQUE_ID
);
INSERT INTO V_AVL VALUES (
    "73a5b2d3-6181-4d09-9587-a462888fa628", -- Value_ID : UNIQUE_ID
    "b2a01757-3a3a-4dde-bc23-d541f3ff5a24", -- Root_Value_ID : UNIQUE_ID
    "d8528470-976c-421b-a087-1201ac24302f", -- Obj_ID : UNIQUE_ID
    "9066db86-0565-4761-9920-bcf2a1cd02d9" -- Attr_ID : UNIQUE_ID
);
INSERT INTO V_AVL VALUES (
    "4194baed-b9ee-4146-9125-f8613f5e5190", -- Value_ID : UNIQUE_ID
    "70e51257-8cc5-46b2-8f87-a7acb296297b", -- Root_Value_ID : UNIQUE_ID
    "d8528470-976c-421b-a087-1201ac24302f", -- Obj_ID : UNIQUE_ID
    "9066db86-0565-4761-9920-bcf2a1cd02d9" -- Attr_ID : UNIQUE_ID
);
INSERT INTO V_AVL VALUES (
    "dc8f4f54-8ea3-414a-ac57-7aa6a3109644", -- Value_ID : UNIQUE_ID
    "ac4d38f0-d5d1-417c-9cd5-f9416b48001e", -- Root_Value_ID : UNIQUE_ID
    "d8528470-976c-421b-a087-1201ac24302f", -- Obj_ID : UNIQUE_ID
    "9066db86-0565-4761-9920-bcf2a1cd02d9" -- Attr_ID : UNIQUE_ID
);
INSERT INTO V_BIN VALUES (
    "d4504360-5c13-484f-852f-055e37ec3877", -- Value_ID : UNIQUE_ID
    "5f4f83fe-0f85-4494-b143-fccb113a4b06", -- Right_Value_ID : UNIQUE_ID
    "5091a549-aa88-44aa-937a-a259bbd8fab6", -- Left_Value_ID : UNIQUE_ID
    '>=' -- Operator : STRING
);
INSERT INTO V_BIN VALUES (
    "66ba7596-3a07-4ed3-85b8-beb2b3b39202", -- Value_ID : UNIQUE_ID
    "9cc57e0e-3d6a-4a41-89c0-11d19a8c36db", -- Right_Value_ID : UNIQUE_ID
    "fac26d86-6f52-4004-81b4-cf503ff1cb88", -- Left_Value_ID : UNIQUE_ID
    '%' -- Operator : STRING
);
INSERT INTO V_BIN VALUES (
    "01831ae1-e28e-43e2-88be-42d934e40702", -- Value_ID : UNIQUE_ID
    "765c940f-c4dd-41ab-8258-87771b530da5", -- Right_Value_ID : UNIQUE_ID
    "26b7d87a-ce36-463c-8b79-3a36aa06b729", -- Left_Value_ID : UNIQUE_ID
    '/' -- Operator : STRING
);
INSERT INTO V_BIN VALUES (
    "ce293593-241b-45b8-8784-3e1aa7ff98cf", -- Value_ID : UNIQUE_ID
    "c36640d8-3c03-4335-995e-fd83c5c284ad", -- Right_Value_ID : UNIQUE_ID
    "0b7ae5b7-a15a-4291-997a-fc87df350dcb", -- Left_Value_ID : UNIQUE_ID
    '+' -- Operator : STRING
);
INSERT INTO V_BIN VALUES (
    "45fec2f1-1224-4a15-8fb1-7094e5bffc64", -- Value_ID : UNIQUE_ID
    "ca8a823d-78ca-47ed-86f8-4718e0f98cd5", -- Right_Value_ID : UNIQUE_ID
    "4194baed-b9ee-4146-9125-f8613f5e5190", -- Left_Value_ID : UNIQUE_ID
    '==' -- Operator : STRING
);
INSERT INTO V_BIN VALUES (
    "4ca08318-e3fd-4607-b83f-38b12c8dcd92", -- Value_ID : UNIQUE_ID
    "7b5d090a-70ad-46dd-8b1c-597b3a8841fd", -- Right_Value_ID : UNIQUE_ID
    "dc8f4f54-8ea3-414a-ac57-7aa6a3109644", -- Left_Value_ID : UNIQUE_ID
    '==' -- Operator : STRING
);
INSERT INTO V_BRV VALUES (
    "d4eeeb04-04c5-4ab8-a1d8-25804e6adf39", -- Value_ID : UNIQUE_ID
    "8a08e8b6-4de0-437f-968f-71d65464ceb7", -- Brg_ID : UNIQUE_ID
    1, -- ParmListOK : BOOLEAN
    0, -- externalEntityKeyLettersLineNumber : INTEGER
    0 -- externalEntityKeyLettersColumn : INTEGER
);
INSERT INTO V_BRV VALUES (
    "a2c04f52-c1e0-41a7-989a-128193a0b5e4", -- Value_ID : UNIQUE_ID
    "af615ef3-56dd-40b1-be6b-27e07023a829", -- Brg_ID : UNIQUE_ID
    1, -- ParmListOK : BOOLEAN
    0, -- externalEntityKeyLettersLineNumber : INTEGER
    0 -- externalEntityKeyLettersColumn : INTEGER
);
INSERT INTO V_BRV VALUES (
    "6d91acc8-66ed-41e7-942e-52480d764f2d", -- Value_ID : UNIQUE_ID
    "af615ef3-56dd-40b1-be6b-27e07023a829", -- Brg_ID : UNIQUE_ID
    1, -- ParmListOK : BOOLEAN
    0, -- externalEntityKeyLettersLineNumber : INTEGER
    0 -- externalEntityKeyLettersColumn : INTEGER
);
INSERT INTO V_BRV VALUES (
    "308e37d4-3df7-44c6-845b-5ada72c0c593", -- Value_ID : UNIQUE_ID
    "af615ef3-56dd-40b1-be6b-27e07023a829", -- Brg_ID : UNIQUE_ID
    1, -- ParmListOK : BOOLEAN
    0, -- externalEntityKeyLettersLineNumber : INTEGER
    0 -- externalEntityKeyLettersColumn : INTEGER
);
INSERT INTO V_BRV VALUES (
    "1641d6f8-eb6a-4408-b16d-c8eeb3ba77bf", -- Value_ID : UNIQUE_ID
    "af615ef3-56dd-40b1-be6b-27e07023a829", -- Brg_ID : UNIQUE_ID
    1, -- ParmListOK : BOOLEAN
    0, -- externalEntityKeyLettersLineNumber : INTEGER
    0 -- externalEntityKeyLettersColumn : INTEGER
);
INSERT INTO V_INT VALUES (
    "3c3b3823-b1de-4410-aa22-59f78754d12b", -- Var_ID : UNIQUE_ID
    0, -- IsImplicitInFor : BOOLEAN
    "d8528470-976c-421b-a087-1201ac24302f" -- Obj_ID : UNIQUE_ID
);
INSERT INTO V_INT VALUES (
    "b46b23ac-3ef7-4d59-b5e9-6c798a29f0e4", -- Var_ID : UNIQUE_ID
    0, -- IsImplicitInFor : BOOLEAN
    "d8528470-976c-421b-a087-1201ac24302f" -- Obj_ID : UNIQUE_ID
);
INSERT INTO V_INT VALUES (
    "23715bd7-0d98-4686-ba33-384ca9dddf3c", -- Var_ID : UNIQUE_ID
    0, -- IsImplicitInFor : BOOLEAN
    "d8528470-976c-421b-a087-1201ac24302f" -- Obj_ID : UNIQUE_ID
);
INSERT INTO V_IRF VALUES (
    "c3f91757-0268-42b8-9fb0-5b9e72817e85", -- Value_ID : UNIQUE_ID
    "3c3b3823-b1de-4410-aa22-59f78754d12b" -- Var_ID : UNIQUE_ID
);
INSERT INTO V_IRF VALUES (
    "c4802e7a-e52c-47b2-be87-59b856a7e30a", -- Value_ID : UNIQUE_ID
    "3c3b3823-b1de-4410-aa22-59f78754d12b" -- Var_ID : UNIQUE_ID
);
INSERT INTO V_IRF VALUES (
    "b2a01757-3a3a-4dde-bc23-d541f3ff5a24", -- Value_ID : UNIQUE_ID
    "3c3b3823-b1de-4410-aa22-59f78754d12b" -- Var_ID : UNIQUE_ID
);
INSERT INTO V_IRF VALUES (
    "abbc3068-a1ad-46b0-987e-b02baa651536", -- Value_ID : UNIQUE_ID
    "b46b23ac-3ef7-4d59-b5e9-6c798a29f0e4" -- Var_ID : UNIQUE_ID
);
INSERT INTO V_IRF VALUES (
    "f782834a-4d23-48e3-b5e2-3e4247f35755", -- Value_ID : UNIQUE_ID
    "b46b23ac-3ef7-4d59-b5e9-6c798a29f0e4" -- Var_ID : UNIQUE_ID
);
INSERT INTO V_IRF VALUES (
    "8a1c5f4e-3691-4601-8493-0687395364a1", -- Value_ID : UNIQUE_ID
    "23715bd7-0d98-4686-ba33-384ca9dddf3c" -- Var_ID : UNIQUE_ID
);
INSERT INTO V_LBO VALUES (
    "5b161e13-8688-4cdf-b7af-46ec051a28df", -- Value_ID : UNIQUE_ID
    'TRUE' -- Value : STRING
);
INSERT INTO V_LBO VALUES (
    "42f1aace-688e-4a6b-93d8-290f3b489130", -- Value_ID : UNIQUE_ID
    'TRUE' -- Value : STRING
);
INSERT INTO V_LBO VALUES (
    "62a4df9a-5c35-4e0d-85cb-f0831747bb31", -- Value_ID : UNIQUE_ID
    'TRUE' -- Value : STRING
);
INSERT INTO V_LBO VALUES (
    "b7b557b7-6ca9-4020-b947-eb88f6de4468", -- Value_ID : UNIQUE_ID
    'TRUE' -- Value : STRING
);
INSERT INTO V_LBO VALUES (
    "77f7f08b-0799-4a40-8810-b1710ae71063", -- Value_ID : UNIQUE_ID
    'FALSE' -- Value : STRING
);
INSERT INTO V_LIN VALUES (
    "0e31efa3-77ff-4972-a2e2-465cb90e801e", -- Value_ID : UNIQUE_ID
    '9' -- Value : STRING
);
INSERT INTO V_LIN VALUES (
    "5110dc56-b7bd-4467-88d7-807cdf91a65e", -- Value_ID : UNIQUE_ID
    '8' -- Value : STRING
);
INSERT INTO V_LIN VALUES (
    "21a711db-3a00-4750-9764-25d1b413912f", -- Value_ID : UNIQUE_ID
    '7' -- Value : STRING
);
INSERT INTO V_LIN VALUES (
    "d986ac10-4f7f-41f5-b25f-e50dd5b7bc7e", -- Value_ID : UNIQUE_ID
    '6' -- Value : STRING
);
INSERT INTO V_LIN VALUES (
    "d451b321-82c0-419b-b70a-31e8c6d59095", -- Value_ID : UNIQUE_ID
    '5' -- Value : STRING
);
INSERT INTO V_LIN VALUES (
    "a42a0509-75fd-4d3d-bf50-d45b85a4ae65", -- Value_ID : UNIQUE_ID
    '4' -- Value : STRING
);
INSERT INTO V_LIN VALUES (
    "5ff561f1-4b38-4696-a5e6-2410a19c5fdf", -- Value_ID : UNIQUE_ID
    '3' -- Value : STRING
);
INSERT INTO V_LIN VALUES (
    "84b6d7ea-b98f-4c62-9654-9a5166c51e9c", -- Value_ID : UNIQUE_ID
    '2' -- Value : STRING
);
INSERT INTO V_LIN VALUES (
    "2f3cefcc-2bd6-49fb-ba5a-552e2f139867", -- Value_ID : UNIQUE_ID
    '1' -- Value : STRING
);
INSERT INTO V_LIN VALUES (
    "49b6386b-f45e-4dc7-a094-23cef276f9d4", -- Value_ID : UNIQUE_ID
    '0' -- Value : STRING
);
INSERT INTO V_LIN VALUES (
    "5f4f83fe-0f85-4494-b143-fccb113a4b06", -- Value_ID : UNIQUE_ID
    '1' -- Value : STRING
);
INSERT INTO V_LIN VALUES (
    "9cc57e0e-3d6a-4a41-89c0-11d19a8c36db", -- Value_ID : UNIQUE_ID
    '10' -- Value : STRING
);
INSERT INTO V_LIN VALUES (
    "765c940f-c4dd-41ab-8258-87771b530da5", -- Value_ID : UNIQUE_ID
    '10' -- Value : STRING
);
INSERT INTO V_LIN VALUES (
    "529ef368-343e-44c5-afc3-5f67a717eb9c", -- Value_ID : UNIQUE_ID
    '0' -- Value : STRING
);
INSERT INTO V_LOC VALUES (
    "a57aa111-05e6-43c2-8e5d-c71678a8a3a2", -- Id : UNIQUE_ID
    1, -- LineNumber : INTEGER
    1, -- StartPosition : INTEGER
    7, -- EndPosition : INTEGER
    "31220a34-fa8b-4929-8157-6305178151ce" -- Var_ID : UNIQUE_ID
);
INSERT INTO V_LOC VALUES (
    "2a07ef71-7fbd-4677-9cc5-519d76697fb8", -- Id : UNIQUE_ID
    4, -- LineNumber : INTEGER
    1, -- StartPosition : INTEGER
    1, -- EndPosition : INTEGER
    "25924324-1d5d-429c-ac23-2c57423e2aec" -- Var_ID : UNIQUE_ID
);
INSERT INTO V_LOC VALUES (
    "3c5bcc07-1f61-4772-8467-a992d68d07b9", -- Id : UNIQUE_ID
    4, -- LineNumber : INTEGER
    14, -- StartPosition : INTEGER
    14, -- EndPosition : INTEGER
    "1bf7beb3-70cf-426a-9629-8b4d4d9d896e" -- Var_ID : UNIQUE_ID
);
INSERT INTO V_LOC VALUES (
    "c276aa8b-0ea2-4981-8cc2-32c4cc0458d5", -- Id : UNIQUE_ID
    6, -- LineNumber : INTEGER
    3, -- StartPosition : INTEGER
    3, -- EndPosition : INTEGER
    "25392c21-ab7d-4a30-9676-77adcbde0e7d" -- Var_ID : UNIQUE_ID
);
INSERT INTO V_LOC VALUES (
    "ad0d98e8-ea59-48f1-a234-426eb2f02bad", -- Id : UNIQUE_ID
    3, -- LineNumber : INTEGER
    1, -- StartPosition : INTEGER
    43, -- EndPosition : INTEGER
    "3c3b3823-b1de-4410-aa22-59f78754d12b" -- Var_ID : UNIQUE_ID
);
INSERT INTO V_LOC VALUES (
    "4f998a8d-95b7-462a-ad43-4b9e8b09b258", -- Id : UNIQUE_ID
    2, -- LineNumber : INTEGER
    1, -- StartPosition : INTEGER
    10, -- EndPosition : INTEGER
    "928baf07-d44f-467e-8e99-e6d12dc410be" -- Var_ID : UNIQUE_ID
);
INSERT INTO V_LOC VALUES (
    "82b53077-70bc-4f6a-a2e5-5640d0734275", -- Id : UNIQUE_ID
    2, -- LineNumber : INTEGER
    1, -- StartPosition : INTEGER
    92, -- EndPosition : INTEGER
    "b46b23ac-3ef7-4d59-b5e9-6c798a29f0e4" -- Var_ID : UNIQUE_ID
);
INSERT INTO V_LOC VALUES (
    "dc48150a-0564-468a-9e64-99126d75becb", -- Id : UNIQUE_ID
    2, -- LineNumber : INTEGER
    1, -- StartPosition : INTEGER
    92, -- EndPosition : INTEGER
    "23715bd7-0d98-4686-ba33-384ca9dddf3c" -- Var_ID : UNIQUE_ID
);
INSERT INTO V_LST VALUES (
    "5d892ae7-2133-4045-9029-2e643d020a79", -- Value_ID : UNIQUE_ID
    '9' -- Value : STRING
);
INSERT INTO V_LST VALUES (
    "ecd80b3c-ded6-4594-861c-73ad7c615f72", -- Value_ID : UNIQUE_ID
    '8' -- Value : STRING
);
INSERT INTO V_LST VALUES (
    "3610b739-e43e-4b17-acc2-36c7f55f56c7", -- Value_ID : UNIQUE_ID
    '7' -- Value : STRING
);
INSERT INTO V_LST VALUES (
    "6d8d22f3-a357-4e19-91d0-1f1db2cc19c8", -- Value_ID : UNIQUE_ID
    '6' -- Value : STRING
);
INSERT INTO V_LST VALUES (
    "2ede9eb9-ec16-4e3c-98de-2777a958efb0", -- Value_ID : UNIQUE_ID
    '5' -- Value : STRING
);
INSERT INTO V_LST VALUES (
    "b9f43566-04d9-462d-97e1-5816b2f33a3c", -- Value_ID : UNIQUE_ID
    '4' -- Value : STRING
);
INSERT INTO V_LST VALUES (
    "dece5df0-1fa7-468b-a4fc-1f3c49952ab5", -- Value_ID : UNIQUE_ID
    '3' -- Value : STRING
);
INSERT INTO V_LST VALUES (
    "0e8cc6bc-029b-4d9a-8e89-a5c5c6b44479", -- Value_ID : UNIQUE_ID
    '2' -- Value : STRING
);
INSERT INTO V_LST VALUES (
    "8dd5529f-e3da-42e8-af85-21c55b5cfdf8", -- Value_ID : UNIQUE_ID
    '1' -- Value : STRING
);
INSERT INTO V_LST VALUES (
    "a50cdd12-a64a-4bed-872d-5dce19ddaf6d", -- Value_ID : UNIQUE_ID
    '0' -- Value : STRING
);
INSERT INTO V_LST VALUES (
    "149b83c1-b0d4-4699-837a-a0e8f013e6be", -- Value_ID : UNIQUE_ID
    '' -- Value : STRING
);
INSERT INTO V_LST VALUES (
    "f46bec4c-8ff7-4cc2-8001-968aae8802ec", -- Value_ID : UNIQUE_ID
    'New employee has commenced' -- Value : STRING
);
INSERT INTO V_LST VALUES (
    "7ceac953-c4da-49a5-8447-dba5b3ad8d09", -- Value_ID : UNIQUE_ID
    'Employee added successfully.' -- Value : STRING
);
INSERT INTO V_LST VALUES (
    "a2c4440a-1355-4553-9d58-65d8e7084455", -- Value_ID : UNIQUE_ID
    'Employee already exists.' -- Value : STRING
);
INSERT INTO V_LST VALUES (
    "f002146b-a743-4d43-b4c6-7b9aa6d651bc", -- Value_ID : UNIQUE_ID
    'Updating details.' -- Value : STRING
);
INSERT INTO V_LST VALUES (
    "b712e173-c3fe-4412-80f6-ef98cabcae04", -- Value_ID : UNIQUE_ID
    'Employee has commenced ' -- Value : STRING
);
INSERT INTO V_LST VALUES (
    "e07c8fed-aaed-499c-b922-dc8f65e21b09", -- Value_ID : UNIQUE_ID
    'Employee is not registered!' -- Value : STRING
);
INSERT INTO V_LST VALUES (
    "898abc00-1a1b-44a4-8eb8-fe3e5d52dfaf", -- Value_ID : UNIQUE_ID
    'Employee is not found.' -- Value : STRING
);
INSERT INTO V_PAR VALUES (
    "f46bec4c-8ff7-4cc2-8001-968aae8802ec", -- Value_ID : UNIQUE_ID
    "695c0bca-04c4-44b7-aeca-8bc8df28f4f9", -- Statement_ID : UNIQUE_ID
    "a2c04f52-c1e0-41a7-989a-128193a0b5e4", -- Invocation_Value_ID : UNIQUE_ID
    'message', -- Name : STRING
    "00000000-0000-0000-0000-000000000000", -- Next_Value_ID : UNIQUE_ID
    0, -- labelLineNumber : INTEGER
    0 -- labelColumn : INTEGER
);
INSERT INTO V_PAR VALUES (
    "25e126f0-0cbd-495c-bfaf-956ba3670251", -- Value_ID : UNIQUE_ID
    "c6fc456f-d1f4-48a2-9d12-b61428109563", -- Statement_ID : UNIQUE_ID
    "8092fa88-fe1f-4791-9eb6-e4d199a5eb1e", -- Invocation_Value_ID : UNIQUE_ID
    'National_ID', -- Name : STRING
    "785cef8f-1691-44f3-901b-6439ec5e5045", -- Next_Value_ID : UNIQUE_ID
    0, -- labelLineNumber : INTEGER
    0 -- labelColumn : INTEGER
);
INSERT INTO V_PAR VALUES (
    "785cef8f-1691-44f3-901b-6439ec5e5045", -- Value_ID : UNIQUE_ID
    "c6fc456f-d1f4-48a2-9d12-b61428109563", -- Statement_ID : UNIQUE_ID
    "8092fa88-fe1f-4791-9eb6-e4d199a5eb1e", -- Invocation_Value_ID : UNIQUE_ID
    'LName', -- Name : STRING
    "c3dbedb9-9acf-4c2b-8133-7a887138b48a", -- Next_Value_ID : UNIQUE_ID
    0, -- labelLineNumber : INTEGER
    0 -- labelColumn : INTEGER
);
INSERT INTO V_PAR VALUES (
    "c3dbedb9-9acf-4c2b-8133-7a887138b48a", -- Value_ID : UNIQUE_ID
    "c6fc456f-d1f4-48a2-9d12-b61428109563", -- Statement_ID : UNIQUE_ID
    "8092fa88-fe1f-4791-9eb6-e4d199a5eb1e", -- Invocation_Value_ID : UNIQUE_ID
    'FName', -- Name : STRING
    "00000000-0000-0000-0000-000000000000", -- Next_Value_ID : UNIQUE_ID
    0, -- labelLineNumber : INTEGER
    0 -- labelColumn : INTEGER
);
INSERT INTO V_PAR VALUES (
    "62a4df9a-5c35-4e0d-85cb-f0831747bb31", -- Value_ID : UNIQUE_ID
    "3190a889-9d17-43c2-8803-51f59f8a0771", -- Statement_ID : UNIQUE_ID
    "00000000-0000-0000-0000-000000000000", -- Invocation_Value_ID : UNIQUE_ID
    'state', -- Name : STRING
    "7ceac953-c4da-49a5-8447-dba5b3ad8d09", -- Next_Value_ID : UNIQUE_ID
    0, -- labelLineNumber : INTEGER
    0 -- labelColumn : INTEGER
);
INSERT INTO V_PAR VALUES (
    "7ceac953-c4da-49a5-8447-dba5b3ad8d09", -- Value_ID : UNIQUE_ID
    "3190a889-9d17-43c2-8803-51f59f8a0771", -- Statement_ID : UNIQUE_ID
    "00000000-0000-0000-0000-000000000000", -- Invocation_Value_ID : UNIQUE_ID
    'msg', -- Name : STRING
    "00000000-0000-0000-0000-000000000000", -- Next_Value_ID : UNIQUE_ID
    0, -- labelLineNumber : INTEGER
    0 -- labelColumn : INTEGER
);
INSERT INTO V_PAR VALUES (
    "a2c4440a-1355-4553-9d58-65d8e7084455", -- Value_ID : UNIQUE_ID
    "616b02d3-6f15-421a-a0a6-67e441594186", -- Statement_ID : UNIQUE_ID
    "6d91acc8-66ed-41e7-942e-52480d764f2d", -- Invocation_Value_ID : UNIQUE_ID
    'message', -- Name : STRING
    "00000000-0000-0000-0000-000000000000", -- Next_Value_ID : UNIQUE_ID
    0, -- labelLineNumber : INTEGER
    0 -- labelColumn : INTEGER
);
INSERT INTO V_PAR VALUES (
    "f002146b-a743-4d43-b4c6-7b9aa6d651bc", -- Value_ID : UNIQUE_ID
    "42cfab36-b5d7-4bd0-9b90-af4ed89c5d26", -- Statement_ID : UNIQUE_ID
    "308e37d4-3df7-44c6-845b-5ada72c0c593", -- Invocation_Value_ID : UNIQUE_ID
    'message', -- Name : STRING
    "00000000-0000-0000-0000-000000000000", -- Next_Value_ID : UNIQUE_ID
    0, -- labelLineNumber : INTEGER
    0 -- labelColumn : INTEGER
);
INSERT INTO V_PAR VALUES (
    "b7b557b7-6ca9-4020-b947-eb88f6de4468", -- Value_ID : UNIQUE_ID
    "81794518-b1cf-43d6-badf-88f588825e50", -- Statement_ID : UNIQUE_ID
    "00000000-0000-0000-0000-000000000000", -- Invocation_Value_ID : UNIQUE_ID
    'state', -- Name : STRING
    "b712e173-c3fe-4412-80f6-ef98cabcae04", -- Next_Value_ID : UNIQUE_ID
    0, -- labelLineNumber : INTEGER
    0 -- labelColumn : INTEGER
);
INSERT INTO V_PAR VALUES (
    "b712e173-c3fe-4412-80f6-ef98cabcae04", -- Value_ID : UNIQUE_ID
    "81794518-b1cf-43d6-badf-88f588825e50", -- Statement_ID : UNIQUE_ID
    "00000000-0000-0000-0000-000000000000", -- Invocation_Value_ID : UNIQUE_ID
    'msg', -- Name : STRING
    "00000000-0000-0000-0000-000000000000", -- Next_Value_ID : UNIQUE_ID
    0, -- labelLineNumber : INTEGER
    0 -- labelColumn : INTEGER
);
INSERT INTO V_PAR VALUES (
    "e07c8fed-aaed-499c-b922-dc8f65e21b09", -- Value_ID : UNIQUE_ID
    "217c7b0a-ff1e-48b3-9c50-21114306f956", -- Statement_ID : UNIQUE_ID
    "1641d6f8-eb6a-4408-b16d-c8eeb3ba77bf", -- Invocation_Value_ID : UNIQUE_ID
    'message', -- Name : STRING
    "00000000-0000-0000-0000-000000000000", -- Next_Value_ID : UNIQUE_ID
    0, -- labelLineNumber : INTEGER
    0 -- labelColumn : INTEGER
);
INSERT INTO V_PAR VALUES (
    "77f7f08b-0799-4a40-8810-b1710ae71063", -- Value_ID : UNIQUE_ID
    "9190e237-ee07-40f1-a8f4-bc1a8dd77df5", -- Statement_ID : UNIQUE_ID
    "00000000-0000-0000-0000-000000000000", -- Invocation_Value_ID : UNIQUE_ID
    'state', -- Name : STRING
    "898abc00-1a1b-44a4-8eb8-fe3e5d52dfaf", -- Next_Value_ID : UNIQUE_ID
    0, -- labelLineNumber : INTEGER
    0 -- labelColumn : INTEGER
);
INSERT INTO V_PAR VALUES (
    "898abc00-1a1b-44a4-8eb8-fe3e5d52dfaf", -- Value_ID : UNIQUE_ID
    "9190e237-ee07-40f1-a8f4-bc1a8dd77df5", -- Statement_ID : UNIQUE_ID
    "00000000-0000-0000-0000-000000000000", -- Invocation_Value_ID : UNIQUE_ID
    'msg', -- Name : STRING
    "00000000-0000-0000-0000-000000000000", -- Next_Value_ID : UNIQUE_ID
    0, -- labelLineNumber : INTEGER
    0 -- labelColumn : INTEGER
);
INSERT INTO V_PVL VALUES (
    "8602a8d7-88b2-40fc-994c-516941d3b275", -- Value_ID : UNIQUE_ID
    "37ef52bb-354f-4080-951f-232d57d97550", -- BParm_ID : UNIQUE_ID
    "00000000-0000-0000-0000-000000000000", -- SParm_ID : UNIQUE_ID
    "00000000-0000-0000-0000-000000000000", -- TParm_ID : UNIQUE_ID
    "00000000-0000-0000-0000-000000000000" -- PP_Id : UNIQUE_ID
);
INSERT INTO V_PVL VALUES (
    "6ac324f2-7500-4832-ab39-e705f8d2afca", -- Value_ID : UNIQUE_ID
    "00000000-0000-0000-0000-000000000000", -- BParm_ID : UNIQUE_ID
    "00000000-0000-0000-0000-000000000000", -- SParm_ID : UNIQUE_ID
    "a9e77999-b951-4b68-ab86-bf43a9cf5a45", -- TParm_ID : UNIQUE_ID
    "00000000-0000-0000-0000-000000000000" -- PP_Id : UNIQUE_ID
);
INSERT INTO V_PVL VALUES (
    "aa47bbd6-9499-46c7-8ad6-437bf832168c", -- Value_ID : UNIQUE_ID
    "00000000-0000-0000-0000-000000000000", -- BParm_ID : UNIQUE_ID
    "00000000-0000-0000-0000-000000000000", -- SParm_ID : UNIQUE_ID
    "04bd46df-5a2e-4b22-804b-6f730d9adbfb", -- TParm_ID : UNIQUE_ID
    "00000000-0000-0000-0000-000000000000" -- PP_Id : UNIQUE_ID
);
INSERT INTO V_PVL VALUES (
    "cb1b7c1e-73d8-4748-927c-d0f6020890f7", -- Value_ID : UNIQUE_ID
    "00000000-0000-0000-0000-000000000000", -- BParm_ID : UNIQUE_ID
    "00000000-0000-0000-0000-000000000000", -- SParm_ID : UNIQUE_ID
    "b69dff9e-b8bb-4581-86a2-1c1408c29f5f", -- TParm_ID : UNIQUE_ID
    "00000000-0000-0000-0000-000000000000" -- PP_Id : UNIQUE_ID
);
INSERT INTO V_PVL VALUES (
    "ca8a823d-78ca-47ed-86f8-4718e0f98cd5", -- Value_ID : UNIQUE_ID
    "00000000-0000-0000-0000-000000000000", -- BParm_ID : UNIQUE_ID
    "00000000-0000-0000-0000-000000000000", -- SParm_ID : UNIQUE_ID
    "00000000-0000-0000-0000-000000000000", -- TParm_ID : UNIQUE_ID
    "28761f9b-5da3-4284-aa06-53a1471a18fd" -- PP_Id : UNIQUE_ID
);
INSERT INTO V_PVL VALUES (
    "25e126f0-0cbd-495c-bfaf-956ba3670251", -- Value_ID : UNIQUE_ID
    "00000000-0000-0000-0000-000000000000", -- BParm_ID : UNIQUE_ID
    "00000000-0000-0000-0000-000000000000", -- SParm_ID : UNIQUE_ID
    "00000000-0000-0000-0000-000000000000", -- TParm_ID : UNIQUE_ID
    "28761f9b-5da3-4284-aa06-53a1471a18fd" -- PP_Id : UNIQUE_ID
);
INSERT INTO V_PVL VALUES (
    "785cef8f-1691-44f3-901b-6439ec5e5045", -- Value_ID : UNIQUE_ID
    "00000000-0000-0000-0000-000000000000", -- BParm_ID : UNIQUE_ID
    "00000000-0000-0000-0000-000000000000", -- SParm_ID : UNIQUE_ID
    "00000000-0000-0000-0000-000000000000", -- TParm_ID : UNIQUE_ID
    "b1170977-7e1a-4e1e-8ec1-9e9ef2712f79" -- PP_Id : UNIQUE_ID
);
INSERT INTO V_PVL VALUES (
    "c3dbedb9-9acf-4c2b-8133-7a887138b48a", -- Value_ID : UNIQUE_ID
    "00000000-0000-0000-0000-000000000000", -- BParm_ID : UNIQUE_ID
    "00000000-0000-0000-0000-000000000000", -- SParm_ID : UNIQUE_ID
    "00000000-0000-0000-0000-000000000000", -- TParm_ID : UNIQUE_ID
    "8d5bd5a6-f248-4b87-a4bb-eb772b2397d8" -- PP_Id : UNIQUE_ID
);
INSERT INTO V_PVL VALUES (
    "7b5d090a-70ad-46dd-8b1c-597b3a8841fd", -- Value_ID : UNIQUE_ID
    "00000000-0000-0000-0000-000000000000", -- BParm_ID : UNIQUE_ID
    "00000000-0000-0000-0000-000000000000", -- SParm_ID : UNIQUE_ID
    "00000000-0000-0000-0000-000000000000", -- TParm_ID : UNIQUE_ID
    "665d0f46-1f6b-4469-b345-11ad3a35684e" -- PP_Id : UNIQUE_ID
);
INSERT INTO V_SLR VALUES (
    "70e51257-8cc5-46b2-8f87-a7acb296297b", -- Value_ID : UNIQUE_ID
    "00000000-0000-0000-0000-000000000000", -- Obj_ID : UNIQUE_ID
    "00000000-0000-0000-0000-000000000000", -- Attr_ID : UNIQUE_ID
    "00000000-0000-0000-0000-000000000000" -- Op_Value_ID : UNIQUE_ID
);
INSERT INTO V_SLR VALUES (
    "ac4d38f0-d5d1-417c-9cd5-f9416b48001e", -- Value_ID : UNIQUE_ID
    "00000000-0000-0000-0000-000000000000", -- Obj_ID : UNIQUE_ID
    "00000000-0000-0000-0000-000000000000", -- Attr_ID : UNIQUE_ID
    "00000000-0000-0000-0000-000000000000" -- Op_Value_ID : UNIQUE_ID
);
INSERT INTO V_TRN VALUES (
    "31220a34-fa8b-4929-8157-6305178151ce", -- Var_ID : UNIQUE_ID
    "00000000-0000-0000-0000-000000000000", -- DT_ID : UNIQUE_ID
    '' -- Dimensions : STRING
);
INSERT INTO V_TRN VALUES (
    "25924324-1d5d-429c-ac23-2c57423e2aec", -- Var_ID : UNIQUE_ID
    "00000000-0000-0000-0000-000000000000", -- DT_ID : UNIQUE_ID
    '' -- Dimensions : STRING
);
INSERT INTO V_TRN VALUES (
    "1bf7beb3-70cf-426a-9629-8b4d4d9d896e", -- Var_ID : UNIQUE_ID
    "00000000-0000-0000-0000-000000000000", -- DT_ID : UNIQUE_ID
    '' -- Dimensions : STRING
);
INSERT INTO V_TRN VALUES (
    "25392c21-ab7d-4a30-9676-77adcbde0e7d", -- Var_ID : UNIQUE_ID
    "00000000-0000-0000-0000-000000000000", -- DT_ID : UNIQUE_ID
    '' -- Dimensions : STRING
);
INSERT INTO V_TRN VALUES (
    "928baf07-d44f-467e-8e99-e6d12dc410be", -- Var_ID : UNIQUE_ID
    "00000000-0000-0000-0000-000000000000", -- DT_ID : UNIQUE_ID
    '' -- Dimensions : STRING
);
INSERT INTO V_TRV VALUES (
    "8092fa88-fe1f-4791-9eb6-e4d199a5eb1e", -- Value_ID : UNIQUE_ID
    "405baa66-75e7-4b59-bf9b-44fc101b3b87", -- Tfr_ID : UNIQUE_ID
    "b46b23ac-3ef7-4d59-b5e9-6c798a29f0e4", -- Var_ID : UNIQUE_ID
    1, -- ParmListOK : BOOLEAN
    0, -- modelClassKeyLettersLineNumber : INTEGER
    0 -- modelClassKeyLettersColumn : INTEGER
);
INSERT INTO V_TVL VALUES (
    "3ba7d9c5-43be-49c7-8e3e-03d21f7ef1dd", -- Value_ID : UNIQUE_ID
    "31220a34-fa8b-4929-8157-6305178151ce" -- Var_ID : UNIQUE_ID
);
INSERT INTO V_TVL VALUES (
    "255bd005-43a2-4979-a2a0-3c3fe8cc424c", -- Value_ID : UNIQUE_ID
    "31220a34-fa8b-4929-8157-6305178151ce" -- Var_ID : UNIQUE_ID
);
INSERT INTO V_TVL VALUES (
    "07aee865-0298-4997-aa27-87f648347723", -- Value_ID : UNIQUE_ID
    "31220a34-fa8b-4929-8157-6305178151ce" -- Var_ID : UNIQUE_ID
);
INSERT INTO V_TVL VALUES (
    "8eb8b0a4-13ea-4657-8d98-895643e643f9", -- Value_ID : UNIQUE_ID
    "31220a34-fa8b-4929-8157-6305178151ce" -- Var_ID : UNIQUE_ID
);
INSERT INTO V_TVL VALUES (
    "539ffadc-4163-4199-a208-ae9a9b350e4a", -- Value_ID : UNIQUE_ID
    "31220a34-fa8b-4929-8157-6305178151ce" -- Var_ID : UNIQUE_ID
);
INSERT INTO V_TVL VALUES (
    "5754a19e-e310-44e5-a12c-2a6a64b6fae5", -- Value_ID : UNIQUE_ID
    "31220a34-fa8b-4929-8157-6305178151ce" -- Var_ID : UNIQUE_ID
);
INSERT INTO V_TVL VALUES (
    "b9d8ed6a-6ed0-4db2-979c-c158ee6563af", -- Value_ID : UNIQUE_ID
    "31220a34-fa8b-4929-8157-6305178151ce" -- Var_ID : UNIQUE_ID
);
INSERT INTO V_TVL VALUES (
    "8b807e2b-8dff-4e02-ad7e-ddb8a5419b34", -- Value_ID : UNIQUE_ID
    "31220a34-fa8b-4929-8157-6305178151ce" -- Var_ID : UNIQUE_ID
);
INSERT INTO V_TVL VALUES (
    "ff318536-1cd9-42b9-8bf7-36f7881509fe", -- Value_ID : UNIQUE_ID
    "31220a34-fa8b-4929-8157-6305178151ce" -- Var_ID : UNIQUE_ID
);
INSERT INTO V_TVL VALUES (
    "ac612d49-35ba-456c-934f-93a5295c7fd5", -- Value_ID : UNIQUE_ID
    "31220a34-fa8b-4929-8157-6305178151ce" -- Var_ID : UNIQUE_ID
);
INSERT INTO V_TVL VALUES (
    "acf4c21d-ff96-45c7-82ed-4ea089d1959b", -- Value_ID : UNIQUE_ID
    "25924324-1d5d-429c-ac23-2c57423e2aec" -- Var_ID : UNIQUE_ID
);
INSERT INTO V_TVL VALUES (
    "8574c114-3b5e-4b28-9eae-5cc0cddb1325", -- Value_ID : UNIQUE_ID
    "1bf7beb3-70cf-426a-9629-8b4d4d9d896e" -- Var_ID : UNIQUE_ID
);
INSERT INTO V_TVL VALUES (
    "5091a549-aa88-44aa-937a-a259bbd8fab6", -- Value_ID : UNIQUE_ID
    "25924324-1d5d-429c-ac23-2c57423e2aec" -- Var_ID : UNIQUE_ID
);
INSERT INTO V_TVL VALUES (
    "fac26d86-6f52-4004-81b4-cf503ff1cb88", -- Value_ID : UNIQUE_ID
    "25924324-1d5d-429c-ac23-2c57423e2aec" -- Var_ID : UNIQUE_ID
);
INSERT INTO V_TVL VALUES (
    "9fc03b69-62a4-42f0-99fe-15be143f841b", -- Value_ID : UNIQUE_ID
    "25392c21-ab7d-4a30-9676-77adcbde0e7d" -- Var_ID : UNIQUE_ID
);
INSERT INTO V_TVL VALUES (
    "26b7d87a-ce36-463c-8b79-3a36aa06b729", -- Value_ID : UNIQUE_ID
    "25924324-1d5d-429c-ac23-2c57423e2aec" -- Var_ID : UNIQUE_ID
);
INSERT INTO V_TVL VALUES (
    "b8583561-3c46-48dd-8678-d989d6156e18", -- Value_ID : UNIQUE_ID
    "25924324-1d5d-429c-ac23-2c57423e2aec" -- Var_ID : UNIQUE_ID
);
INSERT INTO V_TVL VALUES (
    "4d964d3d-793a-4f77-82e5-2e0cd046c235", -- Value_ID : UNIQUE_ID
    "31220a34-fa8b-4929-8157-6305178151ce" -- Var_ID : UNIQUE_ID
);
INSERT INTO V_TVL VALUES (
    "dbe8e672-063d-4be1-8453-fb39ea312764", -- Value_ID : UNIQUE_ID
    "25392c21-ab7d-4a30-9676-77adcbde0e7d" -- Var_ID : UNIQUE_ID
);
INSERT INTO V_TVL VALUES (
    "c36640d8-3c03-4335-995e-fd83c5c284ad", -- Value_ID : UNIQUE_ID
    "1bf7beb3-70cf-426a-9629-8b4d4d9d896e" -- Var_ID : UNIQUE_ID
);
INSERT INTO V_TVL VALUES (
    "15f98667-beed-4c06-a3dc-61ca37aa3715", -- Value_ID : UNIQUE_ID
    "1bf7beb3-70cf-426a-9629-8b4d4d9d896e" -- Var_ID : UNIQUE_ID
);
INSERT INTO V_TVL VALUES (
    "38b9b6d9-e957-4b04-90b8-97bc5446e8de", -- Value_ID : UNIQUE_ID
    "1bf7beb3-70cf-426a-9629-8b4d4d9d896e" -- Var_ID : UNIQUE_ID
);
INSERT INTO V_TVL VALUES (
    "3227a671-cb32-4f43-bbdf-149a14211651", -- Value_ID : UNIQUE_ID
    "928baf07-d44f-467e-8e99-e6d12dc410be" -- Var_ID : UNIQUE_ID
);
INSERT INTO V_UNY VALUES (
    "09ca87ac-898d-4dc6-8787-aaf1c5ead9e0", -- Value_ID : UNIQUE_ID
    "abbc3068-a1ad-46b0-987e-b02baa651536", -- Operand_Value_ID : UNIQUE_ID
    'empty' -- Operator : STRING
);
INSERT INTO V_UNY VALUES (
    "4bee43b9-9352-409e-99fc-078c25734b28", -- Value_ID : UNIQUE_ID
    "8a1c5f4e-3691-4601-8493-0687395364a1", -- Operand_Value_ID : UNIQUE_ID
    'empty' -- Operator : STRING
);
INSERT INTO V_UNY VALUES (
    "f88f2313-2ada-479e-a027-cf84f1b18c7a", -- Value_ID : UNIQUE_ID
    "4bee43b9-9352-409e-99fc-078c25734b28", -- Operand_Value_ID : UNIQUE_ID
    'not' -- Operator : STRING
);
INSERT INTO V_VAL VALUES (
    "5d892ae7-2133-4045-9029-2e643d020a79", -- Value_ID : UNIQUE_ID
    0, -- isLValue : BOOLEAN
    0, -- isImplicit : BOOLEAN
    1, -- LineNumber : INTEGER
    12, -- StartPosition : INTEGER
    14, -- EndPosition : INTEGER
    0, -- firstParameterLabelLineNumber : INTEGER
    0, -- firstParameterLabelColumn : INTEGER
    0, -- currentLaterParameterLabelLineNumber : INTEGER
    0, -- currentLaterParameterLabelColumn : INTEGER
    "ba5eda7a-def5-0000-0000-000000000004", -- DT_ID : UNIQUE_ID
    "be795387-eee6-489d-b283-8da8e7c41134" -- Block_ID : UNIQUE_ID
);
INSERT INTO V_VAL VALUES (
    "3ba7d9c5-43be-49c7-8e3e-03d21f7ef1dd", -- Value_ID : UNIQUE_ID
    0, -- isLValue : BOOLEAN
    1, -- isImplicit : BOOLEAN
    1, -- LineNumber : INTEGER
    1, -- StartPosition : INTEGER
    7, -- EndPosition : INTEGER
    0, -- firstParameterLabelLineNumber : INTEGER
    0, -- firstParameterLabelColumn : INTEGER
    0, -- currentLaterParameterLabelLineNumber : INTEGER
    0, -- currentLaterParameterLabelColumn : INTEGER
    "ba5eda7a-def5-0000-0000-000000000004", -- DT_ID : UNIQUE_ID
    "be795387-eee6-489d-b283-8da8e7c41134" -- Block_ID : UNIQUE_ID
);
INSERT INTO V_VAL VALUES (
    "0e31efa3-77ff-4972-a2e2-465cb90e801e", -- Value_ID : UNIQUE_ID
    0, -- isLValue : BOOLEAN
    0, -- isImplicit : BOOLEAN
    1, -- LineNumber : INTEGER
    9, -- StartPosition : INTEGER
    9, -- EndPosition : INTEGER
    0, -- firstParameterLabelLineNumber : INTEGER
    0, -- firstParameterLabelColumn : INTEGER
    0, -- currentLaterParameterLabelLineNumber : INTEGER
    0, -- currentLaterParameterLabelColumn : INTEGER
    "ba5eda7a-def5-0000-0000-000000000002", -- DT_ID : UNIQUE_ID
    "be795387-eee6-489d-b283-8da8e7c41134" -- Block_ID : UNIQUE_ID
);
INSERT INTO V_VAL VALUES (
    "f997a720-adfe-42f8-9ea0-343ee92bd4c5", -- Value_ID : UNIQUE_ID
    1, -- isLValue : BOOLEAN
    0, -- isImplicit : BOOLEAN
    1, -- LineNumber : INTEGER
    1, -- StartPosition : INTEGER
    10, -- EndPosition : INTEGER
    0, -- firstParameterLabelLineNumber : INTEGER
    0, -- firstParameterLabelColumn : INTEGER
    0, -- currentLaterParameterLabelLineNumber : INTEGER
    0, -- currentLaterParameterLabelColumn : INTEGER
    "ba5eda7a-def5-0000-0000-000000000004", -- DT_ID : UNIQUE_ID
    "be795387-eee6-489d-b283-8da8e7c41134" -- Block_ID : UNIQUE_ID
);
INSERT INTO V_VAL VALUES (
    "ecd80b3c-ded6-4594-861c-73ad7c615f72", -- Value_ID : UNIQUE_ID
    0, -- isLValue : BOOLEAN
    0, -- isImplicit : BOOLEAN
    1, -- LineNumber : INTEGER
    28, -- StartPosition : INTEGER
    30, -- EndPosition : INTEGER
    0, -- firstParameterLabelLineNumber : INTEGER
    0, -- firstParameterLabelColumn : INTEGER
    0, -- currentLaterParameterLabelLineNumber : INTEGER
    0, -- currentLaterParameterLabelColumn : INTEGER
    "ba5eda7a-def5-0000-0000-000000000004", -- DT_ID : UNIQUE_ID
    "be795387-eee6-489d-b283-8da8e7c41134" -- Block_ID : UNIQUE_ID
);
INSERT INTO V_VAL VALUES (
    "255bd005-43a2-4979-a2a0-3c3fe8cc424c", -- Value_ID : UNIQUE_ID
    0, -- isLValue : BOOLEAN
    0, -- isImplicit : BOOLEAN
    1, -- LineNumber : INTEGER
    17, -- StartPosition : INTEGER
    23, -- EndPosition : INTEGER
    0, -- firstParameterLabelLineNumber : INTEGER
    0, -- firstParameterLabelColumn : INTEGER
    0, -- currentLaterParameterLabelLineNumber : INTEGER
    0, -- currentLaterParameterLabelColumn : INTEGER
    "ba5eda7a-def5-0000-0000-000000000004", -- DT_ID : UNIQUE_ID
    "be795387-eee6-489d-b283-8da8e7c41134" -- Block_ID : UNIQUE_ID
);
INSERT INTO V_VAL VALUES (
    "5110dc56-b7bd-4467-88d7-807cdf91a65e", -- Value_ID : UNIQUE_ID
    0, -- isLValue : BOOLEAN
    0, -- isImplicit : BOOLEAN
    1, -- LineNumber : INTEGER
    25, -- StartPosition : INTEGER
    25, -- EndPosition : INTEGER
    0, -- firstParameterLabelLineNumber : INTEGER
    0, -- firstParameterLabelColumn : INTEGER
    0, -- currentLaterParameterLabelLineNumber : INTEGER
    0, -- currentLaterParameterLabelColumn : INTEGER
    "ba5eda7a-def5-0000-0000-000000000002", -- DT_ID : UNIQUE_ID
    "be795387-eee6-489d-b283-8da8e7c41134" -- Block_ID : UNIQUE_ID
);
INSERT INTO V_VAL VALUES (
    "5a46e948-1bf2-406c-aee8-a381710cac77", -- Value_ID : UNIQUE_ID
    1, -- isLValue : BOOLEAN
    0, -- isImplicit : BOOLEAN
    1, -- LineNumber : INTEGER
    17, -- StartPosition : INTEGER
    26, -- EndPosition : INTEGER
    0, -- firstParameterLabelLineNumber : INTEGER
    0, -- firstParameterLabelColumn : INTEGER
    0, -- currentLaterParameterLabelLineNumber : INTEGER
    0, -- currentLaterParameterLabelColumn : INTEGER
    "ba5eda7a-def5-0000-0000-000000000004", -- DT_ID : UNIQUE_ID
    "be795387-eee6-489d-b283-8da8e7c41134" -- Block_ID : UNIQUE_ID
);
INSERT INTO V_VAL VALUES (
    "3610b739-e43e-4b17-acc2-36c7f55f56c7", -- Value_ID : UNIQUE_ID
    0, -- isLValue : BOOLEAN
    0, -- isImplicit : BOOLEAN
    1, -- LineNumber : INTEGER
    44, -- StartPosition : INTEGER
    46, -- EndPosition : INTEGER
    0, -- firstParameterLabelLineNumber : INTEGER
    0, -- firstParameterLabelColumn : INTEGER
    0, -- currentLaterParameterLabelLineNumber : INTEGER
    0, -- currentLaterParameterLabelColumn : INTEGER
    "ba5eda7a-def5-0000-0000-000000000004", -- DT_ID : UNIQUE_ID
    "be795387-eee6-489d-b283-8da8e7c41134" -- Block_ID : UNIQUE_ID
);
INSERT INTO V_VAL VALUES (
    "07aee865-0298-4997-aa27-87f648347723", -- Value_ID : UNIQUE_ID
    0, -- isLValue : BOOLEAN
    0, -- isImplicit : BOOLEAN
    1, -- LineNumber : INTEGER
    33, -- StartPosition : INTEGER
    39, -- EndPosition : INTEGER
    0, -- firstParameterLabelLineNumber : INTEGER
    0, -- firstParameterLabelColumn : INTEGER
    0, -- currentLaterParameterLabelLineNumber : INTEGER
    0, -- currentLaterParameterLabelColumn : INTEGER
    "ba5eda7a-def5-0000-0000-000000000004", -- DT_ID : UNIQUE_ID
    "be795387-eee6-489d-b283-8da8e7c41134" -- Block_ID : UNIQUE_ID
);
INSERT INTO V_VAL VALUES (
    "21a711db-3a00-4750-9764-25d1b413912f", -- Value_ID : UNIQUE_ID
    0, -- isLValue : BOOLEAN
    0, -- isImplicit : BOOLEAN
    1, -- LineNumber : INTEGER
    41, -- StartPosition : INTEGER
    41, -- EndPosition : INTEGER
    0, -- firstParameterLabelLineNumber : INTEGER
    0, -- firstParameterLabelColumn : INTEGER
    0, -- currentLaterParameterLabelLineNumber : INTEGER
    0, -- currentLaterParameterLabelColumn : INTEGER
    "ba5eda7a-def5-0000-0000-000000000002", -- DT_ID : UNIQUE_ID
    "be795387-eee6-489d-b283-8da8e7c41134" -- Block_ID : UNIQUE_ID
);
INSERT INTO V_VAL VALUES (
    "e7688244-7597-4d07-9fb2-0c1a820fdfd4", -- Value_ID : UNIQUE_ID
    1, -- isLValue : BOOLEAN
    0, -- isImplicit : BOOLEAN
    1, -- LineNumber : INTEGER
    33, -- StartPosition : INTEGER
    42, -- EndPosition : INTEGER
    0, -- firstParameterLabelLineNumber : INTEGER
    0, -- firstParameterLabelColumn : INTEGER
    0, -- currentLaterParameterLabelLineNumber : INTEGER
    0, -- currentLaterParameterLabelColumn : INTEGER
    "ba5eda7a-def5-0000-0000-000000000004", -- DT_ID : UNIQUE_ID
    "be795387-eee6-489d-b283-8da8e7c41134" -- Block_ID : UNIQUE_ID
);
INSERT INTO V_VAL VALUES (
    "6d8d22f3-a357-4e19-91d0-1f1db2cc19c8", -- Value_ID : UNIQUE_ID
    0, -- isLValue : BOOLEAN
    0, -- isImplicit : BOOLEAN
    1, -- LineNumber : INTEGER
    60, -- StartPosition : INTEGER
    62, -- EndPosition : INTEGER
    0, -- firstParameterLabelLineNumber : INTEGER
    0, -- firstParameterLabelColumn : INTEGER
    0, -- currentLaterParameterLabelLineNumber : INTEGER
    0, -- currentLaterParameterLabelColumn : INTEGER
    "ba5eda7a-def5-0000-0000-000000000004", -- DT_ID : UNIQUE_ID
    "be795387-eee6-489d-b283-8da8e7c41134" -- Block_ID : UNIQUE_ID
);
INSERT INTO V_VAL VALUES (
    "8eb8b0a4-13ea-4657-8d98-895643e643f9", -- Value_ID : UNIQUE_ID
    0, -- isLValue : BOOLEAN
    0, -- isImplicit : BOOLEAN
    1, -- LineNumber : INTEGER
    49, -- StartPosition : INTEGER
    55, -- EndPosition : INTEGER
    0, -- firstParameterLabelLineNumber : INTEGER
    0, -- firstParameterLabelColumn : INTEGER
    0, -- currentLaterParameterLabelLineNumber : INTEGER
    0, -- currentLaterParameterLabelColumn : INTEGER
    "ba5eda7a-def5-0000-0000-000000000004", -- DT_ID : UNIQUE_ID
    "be795387-eee6-489d-b283-8da8e7c41134" -- Block_ID : UNIQUE_ID
);
INSERT INTO V_VAL VALUES (
    "d986ac10-4f7f-41f5-b25f-e50dd5b7bc7e", -- Value_ID : UNIQUE_ID
    0, -- isLValue : BOOLEAN
    0, -- isImplicit : BOOLEAN
    1, -- LineNumber : INTEGER
    57, -- StartPosition : INTEGER
    57, -- EndPosition : INTEGER
    0, -- firstParameterLabelLineNumber : INTEGER
    0, -- firstParameterLabelColumn : INTEGER
    0, -- currentLaterParameterLabelLineNumber : INTEGER
    0, -- currentLaterParameterLabelColumn : INTEGER
    "ba5eda7a-def5-0000-0000-000000000002", -- DT_ID : UNIQUE_ID
    "be795387-eee6-489d-b283-8da8e7c41134" -- Block_ID : UNIQUE_ID
);
INSERT INTO V_VAL VALUES (
    "64abce1f-ad8c-4b23-a23a-8f4bbc07fc7f", -- Value_ID : UNIQUE_ID
    1, -- isLValue : BOOLEAN
    0, -- isImplicit : BOOLEAN
    1, -- LineNumber : INTEGER
    49, -- StartPosition : INTEGER
    58, -- EndPosition : INTEGER
    0, -- firstParameterLabelLineNumber : INTEGER
    0, -- firstParameterLabelColumn : INTEGER
    0, -- currentLaterParameterLabelLineNumber : INTEGER
    0, -- currentLaterParameterLabelColumn : INTEGER
    "ba5eda7a-def5-0000-0000-000000000004", -- DT_ID : UNIQUE_ID
    "be795387-eee6-489d-b283-8da8e7c41134" -- Block_ID : UNIQUE_ID
);
INSERT INTO V_VAL VALUES (
    "2ede9eb9-ec16-4e3c-98de-2777a958efb0", -- Value_ID : UNIQUE_ID
    0, -- isLValue : BOOLEAN
    0, -- isImplicit : BOOLEAN
    1, -- LineNumber : INTEGER
    76, -- StartPosition : INTEGER
    78, -- EndPosition : INTEGER
    0, -- firstParameterLabelLineNumber : INTEGER
    0, -- firstParameterLabelColumn : INTEGER
    0, -- currentLaterParameterLabelLineNumber : INTEGER
    0, -- currentLaterParameterLabelColumn : INTEGER
    "ba5eda7a-def5-0000-0000-000000000004", -- DT_ID : UNIQUE_ID
    "be795387-eee6-489d-b283-8da8e7c41134" -- Block_ID : UNIQUE_ID
);
INSERT INTO V_VAL VALUES (
    "539ffadc-4163-4199-a208-ae9a9b350e4a", -- Value_ID : UNIQUE_ID
    0, -- isLValue : BOOLEAN
    0, -- isImplicit : BOOLEAN
    1, -- LineNumber : INTEGER
    65, -- StartPosition : INTEGER
    71, -- EndPosition : INTEGER
    0, -- firstParameterLabelLineNumber : INTEGER
    0, -- firstParameterLabelColumn : INTEGER
    0, -- currentLaterParameterLabelLineNumber : INTEGER
    0, -- currentLaterParameterLabelColumn : INTEGER
    "ba5eda7a-def5-0000-0000-000000000004", -- DT_ID : UNIQUE_ID
    "be795387-eee6-489d-b283-8da8e7c41134" -- Block_ID : UNIQUE_ID
);
INSERT INTO V_VAL VALUES (
    "d451b321-82c0-419b-b70a-31e8c6d59095", -- Value_ID : UNIQUE_ID
    0, -- isLValue : BOOLEAN
    0, -- isImplicit : BOOLEAN
    1, -- LineNumber : INTEGER
    73, -- StartPosition : INTEGER
    73, -- EndPosition : INTEGER
    0, -- firstParameterLabelLineNumber : INTEGER
    0, -- firstParameterLabelColumn : INTEGER
    0, -- currentLaterParameterLabelLineNumber : INTEGER
    0, -- currentLaterParameterLabelColumn : INTEGER
    "ba5eda7a-def5-0000-0000-000000000002", -- DT_ID : UNIQUE_ID
    "be795387-eee6-489d-b283-8da8e7c41134" -- Block_ID : UNIQUE_ID
);
INSERT INTO V_VAL VALUES (
    "5646f7fe-1038-4db9-84e0-19f742fd06da", -- Value_ID : UNIQUE_ID
    1, -- isLValue : BOOLEAN
    0, -- isImplicit : BOOLEAN
    1, -- LineNumber : INTEGER
    65, -- StartPosition : INTEGER
    74, -- EndPosition : INTEGER
    0, -- firstParameterLabelLineNumber : INTEGER
    0, -- firstParameterLabelColumn : INTEGER
    0, -- currentLaterParameterLabelLineNumber : INTEGER
    0, -- currentLaterParameterLabelColumn : INTEGER
    "ba5eda7a-def5-0000-0000-000000000004", -- DT_ID : UNIQUE_ID
    "be795387-eee6-489d-b283-8da8e7c41134" -- Block_ID : UNIQUE_ID
);
INSERT INTO V_VAL VALUES (
    "b9f43566-04d9-462d-97e1-5816b2f33a3c", -- Value_ID : UNIQUE_ID
    0, -- isLValue : BOOLEAN
    0, -- isImplicit : BOOLEAN
    2, -- LineNumber : INTEGER
    12, -- StartPosition : INTEGER
    14, -- EndPosition : INTEGER
    0, -- firstParameterLabelLineNumber : INTEGER
    0, -- firstParameterLabelColumn : INTEGER
    0, -- currentLaterParameterLabelLineNumber : INTEGER
    0, -- currentLaterParameterLabelColumn : INTEGER
    "ba5eda7a-def5-0000-0000-000000000004", -- DT_ID : UNIQUE_ID
    "be795387-eee6-489d-b283-8da8e7c41134" -- Block_ID : UNIQUE_ID
);
INSERT INTO V_VAL VALUES (
    "5754a19e-e310-44e5-a12c-2a6a64b6fae5", -- Value_ID : UNIQUE_ID
    0, -- isLValue : BOOLEAN
    0, -- isImplicit : BOOLEAN
    2, -- LineNumber : INTEGER
    1, -- StartPosition : INTEGER
    7, -- EndPosition : INTEGER
    0, -- firstParameterLabelLineNumber : INTEGER
    0, -- firstParameterLabelColumn : INTEGER
    0, -- currentLaterParameterLabelLineNumber : INTEGER
    0, -- currentLaterParameterLabelColumn : INTEGER
    "ba5eda7a-def5-0000-0000-000000000004", -- DT_ID : UNIQUE_ID
    "be795387-eee6-489d-b283-8da8e7c41134" -- Block_ID : UNIQUE_ID
);
INSERT INTO V_VAL VALUES (
    "a42a0509-75fd-4d3d-bf50-d45b85a4ae65", -- Value_ID : UNIQUE_ID
    0, -- isLValue : BOOLEAN
    0, -- isImplicit : BOOLEAN
    2, -- LineNumber : INTEGER
    9, -- StartPosition : INTEGER
    9, -- EndPosition : INTEGER
    0, -- firstParameterLabelLineNumber : INTEGER
    0, -- firstParameterLabelColumn : INTEGER
    0, -- currentLaterParameterLabelLineNumber : INTEGER
    0, -- currentLaterParameterLabelColumn : INTEGER
    "ba5eda7a-def5-0000-0000-000000000002", -- DT_ID : UNIQUE_ID
    "be795387-eee6-489d-b283-8da8e7c41134" -- Block_ID : UNIQUE_ID
);
INSERT INTO V_VAL VALUES (
    "3c5f4180-8ba2-491e-9581-00bab426977f", -- Value_ID : UNIQUE_ID
    1, -- isLValue : BOOLEAN
    0, -- isImplicit : BOOLEAN
    2, -- LineNumber : INTEGER
    1, -- StartPosition : INTEGER
    10, -- EndPosition : INTEGER
    0, -- firstParameterLabelLineNumber : INTEGER
    0, -- firstParameterLabelColumn : INTEGER
    0, -- currentLaterParameterLabelLineNumber : INTEGER
    0, -- currentLaterParameterLabelColumn : INTEGER
    "ba5eda7a-def5-0000-0000-000000000004", -- DT_ID : UNIQUE_ID
    "be795387-eee6-489d-b283-8da8e7c41134" -- Block_ID : UNIQUE_ID
);
INSERT INTO V_VAL VALUES (
    "dece5df0-1fa7-468b-a4fc-1f3c49952ab5", -- Value_ID : UNIQUE_ID
    0, -- isLValue : BOOLEAN
    0, -- isImplicit : BOOLEAN
    2, -- LineNumber : INTEGER
    28, -- StartPosition : INTEGER
    30, -- EndPosition : INTEGER
    0, -- firstParameterLabelLineNumber : INTEGER
    0, -- firstParameterLabelColumn : INTEGER
    0, -- currentLaterParameterLabelLineNumber : INTEGER
    0, -- currentLaterParameterLabelColumn : INTEGER
    "ba5eda7a-def5-0000-0000-000000000004", -- DT_ID : UNIQUE_ID
    "be795387-eee6-489d-b283-8da8e7c41134" -- Block_ID : UNIQUE_ID
);
INSERT INTO V_VAL VALUES (
    "b9d8ed6a-6ed0-4db2-979c-c158ee6563af", -- Value_ID : UNIQUE_ID
    0, -- isLValue : BOOLEAN
    0, -- isImplicit : BOOLEAN
    2, -- LineNumber : INTEGER
    17, -- StartPosition : INTEGER
    23, -- EndPosition : INTEGER
    0, -- firstParameterLabelLineNumber : INTEGER
    0, -- firstParameterLabelColumn : INTEGER
    0, -- currentLaterParameterLabelLineNumber : INTEGER
    0, -- currentLaterParameterLabelColumn : INTEGER
    "ba5eda7a-def5-0000-0000-000000000004", -- DT_ID : UNIQUE_ID
    "be795387-eee6-489d-b283-8da8e7c41134" -- Block_ID : UNIQUE_ID
);
INSERT INTO V_VAL VALUES (
    "5ff561f1-4b38-4696-a5e6-2410a19c5fdf", -- Value_ID : UNIQUE_ID
    0, -- isLValue : BOOLEAN
    0, -- isImplicit : BOOLEAN
    2, -- LineNumber : INTEGER
    25, -- StartPosition : INTEGER
    25, -- EndPosition : INTEGER
    0, -- firstParameterLabelLineNumber : INTEGER
    0, -- firstParameterLabelColumn : INTEGER
    0, -- currentLaterParameterLabelLineNumber : INTEGER
    0, -- currentLaterParameterLabelColumn : INTEGER
    "ba5eda7a-def5-0000-0000-000000000002", -- DT_ID : UNIQUE_ID
    "be795387-eee6-489d-b283-8da8e7c41134" -- Block_ID : UNIQUE_ID
);
INSERT INTO V_VAL VALUES (
    "0fdea665-7ac4-4024-a8ea-7a1a63680660", -- Value_ID : UNIQUE_ID
    1, -- isLValue : BOOLEAN
    0, -- isImplicit : BOOLEAN
    2, -- LineNumber : INTEGER
    17, -- StartPosition : INTEGER
    26, -- EndPosition : INTEGER
    0, -- firstParameterLabelLineNumber : INTEGER
    0, -- firstParameterLabelColumn : INTEGER
    0, -- currentLaterParameterLabelLineNumber : INTEGER
    0, -- currentLaterParameterLabelColumn : INTEGER
    "ba5eda7a-def5-0000-0000-000000000004", -- DT_ID : UNIQUE_ID
    "be795387-eee6-489d-b283-8da8e7c41134" -- Block_ID : UNIQUE_ID
);
INSERT INTO V_VAL VALUES (
    "0e8cc6bc-029b-4d9a-8e89-a5c5c6b44479", -- Value_ID : UNIQUE_ID
    0, -- isLValue : BOOLEAN
    0, -- isImplicit : BOOLEAN
    2, -- LineNumber : INTEGER
    44, -- StartPosition : INTEGER
    46, -- EndPosition : INTEGER
    0, -- firstParameterLabelLineNumber : INTEGER
    0, -- firstParameterLabelColumn : INTEGER
    0, -- currentLaterParameterLabelLineNumber : INTEGER
    0, -- currentLaterParameterLabelColumn : INTEGER
    "ba5eda7a-def5-0000-0000-000000000004", -- DT_ID : UNIQUE_ID
    "be795387-eee6-489d-b283-8da8e7c41134" -- Block_ID : UNIQUE_ID
);
INSERT INTO V_VAL VALUES (
    "8b807e2b-8dff-4e02-ad7e-ddb8a5419b34", -- Value_ID : UNIQUE_ID
    0, -- isLValue : BOOLEAN
    0, -- isImplicit : BOOLEAN
    2, -- LineNumber : INTEGER
    33, -- StartPosition : INTEGER
    39, -- EndPosition : INTEGER
    0, -- firstParameterLabelLineNumber : INTEGER
    0, -- firstParameterLabelColumn : INTEGER
    0, -- currentLaterParameterLabelLineNumber : INTEGER
    0, -- currentLaterParameterLabelColumn : INTEGER
    "ba5eda7a-def5-0000-0000-000000000004", -- DT_ID : UNIQUE_ID
    "be795387-eee6-489d-b283-8da8e7c41134" -- Block_ID : UNIQUE_ID
);
INSERT INTO V_VAL VALUES (
    "84b6d7ea-b98f-4c62-9654-9a5166c51e9c", -- Value_ID : UNIQUE_ID
    0, -- isLValue : BOOLEAN
    0, -- isImplicit : BOOLEAN
    2, -- LineNumber : INTEGER
    41, -- StartPosition : INTEGER
    41, -- EndPosition : INTEGER
    0, -- firstParameterLabelLineNumber : INTEGER
    0, -- firstParameterLabelColumn : INTEGER
    0, -- currentLaterParameterLabelLineNumber : INTEGER
    0, -- currentLaterParameterLabelColumn : INTEGER
    "ba5eda7a-def5-0000-0000-000000000002", -- DT_ID : UNIQUE_ID
    "be795387-eee6-489d-b283-8da8e7c41134" -- Block_ID : UNIQUE_ID
);
INSERT INTO V_VAL VALUES (
    "3fd4037b-f4a7-4bf4-b5d4-f862f36a2da0", -- Value_ID : UNIQUE_ID
    1, -- isLValue : BOOLEAN
    0, -- isImplicit : BOOLEAN
    2, -- LineNumber : INTEGER
    33, -- StartPosition : INTEGER
    42, -- EndPosition : INTEGER
    0, -- firstParameterLabelLineNumber : INTEGER
    0, -- firstParameterLabelColumn : INTEGER
    0, -- currentLaterParameterLabelLineNumber : INTEGER
    0, -- currentLaterParameterLabelColumn : INTEGER
    "ba5eda7a-def5-0000-0000-000000000004", -- DT_ID : UNIQUE_ID
    "be795387-eee6-489d-b283-8da8e7c41134" -- Block_ID : UNIQUE_ID
);
INSERT INTO V_VAL VALUES (
    "8dd5529f-e3da-42e8-af85-21c55b5cfdf8", -- Value_ID : UNIQUE_ID
    0, -- isLValue : BOOLEAN
    0, -- isImplicit : BOOLEAN
    2, -- LineNumber : INTEGER
    60, -- StartPosition : INTEGER
    62, -- EndPosition : INTEGER
    0, -- firstParameterLabelLineNumber : INTEGER
    0, -- firstParameterLabelColumn : INTEGER
    0, -- currentLaterParameterLabelLineNumber : INTEGER
    0, -- currentLaterParameterLabelColumn : INTEGER
    "ba5eda7a-def5-0000-0000-000000000004", -- DT_ID : UNIQUE_ID
    "be795387-eee6-489d-b283-8da8e7c41134" -- Block_ID : UNIQUE_ID
);
INSERT INTO V_VAL VALUES (
    "ff318536-1cd9-42b9-8bf7-36f7881509fe", -- Value_ID : UNIQUE_ID
    0, -- isLValue : BOOLEAN
    0, -- isImplicit : BOOLEAN
    2, -- LineNumber : INTEGER
    49, -- StartPosition : INTEGER
    55, -- EndPosition : INTEGER
    0, -- firstParameterLabelLineNumber : INTEGER
    0, -- firstParameterLabelColumn : INTEGER
    0, -- currentLaterParameterLabelLineNumber : INTEGER
    0, -- currentLaterParameterLabelColumn : INTEGER
    "ba5eda7a-def5-0000-0000-000000000004", -- DT_ID : UNIQUE_ID
    "be795387-eee6-489d-b283-8da8e7c41134" -- Block_ID : UNIQUE_ID
);
INSERT INTO V_VAL VALUES (
    "2f3cefcc-2bd6-49fb-ba5a-552e2f139867", -- Value_ID : UNIQUE_ID
    0, -- isLValue : BOOLEAN
    0, -- isImplicit : BOOLEAN
    2, -- LineNumber : INTEGER
    57, -- StartPosition : INTEGER
    57, -- EndPosition : INTEGER
    0, -- firstParameterLabelLineNumber : INTEGER
    0, -- firstParameterLabelColumn : INTEGER
    0, -- currentLaterParameterLabelLineNumber : INTEGER
    0, -- currentLaterParameterLabelColumn : INTEGER
    "ba5eda7a-def5-0000-0000-000000000002", -- DT_ID : UNIQUE_ID
    "be795387-eee6-489d-b283-8da8e7c41134" -- Block_ID : UNIQUE_ID
);
INSERT INTO V_VAL VALUES (
    "1498751a-703f-4b53-bd80-e0293a6c7c3e", -- Value_ID : UNIQUE_ID
    1, -- isLValue : BOOLEAN
    0, -- isImplicit : BOOLEAN
    2, -- LineNumber : INTEGER
    49, -- StartPosition : INTEGER
    58, -- EndPosition : INTEGER
    0, -- firstParameterLabelLineNumber : INTEGER
    0, -- firstParameterLabelColumn : INTEGER
    0, -- currentLaterParameterLabelLineNumber : INTEGER
    0, -- currentLaterParameterLabelColumn : INTEGER
    "ba5eda7a-def5-0000-0000-000000000004", -- DT_ID : UNIQUE_ID
    "be795387-eee6-489d-b283-8da8e7c41134" -- Block_ID : UNIQUE_ID
);
INSERT INTO V_VAL VALUES (
    "a50cdd12-a64a-4bed-872d-5dce19ddaf6d", -- Value_ID : UNIQUE_ID
    0, -- isLValue : BOOLEAN
    0, -- isImplicit : BOOLEAN
    2, -- LineNumber : INTEGER
    76, -- StartPosition : INTEGER
    78, -- EndPosition : INTEGER
    0, -- firstParameterLabelLineNumber : INTEGER
    0, -- firstParameterLabelColumn : INTEGER
    0, -- currentLaterParameterLabelLineNumber : INTEGER
    0, -- currentLaterParameterLabelColumn : INTEGER
    "ba5eda7a-def5-0000-0000-000000000004", -- DT_ID : UNIQUE_ID
    "be795387-eee6-489d-b283-8da8e7c41134" -- Block_ID : UNIQUE_ID
);
INSERT INTO V_VAL VALUES (
    "ac612d49-35ba-456c-934f-93a5295c7fd5", -- Value_ID : UNIQUE_ID
    0, -- isLValue : BOOLEAN
    0, -- isImplicit : BOOLEAN
    2, -- LineNumber : INTEGER
    65, -- StartPosition : INTEGER
    71, -- EndPosition : INTEGER
    0, -- firstParameterLabelLineNumber : INTEGER
    0, -- firstParameterLabelColumn : INTEGER
    0, -- currentLaterParameterLabelLineNumber : INTEGER
    0, -- currentLaterParameterLabelColumn : INTEGER
    "ba5eda7a-def5-0000-0000-000000000004", -- DT_ID : UNIQUE_ID
    "be795387-eee6-489d-b283-8da8e7c41134" -- Block_ID : UNIQUE_ID
);
INSERT INTO V_VAL VALUES (
    "49b6386b-f45e-4dc7-a094-23cef276f9d4", -- Value_ID : UNIQUE_ID
    0, -- isLValue : BOOLEAN
    0, -- isImplicit : BOOLEAN
    2, -- LineNumber : INTEGER
    73, -- StartPosition : INTEGER
    73, -- EndPosition : INTEGER
    0, -- firstParameterLabelLineNumber : INTEGER
    0, -- firstParameterLabelColumn : INTEGER
    0, -- currentLaterParameterLabelLineNumber : INTEGER
    0, -- currentLaterParameterLabelColumn : INTEGER
    "ba5eda7a-def5-0000-0000-000000000002", -- DT_ID : UNIQUE_ID
    "be795387-eee6-489d-b283-8da8e7c41134" -- Block_ID : UNIQUE_ID
);
INSERT INTO V_VAL VALUES (
    "e7d6a5de-66a5-4a3c-8ecd-c1743293b6f2", -- Value_ID : UNIQUE_ID
    1, -- isLValue : BOOLEAN
    0, -- isImplicit : BOOLEAN
    2, -- LineNumber : INTEGER
    65, -- StartPosition : INTEGER
    74, -- EndPosition : INTEGER
    0, -- firstParameterLabelLineNumber : INTEGER
    0, -- firstParameterLabelColumn : INTEGER
    0, -- currentLaterParameterLabelLineNumber : INTEGER
    0, -- currentLaterParameterLabelColumn : INTEGER
    "ba5eda7a-def5-0000-0000-000000000004", -- DT_ID : UNIQUE_ID
    "be795387-eee6-489d-b283-8da8e7c41134" -- Block_ID : UNIQUE_ID
);
INSERT INTO V_VAL VALUES (
    "8602a8d7-88b2-40fc-994c-516941d3b275", -- Value_ID : UNIQUE_ID
    0, -- isLValue : BOOLEAN
    0, -- isImplicit : BOOLEAN
    4, -- LineNumber : INTEGER
    5, -- StartPosition : INTEGER
    11, -- EndPosition : INTEGER
    0, -- firstParameterLabelLineNumber : INTEGER
    0, -- firstParameterLabelColumn : INTEGER
    0, -- currentLaterParameterLabelLineNumber : INTEGER
    0, -- currentLaterParameterLabelColumn : INTEGER
    "ba5eda7a-def5-0000-0000-000000000002", -- DT_ID : UNIQUE_ID
    "be795387-eee6-489d-b283-8da8e7c41134" -- Block_ID : UNIQUE_ID
);
INSERT INTO V_VAL VALUES (
    "acf4c21d-ff96-45c7-82ed-4ea089d1959b", -- Value_ID : UNIQUE_ID
    1, -- isLValue : BOOLEAN
    1, -- isImplicit : BOOLEAN
    4, -- LineNumber : INTEGER
    1, -- StartPosition : INTEGER
    1, -- EndPosition : INTEGER
    0, -- firstParameterLabelLineNumber : INTEGER
    0, -- firstParameterLabelColumn : INTEGER
    0, -- currentLaterParameterLabelLineNumber : INTEGER
    0, -- currentLaterParameterLabelColumn : INTEGER
    "ba5eda7a-def5-0000-0000-000000000002", -- DT_ID : UNIQUE_ID
    "be795387-eee6-489d-b283-8da8e7c41134" -- Block_ID : UNIQUE_ID
);
INSERT INTO V_VAL VALUES (
    "149b83c1-b0d4-4699-837a-a0e8f013e6be", -- Value_ID : UNIQUE_ID
    0, -- isLValue : BOOLEAN
    0, -- isImplicit : BOOLEAN
    4, -- LineNumber : INTEGER
    18, -- StartPosition : INTEGER
    19, -- EndPosition : INTEGER
    0, -- firstParameterLabelLineNumber : INTEGER
    0, -- firstParameterLabelColumn : INTEGER
    0, -- currentLaterParameterLabelLineNumber : INTEGER
    0, -- currentLaterParameterLabelColumn : INTEGER
    "ba5eda7a-def5-0000-0000-000000000004", -- DT_ID : UNIQUE_ID
    "be795387-eee6-489d-b283-8da8e7c41134" -- Block_ID : UNIQUE_ID
);
INSERT INTO V_VAL VALUES (
    "8574c114-3b5e-4b28-9eae-5cc0cddb1325", -- Value_ID : UNIQUE_ID
    1, -- isLValue : BOOLEAN
    1, -- isImplicit : BOOLEAN
    4, -- LineNumber : INTEGER
    14, -- StartPosition : INTEGER
    14, -- EndPosition : INTEGER
    0, -- firstParameterLabelLineNumber : INTEGER
    0, -- firstParameterLabelColumn : INTEGER
    0, -- currentLaterParameterLabelLineNumber : INTEGER
    0, -- currentLaterParameterLabelColumn : INTEGER
    "ba5eda7a-def5-0000-0000-000000000004", -- DT_ID : UNIQUE_ID
    "be795387-eee6-489d-b283-8da8e7c41134" -- Block_ID : UNIQUE_ID
);
INSERT INTO V_VAL VALUES (
    "5091a549-aa88-44aa-937a-a259bbd8fab6", -- Value_ID : UNIQUE_ID
    0, -- isLValue : BOOLEAN
    0, -- isImplicit : BOOLEAN
    5, -- LineNumber : INTEGER
    9, -- StartPosition : INTEGER
    9, -- EndPosition : INTEGER
    0, -- firstParameterLabelLineNumber : INTEGER
    0, -- firstParameterLabelColumn : INTEGER
    0, -- currentLaterParameterLabelLineNumber : INTEGER
    0, -- currentLaterParameterLabelColumn : INTEGER
    "ba5eda7a-def5-0000-0000-000000000002", -- DT_ID : UNIQUE_ID
    "be795387-eee6-489d-b283-8da8e7c41134" -- Block_ID : UNIQUE_ID
);
INSERT INTO V_VAL VALUES (
    "5f4f83fe-0f85-4494-b143-fccb113a4b06", -- Value_ID : UNIQUE_ID
    0, -- isLValue : BOOLEAN
    0, -- isImplicit : BOOLEAN
    5, -- LineNumber : INTEGER
    14, -- StartPosition : INTEGER
    14, -- EndPosition : INTEGER
    0, -- firstParameterLabelLineNumber : INTEGER
    0, -- firstParameterLabelColumn : INTEGER
    0, -- currentLaterParameterLabelLineNumber : INTEGER
    0, -- currentLaterParameterLabelColumn : INTEGER
    "ba5eda7a-def5-0000-0000-000000000002", -- DT_ID : UNIQUE_ID
    "be795387-eee6-489d-b283-8da8e7c41134" -- Block_ID : UNIQUE_ID
);
INSERT INTO V_VAL VALUES (
    "d4504360-5c13-484f-852f-055e37ec3877", -- Value_ID : UNIQUE_ID
    0, -- isLValue : BOOLEAN
    0, -- isImplicit : BOOLEAN
    5, -- LineNumber : INTEGER
    7, -- StartPosition : INTEGER
    16, -- EndPosition : INTEGER
    0, -- firstParameterLabelLineNumber : INTEGER
    0, -- firstParameterLabelColumn : INTEGER
    0, -- currentLaterParameterLabelLineNumber : INTEGER
    0, -- currentLaterParameterLabelColumn : INTEGER
    "ba5eda7a-def5-0000-0000-000000000001", -- DT_ID : UNIQUE_ID
    "be795387-eee6-489d-b283-8da8e7c41134" -- Block_ID : UNIQUE_ID
);
INSERT INTO V_VAL VALUES (
    "fac26d86-6f52-4004-81b4-cf503ff1cb88", -- Value_ID : UNIQUE_ID
    0, -- isLValue : BOOLEAN
    0, -- isImplicit : BOOLEAN
    6, -- LineNumber : INTEGER
    7, -- StartPosition : INTEGER
    7, -- EndPosition : INTEGER
    0, -- firstParameterLabelLineNumber : INTEGER
    0, -- firstParameterLabelColumn : INTEGER
    0, -- currentLaterParameterLabelLineNumber : INTEGER
    0, -- currentLaterParameterLabelColumn : INTEGER
    "ba5eda7a-def5-0000-0000-000000000002", -- DT_ID : UNIQUE_ID
    "536b0362-67a5-4150-9a7f-1c1a24cca0a8" -- Block_ID : UNIQUE_ID
);
INSERT INTO V_VAL VALUES (
    "9cc57e0e-3d6a-4a41-89c0-11d19a8c36db", -- Value_ID : UNIQUE_ID
    0, -- isLValue : BOOLEAN
    0, -- isImplicit : BOOLEAN
    6, -- LineNumber : INTEGER
    11, -- StartPosition : INTEGER
    12, -- EndPosition : INTEGER
    0, -- firstParameterLabelLineNumber : INTEGER
    0, -- firstParameterLabelColumn : INTEGER
    0, -- currentLaterParameterLabelLineNumber : INTEGER
    0, -- currentLaterParameterLabelColumn : INTEGER
    "ba5eda7a-def5-0000-0000-000000000002", -- DT_ID : UNIQUE_ID
    "536b0362-67a5-4150-9a7f-1c1a24cca0a8" -- Block_ID : UNIQUE_ID
);
INSERT INTO V_VAL VALUES (
    "66ba7596-3a07-4ed3-85b8-beb2b3b39202", -- Value_ID : UNIQUE_ID
    0, -- isLValue : BOOLEAN
    0, -- isImplicit : BOOLEAN
    6, -- LineNumber : INTEGER
    7, -- StartPosition : INTEGER
    12, -- EndPosition : INTEGER
    0, -- firstParameterLabelLineNumber : INTEGER
    0, -- firstParameterLabelColumn : INTEGER
    0, -- currentLaterParameterLabelLineNumber : INTEGER
    0, -- currentLaterParameterLabelColumn : INTEGER
    "ba5eda7a-def5-0000-0000-000000000002", -- DT_ID : UNIQUE_ID
    "536b0362-67a5-4150-9a7f-1c1a24cca0a8" -- Block_ID : UNIQUE_ID
);
INSERT INTO V_VAL VALUES (
    "9fc03b69-62a4-42f0-99fe-15be143f841b", -- Value_ID : UNIQUE_ID
    1, -- isLValue : BOOLEAN
    1, -- isImplicit : BOOLEAN
    6, -- LineNumber : INTEGER
    3, -- StartPosition : INTEGER
    3, -- EndPosition : INTEGER
    0, -- firstParameterLabelLineNumber : INTEGER
    0, -- firstParameterLabelColumn : INTEGER
    0, -- currentLaterParameterLabelLineNumber : INTEGER
    0, -- currentLaterParameterLabelColumn : INTEGER
    "ba5eda7a-def5-0000-0000-000000000002", -- DT_ID : UNIQUE_ID
    "536b0362-67a5-4150-9a7f-1c1a24cca0a8" -- Block_ID : UNIQUE_ID
);
INSERT INTO V_VAL VALUES (
    "26b7d87a-ce36-463c-8b79-3a36aa06b729", -- Value_ID : UNIQUE_ID
    0, -- isLValue : BOOLEAN
    0, -- isImplicit : BOOLEAN
    7, -- LineNumber : INTEGER
    7, -- StartPosition : INTEGER
    7, -- EndPosition : INTEGER
    0, -- firstParameterLabelLineNumber : INTEGER
    0, -- firstParameterLabelColumn : INTEGER
    0, -- currentLaterParameterLabelLineNumber : INTEGER
    0, -- currentLaterParameterLabelColumn : INTEGER
    "ba5eda7a-def5-0000-0000-000000000002", -- DT_ID : UNIQUE_ID
    "536b0362-67a5-4150-9a7f-1c1a24cca0a8" -- Block_ID : UNIQUE_ID
);
INSERT INTO V_VAL VALUES (
    "765c940f-c4dd-41ab-8258-87771b530da5", -- Value_ID : UNIQUE_ID
    0, -- isLValue : BOOLEAN
    0, -- isImplicit : BOOLEAN
    7, -- LineNumber : INTEGER
    11, -- StartPosition : INTEGER
    12, -- EndPosition : INTEGER
    0, -- firstParameterLabelLineNumber : INTEGER
    0, -- firstParameterLabelColumn : INTEGER
    0, -- currentLaterParameterLabelLineNumber : INTEGER
    0, -- currentLaterParameterLabelColumn : INTEGER
    "ba5eda7a-def5-0000-0000-000000000002", -- DT_ID : UNIQUE_ID
    "536b0362-67a5-4150-9a7f-1c1a24cca0a8" -- Block_ID : UNIQUE_ID
);
INSERT INTO V_VAL VALUES (
    "01831ae1-e28e-43e2-88be-42d934e40702", -- Value_ID : UNIQUE_ID
    0, -- isLValue : BOOLEAN
    0, -- isImplicit : BOOLEAN
    7, -- LineNumber : INTEGER
    7, -- StartPosition : INTEGER
    12, -- EndPosition : INTEGER
    0, -- firstParameterLabelLineNumber : INTEGER
    0, -- firstParameterLabelColumn : INTEGER
    0, -- currentLaterParameterLabelLineNumber : INTEGER
    0, -- currentLaterParameterLabelColumn : INTEGER
    "ba5eda7a-def5-0000-0000-000000000002", -- DT_ID : UNIQUE_ID
    "536b0362-67a5-4150-9a7f-1c1a24cca0a8" -- Block_ID : UNIQUE_ID
);
INSERT INTO V_VAL VALUES (
    "b8583561-3c46-48dd-8678-d989d6156e18", -- Value_ID : UNIQUE_ID
    1, -- isLValue : BOOLEAN
    0, -- isImplicit : BOOLEAN
    7, -- LineNumber : INTEGER
    3, -- StartPosition : INTEGER
    3, -- EndPosition : INTEGER
    0, -- firstParameterLabelLineNumber : INTEGER
    0, -- firstParameterLabelColumn : INTEGER
    0, -- currentLaterParameterLabelLineNumber : INTEGER
    0, -- currentLaterParameterLabelColumn : INTEGER
    "ba5eda7a-def5-0000-0000-000000000002", -- DT_ID : UNIQUE_ID
    "536b0362-67a5-4150-9a7f-1c1a24cca0a8" -- Block_ID : UNIQUE_ID
);
INSERT INTO V_VAL VALUES (
    "4d964d3d-793a-4f77-82e5-2e0cd046c235", -- Value_ID : UNIQUE_ID
    0, -- isLValue : BOOLEAN
    0, -- isImplicit : BOOLEAN
    8, -- LineNumber : INTEGER
    7, -- StartPosition : INTEGER
    13, -- EndPosition : INTEGER
    0, -- firstParameterLabelLineNumber : INTEGER
    0, -- firstParameterLabelColumn : INTEGER
    0, -- currentLaterParameterLabelLineNumber : INTEGER
    0, -- currentLaterParameterLabelColumn : INTEGER
    "ba5eda7a-def5-0000-0000-000000000004", -- DT_ID : UNIQUE_ID
    "536b0362-67a5-4150-9a7f-1c1a24cca0a8" -- Block_ID : UNIQUE_ID
);
INSERT INTO V_VAL VALUES (
    "dbe8e672-063d-4be1-8453-fb39ea312764", -- Value_ID : UNIQUE_ID
    0, -- isLValue : BOOLEAN
    0, -- isImplicit : BOOLEAN
    8, -- LineNumber : INTEGER
    16, -- StartPosition : INTEGER
    16, -- EndPosition : INTEGER
    0, -- firstParameterLabelLineNumber : INTEGER
    0, -- firstParameterLabelColumn : INTEGER
    0, -- currentLaterParameterLabelLineNumber : INTEGER
    0, -- currentLaterParameterLabelColumn : INTEGER
    "ba5eda7a-def5-0000-0000-000000000002", -- DT_ID : UNIQUE_ID
    "536b0362-67a5-4150-9a7f-1c1a24cca0a8" -- Block_ID : UNIQUE_ID
);
INSERT INTO V_VAL VALUES (
    "0b7ae5b7-a15a-4291-997a-fc87df350dcb", -- Value_ID : UNIQUE_ID
    0, -- isLValue : BOOLEAN
    0, -- isImplicit : BOOLEAN
    8, -- LineNumber : INTEGER
    7, -- StartPosition : INTEGER
    18, -- EndPosition : INTEGER
    0, -- firstParameterLabelLineNumber : INTEGER
    0, -- firstParameterLabelColumn : INTEGER
    0, -- currentLaterParameterLabelLineNumber : INTEGER
    0, -- currentLaterParameterLabelColumn : INTEGER
    "ba5eda7a-def5-0000-0000-000000000004", -- DT_ID : UNIQUE_ID
    "536b0362-67a5-4150-9a7f-1c1a24cca0a8" -- Block_ID : UNIQUE_ID
);
INSERT INTO V_VAL VALUES (
    "c36640d8-3c03-4335-995e-fd83c5c284ad", -- Value_ID : UNIQUE_ID
    0, -- isLValue : BOOLEAN
    0, -- isImplicit : BOOLEAN
    8, -- LineNumber : INTEGER
    22, -- StartPosition : INTEGER
    22, -- EndPosition : INTEGER
    0, -- firstParameterLabelLineNumber : INTEGER
    0, -- firstParameterLabelColumn : INTEGER
    0, -- currentLaterParameterLabelLineNumber : INTEGER
    0, -- currentLaterParameterLabelColumn : INTEGER
    "ba5eda7a-def5-0000-0000-000000000004", -- DT_ID : UNIQUE_ID
    "536b0362-67a5-4150-9a7f-1c1a24cca0a8" -- Block_ID : UNIQUE_ID
);
INSERT INTO V_VAL VALUES (
    "ce293593-241b-45b8-8784-3e1aa7ff98cf", -- Value_ID : UNIQUE_ID
    0, -- isLValue : BOOLEAN
    0, -- isImplicit : BOOLEAN
    8, -- LineNumber : INTEGER
    7, -- StartPosition : INTEGER
    22, -- EndPosition : INTEGER
    0, -- firstParameterLabelLineNumber : INTEGER
    0, -- firstParameterLabelColumn : INTEGER
    0, -- currentLaterParameterLabelLineNumber : INTEGER
    0, -- currentLaterParameterLabelColumn : INTEGER
    "ba5eda7a-def5-0000-0000-000000000004", -- DT_ID : UNIQUE_ID
    "536b0362-67a5-4150-9a7f-1c1a24cca0a8" -- Block_ID : UNIQUE_ID
);
INSERT INTO V_VAL VALUES (
    "15f98667-beed-4c06-a3dc-61ca37aa3715", -- Value_ID : UNIQUE_ID
    1, -- isLValue : BOOLEAN
    0, -- isImplicit : BOOLEAN
    8, -- LineNumber : INTEGER
    3, -- StartPosition : INTEGER
    3, -- EndPosition : INTEGER
    0, -- firstParameterLabelLineNumber : INTEGER
    0, -- firstParameterLabelColumn : INTEGER
    0, -- currentLaterParameterLabelLineNumber : INTEGER
    0, -- currentLaterParameterLabelColumn : INTEGER
    "ba5eda7a-def5-0000-0000-000000000004", -- DT_ID : UNIQUE_ID
    "536b0362-67a5-4150-9a7f-1c1a24cca0a8" -- Block_ID : UNIQUE_ID
);
INSERT INTO V_VAL VALUES (
    "38b9b6d9-e957-4b04-90b8-97bc5446e8de", -- Value_ID : UNIQUE_ID
    0, -- isLValue : BOOLEAN
    0, -- isImplicit : BOOLEAN
    11, -- LineNumber : INTEGER
    8, -- StartPosition : INTEGER
    8, -- EndPosition : INTEGER
    0, -- firstParameterLabelLineNumber : INTEGER
    0, -- firstParameterLabelColumn : INTEGER
    0, -- currentLaterParameterLabelLineNumber : INTEGER
    0, -- currentLaterParameterLabelColumn : INTEGER
    "ba5eda7a-def5-0000-0000-000000000004", -- DT_ID : UNIQUE_ID
    "be795387-eee6-489d-b283-8da8e7c41134" -- Block_ID : UNIQUE_ID
);
INSERT INTO V_VAL VALUES (
    "529ef368-343e-44c5-afc3-5f67a717eb9c", -- Value_ID : UNIQUE_ID
    0, -- isLValue : BOOLEAN
    0, -- isImplicit : BOOLEAN
    1, -- LineNumber : INTEGER
    8, -- StartPosition : INTEGER
    8, -- EndPosition : INTEGER
    0, -- firstParameterLabelLineNumber : INTEGER
    0, -- firstParameterLabelColumn : INTEGER
    0, -- currentLaterParameterLabelLineNumber : INTEGER
    0, -- currentLaterParameterLabelColumn : INTEGER
    "ba5eda7a-def5-0000-0000-000000000002", -- DT_ID : UNIQUE_ID
    "8cf7cc96-19f5-480b-82e2-0855036444ba" -- Block_ID : UNIQUE_ID
);
INSERT INTO V_VAL VALUES (
    "5b161e13-8688-4cdf-b7af-46ec051a28df", -- Value_ID : UNIQUE_ID
    0, -- isLValue : BOOLEAN
    0, -- isImplicit : BOOLEAN
    1, -- LineNumber : INTEGER
    8, -- StartPosition : INTEGER
    11, -- EndPosition : INTEGER
    0, -- firstParameterLabelLineNumber : INTEGER
    0, -- firstParameterLabelColumn : INTEGER
    0, -- currentLaterParameterLabelLineNumber : INTEGER
    0, -- currentLaterParameterLabelColumn : INTEGER
    "ba5eda7a-def5-0000-0000-000000000001", -- DT_ID : UNIQUE_ID
    "d1e5690b-dfca-4518-a481-008fc232c48a" -- Block_ID : UNIQUE_ID
);
INSERT INTO V_VAL VALUES (
    "42f1aace-688e-4a6b-93d8-290f3b489130", -- Value_ID : UNIQUE_ID
    0, -- isLValue : BOOLEAN
    0, -- isImplicit : BOOLEAN
    1, -- LineNumber : INTEGER
    8, -- StartPosition : INTEGER
    11, -- EndPosition : INTEGER
    0, -- firstParameterLabelLineNumber : INTEGER
    0, -- firstParameterLabelColumn : INTEGER
    0, -- currentLaterParameterLabelLineNumber : INTEGER
    0, -- currentLaterParameterLabelColumn : INTEGER
    "ba5eda7a-def5-0000-0000-000000000001", -- DT_ID : UNIQUE_ID
    "6f65d8e0-5f81-42ff-ad95-dc080604244f" -- Block_ID : UNIQUE_ID
);
INSERT INTO V_VAL VALUES (
    "6ac324f2-7500-4832-ab39-e705f8d2afca", -- Value_ID : UNIQUE_ID
    0, -- isLValue : BOOLEAN
    0, -- isImplicit : BOOLEAN
    5, -- LineNumber : INTEGER
    18, -- StartPosition : INTEGER
    28, -- EndPosition : INTEGER
    0, -- firstParameterLabelLineNumber : INTEGER
    0, -- firstParameterLabelColumn : INTEGER
    0, -- currentLaterParameterLabelLineNumber : INTEGER
    0, -- currentLaterParameterLabelColumn : INTEGER
    "ba5eda7a-def5-0000-0000-000000000004", -- DT_ID : UNIQUE_ID
    "b563066e-7a08-4193-891e-0994e4483a51" -- Block_ID : UNIQUE_ID
);
INSERT INTO V_VAL VALUES (
    "c3f91757-0268-42b8-9fb0-5b9e72817e85", -- Value_ID : UNIQUE_ID
    0, -- isLValue : BOOLEAN
    0, -- isImplicit : BOOLEAN
    5, -- LineNumber : INTEGER
    1, -- StartPosition : INTEGER
    8, -- EndPosition : INTEGER
    0, -- firstParameterLabelLineNumber : INTEGER
    0, -- firstParameterLabelColumn : INTEGER
    0, -- currentLaterParameterLabelLineNumber : INTEGER
    0, -- currentLaterParameterLabelColumn : INTEGER
    "ba5eda7a-def5-0000-0000-000000000008", -- DT_ID : UNIQUE_ID
    "b563066e-7a08-4193-891e-0994e4483a51" -- Block_ID : UNIQUE_ID
);
INSERT INTO V_VAL VALUES (
    "3aead455-e162-4774-951b-32cbb3d4942f", -- Value_ID : UNIQUE_ID
    1, -- isLValue : BOOLEAN
    0, -- isImplicit : BOOLEAN
    5, -- LineNumber : INTEGER
    1, -- StartPosition : INTEGER
    14, -- EndPosition : INTEGER
    0, -- firstParameterLabelLineNumber : INTEGER
    0, -- firstParameterLabelColumn : INTEGER
    0, -- currentLaterParameterLabelLineNumber : INTEGER
    0, -- currentLaterParameterLabelColumn : INTEGER
    "ba5eda7a-def5-0000-0000-000000000004", -- DT_ID : UNIQUE_ID
    "b563066e-7a08-4193-891e-0994e4483a51" -- Block_ID : UNIQUE_ID
);
INSERT INTO V_VAL VALUES (
    "aa47bbd6-9499-46c7-8ad6-437bf832168c", -- Value_ID : UNIQUE_ID
    0, -- isLValue : BOOLEAN
    0, -- isImplicit : BOOLEAN
    6, -- LineNumber : INTEGER
    18, -- StartPosition : INTEGER
    28, -- EndPosition : INTEGER
    0, -- firstParameterLabelLineNumber : INTEGER
    0, -- firstParameterLabelColumn : INTEGER
    0, -- currentLaterParameterLabelLineNumber : INTEGER
    0, -- currentLaterParameterLabelColumn : INTEGER
    "ba5eda7a-def5-0000-0000-000000000004", -- DT_ID : UNIQUE_ID
    "b563066e-7a08-4193-891e-0994e4483a51" -- Block_ID : UNIQUE_ID
);
INSERT INTO V_VAL VALUES (
    "c4802e7a-e52c-47b2-be87-59b856a7e30a", -- Value_ID : UNIQUE_ID
    0, -- isLValue : BOOLEAN
    0, -- isImplicit : BOOLEAN
    6, -- LineNumber : INTEGER
    1, -- StartPosition : INTEGER
    8, -- EndPosition : INTEGER
    0, -- firstParameterLabelLineNumber : INTEGER
    0, -- firstParameterLabelColumn : INTEGER
    0, -- currentLaterParameterLabelLineNumber : INTEGER
    0, -- currentLaterParameterLabelColumn : INTEGER
    "ba5eda7a-def5-0000-0000-000000000008", -- DT_ID : UNIQUE_ID
    "b563066e-7a08-4193-891e-0994e4483a51" -- Block_ID : UNIQUE_ID
);
INSERT INTO V_VAL VALUES (
    "494ca10e-f3c6-48be-9ecb-5aa7ce0744b9", -- Value_ID : UNIQUE_ID
    1, -- isLValue : BOOLEAN
    0, -- isImplicit : BOOLEAN
    6, -- LineNumber : INTEGER
    1, -- StartPosition : INTEGER
    14, -- EndPosition : INTEGER
    0, -- firstParameterLabelLineNumber : INTEGER
    0, -- firstParameterLabelColumn : INTEGER
    0, -- currentLaterParameterLabelLineNumber : INTEGER
    0, -- currentLaterParameterLabelColumn : INTEGER
    "ba5eda7a-def5-0000-0000-000000000004", -- DT_ID : UNIQUE_ID
    "b563066e-7a08-4193-891e-0994e4483a51" -- Block_ID : UNIQUE_ID
);
INSERT INTO V_VAL VALUES (
    "cb1b7c1e-73d8-4748-927c-d0f6020890f7", -- Value_ID : UNIQUE_ID
    0, -- isLValue : BOOLEAN
    0, -- isImplicit : BOOLEAN
    7, -- LineNumber : INTEGER
    24, -- StartPosition : INTEGER
    40, -- EndPosition : INTEGER
    0, -- firstParameterLabelLineNumber : INTEGER
    0, -- firstParameterLabelColumn : INTEGER
    0, -- currentLaterParameterLabelLineNumber : INTEGER
    0, -- currentLaterParameterLabelColumn : INTEGER
    "ba5eda7a-def5-0000-0000-000000000002", -- DT_ID : UNIQUE_ID
    "b563066e-7a08-4193-891e-0994e4483a51" -- Block_ID : UNIQUE_ID
);
INSERT INTO V_VAL VALUES (
    "b2a01757-3a3a-4dde-bc23-d541f3ff5a24", -- Value_ID : UNIQUE_ID
    0, -- isLValue : BOOLEAN
    0, -- isImplicit : BOOLEAN
    7, -- LineNumber : INTEGER
    1, -- StartPosition : INTEGER
    8, -- EndPosition : INTEGER
    0, -- firstParameterLabelLineNumber : INTEGER
    0, -- firstParameterLabelColumn : INTEGER
    0, -- currentLaterParameterLabelLineNumber : INTEGER
    0, -- currentLaterParameterLabelColumn : INTEGER
    "ba5eda7a-def5-0000-0000-000000000008", -- DT_ID : UNIQUE_ID
    "b563066e-7a08-4193-891e-0994e4483a51" -- Block_ID : UNIQUE_ID
);
INSERT INTO V_VAL VALUES (
    "73a5b2d3-6181-4d09-9587-a462888fa628", -- Value_ID : UNIQUE_ID
    1, -- isLValue : BOOLEAN
    0, -- isImplicit : BOOLEAN
    7, -- LineNumber : INTEGER
    1, -- StartPosition : INTEGER
    20, -- EndPosition : INTEGER
    0, -- firstParameterLabelLineNumber : INTEGER
    0, -- firstParameterLabelColumn : INTEGER
    0, -- currentLaterParameterLabelLineNumber : INTEGER
    0, -- currentLaterParameterLabelColumn : INTEGER
    "ba5eda7a-def5-0000-0000-000000000002", -- DT_ID : UNIQUE_ID
    "b563066e-7a08-4193-891e-0994e4483a51" -- Block_ID : UNIQUE_ID
);
INSERT INTO V_VAL VALUES (
    "d4eeeb04-04c5-4ab8-a1d8-25804e6adf39", -- Value_ID : UNIQUE_ID
    0, -- isLValue : BOOLEAN
    0, -- isImplicit : BOOLEAN
    2, -- LineNumber : INTEGER
    14, -- StartPosition : INTEGER
    32, -- EndPosition : INTEGER
    0, -- firstParameterLabelLineNumber : INTEGER
    0, -- firstParameterLabelColumn : INTEGER
    0, -- currentLaterParameterLabelLineNumber : INTEGER
    0, -- currentLaterParameterLabelColumn : INTEGER
    "ba5eda7a-def5-0000-0000-00000000000e", -- DT_ID : UNIQUE_ID
    "9de252a9-dc9a-4603-ab73-49025056e98e" -- Block_ID : UNIQUE_ID
);
INSERT INTO V_VAL VALUES (
    "3227a671-cb32-4f43-bbdf-149a14211651", -- Value_ID : UNIQUE_ID
    1, -- isLValue : BOOLEAN
    1, -- isImplicit : BOOLEAN
    2, -- LineNumber : INTEGER
    1, -- StartPosition : INTEGER
    10, -- EndPosition : INTEGER
    0, -- firstParameterLabelLineNumber : INTEGER
    0, -- firstParameterLabelColumn : INTEGER
    0, -- currentLaterParameterLabelLineNumber : INTEGER
    0, -- currentLaterParameterLabelColumn : INTEGER
    "ba5eda7a-def5-0000-0000-00000000000e", -- DT_ID : UNIQUE_ID
    "9de252a9-dc9a-4603-ab73-49025056e98e" -- Block_ID : UNIQUE_ID
);
INSERT INTO V_VAL VALUES (
    "a2c04f52-c1e0-41a7-989a-128193a0b5e4", -- Value_ID : UNIQUE_ID
    0, -- isLValue : BOOLEAN
    0, -- isImplicit : BOOLEAN
    3, -- LineNumber : INTEGER
    1, -- StartPosition : INTEGER
    52, -- EndPosition : INTEGER
    0, -- firstParameterLabelLineNumber : INTEGER
    0, -- firstParameterLabelColumn : INTEGER
    0, -- currentLaterParameterLabelLineNumber : INTEGER
    0, -- currentLaterParameterLabelColumn : INTEGER
    "ba5eda7a-def5-0000-0000-000000000000", -- DT_ID : UNIQUE_ID
    "9de252a9-dc9a-4603-ab73-49025056e98e" -- Block_ID : UNIQUE_ID
);
INSERT INTO V_VAL VALUES (
    "f46bec4c-8ff7-4cc2-8001-968aae8802ec", -- Value_ID : UNIQUE_ID
    0, -- isLValue : BOOLEAN
    0, -- isImplicit : BOOLEAN
    3, -- LineNumber : INTEGER
    23, -- StartPosition : INTEGER
    50, -- EndPosition : INTEGER
    0, -- firstParameterLabelLineNumber : INTEGER
    0, -- firstParameterLabelColumn : INTEGER
    0, -- currentLaterParameterLabelLineNumber : INTEGER
    0, -- currentLaterParameterLabelColumn : INTEGER
    "ba5eda7a-def5-0000-0000-000000000004", -- DT_ID : UNIQUE_ID
    "9de252a9-dc9a-4603-ab73-49025056e98e" -- Block_ID : UNIQUE_ID
);
INSERT INTO V_VAL VALUES (
    "70e51257-8cc5-46b2-8f87-a7acb296297b", -- Value_ID : UNIQUE_ID
    0, -- isLValue : BOOLEAN
    0, -- isImplicit : BOOLEAN
    2, -- LineNumber : INTEGER
    54, -- StartPosition : INTEGER
    61, -- EndPosition : INTEGER
    0, -- firstParameterLabelLineNumber : INTEGER
    0, -- firstParameterLabelColumn : INTEGER
    0, -- currentLaterParameterLabelLineNumber : INTEGER
    0, -- currentLaterParameterLabelColumn : INTEGER
    "ba5eda7a-def5-0000-0000-000000000008", -- DT_ID : UNIQUE_ID
    "b7e09080-9083-4df3-a49d-8b197a69e40a" -- Block_ID : UNIQUE_ID
);
INSERT INTO V_VAL VALUES (
    "4194baed-b9ee-4146-9125-f8613f5e5190", -- Value_ID : UNIQUE_ID
    0, -- isLValue : BOOLEAN
    0, -- isImplicit : BOOLEAN
    2, -- LineNumber : INTEGER
    54, -- StartPosition : INTEGER
    73, -- EndPosition : INTEGER
    0, -- firstParameterLabelLineNumber : INTEGER
    0, -- firstParameterLabelColumn : INTEGER
    0, -- currentLaterParameterLabelLineNumber : INTEGER
    0, -- currentLaterParameterLabelColumn : INTEGER
    "ba5eda7a-def5-0000-0000-000000000002", -- DT_ID : UNIQUE_ID
    "b7e09080-9083-4df3-a49d-8b197a69e40a" -- Block_ID : UNIQUE_ID
);
INSERT INTO V_VAL VALUES (
    "ca8a823d-78ca-47ed-86f8-4718e0f98cd5", -- Value_ID : UNIQUE_ID
    0, -- isLValue : BOOLEAN
    0, -- isImplicit : BOOLEAN
    2, -- LineNumber : INTEGER
    76, -- StartPosition : INTEGER
    92, -- EndPosition : INTEGER
    0, -- firstParameterLabelLineNumber : INTEGER
    0, -- firstParameterLabelColumn : INTEGER
    0, -- currentLaterParameterLabelLineNumber : INTEGER
    0, -- currentLaterParameterLabelColumn : INTEGER
    "ba5eda7a-def5-0000-0000-000000000002", -- DT_ID : UNIQUE_ID
    "b7e09080-9083-4df3-a49d-8b197a69e40a" -- Block_ID : UNIQUE_ID
);
INSERT INTO V_VAL VALUES (
    "45fec2f1-1224-4a15-8fb1-7094e5bffc64", -- Value_ID : UNIQUE_ID
    0, -- isLValue : BOOLEAN
    0, -- isImplicit : BOOLEAN
    2, -- LineNumber : INTEGER
    54, -- StartPosition : INTEGER
    92, -- EndPosition : INTEGER
    0, -- firstParameterLabelLineNumber : INTEGER
    0, -- firstParameterLabelColumn : INTEGER
    0, -- currentLaterParameterLabelLineNumber : INTEGER
    0, -- currentLaterParameterLabelColumn : INTEGER
    "ba5eda7a-def5-0000-0000-000000000001", -- DT_ID : UNIQUE_ID
    "b7e09080-9083-4df3-a49d-8b197a69e40a" -- Block_ID : UNIQUE_ID
);
INSERT INTO V_VAL VALUES (
    "abbc3068-a1ad-46b0-987e-b02baa651536", -- Value_ID : UNIQUE_ID
    0, -- isLValue : BOOLEAN
    0, -- isImplicit : BOOLEAN
    3, -- LineNumber : INTEGER
    12, -- StartPosition : INTEGER
    19, -- EndPosition : INTEGER
    0, -- firstParameterLabelLineNumber : INTEGER
    0, -- firstParameterLabelColumn : INTEGER
    0, -- currentLaterParameterLabelLineNumber : INTEGER
    0, -- currentLaterParameterLabelColumn : INTEGER
    "ba5eda7a-def5-0000-0000-000000000008", -- DT_ID : UNIQUE_ID
    "b7e09080-9083-4df3-a49d-8b197a69e40a" -- Block_ID : UNIQUE_ID
);
INSERT INTO V_VAL VALUES (
    "09ca87ac-898d-4dc6-8787-aaf1c5ead9e0", -- Value_ID : UNIQUE_ID
    0, -- isLValue : BOOLEAN
    0, -- isImplicit : BOOLEAN
    3, -- LineNumber : INTEGER
    4, -- StartPosition : INTEGER
    21, -- EndPosition : INTEGER
    0, -- firstParameterLabelLineNumber : INTEGER
    0, -- firstParameterLabelColumn : INTEGER
    0, -- currentLaterParameterLabelLineNumber : INTEGER
    0, -- currentLaterParameterLabelColumn : INTEGER
    "ba5eda7a-def5-0000-0000-000000000001", -- DT_ID : UNIQUE_ID
    "b7e09080-9083-4df3-a49d-8b197a69e40a" -- Block_ID : UNIQUE_ID
);
INSERT INTO V_VAL VALUES (
    "f782834a-4d23-48e3-b5e2-3e4247f35755", -- Value_ID : UNIQUE_ID
    0, -- isLValue : BOOLEAN
    0, -- isImplicit : BOOLEAN
    5, -- LineNumber : INTEGER
    2, -- StartPosition : INTEGER
    9, -- EndPosition : INTEGER
    0, -- firstParameterLabelLineNumber : INTEGER
    0, -- firstParameterLabelColumn : INTEGER
    0, -- currentLaterParameterLabelLineNumber : INTEGER
    0, -- currentLaterParameterLabelColumn : INTEGER
    "ba5eda7a-def5-0000-0000-000000000008", -- DT_ID : UNIQUE_ID
    "3079a0fe-df5f-4202-8d04-0b5ef64ecb0c" -- Block_ID : UNIQUE_ID
);
INSERT INTO V_VAL VALUES (
    "8092fa88-fe1f-4791-9eb6-e4d199a5eb1e", -- Value_ID : UNIQUE_ID
    0, -- isLValue : BOOLEAN
    0, -- isImplicit : BOOLEAN
    5, -- LineNumber : INTEGER
    2, -- StartPosition : INTEGER
    95, -- EndPosition : INTEGER
    0, -- firstParameterLabelLineNumber : INTEGER
    0, -- firstParameterLabelColumn : INTEGER
    0, -- currentLaterParameterLabelLineNumber : INTEGER
    0, -- currentLaterParameterLabelColumn : INTEGER
    "ba5eda7a-def5-0000-0000-000000000000", -- DT_ID : UNIQUE_ID
    "3079a0fe-df5f-4202-8d04-0b5ef64ecb0c" -- Block_ID : UNIQUE_ID
);
INSERT INTO V_VAL VALUES (
    "25e126f0-0cbd-495c-bfaf-956ba3670251", -- Value_ID : UNIQUE_ID
    0, -- isLValue : BOOLEAN
    0, -- isImplicit : BOOLEAN
    5, -- LineNumber : INTEGER
    78, -- StartPosition : INTEGER
    94, -- EndPosition : INTEGER
    0, -- firstParameterLabelLineNumber : INTEGER
    0, -- firstParameterLabelColumn : INTEGER
    0, -- currentLaterParameterLabelLineNumber : INTEGER
    0, -- currentLaterParameterLabelColumn : INTEGER
    "ba5eda7a-def5-0000-0000-000000000002", -- DT_ID : UNIQUE_ID
    "3079a0fe-df5f-4202-8d04-0b5ef64ecb0c" -- Block_ID : UNIQUE_ID
);
INSERT INTO V_VAL VALUES (
    "785cef8f-1691-44f3-901b-6439ec5e5045", -- Value_ID : UNIQUE_ID
    0, -- isLValue : BOOLEAN
    0, -- isImplicit : BOOLEAN
    5, -- LineNumber : INTEGER
    52, -- StartPosition : INTEGER
    62, -- EndPosition : INTEGER
    0, -- firstParameterLabelLineNumber : INTEGER
    0, -- firstParameterLabelColumn : INTEGER
    0, -- currentLaterParameterLabelLineNumber : INTEGER
    0, -- currentLaterParameterLabelColumn : INTEGER
    "ba5eda7a-def5-0000-0000-000000000004", -- DT_ID : UNIQUE_ID
    "3079a0fe-df5f-4202-8d04-0b5ef64ecb0c" -- Block_ID : UNIQUE_ID
);
INSERT INTO V_VAL VALUES (
    "c3dbedb9-9acf-4c2b-8133-7a887138b48a", -- Value_ID : UNIQUE_ID
    0, -- isLValue : BOOLEAN
    0, -- isImplicit : BOOLEAN
    5, -- LineNumber : INTEGER
    33, -- StartPosition : INTEGER
    43, -- EndPosition : INTEGER
    0, -- firstParameterLabelLineNumber : INTEGER
    0, -- firstParameterLabelColumn : INTEGER
    0, -- currentLaterParameterLabelLineNumber : INTEGER
    0, -- currentLaterParameterLabelColumn : INTEGER
    "ba5eda7a-def5-0000-0000-000000000004", -- DT_ID : UNIQUE_ID
    "3079a0fe-df5f-4202-8d04-0b5ef64ecb0c" -- Block_ID : UNIQUE_ID
);
INSERT INTO V_VAL VALUES (
    "62a4df9a-5c35-4e0d-85cb-f0831747bb31", -- Value_ID : UNIQUE_ID
    0, -- isLValue : BOOLEAN
    0, -- isImplicit : BOOLEAN
    8, -- LineNumber : INTEGER
    55, -- StartPosition : INTEGER
    58, -- EndPosition : INTEGER
    0, -- firstParameterLabelLineNumber : INTEGER
    0, -- firstParameterLabelColumn : INTEGER
    0, -- currentLaterParameterLabelLineNumber : INTEGER
    0, -- currentLaterParameterLabelColumn : INTEGER
    "ba5eda7a-def5-0000-0000-000000000001", -- DT_ID : UNIQUE_ID
    "3079a0fe-df5f-4202-8d04-0b5ef64ecb0c" -- Block_ID : UNIQUE_ID
);
INSERT INTO V_VAL VALUES (
    "7ceac953-c4da-49a5-8447-dba5b3ad8d09", -- Value_ID : UNIQUE_ID
    0, -- isLValue : BOOLEAN
    0, -- isImplicit : BOOLEAN
    8, -- LineNumber : INTEGER
    17, -- StartPosition : INTEGER
    46, -- EndPosition : INTEGER
    0, -- firstParameterLabelLineNumber : INTEGER
    0, -- firstParameterLabelColumn : INTEGER
    0, -- currentLaterParameterLabelLineNumber : INTEGER
    0, -- currentLaterParameterLabelColumn : INTEGER
    "ba5eda7a-def5-0000-0000-000000000004", -- DT_ID : UNIQUE_ID
    "3079a0fe-df5f-4202-8d04-0b5ef64ecb0c" -- Block_ID : UNIQUE_ID
);
INSERT INTO V_VAL VALUES (
    "6d91acc8-66ed-41e7-942e-52480d764f2d", -- Value_ID : UNIQUE_ID
    0, -- isLValue : BOOLEAN
    0, -- isImplicit : BOOLEAN
    11, -- LineNumber : INTEGER
    2, -- StartPosition : INTEGER
    50, -- EndPosition : INTEGER
    0, -- firstParameterLabelLineNumber : INTEGER
    0, -- firstParameterLabelColumn : INTEGER
    0, -- currentLaterParameterLabelLineNumber : INTEGER
    0, -- currentLaterParameterLabelColumn : INTEGER
    "ba5eda7a-def5-0000-0000-000000000000", -- DT_ID : UNIQUE_ID
    "235be2bc-1d6e-4fa4-83e4-4d7e428e02cc" -- Block_ID : UNIQUE_ID
);
INSERT INTO V_VAL VALUES (
    "a2c4440a-1355-4553-9d58-65d8e7084455", -- Value_ID : UNIQUE_ID
    0, -- isLValue : BOOLEAN
    0, -- isImplicit : BOOLEAN
    11, -- LineNumber : INTEGER
    23, -- StartPosition : INTEGER
    48, -- EndPosition : INTEGER
    0, -- firstParameterLabelLineNumber : INTEGER
    0, -- firstParameterLabelColumn : INTEGER
    0, -- currentLaterParameterLabelLineNumber : INTEGER
    0, -- currentLaterParameterLabelColumn : INTEGER
    "ba5eda7a-def5-0000-0000-000000000004", -- DT_ID : UNIQUE_ID
    "235be2bc-1d6e-4fa4-83e4-4d7e428e02cc" -- Block_ID : UNIQUE_ID
);
INSERT INTO V_VAL VALUES (
    "308e37d4-3df7-44c6-845b-5ada72c0c593", -- Value_ID : UNIQUE_ID
    0, -- isLValue : BOOLEAN
    0, -- isImplicit : BOOLEAN
    12, -- LineNumber : INTEGER
    2, -- StartPosition : INTEGER
    43, -- EndPosition : INTEGER
    0, -- firstParameterLabelLineNumber : INTEGER
    0, -- firstParameterLabelColumn : INTEGER
    0, -- currentLaterParameterLabelLineNumber : INTEGER
    0, -- currentLaterParameterLabelColumn : INTEGER
    "ba5eda7a-def5-0000-0000-000000000000", -- DT_ID : UNIQUE_ID
    "235be2bc-1d6e-4fa4-83e4-4d7e428e02cc" -- Block_ID : UNIQUE_ID
);
INSERT INTO V_VAL VALUES (
    "f002146b-a743-4d43-b4c6-7b9aa6d651bc", -- Value_ID : UNIQUE_ID
    0, -- isLValue : BOOLEAN
    0, -- isImplicit : BOOLEAN
    12, -- LineNumber : INTEGER
    23, -- StartPosition : INTEGER
    41, -- EndPosition : INTEGER
    0, -- firstParameterLabelLineNumber : INTEGER
    0, -- firstParameterLabelColumn : INTEGER
    0, -- currentLaterParameterLabelLineNumber : INTEGER
    0, -- currentLaterParameterLabelColumn : INTEGER
    "ba5eda7a-def5-0000-0000-000000000004", -- DT_ID : UNIQUE_ID
    "235be2bc-1d6e-4fa4-83e4-4d7e428e02cc" -- Block_ID : UNIQUE_ID
);
INSERT INTO V_VAL VALUES (
    "ac4d38f0-d5d1-417c-9cd5-f9416b48001e", -- Value_ID : UNIQUE_ID
    0, -- isLValue : BOOLEAN
    0, -- isImplicit : BOOLEAN
    2, -- LineNumber : INTEGER
    54, -- StartPosition : INTEGER
    61, -- EndPosition : INTEGER
    0, -- firstParameterLabelLineNumber : INTEGER
    0, -- firstParameterLabelColumn : INTEGER
    0, -- currentLaterParameterLabelLineNumber : INTEGER
    0, -- currentLaterParameterLabelColumn : INTEGER
    "ba5eda7a-def5-0000-0000-000000000008", -- DT_ID : UNIQUE_ID
    "aaf9f2d2-8637-475a-89bc-e4ad50aa932f" -- Block_ID : UNIQUE_ID
);
INSERT INTO V_VAL VALUES (
    "dc8f4f54-8ea3-414a-ac57-7aa6a3109644", -- Value_ID : UNIQUE_ID
    0, -- isLValue : BOOLEAN
    0, -- isImplicit : BOOLEAN
    2, -- LineNumber : INTEGER
    54, -- StartPosition : INTEGER
    73, -- EndPosition : INTEGER
    0, -- firstParameterLabelLineNumber : INTEGER
    0, -- firstParameterLabelColumn : INTEGER
    0, -- currentLaterParameterLabelLineNumber : INTEGER
    0, -- currentLaterParameterLabelColumn : INTEGER
    "ba5eda7a-def5-0000-0000-000000000002", -- DT_ID : UNIQUE_ID
    "aaf9f2d2-8637-475a-89bc-e4ad50aa932f" -- Block_ID : UNIQUE_ID
);
INSERT INTO V_VAL VALUES (
    "7b5d090a-70ad-46dd-8b1c-597b3a8841fd", -- Value_ID : UNIQUE_ID
    0, -- isLValue : BOOLEAN
    0, -- isImplicit : BOOLEAN
    2, -- LineNumber : INTEGER
    76, -- StartPosition : INTEGER
    92, -- EndPosition : INTEGER
    0, -- firstParameterLabelLineNumber : INTEGER
    0, -- firstParameterLabelColumn : INTEGER
    0, -- currentLaterParameterLabelLineNumber : INTEGER
    0, -- currentLaterParameterLabelColumn : INTEGER
    "ba5eda7a-def5-0000-0000-000000000002", -- DT_ID : UNIQUE_ID
    "aaf9f2d2-8637-475a-89bc-e4ad50aa932f" -- Block_ID : UNIQUE_ID
);
INSERT INTO V_VAL VALUES (
    "4ca08318-e3fd-4607-b83f-38b12c8dcd92", -- Value_ID : UNIQUE_ID
    0, -- isLValue : BOOLEAN
    0, -- isImplicit : BOOLEAN
    2, -- LineNumber : INTEGER
    54, -- StartPosition : INTEGER
    92, -- EndPosition : INTEGER
    0, -- firstParameterLabelLineNumber : INTEGER
    0, -- firstParameterLabelColumn : INTEGER
    0, -- currentLaterParameterLabelLineNumber : INTEGER
    0, -- currentLaterParameterLabelColumn : INTEGER
    "ba5eda7a-def5-0000-0000-000000000001", -- DT_ID : UNIQUE_ID
    "aaf9f2d2-8637-475a-89bc-e4ad50aa932f" -- Block_ID : UNIQUE_ID
);
INSERT INTO V_VAL VALUES (
    "8a1c5f4e-3691-4601-8493-0687395364a1", -- Value_ID : UNIQUE_ID
    0, -- isLValue : BOOLEAN
    0, -- isImplicit : BOOLEAN
    3, -- LineNumber : INTEGER
    16, -- StartPosition : INTEGER
    23, -- EndPosition : INTEGER
    0, -- firstParameterLabelLineNumber : INTEGER
    0, -- firstParameterLabelColumn : INTEGER
    0, -- currentLaterParameterLabelLineNumber : INTEGER
    0, -- currentLaterParameterLabelColumn : INTEGER
    "ba5eda7a-def5-0000-0000-000000000008", -- DT_ID : UNIQUE_ID
    "aaf9f2d2-8637-475a-89bc-e4ad50aa932f" -- Block_ID : UNIQUE_ID
);
INSERT INTO V_VAL VALUES (
    "4bee43b9-9352-409e-99fc-078c25734b28", -- Value_ID : UNIQUE_ID
    0, -- isLValue : BOOLEAN
    0, -- isImplicit : BOOLEAN
    3, -- LineNumber : INTEGER
    10, -- StartPosition : INTEGER
    23, -- EndPosition : INTEGER
    0, -- firstParameterLabelLineNumber : INTEGER
    0, -- firstParameterLabelColumn : INTEGER
    0, -- currentLaterParameterLabelLineNumber : INTEGER
    0, -- currentLaterParameterLabelColumn : INTEGER
    "ba5eda7a-def5-0000-0000-000000000001", -- DT_ID : UNIQUE_ID
    "aaf9f2d2-8637-475a-89bc-e4ad50aa932f" -- Block_ID : UNIQUE_ID
);
INSERT INTO V_VAL VALUES (
    "f88f2313-2ada-479e-a027-cf84f1b18c7a", -- Value_ID : UNIQUE_ID
    0, -- isLValue : BOOLEAN
    0, -- isImplicit : BOOLEAN
    3, -- LineNumber : INTEGER
    4, -- StartPosition : INTEGER
    25, -- EndPosition : INTEGER
    0, -- firstParameterLabelLineNumber : INTEGER
    0, -- firstParameterLabelColumn : INTEGER
    0, -- currentLaterParameterLabelLineNumber : INTEGER
    0, -- currentLaterParameterLabelColumn : INTEGER
    "ba5eda7a-def5-0000-0000-000000000001", -- DT_ID : UNIQUE_ID
    "aaf9f2d2-8637-475a-89bc-e4ad50aa932f" -- Block_ID : UNIQUE_ID
);
INSERT INTO V_VAL VALUES (
    "b7b557b7-6ca9-4020-b947-eb88f6de4468", -- Value_ID : UNIQUE_ID
    0, -- isLValue : BOOLEAN
    0, -- isImplicit : BOOLEAN
    5, -- LineNumber : INTEGER
    50, -- StartPosition : INTEGER
    53, -- EndPosition : INTEGER
    0, -- firstParameterLabelLineNumber : INTEGER
    0, -- firstParameterLabelColumn : INTEGER
    0, -- currentLaterParameterLabelLineNumber : INTEGER
    0, -- currentLaterParameterLabelColumn : INTEGER
    "ba5eda7a-def5-0000-0000-000000000001", -- DT_ID : UNIQUE_ID
    "70affce1-7920-4cd9-b08f-2f914b829d01" -- Block_ID : UNIQUE_ID
);
INSERT INTO V_VAL VALUES (
    "b712e173-c3fe-4412-80f6-ef98cabcae04", -- Value_ID : UNIQUE_ID
    0, -- isLValue : BOOLEAN
    0, -- isImplicit : BOOLEAN
    5, -- LineNumber : INTEGER
    17, -- StartPosition : INTEGER
    41, -- EndPosition : INTEGER
    0, -- firstParameterLabelLineNumber : INTEGER
    0, -- firstParameterLabelColumn : INTEGER
    0, -- currentLaterParameterLabelLineNumber : INTEGER
    0, -- currentLaterParameterLabelColumn : INTEGER
    "ba5eda7a-def5-0000-0000-000000000004", -- DT_ID : UNIQUE_ID
    "70affce1-7920-4cd9-b08f-2f914b829d01" -- Block_ID : UNIQUE_ID
);
INSERT INTO V_VAL VALUES (
    "1641d6f8-eb6a-4408-b16d-c8eeb3ba77bf", -- Value_ID : UNIQUE_ID
    0, -- isLValue : BOOLEAN
    0, -- isImplicit : BOOLEAN
    8, -- LineNumber : INTEGER
    2, -- StartPosition : INTEGER
    53, -- EndPosition : INTEGER
    0, -- firstParameterLabelLineNumber : INTEGER
    0, -- firstParameterLabelColumn : INTEGER
    0, -- currentLaterParameterLabelLineNumber : INTEGER
    0, -- currentLaterParameterLabelColumn : INTEGER
    "ba5eda7a-def5-0000-0000-000000000000", -- DT_ID : UNIQUE_ID
    "802e81b9-cabc-4038-a836-ad99b280f5c2" -- Block_ID : UNIQUE_ID
);
INSERT INTO V_VAL VALUES (
    "e07c8fed-aaed-499c-b922-dc8f65e21b09", -- Value_ID : UNIQUE_ID
    0, -- isLValue : BOOLEAN
    0, -- isImplicit : BOOLEAN
    8, -- LineNumber : INTEGER
    23, -- StartPosition : INTEGER
    51, -- EndPosition : INTEGER
    0, -- firstParameterLabelLineNumber : INTEGER
    0, -- firstParameterLabelColumn : INTEGER
    0, -- currentLaterParameterLabelLineNumber : INTEGER
    0, -- currentLaterParameterLabelColumn : INTEGER
    "ba5eda7a-def5-0000-0000-000000000004", -- DT_ID : UNIQUE_ID
    "802e81b9-cabc-4038-a836-ad99b280f5c2" -- Block_ID : UNIQUE_ID
);
INSERT INTO V_VAL VALUES (
    "77f7f08b-0799-4a40-8810-b1710ae71063", -- Value_ID : UNIQUE_ID
    0, -- isLValue : BOOLEAN
    0, -- isImplicit : BOOLEAN
    9, -- LineNumber : INTEGER
    49, -- StartPosition : INTEGER
    53, -- EndPosition : INTEGER
    0, -- firstParameterLabelLineNumber : INTEGER
    0, -- firstParameterLabelColumn : INTEGER
    0, -- currentLaterParameterLabelLineNumber : INTEGER
    0, -- currentLaterParameterLabelColumn : INTEGER
    "ba5eda7a-def5-0000-0000-000000000001", -- DT_ID : UNIQUE_ID
    "802e81b9-cabc-4038-a836-ad99b280f5c2" -- Block_ID : UNIQUE_ID
);
INSERT INTO V_VAL VALUES (
    "898abc00-1a1b-44a4-8eb8-fe3e5d52dfaf", -- Value_ID : UNIQUE_ID
    0, -- isLValue : BOOLEAN
    0, -- isImplicit : BOOLEAN
    9, -- LineNumber : INTEGER
    17, -- StartPosition : INTEGER
    40, -- EndPosition : INTEGER
    0, -- firstParameterLabelLineNumber : INTEGER
    0, -- firstParameterLabelColumn : INTEGER
    0, -- currentLaterParameterLabelLineNumber : INTEGER
    0, -- currentLaterParameterLabelColumn : INTEGER
    "ba5eda7a-def5-0000-0000-000000000004", -- DT_ID : UNIQUE_ID
    "802e81b9-cabc-4038-a836-ad99b280f5c2" -- Block_ID : UNIQUE_ID
);
INSERT INTO V_VAR VALUES (
    "31220a34-fa8b-4929-8157-6305178151ce", -- Var_ID : UNIQUE_ID
    "be795387-eee6-489d-b283-8da8e7c41134", -- Block_ID : UNIQUE_ID
    'mapping', -- Name : STRING
    1, -- Declared : BOOLEAN
    "ba5eda7a-def5-0000-0000-000000000004" -- DT_ID : UNIQUE_ID
);
INSERT INTO V_VAR VALUES (
    "25924324-1d5d-429c-ac23-2c57423e2aec", -- Var_ID : UNIQUE_ID
    "be795387-eee6-489d-b283-8da8e7c41134", -- Block_ID : UNIQUE_ID
    'i', -- Name : STRING
    1, -- Declared : BOOLEAN
    "ba5eda7a-def5-0000-0000-000000000002" -- DT_ID : UNIQUE_ID
);
INSERT INTO V_VAR VALUES (
    "1bf7beb3-70cf-426a-9629-8b4d4d9d896e", -- Var_ID : UNIQUE_ID
    "be795387-eee6-489d-b283-8da8e7c41134", -- Block_ID : UNIQUE_ID
    's', -- Name : STRING
    1, -- Declared : BOOLEAN
    "ba5eda7a-def5-0000-0000-000000000004" -- DT_ID : UNIQUE_ID
);
INSERT INTO V_VAR VALUES (
    "25392c21-ab7d-4a30-9676-77adcbde0e7d", -- Var_ID : UNIQUE_ID
    "536b0362-67a5-4150-9a7f-1c1a24cca0a8", -- Block_ID : UNIQUE_ID
    'd', -- Name : STRING
    1, -- Declared : BOOLEAN
    "ba5eda7a-def5-0000-0000-000000000002" -- DT_ID : UNIQUE_ID
);
INSERT INTO V_VAR VALUES (
    "3c3b3823-b1de-4410-aa22-59f78754d12b", -- Var_ID : UNIQUE_ID
    "b563066e-7a08-4193-891e-0994e4483a51", -- Block_ID : UNIQUE_ID
    'employee', -- Name : STRING
    0, -- Declared : BOOLEAN
    "ba5eda7a-def5-0000-0000-000000000008" -- DT_ID : UNIQUE_ID
);
INSERT INTO V_VAR VALUES (
    "928baf07-d44f-467e-8e99-e6d12dc410be", -- Var_ID : UNIQUE_ID
    "9de252a9-dc9a-4603-ab73-49025056e98e", -- Block_ID : UNIQUE_ID
    'Start_Date', -- Name : STRING
    1, -- Declared : BOOLEAN
    "ba5eda7a-def5-0000-0000-00000000000e" -- DT_ID : UNIQUE_ID
);
INSERT INTO V_VAR VALUES (
    "b46b23ac-3ef7-4d59-b5e9-6c798a29f0e4", -- Var_ID : UNIQUE_ID
    "b7e09080-9083-4df3-a49d-8b197a69e40a", -- Block_ID : UNIQUE_ID
    'employee', -- Name : STRING
    0, -- Declared : BOOLEAN
    "ba5eda7a-def5-0000-0000-000000000008" -- DT_ID : UNIQUE_ID
);
INSERT INTO V_VAR VALUES (
    "23715bd7-0d98-4686-ba33-384ca9dddf3c", -- Var_ID : UNIQUE_ID
    "aaf9f2d2-8637-475a-89bc-e4ad50aa932f", -- Block_ID : UNIQUE_ID
    'employee', -- Name : STRING
    0, -- Declared : BOOLEAN
    "ba5eda7a-def5-0000-0000-000000000008" -- DT_ID : UNIQUE_ID
);
INSERT INTO S_SYS_PROXY VALUES (
    "7fdc406f-2939-49c0-8fab-99de27b70193", -- _0 : UNIQUE_ID
    'runtime', -- _1 : STRING
    1, -- _2 : INTEGER
    '../runtime.xtuml' -- _3 : STRING
);
INSERT INTO S_SYS_PROXY VALUES (
    "7fdc406f-2939-49c0-8fab-99de27b70193", -- _0 : UNIQUE_ID
    'runtime', -- _1 : STRING
    1, -- _2 : INTEGER
    '../runtime.xtuml' -- _3 : STRING
);
INSERT INTO S_SYS_PROXY VALUES (
    "7fdc406f-2939-49c0-8fab-99de27b70193", -- _0 : UNIQUE_ID
    'runtime', -- _1 : STRING
    1, -- _2 : INTEGER
    '../runtime.xtuml' -- _3 : STRING
);
INSERT INTO S_SYS_PROXY VALUES (
    "7fdc406f-2939-49c0-8fab-99de27b70193", -- _0 : UNIQUE_ID
    'runtime', -- _1 : STRING
    1, -- _2 : INTEGER
    '../runtime.xtuml' -- _3 : STRING
);
INSERT INTO S_SYS_PROXY VALUES (
    "7fdc406f-2939-49c0-8fab-99de27b70193", -- _0 : UNIQUE_ID
    'runtime', -- _1 : STRING
    1, -- _2 : INTEGER
    '../runtime.xtuml' -- _3 : STRING
);
INSERT INTO S_SYS_PROXY VALUES (
    "ccdb2e52-76fc-4422-936f-a0239fd9d106", -- _0 : UNIQUE_ID
    'hrm', -- _1 : STRING
    1, -- _2 : INTEGER
    '../hrm.xtuml' -- _3 : STRING
);
INSERT INTO S_SYS_PROXY VALUES (
    "ccdb2e52-76fc-4422-936f-a0239fd9d106", -- _0 : UNIQUE_ID
    'hrm', -- _1 : STRING
    1, -- _2 : INTEGER
    '../hrm.xtuml' -- _3 : STRING
);
INSERT INTO S_SYS_PROXY VALUES (
    "ccdb2e52-76fc-4422-936f-a0239fd9d106", -- _0 : UNIQUE_ID
    'hrm', -- _1 : STRING
    1, -- _2 : INTEGER
    '../../../hrm.xtuml' -- _3 : STRING
);
INSERT INTO S_SYS_PROXY VALUES (
    "46564f98-385d-43d9-876a-ca551a77e802", -- _0 : UNIQUE_ID
    'HRUI', -- _1 : STRING
    1, -- _2 : INTEGER
    '../../../HRUI.xtuml' -- _3 : STRING
);
INSERT INTO S_SYS_PROXY VALUES (
    "46564f98-385d-43d9-876a-ca551a77e802", -- _0 : UNIQUE_ID
    'HRUI', -- _1 : STRING
    1, -- _2 : INTEGER
    '../../HRUI.xtuml' -- _3 : STRING
);
INSERT INTO S_SYS_PROXY VALUES (
    "46564f98-385d-43d9-876a-ca551a77e802", -- _0 : UNIQUE_ID
    'HRUI', -- _1 : STRING
    1, -- _2 : INTEGER
    '../HRUI.xtuml' -- _3 : STRING
);
INSERT INTO S_SYS_PROXY VALUES (
    "a31b98b3-80c6-4eea-80cb-d84755441c10", -- _0 : UNIQUE_ID
    'HRsystem', -- _1 : STRING
    1, -- _2 : INTEGER
    '../HRsystem.xtuml' -- _3 : STRING
);
INSERT INTO GD_MD VALUES (
    "2f6a7c9c-29f6-4d07-bc99-3518dd2d5fa1", -- _0 : UNIQUE_ID
    112, -- _1 : INTEGER
    "12c213af-4b2d-4e49-890c-453aa4660620", -- _2 : UNIQUE_ID
    108, -- _3 : INTEGER
    0, -- _4 : INTEGER
    0, -- _5 : INTEGER
    1, -- _6 : INTEGER
    1, -- _7 : INTEGER
    1, -- _8 : INTEGER
    12, -- _9 : INTEGER
    1, -- _10 : INTEGER
    0, -- _11 : INTEGER
    0, -- _12 : INTEGER
    200, -- _13 : INTEGER
    150, -- _14 : INTEGER
    0, -- _15 : INTEGER
    '', -- _16 : STRING
    'runtime::io.ciera.runtime.instanceloading.generic.util' -- _17 : STRING
);
INSERT INTO GD_MD VALUES (
    "c583e9a1-e3ff-44b5-9b35-322ca643e77c", -- _0 : UNIQUE_ID
    112, -- _1 : INTEGER
    "78fb3e55-9840-4511-a824-62393e628058", -- _2 : UNIQUE_ID
    108, -- _3 : INTEGER
    0, -- _4 : INTEGER
    0, -- _5 : INTEGER
    1, -- _6 : INTEGER
    1, -- _7 : INTEGER
    1, -- _8 : INTEGER
    12, -- _9 : INTEGER
    1, -- _10 : INTEGER
    0, -- _11 : INTEGER
    0, -- _12 : INTEGER
    0, -- _13 : INTEGER
    0, -- _14 : INTEGER
    0, -- _15 : INTEGER
    '', -- _16 : STRING
    'runtime::io.ciera.runtime.instanceloading.sql.util' -- _17 : STRING
);
INSERT INTO GD_MD VALUES (
    "aad0165c-b18e-4b9c-a99d-445fb7a93215", -- _0 : UNIQUE_ID
    108, -- _1 : INTEGER
    "7fdc406f-2939-49c0-8fab-99de27b70193", -- _2 : UNIQUE_ID
    92, -- _3 : INTEGER
    0, -- _4 : INTEGER
    0, -- _5 : INTEGER
    1, -- _6 : INTEGER
    1, -- _7 : INTEGER
    1, -- _8 : INTEGER
    12, -- _9 : INTEGER
    1, -- _10 : INTEGER
    0, -- _11 : INTEGER
    0, -- _12 : INTEGER
    200, -- _13 : INTEGER
    150, -- _14 : INTEGER
    0, -- _15 : INTEGER
    '4.1.17', -- _16 : STRING
    'runtime' -- _17 : STRING
);
INSERT INTO GD_MD VALUES (
    "5d4f79b5-79fc-4c52-b971-fa73cdd5585e", -- _0 : UNIQUE_ID
    112, -- _1 : INTEGER
    "1df09104-1fdb-48ee-9ae7-06cc055c5770", -- _2 : UNIQUE_ID
    108, -- _3 : INTEGER
    0, -- _4 : INTEGER
    0, -- _5 : INTEGER
    1, -- _6 : INTEGER
    1, -- _7 : INTEGER
    1, -- _8 : INTEGER
    12, -- _9 : INTEGER
    1, -- _10 : INTEGER
    0, -- _11 : INTEGER
    0, -- _12 : INTEGER
    0, -- _13 : INTEGER
    0, -- _14 : INTEGER
    0, -- _15 : INTEGER
    '', -- _16 : STRING
    'runtime::io.ciera.runtime.template.util' -- _17 : STRING
);
INSERT INTO GD_MD VALUES (
    "59c17cd3-57f0-44ba-80bc-4fd79c863941", -- _0 : UNIQUE_ID
    112, -- _1 : INTEGER
    "ddbd5fec-558a-4967-bd11-9b09a6c6c428", -- _2 : UNIQUE_ID
    108, -- _3 : INTEGER
    0, -- _4 : INTEGER
    0, -- _5 : INTEGER
    1, -- _6 : INTEGER
    1, -- _7 : INTEGER
    1, -- _8 : INTEGER
    12, -- _9 : INTEGER
    1, -- _10 : INTEGER
    0, -- _11 : INTEGER
    0, -- _12 : INTEGER
    0, -- _13 : INTEGER
    0, -- _14 : INTEGER
    0, -- _15 : INTEGER
    '', -- _16 : STRING
    'runtime::io.ciera.runtime.instanceloading.dynamodb.util' -- _17 : STRING
);
INSERT INTO GD_MD VALUES (
    "192d2bad-eea3-4a0b-8334-4b7934242c6b", -- _0 : UNIQUE_ID
    112, -- _1 : INTEGER
    "27857a34-c690-49d3-a891-ae314dca5262", -- _2 : UNIQUE_ID
    108, -- _3 : INTEGER
    0, -- _4 : INTEGER
    0, -- _5 : INTEGER
    1, -- _6 : INTEGER
    1, -- _7 : INTEGER
    1, -- _8 : INTEGER
    12, -- _9 : INTEGER
    1, -- _10 : INTEGER
    0, -- _11 : INTEGER
    0, -- _12 : INTEGER
    0, -- _13 : INTEGER
    0, -- _14 : INTEGER
    0, -- _15 : INTEGER
    '4.1.17', -- _16 : STRING
    'hrm::hr_datatypes' -- _17 : STRING
);
INSERT INTO GD_MD VALUES (
    "8458b4a8-d1ae-46e5-8dd3-03126e082c37", -- _0 : UNIQUE_ID
    112, -- _1 : INTEGER
    "c26641d6-6bfe-4fa5-b78d-533f6fb8d396", -- _2 : UNIQUE_ID
    108, -- _3 : INTEGER
    0, -- _4 : INTEGER
    0, -- _5 : INTEGER
    1, -- _6 : INTEGER
    1, -- _7 : INTEGER
    1, -- _8 : INTEGER
    12, -- _9 : INTEGER
    1, -- _10 : INTEGER
    0, -- _11 : INTEGER
    0, -- _12 : INTEGER
    200, -- _13 : INTEGER
    150, -- _14 : INTEGER
    0, -- _15 : INTEGER
    '', -- _16 : STRING
    'hrm::hrm' -- _17 : STRING
);
INSERT INTO GD_MD VALUES (
    "ee86ddd2-4d3a-47ec-8131-c5225c1bb12b", -- _0 : UNIQUE_ID
    111, -- _1 : INTEGER
    "8e4782c3-9567-4154-87b3-67069634e7a5", -- _2 : UNIQUE_ID
    98, -- _3 : INTEGER
    0, -- _4 : INTEGER
    0, -- _5 : INTEGER
    1, -- _6 : INTEGER
    1, -- _7 : INTEGER
    1, -- _8 : INTEGER
    12, -- _9 : INTEGER
    1, -- _10 : INTEGER
    0, -- _11 : INTEGER
    0, -- _12 : INTEGER
    200, -- _13 : INTEGER
    150, -- _14 : INTEGER
    0, -- _15 : INTEGER
    '4.1.17', -- _16 : STRING
    'hrm::hrm::hr' -- _17 : STRING
);
INSERT INTO GD_MD VALUES (
    "99029f38-611e-4958-a86d-3e9e4ee3f7fc", -- _0 : UNIQUE_ID
    112, -- _1 : INTEGER
    "fdd8efa1-97d4-4adc-a67d-1fb0bd49373b", -- _2 : UNIQUE_ID
    108, -- _3 : INTEGER
    0, -- _4 : INTEGER
    0, -- _5 : INTEGER
    1, -- _6 : INTEGER
    1, -- _7 : INTEGER
    1, -- _8 : INTEGER
    12, -- _9 : INTEGER
    1, -- _10 : INTEGER
    0, -- _11 : INTEGER
    0, -- _12 : INTEGER
    200, -- _13 : INTEGER
    150, -- _14 : INTEGER
    0, -- _15 : INTEGER
    '4.1.17', -- _16 : STRING
    'hrm::hrm::hr::main' -- _17 : STRING
);
INSERT INTO GD_MD VALUES (
    "704fdc3f-4d4e-4da3-b3b7-7544b6f5fab6", -- _0 : UNIQUE_ID
    8, -- _1 : INTEGER
    "7b5f90bd-656f-4bc9-83bf-771ed45973b0", -- _2 : UNIQUE_ID
    40, -- _3 : INTEGER
    0, -- _4 : INTEGER
    0, -- _5 : INTEGER
    1, -- _6 : INTEGER
    1, -- _7 : INTEGER
    1, -- _8 : INTEGER
    12, -- _9 : INTEGER
    1, -- _10 : INTEGER
    0, -- _11 : INTEGER
    0, -- _12 : INTEGER
    0, -- _13 : INTEGER
    0, -- _14 : INTEGER
    0, -- _15 : INTEGER
    '4.1.17', -- _16 : STRING
    'hrm::hrm::hr::main::Employee::Instance State Machine' -- _17 : STRING
);
INSERT INTO GD_MD VALUES (
    "d2c8956e-9205-4462-9c1a-506047c0b912", -- _0 : UNIQUE_ID
    108, -- _1 : INTEGER
    "ccdb2e52-76fc-4422-936f-a0239fd9d106", -- _2 : UNIQUE_ID
    92, -- _3 : INTEGER
    0, -- _4 : INTEGER
    0, -- _5 : INTEGER
    1, -- _6 : INTEGER
    1, -- _7 : INTEGER
    1, -- _8 : INTEGER
    12, -- _9 : INTEGER
    1, -- _10 : INTEGER
    0, -- _11 : INTEGER
    0, -- _12 : INTEGER
    200, -- _13 : INTEGER
    150, -- _14 : INTEGER
    0, -- _15 : INTEGER
    '', -- _16 : STRING
    'hrm' -- _17 : STRING
);
INSERT INTO GD_MD VALUES (
    "46a50ca9-1f9d-4de6-88c7-b09ee7ee7391", -- _0 : UNIQUE_ID
    112, -- _1 : INTEGER
    "cabf7045-c6ff-41a5-afe9-032eec941581", -- _2 : UNIQUE_ID
    108, -- _3 : INTEGER
    0, -- _4 : INTEGER
    0, -- _5 : INTEGER
    1, -- _6 : INTEGER
    1, -- _7 : INTEGER
    1, -- _8 : INTEGER
    12, -- _9 : INTEGER
    1, -- _10 : INTEGER
    0, -- _11 : INTEGER
    0, -- _12 : INTEGER
    0, -- _13 : INTEGER
    0, -- _14 : INTEGER
    0, -- _15 : INTEGER
    '', -- _16 : STRING
    'HRUI::UI::UI::UI' -- _17 : STRING
);
INSERT INTO GD_MD VALUES (
    "41125cbf-38a6-44de-a9ab-3fa10c459399", -- _0 : UNIQUE_ID
    111, -- _1 : INTEGER
    "d81dc79e-6692-4a39-b6d9-f5fc0b765726", -- _2 : UNIQUE_ID
    98, -- _3 : INTEGER
    0, -- _4 : INTEGER
    0, -- _5 : INTEGER
    1, -- _6 : INTEGER
    1, -- _7 : INTEGER
    1, -- _8 : INTEGER
    12, -- _9 : INTEGER
    1, -- _10 : INTEGER
    0, -- _11 : INTEGER
    0, -- _12 : INTEGER
    200, -- _13 : INTEGER
    150, -- _14 : INTEGER
    0, -- _15 : INTEGER
    '4.1.17', -- _16 : STRING
    'HRUI::UI::UI' -- _17 : STRING
);
INSERT INTO GD_MD VALUES (
    "d6bffb76-b36d-41e2-9be7-8aff2f37cd03", -- _0 : UNIQUE_ID
    112, -- _1 : INTEGER
    "941213f0-4346-48d9-89fe-196761630487", -- _2 : UNIQUE_ID
    108, -- _3 : INTEGER
    0, -- _4 : INTEGER
    0, -- _5 : INTEGER
    1, -- _6 : INTEGER
    1, -- _7 : INTEGER
    1, -- _8 : INTEGER
    12, -- _9 : INTEGER
    1, -- _10 : INTEGER
    0, -- _11 : INTEGER
    0, -- _12 : INTEGER
    200, -- _13 : INTEGER
    150, -- _14 : INTEGER
    0, -- _15 : INTEGER
    '', -- _16 : STRING
    'HRUI::UI::Shared' -- _17 : STRING
);
INSERT INTO GD_MD VALUES (
    "71b186b2-dcea-423f-839e-9b6a25f3e5b2", -- _0 : UNIQUE_ID
    112, -- _1 : INTEGER
    "2ac1b93e-087c-4999-856e-c988c703dec6", -- _2 : UNIQUE_ID
    108, -- _3 : INTEGER
    0, -- _4 : INTEGER
    0, -- _5 : INTEGER
    1, -- _6 : INTEGER
    1, -- _7 : INTEGER
    1, -- _8 : INTEGER
    12, -- _9 : INTEGER
    1, -- _10 : INTEGER
    0, -- _11 : INTEGER
    0, -- _12 : INTEGER
    200, -- _13 : INTEGER
    150, -- _14 : INTEGER
    0, -- _15 : INTEGER
    '', -- _16 : STRING
    'HRUI::UI' -- _17 : STRING
);
INSERT INTO GD_MD VALUES (
    "1a44f04b-948a-4e43-9b12-e4439172ae27", -- _0 : UNIQUE_ID
    108, -- _1 : INTEGER
    "46564f98-385d-43d9-876a-ca551a77e802", -- _2 : UNIQUE_ID
    92, -- _3 : INTEGER
    0, -- _4 : INTEGER
    0, -- _5 : INTEGER
    1, -- _6 : INTEGER
    1, -- _7 : INTEGER
    1, -- _8 : INTEGER
    12, -- _9 : INTEGER
    1, -- _10 : INTEGER
    0, -- _11 : INTEGER
    0, -- _12 : INTEGER
    200, -- _13 : INTEGER
    150, -- _14 : INTEGER
    0, -- _15 : INTEGER
    '', -- _16 : STRING
    'HRUI' -- _17 : STRING
);
INSERT INTO GD_MD VALUES (
    "e16f3bab-481a-46b0-8b83-4541aeed00e9", -- _0 : UNIQUE_ID
    108, -- _1 : INTEGER
    "a31b98b3-80c6-4eea-80cb-d84755441c10", -- _2 : UNIQUE_ID
    92, -- _3 : INTEGER
    0, -- _4 : INTEGER
    0, -- _5 : INTEGER
    1, -- _6 : INTEGER
    1, -- _7 : INTEGER
    1, -- _8 : INTEGER
    12, -- _9 : INTEGER
    1, -- _10 : INTEGER
    0, -- _11 : INTEGER
    0, -- _12 : INTEGER
    200, -- _13 : INTEGER
    150, -- _14 : INTEGER
    0, -- _15 : INTEGER
    '', -- _16 : STRING
    'HRsystem' -- _17 : STRING
);
INSERT INTO GD_MD VALUES (
    "fdf02ff5-476f-4d4e-8467-c6902cdf72f0", -- _0 : UNIQUE_ID
    112, -- _1 : INTEGER
    "b4605ab7-f9f1-4427-9a8b-300116f87fe6", -- _2 : UNIQUE_ID
    108, -- _3 : INTEGER
    0, -- _4 : INTEGER
    0, -- _5 : INTEGER
    1, -- _6 : INTEGER
    1, -- _7 : INTEGER
    1, -- _8 : INTEGER
    12, -- _9 : INTEGER
    1, -- _10 : INTEGER
    0, -- _11 : INTEGER
    0, -- _12 : INTEGER
    0, -- _13 : INTEGER
    0, -- _14 : INTEGER
    0, -- _15 : INTEGER
    '4.1.17', -- _16 : STRING
    'HRsystem::HRsystem' -- _17 : STRING
);
INSERT INTO GD_GE VALUES (
    "47e73ee7-a7e4-4834-ab20-8dbe8067b245", -- _0 : UNIQUE_ID
    "2f6a7c9c-29f6-4d07-bc99-3518dd2d5fa1", -- _1 : UNIQUE_ID
    "4525dfcd-89bc-4810-bceb-c727b8c25e05", -- _2 : UNIQUE_ID
    12, -- _3 : INTEGER
    0, -- _4 : INTEGER
    'runtime::io.ciera.runtime.instanceloading.generic.util::Load' -- _5 : STRING
);
INSERT INTO GD_GE VALUES (
    "2a79e99f-8d48-4840-a9af-963c816e64cf", -- _0 : UNIQUE_ID
    "c583e9a1-e3ff-44b5-9b35-322ca643e77c", -- _1 : UNIQUE_ID
    "3c9187e2-faac-4b05-986d-04c751e1632b", -- _2 : UNIQUE_ID
    12, -- _3 : INTEGER
    0, -- _4 : INTEGER
    'runtime::io.ciera.runtime.instanceloading.sql.util::SQL' -- _5 : STRING
);
INSERT INTO GD_GE VALUES (
    "b338d10f-5ead-401b-a7be-1593614ec0df", -- _0 : UNIQUE_ID
    "aad0165c-b18e-4b9c-a99d-445fb7a93215", -- _1 : UNIQUE_ID
    "63980537-a12c-49e3-a1f9-8bd1a2489218", -- _2 : UNIQUE_ID
    108, -- _3 : INTEGER
    0, -- _4 : INTEGER
    'runtime::io.ciera.runtime.summit.util' -- _5 : STRING
);
INSERT INTO GD_GE VALUES (
    "0f471f9f-a938-4191-a624-af30b406b49a", -- _0 : UNIQUE_ID
    "aad0165c-b18e-4b9c-a99d-445fb7a93215", -- _1 : UNIQUE_ID
    "78fb3e55-9840-4511-a824-62393e628058", -- _2 : UNIQUE_ID
    108, -- _3 : INTEGER
    0, -- _4 : INTEGER
    'runtime::io.ciera.runtime.instanceloading.sql.util' -- _5 : STRING
);
INSERT INTO GD_GE VALUES (
    "9bbac918-642f-4bf0-9460-5e8fcaed8580", -- _0 : UNIQUE_ID
    "aad0165c-b18e-4b9c-a99d-445fb7a93215", -- _1 : UNIQUE_ID
    "1df09104-1fdb-48ee-9ae7-06cc055c5770", -- _2 : UNIQUE_ID
    108, -- _3 : INTEGER
    0, -- _4 : INTEGER
    'runtime::io.ciera.runtime.template.util' -- _5 : STRING
);
INSERT INTO GD_GE VALUES (
    "99f0c301-009f-4de1-8719-28c038e63959", -- _0 : UNIQUE_ID
    "aad0165c-b18e-4b9c-a99d-445fb7a93215", -- _1 : UNIQUE_ID
    "ddbd5fec-558a-4967-bd11-9b09a6c6c428", -- _2 : UNIQUE_ID
    108, -- _3 : INTEGER
    0, -- _4 : INTEGER
    'runtime::io.ciera.runtime.instanceloading.dynamodb.util' -- _5 : STRING
);
INSERT INTO GD_GE VALUES (
    "6d2f1dfa-1460-4d30-9c6d-27930f9432d6", -- _0 : UNIQUE_ID
    "aad0165c-b18e-4b9c-a99d-445fb7a93215", -- _1 : UNIQUE_ID
    "12c213af-4b2d-4e49-890c-453aa4660620", -- _2 : UNIQUE_ID
    108, -- _3 : INTEGER
    0, -- _4 : INTEGER
    'runtime::io.ciera.runtime.instanceloading.generic.util' -- _5 : STRING
);
INSERT INTO GD_GE VALUES (
    "aa81864f-4650-4fac-a858-94602d7f45e1", -- _0 : UNIQUE_ID
    "5d4f79b5-79fc-4c52-b971-fa73cdd5585e", -- _1 : UNIQUE_ID
    "d6db4b3d-c6a5-400a-92b9-6a391237afbb", -- _2 : UNIQUE_ID
    12, -- _3 : INTEGER
    0, -- _4 : INTEGER
    'runtime::io.ciera.runtime.template.util::templating' -- _5 : STRING
);
INSERT INTO GD_GE VALUES (
    "cd19f362-e320-4e99-9086-14abdeed993e", -- _0 : UNIQUE_ID
    "59c17cd3-57f0-44ba-80bc-4fd79c863941", -- _1 : UNIQUE_ID
    "c03ccce5-cb73-48ca-b676-b00270c95839", -- _2 : UNIQUE_ID
    12, -- _3 : INTEGER
    0, -- _4 : INTEGER
    'runtime::io.ciera.runtime.instanceloading.dynamodb.util::DynamoDB' -- _5 : STRING
);
INSERT INTO GD_GE VALUES (
    "02184012-d96b-4d11-b529-6c6ad43a4969", -- _0 : UNIQUE_ID
    "192d2bad-eea3-4a0b-8334-4b7934242c6b", -- _1 : UNIQUE_ID
    "168b328b-2af0-412b-bbf5-7e71f1fea433", -- _2 : UNIQUE_ID
    51, -- _3 : INTEGER
    0, -- _4 : INTEGER
    'hrm::hr_datatypes::Employees' -- _5 : STRING
);
INSERT INTO GD_GE VALUES (
    "75315f47-767f-4cf5-9e10-41a01d18c3b6", -- _0 : UNIQUE_ID
    "192d2bad-eea3-4a0b-8334-4b7934242c6b", -- _1 : UNIQUE_ID
    "0d542083-4531-45d6-8411-30f81c92d642", -- _2 : UNIQUE_ID
    101, -- _3 : INTEGER
    0, -- _4 : INTEGER
    'hrm::hr_datatypes::structureData' -- _5 : STRING
);
INSERT INTO GD_GE VALUES (
    "f5739c23-9126-43ad-9a1b-0f37c7e1dd94", -- _0 : UNIQUE_ID
    "8458b4a8-d1ae-46e5-8dd3-03126e082c37", -- _1 : UNIQUE_ID
    "8e4782c3-9567-4154-87b3-67069634e7a5", -- _2 : UNIQUE_ID
    98, -- _3 : INTEGER
    0, -- _4 : INTEGER
    'hrm::hrm::hr' -- _5 : STRING
);
INSERT INTO GD_GE VALUES (
    "b7208601-6c1d-4a70-9874-af630427b85c", -- _0 : UNIQUE_ID
    "8458b4a8-d1ae-46e5-8dd3-03126e082c37", -- _1 : UNIQUE_ID
    "e211a314-f4cf-4d96-ab5d-86594500f9c9", -- _2 : UNIQUE_ID
    94, -- _3 : INTEGER
    0, -- _4 : INTEGER
    'hrm::hrm::hr::UI::EP' -- _5 : STRING
);
INSERT INTO GD_GE VALUES (
    "26ab6a35-97f1-49d5-ae78-5b9e619b0c16", -- _0 : UNIQUE_ID
    "ee86ddd2-4d3a-47ec-8131-c5225c1bb12b", -- _1 : UNIQUE_ID
    "8e4782c3-9567-4154-87b3-67069634e7a5", -- _2 : UNIQUE_ID
    103, -- _3 : INTEGER
    0, -- _4 : INTEGER
    'hrm::hrm::hr' -- _5 : STRING
);
INSERT INTO GD_GE VALUES (
    "909ab02b-31c7-429f-b99a-d940860bd6d2", -- _0 : UNIQUE_ID
    "ee86ddd2-4d3a-47ec-8131-c5225c1bb12b", -- _1 : UNIQUE_ID
    "fdd8efa1-97d4-4adc-a67d-1fb0bd49373b", -- _2 : UNIQUE_ID
    108, -- _3 : INTEGER
    0, -- _4 : INTEGER
    'hrm::hrm::hr::main' -- _5 : STRING
);
INSERT INTO GD_GE VALUES (
    "b982d6cf-9550-416f-8b35-312dcfff4b27", -- _0 : UNIQUE_ID
    "ee86ddd2-4d3a-47ec-8131-c5225c1bb12b", -- _1 : UNIQUE_ID
    "e211a314-f4cf-4d96-ab5d-86594500f9c9", -- _2 : UNIQUE_ID
    94, -- _3 : INTEGER
    0, -- _4 : INTEGER
    'hrm::hrm::hr::UI::EP' -- _5 : STRING
);
INSERT INTO GD_GE VALUES (
    "ed420ffb-23fe-4148-864b-a72d054bd0af", -- _0 : UNIQUE_ID
    "99029f38-611e-4958-a86d-3e9e4ee3f7fc", -- _1 : UNIQUE_ID
    "d8528470-976c-421b-a087-1201ac24302f", -- _2 : UNIQUE_ID
    21, -- _3 : INTEGER
    0, -- _4 : INTEGER
    'hrm::hrm::hr::main::Employee' -- _5 : STRING
);
INSERT INTO GD_GE VALUES (
    "cc06369f-91cf-4f2e-a482-03645919fd13", -- _0 : UNIQUE_ID
    "99029f38-611e-4958-a86d-3e9e4ee3f7fc", -- _1 : UNIQUE_ID
    "51cda5d8-b9fa-4471-8c71-5014f092a96c", -- _2 : UNIQUE_ID
    51, -- _3 : INTEGER
    0, -- _4 : INTEGER
    'hrm::hrm::hr::main::Employees' -- _5 : STRING
);
INSERT INTO GD_GE VALUES (
    "35340b72-a698-43a9-950c-8ff984a45719", -- _0 : UNIQUE_ID
    "704fdc3f-4d4e-4da3-b3b7-7544b6f5fab6", -- _1 : UNIQUE_ID
    "d5537fcc-bc55-4cfb-8675-25a46ab91a01", -- _2 : UNIQUE_ID
    41, -- _3 : INTEGER
    0, -- _4 : INTEGER
    'hrm::hrm::hr::main::Employee::Instance State Machine::Recruited' -- _5 : STRING
);
INSERT INTO GD_GE VALUES (
    "5a08134b-a95f-4abb-aa2d-4518a032e798", -- _0 : UNIQUE_ID
    "704fdc3f-4d4e-4da3-b3b7-7544b6f5fab6", -- _1 : UNIQUE_ID
    "7c656ab4-0ad9-4212-b7de-2ffb50ca75b4", -- _2 : UNIQUE_ID
    41, -- _3 : INTEGER
    0, -- _4 : INTEGER
    'hrm::hrm::hr::main::Employee::Instance State Machine::Working' -- _5 : STRING
);
INSERT INTO GD_GE VALUES (
    "f84eae49-c82d-45b4-8c15-f2d7416b1878", -- _0 : UNIQUE_ID
    "704fdc3f-4d4e-4da3-b3b7-7544b6f5fab6", -- _1 : UNIQUE_ID
    "e2bf3f31-2233-4fb0-9b43-3748dd5ec034", -- _2 : UNIQUE_ID
    42, -- _3 : INTEGER
    0, -- _4 : INTEGER
    'hrm::hrm::hr::main::Employee::Instance State Machine::Recruited::Employee2: commencedRcvd' -- _5 : STRING
);
INSERT INTO GD_GE VALUES (
    "71c66339-3e2d-4499-8f00-c89dfd4dfc8c", -- _0 : UNIQUE_ID
    "d2c8956e-9205-4462-9c1a-506047c0b912", -- _1 : UNIQUE_ID
    "c26641d6-6bfe-4fa5-b78d-533f6fb8d396", -- _2 : UNIQUE_ID
    108, -- _3 : INTEGER
    0, -- _4 : INTEGER
    'hrm::hrm' -- _5 : STRING
);
INSERT INTO GD_GE VALUES (
    "440ae350-84b2-46a8-8c8a-2ec5bc3bc426", -- _0 : UNIQUE_ID
    "d2c8956e-9205-4462-9c1a-506047c0b912", -- _1 : UNIQUE_ID
    "27857a34-c690-49d3-a891-ae314dca5262", -- _2 : UNIQUE_ID
    108, -- _3 : INTEGER
    0, -- _4 : INTEGER
    'hrm::hr_datatypes' -- _5 : STRING
);
INSERT INTO GD_GE VALUES (
    "eddfd0d8-cb75-47d8-99ce-5cdb9e99e5a1", -- _0 : UNIQUE_ID
    "41125cbf-38a6-44de-a9ab-3fa10c459399", -- _1 : UNIQUE_ID
    "d81dc79e-6692-4a39-b6d9-f5fc0b765726", -- _2 : UNIQUE_ID
    103, -- _3 : INTEGER
    0, -- _4 : INTEGER
    'HRUI::UI::UI' -- _5 : STRING
);
INSERT INTO GD_GE VALUES (
    "bb11508d-4888-4ca5-a0a8-c353cfcf0e3f", -- _0 : UNIQUE_ID
    "41125cbf-38a6-44de-a9ab-3fa10c459399", -- _1 : UNIQUE_ID
    "cabf7045-c6ff-41a5-afe9-032eec941581", -- _2 : UNIQUE_ID
    108, -- _3 : INTEGER
    0, -- _4 : INTEGER
    'HRUI::UI::UI::UI' -- _5 : STRING
);
INSERT INTO GD_GE VALUES (
    "432cc52d-be9e-4ae8-95dc-458429c448f9", -- _0 : UNIQUE_ID
    "41125cbf-38a6-44de-a9ab-3fa10c459399", -- _1 : UNIQUE_ID
    "3c565891-207b-4f8f-906f-7a28c50fa9aa", -- _2 : UNIQUE_ID
    93, -- _3 : INTEGER
    0, -- _4 : INTEGER
    'HRUI::UI::UI::App::EP' -- _5 : STRING
);
INSERT INTO GD_GE VALUES (
    "927331ad-d65e-4e2c-8275-799133855e3a", -- _0 : UNIQUE_ID
    "d6bffb76-b36d-41e2-9be7-8aff2f37cd03", -- _1 : UNIQUE_ID
    "102214df-1d03-428f-9eb8-5c5ce18bfdae", -- _2 : UNIQUE_ID
    96, -- _3 : INTEGER
    0, -- _4 : INTEGER
    'HRUI::UI::Shared::EP' -- _5 : STRING
);
INSERT INTO GD_GE VALUES (
    "f4b5fb62-5881-41fe-a7aa-362c0a83fbaf", -- _0 : UNIQUE_ID
    "71b186b2-dcea-423f-839e-9b6a25f3e5b2", -- _1 : UNIQUE_ID
    "d81dc79e-6692-4a39-b6d9-f5fc0b765726", -- _2 : UNIQUE_ID
    98, -- _3 : INTEGER
    0, -- _4 : INTEGER
    'HRUI::UI::UI' -- _5 : STRING
);
INSERT INTO GD_GE VALUES (
    "e43671e1-17ed-4f7e-8d09-750416b4fc30", -- _0 : UNIQUE_ID
    "71b186b2-dcea-423f-839e-9b6a25f3e5b2", -- _1 : UNIQUE_ID
    "941213f0-4346-48d9-89fe-196761630487", -- _2 : UNIQUE_ID
    108, -- _3 : INTEGER
    0, -- _4 : INTEGER
    'HRUI::UI::Shared' -- _5 : STRING
);
INSERT INTO GD_GE VALUES (
    "c36dcfd8-6128-4ea6-8ada-504c4809dfa0", -- _0 : UNIQUE_ID
    "71b186b2-dcea-423f-839e-9b6a25f3e5b2", -- _1 : UNIQUE_ID
    "3c565891-207b-4f8f-906f-7a28c50fa9aa", -- _2 : UNIQUE_ID
    93, -- _3 : INTEGER
    0, -- _4 : INTEGER
    'HRUI::UI::UI::App::EP' -- _5 : STRING
);
INSERT INTO GD_GE VALUES (
    "e857f929-02d5-44f6-8679-6e70b8701630", -- _0 : UNIQUE_ID
    "1a44f04b-948a-4e43-9b12-e4439172ae27", -- _1 : UNIQUE_ID
    "2ac1b93e-087c-4999-856e-c988c703dec6", -- _2 : UNIQUE_ID
    108, -- _3 : INTEGER
    0, -- _4 : INTEGER
    'HRUI::UIHR' -- _5 : STRING
);
INSERT INTO GD_GE VALUES (
    "f0c15f86-db3b-40f5-889a-dff0c21c156f", -- _0 : UNIQUE_ID
    "e16f3bab-481a-46b0-8b83-4541aeed00e9", -- _1 : UNIQUE_ID
    "b4605ab7-f9f1-4427-9a8b-300116f87fe6", -- _2 : UNIQUE_ID
    108, -- _3 : INTEGER
    0, -- _4 : INTEGER
    'HRsystem::HRsystem' -- _5 : STRING
);
INSERT INTO GD_GE VALUES (
    "92ffb006-7e74-497e-b004-9458a6871f92", -- _0 : UNIQUE_ID
    "fdf02ff5-476f-4d4e-8467-c6902cdf72f0", -- _1 : UNIQUE_ID
    "6aa4e315-9e4a-4187-afb6-075a37702da7", -- _2 : UNIQUE_ID
    100, -- _3 : INTEGER
    0, -- _4 : INTEGER
    'HRsystem::HRsystem::dhrm::hrm::hr' -- _5 : STRING
);
INSERT INTO GD_GE VALUES (
    "adabfe16-42c0-4cd5-b08c-ee19f02b4594", -- _0 : UNIQUE_ID
    "fdf02ff5-476f-4d4e-8467-c6902cdf72f0", -- _1 : UNIQUE_ID
    "61527127-c692-4baf-8c6a-7b3bd54f8db3", -- _2 : UNIQUE_ID
    100, -- _3 : INTEGER
    0, -- _4 : INTEGER
    'HRsystem::HRsystem::UIHR::UIHR::UI' -- _5 : STRING
);
INSERT INTO GD_GE VALUES (
    "eebc4a6a-cf5b-452d-a523-b9536407fb18", -- _0 : UNIQUE_ID
    "fdf02ff5-476f-4d4e-8467-c6902cdf72f0", -- _1 : UNIQUE_ID
    "0d0011e5-9d08-4213-96c8-a4130d610109", -- _2 : UNIQUE_ID
    105, -- _3 : INTEGER
    0, -- _4 : INTEGER
    'HRsystem::HRsystem::dhrm::hrm::hr::UI::EP' -- _5 : STRING
);
INSERT INTO GD_GE VALUES (
    "c3a89d2e-fa90-4439-8ce1-f2f3990190fe", -- _0 : UNIQUE_ID
    "fdf02ff5-476f-4d4e-8467-c6902cdf72f0", -- _1 : UNIQUE_ID
    "451e40ae-b2bc-4182-972d-e7cd49ffef97", -- _2 : UNIQUE_ID
    106, -- _3 : INTEGER
    0, -- _4 : INTEGER
    'HRsystem::HRsystem::UIHR::UIHR::UI::App::EP' -- _5 : STRING
);
INSERT INTO GD_SHP VALUES (
    "47e73ee7-a7e4-4834-ab20-8dbe8067b245" -- _0 : UNIQUE_ID
);
INSERT INTO GD_SHP VALUES (
    "2a79e99f-8d48-4840-a9af-963c816e64cf" -- _0 : UNIQUE_ID
);
INSERT INTO GD_SHP VALUES (
    "b338d10f-5ead-401b-a7be-1593614ec0df" -- _0 : UNIQUE_ID
);
INSERT INTO GD_SHP VALUES (
    "0f471f9f-a938-4191-a624-af30b406b49a" -- _0 : UNIQUE_ID
);
INSERT INTO GD_SHP VALUES (
    "9bbac918-642f-4bf0-9460-5e8fcaed8580" -- _0 : UNIQUE_ID
);
INSERT INTO GD_SHP VALUES (
    "99f0c301-009f-4de1-8719-28c038e63959" -- _0 : UNIQUE_ID
);
INSERT INTO GD_SHP VALUES (
    "6d2f1dfa-1460-4d30-9c6d-27930f9432d6" -- _0 : UNIQUE_ID
);
INSERT INTO GD_SHP VALUES (
    "aa81864f-4650-4fac-a858-94602d7f45e1" -- _0 : UNIQUE_ID
);
INSERT INTO GD_SHP VALUES (
    "cd19f362-e320-4e99-9086-14abdeed993e" -- _0 : UNIQUE_ID
);
INSERT INTO GD_SHP VALUES (
    "02184012-d96b-4d11-b529-6c6ad43a4969" -- _0 : UNIQUE_ID
);
INSERT INTO GD_SHP VALUES (
    "75315f47-767f-4cf5-9e10-41a01d18c3b6" -- _0 : UNIQUE_ID
);
INSERT INTO GD_SHP VALUES (
    "f5739c23-9126-43ad-9a1b-0f37c7e1dd94" -- _0 : UNIQUE_ID
);
INSERT INTO GD_SHP VALUES (
    "26ab6a35-97f1-49d5-ae78-5b9e619b0c16" -- _0 : UNIQUE_ID
);
INSERT INTO GD_SHP VALUES (
    "909ab02b-31c7-429f-b99a-d940860bd6d2" -- _0 : UNIQUE_ID
);
INSERT INTO GD_SHP VALUES (
    "ed420ffb-23fe-4148-864b-a72d054bd0af" -- _0 : UNIQUE_ID
);
INSERT INTO GD_SHP VALUES (
    "cc06369f-91cf-4f2e-a482-03645919fd13" -- _0 : UNIQUE_ID
);
INSERT INTO GD_SHP VALUES (
    "35340b72-a698-43a9-950c-8ff984a45719" -- _0 : UNIQUE_ID
);
INSERT INTO GD_SHP VALUES (
    "5a08134b-a95f-4abb-aa2d-4518a032e798" -- _0 : UNIQUE_ID
);
INSERT INTO GD_SHP VALUES (
    "71c66339-3e2d-4499-8f00-c89dfd4dfc8c" -- _0 : UNIQUE_ID
);
INSERT INTO GD_SHP VALUES (
    "440ae350-84b2-46a8-8c8a-2ec5bc3bc426" -- _0 : UNIQUE_ID
);
INSERT INTO GD_SHP VALUES (
    "eddfd0d8-cb75-47d8-99ce-5cdb9e99e5a1" -- _0 : UNIQUE_ID
);
INSERT INTO GD_SHP VALUES (
    "bb11508d-4888-4ca5-a0a8-c353cfcf0e3f" -- _0 : UNIQUE_ID
);
INSERT INTO GD_SHP VALUES (
    "927331ad-d65e-4e2c-8275-799133855e3a" -- _0 : UNIQUE_ID
);
INSERT INTO GD_SHP VALUES (
    "f4b5fb62-5881-41fe-a7aa-362c0a83fbaf" -- _0 : UNIQUE_ID
);
INSERT INTO GD_SHP VALUES (
    "e43671e1-17ed-4f7e-8d09-750416b4fc30" -- _0 : UNIQUE_ID
);
INSERT INTO GD_SHP VALUES (
    "e857f929-02d5-44f6-8679-6e70b8701630" -- _0 : UNIQUE_ID
);
INSERT INTO GD_SHP VALUES (
    "f0c15f86-db3b-40f5-889a-dff0c21c156f" -- _0 : UNIQUE_ID
);
INSERT INTO GD_SHP VALUES (
    "92ffb006-7e74-497e-b004-9458a6871f92" -- _0 : UNIQUE_ID
);
INSERT INTO GD_SHP VALUES (
    "adabfe16-42c0-4cd5-b08c-ee19f02b4594" -- _0 : UNIQUE_ID
);
INSERT INTO GD_NCS VALUES (
    "47e73ee7-a7e4-4834-ab20-8dbe8067b245" -- _0 : UNIQUE_ID
);
INSERT INTO GD_NCS VALUES (
    "2a79e99f-8d48-4840-a9af-963c816e64cf" -- _0 : UNIQUE_ID
);
INSERT INTO GD_NCS VALUES (
    "b338d10f-5ead-401b-a7be-1593614ec0df" -- _0 : UNIQUE_ID
);
INSERT INTO GD_NCS VALUES (
    "0f471f9f-a938-4191-a624-af30b406b49a" -- _0 : UNIQUE_ID
);
INSERT INTO GD_NCS VALUES (
    "9bbac918-642f-4bf0-9460-5e8fcaed8580" -- _0 : UNIQUE_ID
);
INSERT INTO GD_NCS VALUES (
    "99f0c301-009f-4de1-8719-28c038e63959" -- _0 : UNIQUE_ID
);
INSERT INTO GD_NCS VALUES (
    "6d2f1dfa-1460-4d30-9c6d-27930f9432d6" -- _0 : UNIQUE_ID
);
INSERT INTO GD_NCS VALUES (
    "aa81864f-4650-4fac-a858-94602d7f45e1" -- _0 : UNIQUE_ID
);
INSERT INTO GD_NCS VALUES (
    "cd19f362-e320-4e99-9086-14abdeed993e" -- _0 : UNIQUE_ID
);
INSERT INTO GD_NCS VALUES (
    "02184012-d96b-4d11-b529-6c6ad43a4969" -- _0 : UNIQUE_ID
);
INSERT INTO GD_NCS VALUES (
    "75315f47-767f-4cf5-9e10-41a01d18c3b6" -- _0 : UNIQUE_ID
);
INSERT INTO GD_NCS VALUES (
    "f5739c23-9126-43ad-9a1b-0f37c7e1dd94" -- _0 : UNIQUE_ID
);
INSERT INTO GD_NCS VALUES (
    "909ab02b-31c7-429f-b99a-d940860bd6d2" -- _0 : UNIQUE_ID
);
INSERT INTO GD_NCS VALUES (
    "ed420ffb-23fe-4148-864b-a72d054bd0af" -- _0 : UNIQUE_ID
);
INSERT INTO GD_NCS VALUES (
    "cc06369f-91cf-4f2e-a482-03645919fd13" -- _0 : UNIQUE_ID
);
INSERT INTO GD_NCS VALUES (
    "35340b72-a698-43a9-950c-8ff984a45719" -- _0 : UNIQUE_ID
);
INSERT INTO GD_NCS VALUES (
    "5a08134b-a95f-4abb-aa2d-4518a032e798" -- _0 : UNIQUE_ID
);
INSERT INTO GD_NCS VALUES (
    "71c66339-3e2d-4499-8f00-c89dfd4dfc8c" -- _0 : UNIQUE_ID
);
INSERT INTO GD_NCS VALUES (
    "440ae350-84b2-46a8-8c8a-2ec5bc3bc426" -- _0 : UNIQUE_ID
);
INSERT INTO GD_NCS VALUES (
    "bb11508d-4888-4ca5-a0a8-c353cfcf0e3f" -- _0 : UNIQUE_ID
);
INSERT INTO GD_NCS VALUES (
    "927331ad-d65e-4e2c-8275-799133855e3a" -- _0 : UNIQUE_ID
);
INSERT INTO GD_NCS VALUES (
    "f4b5fb62-5881-41fe-a7aa-362c0a83fbaf" -- _0 : UNIQUE_ID
);
INSERT INTO GD_NCS VALUES (
    "e43671e1-17ed-4f7e-8d09-750416b4fc30" -- _0 : UNIQUE_ID
);
INSERT INTO GD_NCS VALUES (
    "e857f929-02d5-44f6-8679-6e70b8701630" -- _0 : UNIQUE_ID
);
INSERT INTO GD_NCS VALUES (
    "f0c15f86-db3b-40f5-889a-dff0c21c156f" -- _0 : UNIQUE_ID
);
INSERT INTO GD_NCS VALUES (
    "92ffb006-7e74-497e-b004-9458a6871f92" -- _0 : UNIQUE_ID
);
INSERT INTO GD_NCS VALUES (
    "adabfe16-42c0-4cd5-b08c-ee19f02b4594" -- _0 : UNIQUE_ID
);
INSERT INTO DIM_ND VALUES (
    200.000000, -- _0 : REAL
    150.000000, -- _1 : REAL
    "47e73ee7-a7e4-4834-ab20-8dbe8067b245" -- _2 : UNIQUE_ID
);
INSERT INTO DIM_ND VALUES (
    200.000000, -- _0 : REAL
    150.000000, -- _1 : REAL
    "2a79e99f-8d48-4840-a9af-963c816e64cf" -- _2 : UNIQUE_ID
);
INSERT INTO DIM_ND VALUES (
    200.000000, -- _0 : REAL
    150.000000, -- _1 : REAL
    "b338d10f-5ead-401b-a7be-1593614ec0df" -- _2 : UNIQUE_ID
);
INSERT INTO DIM_ND VALUES (
    200.000000, -- _0 : REAL
    150.000000, -- _1 : REAL
    "0f471f9f-a938-4191-a624-af30b406b49a" -- _2 : UNIQUE_ID
);
INSERT INTO DIM_ND VALUES (
    200.000000, -- _0 : REAL
    150.000000, -- _1 : REAL
    "9bbac918-642f-4bf0-9460-5e8fcaed8580" -- _2 : UNIQUE_ID
);
INSERT INTO DIM_ND VALUES (
    200.000000, -- _0 : REAL
    150.000000, -- _1 : REAL
    "99f0c301-009f-4de1-8719-28c038e63959" -- _2 : UNIQUE_ID
);
INSERT INTO DIM_ND VALUES (
    200.000000, -- _0 : REAL
    150.000000, -- _1 : REAL
    "6d2f1dfa-1460-4d30-9c6d-27930f9432d6" -- _2 : UNIQUE_ID
);
INSERT INTO DIM_ND VALUES (
    200.000000, -- _0 : REAL
    150.000000, -- _1 : REAL
    "aa81864f-4650-4fac-a858-94602d7f45e1" -- _2 : UNIQUE_ID
);
INSERT INTO DIM_ND VALUES (
    200.000000, -- _0 : REAL
    150.000000, -- _1 : REAL
    "cd19f362-e320-4e99-9086-14abdeed993e" -- _2 : UNIQUE_ID
);
INSERT INTO DIM_ND VALUES (
    204.000000, -- _0 : REAL
    144.000000, -- _1 : REAL
    "02184012-d96b-4d11-b529-6c6ad43a4969" -- _2 : UNIQUE_ID
);
INSERT INTO DIM_ND VALUES (
    204.000000, -- _0 : REAL
    144.000000, -- _1 : REAL
    "75315f47-767f-4cf5-9e10-41a01d18c3b6" -- _2 : UNIQUE_ID
);
INSERT INTO DIM_ND VALUES (
    200.000000, -- _0 : REAL
    150.000000, -- _1 : REAL
    "f5739c23-9126-43ad-9a1b-0f37c7e1dd94" -- _2 : UNIQUE_ID
);
INSERT INTO DIM_ND VALUES (
    0.000000, -- _0 : REAL
    0.000000, -- _1 : REAL
    "590f870e-b7ca-46f8-8500-ea6abcbb3010" -- _2 : UNIQUE_ID
);
INSERT INTO DIM_ND VALUES (
    0.000000, -- _0 : REAL
    0.000000, -- _1 : REAL
    "86402be8-bb4b-4376-a115-e699b0a52f11" -- _2 : UNIQUE_ID
);
INSERT INTO DIM_ND VALUES (
    0.000000, -- _0 : REAL
    0.000000, -- _1 : REAL
    "29676bb3-3870-4ca6-9e12-5289bcd5ae93" -- _2 : UNIQUE_ID
);
INSERT INTO DIM_ND VALUES (
    1032.000000, -- _0 : REAL
    800.000000, -- _1 : REAL
    "26ab6a35-97f1-49d5-ae78-5b9e619b0c16" -- _2 : UNIQUE_ID
);
INSERT INTO DIM_ND VALUES (
    200.000000, -- _0 : REAL
    150.000000, -- _1 : REAL
    "909ab02b-31c7-429f-b99a-d940860bd6d2" -- _2 : UNIQUE_ID
);
INSERT INTO DIM_ND VALUES (
    0.000000, -- _0 : REAL
    0.000000, -- _1 : REAL
    "dd27e626-43d7-4efd-a5c2-8d0834432a8c" -- _2 : UNIQUE_ID
);
INSERT INTO DIM_ND VALUES (
    0.000000, -- _0 : REAL
    0.000000, -- _1 : REAL
    "5d418687-f480-4153-b7b2-76bb769b9fc0" -- _2 : UNIQUE_ID
);
INSERT INTO DIM_ND VALUES (
    0.000000, -- _0 : REAL
    0.000000, -- _1 : REAL
    "efaa4664-7a69-4f7b-83fc-13965abcd008" -- _2 : UNIQUE_ID
);
INSERT INTO DIM_ND VALUES (
    200.000000, -- _0 : REAL
    150.000000, -- _1 : REAL
    "ed420ffb-23fe-4148-864b-a72d054bd0af" -- _2 : UNIQUE_ID
);
INSERT INTO DIM_ND VALUES (
    145.000000, -- _0 : REAL
    109.000000, -- _1 : REAL
    "cc06369f-91cf-4f2e-a482-03645919fd13" -- _2 : UNIQUE_ID
);
INSERT INTO DIM_ND VALUES (
    204.000000, -- _0 : REAL
    144.000000, -- _1 : REAL
    "35340b72-a698-43a9-950c-8ff984a45719" -- _2 : UNIQUE_ID
);
INSERT INTO DIM_ND VALUES (
    204.000000, -- _0 : REAL
    144.000000, -- _1 : REAL
    "5a08134b-a95f-4abb-aa2d-4518a032e798" -- _2 : UNIQUE_ID
);
INSERT INTO DIM_ND VALUES (
    0.000000, -- _0 : REAL
    0.000000, -- _1 : REAL
    "b104e90c-22a4-4384-ae44-fa9fd90e0427" -- _2 : UNIQUE_ID
);
INSERT INTO DIM_ND VALUES (
    0.000000, -- _0 : REAL
    0.000000, -- _1 : REAL
    "32905cb4-f5ac-4f79-b6f5-2be5d4b5281f" -- _2 : UNIQUE_ID
);
INSERT INTO DIM_ND VALUES (
    0.000000, -- _0 : REAL
    0.000000, -- _1 : REAL
    "410044bf-19d9-45a8-b93f-69d0ee61b173" -- _2 : UNIQUE_ID
);
INSERT INTO DIM_ND VALUES (
    200.000000, -- _0 : REAL
    150.000000, -- _1 : REAL
    "71c66339-3e2d-4499-8f00-c89dfd4dfc8c" -- _2 : UNIQUE_ID
);
INSERT INTO DIM_ND VALUES (
    200.000000, -- _0 : REAL
    150.000000, -- _1 : REAL
    "440ae350-84b2-46a8-8c8a-2ec5bc3bc426" -- _2 : UNIQUE_ID
);
INSERT INTO DIM_ND VALUES (
    522.000000, -- _0 : REAL
    162.000000, -- _1 : REAL
    "eddfd0d8-cb75-47d8-99ce-5cdb9e99e5a1" -- _2 : UNIQUE_ID
);
INSERT INTO DIM_ND VALUES (
    200.000000, -- _0 : REAL
    150.000000, -- _1 : REAL
    "bb11508d-4888-4ca5-a0a8-c353cfcf0e3f" -- _2 : UNIQUE_ID
);
INSERT INTO DIM_ND VALUES (
    0.000000, -- _0 : REAL
    0.000000, -- _1 : REAL
    "8d496faf-0f8e-45af-8581-e81ee4bb69b1" -- _2 : UNIQUE_ID
);
INSERT INTO DIM_ND VALUES (
    0.000000, -- _0 : REAL
    0.000000, -- _1 : REAL
    "22e09dc6-f6a7-4be9-aecf-b6a614fd9b11" -- _2 : UNIQUE_ID
);
INSERT INTO DIM_ND VALUES (
    0.000000, -- _0 : REAL
    0.000000, -- _1 : REAL
    "2b6dbeea-9dc2-420f-9501-a507c9568a2c" -- _2 : UNIQUE_ID
);
INSERT INTO DIM_ND VALUES (
    200.000000, -- _0 : REAL
    150.000000, -- _1 : REAL
    "927331ad-d65e-4e2c-8275-799133855e3a" -- _2 : UNIQUE_ID
);
INSERT INTO DIM_ND VALUES (
    200.000000, -- _0 : REAL
    150.000000, -- _1 : REAL
    "f4b5fb62-5881-41fe-a7aa-362c0a83fbaf" -- _2 : UNIQUE_ID
);
INSERT INTO DIM_ND VALUES (
    200.000000, -- _0 : REAL
    150.000000, -- _1 : REAL
    "e43671e1-17ed-4f7e-8d09-750416b4fc30" -- _2 : UNIQUE_ID
);
INSERT INTO DIM_ND VALUES (
    0.000000, -- _0 : REAL
    0.000000, -- _1 : REAL
    "e0078476-c9af-443d-a1ed-8e1dbda2db02" -- _2 : UNIQUE_ID
);
INSERT INTO DIM_ND VALUES (
    0.000000, -- _0 : REAL
    0.000000, -- _1 : REAL
    "d00d3a6b-a2cb-4ddd-b4c9-6a9646574955" -- _2 : UNIQUE_ID
);
INSERT INTO DIM_ND VALUES (
    0.000000, -- _0 : REAL
    0.000000, -- _1 : REAL
    "c0df5eaf-b872-434c-becc-ca967e6b1904" -- _2 : UNIQUE_ID
);
INSERT INTO DIM_ND VALUES (
    200.000000, -- _0 : REAL
    150.000000, -- _1 : REAL
    "e857f929-02d5-44f6-8679-6e70b8701630" -- _2 : UNIQUE_ID
);
INSERT INTO DIM_ND VALUES (
    200.000000, -- _0 : REAL
    150.000000, -- _1 : REAL
    "f0c15f86-db3b-40f5-889a-dff0c21c156f" -- _2 : UNIQUE_ID
);
INSERT INTO DIM_ND VALUES (
    204.000000, -- _0 : REAL
    144.000000, -- _1 : REAL
    "92ffb006-7e74-497e-b004-9458a6871f92" -- _2 : UNIQUE_ID
);
INSERT INTO DIM_ND VALUES (
    204.000000, -- _0 : REAL
    144.000000, -- _1 : REAL
    "adabfe16-42c0-4cd5-b08c-ee19f02b4594" -- _2 : UNIQUE_ID
);
INSERT INTO DIM_ND VALUES (
    0.000000, -- _0 : REAL
    0.000000, -- _1 : REAL
    "594d4f9b-9f7e-4f37-bfe3-c6ca309b2716" -- _2 : UNIQUE_ID
);
INSERT INTO DIM_ND VALUES (
    0.000000, -- _0 : REAL
    0.000000, -- _1 : REAL
    "665b84fa-f37e-4d1d-92ab-956821094a11" -- _2 : UNIQUE_ID
);
INSERT INTO DIM_ND VALUES (
    0.000000, -- _0 : REAL
    0.000000, -- _1 : REAL
    "92685918-1ab6-4a74-986e-8393ba8bf6b5" -- _2 : UNIQUE_ID
);
INSERT INTO DIM_ND VALUES (
    0.000000, -- _0 : REAL
    0.000000, -- _1 : REAL
    "ce6d8f53-1a3a-4ac1-bbda-f29ac3475992" -- _2 : UNIQUE_ID
);
INSERT INTO DIM_ND VALUES (
    0.000000, -- _0 : REAL
    0.000000, -- _1 : REAL
    "246f54b4-7a6f-4630-8c44-3d9cdf95e495" -- _2 : UNIQUE_ID
);
INSERT INTO DIM_ND VALUES (
    0.000000, -- _0 : REAL
    0.000000, -- _1 : REAL
    "6e85febf-a3f2-4df7-8712-a171a4921fd0" -- _2 : UNIQUE_ID
);
INSERT INTO DIM_GE VALUES (
    0.000000, -- _0 : REAL
    0.000000, -- _1 : REAL
    "47e73ee7-a7e4-4834-ab20-8dbe8067b245", -- _2 : UNIQUE_ID
    "00000000-0000-0000-0000-000000000000" -- _3 : UNIQUE_ID
);
INSERT INTO DIM_GE VALUES (
    250.000000, -- _0 : REAL
    0.000000, -- _1 : REAL
    "2a79e99f-8d48-4840-a9af-963c816e64cf", -- _2 : UNIQUE_ID
    "00000000-0000-0000-0000-000000000000" -- _3 : UNIQUE_ID
);
INSERT INTO DIM_GE VALUES (
    250.000000, -- _0 : REAL
    0.000000, -- _1 : REAL
    "b338d10f-5ead-401b-a7be-1593614ec0df", -- _2 : UNIQUE_ID
    "00000000-0000-0000-0000-000000000000" -- _3 : UNIQUE_ID
);
INSERT INTO DIM_GE VALUES (
    0.000000, -- _0 : REAL
    0.000000, -- _1 : REAL
    "0f471f9f-a938-4191-a624-af30b406b49a", -- _2 : UNIQUE_ID
    "00000000-0000-0000-0000-000000000000" -- _3 : UNIQUE_ID
);
INSERT INTO DIM_GE VALUES (
    0.000000, -- _0 : REAL
    0.000000, -- _1 : REAL
    "9bbac918-642f-4bf0-9460-5e8fcaed8580", -- _2 : UNIQUE_ID
    "00000000-0000-0000-0000-000000000000" -- _3 : UNIQUE_ID
);
INSERT INTO DIM_GE VALUES (
    0.000000, -- _0 : REAL
    0.000000, -- _1 : REAL
    "99f0c301-009f-4de1-8719-28c038e63959", -- _2 : UNIQUE_ID
    "00000000-0000-0000-0000-000000000000" -- _3 : UNIQUE_ID
);
INSERT INTO DIM_GE VALUES (
    0.000000, -- _0 : REAL
    0.000000, -- _1 : REAL
    "6d2f1dfa-1460-4d30-9c6d-27930f9432d6", -- _2 : UNIQUE_ID
    "00000000-0000-0000-0000-000000000000" -- _3 : UNIQUE_ID
);
INSERT INTO DIM_GE VALUES (
    970.000000, -- _0 : REAL
    0.000000, -- _1 : REAL
    "aa81864f-4650-4fac-a858-94602d7f45e1", -- _2 : UNIQUE_ID
    "00000000-0000-0000-0000-000000000000" -- _3 : UNIQUE_ID
);
INSERT INTO DIM_GE VALUES (
    250.000000, -- _0 : REAL
    0.000000, -- _1 : REAL
    "cd19f362-e320-4e99-9086-14abdeed993e", -- _2 : UNIQUE_ID
    "00000000-0000-0000-0000-000000000000" -- _3 : UNIQUE_ID
);
INSERT INTO DIM_GE VALUES (
    4140.000000, -- _0 : REAL
    3096.000000, -- _1 : REAL
    "02184012-d96b-4d11-b529-6c6ad43a4969", -- _2 : UNIQUE_ID
    "00000000-0000-0000-0000-000000000000" -- _3 : UNIQUE_ID
);
INSERT INTO DIM_GE VALUES (
    4464.000000, -- _0 : REAL
    3120.000000, -- _1 : REAL
    "75315f47-767f-4cf5-9e10-41a01d18c3b6", -- _2 : UNIQUE_ID
    "00000000-0000-0000-0000-000000000000" -- _3 : UNIQUE_ID
);
INSERT INTO DIM_GE VALUES (
    0.000000, -- _0 : REAL
    0.000000, -- _1 : REAL
    "f5739c23-9126-43ad-9a1b-0f37c7e1dd94", -- _2 : UNIQUE_ID
    "00000000-0000-0000-0000-000000000000" -- _3 : UNIQUE_ID
);
INSERT INTO DIM_GE VALUES (
    0.000000, -- _0 : REAL
    0.000000, -- _1 : REAL
    "590f870e-b7ca-46f8-8500-ea6abcbb3010", -- _2 : UNIQUE_ID
    "00000000-0000-0000-0000-000000000000" -- _3 : UNIQUE_ID
);
INSERT INTO DIM_GE VALUES (
    0.000000, -- _0 : REAL
    0.000000, -- _1 : REAL
    "86402be8-bb4b-4376-a115-e699b0a52f11", -- _2 : UNIQUE_ID
    "00000000-0000-0000-0000-000000000000" -- _3 : UNIQUE_ID
);
INSERT INTO DIM_GE VALUES (
    0.000000, -- _0 : REAL
    0.000000, -- _1 : REAL
    "29676bb3-3870-4ca6-9e12-5289bcd5ae93", -- _2 : UNIQUE_ID
    "00000000-0000-0000-0000-000000000000" -- _3 : UNIQUE_ID
);
INSERT INTO DIM_GE VALUES (
    0.000000, -- _0 : REAL
    0.000000, -- _1 : REAL
    "b7208601-6c1d-4a70-9874-af630427b85c", -- _2 : UNIQUE_ID
    "00000000-0000-0000-0000-000000000000" -- _3 : UNIQUE_ID
);
INSERT INTO DIM_GE VALUES (
    4100.000000, -- _0 : REAL
    3100.000000, -- _1 : REAL
    "26ab6a35-97f1-49d5-ae78-5b9e619b0c16", -- _2 : UNIQUE_ID
    "00000000-0000-0000-0000-000000000000" -- _3 : UNIQUE_ID
);
INSERT INTO DIM_GE VALUES (
    4920.000000, -- _0 : REAL
    3100.000000, -- _1 : REAL
    "909ab02b-31c7-429f-b99a-d940860bd6d2", -- _2 : UNIQUE_ID
    "00000000-0000-0000-0000-000000000000" -- _3 : UNIQUE_ID
);
INSERT INTO DIM_GE VALUES (
    0.000000, -- _0 : REAL
    0.000000, -- _1 : REAL
    "dd27e626-43d7-4efd-a5c2-8d0834432a8c", -- _2 : UNIQUE_ID
    "00000000-0000-0000-0000-000000000000" -- _3 : UNIQUE_ID
);
INSERT INTO DIM_GE VALUES (
    5119.000000, -- _0 : REAL
    3512.000000, -- _1 : REAL
    "5d418687-f480-4153-b7b2-76bb769b9fc0", -- _2 : UNIQUE_ID
    "00000000-0000-0000-0000-000000000000" -- _3 : UNIQUE_ID
);
INSERT INTO DIM_GE VALUES (
    0.000000, -- _0 : REAL
    0.000000, -- _1 : REAL
    "efaa4664-7a69-4f7b-83fc-13965abcd008", -- _2 : UNIQUE_ID
    "00000000-0000-0000-0000-000000000000" -- _3 : UNIQUE_ID
);
INSERT INTO DIM_GE VALUES (
    0.000000, -- _0 : REAL
    0.000000, -- _1 : REAL
    "b982d6cf-9550-416f-8b35-312dcfff4b27", -- _2 : UNIQUE_ID
    "00000000-0000-0000-0000-000000000000" -- _3 : UNIQUE_ID
);
INSERT INTO DIM_GE VALUES (
    0.000000, -- _0 : REAL
    0.000000, -- _1 : REAL
    "ed420ffb-23fe-4148-864b-a72d054bd0af", -- _2 : UNIQUE_ID
    "00000000-0000-0000-0000-000000000000" -- _3 : UNIQUE_ID
);
INSERT INTO DIM_GE VALUES (
    288.000000, -- _0 : REAL
    96.000000, -- _1 : REAL
    "cc06369f-91cf-4f2e-a482-03645919fd13", -- _2 : UNIQUE_ID
    "00000000-0000-0000-0000-000000000000" -- _3 : UNIQUE_ID
);
INSERT INTO DIM_GE VALUES (
    4116.000000, -- _0 : REAL
    3120.000000, -- _1 : REAL
    "35340b72-a698-43a9-950c-8ff984a45719", -- _2 : UNIQUE_ID
    "00000000-0000-0000-0000-000000000000" -- _3 : UNIQUE_ID
);
INSERT INTO DIM_GE VALUES (
    4116.000000, -- _0 : REAL
    3324.000000, -- _1 : REAL
    "5a08134b-a95f-4abb-aa2d-4518a032e798", -- _2 : UNIQUE_ID
    "00000000-0000-0000-0000-000000000000" -- _3 : UNIQUE_ID
);
INSERT INTO DIM_GE VALUES (
    0.000000, -- _0 : REAL
    0.000000, -- _1 : REAL
    "b104e90c-22a4-4384-ae44-fa9fd90e0427", -- _2 : UNIQUE_ID
    "00000000-0000-0000-0000-000000000000" -- _3 : UNIQUE_ID
);
INSERT INTO DIM_GE VALUES (
    4015.000000, -- _0 : REAL
    3285.000000, -- _1 : REAL
    "32905cb4-f5ac-4f79-b6f5-2be5d4b5281f", -- _2 : UNIQUE_ID
    "00000000-0000-0000-0000-000000000000" -- _3 : UNIQUE_ID
);
INSERT INTO DIM_GE VALUES (
    0.000000, -- _0 : REAL
    0.000000, -- _1 : REAL
    "410044bf-19d9-45a8-b93f-69d0ee61b173", -- _2 : UNIQUE_ID
    "00000000-0000-0000-0000-000000000000" -- _3 : UNIQUE_ID
);
INSERT INTO DIM_GE VALUES (
    0.000000, -- _0 : REAL
    0.000000, -- _1 : REAL
    "f84eae49-c82d-45b4-8c15-f2d7416b1878", -- _2 : UNIQUE_ID
    "00000000-0000-0000-0000-000000000000" -- _3 : UNIQUE_ID
);
INSERT INTO DIM_GE VALUES (
    0.000000, -- _0 : REAL
    0.000000, -- _1 : REAL
    "71c66339-3e2d-4499-8f00-c89dfd4dfc8c", -- _2 : UNIQUE_ID
    "00000000-0000-0000-0000-000000000000" -- _3 : UNIQUE_ID
);
INSERT INTO DIM_GE VALUES (
    220.000000, -- _0 : REAL
    0.000000, -- _1 : REAL
    "440ae350-84b2-46a8-8c8a-2ec5bc3bc426", -- _2 : UNIQUE_ID
    "00000000-0000-0000-0000-000000000000" -- _3 : UNIQUE_ID
);
INSERT INTO DIM_GE VALUES (
    4100.000000, -- _0 : REAL
    3100.000000, -- _1 : REAL
    "eddfd0d8-cb75-47d8-99ce-5cdb9e99e5a1", -- _2 : UNIQUE_ID
    "00000000-0000-0000-0000-000000000000" -- _3 : UNIQUE_ID
);
INSERT INTO DIM_GE VALUES (
    4410.000000, -- _0 : REAL
    3100.000000, -- _1 : REAL
    "bb11508d-4888-4ca5-a0a8-c353cfcf0e3f", -- _2 : UNIQUE_ID
    "00000000-0000-0000-0000-000000000000" -- _3 : UNIQUE_ID
);
INSERT INTO DIM_GE VALUES (
    0.000000, -- _0 : REAL
    0.000000, -- _1 : REAL
    "8d496faf-0f8e-45af-8581-e81ee4bb69b1", -- _2 : UNIQUE_ID
    "00000000-0000-0000-0000-000000000000" -- _3 : UNIQUE_ID
);
INSERT INTO DIM_GE VALUES (
    4613.000000, -- _0 : REAL
    3178.000000, -- _1 : REAL
    "22e09dc6-f6a7-4be9-aecf-b6a614fd9b11", -- _2 : UNIQUE_ID
    "00000000-0000-0000-0000-000000000000" -- _3 : UNIQUE_ID
);
INSERT INTO DIM_GE VALUES (
    0.000000, -- _0 : REAL
    0.000000, -- _1 : REAL
    "2b6dbeea-9dc2-420f-9501-a507c9568a2c", -- _2 : UNIQUE_ID
    "00000000-0000-0000-0000-000000000000" -- _3 : UNIQUE_ID
);
INSERT INTO DIM_GE VALUES (
    0.000000, -- _0 : REAL
    0.000000, -- _1 : REAL
    "432cc52d-be9e-4ae8-95dc-458429c448f9", -- _2 : UNIQUE_ID
    "00000000-0000-0000-0000-000000000000" -- _3 : UNIQUE_ID
);
INSERT INTO DIM_GE VALUES (
    0.000000, -- _0 : REAL
    0.000000, -- _1 : REAL
    "927331ad-d65e-4e2c-8275-799133855e3a", -- _2 : UNIQUE_ID
    "00000000-0000-0000-0000-000000000000" -- _3 : UNIQUE_ID
);
INSERT INTO DIM_GE VALUES (
    0.000000, -- _0 : REAL
    0.000000, -- _1 : REAL
    "f4b5fb62-5881-41fe-a7aa-362c0a83fbaf", -- _2 : UNIQUE_ID
    "00000000-0000-0000-0000-000000000000" -- _3 : UNIQUE_ID
);
INSERT INTO DIM_GE VALUES (
    220.000000, -- _0 : REAL
    0.000000, -- _1 : REAL
    "e43671e1-17ed-4f7e-8d09-750416b4fc30", -- _2 : UNIQUE_ID
    "00000000-0000-0000-0000-000000000000" -- _3 : UNIQUE_ID
);
INSERT INTO DIM_GE VALUES (
    0.000000, -- _0 : REAL
    0.000000, -- _1 : REAL
    "e0078476-c9af-443d-a1ed-8e1dbda2db02", -- _2 : UNIQUE_ID
    "00000000-0000-0000-0000-000000000000" -- _3 : UNIQUE_ID
);
INSERT INTO DIM_GE VALUES (
    0.000000, -- _0 : REAL
    0.000000, -- _1 : REAL
    "d00d3a6b-a2cb-4ddd-b4c9-6a9646574955", -- _2 : UNIQUE_ID
    "00000000-0000-0000-0000-000000000000" -- _3 : UNIQUE_ID
);
INSERT INTO DIM_GE VALUES (
    0.000000, -- _0 : REAL
    0.000000, -- _1 : REAL
    "c0df5eaf-b872-434c-becc-ca967e6b1904", -- _2 : UNIQUE_ID
    "00000000-0000-0000-0000-000000000000" -- _3 : UNIQUE_ID
);
INSERT INTO DIM_GE VALUES (
    0.000000, -- _0 : REAL
    0.000000, -- _1 : REAL
    "c36dcfd8-6128-4ea6-8ada-504c4809dfa0", -- _2 : UNIQUE_ID
    "00000000-0000-0000-0000-000000000000" -- _3 : UNIQUE_ID
);
INSERT INTO DIM_GE VALUES (
    0.000000, -- _0 : REAL
    0.000000, -- _1 : REAL
    "e857f929-02d5-44f6-8679-6e70b8701630", -- _2 : UNIQUE_ID
    "00000000-0000-0000-0000-000000000000" -- _3 : UNIQUE_ID
);
INSERT INTO DIM_GE VALUES (
    0.000000, -- _0 : REAL
    0.000000, -- _1 : REAL
    "f0c15f86-db3b-40f5-889a-dff0c21c156f", -- _2 : UNIQUE_ID
    "00000000-0000-0000-0000-000000000000" -- _3 : UNIQUE_ID
);
INSERT INTO DIM_GE VALUES (
    4020.000000, -- _0 : REAL
    3144.000000, -- _1 : REAL
    "92ffb006-7e74-497e-b004-9458a6871f92", -- _2 : UNIQUE_ID
    "00000000-0000-0000-0000-000000000000" -- _3 : UNIQUE_ID
);
INSERT INTO DIM_GE VALUES (
    4416.000000, -- _0 : REAL
    3144.000000, -- _1 : REAL
    "adabfe16-42c0-4cd5-b08c-ee19f02b4594", -- _2 : UNIQUE_ID
    "00000000-0000-0000-0000-000000000000" -- _3 : UNIQUE_ID
);
INSERT INTO DIM_GE VALUES (
    0.000000, -- _0 : REAL
    0.000000, -- _1 : REAL
    "594d4f9b-9f7e-4f37-bfe3-c6ca309b2716", -- _2 : UNIQUE_ID
    "00000000-0000-0000-0000-000000000000" -- _3 : UNIQUE_ID
);
INSERT INTO DIM_GE VALUES (
    4259.000000, -- _0 : REAL
    3190.000000, -- _1 : REAL
    "665b84fa-f37e-4d1d-92ab-956821094a11", -- _2 : UNIQUE_ID
    "00000000-0000-0000-0000-000000000000" -- _3 : UNIQUE_ID
);
INSERT INTO DIM_GE VALUES (
    0.000000, -- _0 : REAL
    0.000000, -- _1 : REAL
    "92685918-1ab6-4a74-986e-8393ba8bf6b5", -- _2 : UNIQUE_ID
    "00000000-0000-0000-0000-000000000000" -- _3 : UNIQUE_ID
);
INSERT INTO DIM_GE VALUES (
    0.000000, -- _0 : REAL
    0.000000, -- _1 : REAL
    "eebc4a6a-cf5b-452d-a523-b9536407fb18", -- _2 : UNIQUE_ID
    "00000000-0000-0000-0000-000000000000" -- _3 : UNIQUE_ID
);
INSERT INTO DIM_GE VALUES (
    0.000000, -- _0 : REAL
    0.000000, -- _1 : REAL
    "ce6d8f53-1a3a-4ac1-bbda-f29ac3475992", -- _2 : UNIQUE_ID
    "00000000-0000-0000-0000-000000000000" -- _3 : UNIQUE_ID
);
INSERT INTO DIM_GE VALUES (
    4374.000000, -- _0 : REAL
    3190.000000, -- _1 : REAL
    "246f54b4-7a6f-4630-8c44-3d9cdf95e495", -- _2 : UNIQUE_ID
    "00000000-0000-0000-0000-000000000000" -- _3 : UNIQUE_ID
);
INSERT INTO DIM_GE VALUES (
    0.000000, -- _0 : REAL
    0.000000, -- _1 : REAL
    "6e85febf-a3f2-4df7-8712-a171a4921fd0", -- _2 : UNIQUE_ID
    "00000000-0000-0000-0000-000000000000" -- _3 : UNIQUE_ID
);
INSERT INTO DIM_GE VALUES (
    0.000000, -- _0 : REAL
    0.000000, -- _1 : REAL
    "c3a89d2e-fa90-4439-8ce1-f2f3990190fe", -- _2 : UNIQUE_ID
    "00000000-0000-0000-0000-000000000000" -- _3 : UNIQUE_ID
);
INSERT INTO DIM_ELE VALUES (
    "47e73ee7-a7e4-4834-ab20-8dbe8067b245", -- _0 : UNIQUE_ID
    0, -- _1 : INTEGER
    "00000000-0000-0000-0000-000000000000" -- _2 : UNIQUE_ID
);
INSERT INTO DIM_ELE VALUES (
    "2a79e99f-8d48-4840-a9af-963c816e64cf", -- _0 : UNIQUE_ID
    0, -- _1 : INTEGER
    "00000000-0000-0000-0000-000000000000" -- _2 : UNIQUE_ID
);
INSERT INTO DIM_ELE VALUES (
    "b338d10f-5ead-401b-a7be-1593614ec0df", -- _0 : UNIQUE_ID
    0, -- _1 : INTEGER
    "00000000-0000-0000-0000-000000000000" -- _2 : UNIQUE_ID
);
INSERT INTO DIM_ELE VALUES (
    "0f471f9f-a938-4191-a624-af30b406b49a", -- _0 : UNIQUE_ID
    0, -- _1 : INTEGER
    "00000000-0000-0000-0000-000000000000" -- _2 : UNIQUE_ID
);
INSERT INTO DIM_ELE VALUES (
    "9bbac918-642f-4bf0-9460-5e8fcaed8580", -- _0 : UNIQUE_ID
    0, -- _1 : INTEGER
    "00000000-0000-0000-0000-000000000000" -- _2 : UNIQUE_ID
);
INSERT INTO DIM_ELE VALUES (
    "99f0c301-009f-4de1-8719-28c038e63959", -- _0 : UNIQUE_ID
    0, -- _1 : INTEGER
    "00000000-0000-0000-0000-000000000000" -- _2 : UNIQUE_ID
);
INSERT INTO DIM_ELE VALUES (
    "6d2f1dfa-1460-4d30-9c6d-27930f9432d6", -- _0 : UNIQUE_ID
    0, -- _1 : INTEGER
    "00000000-0000-0000-0000-000000000000" -- _2 : UNIQUE_ID
);
INSERT INTO DIM_ELE VALUES (
    "aa81864f-4650-4fac-a858-94602d7f45e1", -- _0 : UNIQUE_ID
    0, -- _1 : INTEGER
    "00000000-0000-0000-0000-000000000000" -- _2 : UNIQUE_ID
);
INSERT INTO DIM_ELE VALUES (
    "cd19f362-e320-4e99-9086-14abdeed993e", -- _0 : UNIQUE_ID
    0, -- _1 : INTEGER
    "00000000-0000-0000-0000-000000000000" -- _2 : UNIQUE_ID
);
INSERT INTO DIM_ELE VALUES (
    "02184012-d96b-4d11-b529-6c6ad43a4969", -- _0 : UNIQUE_ID
    0, -- _1 : INTEGER
    "00000000-0000-0000-0000-000000000000" -- _2 : UNIQUE_ID
);
INSERT INTO DIM_ELE VALUES (
    "75315f47-767f-4cf5-9e10-41a01d18c3b6", -- _0 : UNIQUE_ID
    0, -- _1 : INTEGER
    "00000000-0000-0000-0000-000000000000" -- _2 : UNIQUE_ID
);
INSERT INTO DIM_ELE VALUES (
    "f5739c23-9126-43ad-9a1b-0f37c7e1dd94", -- _0 : UNIQUE_ID
    0, -- _1 : INTEGER
    "00000000-0000-0000-0000-000000000000" -- _2 : UNIQUE_ID
);
INSERT INTO DIM_ELE VALUES (
    "590f870e-b7ca-46f8-8500-ea6abcbb3010", -- _0 : UNIQUE_ID
    0, -- _1 : INTEGER
    "00000000-0000-0000-0000-000000000000" -- _2 : UNIQUE_ID
);
INSERT INTO DIM_ELE VALUES (
    "86402be8-bb4b-4376-a115-e699b0a52f11", -- _0 : UNIQUE_ID
    0, -- _1 : INTEGER
    "00000000-0000-0000-0000-000000000000" -- _2 : UNIQUE_ID
);
INSERT INTO DIM_ELE VALUES (
    "29676bb3-3870-4ca6-9e12-5289bcd5ae93", -- _0 : UNIQUE_ID
    0, -- _1 : INTEGER
    "00000000-0000-0000-0000-000000000000" -- _2 : UNIQUE_ID
);
INSERT INTO DIM_ELE VALUES (
    "b7208601-6c1d-4a70-9874-af630427b85c", -- _0 : UNIQUE_ID
    0, -- _1 : INTEGER
    "00000000-0000-0000-0000-000000000000" -- _2 : UNIQUE_ID
);
INSERT INTO DIM_ELE VALUES (
    "26ab6a35-97f1-49d5-ae78-5b9e619b0c16", -- _0 : UNIQUE_ID
    0, -- _1 : INTEGER
    "00000000-0000-0000-0000-000000000000" -- _2 : UNIQUE_ID
);
INSERT INTO DIM_ELE VALUES (
    "909ab02b-31c7-429f-b99a-d940860bd6d2", -- _0 : UNIQUE_ID
    0, -- _1 : INTEGER
    "26ab6a35-97f1-49d5-ae78-5b9e619b0c16" -- _2 : UNIQUE_ID
);
INSERT INTO DIM_ELE VALUES (
    "dd27e626-43d7-4efd-a5c2-8d0834432a8c", -- _0 : UNIQUE_ID
    0, -- _1 : INTEGER
    "00000000-0000-0000-0000-000000000000" -- _2 : UNIQUE_ID
);
INSERT INTO DIM_ELE VALUES (
    "5d418687-f480-4153-b7b2-76bb769b9fc0", -- _0 : UNIQUE_ID
    0, -- _1 : INTEGER
    "00000000-0000-0000-0000-000000000000" -- _2 : UNIQUE_ID
);
INSERT INTO DIM_ELE VALUES (
    "efaa4664-7a69-4f7b-83fc-13965abcd008", -- _0 : UNIQUE_ID
    0, -- _1 : INTEGER
    "00000000-0000-0000-0000-000000000000" -- _2 : UNIQUE_ID
);
INSERT INTO DIM_ELE VALUES (
    "b982d6cf-9550-416f-8b35-312dcfff4b27", -- _0 : UNIQUE_ID
    0, -- _1 : INTEGER
    "00000000-0000-0000-0000-000000000000" -- _2 : UNIQUE_ID
);
INSERT INTO DIM_ELE VALUES (
    "ed420ffb-23fe-4148-864b-a72d054bd0af", -- _0 : UNIQUE_ID
    0, -- _1 : INTEGER
    "00000000-0000-0000-0000-000000000000" -- _2 : UNIQUE_ID
);
INSERT INTO DIM_ELE VALUES (
    "cc06369f-91cf-4f2e-a482-03645919fd13", -- _0 : UNIQUE_ID
    0, -- _1 : INTEGER
    "00000000-0000-0000-0000-000000000000" -- _2 : UNIQUE_ID
);
INSERT INTO DIM_ELE VALUES (
    "35340b72-a698-43a9-950c-8ff984a45719", -- _0 : UNIQUE_ID
    0, -- _1 : INTEGER
    "00000000-0000-0000-0000-000000000000" -- _2 : UNIQUE_ID
);
INSERT INTO DIM_ELE VALUES (
    "5a08134b-a95f-4abb-aa2d-4518a032e798", -- _0 : UNIQUE_ID
    0, -- _1 : INTEGER
    "00000000-0000-0000-0000-000000000000" -- _2 : UNIQUE_ID
);
INSERT INTO DIM_ELE VALUES (
    "b104e90c-22a4-4384-ae44-fa9fd90e0427", -- _0 : UNIQUE_ID
    0, -- _1 : INTEGER
    "00000000-0000-0000-0000-000000000000" -- _2 : UNIQUE_ID
);
INSERT INTO DIM_ELE VALUES (
    "32905cb4-f5ac-4f79-b6f5-2be5d4b5281f", -- _0 : UNIQUE_ID
    0, -- _1 : INTEGER
    "00000000-0000-0000-0000-000000000000" -- _2 : UNIQUE_ID
);
INSERT INTO DIM_ELE VALUES (
    "410044bf-19d9-45a8-b93f-69d0ee61b173", -- _0 : UNIQUE_ID
    0, -- _1 : INTEGER
    "00000000-0000-0000-0000-000000000000" -- _2 : UNIQUE_ID
);
INSERT INTO DIM_ELE VALUES (
    "f84eae49-c82d-45b4-8c15-f2d7416b1878", -- _0 : UNIQUE_ID
    0, -- _1 : INTEGER
    "00000000-0000-0000-0000-000000000000" -- _2 : UNIQUE_ID
);
INSERT INTO DIM_ELE VALUES (
    "71c66339-3e2d-4499-8f00-c89dfd4dfc8c", -- _0 : UNIQUE_ID
    0, -- _1 : INTEGER
    "00000000-0000-0000-0000-000000000000" -- _2 : UNIQUE_ID
);
INSERT INTO DIM_ELE VALUES (
    "440ae350-84b2-46a8-8c8a-2ec5bc3bc426", -- _0 : UNIQUE_ID
    0, -- _1 : INTEGER
    "00000000-0000-0000-0000-000000000000" -- _2 : UNIQUE_ID
);
INSERT INTO DIM_ELE VALUES (
    "eddfd0d8-cb75-47d8-99ce-5cdb9e99e5a1", -- _0 : UNIQUE_ID
    0, -- _1 : INTEGER
    "00000000-0000-0000-0000-000000000000" -- _2 : UNIQUE_ID
);
INSERT INTO DIM_ELE VALUES (
    "bb11508d-4888-4ca5-a0a8-c353cfcf0e3f", -- _0 : UNIQUE_ID
    0, -- _1 : INTEGER
    "eddfd0d8-cb75-47d8-99ce-5cdb9e99e5a1" -- _2 : UNIQUE_ID
);
INSERT INTO DIM_ELE VALUES (
    "8d496faf-0f8e-45af-8581-e81ee4bb69b1", -- _0 : UNIQUE_ID
    0, -- _1 : INTEGER
    "00000000-0000-0000-0000-000000000000" -- _2 : UNIQUE_ID
);
INSERT INTO DIM_ELE VALUES (
    "22e09dc6-f6a7-4be9-aecf-b6a614fd9b11", -- _0 : UNIQUE_ID
    0, -- _1 : INTEGER
    "00000000-0000-0000-0000-000000000000" -- _2 : UNIQUE_ID
);
INSERT INTO DIM_ELE VALUES (
    "2b6dbeea-9dc2-420f-9501-a507c9568a2c", -- _0 : UNIQUE_ID
    0, -- _1 : INTEGER
    "00000000-0000-0000-0000-000000000000" -- _2 : UNIQUE_ID
);
INSERT INTO DIM_ELE VALUES (
    "432cc52d-be9e-4ae8-95dc-458429c448f9", -- _0 : UNIQUE_ID
    0, -- _1 : INTEGER
    "00000000-0000-0000-0000-000000000000" -- _2 : UNIQUE_ID
);
INSERT INTO DIM_ELE VALUES (
    "927331ad-d65e-4e2c-8275-799133855e3a", -- _0 : UNIQUE_ID
    0, -- _1 : INTEGER
    "00000000-0000-0000-0000-000000000000" -- _2 : UNIQUE_ID
);
INSERT INTO DIM_ELE VALUES (
    "f4b5fb62-5881-41fe-a7aa-362c0a83fbaf", -- _0 : UNIQUE_ID
    0, -- _1 : INTEGER
    "00000000-0000-0000-0000-000000000000" -- _2 : UNIQUE_ID
);
INSERT INTO DIM_ELE VALUES (
    "e43671e1-17ed-4f7e-8d09-750416b4fc30", -- _0 : UNIQUE_ID
    0, -- _1 : INTEGER
    "00000000-0000-0000-0000-000000000000" -- _2 : UNIQUE_ID
);
INSERT INTO DIM_ELE VALUES (
    "e0078476-c9af-443d-a1ed-8e1dbda2db02", -- _0 : UNIQUE_ID
    0, -- _1 : INTEGER
    "00000000-0000-0000-0000-000000000000" -- _2 : UNIQUE_ID
);
INSERT INTO DIM_ELE VALUES (
    "d00d3a6b-a2cb-4ddd-b4c9-6a9646574955", -- _0 : UNIQUE_ID
    0, -- _1 : INTEGER
    "00000000-0000-0000-0000-000000000000" -- _2 : UNIQUE_ID
);
INSERT INTO DIM_ELE VALUES (
    "c0df5eaf-b872-434c-becc-ca967e6b1904", -- _0 : UNIQUE_ID
    0, -- _1 : INTEGER
    "00000000-0000-0000-0000-000000000000" -- _2 : UNIQUE_ID
);
INSERT INTO DIM_ELE VALUES (
    "c36dcfd8-6128-4ea6-8ada-504c4809dfa0", -- _0 : UNIQUE_ID
    0, -- _1 : INTEGER
    "00000000-0000-0000-0000-000000000000" -- _2 : UNIQUE_ID
);
INSERT INTO DIM_ELE VALUES (
    "e857f929-02d5-44f6-8679-6e70b8701630", -- _0 : UNIQUE_ID
    0, -- _1 : INTEGER
    "00000000-0000-0000-0000-000000000000" -- _2 : UNIQUE_ID
);
INSERT INTO DIM_ELE VALUES (
    "f0c15f86-db3b-40f5-889a-dff0c21c156f", -- _0 : UNIQUE_ID
    0, -- _1 : INTEGER
    "00000000-0000-0000-0000-000000000000" -- _2 : UNIQUE_ID
);
INSERT INTO DIM_ELE VALUES (
    "92ffb006-7e74-497e-b004-9458a6871f92", -- _0 : UNIQUE_ID
    0, -- _1 : INTEGER
    "00000000-0000-0000-0000-000000000000" -- _2 : UNIQUE_ID
);
INSERT INTO DIM_ELE VALUES (
    "adabfe16-42c0-4cd5-b08c-ee19f02b4594", -- _0 : UNIQUE_ID
    0, -- _1 : INTEGER
    "00000000-0000-0000-0000-000000000000" -- _2 : UNIQUE_ID
);
INSERT INTO DIM_ELE VALUES (
    "594d4f9b-9f7e-4f37-bfe3-c6ca309b2716", -- _0 : UNIQUE_ID
    0, -- _1 : INTEGER
    "00000000-0000-0000-0000-000000000000" -- _2 : UNIQUE_ID
);
INSERT INTO DIM_ELE VALUES (
    "665b84fa-f37e-4d1d-92ab-956821094a11", -- _0 : UNIQUE_ID
    0, -- _1 : INTEGER
    "00000000-0000-0000-0000-000000000000" -- _2 : UNIQUE_ID
);
INSERT INTO DIM_ELE VALUES (
    "92685918-1ab6-4a74-986e-8393ba8bf6b5", -- _0 : UNIQUE_ID
    0, -- _1 : INTEGER
    "00000000-0000-0000-0000-000000000000" -- _2 : UNIQUE_ID
);
INSERT INTO DIM_ELE VALUES (
    "eebc4a6a-cf5b-452d-a523-b9536407fb18", -- _0 : UNIQUE_ID
    0, -- _1 : INTEGER
    "00000000-0000-0000-0000-000000000000" -- _2 : UNIQUE_ID
);
INSERT INTO DIM_ELE VALUES (
    "ce6d8f53-1a3a-4ac1-bbda-f29ac3475992", -- _0 : UNIQUE_ID
    0, -- _1 : INTEGER
    "00000000-0000-0000-0000-000000000000" -- _2 : UNIQUE_ID
);
INSERT INTO DIM_ELE VALUES (
    "246f54b4-7a6f-4630-8c44-3d9cdf95e495", -- _0 : UNIQUE_ID
    0, -- _1 : INTEGER
    "00000000-0000-0000-0000-000000000000" -- _2 : UNIQUE_ID
);
INSERT INTO DIM_ELE VALUES (
    "6e85febf-a3f2-4df7-8712-a171a4921fd0", -- _0 : UNIQUE_ID
    0, -- _1 : INTEGER
    "00000000-0000-0000-0000-000000000000" -- _2 : UNIQUE_ID
);
INSERT INTO DIM_ELE VALUES (
    "c3a89d2e-fa90-4439-8ce1-f2f3990190fe", -- _0 : UNIQUE_ID
    0, -- _1 : INTEGER
    "00000000-0000-0000-0000-000000000000" -- _2 : UNIQUE_ID
);
INSERT INTO DIM_DIA VALUES (
    "2f6a7c9c-29f6-4d07-bc99-3518dd2d5fa1", -- _0 : UNIQUE_ID
    '', -- _1 : STRING
    1.000000, -- _2 : REAL
    0.000000, -- _3 : REAL
    0.000000, -- _4 : REAL
    "00000000-0000-0000-0000-000000000000" -- _5 : UNIQUE_ID
);
INSERT INTO DIM_DIA VALUES (
    "c583e9a1-e3ff-44b5-9b35-322ca643e77c", -- _0 : UNIQUE_ID
    '', -- _1 : STRING
    1.000000, -- _2 : REAL
    0.000000, -- _3 : REAL
    0.000000, -- _4 : REAL
    "00000000-0000-0000-0000-000000000000" -- _5 : UNIQUE_ID
);
INSERT INTO DIM_DIA VALUES (
    "aad0165c-b18e-4b9c-a99d-445fb7a93215", -- _0 : UNIQUE_ID
    '', -- _1 : STRING
    1.000000, -- _2 : REAL
    0.000000, -- _3 : REAL
    0.000000, -- _4 : REAL
    "00000000-0000-0000-0000-000000000000" -- _5 : UNIQUE_ID
);
INSERT INTO DIM_DIA VALUES (
    "5d4f79b5-79fc-4c52-b971-fa73cdd5585e", -- _0 : UNIQUE_ID
    '', -- _1 : STRING
    1.000000, -- _2 : REAL
    0.000000, -- _3 : REAL
    0.000000, -- _4 : REAL
    "00000000-0000-0000-0000-000000000000" -- _5 : UNIQUE_ID
);
INSERT INTO DIM_DIA VALUES (
    "59c17cd3-57f0-44ba-80bc-4fd79c863941", -- _0 : UNIQUE_ID
    '', -- _1 : STRING
    1.000000, -- _2 : REAL
    0.000000, -- _3 : REAL
    0.000000, -- _4 : REAL
    "00000000-0000-0000-0000-000000000000" -- _5 : UNIQUE_ID
);
INSERT INTO DIM_DIA VALUES (
    "192d2bad-eea3-4a0b-8334-4b7934242c6b", -- _0 : UNIQUE_ID
    '', -- _1 : STRING
    1.000000, -- _2 : REAL
    0.000000, -- _3 : REAL
    0.000000, -- _4 : REAL
    "00000000-0000-0000-0000-000000000000" -- _5 : UNIQUE_ID
);
INSERT INTO DIM_DIA VALUES (
    "8458b4a8-d1ae-46e5-8dd3-03126e082c37", -- _0 : UNIQUE_ID
    '', -- _1 : STRING
    1.000000, -- _2 : REAL
    0.000000, -- _3 : REAL
    0.000000, -- _4 : REAL
    "00000000-0000-0000-0000-000000000000" -- _5 : UNIQUE_ID
);
INSERT INTO DIM_DIA VALUES (
    "ee86ddd2-4d3a-47ec-8131-c5225c1bb12b", -- _0 : UNIQUE_ID
    '', -- _1 : STRING
    1.000000, -- _2 : REAL
    0.000000, -- _3 : REAL
    0.000000, -- _4 : REAL
    "00000000-0000-0000-0000-000000000000" -- _5 : UNIQUE_ID
);
INSERT INTO DIM_DIA VALUES (
    "99029f38-611e-4958-a86d-3e9e4ee3f7fc", -- _0 : UNIQUE_ID
    '', -- _1 : STRING
    1.000000, -- _2 : REAL
    0.000000, -- _3 : REAL
    0.000000, -- _4 : REAL
    "00000000-0000-0000-0000-000000000000" -- _5 : UNIQUE_ID
);
INSERT INTO DIM_DIA VALUES (
    "704fdc3f-4d4e-4da3-b3b7-7544b6f5fab6", -- _0 : UNIQUE_ID
    '', -- _1 : STRING
    1.000000, -- _2 : REAL
    0.000000, -- _3 : REAL
    0.000000, -- _4 : REAL
    "00000000-0000-0000-0000-000000000000" -- _5 : UNIQUE_ID
);
INSERT INTO DIM_DIA VALUES (
    "d2c8956e-9205-4462-9c1a-506047c0b912", -- _0 : UNIQUE_ID
    '', -- _1 : STRING
    1.000000, -- _2 : REAL
    0.000000, -- _3 : REAL
    0.000000, -- _4 : REAL
    "00000000-0000-0000-0000-000000000000" -- _5 : UNIQUE_ID
);
INSERT INTO DIM_DIA VALUES (
    "46a50ca9-1f9d-4de6-88c7-b09ee7ee7391", -- _0 : UNIQUE_ID
    '', -- _1 : STRING
    1.000000, -- _2 : REAL
    0.000000, -- _3 : REAL
    0.000000, -- _4 : REAL
    "00000000-0000-0000-0000-000000000000" -- _5 : UNIQUE_ID
);
INSERT INTO DIM_DIA VALUES (
    "41125cbf-38a6-44de-a9ab-3fa10c459399", -- _0 : UNIQUE_ID
    '', -- _1 : STRING
    1.000000, -- _2 : REAL
    0.000000, -- _3 : REAL
    0.000000, -- _4 : REAL
    "00000000-0000-0000-0000-000000000000" -- _5 : UNIQUE_ID
);
INSERT INTO DIM_DIA VALUES (
    "d6bffb76-b36d-41e2-9be7-8aff2f37cd03", -- _0 : UNIQUE_ID
    '', -- _1 : STRING
    1.000000, -- _2 : REAL
    0.000000, -- _3 : REAL
    0.000000, -- _4 : REAL
    "00000000-0000-0000-0000-000000000000" -- _5 : UNIQUE_ID
);
INSERT INTO DIM_DIA VALUES (
    "71b186b2-dcea-423f-839e-9b6a25f3e5b2", -- _0 : UNIQUE_ID
    '', -- _1 : STRING
    1.000000, -- _2 : REAL
    0.000000, -- _3 : REAL
    0.000000, -- _4 : REAL
    "00000000-0000-0000-0000-000000000000" -- _5 : UNIQUE_ID
);
INSERT INTO DIM_DIA VALUES (
    "1a44f04b-948a-4e43-9b12-e4439172ae27", -- _0 : UNIQUE_ID
    '', -- _1 : STRING
    1.000000, -- _2 : REAL
    0.000000, -- _3 : REAL
    0.000000, -- _4 : REAL
    "00000000-0000-0000-0000-000000000000" -- _5 : UNIQUE_ID
);
INSERT INTO DIM_DIA VALUES (
    "e16f3bab-481a-46b0-8b83-4541aeed00e9", -- _0 : UNIQUE_ID
    '', -- _1 : STRING
    1.000000, -- _2 : REAL
    0.000000, -- _3 : REAL
    0.000000, -- _4 : REAL
    "00000000-0000-0000-0000-000000000000" -- _5 : UNIQUE_ID
);
INSERT INTO DIM_DIA VALUES (
    "fdf02ff5-476f-4d4e-8467-c6902cdf72f0", -- _0 : UNIQUE_ID
    '', -- _1 : STRING
    1.000000, -- _2 : REAL
    0.000000, -- _3 : REAL
    0.000000, -- _4 : REAL
    "00000000-0000-0000-0000-000000000000" -- _5 : UNIQUE_ID
);
INSERT INTO DIM_CON VALUES (
    "be3afbbb-9614-4348-9abe-d65a332996e2", -- _0 : UNIQUE_ID
    200.000000, -- _1 : REAL
    78.000000, -- _2 : REAL
    "f5739c23-9126-43ad-9a1b-0f37c7e1dd94" -- _3 : UNIQUE_ID
);
INSERT INTO DIM_CON VALUES (
    "0efbf7f2-e258-44cc-aac7-de6197b38c9a", -- _0 : UNIQUE_ID
    200.000000, -- _1 : REAL
    84.000000, -- _2 : REAL
    "f5739c23-9126-43ad-9a1b-0f37c7e1dd94" -- _3 : UNIQUE_ID
);
INSERT INTO DIM_CON VALUES (
    "f93b1b8c-8f44-4b39-9222-6f2909c1f189", -- _0 : UNIQUE_ID
    5132.000000, -- _1 : REAL
    3502.000000, -- _2 : REAL
    "26ab6a35-97f1-49d5-ae78-5b9e619b0c16" -- _3 : UNIQUE_ID
);
INSERT INTO DIM_CON VALUES (
    "70cfb4cd-5d43-4e26-96ff-1dc7871d832a", -- _0 : UNIQUE_ID
    5132.000000, -- _1 : REAL
    3550.000000, -- _2 : REAL
    "26ab6a35-97f1-49d5-ae78-5b9e619b0c16" -- _3 : UNIQUE_ID
);
INSERT INTO DIM_CON VALUES (
    "19f929a7-dd88-4f7c-ba28-19bafd2b2425", -- _0 : UNIQUE_ID
    4212.000000, -- _1 : REAL
    3120.000000, -- _2 : REAL
    "35340b72-a698-43a9-950c-8ff984a45719" -- _3 : UNIQUE_ID
);
INSERT INTO DIM_CON VALUES (
    "42aa71b1-4371-4f7c-88df-aecba631557e", -- _0 : UNIQUE_ID
    4212.000000, -- _1 : REAL
    3264.000000, -- _2 : REAL
    "35340b72-a698-43a9-950c-8ff984a45719" -- _3 : UNIQUE_ID
);
INSERT INTO DIM_CON VALUES (
    "1de2b6c5-d0af-4ae6-bdc9-bf1b57b46c6e", -- _0 : UNIQUE_ID
    4284.000000, -- _1 : REAL
    3264.000000, -- _2 : REAL
    "35340b72-a698-43a9-950c-8ff984a45719" -- _3 : UNIQUE_ID
);
INSERT INTO DIM_CON VALUES (
    "6eb06ea3-8162-45d3-9afb-5d960670145b", -- _0 : UNIQUE_ID
    4320.000000, -- _1 : REAL
    3180.000000, -- _2 : REAL
    "35340b72-a698-43a9-950c-8ff984a45719" -- _3 : UNIQUE_ID
);
INSERT INTO DIM_CON VALUES (
    "ef043738-074f-4816-864f-62949b53ad0c", -- _0 : UNIQUE_ID
    4284.000000, -- _1 : REAL
    3264.000000, -- _2 : REAL
    "35340b72-a698-43a9-950c-8ff984a45719" -- _3 : UNIQUE_ID
);
INSERT INTO DIM_CON VALUES (
    "7f4cba57-c58a-4bb4-a48c-eb3232ea009f", -- _0 : UNIQUE_ID
    4320.000000, -- _1 : REAL
    3180.000000, -- _2 : REAL
    "35340b72-a698-43a9-950c-8ff984a45719" -- _3 : UNIQUE_ID
);
INSERT INTO DIM_CON VALUES (
    "28509a59-fd28-40c8-b808-d2bb84edfb45", -- _0 : UNIQUE_ID
    4296.000000, -- _1 : REAL
    3264.000000, -- _2 : REAL
    "35340b72-a698-43a9-950c-8ff984a45719" -- _3 : UNIQUE_ID
);
INSERT INTO DIM_CON VALUES (
    "6ba3ed56-2fe1-4a43-acb9-8d75df3517a8", -- _0 : UNIQUE_ID
    4320.000000, -- _1 : REAL
    3204.000000, -- _2 : REAL
    "35340b72-a698-43a9-950c-8ff984a45719" -- _3 : UNIQUE_ID
);
INSERT INTO DIM_CON VALUES (
    "0fa01b5c-33c9-40a3-951d-1a6293c6b9a7", -- _0 : UNIQUE_ID
    4320.000000, -- _1 : REAL
    3228.000000, -- _2 : REAL
    "35340b72-a698-43a9-950c-8ff984a45719" -- _3 : UNIQUE_ID
);
INSERT INTO DIM_CON VALUES (
    "a027429c-22bc-4a7f-8e82-dd5381836b0f", -- _0 : UNIQUE_ID
    4320.000000, -- _1 : REAL
    3180.000000, -- _2 : REAL
    "35340b72-a698-43a9-950c-8ff984a45719" -- _3 : UNIQUE_ID
);
INSERT INTO DIM_CON VALUES (
    "4744dd43-3b4c-4ea8-80a3-ea9adb0504e0", -- _0 : UNIQUE_ID
    4212.000000, -- _1 : REAL
    3324.000000, -- _2 : REAL
    "5a08134b-a95f-4abb-aa2d-4518a032e798" -- _3 : UNIQUE_ID
);
INSERT INTO DIM_CON VALUES (
    "c700114e-95b2-4e09-a6e9-ca2acea8bca9", -- _0 : UNIQUE_ID
    4622.000000, -- _1 : REAL
    3216.000000, -- _2 : REAL
    "eddfd0d8-cb75-47d8-99ce-5cdb9e99e5a1" -- _3 : UNIQUE_ID
);
INSERT INTO DIM_CON VALUES (
    "4b6eb0df-a579-480d-b351-0c9d0c36c7e4", -- _0 : UNIQUE_ID
    200.000000, -- _1 : REAL
    108.000000, -- _2 : REAL
    "f4b5fb62-5881-41fe-a7aa-362c0a83fbaf" -- _3 : UNIQUE_ID
);
INSERT INTO DIM_CON VALUES (
    "e5caefa0-3405-41e7-94b6-3adb0043cd3e", -- _0 : UNIQUE_ID
    4224.000000, -- _1 : REAL
    3228.000000, -- _2 : REAL
    "92ffb006-7e74-497e-b004-9458a6871f92" -- _3 : UNIQUE_ID
);
INSERT INTO DIM_CON VALUES (
    "fca0ec3d-df96-4e9d-be43-d9a183fb669a", -- _0 : UNIQUE_ID
    4416.000000, -- _1 : REAL
    3228.000000, -- _2 : REAL
    "adabfe16-42c0-4cd5-b08c-ee19f02b4594" -- _3 : UNIQUE_ID
);
INSERT INTO DIM_CON VALUES (
    "9a1664c8-f22d-4036-8780-8cd28e475a6d", -- _0 : UNIQUE_ID
    4308.000000, -- _1 : REAL
    3228.000000, -- _2 : REAL
    "eebc4a6a-cf5b-452d-a523-b9536407fb18" -- _3 : UNIQUE_ID
);
INSERT INTO GD_CON VALUES (
    "b7208601-6c1d-4a70-9874-af630427b85c", -- _0 : UNIQUE_ID
    "00000000-0000-0000-0000-000000000000" -- _1 : UNIQUE_ID
);
INSERT INTO GD_CON VALUES (
    "b982d6cf-9550-416f-8b35-312dcfff4b27", -- _0 : UNIQUE_ID
    "00000000-0000-0000-0000-000000000000" -- _1 : UNIQUE_ID
);
INSERT INTO GD_CON VALUES (
    "f84eae49-c82d-45b4-8c15-f2d7416b1878", -- _0 : UNIQUE_ID
    "00000000-0000-0000-0000-000000000000" -- _1 : UNIQUE_ID
);
INSERT INTO GD_CON VALUES (
    "432cc52d-be9e-4ae8-95dc-458429c448f9", -- _0 : UNIQUE_ID
    "00000000-0000-0000-0000-000000000000" -- _1 : UNIQUE_ID
);
INSERT INTO GD_CON VALUES (
    "c36dcfd8-6128-4ea6-8ada-504c4809dfa0", -- _0 : UNIQUE_ID
    "00000000-0000-0000-0000-000000000000" -- _1 : UNIQUE_ID
);
INSERT INTO GD_CON VALUES (
    "eebc4a6a-cf5b-452d-a523-b9536407fb18", -- _0 : UNIQUE_ID
    "00000000-0000-0000-0000-000000000000" -- _1 : UNIQUE_ID
);
INSERT INTO GD_CON VALUES (
    "c3a89d2e-fa90-4439-8ce1-f2f3990190fe", -- _0 : UNIQUE_ID
    "00000000-0000-0000-0000-000000000000" -- _1 : UNIQUE_ID
);
INSERT INTO GD_CTXT VALUES (
    "590f870e-b7ca-46f8-8500-ea6abcbb3010", -- _0 : UNIQUE_ID
    "b7208601-6c1d-4a70-9874-af630427b85c", -- _1 : UNIQUE_ID
    0, -- _2 : INTEGER
    0.000000, -- _3 : REAL
    0.000000 -- _4 : REAL
);
INSERT INTO GD_CTXT VALUES (
    "86402be8-bb4b-4376-a115-e699b0a52f11", -- _0 : UNIQUE_ID
    "b7208601-6c1d-4a70-9874-af630427b85c", -- _1 : UNIQUE_ID
    2, -- _2 : INTEGER
    0.000000, -- _3 : REAL
    0.000000 -- _4 : REAL
);
INSERT INTO GD_CTXT VALUES (
    "29676bb3-3870-4ca6-9e12-5289bcd5ae93", -- _0 : UNIQUE_ID
    "b7208601-6c1d-4a70-9874-af630427b85c", -- _1 : UNIQUE_ID
    1, -- _2 : INTEGER
    0.000000, -- _3 : REAL
    0.000000 -- _4 : REAL
);
INSERT INTO GD_CTXT VALUES (
    "dd27e626-43d7-4efd-a5c2-8d0834432a8c", -- _0 : UNIQUE_ID
    "b982d6cf-9550-416f-8b35-312dcfff4b27", -- _1 : UNIQUE_ID
    0, -- _2 : INTEGER
    0.000000, -- _3 : REAL
    0.000000 -- _4 : REAL
);
INSERT INTO GD_CTXT VALUES (
    "5d418687-f480-4153-b7b2-76bb769b9fc0", -- _0 : UNIQUE_ID
    "b982d6cf-9550-416f-8b35-312dcfff4b27", -- _1 : UNIQUE_ID
    2, -- _2 : INTEGER
    0.000000, -- _3 : REAL
    0.000000 -- _4 : REAL
);
INSERT INTO GD_CTXT VALUES (
    "efaa4664-7a69-4f7b-83fc-13965abcd008", -- _0 : UNIQUE_ID
    "b982d6cf-9550-416f-8b35-312dcfff4b27", -- _1 : UNIQUE_ID
    1, -- _2 : INTEGER
    0.000000, -- _3 : REAL
    0.000000 -- _4 : REAL
);
INSERT INTO GD_CTXT VALUES (
    "b104e90c-22a4-4384-ae44-fa9fd90e0427", -- _0 : UNIQUE_ID
    "f84eae49-c82d-45b4-8c15-f2d7416b1878", -- _1 : UNIQUE_ID
    0, -- _2 : INTEGER
    0.000000, -- _3 : REAL
    0.000000 -- _4 : REAL
);
INSERT INTO GD_CTXT VALUES (
    "32905cb4-f5ac-4f79-b6f5-2be5d4b5281f", -- _0 : UNIQUE_ID
    "f84eae49-c82d-45b4-8c15-f2d7416b1878", -- _1 : UNIQUE_ID
    2, -- _2 : INTEGER
    0.000000, -- _3 : REAL
    0.000000 -- _4 : REAL
);
INSERT INTO GD_CTXT VALUES (
    "410044bf-19d9-45a8-b93f-69d0ee61b173", -- _0 : UNIQUE_ID
    "f84eae49-c82d-45b4-8c15-f2d7416b1878", -- _1 : UNIQUE_ID
    1, -- _2 : INTEGER
    0.000000, -- _3 : REAL
    0.000000 -- _4 : REAL
);
INSERT INTO GD_CTXT VALUES (
    "8d496faf-0f8e-45af-8581-e81ee4bb69b1", -- _0 : UNIQUE_ID
    "432cc52d-be9e-4ae8-95dc-458429c448f9", -- _1 : UNIQUE_ID
    0, -- _2 : INTEGER
    0.000000, -- _3 : REAL
    0.000000 -- _4 : REAL
);
INSERT INTO GD_CTXT VALUES (
    "22e09dc6-f6a7-4be9-aecf-b6a614fd9b11", -- _0 : UNIQUE_ID
    "432cc52d-be9e-4ae8-95dc-458429c448f9", -- _1 : UNIQUE_ID
    2, -- _2 : INTEGER
    0.000000, -- _3 : REAL
    0.000000 -- _4 : REAL
);
INSERT INTO GD_CTXT VALUES (
    "2b6dbeea-9dc2-420f-9501-a507c9568a2c", -- _0 : UNIQUE_ID
    "432cc52d-be9e-4ae8-95dc-458429c448f9", -- _1 : UNIQUE_ID
    1, -- _2 : INTEGER
    0.000000, -- _3 : REAL
    0.000000 -- _4 : REAL
);
INSERT INTO GD_CTXT VALUES (
    "e0078476-c9af-443d-a1ed-8e1dbda2db02", -- _0 : UNIQUE_ID
    "c36dcfd8-6128-4ea6-8ada-504c4809dfa0", -- _1 : UNIQUE_ID
    0, -- _2 : INTEGER
    0.000000, -- _3 : REAL
    0.000000 -- _4 : REAL
);
INSERT INTO GD_CTXT VALUES (
    "d00d3a6b-a2cb-4ddd-b4c9-6a9646574955", -- _0 : UNIQUE_ID
    "c36dcfd8-6128-4ea6-8ada-504c4809dfa0", -- _1 : UNIQUE_ID
    2, -- _2 : INTEGER
    0.000000, -- _3 : REAL
    0.000000 -- _4 : REAL
);
INSERT INTO GD_CTXT VALUES (
    "c0df5eaf-b872-434c-becc-ca967e6b1904", -- _0 : UNIQUE_ID
    "c36dcfd8-6128-4ea6-8ada-504c4809dfa0", -- _1 : UNIQUE_ID
    1, -- _2 : INTEGER
    0.000000, -- _3 : REAL
    0.000000 -- _4 : REAL
);
INSERT INTO GD_CTXT VALUES (
    "594d4f9b-9f7e-4f37-bfe3-c6ca309b2716", -- _0 : UNIQUE_ID
    "eebc4a6a-cf5b-452d-a523-b9536407fb18", -- _1 : UNIQUE_ID
    0, -- _2 : INTEGER
    0.000000, -- _3 : REAL
    0.000000 -- _4 : REAL
);
INSERT INTO GD_CTXT VALUES (
    "665b84fa-f37e-4d1d-92ab-956821094a11", -- _0 : UNIQUE_ID
    "eebc4a6a-cf5b-452d-a523-b9536407fb18", -- _1 : UNIQUE_ID
    2, -- _2 : INTEGER
    0.000000, -- _3 : REAL
    0.000000 -- _4 : REAL
);
INSERT INTO GD_CTXT VALUES (
    "92685918-1ab6-4a74-986e-8393ba8bf6b5", -- _0 : UNIQUE_ID
    "eebc4a6a-cf5b-452d-a523-b9536407fb18", -- _1 : UNIQUE_ID
    1, -- _2 : INTEGER
    0.000000, -- _3 : REAL
    0.000000 -- _4 : REAL
);
INSERT INTO GD_CTXT VALUES (
    "ce6d8f53-1a3a-4ac1-bbda-f29ac3475992", -- _0 : UNIQUE_ID
    "c3a89d2e-fa90-4439-8ce1-f2f3990190fe", -- _1 : UNIQUE_ID
    0, -- _2 : INTEGER
    0.000000, -- _3 : REAL
    0.000000 -- _4 : REAL
);
INSERT INTO GD_CTXT VALUES (
    "246f54b4-7a6f-4630-8c44-3d9cdf95e495", -- _0 : UNIQUE_ID
    "c3a89d2e-fa90-4439-8ce1-f2f3990190fe", -- _1 : UNIQUE_ID
    2, -- _2 : INTEGER
    0.000000, -- _3 : REAL
    0.000000 -- _4 : REAL
);
INSERT INTO GD_CTXT VALUES (
    "6e85febf-a3f2-4df7-8712-a171a4921fd0", -- _0 : UNIQUE_ID
    "c3a89d2e-fa90-4439-8ce1-f2f3990190fe", -- _1 : UNIQUE_ID
    1, -- _2 : INTEGER
    0.000000, -- _3 : REAL
    0.000000 -- _4 : REAL
);
INSERT INTO GD_LS VALUES (
    "c3a8cefd-7e1d-40d9-8852-ead8d43d784f", -- _0 : UNIQUE_ID
    "b7208601-6c1d-4a70-9874-af630427b85c", -- _1 : UNIQUE_ID
    "00000000-0000-0000-0000-000000000000", -- _2 : UNIQUE_ID
    "03071865-9138-4185-85ae-5afdb9dc8f21", -- _3 : UNIQUE_ID
    "c68024c6-46f4-447f-a454-eef60f379332" -- _4 : UNIQUE_ID
);
INSERT INTO GD_LS VALUES (
    "a8855c2c-a054-41c5-bc1b-c8c7f2cd8deb", -- _0 : UNIQUE_ID
    "b982d6cf-9550-416f-8b35-312dcfff4b27", -- _1 : UNIQUE_ID
    "00000000-0000-0000-0000-000000000000", -- _2 : UNIQUE_ID
    "3026dadb-8c79-4e5d-86b8-1827ce7d8f4c", -- _3 : UNIQUE_ID
    "a6cb29a1-037c-4f58-9bf7-9ca75d42446d" -- _4 : UNIQUE_ID
);
INSERT INTO GD_LS VALUES (
    "9e4988ed-223c-4fdf-9ddb-6fc64bf620b9", -- _0 : UNIQUE_ID
    "f84eae49-c82d-45b4-8c15-f2d7416b1878", -- _1 : UNIQUE_ID
    "00000000-0000-0000-0000-000000000000", -- _2 : UNIQUE_ID
    "f2d7763f-98c3-4817-ad6b-12a20947a15f", -- _3 : UNIQUE_ID
    "c662d64a-d017-4e42-beef-cf1e2c2a676f" -- _4 : UNIQUE_ID
);
INSERT INTO GD_LS VALUES (
    "d6b6c99b-2aa7-4f9e-bb9a-edca053d80a5", -- _0 : UNIQUE_ID
    "432cc52d-be9e-4ae8-95dc-458429c448f9", -- _1 : UNIQUE_ID
    "00000000-0000-0000-0000-000000000000", -- _2 : UNIQUE_ID
    "70c20583-35bc-46bf-917c-735390f79e3d", -- _3 : UNIQUE_ID
    "d79e4407-2609-4f12-ad8a-ea62b2b73929" -- _4 : UNIQUE_ID
);
INSERT INTO GD_LS VALUES (
    "3da1c85d-417e-418f-979f-33fcaff5e17c", -- _0 : UNIQUE_ID
    "c36dcfd8-6128-4ea6-8ada-504c4809dfa0", -- _1 : UNIQUE_ID
    "00000000-0000-0000-0000-000000000000", -- _2 : UNIQUE_ID
    "727d6e93-9dc1-4478-8494-0caa0abbc891", -- _3 : UNIQUE_ID
    "b6b1bfb5-9ad1-4ab9-bf02-27c75969057f" -- _4 : UNIQUE_ID
);
INSERT INTO GD_LS VALUES (
    "c923b7f9-469d-4b77-9f53-0b705877d799", -- _0 : UNIQUE_ID
    "eebc4a6a-cf5b-452d-a523-b9536407fb18", -- _1 : UNIQUE_ID
    "00000000-0000-0000-0000-000000000000", -- _2 : UNIQUE_ID
    "a7952182-6a95-4d7a-b049-f4c5f2c8ab49", -- _3 : UNIQUE_ID
    "a7e94fc8-d50b-4f42-80ce-4ab0dcb8800c" -- _4 : UNIQUE_ID
);
INSERT INTO GD_LS VALUES (
    "c8d05d42-914f-4c5a-8d57-a7f73a47b955", -- _0 : UNIQUE_ID
    "c3a89d2e-fa90-4439-8ce1-f2f3990190fe", -- _1 : UNIQUE_ID
    "00000000-0000-0000-0000-000000000000", -- _2 : UNIQUE_ID
    "d154006f-191b-492c-9e96-6d1b4a6ffb90", -- _3 : UNIQUE_ID
    "afac585d-cac2-49ea-9a4a-ffc43eab5cd0" -- _4 : UNIQUE_ID
);
INSERT INTO DIM_WAY VALUES (
    "03071865-9138-4185-85ae-5afdb9dc8f21", -- _0 : UNIQUE_ID
    200.000000, -- _1 : REAL
    84.000000, -- _2 : REAL
    "b7208601-6c1d-4a70-9874-af630427b85c", -- _3 : UNIQUE_ID
    "00000000-0000-0000-0000-000000000000", -- _4 : UNIQUE_ID
    "00000000-0000-0000-0000-000000000000" -- _5 : UNIQUE_ID
);
INSERT INTO DIM_WAY VALUES (
    "c68024c6-46f4-447f-a454-eef60f379332", -- _0 : UNIQUE_ID
    275.000000, -- _1 : REAL
    84.000000, -- _2 : REAL
    "b7208601-6c1d-4a70-9874-af630427b85c", -- _3 : UNIQUE_ID
    "00000000-0000-0000-0000-000000000000", -- _4 : UNIQUE_ID
    "03071865-9138-4185-85ae-5afdb9dc8f21" -- _5 : UNIQUE_ID
);
INSERT INTO DIM_WAY VALUES (
    "3026dadb-8c79-4e5d-86b8-1827ce7d8f4c", -- _0 : UNIQUE_ID
    5132.000000, -- _1 : REAL
    3550.000000, -- _2 : REAL
    "b982d6cf-9550-416f-8b35-312dcfff4b27", -- _3 : UNIQUE_ID
    "00000000-0000-0000-0000-000000000000", -- _4 : UNIQUE_ID
    "00000000-0000-0000-0000-000000000000" -- _5 : UNIQUE_ID
);
INSERT INTO DIM_WAY VALUES (
    "a6cb29a1-037c-4f58-9bf7-9ca75d42446d", -- _0 : UNIQUE_ID
    5207.000000, -- _1 : REAL
    3550.000000, -- _2 : REAL
    "b982d6cf-9550-416f-8b35-312dcfff4b27", -- _3 : UNIQUE_ID
    "00000000-0000-0000-0000-000000000000", -- _4 : UNIQUE_ID
    "3026dadb-8c79-4e5d-86b8-1827ce7d8f4c" -- _5 : UNIQUE_ID
);
INSERT INTO DIM_WAY VALUES (
    "f2d7763f-98c3-4817-ad6b-12a20947a15f", -- _0 : UNIQUE_ID
    4212.000000, -- _1 : REAL
    3264.000000, -- _2 : REAL
    "f84eae49-c82d-45b4-8c15-f2d7416b1878", -- _3 : UNIQUE_ID
    "00000000-0000-0000-0000-000000000000", -- _4 : UNIQUE_ID
    "00000000-0000-0000-0000-000000000000" -- _5 : UNIQUE_ID
);
INSERT INTO DIM_WAY VALUES (
    "c662d64a-d017-4e42-beef-cf1e2c2a676f", -- _0 : UNIQUE_ID
    4212.000000, -- _1 : REAL
    3324.000000, -- _2 : REAL
    "f84eae49-c82d-45b4-8c15-f2d7416b1878", -- _3 : UNIQUE_ID
    "00000000-0000-0000-0000-000000000000", -- _4 : UNIQUE_ID
    "f2d7763f-98c3-4817-ad6b-12a20947a15f" -- _5 : UNIQUE_ID
);
INSERT INTO DIM_WAY VALUES (
    "70c20583-35bc-46bf-917c-735390f79e3d", -- _0 : UNIQUE_ID
    4622.000000, -- _1 : REAL
    3216.000000, -- _2 : REAL
    "432cc52d-be9e-4ae8-95dc-458429c448f9", -- _3 : UNIQUE_ID
    "00000000-0000-0000-0000-000000000000", -- _4 : UNIQUE_ID
    "00000000-0000-0000-0000-000000000000" -- _5 : UNIQUE_ID
);
INSERT INTO DIM_WAY VALUES (
    "d79e4407-2609-4f12-ad8a-ea62b2b73929", -- _0 : UNIQUE_ID
    4704.000000, -- _1 : REAL
    3216.000000, -- _2 : REAL
    "432cc52d-be9e-4ae8-95dc-458429c448f9", -- _3 : UNIQUE_ID
    "00000000-0000-0000-0000-000000000000", -- _4 : UNIQUE_ID
    "70c20583-35bc-46bf-917c-735390f79e3d" -- _5 : UNIQUE_ID
);
INSERT INTO DIM_WAY VALUES (
    "727d6e93-9dc1-4478-8494-0caa0abbc891", -- _0 : UNIQUE_ID
    200.000000, -- _1 : REAL
    108.000000, -- _2 : REAL
    "c36dcfd8-6128-4ea6-8ada-504c4809dfa0", -- _3 : UNIQUE_ID
    "00000000-0000-0000-0000-000000000000", -- _4 : UNIQUE_ID
    "00000000-0000-0000-0000-000000000000" -- _5 : UNIQUE_ID
);
INSERT INTO DIM_WAY VALUES (
    "b6b1bfb5-9ad1-4ab9-bf02-27c75969057f", -- _0 : UNIQUE_ID
    275.000000, -- _1 : REAL
    108.000000, -- _2 : REAL
    "c36dcfd8-6128-4ea6-8ada-504c4809dfa0", -- _3 : UNIQUE_ID
    "00000000-0000-0000-0000-000000000000", -- _4 : UNIQUE_ID
    "727d6e93-9dc1-4478-8494-0caa0abbc891" -- _5 : UNIQUE_ID
);
INSERT INTO DIM_WAY VALUES (
    "a7952182-6a95-4d7a-b049-f4c5f2c8ab49", -- _0 : UNIQUE_ID
    4224.000000, -- _1 : REAL
    3228.000000, -- _2 : REAL
    "eebc4a6a-cf5b-452d-a523-b9536407fb18", -- _3 : UNIQUE_ID
    "00000000-0000-0000-0000-000000000000", -- _4 : UNIQUE_ID
    "00000000-0000-0000-0000-000000000000" -- _5 : UNIQUE_ID
);
INSERT INTO DIM_WAY VALUES (
    "a7e94fc8-d50b-4f42-80ce-4ab0dcb8800c", -- _0 : UNIQUE_ID
    4308.000000, -- _1 : REAL
    3228.000000, -- _2 : REAL
    "eebc4a6a-cf5b-452d-a523-b9536407fb18", -- _3 : UNIQUE_ID
    "00000000-0000-0000-0000-000000000000", -- _4 : UNIQUE_ID
    "a7952182-6a95-4d7a-b049-f4c5f2c8ab49" -- _5 : UNIQUE_ID
);
INSERT INTO DIM_WAY VALUES (
    "d154006f-191b-492c-9e96-6d1b4a6ffb90", -- _0 : UNIQUE_ID
    4416.000000, -- _1 : REAL
    3228.000000, -- _2 : REAL
    "c3a89d2e-fa90-4439-8ce1-f2f3990190fe", -- _3 : UNIQUE_ID
    "00000000-0000-0000-0000-000000000000", -- _4 : UNIQUE_ID
    "00000000-0000-0000-0000-000000000000" -- _5 : UNIQUE_ID
);
INSERT INTO DIM_WAY VALUES (
    "afac585d-cac2-49ea-9a4a-ffc43eab5cd0", -- _0 : UNIQUE_ID
    4308.000000, -- _1 : REAL
    3228.000000, -- _2 : REAL
    "c3a89d2e-fa90-4439-8ce1-f2f3990190fe", -- _3 : UNIQUE_ID
    "00000000-0000-0000-0000-000000000000", -- _4 : UNIQUE_ID
    "d154006f-191b-492c-9e96-6d1b4a6ffb90" -- _5 : UNIQUE_ID
);
INSERT INTO DIM_ED VALUES (
    "0efbf7f2-e258-44cc-aac7-de6197b38c9a", -- _0 : UNIQUE_ID
    "00000000-0000-0000-0000-000000000000", -- _1 : UNIQUE_ID
    "b7208601-6c1d-4a70-9874-af630427b85c" -- _2 : UNIQUE_ID
);
INSERT INTO DIM_ED VALUES (
    "70cfb4cd-5d43-4e26-96ff-1dc7871d832a", -- _0 : UNIQUE_ID
    "00000000-0000-0000-0000-000000000000", -- _1 : UNIQUE_ID
    "b982d6cf-9550-416f-8b35-312dcfff4b27" -- _2 : UNIQUE_ID
);
INSERT INTO DIM_ED VALUES (
    "42aa71b1-4371-4f7c-88df-aecba631557e", -- _0 : UNIQUE_ID
    "4744dd43-3b4c-4ea8-80a3-ea9adb0504e0", -- _1 : UNIQUE_ID
    "f84eae49-c82d-45b4-8c15-f2d7416b1878" -- _2 : UNIQUE_ID
);
INSERT INTO DIM_ED VALUES (
    "c700114e-95b2-4e09-a6e9-ca2acea8bca9", -- _0 : UNIQUE_ID
    "00000000-0000-0000-0000-000000000000", -- _1 : UNIQUE_ID
    "432cc52d-be9e-4ae8-95dc-458429c448f9" -- _2 : UNIQUE_ID
);
INSERT INTO DIM_ED VALUES (
    "4b6eb0df-a579-480d-b351-0c9d0c36c7e4", -- _0 : UNIQUE_ID
    "00000000-0000-0000-0000-000000000000", -- _1 : UNIQUE_ID
    "c36dcfd8-6128-4ea6-8ada-504c4809dfa0" -- _2 : UNIQUE_ID
);
INSERT INTO DIM_ED VALUES (
    "e5caefa0-3405-41e7-94b6-3adb0043cd3e", -- _0 : UNIQUE_ID
    "00000000-0000-0000-0000-000000000000", -- _1 : UNIQUE_ID
    "eebc4a6a-cf5b-452d-a523-b9536407fb18" -- _2 : UNIQUE_ID
);
INSERT INTO DIM_ED VALUES (
    "fca0ec3d-df96-4e9d-be43-d9a183fb669a", -- _0 : UNIQUE_ID
    "9a1664c8-f22d-4036-8780-8cd28e475a6d", -- _1 : UNIQUE_ID
    "c3a89d2e-fa90-4439-8ce1-f2f3990190fe" -- _2 : UNIQUE_ID
);
INSERT INTO GD_CTR VALUES (
    "26ab6a35-97f1-49d5-ae78-5b9e619b0c16" -- _0 : UNIQUE_ID
);
INSERT INTO GD_CTR VALUES (
    "eddfd0d8-cb75-47d8-99ce-5cdb9e99e5a1" -- _0 : UNIQUE_ID
);
INSERT INTO C_EP_PROXY VALUES (
    "be4e38a9-c84b-44ce-a173-d57405caeeca", -- _0 : UNIQUE_ID
    "102214df-1d03-428f-9eb8-5c5ce18bfdae", -- _1 : UNIQUE_ID
    -1, -- _2 : INTEGER
    'New', -- _3 : STRING
    '', -- _4 : STRING
    '../../../../../HRUI/models/HRUI/UI/Shared/EP/EP.xtuml' -- _5 : STRING
);
INSERT INTO C_EP_PROXY VALUES (
    "f83ecd5c-00bd-42d1-a795-2868eba34aec", -- _0 : UNIQUE_ID
    "102214df-1d03-428f-9eb8-5c5ce18bfdae", -- _1 : UNIQUE_ID
    -1, -- _2 : INTEGER
    'Reply', -- _3 : STRING
    '', -- _4 : STRING
    '../../../../../HRUI/models/HRUI/UI/Shared/EP/EP.xtuml' -- _5 : STRING
);
INSERT INTO C_EP_PROXY VALUES (
    "dd791a09-c8bd-4868-8174-4726cea8e2d3", -- _0 : UNIQUE_ID
    "102214df-1d03-428f-9eb8-5c5ce18bfdae", -- _1 : UNIQUE_ID
    -1, -- _2 : INTEGER
    'Start', -- _3 : STRING
    '', -- _4 : STRING
    '../../../../../HRUI/models/HRUI/UI/Shared/EP/EP.xtuml' -- _5 : STRING
);
INSERT INTO C_EP_PROXY VALUES (
    "be4e38a9-c84b-44ce-a173-d57405caeeca", -- _0 : UNIQUE_ID
    "102214df-1d03-428f-9eb8-5c5ce18bfdae", -- _1 : UNIQUE_ID
    -1, -- _2 : INTEGER
    'New', -- _3 : STRING
    '', -- _4 : STRING
    '../Shared/EP/EP.xtuml' -- _5 : STRING
);
INSERT INTO C_EP_PROXY VALUES (
    "f83ecd5c-00bd-42d1-a795-2868eba34aec", -- _0 : UNIQUE_ID
    "102214df-1d03-428f-9eb8-5c5ce18bfdae", -- _1 : UNIQUE_ID
    -1, -- _2 : INTEGER
    'Reply', -- _3 : STRING
    '', -- _4 : STRING
    '../Shared/EP/EP.xtuml' -- _5 : STRING
);
INSERT INTO C_EP_PROXY VALUES (
    "dd791a09-c8bd-4868-8174-4726cea8e2d3", -- _0 : UNIQUE_ID
    "102214df-1d03-428f-9eb8-5c5ce18bfdae", -- _1 : UNIQUE_ID
    -1, -- _2 : INTEGER
    'Start', -- _3 : STRING
    '', -- _4 : STRING
    '../Shared/EP/EP.xtuml' -- _5 : STRING
);
INSERT INTO C_I_PROXY VALUES (
    "102214df-1d03-428f-9eb8-5c5ce18bfdae", -- _0 : UNIQUE_ID
    "00000000-0000-0000-0000-000000000000", -- _1 : UNIQUE_ID
    'EP', -- _2 : STRING
    '', -- _3 : STRING
    '../../../../../HRUI/models/HRUI/UI/Shared/EP/EP.xtuml' -- _4 : STRING
);
INSERT INTO C_I_PROXY VALUES (
    "102214df-1d03-428f-9eb8-5c5ce18bfdae", -- _0 : UNIQUE_ID
    "00000000-0000-0000-0000-000000000000", -- _1 : UNIQUE_ID
    'EP', -- _2 : STRING
    '', -- _3 : STRING
    '../Shared/EP/EP.xtuml' -- _4 : STRING
);
INSERT INTO EP_PKG_PROXY VALUES (
    "c26641d6-6bfe-4fa5-b78d-533f6fb8d396", -- _0 : UNIQUE_ID
    "ccdb2e52-76fc-4422-936f-a0239fd9d106", -- _1 : UNIQUE_ID
    "ccdb2e52-76fc-4422-936f-a0239fd9d106", -- _2 : UNIQUE_ID
    'hrm', -- _3 : STRING
    '', -- _4 : STRING
    0, -- _5 : INTEGER
    '../hrm.xtuml' -- _6 : STRING
);
INSERT INTO EP_PKG_PROXY VALUES (
    "fdd8efa1-97d4-4adc-a67d-1fb0bd49373b", -- _0 : UNIQUE_ID
    "00000000-0000-0000-0000-000000000000", -- _1 : UNIQUE_ID
    "ccdb2e52-76fc-4422-936f-a0239fd9d106", -- _2 : UNIQUE_ID
    'main', -- _3 : STRING
    '', -- _4 : STRING
    0, -- _5 : INTEGER
    '../main.xtuml' -- _6 : STRING
);
INSERT INTO EP_PKG_PROXY VALUES (
    "2ac1b93e-087c-4999-856e-c988c703dec6", -- _0 : UNIQUE_ID
    "46564f98-385d-43d9-876a-ca551a77e802", -- _1 : UNIQUE_ID
    "46564f98-385d-43d9-876a-ca551a77e802", -- _2 : UNIQUE_ID
    'UI', -- _3 : STRING
    '', -- _4 : STRING
    0, -- _5 : INTEGER
    '../UI.xtuml' -- _6 : STRING
);
INSERT INTO EP_PKG_PROXY VALUES (
    "2ac1b93e-087c-4999-856e-c988c703dec6", -- _0 : UNIQUE_ID
    "46564f98-385d-43d9-876a-ca551a77e802", -- _1 : UNIQUE_ID
    "46564f98-385d-43d9-876a-ca551a77e802", -- _2 : UNIQUE_ID
    'UI', -- _3 : STRING
    '', -- _4 : STRING
    0, -- _5 : INTEGER
    '../UI.xtuml' -- _6 : STRING
);
INSERT INTO EP_PKG_PROXY VALUES (
    "941213f0-4346-48d9-89fe-196761630487", -- _0 : UNIQUE_ID
    "00000000-0000-0000-0000-000000000000", -- _1 : UNIQUE_ID
    "46564f98-385d-43d9-876a-ca551a77e802", -- _2 : UNIQUE_ID
    'Shared', -- _3 : STRING
    '', -- _4 : STRING
    0, -- _5 : INTEGER
    '../Shared.xtuml' -- _6 : STRING
);
INSERT INTO C_C_PROXY VALUES (
    "8e4782c3-9567-4154-87b3-67069634e7a5", -- _0 : UNIQUE_ID
    "00000000-0000-0000-0000-000000000000", -- _1 : UNIQUE_ID
    "00000000-0000-0000-0000-000000000000", -- _2 : UNIQUE_ID
    'hr', -- _3 : STRING
    '', -- _4 : STRING
    0, -- _5 : INTEGER
    "00000000-0000-0000-0000-000000000000", -- _6 : UNIQUE_ID
    0, -- _7 : INTEGER
    '', -- _8 : STRING
    '../hr.xtuml' -- _9 : STRING
);
INSERT INTO C_C_PROXY VALUES (
    "d81dc79e-6692-4a39-b6d9-f5fc0b765726", -- _0 : UNIQUE_ID
    "00000000-0000-0000-0000-000000000000", -- _1 : UNIQUE_ID
    "00000000-0000-0000-0000-000000000000", -- _2 : UNIQUE_ID
    'UI', -- _3 : STRING
    '', -- _4 : STRING
    0, -- _5 : INTEGER
    "00000000-0000-0000-0000-000000000000", -- _6 : UNIQUE_ID
    0, -- _7 : INTEGER
    '', -- _8 : STRING
    '../UI.xtuml' -- _9 : STRING
);
INSERT INTO C_C_PROXY VALUES (
    "8e4782c3-9567-4154-87b3-67069634e7a5", -- _0 : UNIQUE_ID
    "00000000-0000-0000-0000-000000000000", -- _1 : UNIQUE_ID
    "00000000-0000-0000-0000-000000000000", -- _2 : UNIQUE_ID
    'hr', -- _3 : STRING
    '', -- _4 : STRING
    0, -- _5 : INTEGER
    "00000000-0000-0000-0000-000000000000", -- _6 : UNIQUE_ID
    0, -- _7 : INTEGER
    '', -- _8 : STRING
    '../../../../dhrm/models/dhrm/hrm/hr/hr.xtuml' -- _9 : STRING
);
INSERT INTO C_C_PROXY VALUES (
    "d81dc79e-6692-4a39-b6d9-f5fc0b765726", -- _0 : UNIQUE_ID
    "00000000-0000-0000-0000-000000000000", -- _1 : UNIQUE_ID
    "00000000-0000-0000-0000-000000000000", -- _2 : UNIQUE_ID
    'UI', -- _3 : STRING
    '', -- _4 : STRING
    0, -- _5 : INTEGER
    "00000000-0000-0000-0000-000000000000", -- _6 : UNIQUE_ID
    0, -- _7 : INTEGER
    '', -- _8 : STRING
    '../../../../UIHR/models/UIHR/UIHR/UI/UI.xtuml' -- _9 : STRING
);
INSERT INTO O_OBJ_PROXY VALUES (
    "d8528470-976c-421b-a087-1201ac24302f", -- _0 : UNIQUE_ID
    'Employee', -- _1 : STRING
    1, -- _2 : INTEGER
    'Employee', -- _3 : STRING
    '', -- _4 : STRING
    "00000000-0000-0000-0000-000000000000", -- _5 : UNIQUE_ID
    '../Employee.xtuml' -- _6 : STRING
);
INSERT INTO GD_AOS VALUES (
    "9a1664c8-f22d-4036-8780-8cd28e475a6d", -- _0 : UNIQUE_ID
    "c923b7f9-469d-4b77-9f53-0b705877d799" -- _1 : UNIQUE_ID
);
INSERT INTO C_IR_PROXY VALUES (
    "e211a314-f4cf-4d96-ab5d-86594500f9c9", -- _0 : UNIQUE_ID
    "102214df-1d03-428f-9eb8-5c5ce18bfdae", -- _1 : UNIQUE_ID
    "00000000-0000-0000-0000-000000000000", -- _2 : UNIQUE_ID
    "498d117c-4422-44a6-af7e-6cb02ada65c5", -- _3 : UNIQUE_ID
    '../../../../dhrm/models/dhrm/hrm/hr/hr.xtuml' -- _4 : STRING
);
INSERT INTO C_IR_PROXY VALUES (
    "3c565891-207b-4f8f-906f-7a28c50fa9aa", -- _0 : UNIQUE_ID
    "102214df-1d03-428f-9eb8-5c5ce18bfdae", -- _1 : UNIQUE_ID
    "00000000-0000-0000-0000-000000000000", -- _2 : UNIQUE_ID
    "d8aeacb7-ad9c-4082-9867-d8dc363f53b7", -- _3 : UNIQUE_ID
    '../../../../UIHR/models/UIHR/UIHR/UI/UI.xtuml' -- _4 : STRING
);
INSERT INTO C_PO_PROXY VALUES (
    "498d117c-4422-44a6-af7e-6cb02ada65c5", -- _0 : UNIQUE_ID
    "8e4782c3-9567-4154-87b3-67069634e7a5", -- _1 : UNIQUE_ID
    'UI', -- _2 : STRING
    0, -- _3 : INTEGER
    0, -- _4 : INTEGER
    '../../../../dhrm/models/dhrm/hrm/hr/hr.xtuml' -- _5 : STRING
);
INSERT INTO C_PO_PROXY VALUES (
    "d8aeacb7-ad9c-4082-9867-d8dc363f53b7", -- _0 : UNIQUE_ID
    "d81dc79e-6692-4a39-b6d9-f5fc0b765726", -- _1 : UNIQUE_ID
    'App', -- _2 : STRING
    0, -- _3 : INTEGER
    0, -- _4 : INTEGER
    '../../../../UIHR/models/UIHR/UIHR/UI/UI.xtuml' -- _5 : STRING
);
INSERT INTO C_R_PROXY VALUES (
    "3c565891-207b-4f8f-906f-7a28c50fa9aa", -- _0 : UNIQUE_ID
    'EP', -- _1 : STRING
    '', -- _2 : STRING
    'HRApp', -- _3 : STRING
    'UI::App::EP', -- _4 : STRING
    '../../../../UIHR/models/UIHR/UIHR/UI/UI.xtuml' -- _5 : STRING
);
INSERT INTO C_P_PROXY VALUES (
    "e211a314-f4cf-4d96-ab5d-86594500f9c9", -- _0 : UNIQUE_ID
    'EP', -- _1 : STRING
    'HRUI', -- _2 : STRING
    '', -- _3 : STRING
    'hr::UI::EP', -- _4 : STRING
    '../../../../dhrm/models/dhrm/hrm/hr/hr.xtuml' -- _5 : STRING
);
