INSERT INTO ACT_ACT VALUES (
    "b4fea7f3-6d8f-444b-8af6-130f07956f83", -- Action_ID : UNIQUE_ID
    'function', -- Type : STRING
    0, -- LoopLevel : INTEGER
    "993d53b2-1c48-4b3a-be57-917b6b3a6cf1", -- Block_ID : UNIQUE_ID
    "00000000-0000-0000-0000-000000000000", -- CurrentScope_ID : UNIQUE_ID
    0, -- return_value : INTEGER
    'Reply', -- Label : STRING
    "1b7fc4a2-c827-43f7-8419-e266a6485346" -- Parsed_Block_ID : UNIQUE_ID
);
INSERT INTO ACT_ACT VALUES (
    "ecae1599-e2e0-44aa-aee6-5b943b733886", -- Action_ID : UNIQUE_ID
    'bridge', -- Type : STRING
    0, -- LoopLevel : INTEGER
    "74c74b71-d58a-4f1f-be3c-3e9ebbff8cdf", -- Block_ID : UNIQUE_ID
    "00000000-0000-0000-0000-000000000000", -- CurrentScope_ID : UNIQUE_ID
    0, -- return_value : INTEGER
    '', -- Label : STRING
    "4129aec1-f7ec-464b-9e59-cdb495ca655d" -- Parsed_Block_ID : UNIQUE_ID
);
INSERT INTO ACT_ACT VALUES (
    "ccd09a55-7020-41f4-951c-975b79ebd444", -- Action_ID : UNIQUE_ID
    'bridge', -- Type : STRING
    0, -- LoopLevel : INTEGER
    "0bf799be-20eb-47cc-81d6-519aa401313b", -- Block_ID : UNIQUE_ID
    "00000000-0000-0000-0000-000000000000", -- CurrentScope_ID : UNIQUE_ID
    0, -- return_value : INTEGER
    '', -- Label : STRING
    "3c0ed64f-c5ec-43c0-aa94-645d78fddd68" -- Parsed_Block_ID : UNIQUE_ID
);
INSERT INTO ACT_ACT VALUES (
    "61a20478-214a-4be0-ada5-c958a61593b6", -- Action_ID : UNIQUE_ID
    'bridge', -- Type : STRING
    0, -- LoopLevel : INTEGER
    "f160d6b3-4947-4d2e-8d55-3882431d79f8", -- Block_ID : UNIQUE_ID
    "00000000-0000-0000-0000-000000000000", -- CurrentScope_ID : UNIQUE_ID
    0, -- return_value : INTEGER
    '', -- Label : STRING
    "3046daf3-4177-4225-bcbe-0d33ca2edf63" -- Parsed_Block_ID : UNIQUE_ID
);
INSERT INTO ACT_ACT VALUES (
    "e46c1dc6-b8f0-4a59-9ecd-389ac95f63d8", -- Action_ID : UNIQUE_ID
    'bridge', -- Type : STRING
    0, -- LoopLevel : INTEGER
    "215f8e57-7854-48d3-8f67-a9fb97090dd7", -- Block_ID : UNIQUE_ID
    "00000000-0000-0000-0000-000000000000", -- CurrentScope_ID : UNIQUE_ID
    0, -- return_value : INTEGER
    '', -- Label : STRING
    "27cb41e0-095f-4e8c-923b-87fd41166be1" -- Parsed_Block_ID : UNIQUE_ID
);
INSERT INTO ACT_ACT VALUES (
    "97cb39d6-0d78-4a3d-a8b3-e869399bc165", -- Action_ID : UNIQUE_ID
    'bridge', -- Type : STRING
    0, -- LoopLevel : INTEGER
    "8af86748-f801-4cc3-b9d6-1e2a97fd6887", -- Block_ID : UNIQUE_ID
    "00000000-0000-0000-0000-000000000000", -- CurrentScope_ID : UNIQUE_ID
    0, -- return_value : INTEGER
    '', -- Label : STRING
    "267d23ad-971e-499d-9eeb-929f5e91edc4" -- Parsed_Block_ID : UNIQUE_ID
);
INSERT INTO ACT_ACT VALUES (
    "15019906-efcd-4a51-9751-65b0cf2b8a22", -- Action_ID : UNIQUE_ID
    'bridge', -- Type : STRING
    0, -- LoopLevel : INTEGER
    "c267bbb0-4d3a-4adf-a220-a7e4e2babfb8", -- Block_ID : UNIQUE_ID
    "00000000-0000-0000-0000-000000000000", -- CurrentScope_ID : UNIQUE_ID
    0, -- return_value : INTEGER
    '', -- Label : STRING
    "f295c335-fa51-49aa-a6c7-187dd66df297" -- Parsed_Block_ID : UNIQUE_ID
);
INSERT INTO ACT_ACT VALUES (
    "94281f0d-d0d6-4e9a-84f5-40eb3f6c61e3", -- Action_ID : UNIQUE_ID
    'bridge', -- Type : STRING
    0, -- LoopLevel : INTEGER
    "c5920164-43f7-40f3-8a97-6f3956aecc03", -- Block_ID : UNIQUE_ID
    "00000000-0000-0000-0000-000000000000", -- CurrentScope_ID : UNIQUE_ID
    0, -- return_value : INTEGER
    '', -- Label : STRING
    "45be4fb2-5115-4a95-a670-e601ef419a0b" -- Parsed_Block_ID : UNIQUE_ID
);
INSERT INTO ACT_ACT VALUES (
    "816e6ee1-6ebf-4e11-bb2a-532446f7223d", -- Action_ID : UNIQUE_ID
    'bridge', -- Type : STRING
    0, -- LoopLevel : INTEGER
    "38fc7538-c03b-4533-982f-ea14930b585d", -- Block_ID : UNIQUE_ID
    "00000000-0000-0000-0000-000000000000", -- CurrentScope_ID : UNIQUE_ID
    0, -- return_value : INTEGER
    '', -- Label : STRING
    "f4c819ca-0ec2-4f09-a97b-cf468e5b5f9a" -- Parsed_Block_ID : UNIQUE_ID
);
INSERT INTO ACT_ACT VALUES (
    "7bc2c566-108e-4edc-bf30-3adcb7e62d02", -- Action_ID : UNIQUE_ID
    'bridge', -- Type : STRING
    0, -- LoopLevel : INTEGER
    "07d7cd74-d309-468c-b542-5a7c31fc2633", -- Block_ID : UNIQUE_ID
    "00000000-0000-0000-0000-000000000000", -- CurrentScope_ID : UNIQUE_ID
    0, -- return_value : INTEGER
    '', -- Label : STRING
    "ba976186-aa6e-4c8d-9f87-cd9a6c051248" -- Parsed_Block_ID : UNIQUE_ID
);
INSERT INTO ACT_ACT VALUES (
    "b8adf20a-0a18-472d-9312-0e5aef8da5d7", -- Action_ID : UNIQUE_ID
    'bridge', -- Type : STRING
    0, -- LoopLevel : INTEGER
    "902f5319-b981-47ec-b04e-fb9895491345", -- Block_ID : UNIQUE_ID
    "00000000-0000-0000-0000-000000000000", -- CurrentScope_ID : UNIQUE_ID
    0, -- return_value : INTEGER
    '', -- Label : STRING
    "10d1c0cc-c310-48d8-9fab-3a08c21924a2" -- Parsed_Block_ID : UNIQUE_ID
);
INSERT INTO ACT_ACT VALUES (
    "42c15989-11fc-462f-9a6a-7111af2818b2", -- Action_ID : UNIQUE_ID
    'bridge', -- Type : STRING
    0, -- LoopLevel : INTEGER
    "905e7487-6306-4d15-90fb-56274d9b009f", -- Block_ID : UNIQUE_ID
    "00000000-0000-0000-0000-000000000000", -- CurrentScope_ID : UNIQUE_ID
    0, -- return_value : INTEGER
    '', -- Label : STRING
    "d9273091-653c-45b1-8f2c-69479b6382bc" -- Parsed_Block_ID : UNIQUE_ID
);
INSERT INTO ACT_ACT VALUES (
    "cb9d049c-4f1c-4822-96ea-bd67df776328", -- Action_ID : UNIQUE_ID
    'bridge', -- Type : STRING
    0, -- LoopLevel : INTEGER
    "ce3ebe4e-abbb-4df7-81ca-9cf1fa03ce10", -- Block_ID : UNIQUE_ID
    "00000000-0000-0000-0000-000000000000", -- CurrentScope_ID : UNIQUE_ID
    0, -- return_value : INTEGER
    '', -- Label : STRING
    "9e09b78b-6fd2-47c7-9b54-64be094bef1f" -- Parsed_Block_ID : UNIQUE_ID
);
INSERT INTO ACT_ACT VALUES (
    "5ae65bbb-1759-46da-ac97-aa53cf2a5fe0", -- Action_ID : UNIQUE_ID
    'bridge', -- Type : STRING
    0, -- LoopLevel : INTEGER
    "57a33f20-f6aa-44c7-98a6-f16c86ca03f2", -- Block_ID : UNIQUE_ID
    "00000000-0000-0000-0000-000000000000", -- CurrentScope_ID : UNIQUE_ID
    0, -- return_value : INTEGER
    '', -- Label : STRING
    "1140ceb5-064d-42a1-b20c-1365042524e1" -- Parsed_Block_ID : UNIQUE_ID
);
INSERT INTO ACT_ACT VALUES (
    "fbe28d66-9954-43c5-b3ef-138fe5566c8d", -- Action_ID : UNIQUE_ID
    'bridge', -- Type : STRING
    0, -- LoopLevel : INTEGER
    "ee93644f-07fe-4272-a951-b86f290048e5", -- Block_ID : UNIQUE_ID
    "00000000-0000-0000-0000-000000000000", -- CurrentScope_ID : UNIQUE_ID
    0, -- return_value : INTEGER
    '', -- Label : STRING
    "bf712f1a-8186-44ca-970c-c4a7f0be49ee" -- Parsed_Block_ID : UNIQUE_ID
);
INSERT INTO ACT_ACT VALUES (
    "23efe85f-267d-4d3c-9a6e-5189c6059d9b", -- Action_ID : UNIQUE_ID
    'bridge', -- Type : STRING
    0, -- LoopLevel : INTEGER
    "6a48f139-d2df-4fac-b3df-673e019bee8a", -- Block_ID : UNIQUE_ID
    "00000000-0000-0000-0000-000000000000", -- CurrentScope_ID : UNIQUE_ID
    0, -- return_value : INTEGER
    '', -- Label : STRING
    "455a64aa-3c0f-4c1f-9e61-9460db5fb761" -- Parsed_Block_ID : UNIQUE_ID
);
INSERT INTO ACT_ACT VALUES (
    "2008a023-b92c-460c-a632-e5a15498cb95", -- Action_ID : UNIQUE_ID
    'bridge', -- Type : STRING
    0, -- LoopLevel : INTEGER
    "b1e95472-02f4-4226-9660-2297f20bc7cd", -- Block_ID : UNIQUE_ID
    "00000000-0000-0000-0000-000000000000", -- CurrentScope_ID : UNIQUE_ID
    0, -- return_value : INTEGER
    '', -- Label : STRING
    "77ab38e6-412c-480b-80b5-c6c8a89158f0" -- Parsed_Block_ID : UNIQUE_ID
);
INSERT INTO ACT_ACT VALUES (
    "715fc0f6-d483-4cea-a32f-3e6767c7d81b", -- Action_ID : UNIQUE_ID
    'bridge', -- Type : STRING
    0, -- LoopLevel : INTEGER
    "0b92ed3d-7fb1-4da6-908a-4c6d3671d409", -- Block_ID : UNIQUE_ID
    "00000000-0000-0000-0000-000000000000", -- CurrentScope_ID : UNIQUE_ID
    0, -- return_value : INTEGER
    '', -- Label : STRING
    "802046a3-10e3-4293-a7cf-3c54ecf109eb" -- Parsed_Block_ID : UNIQUE_ID
);
INSERT INTO ACT_ACT VALUES (
    "b3822351-4520-43c3-a9b9-334487599977", -- Action_ID : UNIQUE_ID
    'bridge', -- Type : STRING
    0, -- LoopLevel : INTEGER
    "82ca1372-095b-46ae-b256-8c1140144c11", -- Block_ID : UNIQUE_ID
    "00000000-0000-0000-0000-000000000000", -- CurrentScope_ID : UNIQUE_ID
    0, -- return_value : INTEGER
    '', -- Label : STRING
    "e90893f6-7075-4fa0-8c38-ec0d7f0a72df" -- Parsed_Block_ID : UNIQUE_ID
);
INSERT INTO ACT_ACT VALUES (
    "ca9bd5fd-8684-4c29-afae-ed686e04d14b", -- Action_ID : UNIQUE_ID
    'bridge', -- Type : STRING
    0, -- LoopLevel : INTEGER
    "345c822c-6d6c-4d2c-8f50-17d343b12c30", -- Block_ID : UNIQUE_ID
    "00000000-0000-0000-0000-000000000000", -- CurrentScope_ID : UNIQUE_ID
    0, -- return_value : INTEGER
    '', -- Label : STRING
    "9feba7be-bfe8-4d44-9e8b-00954d88e072" -- Parsed_Block_ID : UNIQUE_ID
);
INSERT INTO ACT_ACT VALUES (
    "f29a2b49-3115-4b52-ae26-7fbb3aecceef", -- Action_ID : UNIQUE_ID
    'bridge', -- Type : STRING
    0, -- LoopLevel : INTEGER
    "f69e252c-6850-48ae-9543-3aca15990a9e", -- Block_ID : UNIQUE_ID
    "00000000-0000-0000-0000-000000000000", -- CurrentScope_ID : UNIQUE_ID
    0, -- return_value : INTEGER
    '', -- Label : STRING
    "7634d2db-c8cf-4937-a28a-46a996afa46e" -- Parsed_Block_ID : UNIQUE_ID
);
INSERT INTO ACT_ACT VALUES (
    "3e3b3ef0-9b0c-46c0-a87b-4a21fc8eb294", -- Action_ID : UNIQUE_ID
    'bridge', -- Type : STRING
    0, -- LoopLevel : INTEGER
    "94acb53a-7e79-4602-96a1-06da738db503", -- Block_ID : UNIQUE_ID
    "00000000-0000-0000-0000-000000000000", -- CurrentScope_ID : UNIQUE_ID
    0, -- return_value : INTEGER
    '', -- Label : STRING
    "87683ccc-b46e-4f65-b220-8bb13a5ef847" -- Parsed_Block_ID : UNIQUE_ID
);
INSERT INTO ACT_ACT VALUES (
    "a9340676-4ade-4779-8abf-65e7049c42ed", -- Action_ID : UNIQUE_ID
    'bridge', -- Type : STRING
    0, -- LoopLevel : INTEGER
    "2cb2ad0a-3988-408f-8a02-a100f269b6bc", -- Block_ID : UNIQUE_ID
    "00000000-0000-0000-0000-000000000000", -- CurrentScope_ID : UNIQUE_ID
    0, -- return_value : INTEGER
    '', -- Label : STRING
    "632c7b8a-bbb6-4415-8309-2e68e9041208" -- Parsed_Block_ID : UNIQUE_ID
);
INSERT INTO ACT_ACT VALUES (
    "571c2422-bde8-4464-b6ac-2286a6bff0ce", -- Action_ID : UNIQUE_ID
    'bridge', -- Type : STRING
    0, -- LoopLevel : INTEGER
    "011dafbc-f623-49c3-a636-6e6d5db8731a", -- Block_ID : UNIQUE_ID
    "00000000-0000-0000-0000-000000000000", -- CurrentScope_ID : UNIQUE_ID
    0, -- return_value : INTEGER
    '', -- Label : STRING
    "d291ddac-90f9-4b5d-9dc4-d85783a3c886" -- Parsed_Block_ID : UNIQUE_ID
);
INSERT INTO ACT_ACT VALUES (
    "7ec55f6a-e3b2-4677-b8b1-cfd728a35b1d", -- Action_ID : UNIQUE_ID
    'bridge', -- Type : STRING
    0, -- LoopLevel : INTEGER
    "e35ed31f-ab08-4086-923b-98d157025603", -- Block_ID : UNIQUE_ID
    "00000000-0000-0000-0000-000000000000", -- CurrentScope_ID : UNIQUE_ID
    0, -- return_value : INTEGER
    '', -- Label : STRING
    "865396c4-9759-4b3a-9b05-b2e8a27a29c8" -- Parsed_Block_ID : UNIQUE_ID
);
INSERT INTO ACT_ACT VALUES (
    "0faebd12-3a59-42d5-ad98-47ea279c76fd", -- Action_ID : UNIQUE_ID
    'bridge', -- Type : STRING
    0, -- LoopLevel : INTEGER
    "f7d50679-afc2-45e8-8167-5e93f66455d2", -- Block_ID : UNIQUE_ID
    "00000000-0000-0000-0000-000000000000", -- CurrentScope_ID : UNIQUE_ID
    0, -- return_value : INTEGER
    '', -- Label : STRING
    "d5609956-fe92-4948-8a8e-49d4431880d4" -- Parsed_Block_ID : UNIQUE_ID
);
INSERT INTO ACT_ACT VALUES (
    "4bc76736-14f3-4939-b9d8-212daf968048", -- Action_ID : UNIQUE_ID
    'bridge', -- Type : STRING
    0, -- LoopLevel : INTEGER
    "4bd1d8ed-ea06-41d1-aed3-4d97e465de2c", -- Block_ID : UNIQUE_ID
    "00000000-0000-0000-0000-000000000000", -- CurrentScope_ID : UNIQUE_ID
    0, -- return_value : INTEGER
    '', -- Label : STRING
    "aa1403af-7de3-460f-bbe4-c7ed5ee396a4" -- Parsed_Block_ID : UNIQUE_ID
);
INSERT INTO ACT_ACT VALUES (
    "7e7d2e5f-3f3d-42fd-a136-0980e914034e", -- Action_ID : UNIQUE_ID
    'bridge', -- Type : STRING
    0, -- LoopLevel : INTEGER
    "01b1b16c-6c7d-47d7-a860-3c9d4318f7c6", -- Block_ID : UNIQUE_ID
    "00000000-0000-0000-0000-000000000000", -- CurrentScope_ID : UNIQUE_ID
    0, -- return_value : INTEGER
    '', -- Label : STRING
    "03a9cafb-fdfb-4f77-b82c-e31156cceff6" -- Parsed_Block_ID : UNIQUE_ID
);
INSERT INTO ACT_ACT VALUES (
    "5f9fb001-a8d2-4617-9fe4-7891bf76cbed", -- Action_ID : UNIQUE_ID
    'bridge', -- Type : STRING
    0, -- LoopLevel : INTEGER
    "f8564fff-2467-4128-b041-833a728618b1", -- Block_ID : UNIQUE_ID
    "00000000-0000-0000-0000-000000000000", -- CurrentScope_ID : UNIQUE_ID
    0, -- return_value : INTEGER
    '', -- Label : STRING
    "ea3dc325-4109-4b76-a9e4-2586a56931a5" -- Parsed_Block_ID : UNIQUE_ID
);
INSERT INTO ACT_ACT VALUES (
    "fea3c229-332d-4141-ada4-37401593c98c", -- Action_ID : UNIQUE_ID
    'bridge', -- Type : STRING
    0, -- LoopLevel : INTEGER
    "51521124-67cb-40d4-91d5-b66c66588f33", -- Block_ID : UNIQUE_ID
    "00000000-0000-0000-0000-000000000000", -- CurrentScope_ID : UNIQUE_ID
    0, -- return_value : INTEGER
    '', -- Label : STRING
    "6a8ab610-6ef2-46eb-8ed3-83c59cfe36d4" -- Parsed_Block_ID : UNIQUE_ID
);
INSERT INTO ACT_ACT VALUES (
    "c0a667f8-cc63-4088-ada9-7924dcb67729", -- Action_ID : UNIQUE_ID
    'bridge', -- Type : STRING
    0, -- LoopLevel : INTEGER
    "e971f4f4-05b4-4dd1-a217-9f240e9c3639", -- Block_ID : UNIQUE_ID
    "00000000-0000-0000-0000-000000000000", -- CurrentScope_ID : UNIQUE_ID
    0, -- return_value : INTEGER
    '', -- Label : STRING
    "b5cc7752-8a58-4738-8fa8-2acd91cea2d9" -- Parsed_Block_ID : UNIQUE_ID
);
INSERT INTO ACT_ACT VALUES (
    "ded706cb-0f1e-410c-afa9-858dd114b90a", -- Action_ID : UNIQUE_ID
    'bridge', -- Type : STRING
    0, -- LoopLevel : INTEGER
    "ad86ffd2-ef51-4218-a1d7-64ec5ffee233", -- Block_ID : UNIQUE_ID
    "00000000-0000-0000-0000-000000000000", -- CurrentScope_ID : UNIQUE_ID
    0, -- return_value : INTEGER
    '', -- Label : STRING
    "70acc3c8-5af2-4802-ba78-389ee7084459" -- Parsed_Block_ID : UNIQUE_ID
);
INSERT INTO ACT_ACT VALUES (
    "7f1e7e31-bb68-418c-bed6-e657de252446", -- Action_ID : UNIQUE_ID
    'bridge', -- Type : STRING
    0, -- LoopLevel : INTEGER
    "acd9af1d-eedc-41cd-a679-2f7751f4edf3", -- Block_ID : UNIQUE_ID
    "00000000-0000-0000-0000-000000000000", -- CurrentScope_ID : UNIQUE_ID
    0, -- return_value : INTEGER
    '', -- Label : STRING
    "70928756-a29e-4255-abde-f500ce1f69c8" -- Parsed_Block_ID : UNIQUE_ID
);
INSERT INTO ACT_ACT VALUES (
    "1b9037b3-a124-4d20-8d24-2ef5f0082347", -- Action_ID : UNIQUE_ID
    'bridge', -- Type : STRING
    0, -- LoopLevel : INTEGER
    "14bb2f36-fc71-4c9f-a968-2744f74b0152", -- Block_ID : UNIQUE_ID
    "00000000-0000-0000-0000-000000000000", -- CurrentScope_ID : UNIQUE_ID
    0, -- return_value : INTEGER
    '', -- Label : STRING
    "4f217b7e-dec6-4286-ac84-7c85f2a694a4" -- Parsed_Block_ID : UNIQUE_ID
);
INSERT INTO ACT_ACT VALUES (
    "835bae0b-3134-4ed9-8178-23b5885b1cb5", -- Action_ID : UNIQUE_ID
    'bridge', -- Type : STRING
    0, -- LoopLevel : INTEGER
    "b906c5c4-b52d-4743-b161-ab12d616b3c2", -- Block_ID : UNIQUE_ID
    "00000000-0000-0000-0000-000000000000", -- CurrentScope_ID : UNIQUE_ID
    0, -- return_value : INTEGER
    '', -- Label : STRING
    "f27f50b6-93a4-49d8-af18-a1ab29ab3653" -- Parsed_Block_ID : UNIQUE_ID
);
INSERT INTO ACT_ACT VALUES (
    "707d615c-af9f-494a-aee9-721ee20de6f4", -- Action_ID : UNIQUE_ID
    'bridge', -- Type : STRING
    0, -- LoopLevel : INTEGER
    "1c4a5760-28e2-4bad-b754-5b3b3bd330a4", -- Block_ID : UNIQUE_ID
    "00000000-0000-0000-0000-000000000000", -- CurrentScope_ID : UNIQUE_ID
    0, -- return_value : INTEGER
    '', -- Label : STRING
    "92144f8a-28d3-4218-8c5e-c738ac92627c" -- Parsed_Block_ID : UNIQUE_ID
);
INSERT INTO ACT_ACT VALUES (
    "bf129fa5-2ea0-4d78-b669-10bb5f7309be", -- Action_ID : UNIQUE_ID
    'bridge', -- Type : STRING
    0, -- LoopLevel : INTEGER
    "e7f6c7e5-c1c1-4a1b-aad9-db9ddb2ca3ab", -- Block_ID : UNIQUE_ID
    "00000000-0000-0000-0000-000000000000", -- CurrentScope_ID : UNIQUE_ID
    0, -- return_value : INTEGER
    '', -- Label : STRING
    "44d2f843-c405-4c60-948f-2a2c8bbb9de6" -- Parsed_Block_ID : UNIQUE_ID
);
INSERT INTO ACT_ACT VALUES (
    "eaf37c6c-e56b-4c6c-9d04-1f66a975c61f", -- Action_ID : UNIQUE_ID
    'bridge', -- Type : STRING
    0, -- LoopLevel : INTEGER
    "0a4897f3-6c80-4c44-95ee-f27e8fdd0f4f", -- Block_ID : UNIQUE_ID
    "00000000-0000-0000-0000-000000000000", -- CurrentScope_ID : UNIQUE_ID
    0, -- return_value : INTEGER
    '', -- Label : STRING
    "898d76c5-e2f1-4633-9fd3-5a4d961c0a59" -- Parsed_Block_ID : UNIQUE_ID
);
INSERT INTO ACT_ACT VALUES (
    "bfbd21ff-c84c-4a0a-90f0-29405294d2f0", -- Action_ID : UNIQUE_ID
    'bridge', -- Type : STRING
    0, -- LoopLevel : INTEGER
    "6cbd2f3f-befa-4306-b17e-f16290b67063", -- Block_ID : UNIQUE_ID
    "00000000-0000-0000-0000-000000000000", -- CurrentScope_ID : UNIQUE_ID
    0, -- return_value : INTEGER
    '', -- Label : STRING
    "04a4574c-3d71-4250-a0f5-c17a13a93c7d" -- Parsed_Block_ID : UNIQUE_ID
);
INSERT INTO ACT_ACT VALUES (
    "2eaf64ae-6ecf-4bfd-b3bf-139946219911", -- Action_ID : UNIQUE_ID
    'bridge', -- Type : STRING
    0, -- LoopLevel : INTEGER
    "22fff876-98ce-4226-b4e9-e100a1c3ccb0", -- Block_ID : UNIQUE_ID
    "00000000-0000-0000-0000-000000000000", -- CurrentScope_ID : UNIQUE_ID
    0, -- return_value : INTEGER
    '', -- Label : STRING
    "fc4afac5-07ce-4c28-9176-e485f6b0387a" -- Parsed_Block_ID : UNIQUE_ID
);
INSERT INTO ACT_ACT VALUES (
    "bd195860-cc84-419a-878d-ea081247b671", -- Action_ID : UNIQUE_ID
    'bridge', -- Type : STRING
    0, -- LoopLevel : INTEGER
    "d01d7090-8d99-41c8-a428-4b4e056bcbfe", -- Block_ID : UNIQUE_ID
    "00000000-0000-0000-0000-000000000000", -- CurrentScope_ID : UNIQUE_ID
    0, -- return_value : INTEGER
    '', -- Label : STRING
    "154a49c2-2bd5-4944-956d-43e384363727" -- Parsed_Block_ID : UNIQUE_ID
);
INSERT INTO ACT_ACT VALUES (
    "683117a7-a47b-4829-b1a1-64ff6c7679e5", -- Action_ID : UNIQUE_ID
    'bridge', -- Type : STRING
    0, -- LoopLevel : INTEGER
    "355fec19-b5fb-4355-90bc-373aaaa85f79", -- Block_ID : UNIQUE_ID
    "00000000-0000-0000-0000-000000000000", -- CurrentScope_ID : UNIQUE_ID
    0, -- return_value : INTEGER
    '', -- Label : STRING
    "b83d6a0a-17f6-4c5f-9e50-035d25c0a682" -- Parsed_Block_ID : UNIQUE_ID
);
INSERT INTO ACT_ACT VALUES (
    "bdabc44a-01c3-4b32-b084-0be97b578141", -- Action_ID : UNIQUE_ID
    'bridge', -- Type : STRING
    0, -- LoopLevel : INTEGER
    "0c2d679f-4109-42ba-add2-1f124b5bc20a", -- Block_ID : UNIQUE_ID
    "00000000-0000-0000-0000-000000000000", -- CurrentScope_ID : UNIQUE_ID
    0, -- return_value : INTEGER
    '', -- Label : STRING
    "f8c5e741-2850-44f0-9974-2d9b0a059d38" -- Parsed_Block_ID : UNIQUE_ID
);
INSERT INTO ACT_ACT VALUES (
    "3da13840-f136-4456-bcaa-83c6de05c9f0", -- Action_ID : UNIQUE_ID
    'bridge', -- Type : STRING
    0, -- LoopLevel : INTEGER
    "452ea99e-0171-4621-9144-e34fa949dd38", -- Block_ID : UNIQUE_ID
    "00000000-0000-0000-0000-000000000000", -- CurrentScope_ID : UNIQUE_ID
    0, -- return_value : INTEGER
    '', -- Label : STRING
    "ff617fed-06e7-4045-9b05-d7665668cd43" -- Parsed_Block_ID : UNIQUE_ID
);
INSERT INTO ACT_ACT VALUES (
    "cfa30ed0-9357-4be2-ad2a-2b7d51b6fe71", -- Action_ID : UNIQUE_ID
    'bridge', -- Type : STRING
    0, -- LoopLevel : INTEGER
    "a0e11b63-fc85-480d-a8a9-a4602416a22d", -- Block_ID : UNIQUE_ID
    "00000000-0000-0000-0000-000000000000", -- CurrentScope_ID : UNIQUE_ID
    0, -- return_value : INTEGER
    '', -- Label : STRING
    "dd859922-ca8d-4f37-8484-fa95df80fd16" -- Parsed_Block_ID : UNIQUE_ID
);
INSERT INTO ACT_ACT VALUES (
    "119efa94-d418-4a6e-984b-0ba0a1b5041d", -- Action_ID : UNIQUE_ID
    'bridge', -- Type : STRING
    0, -- LoopLevel : INTEGER
    "17812f48-e18a-4652-ba6a-e5a0df5cac0f", -- Block_ID : UNIQUE_ID
    "00000000-0000-0000-0000-000000000000", -- CurrentScope_ID : UNIQUE_ID
    0, -- return_value : INTEGER
    '', -- Label : STRING
    "dc48c415-9340-4bcb-a9e7-47e688ec4786" -- Parsed_Block_ID : UNIQUE_ID
);
INSERT INTO ACT_ACT VALUES (
    "57859def-e026-42fd-95a3-b3b6762b506d", -- Action_ID : UNIQUE_ID
    'bridge', -- Type : STRING
    0, -- LoopLevel : INTEGER
    "d6312b76-2cee-411b-af1f-8ff52ab1b314", -- Block_ID : UNIQUE_ID
    "00000000-0000-0000-0000-000000000000", -- CurrentScope_ID : UNIQUE_ID
    0, -- return_value : INTEGER
    '', -- Label : STRING
    "9b1221b8-114e-4edb-aa6f-e1d0153fbe17" -- Parsed_Block_ID : UNIQUE_ID
);
INSERT INTO ACT_ACT VALUES (
    "c23ab316-d9da-4d98-becd-9bbbde51665b", -- Action_ID : UNIQUE_ID
    'bridge', -- Type : STRING
    0, -- LoopLevel : INTEGER
    "cd18db51-8344-41b6-90c3-e821b25f87ac", -- Block_ID : UNIQUE_ID
    "00000000-0000-0000-0000-000000000000", -- CurrentScope_ID : UNIQUE_ID
    0, -- return_value : INTEGER
    '', -- Label : STRING
    "3375d9d4-3a65-4208-8bcb-36416adda134" -- Parsed_Block_ID : UNIQUE_ID
);
INSERT INTO ACT_ACT VALUES (
    "5de84058-7c89-42eb-8e01-d7e49329c38f", -- Action_ID : UNIQUE_ID
    'bridge', -- Type : STRING
    0, -- LoopLevel : INTEGER
    "a4eef323-6ce5-4e5b-9086-e9bae6305034", -- Block_ID : UNIQUE_ID
    "00000000-0000-0000-0000-000000000000", -- CurrentScope_ID : UNIQUE_ID
    0, -- return_value : INTEGER
    '', -- Label : STRING
    "1a60b94d-37ca-4f37-96b0-83b268981193" -- Parsed_Block_ID : UNIQUE_ID
);
INSERT INTO ACT_ACT VALUES (
    "9b1644e5-4341-4111-9139-c35b9fd5a7db", -- Action_ID : UNIQUE_ID
    'bridge', -- Type : STRING
    0, -- LoopLevel : INTEGER
    "8d34c3c9-ed5d-4cf7-943d-4f6c451947d4", -- Block_ID : UNIQUE_ID
    "00000000-0000-0000-0000-000000000000", -- CurrentScope_ID : UNIQUE_ID
    0, -- return_value : INTEGER
    '', -- Label : STRING
    "4cc8ac17-b411-4910-b388-4e22a177c07d" -- Parsed_Block_ID : UNIQUE_ID
);
INSERT INTO ACT_ACT VALUES (
    "ac855a08-a8c9-4a57-b5a3-ca5ad9a64e9a", -- Action_ID : UNIQUE_ID
    'bridge', -- Type : STRING
    0, -- LoopLevel : INTEGER
    "d571c46b-741e-4f4b-88a7-24c65c91e2f3", -- Block_ID : UNIQUE_ID
    "00000000-0000-0000-0000-000000000000", -- CurrentScope_ID : UNIQUE_ID
    0, -- return_value : INTEGER
    '', -- Label : STRING
    "c5e87f5a-e2c7-40c0-815c-0ba0864b6e98" -- Parsed_Block_ID : UNIQUE_ID
);
INSERT INTO ACT_ACT VALUES (
    "2d57cec5-85ce-450c-b196-efd692002ca0", -- Action_ID : UNIQUE_ID
    'bridge', -- Type : STRING
    0, -- LoopLevel : INTEGER
    "86552553-9337-4b3b-a095-8e919906913b", -- Block_ID : UNIQUE_ID
    "00000000-0000-0000-0000-000000000000", -- CurrentScope_ID : UNIQUE_ID
    0, -- return_value : INTEGER
    '', -- Label : STRING
    "e8bceada-215a-4853-8b95-39dba96a8e3a" -- Parsed_Block_ID : UNIQUE_ID
);
INSERT INTO ACT_ACT VALUES (
    "3a3069f1-ce4b-45e3-b5e6-f83c89e5b389", -- Action_ID : UNIQUE_ID
    'bridge', -- Type : STRING
    0, -- LoopLevel : INTEGER
    "82f22968-83bd-4237-ba3c-766ad7d6048b", -- Block_ID : UNIQUE_ID
    "00000000-0000-0000-0000-000000000000", -- CurrentScope_ID : UNIQUE_ID
    0, -- return_value : INTEGER
    '', -- Label : STRING
    "9c52afb4-970f-4548-86b4-3c17ead63b19" -- Parsed_Block_ID : UNIQUE_ID
);
INSERT INTO ACT_ACT VALUES (
    "184fcdbb-80f9-450d-b58c-780dde9c518b", -- Action_ID : UNIQUE_ID
    'bridge', -- Type : STRING
    0, -- LoopLevel : INTEGER
    "b89ac891-9f7e-40d1-8362-83239da9837f", -- Block_ID : UNIQUE_ID
    "00000000-0000-0000-0000-000000000000", -- CurrentScope_ID : UNIQUE_ID
    0, -- return_value : INTEGER
    '', -- Label : STRING
    "3e23c35b-e659-4261-96f1-75a6eb41473c" -- Parsed_Block_ID : UNIQUE_ID
);
INSERT INTO ACT_ACT VALUES (
    "9bf6d4ef-988d-44ca-9961-5b1b8a440802", -- Action_ID : UNIQUE_ID
    'bridge', -- Type : STRING
    0, -- LoopLevel : INTEGER
    "c7c450c1-ab78-48dd-b307-6b5f18dea61d", -- Block_ID : UNIQUE_ID
    "00000000-0000-0000-0000-000000000000", -- CurrentScope_ID : UNIQUE_ID
    0, -- return_value : INTEGER
    '', -- Label : STRING
    "55efb4da-ae9c-4ee2-8f7b-39688dd72ac5" -- Parsed_Block_ID : UNIQUE_ID
);
INSERT INTO ACT_ACT VALUES (
    "f3bfa769-8870-4b70-b2b0-e86cf89bb6e0", -- Action_ID : UNIQUE_ID
    'bridge', -- Type : STRING
    0, -- LoopLevel : INTEGER
    "36d635bb-76ec-4a72-a200-056b1997af4d", -- Block_ID : UNIQUE_ID
    "00000000-0000-0000-0000-000000000000", -- CurrentScope_ID : UNIQUE_ID
    0, -- return_value : INTEGER
    '', -- Label : STRING
    "1c0e3113-897e-4da6-8306-6f2f639b7493" -- Parsed_Block_ID : UNIQUE_ID
);
INSERT INTO ACT_ACT VALUES (
    "a8b18448-3f7a-40d3-83c9-c712fb5a81e0", -- Action_ID : UNIQUE_ID
    'bridge', -- Type : STRING
    0, -- LoopLevel : INTEGER
    "05349c0f-6f24-470d-9c0c-d387a0f49f23", -- Block_ID : UNIQUE_ID
    "00000000-0000-0000-0000-000000000000", -- CurrentScope_ID : UNIQUE_ID
    0, -- return_value : INTEGER
    '', -- Label : STRING
    "258468c1-a6f4-4d8e-9e64-83a346147e62" -- Parsed_Block_ID : UNIQUE_ID
);
INSERT INTO ACT_ACT VALUES (
    "0e5385b4-4835-4676-a4f5-602507eca05d", -- Action_ID : UNIQUE_ID
    'bridge', -- Type : STRING
    0, -- LoopLevel : INTEGER
    "127b68ee-4ca5-40bf-bd48-484df9949953", -- Block_ID : UNIQUE_ID
    "00000000-0000-0000-0000-000000000000", -- CurrentScope_ID : UNIQUE_ID
    0, -- return_value : INTEGER
    '', -- Label : STRING
    "ff2d474e-26b0-4788-b187-3f4e70974add" -- Parsed_Block_ID : UNIQUE_ID
);
INSERT INTO ACT_ACT VALUES (
    "d1847de7-1e65-4592-aece-703764671808", -- Action_ID : UNIQUE_ID
    'bridge', -- Type : STRING
    0, -- LoopLevel : INTEGER
    "ccbf15ad-e00a-4b10-9e5b-11651df571d0", -- Block_ID : UNIQUE_ID
    "00000000-0000-0000-0000-000000000000", -- CurrentScope_ID : UNIQUE_ID
    0, -- return_value : INTEGER
    '', -- Label : STRING
    "9ea5533a-a0c4-4b62-9fe0-6149a784a4cb" -- Parsed_Block_ID : UNIQUE_ID
);
INSERT INTO ACT_ACT VALUES (
    "31e5ae43-081f-4e26-8a24-d7737866b134", -- Action_ID : UNIQUE_ID
    'bridge', -- Type : STRING
    0, -- LoopLevel : INTEGER
    "6e3fafe1-3ec4-4c3e-a667-4843e4d3301c", -- Block_ID : UNIQUE_ID
    "00000000-0000-0000-0000-000000000000", -- CurrentScope_ID : UNIQUE_ID
    0, -- return_value : INTEGER
    '', -- Label : STRING
    "05a8cc72-077c-47a6-a6ff-91b31ca7bbc2" -- Parsed_Block_ID : UNIQUE_ID
);
INSERT INTO ACT_ACT VALUES (
    "e2cd110e-35b4-4019-aed1-eb1289f73c87", -- Action_ID : UNIQUE_ID
    'bridge', -- Type : STRING
    0, -- LoopLevel : INTEGER
    "8ddaedb5-3453-42b9-bfbc-ec2d795a60b4", -- Block_ID : UNIQUE_ID
    "00000000-0000-0000-0000-000000000000", -- CurrentScope_ID : UNIQUE_ID
    0, -- return_value : INTEGER
    '', -- Label : STRING
    "f30dc075-d2d3-4444-bcc0-f53665f7c194" -- Parsed_Block_ID : UNIQUE_ID
);
INSERT INTO ACT_ACT VALUES (
    "e97bf950-6866-4fc6-8dd5-57d1b8cb7987", -- Action_ID : UNIQUE_ID
    'bridge', -- Type : STRING
    0, -- LoopLevel : INTEGER
    "0c2361fd-a78e-4b71-b5a9-f62c50b3fe45", -- Block_ID : UNIQUE_ID
    "00000000-0000-0000-0000-000000000000", -- CurrentScope_ID : UNIQUE_ID
    0, -- return_value : INTEGER
    '', -- Label : STRING
    "465da50e-9b73-4533-9019-e155a19c8414" -- Parsed_Block_ID : UNIQUE_ID
);
INSERT INTO ACT_ACT VALUES (
    "2dd92b4c-b8fc-4486-bcf4-4d3fa3c57d3c", -- Action_ID : UNIQUE_ID
    '', -- Type : STRING
    0, -- LoopLevel : INTEGER
    "2c22fc6a-d70f-4d6a-98c0-90b30daca94d", -- Block_ID : UNIQUE_ID
    "00000000-0000-0000-0000-000000000000", -- CurrentScope_ID : UNIQUE_ID
    0, -- return_value : INTEGER
    '', -- Label : STRING
    "00add3b8-23ad-49f4-a09c-335ded7c1e7f" -- Parsed_Block_ID : UNIQUE_ID
);
INSERT INTO ACT_ACT VALUES (
    "2ab43976-bfd5-43f1-81ca-1e30dda83c7c", -- Action_ID : UNIQUE_ID
    '', -- Type : STRING
    0, -- LoopLevel : INTEGER
    "bf289c1f-7f2c-431a-93e9-3d5e3bb0d161", -- Block_ID : UNIQUE_ID
    "00000000-0000-0000-0000-000000000000", -- CurrentScope_ID : UNIQUE_ID
    0, -- return_value : INTEGER
    '', -- Label : STRING
    "fbb0fb36-770d-48d3-9550-8360356d6c53" -- Parsed_Block_ID : UNIQUE_ID
);
INSERT INTO ACT_ACT VALUES (
    "285bffdf-7c03-4a4b-bb66-1ebe8b230321", -- Action_ID : UNIQUE_ID
    '', -- Type : STRING
    0, -- LoopLevel : INTEGER
    "ee672b86-7056-47be-a7eb-7d2912d3ad0e", -- Block_ID : UNIQUE_ID
    "00000000-0000-0000-0000-000000000000", -- CurrentScope_ID : UNIQUE_ID
    0, -- return_value : INTEGER
    '', -- Label : STRING
    "42d01de6-627c-4d4a-b506-5f41b79e9cd7" -- Parsed_Block_ID : UNIQUE_ID
);
INSERT INTO ACT_ACT VALUES (
    "0b3f8132-19b1-4e2b-8d87-b63759297998", -- Action_ID : UNIQUE_ID
    '', -- Type : STRING
    0, -- LoopLevel : INTEGER
    "82d885bf-f75c-4f58-8ce9-6d638f43fd84", -- Block_ID : UNIQUE_ID
    "00000000-0000-0000-0000-000000000000", -- CurrentScope_ID : UNIQUE_ID
    0, -- return_value : INTEGER
    '', -- Label : STRING
    "38d603a7-567b-4a15-a227-a137b54a9c60" -- Parsed_Block_ID : UNIQUE_ID
);
INSERT INTO ACT_ACT VALUES (
    "936f70b8-42a2-476e-9365-a7ebc429f407", -- Action_ID : UNIQUE_ID
    'interface signal', -- Type : STRING
    0, -- LoopLevel : INTEGER
    "cdd8b974-733c-4ed4-86e5-a305dbe114d3", -- Block_ID : UNIQUE_ID
    "00000000-0000-0000-0000-000000000000", -- CurrentScope_ID : UNIQUE_ID
    0, -- return_value : INTEGER
    '', -- Label : STRING
    "e98d722b-3dc5-4523-aa38-716b6f8db7ea" -- Parsed_Block_ID : UNIQUE_ID
);
INSERT INTO ACT_ACT VALUES (
    "c3734f00-9ed3-43e7-9678-93f68f3e20fd", -- Action_ID : UNIQUE_ID
    'interface signal', -- Type : STRING
    0, -- LoopLevel : INTEGER
    "80ef7a83-627a-4ac2-894c-363b24e8a42f", -- Block_ID : UNIQUE_ID
    "00000000-0000-0000-0000-000000000000", -- CurrentScope_ID : UNIQUE_ID
    0, -- return_value : INTEGER
    '', -- Label : STRING
    "2ed9b9c1-f70e-4b3d-8878-e90bb4c41c4b" -- Parsed_Block_ID : UNIQUE_ID
);
INSERT INTO ACT_ACT VALUES (
    "2cad79ef-e06b-4d48-a7b6-ed4e6401deca", -- Action_ID : UNIQUE_ID
    'interface signal', -- Type : STRING
    0, -- LoopLevel : INTEGER
    "abeb0cdc-2019-4dec-a1ba-1ba5e4b06cdf", -- Block_ID : UNIQUE_ID
    "00000000-0000-0000-0000-000000000000", -- CurrentScope_ID : UNIQUE_ID
    0, -- return_value : INTEGER
    '', -- Label : STRING
    "a7acd331-ab40-42e0-8e97-b8913ba2fff2" -- Parsed_Block_ID : UNIQUE_ID
);
INSERT INTO ACT_ACT VALUES (
    "84067d0f-32ed-44ea-90c7-c4e263035a5a", -- Action_ID : UNIQUE_ID
    'interface signal', -- Type : STRING
    0, -- LoopLevel : INTEGER
    "1bf5b3bd-e1e8-4dae-b78b-4dd897fee0d1", -- Block_ID : UNIQUE_ID
    "00000000-0000-0000-0000-000000000000", -- CurrentScope_ID : UNIQUE_ID
    0, -- return_value : INTEGER
    '', -- Label : STRING
    "a878885e-c066-4b45-bd99-85e3ef6b9063" -- Parsed_Block_ID : UNIQUE_ID
);
INSERT INTO ACT_ACT VALUES (
    "1aaaf9a2-b6fa-47ec-85cc-c5ef710daad4", -- Action_ID : UNIQUE_ID
    'interface signal', -- Type : STRING
    0, -- LoopLevel : INTEGER
    "06f11173-3cfa-4125-ab30-0c04d8f62a4d", -- Block_ID : UNIQUE_ID
    "00000000-0000-0000-0000-000000000000", -- CurrentScope_ID : UNIQUE_ID
    0, -- return_value : INTEGER
    '', -- Label : STRING
    "f608009e-8ef4-485d-a302-f7a594bd7933" -- Parsed_Block_ID : UNIQUE_ID
);
INSERT INTO ACT_ACT VALUES (
    "2b99790c-e5e6-4142-875a-d1e9fa943740", -- Action_ID : UNIQUE_ID
    'interface signal', -- Type : STRING
    0, -- LoopLevel : INTEGER
    "9c79897f-e86f-4464-8eda-d17eae0bcac8", -- Block_ID : UNIQUE_ID
    "00000000-0000-0000-0000-000000000000", -- CurrentScope_ID : UNIQUE_ID
    0, -- return_value : INTEGER
    '', -- Label : STRING
    "fd59ae7a-eaec-4dc8-bbae-7f385ea26bba" -- Parsed_Block_ID : UNIQUE_ID
);
INSERT INTO ACT_AI VALUES (
    "cd4c9ac3-46ed-4cb4-8dfa-1da0e09f103f", -- Statement_ID : UNIQUE_ID
    "c57aa04d-a4fd-4411-9fb3-2e42ffba188c", -- r_Value_ID : UNIQUE_ID
    "91c1a023-837b-43ee-a8d0-50fed821a8c6", -- l_Value_ID : UNIQUE_ID
    0, -- attributeLineNumber : INTEGER
    0 -- attributeColumn : INTEGER
);
INSERT INTO ACT_AI VALUES (
    "13f6a885-648b-4ea4-934f-617d87651e0e", -- Statement_ID : UNIQUE_ID
    "70855ea9-661a-4340-a446-b49158e6ae4b", -- r_Value_ID : UNIQUE_ID
    "141a1217-03c1-4088-ba10-7883ffb25763", -- l_Value_ID : UNIQUE_ID
    0, -- attributeLineNumber : INTEGER
    0 -- attributeColumn : INTEGER
);
INSERT INTO ACT_AI VALUES (
    "aedc5df1-f48e-47ad-886f-0b98ca356aa9", -- Statement_ID : UNIQUE_ID
    "e700dddc-b16d-431b-bdb9-cb3970e7cacf", -- r_Value_ID : UNIQUE_ID
    "7062b7fe-a500-4442-ab75-26c5bc7b0e18", -- l_Value_ID : UNIQUE_ID
    0, -- attributeLineNumber : INTEGER
    0 -- attributeColumn : INTEGER
);
INSERT INTO ACT_AI VALUES (
    "b5b61cad-eb45-4cd2-937c-b057fafc4967", -- Statement_ID : UNIQUE_ID
    "a90a3259-3a6a-4022-aa93-93f354c47c14", -- r_Value_ID : UNIQUE_ID
    "746467ab-b1fb-4c95-ac85-89174dfd7f62", -- l_Value_ID : UNIQUE_ID
    0, -- attributeLineNumber : INTEGER
    0 -- attributeColumn : INTEGER
);
INSERT INTO ACT_AI VALUES (
    "ee2660c0-5205-4fcc-8604-54975d393416", -- Statement_ID : UNIQUE_ID
    "16d90b34-b8a9-4094-8e3e-3051e203e13a", -- r_Value_ID : UNIQUE_ID
    "9b501359-e342-4aac-a3f2-6ac51a1aa934", -- l_Value_ID : UNIQUE_ID
    0, -- attributeLineNumber : INTEGER
    0 -- attributeColumn : INTEGER
);
INSERT INTO ACT_AI VALUES (
    "e1ec7511-6ca1-4e7b-9614-96e67e2d1b22", -- Statement_ID : UNIQUE_ID
    "a10a83cd-e769-4704-b4bf-612bd4c7d52a", -- r_Value_ID : UNIQUE_ID
    "25f5c9e6-386b-48ec-a917-75d1ab25df2d", -- l_Value_ID : UNIQUE_ID
    0, -- attributeLineNumber : INTEGER
    0 -- attributeColumn : INTEGER
);
INSERT INTO ACT_AI VALUES (
    "905f849d-e072-4510-aae4-e4211fa6ff6a", -- Statement_ID : UNIQUE_ID
    "d9f352cf-ec1b-4b5b-859c-b259abd35c31", -- r_Value_ID : UNIQUE_ID
    "dd0cc7d1-2625-487c-8e4f-70231afaad8f", -- l_Value_ID : UNIQUE_ID
    0, -- attributeLineNumber : INTEGER
    0 -- attributeColumn : INTEGER
);
INSERT INTO ACT_AI VALUES (
    "06154a5b-97f5-438a-96f7-2cac4edfb2c5", -- Statement_ID : UNIQUE_ID
    "3293a068-f54a-4bc1-a212-07d32b997a78", -- r_Value_ID : UNIQUE_ID
    "9e8ef935-885e-4c23-8966-015b335b5c1a", -- l_Value_ID : UNIQUE_ID
    0, -- attributeLineNumber : INTEGER
    0 -- attributeColumn : INTEGER
);
INSERT INTO ACT_AI VALUES (
    "c565c6a3-3a94-462f-826f-7d518b8a065a", -- Statement_ID : UNIQUE_ID
    "f57d6bd1-80c6-4ac2-9b59-5955112e9454", -- r_Value_ID : UNIQUE_ID
    "65d1d70e-8cb8-40b0-849a-b4ce4c8333e4", -- l_Value_ID : UNIQUE_ID
    0, -- attributeLineNumber : INTEGER
    0 -- attributeColumn : INTEGER
);
INSERT INTO ACT_AI VALUES (
    "53e4df43-3bdd-4a44-b8cb-c1e9b53ed039", -- Statement_ID : UNIQUE_ID
    "7766060e-de01-4c5f-b750-a8f8cc85a05f", -- r_Value_ID : UNIQUE_ID
    "f0e3ddec-979a-49a8-9d11-f423b1c5d2aa", -- l_Value_ID : UNIQUE_ID
    0, -- attributeLineNumber : INTEGER
    0 -- attributeColumn : INTEGER
);
INSERT INTO ACT_AI VALUES (
    "611f644d-0db1-45f8-9d61-0fbcdd707741", -- Statement_ID : UNIQUE_ID
    "87a1c143-d5d7-4d3f-b50a-613e0344bdaf", -- r_Value_ID : UNIQUE_ID
    "e01d0854-76f6-47eb-8b42-440ef9214213", -- l_Value_ID : UNIQUE_ID
    0, -- attributeLineNumber : INTEGER
    0 -- attributeColumn : INTEGER
);
INSERT INTO ACT_AI VALUES (
    "e5a135ea-2f27-4597-9874-33a749333b5a", -- Statement_ID : UNIQUE_ID
    "9be5b790-733f-455c-b3d4-b06cf3b2b7b1", -- r_Value_ID : UNIQUE_ID
    "377f27a1-058f-4de7-a262-238fd1f4c0bb", -- l_Value_ID : UNIQUE_ID
    0, -- attributeLineNumber : INTEGER
    0 -- attributeColumn : INTEGER
);
INSERT INTO ACT_AI VALUES (
    "f7ed2560-f39d-4043-9f04-6a991db8b287", -- Statement_ID : UNIQUE_ID
    "34ded956-9eab-4b7c-81c0-997e30b94e53", -- r_Value_ID : UNIQUE_ID
    "8ba01602-8730-4d43-a789-5493cd1d51f1", -- l_Value_ID : UNIQUE_ID
    0, -- attributeLineNumber : INTEGER
    0 -- attributeColumn : INTEGER
);
INSERT INTO ACT_AI VALUES (
    "d595a48a-ca77-41b1-aa20-98a31d9852e1", -- Statement_ID : UNIQUE_ID
    "1e0938b8-63f2-4938-a6f3-b3bb0f0385a3", -- r_Value_ID : UNIQUE_ID
    "89074d0d-5fb6-4ae6-bc33-04685cce5f2c", -- l_Value_ID : UNIQUE_ID
    0, -- attributeLineNumber : INTEGER
    0 -- attributeColumn : INTEGER
);
INSERT INTO ACT_AI VALUES (
    "88132407-ed30-416f-b66e-a67ce9cf73fa", -- Statement_ID : UNIQUE_ID
    "e014f18c-4aa1-471b-91aa-43317a110d54", -- r_Value_ID : UNIQUE_ID
    "20143a93-68e8-423b-bc5a-af9f941e29e6", -- l_Value_ID : UNIQUE_ID
    0, -- attributeLineNumber : INTEGER
    0 -- attributeColumn : INTEGER
);
INSERT INTO ACT_AI VALUES (
    "dc68c853-bde4-41e9-9ec6-8c7d0046f000", -- Statement_ID : UNIQUE_ID
    "f721b43d-910d-440c-8635-4b3ae068cdf8", -- r_Value_ID : UNIQUE_ID
    "c441586b-e496-480a-9289-a342179b740d", -- l_Value_ID : UNIQUE_ID
    0, -- attributeLineNumber : INTEGER
    0 -- attributeColumn : INTEGER
);
INSERT INTO ACT_AI VALUES (
    "27c7f518-076c-4a72-b654-618fbb271e7a", -- Statement_ID : UNIQUE_ID
    "b15224c4-6c5b-4e19-9d45-1acc86b8090e", -- r_Value_ID : UNIQUE_ID
    "21a24083-9e89-4bec-9820-e96a272fde49", -- l_Value_ID : UNIQUE_ID
    0, -- attributeLineNumber : INTEGER
    0 -- attributeColumn : INTEGER
);
INSERT INTO ACT_AI VALUES (
    "58e31f87-c324-4653-9250-fdeeb9771c40", -- Statement_ID : UNIQUE_ID
    "ff404dbb-e8ab-41f4-b159-0b3f09d7c73d", -- r_Value_ID : UNIQUE_ID
    "d4ebaf6c-535b-4142-ad01-56a908ef20ec", -- l_Value_ID : UNIQUE_ID
    0, -- attributeLineNumber : INTEGER
    0 -- attributeColumn : INTEGER
);
INSERT INTO ACT_AI VALUES (
    "bf467537-f481-4a7f-84e1-986c14791192", -- Statement_ID : UNIQUE_ID
    "d714ed55-d3bf-4e2d-8341-a51d71a5233d", -- r_Value_ID : UNIQUE_ID
    "d6f879d6-3457-4f76-bb45-8311428d322f", -- l_Value_ID : UNIQUE_ID
    0, -- attributeLineNumber : INTEGER
    0 -- attributeColumn : INTEGER
);
INSERT INTO ACT_BLK VALUES (
    "993d53b2-1c48-4b3a-be57-917b6b3a6cf1", -- Block_ID : UNIQUE_ID
    0, -- WhereSpecOK : BOOLEAN
    0, -- InWhereSpec : BOOLEAN
    0, -- SelectedFound : BOOLEAN
    '', -- TempBuffer : STRING
    '', -- SupData1 : STRING
    '', -- SupData2 : STRING
    0, -- CurrentLine : INTEGER
    0, -- CurrentCol : INTEGER
    0, -- currentKeyLettersLineNumber : INTEGER
    0, -- currentKeyLettersColumn : INTEGER
    0, -- currentParameterAssignmentNameLineNumber : INTEGER
    0, -- currentParameterAssignmentNameColumn : INTEGER
    0, -- currentAssociationNumberLineNumber : INTEGER
    0, -- currentAssociationNumberColumn : INTEGER
    0, -- currentAssociationPhraseLineNumber : INTEGER
    0, -- currentAssociationPhraseColumn : INTEGER
    0, -- currentDataTypeNameLineNumber : INTEGER
    0, -- currentDataTypeNameColumn : INTEGER
    0, -- blockInStackFrameCreated : BOOLEAN
    "b4fea7f3-6d8f-444b-8af6-130f07956f83", -- Action_ID : UNIQUE_ID
    "76be83a5-619f-47f4-a036-28431039a5e0" -- Parsed_Action_ID : UNIQUE_ID
);
INSERT INTO ACT_BLK VALUES (
    "74c74b71-d58a-4f1f-be3c-3e9ebbff8cdf", -- Block_ID : UNIQUE_ID
    0, -- WhereSpecOK : BOOLEAN
    0, -- InWhereSpec : BOOLEAN
    0, -- SelectedFound : BOOLEAN
    '', -- TempBuffer : STRING
    '', -- SupData1 : STRING
    '', -- SupData2 : STRING
    0, -- CurrentLine : INTEGER
    0, -- CurrentCol : INTEGER
    0, -- currentKeyLettersLineNumber : INTEGER
    0, -- currentKeyLettersColumn : INTEGER
    0, -- currentParameterAssignmentNameLineNumber : INTEGER
    0, -- currentParameterAssignmentNameColumn : INTEGER
    0, -- currentAssociationNumberLineNumber : INTEGER
    0, -- currentAssociationNumberColumn : INTEGER
    0, -- currentAssociationPhraseLineNumber : INTEGER
    0, -- currentAssociationPhraseColumn : INTEGER
    0, -- currentDataTypeNameLineNumber : INTEGER
    0, -- currentDataTypeNameColumn : INTEGER
    0, -- blockInStackFrameCreated : BOOLEAN
    "ecae1599-e2e0-44aa-aee6-5b943b733886", -- Action_ID : UNIQUE_ID
    "1397f813-8186-46f9-ac2c-953979c34aec" -- Parsed_Action_ID : UNIQUE_ID
);
INSERT INTO ACT_BLK VALUES (
    "0bf799be-20eb-47cc-81d6-519aa401313b", -- Block_ID : UNIQUE_ID
    0, -- WhereSpecOK : BOOLEAN
    0, -- InWhereSpec : BOOLEAN
    0, -- SelectedFound : BOOLEAN
    '', -- TempBuffer : STRING
    '', -- SupData1 : STRING
    '', -- SupData2 : STRING
    0, -- CurrentLine : INTEGER
    0, -- CurrentCol : INTEGER
    0, -- currentKeyLettersLineNumber : INTEGER
    0, -- currentKeyLettersColumn : INTEGER
    0, -- currentParameterAssignmentNameLineNumber : INTEGER
    0, -- currentParameterAssignmentNameColumn : INTEGER
    0, -- currentAssociationNumberLineNumber : INTEGER
    0, -- currentAssociationNumberColumn : INTEGER
    0, -- currentAssociationPhraseLineNumber : INTEGER
    0, -- currentAssociationPhraseColumn : INTEGER
    0, -- currentDataTypeNameLineNumber : INTEGER
    0, -- currentDataTypeNameColumn : INTEGER
    0, -- blockInStackFrameCreated : BOOLEAN
    "ccd09a55-7020-41f4-951c-975b79ebd444", -- Action_ID : UNIQUE_ID
    "3a1ab863-1902-41f9-9927-423a57b125fe" -- Parsed_Action_ID : UNIQUE_ID
);
INSERT INTO ACT_BLK VALUES (
    "f160d6b3-4947-4d2e-8d55-3882431d79f8", -- Block_ID : UNIQUE_ID
    0, -- WhereSpecOK : BOOLEAN
    0, -- InWhereSpec : BOOLEAN
    0, -- SelectedFound : BOOLEAN
    '', -- TempBuffer : STRING
    '', -- SupData1 : STRING
    '', -- SupData2 : STRING
    0, -- CurrentLine : INTEGER
    0, -- CurrentCol : INTEGER
    0, -- currentKeyLettersLineNumber : INTEGER
    0, -- currentKeyLettersColumn : INTEGER
    0, -- currentParameterAssignmentNameLineNumber : INTEGER
    0, -- currentParameterAssignmentNameColumn : INTEGER
    0, -- currentAssociationNumberLineNumber : INTEGER
    0, -- currentAssociationNumberColumn : INTEGER
    0, -- currentAssociationPhraseLineNumber : INTEGER
    0, -- currentAssociationPhraseColumn : INTEGER
    0, -- currentDataTypeNameLineNumber : INTEGER
    0, -- currentDataTypeNameColumn : INTEGER
    0, -- blockInStackFrameCreated : BOOLEAN
    "61a20478-214a-4be0-ada5-c958a61593b6", -- Action_ID : UNIQUE_ID
    "45bbfa8c-e34f-4dd4-80f0-f7f600e08c3e" -- Parsed_Action_ID : UNIQUE_ID
);
INSERT INTO ACT_BLK VALUES (
    "215f8e57-7854-48d3-8f67-a9fb97090dd7", -- Block_ID : UNIQUE_ID
    0, -- WhereSpecOK : BOOLEAN
    0, -- InWhereSpec : BOOLEAN
    0, -- SelectedFound : BOOLEAN
    '', -- TempBuffer : STRING
    '', -- SupData1 : STRING
    '', -- SupData2 : STRING
    0, -- CurrentLine : INTEGER
    0, -- CurrentCol : INTEGER
    0, -- currentKeyLettersLineNumber : INTEGER
    0, -- currentKeyLettersColumn : INTEGER
    0, -- currentParameterAssignmentNameLineNumber : INTEGER
    0, -- currentParameterAssignmentNameColumn : INTEGER
    0, -- currentAssociationNumberLineNumber : INTEGER
    0, -- currentAssociationNumberColumn : INTEGER
    0, -- currentAssociationPhraseLineNumber : INTEGER
    0, -- currentAssociationPhraseColumn : INTEGER
    0, -- currentDataTypeNameLineNumber : INTEGER
    0, -- currentDataTypeNameColumn : INTEGER
    0, -- blockInStackFrameCreated : BOOLEAN
    "e46c1dc6-b8f0-4a59-9ecd-389ac95f63d8", -- Action_ID : UNIQUE_ID
    "73363f35-c417-426e-9922-b4dc29edbb4e" -- Parsed_Action_ID : UNIQUE_ID
);
INSERT INTO ACT_BLK VALUES (
    "8af86748-f801-4cc3-b9d6-1e2a97fd6887", -- Block_ID : UNIQUE_ID
    0, -- WhereSpecOK : BOOLEAN
    0, -- InWhereSpec : BOOLEAN
    0, -- SelectedFound : BOOLEAN
    '', -- TempBuffer : STRING
    '', -- SupData1 : STRING
    '', -- SupData2 : STRING
    0, -- CurrentLine : INTEGER
    0, -- CurrentCol : INTEGER
    0, -- currentKeyLettersLineNumber : INTEGER
    0, -- currentKeyLettersColumn : INTEGER
    0, -- currentParameterAssignmentNameLineNumber : INTEGER
    0, -- currentParameterAssignmentNameColumn : INTEGER
    0, -- currentAssociationNumberLineNumber : INTEGER
    0, -- currentAssociationNumberColumn : INTEGER
    0, -- currentAssociationPhraseLineNumber : INTEGER
    0, -- currentAssociationPhraseColumn : INTEGER
    0, -- currentDataTypeNameLineNumber : INTEGER
    0, -- currentDataTypeNameColumn : INTEGER
    0, -- blockInStackFrameCreated : BOOLEAN
    "97cb39d6-0d78-4a3d-a8b3-e869399bc165", -- Action_ID : UNIQUE_ID
    "b1d354bd-339e-400a-8e5b-debd4f9cd62b" -- Parsed_Action_ID : UNIQUE_ID
);
INSERT INTO ACT_BLK VALUES (
    "c267bbb0-4d3a-4adf-a220-a7e4e2babfb8", -- Block_ID : UNIQUE_ID
    0, -- WhereSpecOK : BOOLEAN
    0, -- InWhereSpec : BOOLEAN
    0, -- SelectedFound : BOOLEAN
    '', -- TempBuffer : STRING
    '', -- SupData1 : STRING
    '', -- SupData2 : STRING
    0, -- CurrentLine : INTEGER
    0, -- CurrentCol : INTEGER
    0, -- currentKeyLettersLineNumber : INTEGER
    0, -- currentKeyLettersColumn : INTEGER
    0, -- currentParameterAssignmentNameLineNumber : INTEGER
    0, -- currentParameterAssignmentNameColumn : INTEGER
    0, -- currentAssociationNumberLineNumber : INTEGER
    0, -- currentAssociationNumberColumn : INTEGER
    0, -- currentAssociationPhraseLineNumber : INTEGER
    0, -- currentAssociationPhraseColumn : INTEGER
    0, -- currentDataTypeNameLineNumber : INTEGER
    0, -- currentDataTypeNameColumn : INTEGER
    0, -- blockInStackFrameCreated : BOOLEAN
    "15019906-efcd-4a51-9751-65b0cf2b8a22", -- Action_ID : UNIQUE_ID
    "edee519b-ac7a-4860-ab27-2d10637f9b4b" -- Parsed_Action_ID : UNIQUE_ID
);
INSERT INTO ACT_BLK VALUES (
    "c5920164-43f7-40f3-8a97-6f3956aecc03", -- Block_ID : UNIQUE_ID
    0, -- WhereSpecOK : BOOLEAN
    0, -- InWhereSpec : BOOLEAN
    0, -- SelectedFound : BOOLEAN
    '', -- TempBuffer : STRING
    '', -- SupData1 : STRING
    '', -- SupData2 : STRING
    0, -- CurrentLine : INTEGER
    0, -- CurrentCol : INTEGER
    0, -- currentKeyLettersLineNumber : INTEGER
    0, -- currentKeyLettersColumn : INTEGER
    0, -- currentParameterAssignmentNameLineNumber : INTEGER
    0, -- currentParameterAssignmentNameColumn : INTEGER
    0, -- currentAssociationNumberLineNumber : INTEGER
    0, -- currentAssociationNumberColumn : INTEGER
    0, -- currentAssociationPhraseLineNumber : INTEGER
    0, -- currentAssociationPhraseColumn : INTEGER
    0, -- currentDataTypeNameLineNumber : INTEGER
    0, -- currentDataTypeNameColumn : INTEGER
    0, -- blockInStackFrameCreated : BOOLEAN
    "94281f0d-d0d6-4e9a-84f5-40eb3f6c61e3", -- Action_ID : UNIQUE_ID
    "8ab9d81f-5158-4f87-b8d8-2ace235908af" -- Parsed_Action_ID : UNIQUE_ID
);
INSERT INTO ACT_BLK VALUES (
    "38fc7538-c03b-4533-982f-ea14930b585d", -- Block_ID : UNIQUE_ID
    0, -- WhereSpecOK : BOOLEAN
    0, -- InWhereSpec : BOOLEAN
    0, -- SelectedFound : BOOLEAN
    '', -- TempBuffer : STRING
    '', -- SupData1 : STRING
    '', -- SupData2 : STRING
    0, -- CurrentLine : INTEGER
    0, -- CurrentCol : INTEGER
    0, -- currentKeyLettersLineNumber : INTEGER
    0, -- currentKeyLettersColumn : INTEGER
    0, -- currentParameterAssignmentNameLineNumber : INTEGER
    0, -- currentParameterAssignmentNameColumn : INTEGER
    0, -- currentAssociationNumberLineNumber : INTEGER
    0, -- currentAssociationNumberColumn : INTEGER
    0, -- currentAssociationPhraseLineNumber : INTEGER
    0, -- currentAssociationPhraseColumn : INTEGER
    0, -- currentDataTypeNameLineNumber : INTEGER
    0, -- currentDataTypeNameColumn : INTEGER
    0, -- blockInStackFrameCreated : BOOLEAN
    "816e6ee1-6ebf-4e11-bb2a-532446f7223d", -- Action_ID : UNIQUE_ID
    "74392190-8130-44f1-9987-e0f79f71f07e" -- Parsed_Action_ID : UNIQUE_ID
);
INSERT INTO ACT_BLK VALUES (
    "07d7cd74-d309-468c-b542-5a7c31fc2633", -- Block_ID : UNIQUE_ID
    0, -- WhereSpecOK : BOOLEAN
    0, -- InWhereSpec : BOOLEAN
    0, -- SelectedFound : BOOLEAN
    '', -- TempBuffer : STRING
    '', -- SupData1 : STRING
    '', -- SupData2 : STRING
    0, -- CurrentLine : INTEGER
    0, -- CurrentCol : INTEGER
    0, -- currentKeyLettersLineNumber : INTEGER
    0, -- currentKeyLettersColumn : INTEGER
    0, -- currentParameterAssignmentNameLineNumber : INTEGER
    0, -- currentParameterAssignmentNameColumn : INTEGER
    0, -- currentAssociationNumberLineNumber : INTEGER
    0, -- currentAssociationNumberColumn : INTEGER
    0, -- currentAssociationPhraseLineNumber : INTEGER
    0, -- currentAssociationPhraseColumn : INTEGER
    0, -- currentDataTypeNameLineNumber : INTEGER
    0, -- currentDataTypeNameColumn : INTEGER
    0, -- blockInStackFrameCreated : BOOLEAN
    "7bc2c566-108e-4edc-bf30-3adcb7e62d02", -- Action_ID : UNIQUE_ID
    "eeee5eb6-5578-446d-82c4-92b7a95b4cf0" -- Parsed_Action_ID : UNIQUE_ID
);
INSERT INTO ACT_BLK VALUES (
    "902f5319-b981-47ec-b04e-fb9895491345", -- Block_ID : UNIQUE_ID
    0, -- WhereSpecOK : BOOLEAN
    0, -- InWhereSpec : BOOLEAN
    0, -- SelectedFound : BOOLEAN
    '', -- TempBuffer : STRING
    '', -- SupData1 : STRING
    '', -- SupData2 : STRING
    0, -- CurrentLine : INTEGER
    0, -- CurrentCol : INTEGER
    0, -- currentKeyLettersLineNumber : INTEGER
    0, -- currentKeyLettersColumn : INTEGER
    0, -- currentParameterAssignmentNameLineNumber : INTEGER
    0, -- currentParameterAssignmentNameColumn : INTEGER
    0, -- currentAssociationNumberLineNumber : INTEGER
    0, -- currentAssociationNumberColumn : INTEGER
    0, -- currentAssociationPhraseLineNumber : INTEGER
    0, -- currentAssociationPhraseColumn : INTEGER
    0, -- currentDataTypeNameLineNumber : INTEGER
    0, -- currentDataTypeNameColumn : INTEGER
    0, -- blockInStackFrameCreated : BOOLEAN
    "b8adf20a-0a18-472d-9312-0e5aef8da5d7", -- Action_ID : UNIQUE_ID
    "50ec82cd-9b17-48e3-8fa4-0960834d461a" -- Parsed_Action_ID : UNIQUE_ID
);
INSERT INTO ACT_BLK VALUES (
    "905e7487-6306-4d15-90fb-56274d9b009f", -- Block_ID : UNIQUE_ID
    0, -- WhereSpecOK : BOOLEAN
    0, -- InWhereSpec : BOOLEAN
    0, -- SelectedFound : BOOLEAN
    '', -- TempBuffer : STRING
    '', -- SupData1 : STRING
    '', -- SupData2 : STRING
    0, -- CurrentLine : INTEGER
    0, -- CurrentCol : INTEGER
    0, -- currentKeyLettersLineNumber : INTEGER
    0, -- currentKeyLettersColumn : INTEGER
    0, -- currentParameterAssignmentNameLineNumber : INTEGER
    0, -- currentParameterAssignmentNameColumn : INTEGER
    0, -- currentAssociationNumberLineNumber : INTEGER
    0, -- currentAssociationNumberColumn : INTEGER
    0, -- currentAssociationPhraseLineNumber : INTEGER
    0, -- currentAssociationPhraseColumn : INTEGER
    0, -- currentDataTypeNameLineNumber : INTEGER
    0, -- currentDataTypeNameColumn : INTEGER
    0, -- blockInStackFrameCreated : BOOLEAN
    "42c15989-11fc-462f-9a6a-7111af2818b2", -- Action_ID : UNIQUE_ID
    "04cbd9af-8ec3-48a4-afa1-f280b2383fe4" -- Parsed_Action_ID : UNIQUE_ID
);
INSERT INTO ACT_BLK VALUES (
    "ce3ebe4e-abbb-4df7-81ca-9cf1fa03ce10", -- Block_ID : UNIQUE_ID
    0, -- WhereSpecOK : BOOLEAN
    0, -- InWhereSpec : BOOLEAN
    0, -- SelectedFound : BOOLEAN
    '', -- TempBuffer : STRING
    '', -- SupData1 : STRING
    '', -- SupData2 : STRING
    0, -- CurrentLine : INTEGER
    0, -- CurrentCol : INTEGER
    0, -- currentKeyLettersLineNumber : INTEGER
    0, -- currentKeyLettersColumn : INTEGER
    0, -- currentParameterAssignmentNameLineNumber : INTEGER
    0, -- currentParameterAssignmentNameColumn : INTEGER
    0, -- currentAssociationNumberLineNumber : INTEGER
    0, -- currentAssociationNumberColumn : INTEGER
    0, -- currentAssociationPhraseLineNumber : INTEGER
    0, -- currentAssociationPhraseColumn : INTEGER
    0, -- currentDataTypeNameLineNumber : INTEGER
    0, -- currentDataTypeNameColumn : INTEGER
    0, -- blockInStackFrameCreated : BOOLEAN
    "cb9d049c-4f1c-4822-96ea-bd67df776328", -- Action_ID : UNIQUE_ID
    "c70ab4e7-4da6-449d-8742-0721672d1333" -- Parsed_Action_ID : UNIQUE_ID
);
INSERT INTO ACT_BLK VALUES (
    "57a33f20-f6aa-44c7-98a6-f16c86ca03f2", -- Block_ID : UNIQUE_ID
    0, -- WhereSpecOK : BOOLEAN
    0, -- InWhereSpec : BOOLEAN
    0, -- SelectedFound : BOOLEAN
    '', -- TempBuffer : STRING
    '', -- SupData1 : STRING
    '', -- SupData2 : STRING
    0, -- CurrentLine : INTEGER
    0, -- CurrentCol : INTEGER
    0, -- currentKeyLettersLineNumber : INTEGER
    0, -- currentKeyLettersColumn : INTEGER
    0, -- currentParameterAssignmentNameLineNumber : INTEGER
    0, -- currentParameterAssignmentNameColumn : INTEGER
    0, -- currentAssociationNumberLineNumber : INTEGER
    0, -- currentAssociationNumberColumn : INTEGER
    0, -- currentAssociationPhraseLineNumber : INTEGER
    0, -- currentAssociationPhraseColumn : INTEGER
    0, -- currentDataTypeNameLineNumber : INTEGER
    0, -- currentDataTypeNameColumn : INTEGER
    0, -- blockInStackFrameCreated : BOOLEAN
    "5ae65bbb-1759-46da-ac97-aa53cf2a5fe0", -- Action_ID : UNIQUE_ID
    "10688f3d-fb0a-42da-8db8-fe21c184a5fa" -- Parsed_Action_ID : UNIQUE_ID
);
INSERT INTO ACT_BLK VALUES (
    "ee93644f-07fe-4272-a951-b86f290048e5", -- Block_ID : UNIQUE_ID
    0, -- WhereSpecOK : BOOLEAN
    0, -- InWhereSpec : BOOLEAN
    0, -- SelectedFound : BOOLEAN
    '', -- TempBuffer : STRING
    '', -- SupData1 : STRING
    '', -- SupData2 : STRING
    0, -- CurrentLine : INTEGER
    0, -- CurrentCol : INTEGER
    0, -- currentKeyLettersLineNumber : INTEGER
    0, -- currentKeyLettersColumn : INTEGER
    0, -- currentParameterAssignmentNameLineNumber : INTEGER
    0, -- currentParameterAssignmentNameColumn : INTEGER
    0, -- currentAssociationNumberLineNumber : INTEGER
    0, -- currentAssociationNumberColumn : INTEGER
    0, -- currentAssociationPhraseLineNumber : INTEGER
    0, -- currentAssociationPhraseColumn : INTEGER
    0, -- currentDataTypeNameLineNumber : INTEGER
    0, -- currentDataTypeNameColumn : INTEGER
    0, -- blockInStackFrameCreated : BOOLEAN
    "fbe28d66-9954-43c5-b3ef-138fe5566c8d", -- Action_ID : UNIQUE_ID
    "90281b0e-89b6-4e16-8c4a-6e441692b05d" -- Parsed_Action_ID : UNIQUE_ID
);
INSERT INTO ACT_BLK VALUES (
    "6a48f139-d2df-4fac-b3df-673e019bee8a", -- Block_ID : UNIQUE_ID
    0, -- WhereSpecOK : BOOLEAN
    0, -- InWhereSpec : BOOLEAN
    0, -- SelectedFound : BOOLEAN
    '', -- TempBuffer : STRING
    '', -- SupData1 : STRING
    '', -- SupData2 : STRING
    0, -- CurrentLine : INTEGER
    0, -- CurrentCol : INTEGER
    0, -- currentKeyLettersLineNumber : INTEGER
    0, -- currentKeyLettersColumn : INTEGER
    0, -- currentParameterAssignmentNameLineNumber : INTEGER
    0, -- currentParameterAssignmentNameColumn : INTEGER
    0, -- currentAssociationNumberLineNumber : INTEGER
    0, -- currentAssociationNumberColumn : INTEGER
    0, -- currentAssociationPhraseLineNumber : INTEGER
    0, -- currentAssociationPhraseColumn : INTEGER
    0, -- currentDataTypeNameLineNumber : INTEGER
    0, -- currentDataTypeNameColumn : INTEGER
    0, -- blockInStackFrameCreated : BOOLEAN
    "23efe85f-267d-4d3c-9a6e-5189c6059d9b", -- Action_ID : UNIQUE_ID
    "6732e1b8-9232-489c-b461-ae68b02fac34" -- Parsed_Action_ID : UNIQUE_ID
);
INSERT INTO ACT_BLK VALUES (
    "b1e95472-02f4-4226-9660-2297f20bc7cd", -- Block_ID : UNIQUE_ID
    0, -- WhereSpecOK : BOOLEAN
    0, -- InWhereSpec : BOOLEAN
    0, -- SelectedFound : BOOLEAN
    '', -- TempBuffer : STRING
    '', -- SupData1 : STRING
    '', -- SupData2 : STRING
    0, -- CurrentLine : INTEGER
    0, -- CurrentCol : INTEGER
    0, -- currentKeyLettersLineNumber : INTEGER
    0, -- currentKeyLettersColumn : INTEGER
    0, -- currentParameterAssignmentNameLineNumber : INTEGER
    0, -- currentParameterAssignmentNameColumn : INTEGER
    0, -- currentAssociationNumberLineNumber : INTEGER
    0, -- currentAssociationNumberColumn : INTEGER
    0, -- currentAssociationPhraseLineNumber : INTEGER
    0, -- currentAssociationPhraseColumn : INTEGER
    0, -- currentDataTypeNameLineNumber : INTEGER
    0, -- currentDataTypeNameColumn : INTEGER
    0, -- blockInStackFrameCreated : BOOLEAN
    "2008a023-b92c-460c-a632-e5a15498cb95", -- Action_ID : UNIQUE_ID
    "c067cf81-6b82-4f07-941f-ac3b3a4d273b" -- Parsed_Action_ID : UNIQUE_ID
);
INSERT INTO ACT_BLK VALUES (
    "0b92ed3d-7fb1-4da6-908a-4c6d3671d409", -- Block_ID : UNIQUE_ID
    0, -- WhereSpecOK : BOOLEAN
    0, -- InWhereSpec : BOOLEAN
    0, -- SelectedFound : BOOLEAN
    '', -- TempBuffer : STRING
    '', -- SupData1 : STRING
    '', -- SupData2 : STRING
    0, -- CurrentLine : INTEGER
    0, -- CurrentCol : INTEGER
    0, -- currentKeyLettersLineNumber : INTEGER
    0, -- currentKeyLettersColumn : INTEGER
    0, -- currentParameterAssignmentNameLineNumber : INTEGER
    0, -- currentParameterAssignmentNameColumn : INTEGER
    0, -- currentAssociationNumberLineNumber : INTEGER
    0, -- currentAssociationNumberColumn : INTEGER
    0, -- currentAssociationPhraseLineNumber : INTEGER
    0, -- currentAssociationPhraseColumn : INTEGER
    0, -- currentDataTypeNameLineNumber : INTEGER
    0, -- currentDataTypeNameColumn : INTEGER
    0, -- blockInStackFrameCreated : BOOLEAN
    "715fc0f6-d483-4cea-a32f-3e6767c7d81b", -- Action_ID : UNIQUE_ID
    "a1c48b12-3a38-43f9-9ec0-334b3fcb5423" -- Parsed_Action_ID : UNIQUE_ID
);
INSERT INTO ACT_BLK VALUES (
    "82ca1372-095b-46ae-b256-8c1140144c11", -- Block_ID : UNIQUE_ID
    0, -- WhereSpecOK : BOOLEAN
    0, -- InWhereSpec : BOOLEAN
    0, -- SelectedFound : BOOLEAN
    '', -- TempBuffer : STRING
    '', -- SupData1 : STRING
    '', -- SupData2 : STRING
    0, -- CurrentLine : INTEGER
    0, -- CurrentCol : INTEGER
    0, -- currentKeyLettersLineNumber : INTEGER
    0, -- currentKeyLettersColumn : INTEGER
    0, -- currentParameterAssignmentNameLineNumber : INTEGER
    0, -- currentParameterAssignmentNameColumn : INTEGER
    0, -- currentAssociationNumberLineNumber : INTEGER
    0, -- currentAssociationNumberColumn : INTEGER
    0, -- currentAssociationPhraseLineNumber : INTEGER
    0, -- currentAssociationPhraseColumn : INTEGER
    0, -- currentDataTypeNameLineNumber : INTEGER
    0, -- currentDataTypeNameColumn : INTEGER
    0, -- blockInStackFrameCreated : BOOLEAN
    "b3822351-4520-43c3-a9b9-334487599977", -- Action_ID : UNIQUE_ID
    "9e226efe-8b7b-4aeb-a4c1-96780c22d424" -- Parsed_Action_ID : UNIQUE_ID
);
INSERT INTO ACT_BLK VALUES (
    "345c822c-6d6c-4d2c-8f50-17d343b12c30", -- Block_ID : UNIQUE_ID
    0, -- WhereSpecOK : BOOLEAN
    0, -- InWhereSpec : BOOLEAN
    0, -- SelectedFound : BOOLEAN
    '', -- TempBuffer : STRING
    '', -- SupData1 : STRING
    '', -- SupData2 : STRING
    0, -- CurrentLine : INTEGER
    0, -- CurrentCol : INTEGER
    0, -- currentKeyLettersLineNumber : INTEGER
    0, -- currentKeyLettersColumn : INTEGER
    0, -- currentParameterAssignmentNameLineNumber : INTEGER
    0, -- currentParameterAssignmentNameColumn : INTEGER
    0, -- currentAssociationNumberLineNumber : INTEGER
    0, -- currentAssociationNumberColumn : INTEGER
    0, -- currentAssociationPhraseLineNumber : INTEGER
    0, -- currentAssociationPhraseColumn : INTEGER
    0, -- currentDataTypeNameLineNumber : INTEGER
    0, -- currentDataTypeNameColumn : INTEGER
    0, -- blockInStackFrameCreated : BOOLEAN
    "ca9bd5fd-8684-4c29-afae-ed686e04d14b", -- Action_ID : UNIQUE_ID
    "0c3e5486-fa7c-44ba-94e2-5917905f1066" -- Parsed_Action_ID : UNIQUE_ID
);
INSERT INTO ACT_BLK VALUES (
    "f69e252c-6850-48ae-9543-3aca15990a9e", -- Block_ID : UNIQUE_ID
    0, -- WhereSpecOK : BOOLEAN
    0, -- InWhereSpec : BOOLEAN
    0, -- SelectedFound : BOOLEAN
    '', -- TempBuffer : STRING
    '', -- SupData1 : STRING
    '', -- SupData2 : STRING
    0, -- CurrentLine : INTEGER
    0, -- CurrentCol : INTEGER
    0, -- currentKeyLettersLineNumber : INTEGER
    0, -- currentKeyLettersColumn : INTEGER
    0, -- currentParameterAssignmentNameLineNumber : INTEGER
    0, -- currentParameterAssignmentNameColumn : INTEGER
    0, -- currentAssociationNumberLineNumber : INTEGER
    0, -- currentAssociationNumberColumn : INTEGER
    0, -- currentAssociationPhraseLineNumber : INTEGER
    0, -- currentAssociationPhraseColumn : INTEGER
    0, -- currentDataTypeNameLineNumber : INTEGER
    0, -- currentDataTypeNameColumn : INTEGER
    0, -- blockInStackFrameCreated : BOOLEAN
    "f29a2b49-3115-4b52-ae26-7fbb3aecceef", -- Action_ID : UNIQUE_ID
    "724fe9ba-6e71-44d3-a014-431a87bb3d44" -- Parsed_Action_ID : UNIQUE_ID
);
INSERT INTO ACT_BLK VALUES (
    "94acb53a-7e79-4602-96a1-06da738db503", -- Block_ID : UNIQUE_ID
    0, -- WhereSpecOK : BOOLEAN
    0, -- InWhereSpec : BOOLEAN
    0, -- SelectedFound : BOOLEAN
    '', -- TempBuffer : STRING
    '', -- SupData1 : STRING
    '', -- SupData2 : STRING
    0, -- CurrentLine : INTEGER
    0, -- CurrentCol : INTEGER
    0, -- currentKeyLettersLineNumber : INTEGER
    0, -- currentKeyLettersColumn : INTEGER
    0, -- currentParameterAssignmentNameLineNumber : INTEGER
    0, -- currentParameterAssignmentNameColumn : INTEGER
    0, -- currentAssociationNumberLineNumber : INTEGER
    0, -- currentAssociationNumberColumn : INTEGER
    0, -- currentAssociationPhraseLineNumber : INTEGER
    0, -- currentAssociationPhraseColumn : INTEGER
    0, -- currentDataTypeNameLineNumber : INTEGER
    0, -- currentDataTypeNameColumn : INTEGER
    0, -- blockInStackFrameCreated : BOOLEAN
    "3e3b3ef0-9b0c-46c0-a87b-4a21fc8eb294", -- Action_ID : UNIQUE_ID
    "4a98af3c-d679-45b6-b5fa-bd766aebef98" -- Parsed_Action_ID : UNIQUE_ID
);
INSERT INTO ACT_BLK VALUES (
    "2cb2ad0a-3988-408f-8a02-a100f269b6bc", -- Block_ID : UNIQUE_ID
    0, -- WhereSpecOK : BOOLEAN
    0, -- InWhereSpec : BOOLEAN
    0, -- SelectedFound : BOOLEAN
    '', -- TempBuffer : STRING
    '', -- SupData1 : STRING
    '', -- SupData2 : STRING
    0, -- CurrentLine : INTEGER
    0, -- CurrentCol : INTEGER
    0, -- currentKeyLettersLineNumber : INTEGER
    0, -- currentKeyLettersColumn : INTEGER
    0, -- currentParameterAssignmentNameLineNumber : INTEGER
    0, -- currentParameterAssignmentNameColumn : INTEGER
    0, -- currentAssociationNumberLineNumber : INTEGER
    0, -- currentAssociationNumberColumn : INTEGER
    0, -- currentAssociationPhraseLineNumber : INTEGER
    0, -- currentAssociationPhraseColumn : INTEGER
    0, -- currentDataTypeNameLineNumber : INTEGER
    0, -- currentDataTypeNameColumn : INTEGER
    0, -- blockInStackFrameCreated : BOOLEAN
    "a9340676-4ade-4779-8abf-65e7049c42ed", -- Action_ID : UNIQUE_ID
    "1a6b2367-ef04-4b80-a8a9-e2f5db35df4c" -- Parsed_Action_ID : UNIQUE_ID
);
INSERT INTO ACT_BLK VALUES (
    "011dafbc-f623-49c3-a636-6e6d5db8731a", -- Block_ID : UNIQUE_ID
    0, -- WhereSpecOK : BOOLEAN
    0, -- InWhereSpec : BOOLEAN
    0, -- SelectedFound : BOOLEAN
    '', -- TempBuffer : STRING
    '', -- SupData1 : STRING
    '', -- SupData2 : STRING
    0, -- CurrentLine : INTEGER
    0, -- CurrentCol : INTEGER
    0, -- currentKeyLettersLineNumber : INTEGER
    0, -- currentKeyLettersColumn : INTEGER
    0, -- currentParameterAssignmentNameLineNumber : INTEGER
    0, -- currentParameterAssignmentNameColumn : INTEGER
    0, -- currentAssociationNumberLineNumber : INTEGER
    0, -- currentAssociationNumberColumn : INTEGER
    0, -- currentAssociationPhraseLineNumber : INTEGER
    0, -- currentAssociationPhraseColumn : INTEGER
    0, -- currentDataTypeNameLineNumber : INTEGER
    0, -- currentDataTypeNameColumn : INTEGER
    0, -- blockInStackFrameCreated : BOOLEAN
    "571c2422-bde8-4464-b6ac-2286a6bff0ce", -- Action_ID : UNIQUE_ID
    "31e4cc9e-e1b0-4f75-8e42-93746849b09b" -- Parsed_Action_ID : UNIQUE_ID
);
INSERT INTO ACT_BLK VALUES (
    "e35ed31f-ab08-4086-923b-98d157025603", -- Block_ID : UNIQUE_ID
    0, -- WhereSpecOK : BOOLEAN
    0, -- InWhereSpec : BOOLEAN
    0, -- SelectedFound : BOOLEAN
    '', -- TempBuffer : STRING
    '', -- SupData1 : STRING
    '', -- SupData2 : STRING
    0, -- CurrentLine : INTEGER
    0, -- CurrentCol : INTEGER
    0, -- currentKeyLettersLineNumber : INTEGER
    0, -- currentKeyLettersColumn : INTEGER
    0, -- currentParameterAssignmentNameLineNumber : INTEGER
    0, -- currentParameterAssignmentNameColumn : INTEGER
    0, -- currentAssociationNumberLineNumber : INTEGER
    0, -- currentAssociationNumberColumn : INTEGER
    0, -- currentAssociationPhraseLineNumber : INTEGER
    0, -- currentAssociationPhraseColumn : INTEGER
    0, -- currentDataTypeNameLineNumber : INTEGER
    0, -- currentDataTypeNameColumn : INTEGER
    0, -- blockInStackFrameCreated : BOOLEAN
    "7ec55f6a-e3b2-4677-b8b1-cfd728a35b1d", -- Action_ID : UNIQUE_ID
    "fa2d3c76-88cf-4137-bd3c-a6d661dcfd88" -- Parsed_Action_ID : UNIQUE_ID
);
INSERT INTO ACT_BLK VALUES (
    "f7d50679-afc2-45e8-8167-5e93f66455d2", -- Block_ID : UNIQUE_ID
    0, -- WhereSpecOK : BOOLEAN
    0, -- InWhereSpec : BOOLEAN
    0, -- SelectedFound : BOOLEAN
    '', -- TempBuffer : STRING
    '', -- SupData1 : STRING
    '', -- SupData2 : STRING
    0, -- CurrentLine : INTEGER
    0, -- CurrentCol : INTEGER
    0, -- currentKeyLettersLineNumber : INTEGER
    0, -- currentKeyLettersColumn : INTEGER
    0, -- currentParameterAssignmentNameLineNumber : INTEGER
    0, -- currentParameterAssignmentNameColumn : INTEGER
    0, -- currentAssociationNumberLineNumber : INTEGER
    0, -- currentAssociationNumberColumn : INTEGER
    0, -- currentAssociationPhraseLineNumber : INTEGER
    0, -- currentAssociationPhraseColumn : INTEGER
    0, -- currentDataTypeNameLineNumber : INTEGER
    0, -- currentDataTypeNameColumn : INTEGER
    0, -- blockInStackFrameCreated : BOOLEAN
    "0faebd12-3a59-42d5-ad98-47ea279c76fd", -- Action_ID : UNIQUE_ID
    "916636fb-896b-47ff-863d-928500c7be4e" -- Parsed_Action_ID : UNIQUE_ID
);
INSERT INTO ACT_BLK VALUES (
    "4bd1d8ed-ea06-41d1-aed3-4d97e465de2c", -- Block_ID : UNIQUE_ID
    0, -- WhereSpecOK : BOOLEAN
    0, -- InWhereSpec : BOOLEAN
    0, -- SelectedFound : BOOLEAN
    '', -- TempBuffer : STRING
    '', -- SupData1 : STRING
    '', -- SupData2 : STRING
    0, -- CurrentLine : INTEGER
    0, -- CurrentCol : INTEGER
    0, -- currentKeyLettersLineNumber : INTEGER
    0, -- currentKeyLettersColumn : INTEGER
    0, -- currentParameterAssignmentNameLineNumber : INTEGER
    0, -- currentParameterAssignmentNameColumn : INTEGER
    0, -- currentAssociationNumberLineNumber : INTEGER
    0, -- currentAssociationNumberColumn : INTEGER
    0, -- currentAssociationPhraseLineNumber : INTEGER
    0, -- currentAssociationPhraseColumn : INTEGER
    0, -- currentDataTypeNameLineNumber : INTEGER
    0, -- currentDataTypeNameColumn : INTEGER
    0, -- blockInStackFrameCreated : BOOLEAN
    "4bc76736-14f3-4939-b9d8-212daf968048", -- Action_ID : UNIQUE_ID
    "9a361dcd-cd22-4af3-be92-1bf09a098ec5" -- Parsed_Action_ID : UNIQUE_ID
);
INSERT INTO ACT_BLK VALUES (
    "01b1b16c-6c7d-47d7-a860-3c9d4318f7c6", -- Block_ID : UNIQUE_ID
    0, -- WhereSpecOK : BOOLEAN
    0, -- InWhereSpec : BOOLEAN
    0, -- SelectedFound : BOOLEAN
    '', -- TempBuffer : STRING
    '', -- SupData1 : STRING
    '', -- SupData2 : STRING
    0, -- CurrentLine : INTEGER
    0, -- CurrentCol : INTEGER
    0, -- currentKeyLettersLineNumber : INTEGER
    0, -- currentKeyLettersColumn : INTEGER
    0, -- currentParameterAssignmentNameLineNumber : INTEGER
    0, -- currentParameterAssignmentNameColumn : INTEGER
    0, -- currentAssociationNumberLineNumber : INTEGER
    0, -- currentAssociationNumberColumn : INTEGER
    0, -- currentAssociationPhraseLineNumber : INTEGER
    0, -- currentAssociationPhraseColumn : INTEGER
    0, -- currentDataTypeNameLineNumber : INTEGER
    0, -- currentDataTypeNameColumn : INTEGER
    0, -- blockInStackFrameCreated : BOOLEAN
    "7e7d2e5f-3f3d-42fd-a136-0980e914034e", -- Action_ID : UNIQUE_ID
    "834d6a78-d573-4443-b6bf-8f04bc313c07" -- Parsed_Action_ID : UNIQUE_ID
);
INSERT INTO ACT_BLK VALUES (
    "f8564fff-2467-4128-b041-833a728618b1", -- Block_ID : UNIQUE_ID
    0, -- WhereSpecOK : BOOLEAN
    0, -- InWhereSpec : BOOLEAN
    0, -- SelectedFound : BOOLEAN
    '', -- TempBuffer : STRING
    '', -- SupData1 : STRING
    '', -- SupData2 : STRING
    0, -- CurrentLine : INTEGER
    0, -- CurrentCol : INTEGER
    0, -- currentKeyLettersLineNumber : INTEGER
    0, -- currentKeyLettersColumn : INTEGER
    0, -- currentParameterAssignmentNameLineNumber : INTEGER
    0, -- currentParameterAssignmentNameColumn : INTEGER
    0, -- currentAssociationNumberLineNumber : INTEGER
    0, -- currentAssociationNumberColumn : INTEGER
    0, -- currentAssociationPhraseLineNumber : INTEGER
    0, -- currentAssociationPhraseColumn : INTEGER
    0, -- currentDataTypeNameLineNumber : INTEGER
    0, -- currentDataTypeNameColumn : INTEGER
    0, -- blockInStackFrameCreated : BOOLEAN
    "5f9fb001-a8d2-4617-9fe4-7891bf76cbed", -- Action_ID : UNIQUE_ID
    "37983b97-8085-4a0b-b448-2727ff4a62fe" -- Parsed_Action_ID : UNIQUE_ID
);
INSERT INTO ACT_BLK VALUES (
    "565d0f59-966f-4f7a-8ae7-142147cee638", -- Block_ID : UNIQUE_ID
    0, -- WhereSpecOK : BOOLEAN
    0, -- InWhereSpec : BOOLEAN
    0, -- SelectedFound : BOOLEAN
    '', -- TempBuffer : STRING
    '', -- SupData1 : STRING
    '', -- SupData2 : STRING
    0, -- CurrentLine : INTEGER
    0, -- CurrentCol : INTEGER
    0, -- currentKeyLettersLineNumber : INTEGER
    0, -- currentKeyLettersColumn : INTEGER
    0, -- currentParameterAssignmentNameLineNumber : INTEGER
    0, -- currentParameterAssignmentNameColumn : INTEGER
    0, -- currentAssociationNumberLineNumber : INTEGER
    0, -- currentAssociationNumberColumn : INTEGER
    0, -- currentAssociationPhraseLineNumber : INTEGER
    0, -- currentAssociationPhraseColumn : INTEGER
    0, -- currentDataTypeNameLineNumber : INTEGER
    0, -- currentDataTypeNameColumn : INTEGER
    0, -- blockInStackFrameCreated : BOOLEAN
    "5f9fb001-a8d2-4617-9fe4-7891bf76cbed", -- Action_ID : UNIQUE_ID
    "9767f68a-e2b5-4255-a611-743b749db39a" -- Parsed_Action_ID : UNIQUE_ID
);
INSERT INTO ACT_BLK VALUES (
    "51521124-67cb-40d4-91d5-b66c66588f33", -- Block_ID : UNIQUE_ID
    0, -- WhereSpecOK : BOOLEAN
    0, -- InWhereSpec : BOOLEAN
    0, -- SelectedFound : BOOLEAN
    '', -- TempBuffer : STRING
    '', -- SupData1 : STRING
    '', -- SupData2 : STRING
    0, -- CurrentLine : INTEGER
    0, -- CurrentCol : INTEGER
    0, -- currentKeyLettersLineNumber : INTEGER
    0, -- currentKeyLettersColumn : INTEGER
    0, -- currentParameterAssignmentNameLineNumber : INTEGER
    0, -- currentParameterAssignmentNameColumn : INTEGER
    0, -- currentAssociationNumberLineNumber : INTEGER
    0, -- currentAssociationNumberColumn : INTEGER
    0, -- currentAssociationPhraseLineNumber : INTEGER
    0, -- currentAssociationPhraseColumn : INTEGER
    0, -- currentDataTypeNameLineNumber : INTEGER
    0, -- currentDataTypeNameColumn : INTEGER
    0, -- blockInStackFrameCreated : BOOLEAN
    "fea3c229-332d-4141-ada4-37401593c98c", -- Action_ID : UNIQUE_ID
    "45d9961e-121a-4795-b6a6-cc12ca92db6b" -- Parsed_Action_ID : UNIQUE_ID
);
INSERT INTO ACT_BLK VALUES (
    "e971f4f4-05b4-4dd1-a217-9f240e9c3639", -- Block_ID : UNIQUE_ID
    0, -- WhereSpecOK : BOOLEAN
    0, -- InWhereSpec : BOOLEAN
    0, -- SelectedFound : BOOLEAN
    '', -- TempBuffer : STRING
    '', -- SupData1 : STRING
    '', -- SupData2 : STRING
    0, -- CurrentLine : INTEGER
    0, -- CurrentCol : INTEGER
    0, -- currentKeyLettersLineNumber : INTEGER
    0, -- currentKeyLettersColumn : INTEGER
    0, -- currentParameterAssignmentNameLineNumber : INTEGER
    0, -- currentParameterAssignmentNameColumn : INTEGER
    0, -- currentAssociationNumberLineNumber : INTEGER
    0, -- currentAssociationNumberColumn : INTEGER
    0, -- currentAssociationPhraseLineNumber : INTEGER
    0, -- currentAssociationPhraseColumn : INTEGER
    0, -- currentDataTypeNameLineNumber : INTEGER
    0, -- currentDataTypeNameColumn : INTEGER
    0, -- blockInStackFrameCreated : BOOLEAN
    "c0a667f8-cc63-4088-ada9-7924dcb67729", -- Action_ID : UNIQUE_ID
    "2a89f95c-59a5-4da8-8eda-1f4be4428579" -- Parsed_Action_ID : UNIQUE_ID
);
INSERT INTO ACT_BLK VALUES (
    "ad86ffd2-ef51-4218-a1d7-64ec5ffee233", -- Block_ID : UNIQUE_ID
    0, -- WhereSpecOK : BOOLEAN
    0, -- InWhereSpec : BOOLEAN
    0, -- SelectedFound : BOOLEAN
    '', -- TempBuffer : STRING
    '', -- SupData1 : STRING
    '', -- SupData2 : STRING
    0, -- CurrentLine : INTEGER
    0, -- CurrentCol : INTEGER
    0, -- currentKeyLettersLineNumber : INTEGER
    0, -- currentKeyLettersColumn : INTEGER
    0, -- currentParameterAssignmentNameLineNumber : INTEGER
    0, -- currentParameterAssignmentNameColumn : INTEGER
    0, -- currentAssociationNumberLineNumber : INTEGER
    0, -- currentAssociationNumberColumn : INTEGER
    0, -- currentAssociationPhraseLineNumber : INTEGER
    0, -- currentAssociationPhraseColumn : INTEGER
    0, -- currentDataTypeNameLineNumber : INTEGER
    0, -- currentDataTypeNameColumn : INTEGER
    0, -- blockInStackFrameCreated : BOOLEAN
    "ded706cb-0f1e-410c-afa9-858dd114b90a", -- Action_ID : UNIQUE_ID
    "1a78b447-e4cd-4220-9ffc-e306ea8cd19f" -- Parsed_Action_ID : UNIQUE_ID
);
INSERT INTO ACT_BLK VALUES (
    "acd9af1d-eedc-41cd-a679-2f7751f4edf3", -- Block_ID : UNIQUE_ID
    0, -- WhereSpecOK : BOOLEAN
    0, -- InWhereSpec : BOOLEAN
    0, -- SelectedFound : BOOLEAN
    '', -- TempBuffer : STRING
    '', -- SupData1 : STRING
    '', -- SupData2 : STRING
    0, -- CurrentLine : INTEGER
    0, -- CurrentCol : INTEGER
    0, -- currentKeyLettersLineNumber : INTEGER
    0, -- currentKeyLettersColumn : INTEGER
    0, -- currentParameterAssignmentNameLineNumber : INTEGER
    0, -- currentParameterAssignmentNameColumn : INTEGER
    0, -- currentAssociationNumberLineNumber : INTEGER
    0, -- currentAssociationNumberColumn : INTEGER
    0, -- currentAssociationPhraseLineNumber : INTEGER
    0, -- currentAssociationPhraseColumn : INTEGER
    0, -- currentDataTypeNameLineNumber : INTEGER
    0, -- currentDataTypeNameColumn : INTEGER
    0, -- blockInStackFrameCreated : BOOLEAN
    "7f1e7e31-bb68-418c-bed6-e657de252446", -- Action_ID : UNIQUE_ID
    "b906947f-5a98-4f5c-b1fa-1169ab5eb26f" -- Parsed_Action_ID : UNIQUE_ID
);
INSERT INTO ACT_BLK VALUES (
    "14bb2f36-fc71-4c9f-a968-2744f74b0152", -- Block_ID : UNIQUE_ID
    0, -- WhereSpecOK : BOOLEAN
    0, -- InWhereSpec : BOOLEAN
    0, -- SelectedFound : BOOLEAN
    '', -- TempBuffer : STRING
    '', -- SupData1 : STRING
    '', -- SupData2 : STRING
    0, -- CurrentLine : INTEGER
    0, -- CurrentCol : INTEGER
    0, -- currentKeyLettersLineNumber : INTEGER
    0, -- currentKeyLettersColumn : INTEGER
    0, -- currentParameterAssignmentNameLineNumber : INTEGER
    0, -- currentParameterAssignmentNameColumn : INTEGER
    0, -- currentAssociationNumberLineNumber : INTEGER
    0, -- currentAssociationNumberColumn : INTEGER
    0, -- currentAssociationPhraseLineNumber : INTEGER
    0, -- currentAssociationPhraseColumn : INTEGER
    0, -- currentDataTypeNameLineNumber : INTEGER
    0, -- currentDataTypeNameColumn : INTEGER
    0, -- blockInStackFrameCreated : BOOLEAN
    "1b9037b3-a124-4d20-8d24-2ef5f0082347", -- Action_ID : UNIQUE_ID
    "dc6ce27f-86ee-490f-8968-60f7966e5fbf" -- Parsed_Action_ID : UNIQUE_ID
);
INSERT INTO ACT_BLK VALUES (
    "b906c5c4-b52d-4743-b161-ab12d616b3c2", -- Block_ID : UNIQUE_ID
    0, -- WhereSpecOK : BOOLEAN
    0, -- InWhereSpec : BOOLEAN
    0, -- SelectedFound : BOOLEAN
    '', -- TempBuffer : STRING
    '', -- SupData1 : STRING
    '', -- SupData2 : STRING
    0, -- CurrentLine : INTEGER
    0, -- CurrentCol : INTEGER
    0, -- currentKeyLettersLineNumber : INTEGER
    0, -- currentKeyLettersColumn : INTEGER
    0, -- currentParameterAssignmentNameLineNumber : INTEGER
    0, -- currentParameterAssignmentNameColumn : INTEGER
    0, -- currentAssociationNumberLineNumber : INTEGER
    0, -- currentAssociationNumberColumn : INTEGER
    0, -- currentAssociationPhraseLineNumber : INTEGER
    0, -- currentAssociationPhraseColumn : INTEGER
    0, -- currentDataTypeNameLineNumber : INTEGER
    0, -- currentDataTypeNameColumn : INTEGER
    0, -- blockInStackFrameCreated : BOOLEAN
    "835bae0b-3134-4ed9-8178-23b5885b1cb5", -- Action_ID : UNIQUE_ID
    "838290d0-17f9-4148-9d07-94e796fbe752" -- Parsed_Action_ID : UNIQUE_ID
);
INSERT INTO ACT_BLK VALUES (
    "1c4a5760-28e2-4bad-b754-5b3b3bd330a4", -- Block_ID : UNIQUE_ID
    0, -- WhereSpecOK : BOOLEAN
    0, -- InWhereSpec : BOOLEAN
    0, -- SelectedFound : BOOLEAN
    '', -- TempBuffer : STRING
    '', -- SupData1 : STRING
    '', -- SupData2 : STRING
    0, -- CurrentLine : INTEGER
    0, -- CurrentCol : INTEGER
    0, -- currentKeyLettersLineNumber : INTEGER
    0, -- currentKeyLettersColumn : INTEGER
    0, -- currentParameterAssignmentNameLineNumber : INTEGER
    0, -- currentParameterAssignmentNameColumn : INTEGER
    0, -- currentAssociationNumberLineNumber : INTEGER
    0, -- currentAssociationNumberColumn : INTEGER
    0, -- currentAssociationPhraseLineNumber : INTEGER
    0, -- currentAssociationPhraseColumn : INTEGER
    0, -- currentDataTypeNameLineNumber : INTEGER
    0, -- currentDataTypeNameColumn : INTEGER
    0, -- blockInStackFrameCreated : BOOLEAN
    "707d615c-af9f-494a-aee9-721ee20de6f4", -- Action_ID : UNIQUE_ID
    "dc55f330-c1ef-42f4-afe7-c9c25cdcc09e" -- Parsed_Action_ID : UNIQUE_ID
);
INSERT INTO ACT_BLK VALUES (
    "e7f6c7e5-c1c1-4a1b-aad9-db9ddb2ca3ab", -- Block_ID : UNIQUE_ID
    0, -- WhereSpecOK : BOOLEAN
    0, -- InWhereSpec : BOOLEAN
    0, -- SelectedFound : BOOLEAN
    '', -- TempBuffer : STRING
    '', -- SupData1 : STRING
    '', -- SupData2 : STRING
    0, -- CurrentLine : INTEGER
    0, -- CurrentCol : INTEGER
    0, -- currentKeyLettersLineNumber : INTEGER
    0, -- currentKeyLettersColumn : INTEGER
    0, -- currentParameterAssignmentNameLineNumber : INTEGER
    0, -- currentParameterAssignmentNameColumn : INTEGER
    0, -- currentAssociationNumberLineNumber : INTEGER
    0, -- currentAssociationNumberColumn : INTEGER
    0, -- currentAssociationPhraseLineNumber : INTEGER
    0, -- currentAssociationPhraseColumn : INTEGER
    0, -- currentDataTypeNameLineNumber : INTEGER
    0, -- currentDataTypeNameColumn : INTEGER
    0, -- blockInStackFrameCreated : BOOLEAN
    "bf129fa5-2ea0-4d78-b669-10bb5f7309be", -- Action_ID : UNIQUE_ID
    "3737e975-4d3d-4667-b85b-ce8c82e91d72" -- Parsed_Action_ID : UNIQUE_ID
);
INSERT INTO ACT_BLK VALUES (
    "0a4897f3-6c80-4c44-95ee-f27e8fdd0f4f", -- Block_ID : UNIQUE_ID
    0, -- WhereSpecOK : BOOLEAN
    0, -- InWhereSpec : BOOLEAN
    0, -- SelectedFound : BOOLEAN
    '', -- TempBuffer : STRING
    '', -- SupData1 : STRING
    '', -- SupData2 : STRING
    0, -- CurrentLine : INTEGER
    0, -- CurrentCol : INTEGER
    0, -- currentKeyLettersLineNumber : INTEGER
    0, -- currentKeyLettersColumn : INTEGER
    0, -- currentParameterAssignmentNameLineNumber : INTEGER
    0, -- currentParameterAssignmentNameColumn : INTEGER
    0, -- currentAssociationNumberLineNumber : INTEGER
    0, -- currentAssociationNumberColumn : INTEGER
    0, -- currentAssociationPhraseLineNumber : INTEGER
    0, -- currentAssociationPhraseColumn : INTEGER
    0, -- currentDataTypeNameLineNumber : INTEGER
    0, -- currentDataTypeNameColumn : INTEGER
    0, -- blockInStackFrameCreated : BOOLEAN
    "eaf37c6c-e56b-4c6c-9d04-1f66a975c61f", -- Action_ID : UNIQUE_ID
    "1ec3cbfa-ed3e-476b-a8c6-c4d3b22f54c7" -- Parsed_Action_ID : UNIQUE_ID
);
INSERT INTO ACT_BLK VALUES (
    "6cbd2f3f-befa-4306-b17e-f16290b67063", -- Block_ID : UNIQUE_ID
    0, -- WhereSpecOK : BOOLEAN
    0, -- InWhereSpec : BOOLEAN
    0, -- SelectedFound : BOOLEAN
    '', -- TempBuffer : STRING
    '', -- SupData1 : STRING
    '', -- SupData2 : STRING
    0, -- CurrentLine : INTEGER
    0, -- CurrentCol : INTEGER
    0, -- currentKeyLettersLineNumber : INTEGER
    0, -- currentKeyLettersColumn : INTEGER
    0, -- currentParameterAssignmentNameLineNumber : INTEGER
    0, -- currentParameterAssignmentNameColumn : INTEGER
    0, -- currentAssociationNumberLineNumber : INTEGER
    0, -- currentAssociationNumberColumn : INTEGER
    0, -- currentAssociationPhraseLineNumber : INTEGER
    0, -- currentAssociationPhraseColumn : INTEGER
    0, -- currentDataTypeNameLineNumber : INTEGER
    0, -- currentDataTypeNameColumn : INTEGER
    0, -- blockInStackFrameCreated : BOOLEAN
    "bfbd21ff-c84c-4a0a-90f0-29405294d2f0", -- Action_ID : UNIQUE_ID
    "1e59e4b9-2121-4876-9708-543ac87ee8a0" -- Parsed_Action_ID : UNIQUE_ID
);
INSERT INTO ACT_BLK VALUES (
    "22fff876-98ce-4226-b4e9-e100a1c3ccb0", -- Block_ID : UNIQUE_ID
    0, -- WhereSpecOK : BOOLEAN
    0, -- InWhereSpec : BOOLEAN
    0, -- SelectedFound : BOOLEAN
    '', -- TempBuffer : STRING
    '', -- SupData1 : STRING
    '', -- SupData2 : STRING
    0, -- CurrentLine : INTEGER
    0, -- CurrentCol : INTEGER
    0, -- currentKeyLettersLineNumber : INTEGER
    0, -- currentKeyLettersColumn : INTEGER
    0, -- currentParameterAssignmentNameLineNumber : INTEGER
    0, -- currentParameterAssignmentNameColumn : INTEGER
    0, -- currentAssociationNumberLineNumber : INTEGER
    0, -- currentAssociationNumberColumn : INTEGER
    0, -- currentAssociationPhraseLineNumber : INTEGER
    0, -- currentAssociationPhraseColumn : INTEGER
    0, -- currentDataTypeNameLineNumber : INTEGER
    0, -- currentDataTypeNameColumn : INTEGER
    0, -- blockInStackFrameCreated : BOOLEAN
    "2eaf64ae-6ecf-4bfd-b3bf-139946219911", -- Action_ID : UNIQUE_ID
    "8429af4d-640a-4dde-8576-8b0d98132873" -- Parsed_Action_ID : UNIQUE_ID
);
INSERT INTO ACT_BLK VALUES (
    "d01d7090-8d99-41c8-a428-4b4e056bcbfe", -- Block_ID : UNIQUE_ID
    0, -- WhereSpecOK : BOOLEAN
    0, -- InWhereSpec : BOOLEAN
    0, -- SelectedFound : BOOLEAN
    '', -- TempBuffer : STRING
    '', -- SupData1 : STRING
    '', -- SupData2 : STRING
    0, -- CurrentLine : INTEGER
    0, -- CurrentCol : INTEGER
    0, -- currentKeyLettersLineNumber : INTEGER
    0, -- currentKeyLettersColumn : INTEGER
    0, -- currentParameterAssignmentNameLineNumber : INTEGER
    0, -- currentParameterAssignmentNameColumn : INTEGER
    0, -- currentAssociationNumberLineNumber : INTEGER
    0, -- currentAssociationNumberColumn : INTEGER
    0, -- currentAssociationPhraseLineNumber : INTEGER
    0, -- currentAssociationPhraseColumn : INTEGER
    0, -- currentDataTypeNameLineNumber : INTEGER
    0, -- currentDataTypeNameColumn : INTEGER
    0, -- blockInStackFrameCreated : BOOLEAN
    "bd195860-cc84-419a-878d-ea081247b671", -- Action_ID : UNIQUE_ID
    "ac00b5fa-7257-4a02-8bd4-53aaa7a474f3" -- Parsed_Action_ID : UNIQUE_ID
);
INSERT INTO ACT_BLK VALUES (
    "355fec19-b5fb-4355-90bc-373aaaa85f79", -- Block_ID : UNIQUE_ID
    0, -- WhereSpecOK : BOOLEAN
    0, -- InWhereSpec : BOOLEAN
    0, -- SelectedFound : BOOLEAN
    '', -- TempBuffer : STRING
    '', -- SupData1 : STRING
    '', -- SupData2 : STRING
    0, -- CurrentLine : INTEGER
    0, -- CurrentCol : INTEGER
    0, -- currentKeyLettersLineNumber : INTEGER
    0, -- currentKeyLettersColumn : INTEGER
    0, -- currentParameterAssignmentNameLineNumber : INTEGER
    0, -- currentParameterAssignmentNameColumn : INTEGER
    0, -- currentAssociationNumberLineNumber : INTEGER
    0, -- currentAssociationNumberColumn : INTEGER
    0, -- currentAssociationPhraseLineNumber : INTEGER
    0, -- currentAssociationPhraseColumn : INTEGER
    0, -- currentDataTypeNameLineNumber : INTEGER
    0, -- currentDataTypeNameColumn : INTEGER
    0, -- blockInStackFrameCreated : BOOLEAN
    "683117a7-a47b-4829-b1a1-64ff6c7679e5", -- Action_ID : UNIQUE_ID
    "9f578ff1-a9c0-4b52-9397-456d10abd96e" -- Parsed_Action_ID : UNIQUE_ID
);
INSERT INTO ACT_BLK VALUES (
    "0c2d679f-4109-42ba-add2-1f124b5bc20a", -- Block_ID : UNIQUE_ID
    0, -- WhereSpecOK : BOOLEAN
    0, -- InWhereSpec : BOOLEAN
    0, -- SelectedFound : BOOLEAN
    '', -- TempBuffer : STRING
    '', -- SupData1 : STRING
    '', -- SupData2 : STRING
    0, -- CurrentLine : INTEGER
    0, -- CurrentCol : INTEGER
    0, -- currentKeyLettersLineNumber : INTEGER
    0, -- currentKeyLettersColumn : INTEGER
    0, -- currentParameterAssignmentNameLineNumber : INTEGER
    0, -- currentParameterAssignmentNameColumn : INTEGER
    0, -- currentAssociationNumberLineNumber : INTEGER
    0, -- currentAssociationNumberColumn : INTEGER
    0, -- currentAssociationPhraseLineNumber : INTEGER
    0, -- currentAssociationPhraseColumn : INTEGER
    0, -- currentDataTypeNameLineNumber : INTEGER
    0, -- currentDataTypeNameColumn : INTEGER
    0, -- blockInStackFrameCreated : BOOLEAN
    "bdabc44a-01c3-4b32-b084-0be97b578141", -- Action_ID : UNIQUE_ID
    "2ffa7530-95fd-42e1-90e5-d7c50b549ff0" -- Parsed_Action_ID : UNIQUE_ID
);
INSERT INTO ACT_BLK VALUES (
    "452ea99e-0171-4621-9144-e34fa949dd38", -- Block_ID : UNIQUE_ID
    0, -- WhereSpecOK : BOOLEAN
    0, -- InWhereSpec : BOOLEAN
    0, -- SelectedFound : BOOLEAN
    '', -- TempBuffer : STRING
    '', -- SupData1 : STRING
    '', -- SupData2 : STRING
    0, -- CurrentLine : INTEGER
    0, -- CurrentCol : INTEGER
    0, -- currentKeyLettersLineNumber : INTEGER
    0, -- currentKeyLettersColumn : INTEGER
    0, -- currentParameterAssignmentNameLineNumber : INTEGER
    0, -- currentParameterAssignmentNameColumn : INTEGER
    0, -- currentAssociationNumberLineNumber : INTEGER
    0, -- currentAssociationNumberColumn : INTEGER
    0, -- currentAssociationPhraseLineNumber : INTEGER
    0, -- currentAssociationPhraseColumn : INTEGER
    0, -- currentDataTypeNameLineNumber : INTEGER
    0, -- currentDataTypeNameColumn : INTEGER
    0, -- blockInStackFrameCreated : BOOLEAN
    "3da13840-f136-4456-bcaa-83c6de05c9f0", -- Action_ID : UNIQUE_ID
    "a94f0bf5-1b26-47a6-959d-721cac2ef058" -- Parsed_Action_ID : UNIQUE_ID
);
INSERT INTO ACT_BLK VALUES (
    "a0e11b63-fc85-480d-a8a9-a4602416a22d", -- Block_ID : UNIQUE_ID
    0, -- WhereSpecOK : BOOLEAN
    0, -- InWhereSpec : BOOLEAN
    0, -- SelectedFound : BOOLEAN
    '', -- TempBuffer : STRING
    '', -- SupData1 : STRING
    '', -- SupData2 : STRING
    0, -- CurrentLine : INTEGER
    0, -- CurrentCol : INTEGER
    0, -- currentKeyLettersLineNumber : INTEGER
    0, -- currentKeyLettersColumn : INTEGER
    0, -- currentParameterAssignmentNameLineNumber : INTEGER
    0, -- currentParameterAssignmentNameColumn : INTEGER
    0, -- currentAssociationNumberLineNumber : INTEGER
    0, -- currentAssociationNumberColumn : INTEGER
    0, -- currentAssociationPhraseLineNumber : INTEGER
    0, -- currentAssociationPhraseColumn : INTEGER
    0, -- currentDataTypeNameLineNumber : INTEGER
    0, -- currentDataTypeNameColumn : INTEGER
    0, -- blockInStackFrameCreated : BOOLEAN
    "cfa30ed0-9357-4be2-ad2a-2b7d51b6fe71", -- Action_ID : UNIQUE_ID
    "3e26b5ed-df92-4e84-b363-44f744e87ad9" -- Parsed_Action_ID : UNIQUE_ID
);
INSERT INTO ACT_BLK VALUES (
    "17812f48-e18a-4652-ba6a-e5a0df5cac0f", -- Block_ID : UNIQUE_ID
    0, -- WhereSpecOK : BOOLEAN
    0, -- InWhereSpec : BOOLEAN
    0, -- SelectedFound : BOOLEAN
    '', -- TempBuffer : STRING
    '', -- SupData1 : STRING
    '', -- SupData2 : STRING
    0, -- CurrentLine : INTEGER
    0, -- CurrentCol : INTEGER
    0, -- currentKeyLettersLineNumber : INTEGER
    0, -- currentKeyLettersColumn : INTEGER
    0, -- currentParameterAssignmentNameLineNumber : INTEGER
    0, -- currentParameterAssignmentNameColumn : INTEGER
    0, -- currentAssociationNumberLineNumber : INTEGER
    0, -- currentAssociationNumberColumn : INTEGER
    0, -- currentAssociationPhraseLineNumber : INTEGER
    0, -- currentAssociationPhraseColumn : INTEGER
    0, -- currentDataTypeNameLineNumber : INTEGER
    0, -- currentDataTypeNameColumn : INTEGER
    0, -- blockInStackFrameCreated : BOOLEAN
    "119efa94-d418-4a6e-984b-0ba0a1b5041d", -- Action_ID : UNIQUE_ID
    "dce5c580-bade-4fd5-8e84-28e43e13121f" -- Parsed_Action_ID : UNIQUE_ID
);
INSERT INTO ACT_BLK VALUES (
    "d6312b76-2cee-411b-af1f-8ff52ab1b314", -- Block_ID : UNIQUE_ID
    0, -- WhereSpecOK : BOOLEAN
    0, -- InWhereSpec : BOOLEAN
    0, -- SelectedFound : BOOLEAN
    '', -- TempBuffer : STRING
    '', -- SupData1 : STRING
    '', -- SupData2 : STRING
    0, -- CurrentLine : INTEGER
    0, -- CurrentCol : INTEGER
    0, -- currentKeyLettersLineNumber : INTEGER
    0, -- currentKeyLettersColumn : INTEGER
    0, -- currentParameterAssignmentNameLineNumber : INTEGER
    0, -- currentParameterAssignmentNameColumn : INTEGER
    0, -- currentAssociationNumberLineNumber : INTEGER
    0, -- currentAssociationNumberColumn : INTEGER
    0, -- currentAssociationPhraseLineNumber : INTEGER
    0, -- currentAssociationPhraseColumn : INTEGER
    0, -- currentDataTypeNameLineNumber : INTEGER
    0, -- currentDataTypeNameColumn : INTEGER
    0, -- blockInStackFrameCreated : BOOLEAN
    "57859def-e026-42fd-95a3-b3b6762b506d", -- Action_ID : UNIQUE_ID
    "a65574df-03b8-45ba-8409-674634ed04d0" -- Parsed_Action_ID : UNIQUE_ID
);
INSERT INTO ACT_BLK VALUES (
    "cd18db51-8344-41b6-90c3-e821b25f87ac", -- Block_ID : UNIQUE_ID
    0, -- WhereSpecOK : BOOLEAN
    0, -- InWhereSpec : BOOLEAN
    0, -- SelectedFound : BOOLEAN
    '', -- TempBuffer : STRING
    '', -- SupData1 : STRING
    '', -- SupData2 : STRING
    0, -- CurrentLine : INTEGER
    0, -- CurrentCol : INTEGER
    0, -- currentKeyLettersLineNumber : INTEGER
    0, -- currentKeyLettersColumn : INTEGER
    0, -- currentParameterAssignmentNameLineNumber : INTEGER
    0, -- currentParameterAssignmentNameColumn : INTEGER
    0, -- currentAssociationNumberLineNumber : INTEGER
    0, -- currentAssociationNumberColumn : INTEGER
    0, -- currentAssociationPhraseLineNumber : INTEGER
    0, -- currentAssociationPhraseColumn : INTEGER
    0, -- currentDataTypeNameLineNumber : INTEGER
    0, -- currentDataTypeNameColumn : INTEGER
    0, -- blockInStackFrameCreated : BOOLEAN
    "c23ab316-d9da-4d98-becd-9bbbde51665b", -- Action_ID : UNIQUE_ID
    "a052651b-f922-48df-acc7-d17657e2f8e9" -- Parsed_Action_ID : UNIQUE_ID
);
INSERT INTO ACT_BLK VALUES (
    "a4eef323-6ce5-4e5b-9086-e9bae6305034", -- Block_ID : UNIQUE_ID
    0, -- WhereSpecOK : BOOLEAN
    0, -- InWhereSpec : BOOLEAN
    0, -- SelectedFound : BOOLEAN
    '', -- TempBuffer : STRING
    '', -- SupData1 : STRING
    '', -- SupData2 : STRING
    0, -- CurrentLine : INTEGER
    0, -- CurrentCol : INTEGER
    0, -- currentKeyLettersLineNumber : INTEGER
    0, -- currentKeyLettersColumn : INTEGER
    0, -- currentParameterAssignmentNameLineNumber : INTEGER
    0, -- currentParameterAssignmentNameColumn : INTEGER
    0, -- currentAssociationNumberLineNumber : INTEGER
    0, -- currentAssociationNumberColumn : INTEGER
    0, -- currentAssociationPhraseLineNumber : INTEGER
    0, -- currentAssociationPhraseColumn : INTEGER
    0, -- currentDataTypeNameLineNumber : INTEGER
    0, -- currentDataTypeNameColumn : INTEGER
    0, -- blockInStackFrameCreated : BOOLEAN
    "5de84058-7c89-42eb-8e01-d7e49329c38f", -- Action_ID : UNIQUE_ID
    "168d656f-7b53-4885-a708-a28ead06f104" -- Parsed_Action_ID : UNIQUE_ID
);
INSERT INTO ACT_BLK VALUES (
    "8d34c3c9-ed5d-4cf7-943d-4f6c451947d4", -- Block_ID : UNIQUE_ID
    0, -- WhereSpecOK : BOOLEAN
    0, -- InWhereSpec : BOOLEAN
    0, -- SelectedFound : BOOLEAN
    '', -- TempBuffer : STRING
    '', -- SupData1 : STRING
    '', -- SupData2 : STRING
    0, -- CurrentLine : INTEGER
    0, -- CurrentCol : INTEGER
    0, -- currentKeyLettersLineNumber : INTEGER
    0, -- currentKeyLettersColumn : INTEGER
    0, -- currentParameterAssignmentNameLineNumber : INTEGER
    0, -- currentParameterAssignmentNameColumn : INTEGER
    0, -- currentAssociationNumberLineNumber : INTEGER
    0, -- currentAssociationNumberColumn : INTEGER
    0, -- currentAssociationPhraseLineNumber : INTEGER
    0, -- currentAssociationPhraseColumn : INTEGER
    0, -- currentDataTypeNameLineNumber : INTEGER
    0, -- currentDataTypeNameColumn : INTEGER
    0, -- blockInStackFrameCreated : BOOLEAN
    "9b1644e5-4341-4111-9139-c35b9fd5a7db", -- Action_ID : UNIQUE_ID
    "4aea06d9-84ff-43f2-9002-f91834141949" -- Parsed_Action_ID : UNIQUE_ID
);
INSERT INTO ACT_BLK VALUES (
    "d571c46b-741e-4f4b-88a7-24c65c91e2f3", -- Block_ID : UNIQUE_ID
    0, -- WhereSpecOK : BOOLEAN
    0, -- InWhereSpec : BOOLEAN
    0, -- SelectedFound : BOOLEAN
    '', -- TempBuffer : STRING
    '', -- SupData1 : STRING
    '', -- SupData2 : STRING
    0, -- CurrentLine : INTEGER
    0, -- CurrentCol : INTEGER
    0, -- currentKeyLettersLineNumber : INTEGER
    0, -- currentKeyLettersColumn : INTEGER
    0, -- currentParameterAssignmentNameLineNumber : INTEGER
    0, -- currentParameterAssignmentNameColumn : INTEGER
    0, -- currentAssociationNumberLineNumber : INTEGER
    0, -- currentAssociationNumberColumn : INTEGER
    0, -- currentAssociationPhraseLineNumber : INTEGER
    0, -- currentAssociationPhraseColumn : INTEGER
    0, -- currentDataTypeNameLineNumber : INTEGER
    0, -- currentDataTypeNameColumn : INTEGER
    0, -- blockInStackFrameCreated : BOOLEAN
    "ac855a08-a8c9-4a57-b5a3-ca5ad9a64e9a", -- Action_ID : UNIQUE_ID
    "1a22065c-d634-46a6-b1f4-40f1c1027e11" -- Parsed_Action_ID : UNIQUE_ID
);
INSERT INTO ACT_BLK VALUES (
    "86552553-9337-4b3b-a095-8e919906913b", -- Block_ID : UNIQUE_ID
    0, -- WhereSpecOK : BOOLEAN
    0, -- InWhereSpec : BOOLEAN
    0, -- SelectedFound : BOOLEAN
    '', -- TempBuffer : STRING
    '', -- SupData1 : STRING
    '', -- SupData2 : STRING
    0, -- CurrentLine : INTEGER
    0, -- CurrentCol : INTEGER
    0, -- currentKeyLettersLineNumber : INTEGER
    0, -- currentKeyLettersColumn : INTEGER
    0, -- currentParameterAssignmentNameLineNumber : INTEGER
    0, -- currentParameterAssignmentNameColumn : INTEGER
    0, -- currentAssociationNumberLineNumber : INTEGER
    0, -- currentAssociationNumberColumn : INTEGER
    0, -- currentAssociationPhraseLineNumber : INTEGER
    0, -- currentAssociationPhraseColumn : INTEGER
    0, -- currentDataTypeNameLineNumber : INTEGER
    0, -- currentDataTypeNameColumn : INTEGER
    0, -- blockInStackFrameCreated : BOOLEAN
    "2d57cec5-85ce-450c-b196-efd692002ca0", -- Action_ID : UNIQUE_ID
    "476e22ac-9271-46eb-8fac-04a06dbefac7" -- Parsed_Action_ID : UNIQUE_ID
);
INSERT INTO ACT_BLK VALUES (
    "82f22968-83bd-4237-ba3c-766ad7d6048b", -- Block_ID : UNIQUE_ID
    0, -- WhereSpecOK : BOOLEAN
    0, -- InWhereSpec : BOOLEAN
    0, -- SelectedFound : BOOLEAN
    '', -- TempBuffer : STRING
    '', -- SupData1 : STRING
    '', -- SupData2 : STRING
    0, -- CurrentLine : INTEGER
    0, -- CurrentCol : INTEGER
    0, -- currentKeyLettersLineNumber : INTEGER
    0, -- currentKeyLettersColumn : INTEGER
    0, -- currentParameterAssignmentNameLineNumber : INTEGER
    0, -- currentParameterAssignmentNameColumn : INTEGER
    0, -- currentAssociationNumberLineNumber : INTEGER
    0, -- currentAssociationNumberColumn : INTEGER
    0, -- currentAssociationPhraseLineNumber : INTEGER
    0, -- currentAssociationPhraseColumn : INTEGER
    0, -- currentDataTypeNameLineNumber : INTEGER
    0, -- currentDataTypeNameColumn : INTEGER
    0, -- blockInStackFrameCreated : BOOLEAN
    "3a3069f1-ce4b-45e3-b5e6-f83c89e5b389", -- Action_ID : UNIQUE_ID
    "6958110f-c20d-4240-8f3e-f9317c659742" -- Parsed_Action_ID : UNIQUE_ID
);
INSERT INTO ACT_BLK VALUES (
    "b89ac891-9f7e-40d1-8362-83239da9837f", -- Block_ID : UNIQUE_ID
    0, -- WhereSpecOK : BOOLEAN
    0, -- InWhereSpec : BOOLEAN
    0, -- SelectedFound : BOOLEAN
    '', -- TempBuffer : STRING
    '', -- SupData1 : STRING
    '', -- SupData2 : STRING
    0, -- CurrentLine : INTEGER
    0, -- CurrentCol : INTEGER
    0, -- currentKeyLettersLineNumber : INTEGER
    0, -- currentKeyLettersColumn : INTEGER
    0, -- currentParameterAssignmentNameLineNumber : INTEGER
    0, -- currentParameterAssignmentNameColumn : INTEGER
    0, -- currentAssociationNumberLineNumber : INTEGER
    0, -- currentAssociationNumberColumn : INTEGER
    0, -- currentAssociationPhraseLineNumber : INTEGER
    0, -- currentAssociationPhraseColumn : INTEGER
    0, -- currentDataTypeNameLineNumber : INTEGER
    0, -- currentDataTypeNameColumn : INTEGER
    0, -- blockInStackFrameCreated : BOOLEAN
    "184fcdbb-80f9-450d-b58c-780dde9c518b", -- Action_ID : UNIQUE_ID
    "67d71c19-96cf-43be-b6eb-ed5a0dfa30b5" -- Parsed_Action_ID : UNIQUE_ID
);
INSERT INTO ACT_BLK VALUES (
    "c7c450c1-ab78-48dd-b307-6b5f18dea61d", -- Block_ID : UNIQUE_ID
    0, -- WhereSpecOK : BOOLEAN
    0, -- InWhereSpec : BOOLEAN
    0, -- SelectedFound : BOOLEAN
    '', -- TempBuffer : STRING
    '', -- SupData1 : STRING
    '', -- SupData2 : STRING
    0, -- CurrentLine : INTEGER
    0, -- CurrentCol : INTEGER
    0, -- currentKeyLettersLineNumber : INTEGER
    0, -- currentKeyLettersColumn : INTEGER
    0, -- currentParameterAssignmentNameLineNumber : INTEGER
    0, -- currentParameterAssignmentNameColumn : INTEGER
    0, -- currentAssociationNumberLineNumber : INTEGER
    0, -- currentAssociationNumberColumn : INTEGER
    0, -- currentAssociationPhraseLineNumber : INTEGER
    0, -- currentAssociationPhraseColumn : INTEGER
    0, -- currentDataTypeNameLineNumber : INTEGER
    0, -- currentDataTypeNameColumn : INTEGER
    0, -- blockInStackFrameCreated : BOOLEAN
    "9bf6d4ef-988d-44ca-9961-5b1b8a440802", -- Action_ID : UNIQUE_ID
    "e6338865-e59c-459a-8a26-d346cfd0a04a" -- Parsed_Action_ID : UNIQUE_ID
);
INSERT INTO ACT_BLK VALUES (
    "36d635bb-76ec-4a72-a200-056b1997af4d", -- Block_ID : UNIQUE_ID
    0, -- WhereSpecOK : BOOLEAN
    0, -- InWhereSpec : BOOLEAN
    0, -- SelectedFound : BOOLEAN
    '', -- TempBuffer : STRING
    '', -- SupData1 : STRING
    '', -- SupData2 : STRING
    0, -- CurrentLine : INTEGER
    0, -- CurrentCol : INTEGER
    0, -- currentKeyLettersLineNumber : INTEGER
    0, -- currentKeyLettersColumn : INTEGER
    0, -- currentParameterAssignmentNameLineNumber : INTEGER
    0, -- currentParameterAssignmentNameColumn : INTEGER
    0, -- currentAssociationNumberLineNumber : INTEGER
    0, -- currentAssociationNumberColumn : INTEGER
    0, -- currentAssociationPhraseLineNumber : INTEGER
    0, -- currentAssociationPhraseColumn : INTEGER
    0, -- currentDataTypeNameLineNumber : INTEGER
    0, -- currentDataTypeNameColumn : INTEGER
    0, -- blockInStackFrameCreated : BOOLEAN
    "f3bfa769-8870-4b70-b2b0-e86cf89bb6e0", -- Action_ID : UNIQUE_ID
    "58c4cdaa-9306-43ee-b725-686246fd341f" -- Parsed_Action_ID : UNIQUE_ID
);
INSERT INTO ACT_BLK VALUES (
    "05349c0f-6f24-470d-9c0c-d387a0f49f23", -- Block_ID : UNIQUE_ID
    0, -- WhereSpecOK : BOOLEAN
    0, -- InWhereSpec : BOOLEAN
    0, -- SelectedFound : BOOLEAN
    '', -- TempBuffer : STRING
    '', -- SupData1 : STRING
    '', -- SupData2 : STRING
    0, -- CurrentLine : INTEGER
    0, -- CurrentCol : INTEGER
    0, -- currentKeyLettersLineNumber : INTEGER
    0, -- currentKeyLettersColumn : INTEGER
    0, -- currentParameterAssignmentNameLineNumber : INTEGER
    0, -- currentParameterAssignmentNameColumn : INTEGER
    0, -- currentAssociationNumberLineNumber : INTEGER
    0, -- currentAssociationNumberColumn : INTEGER
    0, -- currentAssociationPhraseLineNumber : INTEGER
    0, -- currentAssociationPhraseColumn : INTEGER
    0, -- currentDataTypeNameLineNumber : INTEGER
    0, -- currentDataTypeNameColumn : INTEGER
    0, -- blockInStackFrameCreated : BOOLEAN
    "a8b18448-3f7a-40d3-83c9-c712fb5a81e0", -- Action_ID : UNIQUE_ID
    "caaa855d-1592-42a0-826b-056d454fd9fb" -- Parsed_Action_ID : UNIQUE_ID
);
INSERT INTO ACT_BLK VALUES (
    "127b68ee-4ca5-40bf-bd48-484df9949953", -- Block_ID : UNIQUE_ID
    0, -- WhereSpecOK : BOOLEAN
    0, -- InWhereSpec : BOOLEAN
    0, -- SelectedFound : BOOLEAN
    '', -- TempBuffer : STRING
    '', -- SupData1 : STRING
    '', -- SupData2 : STRING
    0, -- CurrentLine : INTEGER
    0, -- CurrentCol : INTEGER
    0, -- currentKeyLettersLineNumber : INTEGER
    0, -- currentKeyLettersColumn : INTEGER
    0, -- currentParameterAssignmentNameLineNumber : INTEGER
    0, -- currentParameterAssignmentNameColumn : INTEGER
    0, -- currentAssociationNumberLineNumber : INTEGER
    0, -- currentAssociationNumberColumn : INTEGER
    0, -- currentAssociationPhraseLineNumber : INTEGER
    0, -- currentAssociationPhraseColumn : INTEGER
    0, -- currentDataTypeNameLineNumber : INTEGER
    0, -- currentDataTypeNameColumn : INTEGER
    0, -- blockInStackFrameCreated : BOOLEAN
    "0e5385b4-4835-4676-a4f5-602507eca05d", -- Action_ID : UNIQUE_ID
    "4deceee3-7598-4656-8a92-0b962917b815" -- Parsed_Action_ID : UNIQUE_ID
);
INSERT INTO ACT_BLK VALUES (
    "ccbf15ad-e00a-4b10-9e5b-11651df571d0", -- Block_ID : UNIQUE_ID
    0, -- WhereSpecOK : BOOLEAN
    0, -- InWhereSpec : BOOLEAN
    0, -- SelectedFound : BOOLEAN
    '', -- TempBuffer : STRING
    '', -- SupData1 : STRING
    '', -- SupData2 : STRING
    0, -- CurrentLine : INTEGER
    0, -- CurrentCol : INTEGER
    0, -- currentKeyLettersLineNumber : INTEGER
    0, -- currentKeyLettersColumn : INTEGER
    0, -- currentParameterAssignmentNameLineNumber : INTEGER
    0, -- currentParameterAssignmentNameColumn : INTEGER
    0, -- currentAssociationNumberLineNumber : INTEGER
    0, -- currentAssociationNumberColumn : INTEGER
    0, -- currentAssociationPhraseLineNumber : INTEGER
    0, -- currentAssociationPhraseColumn : INTEGER
    0, -- currentDataTypeNameLineNumber : INTEGER
    0, -- currentDataTypeNameColumn : INTEGER
    0, -- blockInStackFrameCreated : BOOLEAN
    "d1847de7-1e65-4592-aece-703764671808", -- Action_ID : UNIQUE_ID
    "012e95ce-141e-4bb9-aff8-2a3bcc465b1e" -- Parsed_Action_ID : UNIQUE_ID
);
INSERT INTO ACT_BLK VALUES (
    "6e3fafe1-3ec4-4c3e-a667-4843e4d3301c", -- Block_ID : UNIQUE_ID
    0, -- WhereSpecOK : BOOLEAN
    0, -- InWhereSpec : BOOLEAN
    0, -- SelectedFound : BOOLEAN
    '', -- TempBuffer : STRING
    '', -- SupData1 : STRING
    '', -- SupData2 : STRING
    0, -- CurrentLine : INTEGER
    0, -- CurrentCol : INTEGER
    0, -- currentKeyLettersLineNumber : INTEGER
    0, -- currentKeyLettersColumn : INTEGER
    0, -- currentParameterAssignmentNameLineNumber : INTEGER
    0, -- currentParameterAssignmentNameColumn : INTEGER
    0, -- currentAssociationNumberLineNumber : INTEGER
    0, -- currentAssociationNumberColumn : INTEGER
    0, -- currentAssociationPhraseLineNumber : INTEGER
    0, -- currentAssociationPhraseColumn : INTEGER
    0, -- currentDataTypeNameLineNumber : INTEGER
    0, -- currentDataTypeNameColumn : INTEGER
    0, -- blockInStackFrameCreated : BOOLEAN
    "31e5ae43-081f-4e26-8a24-d7737866b134", -- Action_ID : UNIQUE_ID
    "2c71f179-852a-4d8c-8ae1-6e92f9c4c453" -- Parsed_Action_ID : UNIQUE_ID
);
INSERT INTO ACT_BLK VALUES (
    "8ddaedb5-3453-42b9-bfbc-ec2d795a60b4", -- Block_ID : UNIQUE_ID
    0, -- WhereSpecOK : BOOLEAN
    0, -- InWhereSpec : BOOLEAN
    0, -- SelectedFound : BOOLEAN
    '', -- TempBuffer : STRING
    '', -- SupData1 : STRING
    '', -- SupData2 : STRING
    0, -- CurrentLine : INTEGER
    0, -- CurrentCol : INTEGER
    0, -- currentKeyLettersLineNumber : INTEGER
    0, -- currentKeyLettersColumn : INTEGER
    0, -- currentParameterAssignmentNameLineNumber : INTEGER
    0, -- currentParameterAssignmentNameColumn : INTEGER
    0, -- currentAssociationNumberLineNumber : INTEGER
    0, -- currentAssociationNumberColumn : INTEGER
    0, -- currentAssociationPhraseLineNumber : INTEGER
    0, -- currentAssociationPhraseColumn : INTEGER
    0, -- currentDataTypeNameLineNumber : INTEGER
    0, -- currentDataTypeNameColumn : INTEGER
    0, -- blockInStackFrameCreated : BOOLEAN
    "e2cd110e-35b4-4019-aed1-eb1289f73c87", -- Action_ID : UNIQUE_ID
    "1e364eee-c485-4b32-800a-ec9531bbbfd4" -- Parsed_Action_ID : UNIQUE_ID
);
INSERT INTO ACT_BLK VALUES (
    "0c2361fd-a78e-4b71-b5a9-f62c50b3fe45", -- Block_ID : UNIQUE_ID
    0, -- WhereSpecOK : BOOLEAN
    0, -- InWhereSpec : BOOLEAN
    0, -- SelectedFound : BOOLEAN
    '', -- TempBuffer : STRING
    '', -- SupData1 : STRING
    '', -- SupData2 : STRING
    0, -- CurrentLine : INTEGER
    0, -- CurrentCol : INTEGER
    0, -- currentKeyLettersLineNumber : INTEGER
    0, -- currentKeyLettersColumn : INTEGER
    0, -- currentParameterAssignmentNameLineNumber : INTEGER
    0, -- currentParameterAssignmentNameColumn : INTEGER
    0, -- currentAssociationNumberLineNumber : INTEGER
    0, -- currentAssociationNumberColumn : INTEGER
    0, -- currentAssociationPhraseLineNumber : INTEGER
    0, -- currentAssociationPhraseColumn : INTEGER
    0, -- currentDataTypeNameLineNumber : INTEGER
    0, -- currentDataTypeNameColumn : INTEGER
    0, -- blockInStackFrameCreated : BOOLEAN
    "e97bf950-6866-4fc6-8dd5-57d1b8cb7987", -- Action_ID : UNIQUE_ID
    "fb26aa2d-2a96-469e-a4f1-8e4f2dd575f2" -- Parsed_Action_ID : UNIQUE_ID
);
INSERT INTO ACT_BLK VALUES (
    "2c22fc6a-d70f-4d6a-98c0-90b30daca94d", -- Block_ID : UNIQUE_ID
    0, -- WhereSpecOK : BOOLEAN
    0, -- InWhereSpec : BOOLEAN
    0, -- SelectedFound : BOOLEAN
    '', -- TempBuffer : STRING
    '', -- SupData1 : STRING
    '', -- SupData2 : STRING
    0, -- CurrentLine : INTEGER
    0, -- CurrentCol : INTEGER
    0, -- currentKeyLettersLineNumber : INTEGER
    0, -- currentKeyLettersColumn : INTEGER
    0, -- currentParameterAssignmentNameLineNumber : INTEGER
    0, -- currentParameterAssignmentNameColumn : INTEGER
    0, -- currentAssociationNumberLineNumber : INTEGER
    0, -- currentAssociationNumberColumn : INTEGER
    0, -- currentAssociationPhraseLineNumber : INTEGER
    0, -- currentAssociationPhraseColumn : INTEGER
    0, -- currentDataTypeNameLineNumber : INTEGER
    0, -- currentDataTypeNameColumn : INTEGER
    0, -- blockInStackFrameCreated : BOOLEAN
    "2dd92b4c-b8fc-4486-bcf4-4d3fa3c57d3c", -- Action_ID : UNIQUE_ID
    "95d1f76a-d534-482f-9d5a-dbb22669f4b6" -- Parsed_Action_ID : UNIQUE_ID
);
INSERT INTO ACT_BLK VALUES (
    "bf289c1f-7f2c-431a-93e9-3d5e3bb0d161", -- Block_ID : UNIQUE_ID
    0, -- WhereSpecOK : BOOLEAN
    0, -- InWhereSpec : BOOLEAN
    0, -- SelectedFound : BOOLEAN
    '', -- TempBuffer : STRING
    '', -- SupData1 : STRING
    '', -- SupData2 : STRING
    0, -- CurrentLine : INTEGER
    0, -- CurrentCol : INTEGER
    0, -- currentKeyLettersLineNumber : INTEGER
    0, -- currentKeyLettersColumn : INTEGER
    0, -- currentParameterAssignmentNameLineNumber : INTEGER
    0, -- currentParameterAssignmentNameColumn : INTEGER
    0, -- currentAssociationNumberLineNumber : INTEGER
    0, -- currentAssociationNumberColumn : INTEGER
    0, -- currentAssociationPhraseLineNumber : INTEGER
    0, -- currentAssociationPhraseColumn : INTEGER
    0, -- currentDataTypeNameLineNumber : INTEGER
    0, -- currentDataTypeNameColumn : INTEGER
    0, -- blockInStackFrameCreated : BOOLEAN
    "2ab43976-bfd5-43f1-81ca-1e30dda83c7c", -- Action_ID : UNIQUE_ID
    "e3847f19-9939-4ae7-8094-4ca8645d910e" -- Parsed_Action_ID : UNIQUE_ID
);
INSERT INTO ACT_BLK VALUES (
    "ee672b86-7056-47be-a7eb-7d2912d3ad0e", -- Block_ID : UNIQUE_ID
    0, -- WhereSpecOK : BOOLEAN
    0, -- InWhereSpec : BOOLEAN
    0, -- SelectedFound : BOOLEAN
    '', -- TempBuffer : STRING
    '', -- SupData1 : STRING
    '', -- SupData2 : STRING
    0, -- CurrentLine : INTEGER
    0, -- CurrentCol : INTEGER
    0, -- currentKeyLettersLineNumber : INTEGER
    0, -- currentKeyLettersColumn : INTEGER
    0, -- currentParameterAssignmentNameLineNumber : INTEGER
    0, -- currentParameterAssignmentNameColumn : INTEGER
    0, -- currentAssociationNumberLineNumber : INTEGER
    0, -- currentAssociationNumberColumn : INTEGER
    0, -- currentAssociationPhraseLineNumber : INTEGER
    0, -- currentAssociationPhraseColumn : INTEGER
    0, -- currentDataTypeNameLineNumber : INTEGER
    0, -- currentDataTypeNameColumn : INTEGER
    0, -- blockInStackFrameCreated : BOOLEAN
    "285bffdf-7c03-4a4b-bb66-1ebe8b230321", -- Action_ID : UNIQUE_ID
    "a852fb9e-3679-4860-83d2-6457fae54230" -- Parsed_Action_ID : UNIQUE_ID
);
INSERT INTO ACT_BLK VALUES (
    "82d885bf-f75c-4f58-8ce9-6d638f43fd84", -- Block_ID : UNIQUE_ID
    0, -- WhereSpecOK : BOOLEAN
    0, -- InWhereSpec : BOOLEAN
    0, -- SelectedFound : BOOLEAN
    '', -- TempBuffer : STRING
    '', -- SupData1 : STRING
    '', -- SupData2 : STRING
    0, -- CurrentLine : INTEGER
    0, -- CurrentCol : INTEGER
    0, -- currentKeyLettersLineNumber : INTEGER
    0, -- currentKeyLettersColumn : INTEGER
    0, -- currentParameterAssignmentNameLineNumber : INTEGER
    0, -- currentParameterAssignmentNameColumn : INTEGER
    0, -- currentAssociationNumberLineNumber : INTEGER
    0, -- currentAssociationNumberColumn : INTEGER
    0, -- currentAssociationPhraseLineNumber : INTEGER
    0, -- currentAssociationPhraseColumn : INTEGER
    0, -- currentDataTypeNameLineNumber : INTEGER
    0, -- currentDataTypeNameColumn : INTEGER
    0, -- blockInStackFrameCreated : BOOLEAN
    "0b3f8132-19b1-4e2b-8d87-b63759297998", -- Action_ID : UNIQUE_ID
    "acddd0d2-1098-4c0c-9cb0-5912bc180e5b" -- Parsed_Action_ID : UNIQUE_ID
);
INSERT INTO ACT_BLK VALUES (
    "cdd8b974-733c-4ed4-86e5-a305dbe114d3", -- Block_ID : UNIQUE_ID
    0, -- WhereSpecOK : BOOLEAN
    0, -- InWhereSpec : BOOLEAN
    0, -- SelectedFound : BOOLEAN
    '', -- TempBuffer : STRING
    '', -- SupData1 : STRING
    '', -- SupData2 : STRING
    0, -- CurrentLine : INTEGER
    0, -- CurrentCol : INTEGER
    0, -- currentKeyLettersLineNumber : INTEGER
    0, -- currentKeyLettersColumn : INTEGER
    0, -- currentParameterAssignmentNameLineNumber : INTEGER
    0, -- currentParameterAssignmentNameColumn : INTEGER
    0, -- currentAssociationNumberLineNumber : INTEGER
    0, -- currentAssociationNumberColumn : INTEGER
    0, -- currentAssociationPhraseLineNumber : INTEGER
    0, -- currentAssociationPhraseColumn : INTEGER
    0, -- currentDataTypeNameLineNumber : INTEGER
    0, -- currentDataTypeNameColumn : INTEGER
    0, -- blockInStackFrameCreated : BOOLEAN
    "936f70b8-42a2-476e-9365-a7ebc429f407", -- Action_ID : UNIQUE_ID
    "9c4b2877-3695-41e8-bf86-9cca72d27b20" -- Parsed_Action_ID : UNIQUE_ID
);
INSERT INTO ACT_BLK VALUES (
    "80ef7a83-627a-4ac2-894c-363b24e8a42f", -- Block_ID : UNIQUE_ID
    0, -- WhereSpecOK : BOOLEAN
    0, -- InWhereSpec : BOOLEAN
    0, -- SelectedFound : BOOLEAN
    '', -- TempBuffer : STRING
    '', -- SupData1 : STRING
    '', -- SupData2 : STRING
    0, -- CurrentLine : INTEGER
    0, -- CurrentCol : INTEGER
    0, -- currentKeyLettersLineNumber : INTEGER
    0, -- currentKeyLettersColumn : INTEGER
    0, -- currentParameterAssignmentNameLineNumber : INTEGER
    0, -- currentParameterAssignmentNameColumn : INTEGER
    0, -- currentAssociationNumberLineNumber : INTEGER
    0, -- currentAssociationNumberColumn : INTEGER
    0, -- currentAssociationPhraseLineNumber : INTEGER
    0, -- currentAssociationPhraseColumn : INTEGER
    0, -- currentDataTypeNameLineNumber : INTEGER
    0, -- currentDataTypeNameColumn : INTEGER
    0, -- blockInStackFrameCreated : BOOLEAN
    "c3734f00-9ed3-43e7-9678-93f68f3e20fd", -- Action_ID : UNIQUE_ID
    "10a535c3-f6e7-4c52-aad7-c1da5f8f642b" -- Parsed_Action_ID : UNIQUE_ID
);
INSERT INTO ACT_BLK VALUES (
    "abeb0cdc-2019-4dec-a1ba-1ba5e4b06cdf", -- Block_ID : UNIQUE_ID
    0, -- WhereSpecOK : BOOLEAN
    0, -- InWhereSpec : BOOLEAN
    0, -- SelectedFound : BOOLEAN
    '', -- TempBuffer : STRING
    '', -- SupData1 : STRING
    '', -- SupData2 : STRING
    0, -- CurrentLine : INTEGER
    0, -- CurrentCol : INTEGER
    0, -- currentKeyLettersLineNumber : INTEGER
    0, -- currentKeyLettersColumn : INTEGER
    0, -- currentParameterAssignmentNameLineNumber : INTEGER
    0, -- currentParameterAssignmentNameColumn : INTEGER
    0, -- currentAssociationNumberLineNumber : INTEGER
    0, -- currentAssociationNumberColumn : INTEGER
    0, -- currentAssociationPhraseLineNumber : INTEGER
    0, -- currentAssociationPhraseColumn : INTEGER
    0, -- currentDataTypeNameLineNumber : INTEGER
    0, -- currentDataTypeNameColumn : INTEGER
    0, -- blockInStackFrameCreated : BOOLEAN
    "2cad79ef-e06b-4d48-a7b6-ed4e6401deca", -- Action_ID : UNIQUE_ID
    "39a4c992-ffda-4f1d-9f55-81ad8b8127b3" -- Parsed_Action_ID : UNIQUE_ID
);
INSERT INTO ACT_BLK VALUES (
    "1bf5b3bd-e1e8-4dae-b78b-4dd897fee0d1", -- Block_ID : UNIQUE_ID
    0, -- WhereSpecOK : BOOLEAN
    0, -- InWhereSpec : BOOLEAN
    0, -- SelectedFound : BOOLEAN
    '', -- TempBuffer : STRING
    '', -- SupData1 : STRING
    '', -- SupData2 : STRING
    0, -- CurrentLine : INTEGER
    0, -- CurrentCol : INTEGER
    0, -- currentKeyLettersLineNumber : INTEGER
    0, -- currentKeyLettersColumn : INTEGER
    0, -- currentParameterAssignmentNameLineNumber : INTEGER
    0, -- currentParameterAssignmentNameColumn : INTEGER
    0, -- currentAssociationNumberLineNumber : INTEGER
    0, -- currentAssociationNumberColumn : INTEGER
    0, -- currentAssociationPhraseLineNumber : INTEGER
    0, -- currentAssociationPhraseColumn : INTEGER
    0, -- currentDataTypeNameLineNumber : INTEGER
    0, -- currentDataTypeNameColumn : INTEGER
    0, -- blockInStackFrameCreated : BOOLEAN
    "84067d0f-32ed-44ea-90c7-c4e263035a5a", -- Action_ID : UNIQUE_ID
    "28c235ed-51e8-4f7f-91c4-c84943b98dc9" -- Parsed_Action_ID : UNIQUE_ID
);
INSERT INTO ACT_BLK VALUES (
    "2ab984d8-e2e7-4c10-89b8-af790a20bd3c", -- Block_ID : UNIQUE_ID
    0, -- WhereSpecOK : BOOLEAN
    0, -- InWhereSpec : BOOLEAN
    0, -- SelectedFound : BOOLEAN
    '', -- TempBuffer : STRING
    '', -- SupData1 : STRING
    '', -- SupData2 : STRING
    0, -- CurrentLine : INTEGER
    0, -- CurrentCol : INTEGER
    0, -- currentKeyLettersLineNumber : INTEGER
    0, -- currentKeyLettersColumn : INTEGER
    0, -- currentParameterAssignmentNameLineNumber : INTEGER
    0, -- currentParameterAssignmentNameColumn : INTEGER
    0, -- currentAssociationNumberLineNumber : INTEGER
    0, -- currentAssociationNumberColumn : INTEGER
    0, -- currentAssociationPhraseLineNumber : INTEGER
    0, -- currentAssociationPhraseColumn : INTEGER
    0, -- currentDataTypeNameLineNumber : INTEGER
    0, -- currentDataTypeNameColumn : INTEGER
    0, -- blockInStackFrameCreated : BOOLEAN
    "84067d0f-32ed-44ea-90c7-c4e263035a5a", -- Action_ID : UNIQUE_ID
    "b660dac4-5b73-4b67-ac55-f7d47640ad76" -- Parsed_Action_ID : UNIQUE_ID
);
INSERT INTO ACT_BLK VALUES (
    "730f884d-516c-4f2f-91f0-3328f01b428f", -- Block_ID : UNIQUE_ID
    0, -- WhereSpecOK : BOOLEAN
    0, -- InWhereSpec : BOOLEAN
    0, -- SelectedFound : BOOLEAN
    '', -- TempBuffer : STRING
    '', -- SupData1 : STRING
    '', -- SupData2 : STRING
    0, -- CurrentLine : INTEGER
    0, -- CurrentCol : INTEGER
    0, -- currentKeyLettersLineNumber : INTEGER
    0, -- currentKeyLettersColumn : INTEGER
    0, -- currentParameterAssignmentNameLineNumber : INTEGER
    0, -- currentParameterAssignmentNameColumn : INTEGER
    0, -- currentAssociationNumberLineNumber : INTEGER
    0, -- currentAssociationNumberColumn : INTEGER
    0, -- currentAssociationPhraseLineNumber : INTEGER
    0, -- currentAssociationPhraseColumn : INTEGER
    0, -- currentDataTypeNameLineNumber : INTEGER
    0, -- currentDataTypeNameColumn : INTEGER
    0, -- blockInStackFrameCreated : BOOLEAN
    "84067d0f-32ed-44ea-90c7-c4e263035a5a", -- Action_ID : UNIQUE_ID
    "82ed0c87-73f2-4207-a097-1dad4399c980" -- Parsed_Action_ID : UNIQUE_ID
);
INSERT INTO ACT_BLK VALUES (
    "06f11173-3cfa-4125-ab30-0c04d8f62a4d", -- Block_ID : UNIQUE_ID
    0, -- WhereSpecOK : BOOLEAN
    0, -- InWhereSpec : BOOLEAN
    0, -- SelectedFound : BOOLEAN
    '', -- TempBuffer : STRING
    '', -- SupData1 : STRING
    '', -- SupData2 : STRING
    0, -- CurrentLine : INTEGER
    0, -- CurrentCol : INTEGER
    0, -- currentKeyLettersLineNumber : INTEGER
    0, -- currentKeyLettersColumn : INTEGER
    0, -- currentParameterAssignmentNameLineNumber : INTEGER
    0, -- currentParameterAssignmentNameColumn : INTEGER
    0, -- currentAssociationNumberLineNumber : INTEGER
    0, -- currentAssociationNumberColumn : INTEGER
    0, -- currentAssociationPhraseLineNumber : INTEGER
    0, -- currentAssociationPhraseColumn : INTEGER
    0, -- currentDataTypeNameLineNumber : INTEGER
    0, -- currentDataTypeNameColumn : INTEGER
    0, -- blockInStackFrameCreated : BOOLEAN
    "1aaaf9a2-b6fa-47ec-85cc-c5ef710daad4", -- Action_ID : UNIQUE_ID
    "2916f6d3-8ded-4598-8193-54a2a62ccec9" -- Parsed_Action_ID : UNIQUE_ID
);
INSERT INTO ACT_BLK VALUES (
    "9c79897f-e86f-4464-8eda-d17eae0bcac8", -- Block_ID : UNIQUE_ID
    0, -- WhereSpecOK : BOOLEAN
    0, -- InWhereSpec : BOOLEAN
    0, -- SelectedFound : BOOLEAN
    '', -- TempBuffer : STRING
    '', -- SupData1 : STRING
    '', -- SupData2 : STRING
    0, -- CurrentLine : INTEGER
    0, -- CurrentCol : INTEGER
    0, -- currentKeyLettersLineNumber : INTEGER
    0, -- currentKeyLettersColumn : INTEGER
    0, -- currentParameterAssignmentNameLineNumber : INTEGER
    0, -- currentParameterAssignmentNameColumn : INTEGER
    0, -- currentAssociationNumberLineNumber : INTEGER
    0, -- currentAssociationNumberColumn : INTEGER
    0, -- currentAssociationPhraseLineNumber : INTEGER
    0, -- currentAssociationPhraseColumn : INTEGER
    0, -- currentDataTypeNameLineNumber : INTEGER
    0, -- currentDataTypeNameColumn : INTEGER
    0, -- blockInStackFrameCreated : BOOLEAN
    "2b99790c-e5e6-4142-875a-d1e9fa943740", -- Action_ID : UNIQUE_ID
    "0e88622f-3805-45c0-8ab9-cf97b9ae13af" -- Parsed_Action_ID : UNIQUE_ID
);
INSERT INTO ACT_BLK VALUES (
    "70258a39-e23a-4d2a-8f2f-b9158a7731c6", -- Block_ID : UNIQUE_ID
    0, -- WhereSpecOK : BOOLEAN
    0, -- InWhereSpec : BOOLEAN
    0, -- SelectedFound : BOOLEAN
    '', -- TempBuffer : STRING
    '', -- SupData1 : STRING
    '', -- SupData2 : STRING
    0, -- CurrentLine : INTEGER
    0, -- CurrentCol : INTEGER
    0, -- currentKeyLettersLineNumber : INTEGER
    0, -- currentKeyLettersColumn : INTEGER
    0, -- currentParameterAssignmentNameLineNumber : INTEGER
    0, -- currentParameterAssignmentNameColumn : INTEGER
    0, -- currentAssociationNumberLineNumber : INTEGER
    0, -- currentAssociationNumberColumn : INTEGER
    0, -- currentAssociationPhraseLineNumber : INTEGER
    0, -- currentAssociationPhraseColumn : INTEGER
    0, -- currentDataTypeNameLineNumber : INTEGER
    0, -- currentDataTypeNameColumn : INTEGER
    0, -- blockInStackFrameCreated : BOOLEAN
    "2b99790c-e5e6-4142-875a-d1e9fa943740", -- Action_ID : UNIQUE_ID
    "70bbd2dc-6a4f-4d40-83a6-b7bc2db6f3f9" -- Parsed_Action_ID : UNIQUE_ID
);
INSERT INTO ACT_BLK VALUES (
    "2c8bf32b-a74f-49e0-a33d-0a0f860874db", -- Block_ID : UNIQUE_ID
    0, -- WhereSpecOK : BOOLEAN
    0, -- InWhereSpec : BOOLEAN
    0, -- SelectedFound : BOOLEAN
    '', -- TempBuffer : STRING
    '', -- SupData1 : STRING
    '', -- SupData2 : STRING
    0, -- CurrentLine : INTEGER
    0, -- CurrentCol : INTEGER
    0, -- currentKeyLettersLineNumber : INTEGER
    0, -- currentKeyLettersColumn : INTEGER
    0, -- currentParameterAssignmentNameLineNumber : INTEGER
    0, -- currentParameterAssignmentNameColumn : INTEGER
    0, -- currentAssociationNumberLineNumber : INTEGER
    0, -- currentAssociationNumberColumn : INTEGER
    0, -- currentAssociationPhraseLineNumber : INTEGER
    0, -- currentAssociationPhraseColumn : INTEGER
    0, -- currentDataTypeNameLineNumber : INTEGER
    0, -- currentDataTypeNameColumn : INTEGER
    0, -- blockInStackFrameCreated : BOOLEAN
    "2b99790c-e5e6-4142-875a-d1e9fa943740", -- Action_ID : UNIQUE_ID
    "27cf60ba-f69a-47e2-8e78-1a9918ce972b" -- Parsed_Action_ID : UNIQUE_ID
);
INSERT INTO ACT_BRB VALUES (
    "ecae1599-e2e0-44aa-aee6-5b943b733886", -- Action_ID : UNIQUE_ID
    "112f319f-4c8e-482c-a552-276f1b56bc8d" -- Brg_ID : UNIQUE_ID
);
INSERT INTO ACT_BRB VALUES (
    "ccd09a55-7020-41f4-951c-975b79ebd444", -- Action_ID : UNIQUE_ID
    "b34ec664-6dea-44bc-afbf-69645da52f0a" -- Brg_ID : UNIQUE_ID
);
INSERT INTO ACT_BRB VALUES (
    "61a20478-214a-4be0-ada5-c958a61593b6", -- Action_ID : UNIQUE_ID
    "2dcf3e84-1208-4e7f-a70c-a54d15f1ce77" -- Brg_ID : UNIQUE_ID
);
INSERT INTO ACT_BRB VALUES (
    "e46c1dc6-b8f0-4a59-9ecd-389ac95f63d8", -- Action_ID : UNIQUE_ID
    "af615ef3-56dd-40b1-be6b-27e07023a829" -- Brg_ID : UNIQUE_ID
);
INSERT INTO ACT_BRB VALUES (
    "97cb39d6-0d78-4a3d-a8b3-e869399bc165", -- Action_ID : UNIQUE_ID
    "a9e838fb-4772-4822-aee6-57f775da6967" -- Brg_ID : UNIQUE_ID
);
INSERT INTO ACT_BRB VALUES (
    "15019906-efcd-4a51-9751-65b0cf2b8a22", -- Action_ID : UNIQUE_ID
    "c56d3597-5a54-4d78-8914-2dc2594c2af4" -- Brg_ID : UNIQUE_ID
);
INSERT INTO ACT_BRB VALUES (
    "94281f0d-d0d6-4e9a-84f5-40eb3f6c61e3", -- Action_ID : UNIQUE_ID
    "77300edb-b891-4e35-858b-9e8cb6437f19" -- Brg_ID : UNIQUE_ID
);
INSERT INTO ACT_BRB VALUES (
    "816e6ee1-6ebf-4e11-bb2a-532446f7223d", -- Action_ID : UNIQUE_ID
    "8a08e8b6-4de0-437f-968f-71d65464ceb7" -- Brg_ID : UNIQUE_ID
);
INSERT INTO ACT_BRB VALUES (
    "7bc2c566-108e-4edc-bf30-3adcb7e62d02", -- Action_ID : UNIQUE_ID
    "e6bddfad-112a-4e3d-983c-17cf660f6a1d" -- Brg_ID : UNIQUE_ID
);
INSERT INTO ACT_BRB VALUES (
    "b8adf20a-0a18-472d-9312-0e5aef8da5d7", -- Action_ID : UNIQUE_ID
    "38a0bf36-f1fa-46ff-9ac5-30980dbf9ba0" -- Brg_ID : UNIQUE_ID
);
INSERT INTO ACT_BRB VALUES (
    "42c15989-11fc-462f-9a6a-7111af2818b2", -- Action_ID : UNIQUE_ID
    "2052aeb8-71a4-49e3-864d-b678d3906bed" -- Brg_ID : UNIQUE_ID
);
INSERT INTO ACT_BRB VALUES (
    "cb9d049c-4f1c-4822-96ea-bd67df776328", -- Action_ID : UNIQUE_ID
    "ffe9b4a1-cf2d-46b7-9789-be3f258319ec" -- Brg_ID : UNIQUE_ID
);
INSERT INTO ACT_BRB VALUES (
    "5ae65bbb-1759-46da-ac97-aa53cf2a5fe0", -- Action_ID : UNIQUE_ID
    "cccf7316-ec6f-4823-ade0-eaab3e2435fc" -- Brg_ID : UNIQUE_ID
);
INSERT INTO ACT_BRB VALUES (
    "fbe28d66-9954-43c5-b3ef-138fe5566c8d", -- Action_ID : UNIQUE_ID
    "e4d7890a-c0ba-4e92-bb75-a89f7a1deb89" -- Brg_ID : UNIQUE_ID
);
INSERT INTO ACT_BRB VALUES (
    "23efe85f-267d-4d3c-9a6e-5189c6059d9b", -- Action_ID : UNIQUE_ID
    "cd04774e-daca-4924-8bf8-26acb2101a9a" -- Brg_ID : UNIQUE_ID
);
INSERT INTO ACT_BRB VALUES (
    "2008a023-b92c-460c-a632-e5a15498cb95", -- Action_ID : UNIQUE_ID
    "f3a7f92c-3c6b-4d36-8f32-849ae8fce50a" -- Brg_ID : UNIQUE_ID
);
INSERT INTO ACT_BRB VALUES (
    "715fc0f6-d483-4cea-a32f-3e6767c7d81b", -- Action_ID : UNIQUE_ID
    "0b4c485f-017d-40b6-9a7e-57fda5776da4" -- Brg_ID : UNIQUE_ID
);
INSERT INTO ACT_BRB VALUES (
    "b3822351-4520-43c3-a9b9-334487599977", -- Action_ID : UNIQUE_ID
    "16322409-ab18-4a8a-8189-42924b6ad4c7" -- Brg_ID : UNIQUE_ID
);
INSERT INTO ACT_BRB VALUES (
    "ca9bd5fd-8684-4c29-afae-ed686e04d14b", -- Action_ID : UNIQUE_ID
    "724d498a-672c-4565-ade3-ad23463f9c4e" -- Brg_ID : UNIQUE_ID
);
INSERT INTO ACT_BRB VALUES (
    "f29a2b49-3115-4b52-ae26-7fbb3aecceef", -- Action_ID : UNIQUE_ID
    "587a5601-85c2-4712-9523-edb532578dab" -- Brg_ID : UNIQUE_ID
);
INSERT INTO ACT_BRB VALUES (
    "3e3b3ef0-9b0c-46c0-a87b-4a21fc8eb294", -- Action_ID : UNIQUE_ID
    "a160d621-7f28-44ee-b4d9-59b10ef2e404" -- Brg_ID : UNIQUE_ID
);
INSERT INTO ACT_BRB VALUES (
    "a9340676-4ade-4779-8abf-65e7049c42ed", -- Action_ID : UNIQUE_ID
    "b2f303f5-6e95-4731-a762-be0c0eb02ca7" -- Brg_ID : UNIQUE_ID
);
INSERT INTO ACT_BRB VALUES (
    "571c2422-bde8-4464-b6ac-2286a6bff0ce", -- Action_ID : UNIQUE_ID
    "4c84eeef-580a-44c0-99a3-07b6a73452d7" -- Brg_ID : UNIQUE_ID
);
INSERT INTO ACT_BRB VALUES (
    "7ec55f6a-e3b2-4677-b8b1-cfd728a35b1d", -- Action_ID : UNIQUE_ID
    "552205ca-aa70-45be-9f6c-fed75e322243" -- Brg_ID : UNIQUE_ID
);
INSERT INTO ACT_BRB VALUES (
    "0faebd12-3a59-42d5-ad98-47ea279c76fd", -- Action_ID : UNIQUE_ID
    "e14dac49-6263-450c-a836-b0d18eb918ce" -- Brg_ID : UNIQUE_ID
);
INSERT INTO ACT_BRB VALUES (
    "4bc76736-14f3-4939-b9d8-212daf968048", -- Action_ID : UNIQUE_ID
    "48b8f9dc-e8f2-41f2-9b8e-d6b671643328" -- Brg_ID : UNIQUE_ID
);
INSERT INTO ACT_BRB VALUES (
    "7e7d2e5f-3f3d-42fd-a136-0980e914034e", -- Action_ID : UNIQUE_ID
    "029dc98c-3010-43ac-9592-e46b263472fe" -- Brg_ID : UNIQUE_ID
);
INSERT INTO ACT_BRB VALUES (
    "5f9fb001-a8d2-4617-9fe4-7891bf76cbed", -- Action_ID : UNIQUE_ID
    "1f23e627-377e-4168-a4a2-bda0a5ec42eb" -- Brg_ID : UNIQUE_ID
);
INSERT INTO ACT_BRB VALUES (
    "fea3c229-332d-4141-ada4-37401593c98c", -- Action_ID : UNIQUE_ID
    "5f3c759c-6b7b-4ee8-8e47-370fb4a90427" -- Brg_ID : UNIQUE_ID
);
INSERT INTO ACT_BRB VALUES (
    "c0a667f8-cc63-4088-ada9-7924dcb67729", -- Action_ID : UNIQUE_ID
    "89d596ad-2792-4523-b93e-7f73d50eaa81" -- Brg_ID : UNIQUE_ID
);
INSERT INTO ACT_BRB VALUES (
    "ded706cb-0f1e-410c-afa9-858dd114b90a", -- Action_ID : UNIQUE_ID
    "ffa333ae-485c-4095-8a9f-2ea460bbb53f" -- Brg_ID : UNIQUE_ID
);
INSERT INTO ACT_BRB VALUES (
    "7f1e7e31-bb68-418c-bed6-e657de252446", -- Action_ID : UNIQUE_ID
    "7336eafe-bf7f-45cf-a139-f0fa44c5400e" -- Brg_ID : UNIQUE_ID
);
INSERT INTO ACT_BRB VALUES (
    "1b9037b3-a124-4d20-8d24-2ef5f0082347", -- Action_ID : UNIQUE_ID
    "d62c634b-74cc-4271-879d-bb16f8243125" -- Brg_ID : UNIQUE_ID
);
INSERT INTO ACT_BRB VALUES (
    "835bae0b-3134-4ed9-8178-23b5885b1cb5", -- Action_ID : UNIQUE_ID
    "bdfbe284-fdf5-4d84-b868-24a4494b1eed" -- Brg_ID : UNIQUE_ID
);
INSERT INTO ACT_BRB VALUES (
    "707d615c-af9f-494a-aee9-721ee20de6f4", -- Action_ID : UNIQUE_ID
    "98d84f3d-005b-4259-a245-635911bfd6d9" -- Brg_ID : UNIQUE_ID
);
INSERT INTO ACT_BRB VALUES (
    "bf129fa5-2ea0-4d78-b669-10bb5f7309be", -- Action_ID : UNIQUE_ID
    "2d05e784-4e68-4ad9-b373-5583b0c79497" -- Brg_ID : UNIQUE_ID
);
INSERT INTO ACT_BRB VALUES (
    "eaf37c6c-e56b-4c6c-9d04-1f66a975c61f", -- Action_ID : UNIQUE_ID
    "7b593108-9200-42f0-86c7-49dfd1e5d704" -- Brg_ID : UNIQUE_ID
);
INSERT INTO ACT_BRB VALUES (
    "bfbd21ff-c84c-4a0a-90f0-29405294d2f0", -- Action_ID : UNIQUE_ID
    "c1f05ae4-a5cb-40a3-a774-d2cddaff579b" -- Brg_ID : UNIQUE_ID
);
INSERT INTO ACT_BRB VALUES (
    "2eaf64ae-6ecf-4bfd-b3bf-139946219911", -- Action_ID : UNIQUE_ID
    "cc2b571f-54b2-4585-86b3-d879d5e34b3d" -- Brg_ID : UNIQUE_ID
);
INSERT INTO ACT_BRB VALUES (
    "bd195860-cc84-419a-878d-ea081247b671", -- Action_ID : UNIQUE_ID
    "3c5d78ee-496c-451e-bcc7-ad0d222c0e32" -- Brg_ID : UNIQUE_ID
);
INSERT INTO ACT_BRB VALUES (
    "683117a7-a47b-4829-b1a1-64ff6c7679e5", -- Action_ID : UNIQUE_ID
    "e4340945-3812-4aa8-bc9b-e374d680118b" -- Brg_ID : UNIQUE_ID
);
INSERT INTO ACT_BRB VALUES (
    "bdabc44a-01c3-4b32-b084-0be97b578141", -- Action_ID : UNIQUE_ID
    "5a5d5ceb-29f0-4209-aeba-150fb07052b7" -- Brg_ID : UNIQUE_ID
);
INSERT INTO ACT_BRB VALUES (
    "3da13840-f136-4456-bcaa-83c6de05c9f0", -- Action_ID : UNIQUE_ID
    "5dddfeb2-1f14-4aa5-ad63-8a909e0dec8c" -- Brg_ID : UNIQUE_ID
);
INSERT INTO ACT_BRB VALUES (
    "cfa30ed0-9357-4be2-ad2a-2b7d51b6fe71", -- Action_ID : UNIQUE_ID
    "4d455ec0-5a4f-467f-bd96-0eda52082970" -- Brg_ID : UNIQUE_ID
);
INSERT INTO ACT_BRB VALUES (
    "119efa94-d418-4a6e-984b-0ba0a1b5041d", -- Action_ID : UNIQUE_ID
    "b890cabd-de2c-4828-a8a5-d955fb7d67c4" -- Brg_ID : UNIQUE_ID
);
INSERT INTO ACT_BRB VALUES (
    "57859def-e026-42fd-95a3-b3b6762b506d", -- Action_ID : UNIQUE_ID
    "41ba132d-a1d1-4191-a09b-2557dff31e03" -- Brg_ID : UNIQUE_ID
);
INSERT INTO ACT_BRB VALUES (
    "c23ab316-d9da-4d98-becd-9bbbde51665b", -- Action_ID : UNIQUE_ID
    "9c9ff561-0230-49c6-93a0-97e6e806f171" -- Brg_ID : UNIQUE_ID
);
INSERT INTO ACT_BRB VALUES (
    "5de84058-7c89-42eb-8e01-d7e49329c38f", -- Action_ID : UNIQUE_ID
    "40eaec44-eb8d-4cae-959a-880b94c28c05" -- Brg_ID : UNIQUE_ID
);
INSERT INTO ACT_BRB VALUES (
    "9b1644e5-4341-4111-9139-c35b9fd5a7db", -- Action_ID : UNIQUE_ID
    "a024f801-c9ad-4451-9c66-573aa528f182" -- Brg_ID : UNIQUE_ID
);
INSERT INTO ACT_BRB VALUES (
    "ac855a08-a8c9-4a57-b5a3-ca5ad9a64e9a", -- Action_ID : UNIQUE_ID
    "a83f64fc-8677-4fde-aa38-99aab40c8d1a" -- Brg_ID : UNIQUE_ID
);
INSERT INTO ACT_BRB VALUES (
    "2d57cec5-85ce-450c-b196-efd692002ca0", -- Action_ID : UNIQUE_ID
    "025ceff5-1023-427c-bbb0-750a3f4e97dc" -- Brg_ID : UNIQUE_ID
);
INSERT INTO ACT_BRB VALUES (
    "3a3069f1-ce4b-45e3-b5e6-f83c89e5b389", -- Action_ID : UNIQUE_ID
    "f7a1de23-2e31-4e8a-988b-ace95920d6c0" -- Brg_ID : UNIQUE_ID
);
INSERT INTO ACT_BRB VALUES (
    "184fcdbb-80f9-450d-b58c-780dde9c518b", -- Action_ID : UNIQUE_ID
    "56d78985-bd88-4f57-97f5-3a8479d36a75" -- Brg_ID : UNIQUE_ID
);
INSERT INTO ACT_BRB VALUES (
    "9bf6d4ef-988d-44ca-9961-5b1b8a440802", -- Action_ID : UNIQUE_ID
    "ad4f1248-1786-4a6c-9f24-575f1b7d5401" -- Brg_ID : UNIQUE_ID
);
INSERT INTO ACT_BRB VALUES (
    "f3bfa769-8870-4b70-b2b0-e86cf89bb6e0", -- Action_ID : UNIQUE_ID
    "387a0ac8-5355-48ef-a355-2676c1a68ecb" -- Brg_ID : UNIQUE_ID
);
INSERT INTO ACT_BRB VALUES (
    "a8b18448-3f7a-40d3-83c9-c712fb5a81e0", -- Action_ID : UNIQUE_ID
    "a4310342-37b4-4aa7-825b-a056e08718c5" -- Brg_ID : UNIQUE_ID
);
INSERT INTO ACT_BRB VALUES (
    "0e5385b4-4835-4676-a4f5-602507eca05d", -- Action_ID : UNIQUE_ID
    "3f74c1fa-616b-4b2a-aa3b-491d0b671973" -- Brg_ID : UNIQUE_ID
);
INSERT INTO ACT_BRB VALUES (
    "d1847de7-1e65-4592-aece-703764671808", -- Action_ID : UNIQUE_ID
    "62c9655c-04ce-4730-add9-3f1212865a27" -- Brg_ID : UNIQUE_ID
);
INSERT INTO ACT_BRB VALUES (
    "31e5ae43-081f-4e26-8a24-d7737866b134", -- Action_ID : UNIQUE_ID
    "c7c7b56a-16b4-47d8-a682-c148ba0ff869" -- Brg_ID : UNIQUE_ID
);
INSERT INTO ACT_BRB VALUES (
    "e2cd110e-35b4-4019-aed1-eb1289f73c87", -- Action_ID : UNIQUE_ID
    "bdc9cf61-1955-40c9-9744-9b3004874cc6" -- Brg_ID : UNIQUE_ID
);
INSERT INTO ACT_BRB VALUES (
    "e97bf950-6866-4fc6-8dd5-57d1b8cb7987", -- Action_ID : UNIQUE_ID
    "5bd13bba-debc-4b14-b39f-b6d284c5b08d" -- Brg_ID : UNIQUE_ID
);
INSERT INTO ACT_BRG VALUES (
    "d0805258-55bf-4f7c-9a35-0eeb7e6916a6", -- Statement_ID : UNIQUE_ID
    "af615ef3-56dd-40b1-be6b-27e07023a829", -- Brg_ID : UNIQUE_ID
    0, -- bridgeNameLineNumber : INTEGER
    0, -- bridgeNameColumn : INTEGER
    0, -- externalEntityKeyLettersLineNumber : INTEGER
    0 -- externalEntityKeyLettersColumn : INTEGER
);
INSERT INTO ACT_BRG VALUES (
    "c47afb69-bcd2-4c1f-980b-fa534c886810", -- Statement_ID : UNIQUE_ID
    "af615ef3-56dd-40b1-be6b-27e07023a829", -- Brg_ID : UNIQUE_ID
    0, -- bridgeNameLineNumber : INTEGER
    0, -- bridgeNameColumn : INTEGER
    0, -- externalEntityKeyLettersLineNumber : INTEGER
    0 -- externalEntityKeyLettersColumn : INTEGER
);
INSERT INTO ACT_BRG VALUES (
    "d99ee883-f9b0-4bd8-9ff6-41e36f3bd238", -- Statement_ID : UNIQUE_ID
    "af615ef3-56dd-40b1-be6b-27e07023a829", -- Brg_ID : UNIQUE_ID
    0, -- bridgeNameLineNumber : INTEGER
    0, -- bridgeNameColumn : INTEGER
    0, -- externalEntityKeyLettersLineNumber : INTEGER
    0 -- externalEntityKeyLettersColumn : INTEGER
);
INSERT INTO ACT_BRG VALUES (
    "e81dfe65-0f94-41d6-aac7-acb11314cd4a", -- Statement_ID : UNIQUE_ID
    "af615ef3-56dd-40b1-be6b-27e07023a829", -- Brg_ID : UNIQUE_ID
    0, -- bridgeNameLineNumber : INTEGER
    0, -- bridgeNameColumn : INTEGER
    0, -- externalEntityKeyLettersLineNumber : INTEGER
    0 -- externalEntityKeyLettersColumn : INTEGER
);
INSERT INTO ACT_BRG VALUES (
    "1df16df2-cc34-499a-b811-b78686fad650", -- Statement_ID : UNIQUE_ID
    "af615ef3-56dd-40b1-be6b-27e07023a829", -- Brg_ID : UNIQUE_ID
    0, -- bridgeNameLineNumber : INTEGER
    0, -- bridgeNameColumn : INTEGER
    0, -- externalEntityKeyLettersLineNumber : INTEGER
    0 -- externalEntityKeyLettersColumn : INTEGER
);
INSERT INTO ACT_CR VALUES (
    "2aa0d896-8a45-4bf4-813a-0b3a7881f3db", -- Statement_ID : UNIQUE_ID
    "3a05ecc2-795d-4c13-a563-31a5a0391422", -- Var_ID : UNIQUE_ID
    0, -- is_implicit : BOOLEAN
    "d8528470-976c-421b-a087-1201ac24302f", -- Obj_ID : UNIQUE_ID
    0, -- modelClassKeyLettersLineNumber : INTEGER
    0 -- modelClassKeyLettersColumn : INTEGER
);
INSERT INTO ACT_E VALUES (
    "77fcdddd-9193-46cb-b2b3-fc3878475b1f", -- Statement_ID : UNIQUE_ID
    "730f884d-516c-4f2f-91f0-3328f01b428f", -- Block_ID : UNIQUE_ID
    "e4005f34-1429-48f3-b422-c5ec85a5ccec" -- If_Statement_ID : UNIQUE_ID
);
INSERT INTO ACT_E VALUES (
    "8c84bd8d-0424-4491-8476-ccd7cef54c68", -- Statement_ID : UNIQUE_ID
    "2c8bf32b-a74f-49e0-a33d-0a0f860874db", -- Block_ID : UNIQUE_ID
    "ad713b26-eb48-4d6a-9f8e-7162e8c6405d" -- If_Statement_ID : UNIQUE_ID
);
INSERT INTO ACT_FIW VALUES (
    "cad5c5fb-b951-42a6-a68f-e8041a4eecef", -- Statement_ID : UNIQUE_ID
    "3a05ecc2-795d-4c13-a563-31a5a0391422", -- Var_ID : UNIQUE_ID
    1, -- is_implicit : BOOLEAN
    'any', -- cardinality : STRING
    "0e354265-140a-435b-8d23-82fac66462e7", -- Where_Clause_Value_ID : UNIQUE_ID
    "d8528470-976c-421b-a087-1201ac24302f", -- Obj_ID : UNIQUE_ID
    0, -- extentLineNumber : INTEGER
    0 -- extentColumn : INTEGER
);
INSERT INTO ACT_FIW VALUES (
    "e4797cfa-5c81-40e2-ad93-60c78ca2b97b", -- Statement_ID : UNIQUE_ID
    "e434c031-4ee3-43b5-9790-2021c4a7984a", -- Var_ID : UNIQUE_ID
    1, -- is_implicit : BOOLEAN
    'any', -- cardinality : STRING
    "becec2fe-c4d7-4f6c-b158-25a237d06708", -- Where_Clause_Value_ID : UNIQUE_ID
    "d8528470-976c-421b-a087-1201ac24302f", -- Obj_ID : UNIQUE_ID
    0, -- extentLineNumber : INTEGER
    0 -- extentColumn : INTEGER
);
INSERT INTO ACT_FNB VALUES (
    "b4fea7f3-6d8f-444b-8af6-130f07956f83", -- Action_ID : UNIQUE_ID
    "8e6515f0-ca9a-424d-b35b-60f69ec5dcc5" -- Sync_ID : UNIQUE_ID
);
INSERT INTO ACT_IF VALUES (
    "e4005f34-1429-48f3-b422-c5ec85a5ccec", -- Statement_ID : UNIQUE_ID
    "2ab984d8-e2e7-4c10-89b8-af790a20bd3c", -- Block_ID : UNIQUE_ID
    "fab9b507-01ae-4335-ab01-639cd5be335a", -- Value_ID : UNIQUE_ID
    "00000000-0000-0000-0000-000000000000", -- Elif_Statement_ID : UNIQUE_ID
    "00000000-0000-0000-0000-000000000000" -- Else_Statement_ID : UNIQUE_ID
);
INSERT INTO ACT_IF VALUES (
    "ad713b26-eb48-4d6a-9f8e-7162e8c6405d", -- Statement_ID : UNIQUE_ID
    "70258a39-e23a-4d2a-8f2f-b9158a7731c6", -- Block_ID : UNIQUE_ID
    "d4d57c20-a58a-417e-86d9-8c1423c82bf7", -- Value_ID : UNIQUE_ID
    "00000000-0000-0000-0000-000000000000", -- Elif_Statement_ID : UNIQUE_ID
    "00000000-0000-0000-0000-000000000000" -- Else_Statement_ID : UNIQUE_ID
);
INSERT INTO ACT_PSB VALUES (
    "84067d0f-32ed-44ea-90c7-c4e263035a5a", -- Action_ID : UNIQUE_ID
    "7582ba79-c063-4631-bcbe-dde14b231908" -- Id : UNIQUE_ID
);
INSERT INTO ACT_PSB VALUES (
    "1aaaf9a2-b6fa-47ec-85cc-c5ef710daad4", -- Action_ID : UNIQUE_ID
    "fd447b6f-5a17-4d1f-8f3d-080eeeb6d3b5" -- Id : UNIQUE_ID
);
INSERT INTO ACT_PSB VALUES (
    "2b99790c-e5e6-4142-875a-d1e9fa943740", -- Action_ID : UNIQUE_ID
    "8e12193a-4915-4e0c-8044-11c6b3eaf358" -- Id : UNIQUE_ID
);
INSERT INTO ACT_RET VALUES (
    "e8d7c955-f0b5-4a15-a953-b618d0dc514d", -- Statement_ID : UNIQUE_ID
    "04bb49e7-ced7-4949-9f79-357a1cf52340" -- Value_ID : UNIQUE_ID
);
INSERT INTO ACT_RET VALUES (
    "de3047f3-e9b4-4702-9190-12c85e859707", -- Statement_ID : UNIQUE_ID
    "ccc3a168-d740-41d7-b5f5-ce4b1b4add00" -- Value_ID : UNIQUE_ID
);
INSERT INTO ACT_RET VALUES (
    "82d9972b-09ad-4a90-8418-a074a37c3a38", -- Statement_ID : UNIQUE_ID
    "57b68d39-114f-486a-9cbf-9399e2ca7ca4" -- Value_ID : UNIQUE_ID
);
INSERT INTO ACT_RET VALUES (
    "f952bc59-f1b1-406c-9f15-70134425b701", -- Statement_ID : UNIQUE_ID
    "fef34a9e-e7b9-43d3-a4bb-2905f994fb6e" -- Value_ID : UNIQUE_ID
);
INSERT INTO ACT_RSB VALUES (
    "936f70b8-42a2-476e-9365-a7ebc429f407", -- Action_ID : UNIQUE_ID
    "4e8357dc-6003-4dae-b1c1-6f406f5216d6" -- Id : UNIQUE_ID
);
INSERT INTO ACT_RSB VALUES (
    "c3734f00-9ed3-43e7-9678-93f68f3e20fd", -- Action_ID : UNIQUE_ID
    "62adeee1-7ea3-43cd-a822-47447631b0f8" -- Id : UNIQUE_ID
);
INSERT INTO ACT_RSB VALUES (
    "2cad79ef-e06b-4d48-a7b6-ed4e6401deca", -- Action_ID : UNIQUE_ID
    "3c887575-84ca-40f7-8c2b-fb4a9c9c2d37" -- Id : UNIQUE_ID
);
INSERT INTO ACT_SAB VALUES (
    "2dd92b4c-b8fc-4486-bcf4-4d3fa3c57d3c", -- Action_ID : UNIQUE_ID
    "7b5f90bd-656f-4bc9-83bf-771ed45973b0", -- SM_ID : UNIQUE_ID
    "2453e957-c72c-4ed6-a1bc-d234c403269c" -- Act_ID : UNIQUE_ID
);
INSERT INTO ACT_SAB VALUES (
    "285bffdf-7c03-4a4b-bb66-1ebe8b230321", -- Action_ID : UNIQUE_ID
    "7b5f90bd-656f-4bc9-83bf-771ed45973b0", -- SM_ID : UNIQUE_ID
    "afb84c0b-8b92-481f-b009-4ac610325ad2" -- Act_ID : UNIQUE_ID
);
INSERT INTO ACT_SGN VALUES (
    "cc9a3ff9-b67d-45c8-9471-532f3584fe48", -- Statement_ID : UNIQUE_ID
    0, -- sigNameLineNumber : INTEGER
    0, -- sigNameColumn : INTEGER
    0, -- ownerNameLineNumber : INTEGER
    0, -- ownerNameColumn : INTEGER
    "fd447b6f-5a17-4d1f-8f3d-080eeeb6d3b5", -- ProvidedSig_Id : UNIQUE_ID
    "00000000-0000-0000-0000-000000000000", -- RequiredSig_Id : UNIQUE_ID
    "00000000-0000-0000-0000-000000000000" -- Value_ID : UNIQUE_ID
);
INSERT INTO ACT_SGN VALUES (
    "3872e335-9228-4ed2-b57d-2ab780fc026f", -- Statement_ID : UNIQUE_ID
    0, -- sigNameLineNumber : INTEGER
    0, -- sigNameColumn : INTEGER
    0, -- ownerNameLineNumber : INTEGER
    0, -- ownerNameColumn : INTEGER
    "fd447b6f-5a17-4d1f-8f3d-080eeeb6d3b5", -- ProvidedSig_Id : UNIQUE_ID
    "00000000-0000-0000-0000-000000000000", -- RequiredSig_Id : UNIQUE_ID
    "00000000-0000-0000-0000-000000000000" -- Value_ID : UNIQUE_ID
);
INSERT INTO ACT_SGN VALUES (
    "02dfca53-8df4-4250-9cd8-b4f205b5b86b", -- Statement_ID : UNIQUE_ID
    0, -- sigNameLineNumber : INTEGER
    0, -- sigNameColumn : INTEGER
    0, -- ownerNameLineNumber : INTEGER
    0, -- ownerNameColumn : INTEGER
    "fd447b6f-5a17-4d1f-8f3d-080eeeb6d3b5", -- ProvidedSig_Id : UNIQUE_ID
    "00000000-0000-0000-0000-000000000000", -- RequiredSig_Id : UNIQUE_ID
    "00000000-0000-0000-0000-000000000000" -- Value_ID : UNIQUE_ID
);
INSERT INTO ACT_SMT VALUES (
    "cd4c9ac3-46ed-4cb4-8dfa-1da0e09f103f", -- Statement_ID : UNIQUE_ID
    "f8564fff-2467-4128-b041-833a728618b1", -- Block_ID : UNIQUE_ID
    "13f6a885-648b-4ea4-934f-617d87651e0e", -- Previous_Statement_ID : UNIQUE_ID
    1, -- LineNumber : INTEGER
    1, -- StartPosition : INTEGER
    'mapping[9]="9"' -- Label : STRING
);
INSERT INTO ACT_SMT VALUES (
    "13f6a885-648b-4ea4-934f-617d87651e0e", -- Statement_ID : UNIQUE_ID
    "f8564fff-2467-4128-b041-833a728618b1", -- Block_ID : UNIQUE_ID
    "aedc5df1-f48e-47ad-886f-0b98ca356aa9", -- Previous_Statement_ID : UNIQUE_ID
    1, -- LineNumber : INTEGER
    17, -- StartPosition : INTEGER
    'mapping[8]="8"' -- Label : STRING
);
INSERT INTO ACT_SMT VALUES (
    "aedc5df1-f48e-47ad-886f-0b98ca356aa9", -- Statement_ID : UNIQUE_ID
    "f8564fff-2467-4128-b041-833a728618b1", -- Block_ID : UNIQUE_ID
    "b5b61cad-eb45-4cd2-937c-b057fafc4967", -- Previous_Statement_ID : UNIQUE_ID
    1, -- LineNumber : INTEGER
    33, -- StartPosition : INTEGER
    'mapping[7]="7"' -- Label : STRING
);
INSERT INTO ACT_SMT VALUES (
    "b5b61cad-eb45-4cd2-937c-b057fafc4967", -- Statement_ID : UNIQUE_ID
    "f8564fff-2467-4128-b041-833a728618b1", -- Block_ID : UNIQUE_ID
    "ee2660c0-5205-4fcc-8604-54975d393416", -- Previous_Statement_ID : UNIQUE_ID
    1, -- LineNumber : INTEGER
    49, -- StartPosition : INTEGER
    'mapping[6]="6"' -- Label : STRING
);
INSERT INTO ACT_SMT VALUES (
    "ee2660c0-5205-4fcc-8604-54975d393416", -- Statement_ID : UNIQUE_ID
    "f8564fff-2467-4128-b041-833a728618b1", -- Block_ID : UNIQUE_ID
    "e1ec7511-6ca1-4e7b-9614-96e67e2d1b22", -- Previous_Statement_ID : UNIQUE_ID
    1, -- LineNumber : INTEGER
    65, -- StartPosition : INTEGER
    'mapping[5]="5"' -- Label : STRING
);
INSERT INTO ACT_SMT VALUES (
    "e1ec7511-6ca1-4e7b-9614-96e67e2d1b22", -- Statement_ID : UNIQUE_ID
    "f8564fff-2467-4128-b041-833a728618b1", -- Block_ID : UNIQUE_ID
    "905f849d-e072-4510-aae4-e4211fa6ff6a", -- Previous_Statement_ID : UNIQUE_ID
    2, -- LineNumber : INTEGER
    1, -- StartPosition : INTEGER
    'mapping[4]="4"' -- Label : STRING
);
INSERT INTO ACT_SMT VALUES (
    "905f849d-e072-4510-aae4-e4211fa6ff6a", -- Statement_ID : UNIQUE_ID
    "f8564fff-2467-4128-b041-833a728618b1", -- Block_ID : UNIQUE_ID
    "06154a5b-97f5-438a-96f7-2cac4edfb2c5", -- Previous_Statement_ID : UNIQUE_ID
    2, -- LineNumber : INTEGER
    17, -- StartPosition : INTEGER
    'mapping[3]="3"' -- Label : STRING
);
INSERT INTO ACT_SMT VALUES (
    "06154a5b-97f5-438a-96f7-2cac4edfb2c5", -- Statement_ID : UNIQUE_ID
    "f8564fff-2467-4128-b041-833a728618b1", -- Block_ID : UNIQUE_ID
    "c565c6a3-3a94-462f-826f-7d518b8a065a", -- Previous_Statement_ID : UNIQUE_ID
    2, -- LineNumber : INTEGER
    33, -- StartPosition : INTEGER
    'mapping[2]="2"' -- Label : STRING
);
INSERT INTO ACT_SMT VALUES (
    "c565c6a3-3a94-462f-826f-7d518b8a065a", -- Statement_ID : UNIQUE_ID
    "f8564fff-2467-4128-b041-833a728618b1", -- Block_ID : UNIQUE_ID
    "53e4df43-3bdd-4a44-b8cb-c1e9b53ed039", -- Previous_Statement_ID : UNIQUE_ID
    2, -- LineNumber : INTEGER
    49, -- StartPosition : INTEGER
    'mapping[1]="1"' -- Label : STRING
);
INSERT INTO ACT_SMT VALUES (
    "53e4df43-3bdd-4a44-b8cb-c1e9b53ed039", -- Statement_ID : UNIQUE_ID
    "f8564fff-2467-4128-b041-833a728618b1", -- Block_ID : UNIQUE_ID
    "611f644d-0db1-45f8-9d61-0fbcdd707741", -- Previous_Statement_ID : UNIQUE_ID
    2, -- LineNumber : INTEGER
    65, -- StartPosition : INTEGER
    'mapping[0]="0"' -- Label : STRING
);
INSERT INTO ACT_SMT VALUES (
    "611f644d-0db1-45f8-9d61-0fbcdd707741", -- Statement_ID : UNIQUE_ID
    "f8564fff-2467-4128-b041-833a728618b1", -- Block_ID : UNIQUE_ID
    "e5a135ea-2f27-4597-9874-33a749333b5a", -- Previous_Statement_ID : UNIQUE_ID
    4, -- LineNumber : INTEGER
    1, -- StartPosition : INTEGER
    'i = param.i' -- Label : STRING
);
INSERT INTO ACT_SMT VALUES (
    "e5a135ea-2f27-4597-9874-33a749333b5a", -- Statement_ID : UNIQUE_ID
    "f8564fff-2467-4128-b041-833a728618b1", -- Block_ID : UNIQUE_ID
    "996902ff-4d2c-4f81-bda9-b78ad1c791c1", -- Previous_Statement_ID : UNIQUE_ID
    4, -- LineNumber : INTEGER
    14, -- StartPosition : INTEGER
    's = ""' -- Label : STRING
);
INSERT INTO ACT_SMT VALUES (
    "996902ff-4d2c-4f81-bda9-b78ad1c791c1", -- Statement_ID : UNIQUE_ID
    "f8564fff-2467-4128-b041-833a728618b1", -- Block_ID : UNIQUE_ID
    "e8d7c955-f0b5-4a15-a953-b618d0dc514d", -- Previous_Statement_ID : UNIQUE_ID
    5, -- LineNumber : INTEGER
    1, -- StartPosition : INTEGER
    'while ( i >= 1 )
  d = i % 10;
  i = i / 10;
  s = mapping[ d ] + s;
end while' -- Label : STRING
);
INSERT INTO ACT_SMT VALUES (
    "f7ed2560-f39d-4043-9f04-6a991db8b287", -- Statement_ID : UNIQUE_ID
    "565d0f59-966f-4f7a-8ae7-142147cee638", -- Block_ID : UNIQUE_ID
    "d595a48a-ca77-41b1-aa20-98a31d9852e1", -- Previous_Statement_ID : UNIQUE_ID
    6, -- LineNumber : INTEGER
    3, -- StartPosition : INTEGER
    'd = i % 10' -- Label : STRING
);
INSERT INTO ACT_SMT VALUES (
    "d595a48a-ca77-41b1-aa20-98a31d9852e1", -- Statement_ID : UNIQUE_ID
    "565d0f59-966f-4f7a-8ae7-142147cee638", -- Block_ID : UNIQUE_ID
    "88132407-ed30-416f-b66e-a67ce9cf73fa", -- Previous_Statement_ID : UNIQUE_ID
    7, -- LineNumber : INTEGER
    3, -- StartPosition : INTEGER
    'i = i / 10' -- Label : STRING
);
INSERT INTO ACT_SMT VALUES (
    "88132407-ed30-416f-b66e-a67ce9cf73fa", -- Statement_ID : UNIQUE_ID
    "565d0f59-966f-4f7a-8ae7-142147cee638", -- Block_ID : UNIQUE_ID
    "00000000-0000-0000-0000-000000000000", -- Previous_Statement_ID : UNIQUE_ID
    8, -- LineNumber : INTEGER
    3, -- StartPosition : INTEGER
    's = mapping[ d ] + s' -- Label : STRING
);
INSERT INTO ACT_SMT VALUES (
    "e8d7c955-f0b5-4a15-a953-b618d0dc514d", -- Statement_ID : UNIQUE_ID
    "f8564fff-2467-4128-b041-833a728618b1", -- Block_ID : UNIQUE_ID
    "00000000-0000-0000-0000-000000000000", -- Previous_Statement_ID : UNIQUE_ID
    11, -- LineNumber : INTEGER
    1, -- StartPosition : INTEGER
    'return s' -- Label : STRING
);
INSERT INTO ACT_SMT VALUES (
    "de3047f3-e9b4-4702-9190-12c85e859707", -- Statement_ID : UNIQUE_ID
    "51521124-67cb-40d4-91d5-b66c66588f33", -- Block_ID : UNIQUE_ID
    "00000000-0000-0000-0000-000000000000", -- Previous_Statement_ID : UNIQUE_ID
    1, -- LineNumber : INTEGER
    1, -- StartPosition : INTEGER
    'return 0' -- Label : STRING
);
INSERT INTO ACT_SMT VALUES (
    "82d9972b-09ad-4a90-8418-a074a37c3a38", -- Statement_ID : UNIQUE_ID
    "6cbd2f3f-befa-4306-b17e-f16290b67063", -- Block_ID : UNIQUE_ID
    "00000000-0000-0000-0000-000000000000", -- Previous_Statement_ID : UNIQUE_ID
    1, -- LineNumber : INTEGER
    1, -- StartPosition : INTEGER
    'return true' -- Label : STRING
);
INSERT INTO ACT_SMT VALUES (
    "f952bc59-f1b1-406c-9f15-70134425b701", -- Statement_ID : UNIQUE_ID
    "22fff876-98ce-4226-b4e9-e100a1c3ccb0", -- Block_ID : UNIQUE_ID
    "00000000-0000-0000-0000-000000000000", -- Previous_Statement_ID : UNIQUE_ID
    1, -- LineNumber : INTEGER
    1, -- StartPosition : INTEGER
    'return true' -- Label : STRING
);
INSERT INTO ACT_SMT VALUES (
    "d0805258-55bf-4f7c-9a35-0eeb7e6916a6", -- Statement_ID : UNIQUE_ID
    "2c22fc6a-d70f-4d6a-98c0-90b30daca94d", -- Block_ID : UNIQUE_ID
    "00000000-0000-0000-0000-000000000000", -- Previous_Statement_ID : UNIQUE_ID
    6, -- LineNumber : INTEGER
    1, -- StartPosition : INTEGER
    'LOG::LogInfo( message:"Updated employee Name:"+ self.FName + self.LName)' -- Label : STRING
);
INSERT INTO ACT_SMT VALUES (
    "dc68c853-bde4-41e9-9ec6-8c7d0046f000", -- Statement_ID : UNIQUE_ID
    "ee672b86-7056-47be-a7eb-7d2912d3ad0e", -- Block_ID : UNIQUE_ID
    "c47afb69-bcd2-4c1f-980b-fa534c886810", -- Previous_Statement_ID : UNIQUE_ID
    2, -- LineNumber : INTEGER
    1, -- StartPosition : INTEGER
    'Start_Date = TIM::current_date()' -- Label : STRING
);
INSERT INTO ACT_SMT VALUES (
    "c47afb69-bcd2-4c1f-980b-fa534c886810", -- Statement_ID : UNIQUE_ID
    "ee672b86-7056-47be-a7eb-7d2912d3ad0e", -- Block_ID : UNIQUE_ID
    "00000000-0000-0000-0000-000000000000", -- Previous_Statement_ID : UNIQUE_ID
    3, -- LineNumber : INTEGER
    1, -- StartPosition : INTEGER
    'LOG::LogInfo( message:"New employee has commenced" )' -- Label : STRING
);
INSERT INTO ACT_SMT VALUES (
    "cad5c5fb-b951-42a6-a68f-e8041a4eecef", -- Statement_ID : UNIQUE_ID
    "1bf5b3bd-e1e8-4dae-b78b-4dd897fee0d1", -- Block_ID : UNIQUE_ID
    "e4005f34-1429-48f3-b422-c5ec85a5ccec", -- Previous_Statement_ID : UNIQUE_ID
    2, -- LineNumber : INTEGER
    1, -- StartPosition : INTEGER
    'select any employee from instances of Employee where selected.National_ID==param.National_ID' -- Label : STRING
);
INSERT INTO ACT_SMT VALUES (
    "e4005f34-1429-48f3-b422-c5ec85a5ccec", -- Statement_ID : UNIQUE_ID
    "1bf5b3bd-e1e8-4dae-b78b-4dd897fee0d1", -- Block_ID : UNIQUE_ID
    "00000000-0000-0000-0000-000000000000", -- Previous_Statement_ID : UNIQUE_ID
    3, -- LineNumber : INTEGER
    1, -- StartPosition : INTEGER
    'if ( empty employee )
	create object instance employee of Employee;
	//generate Employee1:newEmployeeRcvd(FName:param.FName, LName:param.LName, National_ID:param.National_ID) to employee;
	employee.FName = param.FName;
	employee.LName = param.LName;
	employee.National_ID = param.National_ID;
	
	UI::Reply( msg:"Employee added successfully.", state:True);
else 
	
	LOG::LogInfo(message:"Employee already exists." );
	LOG::LogInfo(message:"Updating details." );
	//employee.FName = param.FName;
	//employee.LName = param.LName;	
	//UI::Reply( msg:"Employee already exists", state:False);
end if' -- Label : STRING
);
INSERT INTO ACT_SMT VALUES (
    "2aa0d896-8a45-4bf4-813a-0b3a7881f3db", -- Statement_ID : UNIQUE_ID
    "2ab984d8-e2e7-4c10-89b8-af790a20bd3c", -- Block_ID : UNIQUE_ID
    "27c7f518-076c-4a72-b654-618fbb271e7a", -- Previous_Statement_ID : UNIQUE_ID
    4, -- LineNumber : INTEGER
    2, -- StartPosition : INTEGER
    'create object instance employee of Employee' -- Label : STRING
);
INSERT INTO ACT_SMT VALUES (
    "27c7f518-076c-4a72-b654-618fbb271e7a", -- Statement_ID : UNIQUE_ID
    "2ab984d8-e2e7-4c10-89b8-af790a20bd3c", -- Block_ID : UNIQUE_ID
    "58e31f87-c324-4653-9250-fdeeb9771c40", -- Previous_Statement_ID : UNIQUE_ID
    6, -- LineNumber : INTEGER
    2, -- StartPosition : INTEGER
    'employee.FName = param.FName' -- Label : STRING
);
INSERT INTO ACT_SMT VALUES (
    "58e31f87-c324-4653-9250-fdeeb9771c40", -- Statement_ID : UNIQUE_ID
    "2ab984d8-e2e7-4c10-89b8-af790a20bd3c", -- Block_ID : UNIQUE_ID
    "bf467537-f481-4a7f-84e1-986c14791192", -- Previous_Statement_ID : UNIQUE_ID
    7, -- LineNumber : INTEGER
    2, -- StartPosition : INTEGER
    'employee.LName = param.LName' -- Label : STRING
);
INSERT INTO ACT_SMT VALUES (
    "bf467537-f481-4a7f-84e1-986c14791192", -- Statement_ID : UNIQUE_ID
    "2ab984d8-e2e7-4c10-89b8-af790a20bd3c", -- Block_ID : UNIQUE_ID
    "cc9a3ff9-b67d-45c8-9471-532f3584fe48", -- Previous_Statement_ID : UNIQUE_ID
    8, -- LineNumber : INTEGER
    2, -- StartPosition : INTEGER
    'employee.National_ID = param.National_ID' -- Label : STRING
);
INSERT INTO ACT_SMT VALUES (
    "cc9a3ff9-b67d-45c8-9471-532f3584fe48", -- Statement_ID : UNIQUE_ID
    "2ab984d8-e2e7-4c10-89b8-af790a20bd3c", -- Block_ID : UNIQUE_ID
    "00000000-0000-0000-0000-000000000000", -- Previous_Statement_ID : UNIQUE_ID
    10, -- LineNumber : INTEGER
    2, -- StartPosition : INTEGER
    'UI::Reply( msg:"Employee added successfully.", state:True)' -- Label : STRING
);
INSERT INTO ACT_SMT VALUES (
    "77fcdddd-9193-46cb-b2b3-fc3878475b1f", -- Statement_ID : UNIQUE_ID
    "1bf5b3bd-e1e8-4dae-b78b-4dd897fee0d1", -- Block_ID : UNIQUE_ID
    "00000000-0000-0000-0000-000000000000", -- Previous_Statement_ID : UNIQUE_ID
    11, -- LineNumber : INTEGER
    1, -- StartPosition : INTEGER
    'else 
	
	LOG::LogInfo(message:"Employee already exists." );
	LOG::LogInfo(message:"Updating details." );' -- Label : STRING
);
INSERT INTO ACT_SMT VALUES (
    "d99ee883-f9b0-4bd8-9ff6-41e36f3bd238", -- Statement_ID : UNIQUE_ID
    "730f884d-516c-4f2f-91f0-3328f01b428f", -- Block_ID : UNIQUE_ID
    "e81dfe65-0f94-41d6-aac7-acb11314cd4a", -- Previous_Statement_ID : UNIQUE_ID
    13, -- LineNumber : INTEGER
    2, -- StartPosition : INTEGER
    'LOG::LogInfo(message:"Employee already exists." )' -- Label : STRING
);
INSERT INTO ACT_SMT VALUES (
    "e81dfe65-0f94-41d6-aac7-acb11314cd4a", -- Statement_ID : UNIQUE_ID
    "730f884d-516c-4f2f-91f0-3328f01b428f", -- Block_ID : UNIQUE_ID
    "00000000-0000-0000-0000-000000000000", -- Previous_Statement_ID : UNIQUE_ID
    14, -- LineNumber : INTEGER
    2, -- StartPosition : INTEGER
    'LOG::LogInfo(message:"Updating details." )' -- Label : STRING
);
INSERT INTO ACT_SMT VALUES (
    "e4797cfa-5c81-40e2-ad93-60c78ca2b97b", -- Statement_ID : UNIQUE_ID
    "9c79897f-e86f-4464-8eda-d17eae0bcac8", -- Block_ID : UNIQUE_ID
    "ad713b26-eb48-4d6a-9f8e-7162e8c6405d", -- Previous_Statement_ID : UNIQUE_ID
    2, -- LineNumber : INTEGER
    1, -- StartPosition : INTEGER
    'select any employee from instances of Employee where selected.National_ID==param.National_ID' -- Label : STRING
);
INSERT INTO ACT_SMT VALUES (
    "ad713b26-eb48-4d6a-9f8e-7162e8c6405d", -- Statement_ID : UNIQUE_ID
    "9c79897f-e86f-4464-8eda-d17eae0bcac8", -- Block_ID : UNIQUE_ID
    "00000000-0000-0000-0000-000000000000", -- Previous_Statement_ID : UNIQUE_ID
    3, -- LineNumber : INTEGER
    1, -- StartPosition : INTEGER
    'if ( not empty employee )
	generate Employee2:commencedRcvd() to employee;
	UI::Reply( msg:"Employee has commenced ", state:True);

else 
	LOG::LogInfo(message:"Employee is not registered!" );
	UI::Reply( msg:"Employee is not found.", state:False);
end if' -- Label : STRING
);
INSERT INTO ACT_SMT VALUES (
    "22d32456-0f7d-4933-8032-fdc6c3fa2bfc", -- Statement_ID : UNIQUE_ID
    "70258a39-e23a-4d2a-8f2f-b9158a7731c6", -- Block_ID : UNIQUE_ID
    "3872e335-9228-4ed2-b57d-2ab780fc026f", -- Previous_Statement_ID : UNIQUE_ID
    4, -- LineNumber : INTEGER
    2, -- StartPosition : INTEGER
    'generate Employee2:commencedRcvd() to employee' -- Label : STRING
);
INSERT INTO ACT_SMT VALUES (
    "3872e335-9228-4ed2-b57d-2ab780fc026f", -- Statement_ID : UNIQUE_ID
    "70258a39-e23a-4d2a-8f2f-b9158a7731c6", -- Block_ID : UNIQUE_ID
    "00000000-0000-0000-0000-000000000000", -- Previous_Statement_ID : UNIQUE_ID
    5, -- LineNumber : INTEGER
    2, -- StartPosition : INTEGER
    'UI::Reply( msg:"Employee has commenced ", state:True)' -- Label : STRING
);
INSERT INTO ACT_SMT VALUES (
    "8c84bd8d-0424-4491-8476-ccd7cef54c68", -- Statement_ID : UNIQUE_ID
    "9c79897f-e86f-4464-8eda-d17eae0bcac8", -- Block_ID : UNIQUE_ID
    "00000000-0000-0000-0000-000000000000", -- Previous_Statement_ID : UNIQUE_ID
    7, -- LineNumber : INTEGER
    1, -- StartPosition : INTEGER
    'else 
	LOG::LogInfo(message:"Employee is not registered!" );
	UI::Reply( msg:"Employee is not found.", state:False);' -- Label : STRING
);
INSERT INTO ACT_SMT VALUES (
    "1df16df2-cc34-499a-b811-b78686fad650", -- Statement_ID : UNIQUE_ID
    "2c8bf32b-a74f-49e0-a33d-0a0f860874db", -- Block_ID : UNIQUE_ID
    "02dfca53-8df4-4250-9cd8-b4f205b5b86b", -- Previous_Statement_ID : UNIQUE_ID
    8, -- LineNumber : INTEGER
    2, -- StartPosition : INTEGER
    'LOG::LogInfo(message:"Employee is not registered!" )' -- Label : STRING
);
INSERT INTO ACT_SMT VALUES (
    "02dfca53-8df4-4250-9cd8-b4f205b5b86b", -- Statement_ID : UNIQUE_ID
    "2c8bf32b-a74f-49e0-a33d-0a0f860874db", -- Block_ID : UNIQUE_ID
    "00000000-0000-0000-0000-000000000000", -- Previous_Statement_ID : UNIQUE_ID
    9, -- LineNumber : INTEGER
    2, -- StartPosition : INTEGER
    'UI::Reply( msg:"Employee is not found.", state:False)' -- Label : STRING
);
INSERT INTO ACT_TAB VALUES (
    "2ab43976-bfd5-43f1-81ca-1e30dda83c7c", -- Action_ID : UNIQUE_ID
    "7b5f90bd-656f-4bc9-83bf-771ed45973b0", -- SM_ID : UNIQUE_ID
    "ca45fe8f-dbad-455c-899f-ef40d219d806" -- Act_ID : UNIQUE_ID
);
INSERT INTO ACT_TAB VALUES (
    "0b3f8132-19b1-4e2b-8d87-b63759297998", -- Action_ID : UNIQUE_ID
    "7b5f90bd-656f-4bc9-83bf-771ed45973b0", -- SM_ID : UNIQUE_ID
    "becd648f-4aa1-43ca-9b3a-d3fc35c0fd00" -- Act_ID : UNIQUE_ID
);
INSERT INTO ACT_WHL VALUES (
    "996902ff-4d2c-4f81-bda9-b78ad1c791c1", -- Statement_ID : UNIQUE_ID
    "670e16b6-9a1e-495b-8e00-3c6e3a7238d2", -- Value_ID : UNIQUE_ID
    "565d0f59-966f-4f7a-8ae7-142147cee638" -- Block_ID : UNIQUE_ID
);
INSERT INTO CL_IC VALUES (
    "6aa4e315-9e4a-4187-afb6-075a37702da7", -- Id : UNIQUE_ID
    "8e4782c3-9567-4154-87b3-67069634e7a5", -- AssignedComp_Id : UNIQUE_ID
    "00000000-0000-0000-0000-000000000000", -- ParentComp_Id : UNIQUE_ID
    "00000000-0000-0000-0000-000000000000", -- Component_Package_ID : UNIQUE_ID
    0, -- Mult : INTEGER
    '', -- ClassifierName : STRING
    'dhrm::hrm::hr', -- Name : STRING
    '' -- Descrip : STRING
);
INSERT INTO CL_IC VALUES (
    "61527127-c692-4baf-8c6a-7b3bd54f8db3", -- Id : UNIQUE_ID
    "d81dc79e-6692-4a39-b6d9-f5fc0b765726", -- AssignedComp_Id : UNIQUE_ID
    "00000000-0000-0000-0000-000000000000", -- ParentComp_Id : UNIQUE_ID
    "00000000-0000-0000-0000-000000000000", -- Component_Package_ID : UNIQUE_ID
    0, -- Mult : INTEGER
    '', -- ClassifierName : STRING
    'UIHR::UIHR::UI', -- Name : STRING
    '' -- Descrip : STRING
);
INSERT INTO CL_IIR VALUES (
    "0d0011e5-9d08-4213-96c8-a4130d610109", -- Id : UNIQUE_ID
    "e211a314-f4cf-4d96-ab5d-86594500f9c9", -- Ref_Id : UNIQUE_ID
    "2a7e36f3-b8e3-488c-9a8a-8f2053b386fe", -- CL_POR_Id : UNIQUE_ID
    "00000000-0000-0000-0000-000000000000", -- Delegation_Id : UNIQUE_ID
    'EP', -- Name : STRING
    '' -- Descrip : STRING
);
INSERT INTO CL_IIR VALUES (
    "451e40ae-b2bc-4182-972d-e7cd49ffef97", -- Id : UNIQUE_ID
    "3c565891-207b-4f8f-906f-7a28c50fa9aa", -- Ref_Id : UNIQUE_ID
    "dc409749-3231-4f2f-a188-575f9623ca0a", -- CL_POR_Id : UNIQUE_ID
    "00000000-0000-0000-0000-000000000000", -- Delegation_Id : UNIQUE_ID
    'EP', -- Name : STRING
    '' -- Descrip : STRING
);
INSERT INTO CL_IP VALUES (
    "0d0011e5-9d08-4213-96c8-a4130d610109", -- Id : UNIQUE_ID
    'EP', -- Name : STRING
    '' -- Descrip : STRING
);
INSERT INTO CL_IPINS VALUES (
    "93daa695-5c19-4584-b8ff-aeda570a0f03", -- Satisfaction_Id : UNIQUE_ID
    "0d0011e5-9d08-4213-96c8-a4130d610109" -- ImportedProvision_Id : UNIQUE_ID
);
INSERT INTO CL_IR VALUES (
    "451e40ae-b2bc-4182-972d-e7cd49ffef97", -- Id : UNIQUE_ID
    "93daa695-5c19-4584-b8ff-aeda570a0f03", -- Satisfaction_Element_Id : UNIQUE_ID
    'EP', -- Name : STRING
    '' -- Descrip : STRING
);
INSERT INTO CL_POR VALUES (
    "6aa4e315-9e4a-4187-afb6-075a37702da7", -- CL_IC_Id : UNIQUE_ID
    "498d117c-4422-44a6-af7e-6cb02ada65c5", -- C_PO_Id : UNIQUE_ID
    'UI', -- Name : STRING
    "2a7e36f3-b8e3-488c-9a8a-8f2053b386fe" -- Id : UNIQUE_ID
);
INSERT INTO CL_POR VALUES (
    "61527127-c692-4baf-8c6a-7b3bd54f8db3", -- CL_IC_Id : UNIQUE_ID
    "d8aeacb7-ad9c-4082-9867-d8dc363f53b7", -- C_PO_Id : UNIQUE_ID
    'App', -- Name : STRING
    "dc409749-3231-4f2f-a188-575f9623ca0a" -- Id : UNIQUE_ID
);
INSERT INTO C_AS VALUES (
    "be4e38a9-c84b-44ce-a173-d57405caeeca", -- Id : UNIQUE_ID
    'New', -- Name : STRING
    '', -- Descrip : STRING
    0, -- Direction : INTEGER
    "00000000-0000-0000-0000-000000000000" -- Previous_Id : UNIQUE_ID
);
INSERT INTO C_AS VALUES (
    "f83ecd5c-00bd-42d1-a795-2868eba34aec", -- Id : UNIQUE_ID
    'Reply', -- Name : STRING
    '', -- Descrip : STRING
    1, -- Direction : INTEGER
    "be4e38a9-c84b-44ce-a173-d57405caeeca" -- Previous_Id : UNIQUE_ID
);
INSERT INTO C_AS VALUES (
    "dd791a09-c8bd-4868-8174-4726cea8e2d3", -- Id : UNIQUE_ID
    'Start', -- Name : STRING
    '', -- Descrip : STRING
    0, -- Direction : INTEGER
    "f83ecd5c-00bd-42d1-a795-2868eba34aec" -- Previous_Id : UNIQUE_ID
);
INSERT INTO C_C VALUES (
    "8e4782c3-9567-4154-87b3-67069634e7a5", -- Id : UNIQUE_ID
    "00000000-0000-0000-0000-000000000000", -- Package_ID : UNIQUE_ID
    "00000000-0000-0000-0000-000000000000", -- NestedComponent_Id : UNIQUE_ID
    'hr', -- Name : STRING
    '', -- Descrip : STRING
    0, -- Mult : INTEGER
    "00000000-0000-0000-0000-000000000000", -- Root_Package_ID : UNIQUE_ID
    0, -- isRealized : BOOLEAN
    '' -- Realized_Class_Path : STRING
);
INSERT INTO C_C VALUES (
    "d81dc79e-6692-4a39-b6d9-f5fc0b765726", -- Id : UNIQUE_ID
    "00000000-0000-0000-0000-000000000000", -- Package_ID : UNIQUE_ID
    "00000000-0000-0000-0000-000000000000", -- NestedComponent_Id : UNIQUE_ID
    'UI', -- Name : STRING
    '', -- Descrip : STRING
    0, -- Mult : INTEGER
    "00000000-0000-0000-0000-000000000000", -- Root_Package_ID : UNIQUE_ID
    0, -- isRealized : BOOLEAN
    '' -- Realized_Class_Path : STRING
);
INSERT INTO C_EP VALUES (
    "be4e38a9-c84b-44ce-a173-d57405caeeca", -- Id : UNIQUE_ID
    "102214df-1d03-428f-9eb8-5c5ce18bfdae", -- Interface_Id : UNIQUE_ID
    -1, -- Direction : INTEGER
    'New', -- Name : STRING
    '' -- Descrip : STRING
);
INSERT INTO C_EP VALUES (
    "f83ecd5c-00bd-42d1-a795-2868eba34aec", -- Id : UNIQUE_ID
    "102214df-1d03-428f-9eb8-5c5ce18bfdae", -- Interface_Id : UNIQUE_ID
    -1, -- Direction : INTEGER
    'Reply', -- Name : STRING
    '' -- Descrip : STRING
);
INSERT INTO C_EP VALUES (
    "dd791a09-c8bd-4868-8174-4726cea8e2d3", -- Id : UNIQUE_ID
    "102214df-1d03-428f-9eb8-5c5ce18bfdae", -- Interface_Id : UNIQUE_ID
    -1, -- Direction : INTEGER
    'Start', -- Name : STRING
    '' -- Descrip : STRING
);
INSERT INTO C_I VALUES (
    "102214df-1d03-428f-9eb8-5c5ce18bfdae", -- Id : UNIQUE_ID
    "00000000-0000-0000-0000-000000000000", -- Package_ID : UNIQUE_ID
    'EP', -- Name : STRING
    '' -- Descrip : STRING
);
INSERT INTO C_IR VALUES (
    "e211a314-f4cf-4d96-ab5d-86594500f9c9", -- Id : UNIQUE_ID
    "102214df-1d03-428f-9eb8-5c5ce18bfdae", -- Formal_Interface_Id : UNIQUE_ID
    "00000000-0000-0000-0000-000000000000", -- Delegation_Id : UNIQUE_ID
    "498d117c-4422-44a6-af7e-6cb02ada65c5" -- Port_Id : UNIQUE_ID
);
INSERT INTO C_IR VALUES (
    "3c565891-207b-4f8f-906f-7a28c50fa9aa", -- Id : UNIQUE_ID
    "102214df-1d03-428f-9eb8-5c5ce18bfdae", -- Formal_Interface_Id : UNIQUE_ID
    "00000000-0000-0000-0000-000000000000", -- Delegation_Id : UNIQUE_ID
    "d8aeacb7-ad9c-4082-9867-d8dc363f53b7" -- Port_Id : UNIQUE_ID
);
INSERT INTO C_P VALUES (
    "e211a314-f4cf-4d96-ab5d-86594500f9c9", -- Provision_Id : UNIQUE_ID
    'EP', -- Name : STRING
    'HRUI', -- InformalName : STRING
    '', -- Descrip : STRING
    'hr::UI::EP' -- pathFromComponent : STRING
);
INSERT INTO C_PO VALUES (
    "498d117c-4422-44a6-af7e-6cb02ada65c5", -- Id : UNIQUE_ID
    "8e4782c3-9567-4154-87b3-67069634e7a5", -- Component_Id : UNIQUE_ID
    'UI', -- Name : STRING
    0, -- Mult : INTEGER
    0 -- DoNotShowPortOnCanvas : BOOLEAN
);
INSERT INTO C_PO VALUES (
    "d8aeacb7-ad9c-4082-9867-d8dc363f53b7", -- Id : UNIQUE_ID
    "d81dc79e-6692-4a39-b6d9-f5fc0b765726", -- Component_Id : UNIQUE_ID
    'App', -- Name : STRING
    0, -- Mult : INTEGER
    0 -- DoNotShowPortOnCanvas : BOOLEAN
);
INSERT INTO C_PP VALUES (
    "8d5bd5a6-f248-4b87-a4bb-eb772b2397d8", -- PP_Id : UNIQUE_ID
    "be4e38a9-c84b-44ce-a173-d57405caeeca", -- Signal_Id : UNIQUE_ID
    "ba5eda7a-def5-0000-0000-000000000004", -- DT_ID : UNIQUE_ID
    'FName', -- Name : STRING
    '', -- Descrip : STRING
    0, -- By_Ref : INTEGER
    '', -- Dimensions : STRING
    "00000000-0000-0000-0000-000000000000" -- Previous_PP_Id : UNIQUE_ID
);
INSERT INTO C_PP VALUES (
    "b1170977-7e1a-4e1e-8ec1-9e9ef2712f79", -- PP_Id : UNIQUE_ID
    "be4e38a9-c84b-44ce-a173-d57405caeeca", -- Signal_Id : UNIQUE_ID
    "ba5eda7a-def5-0000-0000-000000000004", -- DT_ID : UNIQUE_ID
    'LName', -- Name : STRING
    '', -- Descrip : STRING
    0, -- By_Ref : INTEGER
    '', -- Dimensions : STRING
    "8d5bd5a6-f248-4b87-a4bb-eb772b2397d8" -- Previous_PP_Id : UNIQUE_ID
);
INSERT INTO C_PP VALUES (
    "28761f9b-5da3-4284-aa06-53a1471a18fd", -- PP_Id : UNIQUE_ID
    "be4e38a9-c84b-44ce-a173-d57405caeeca", -- Signal_Id : UNIQUE_ID
    "ba5eda7a-def5-0000-0000-000000000002", -- DT_ID : UNIQUE_ID
    'National_ID', -- Name : STRING
    '', -- Descrip : STRING
    0, -- By_Ref : INTEGER
    '', -- Dimensions : STRING
    "b1170977-7e1a-4e1e-8ec1-9e9ef2712f79" -- Previous_PP_Id : UNIQUE_ID
);
INSERT INTO C_PP VALUES (
    "6c3424d1-f671-42a7-b29c-fad87a2ff081", -- PP_Id : UNIQUE_ID
    "f83ecd5c-00bd-42d1-a795-2868eba34aec", -- Signal_Id : UNIQUE_ID
    "ba5eda7a-def5-0000-0000-000000000004", -- DT_ID : UNIQUE_ID
    'msg', -- Name : STRING
    '', -- Descrip : STRING
    0, -- By_Ref : INTEGER
    '', -- Dimensions : STRING
    "00000000-0000-0000-0000-000000000000" -- Previous_PP_Id : UNIQUE_ID
);
INSERT INTO C_PP VALUES (
    "426a31f6-75f0-4356-affb-38fd98147139", -- PP_Id : UNIQUE_ID
    "f83ecd5c-00bd-42d1-a795-2868eba34aec", -- Signal_Id : UNIQUE_ID
    "ba5eda7a-def5-0000-0000-000000000001", -- DT_ID : UNIQUE_ID
    'state', -- Name : STRING
    '', -- Descrip : STRING
    0, -- By_Ref : INTEGER
    '', -- Dimensions : STRING
    "6c3424d1-f671-42a7-b29c-fad87a2ff081" -- Previous_PP_Id : UNIQUE_ID
);
INSERT INTO C_PP VALUES (
    "665d0f46-1f6b-4469-b345-11ad3a35684e", -- PP_Id : UNIQUE_ID
    "dd791a09-c8bd-4868-8174-4726cea8e2d3", -- Signal_Id : UNIQUE_ID
    "ba5eda7a-def5-0000-0000-000000000002", -- DT_ID : UNIQUE_ID
    'National_ID', -- Name : STRING
    '', -- Descrip : STRING
    0, -- By_Ref : INTEGER
    '', -- Dimensions : STRING
    "00000000-0000-0000-0000-000000000000" -- Previous_PP_Id : UNIQUE_ID
);
INSERT INTO C_R VALUES (
    "3c565891-207b-4f8f-906f-7a28c50fa9aa", -- Requirement_Id : UNIQUE_ID
    'EP', -- Name : STRING
    '', -- Descrip : STRING
    'HRApp', -- InformalName : STRING
    'UI::App::EP' -- reversePathFromComponent : STRING
);
INSERT INTO C_SF VALUES (
    "93daa695-5c19-4584-b8ff-aeda570a0f03", -- Id : UNIQUE_ID
    "3c565891-207b-4f8f-906f-7a28c50fa9aa", -- Requirement_Id : UNIQUE_ID
    "e211a314-f4cf-4d96-ab5d-86594500f9c9", -- Provision_Id : UNIQUE_ID
    '', -- Descrip : STRING
    'hr::UI::EP -o)- UI::App::EP' -- Label : STRING
);
INSERT INTO EP_PKG VALUES (
    "63980537-a12c-49e3-a1f9-8bd1a2489218", -- Package_ID : UNIQUE_ID
    "7fdc406f-2939-49c0-8fab-99de27b70193", -- Sys_ID : UNIQUE_ID
    "7fdc406f-2939-49c0-8fab-99de27b70193", -- Direct_Sys_ID : UNIQUE_ID
    'io.ciera.runtime.summit.util', -- Name : STRING
    '', -- Descrip : STRING
    0 -- Num_Rng : INTEGER
);
INSERT INTO EP_PKG VALUES (
    "12c213af-4b2d-4e49-890c-453aa4660620", -- Package_ID : UNIQUE_ID
    "7fdc406f-2939-49c0-8fab-99de27b70193", -- Sys_ID : UNIQUE_ID
    "7fdc406f-2939-49c0-8fab-99de27b70193", -- Direct_Sys_ID : UNIQUE_ID
    'io.ciera.runtime.instanceloading.generic.util', -- Name : STRING
    '', -- Descrip : STRING
    0 -- Num_Rng : INTEGER
);
INSERT INTO EP_PKG VALUES (
    "78fb3e55-9840-4511-a824-62393e628058", -- Package_ID : UNIQUE_ID
    "7fdc406f-2939-49c0-8fab-99de27b70193", -- Sys_ID : UNIQUE_ID
    "7fdc406f-2939-49c0-8fab-99de27b70193", -- Direct_Sys_ID : UNIQUE_ID
    'io.ciera.runtime.instanceloading.sql.util', -- Name : STRING
    '', -- Descrip : STRING
    0 -- Num_Rng : INTEGER
);
INSERT INTO EP_PKG VALUES (
    "1df09104-1fdb-48ee-9ae7-06cc055c5770", -- Package_ID : UNIQUE_ID
    "7fdc406f-2939-49c0-8fab-99de27b70193", -- Sys_ID : UNIQUE_ID
    "7fdc406f-2939-49c0-8fab-99de27b70193", -- Direct_Sys_ID : UNIQUE_ID
    'io.ciera.runtime.template.util', -- Name : STRING
    '', -- Descrip : STRING
    0 -- Num_Rng : INTEGER
);
INSERT INTO EP_PKG VALUES (
    "ddbd5fec-558a-4967-bd11-9b09a6c6c428", -- Package_ID : UNIQUE_ID
    "7fdc406f-2939-49c0-8fab-99de27b70193", -- Sys_ID : UNIQUE_ID
    "7fdc406f-2939-49c0-8fab-99de27b70193", -- Direct_Sys_ID : UNIQUE_ID
    'io.ciera.runtime.instanceloading.dynamodb.util', -- Name : STRING
    '', -- Descrip : STRING
    0 -- Num_Rng : INTEGER
);
INSERT INTO EP_PKG VALUES (
    "27857a34-c690-49d3-a891-ae314dca5262", -- Package_ID : UNIQUE_ID
    "ccdb2e52-76fc-4422-936f-a0239fd9d106", -- Sys_ID : UNIQUE_ID
    "ccdb2e52-76fc-4422-936f-a0239fd9d106", -- Direct_Sys_ID : UNIQUE_ID
    'hr_datatypes', -- Name : STRING
    '', -- Descrip : STRING
    0 -- Num_Rng : INTEGER
);
INSERT INTO EP_PKG VALUES (
    "c26641d6-6bfe-4fa5-b78d-533f6fb8d396", -- Package_ID : UNIQUE_ID
    "ccdb2e52-76fc-4422-936f-a0239fd9d106", -- Sys_ID : UNIQUE_ID
    "ccdb2e52-76fc-4422-936f-a0239fd9d106", -- Direct_Sys_ID : UNIQUE_ID
    'hrm', -- Name : STRING
    '', -- Descrip : STRING
    0 -- Num_Rng : INTEGER
);
INSERT INTO EP_PKG VALUES (
    "fdd8efa1-97d4-4adc-a67d-1fb0bd49373b", -- Package_ID : UNIQUE_ID
    "00000000-0000-0000-0000-000000000000", -- Sys_ID : UNIQUE_ID
    "ccdb2e52-76fc-4422-936f-a0239fd9d106", -- Direct_Sys_ID : UNIQUE_ID
    'main', -- Name : STRING
    '', -- Descrip : STRING
    0 -- Num_Rng : INTEGER
);
INSERT INTO EP_PKG VALUES (
    "cabf7045-c6ff-41a5-afe9-032eec941581", -- Package_ID : UNIQUE_ID
    "00000000-0000-0000-0000-000000000000", -- Sys_ID : UNIQUE_ID
    "46564f98-385d-43d9-876a-ca551a77e802", -- Direct_Sys_ID : UNIQUE_ID
    'UI', -- Name : STRING
    '', -- Descrip : STRING
    0 -- Num_Rng : INTEGER
);
INSERT INTO EP_PKG VALUES (
    "941213f0-4346-48d9-89fe-196761630487", -- Package_ID : UNIQUE_ID
    "00000000-0000-0000-0000-000000000000", -- Sys_ID : UNIQUE_ID
    "46564f98-385d-43d9-876a-ca551a77e802", -- Direct_Sys_ID : UNIQUE_ID
    'Shared', -- Name : STRING
    '', -- Descrip : STRING
    0 -- Num_Rng : INTEGER
);
INSERT INTO EP_PKG VALUES (
    "2ac1b93e-087c-4999-856e-c988c703dec6", -- Package_ID : UNIQUE_ID
    "46564f98-385d-43d9-876a-ca551a77e802", -- Sys_ID : UNIQUE_ID
    "46564f98-385d-43d9-876a-ca551a77e802", -- Direct_Sys_ID : UNIQUE_ID
    'UI', -- Name : STRING
    '', -- Descrip : STRING
    0 -- Num_Rng : INTEGER
);
INSERT INTO EP_PKG VALUES (
    "b4605ab7-f9f1-4427-9a8b-300116f87fe6", -- Package_ID : UNIQUE_ID
    "a31b98b3-80c6-4eea-80cb-d84755441c10", -- Sys_ID : UNIQUE_ID
    "a31b98b3-80c6-4eea-80cb-d84755441c10", -- Direct_Sys_ID : UNIQUE_ID
    'HRsystem', -- Name : STRING
    '', -- Descrip : STRING
    0 -- Num_Rng : INTEGER
);
INSERT INTO E_ESS VALUES (
    "22d32456-0f7d-4933-8032-fdc6c3fa2bfc", -- Statement_ID : UNIQUE_ID
    0, -- ParmListOK : BOOLEAN
    0, -- PEIndicated : BOOLEAN
    0, -- eventDerivedLabelLineNumber : INTEGER
    0, -- eventDerivedLabelColumn : INTEGER
    0, -- eventMeaningLineNumber : INTEGER
    0, -- eventMeaningColumn : INTEGER
    0, -- eventTargetKeyLettersLineNumber : INTEGER
    0, -- eventTargetKeyLettersColumn : INTEGER
    0, -- firstEventDataItemNameLineNumber : INTEGER
    0, -- firstEventDataItemNameColumn : INTEGER
    0, -- currentLaterEventDataItemNameLineNumber : INTEGER
    0 -- currentLaterEventDataItemNameColumn : INTEGER
);
INSERT INTO E_GEN VALUES (
    "22d32456-0f7d-4933-8032-fdc6c3fa2bfc", -- Statement_ID : UNIQUE_ID
    "e434c031-4ee3-43b5-9790-2021c4a7984a" -- Var_ID : UNIQUE_ID
);
INSERT INTO E_GES VALUES (
    "22d32456-0f7d-4933-8032-fdc6c3fa2bfc" -- Statement_ID : UNIQUE_ID
);
INSERT INTO E_GSME VALUES (
    "22d32456-0f7d-4933-8032-fdc6c3fa2bfc", -- Statement_ID : UNIQUE_ID
    "4399bed0-4e99-4616-aa45-eb724333bc35" -- SMevt_ID : UNIQUE_ID
);
INSERT INTO O_ATTR VALUES (
    "7e42a956-78c5-4651-8efb-01820a985edd", -- Attr_ID : UNIQUE_ID
    "d8528470-976c-421b-a087-1201ac24302f", -- Obj_ID : UNIQUE_ID
    "00000000-0000-0000-0000-000000000000", -- PAttr_ID : UNIQUE_ID
    'FName', -- Name : STRING
    '', -- Descrip : STRING
    '', -- Prefix : STRING
    'FName', -- Root_Nam : STRING
    0, -- Pfx_Mode : INTEGER
    "ba5eda7a-def5-0000-0000-000000000004", -- DT_ID : UNIQUE_ID
    '', -- Dimensions : STRING
    '' -- DefaultValue : STRING
);
INSERT INTO O_ATTR VALUES (
    "9066db86-0565-4761-9920-bcf2a1cd02d9", -- Attr_ID : UNIQUE_ID
    "d8528470-976c-421b-a087-1201ac24302f", -- Obj_ID : UNIQUE_ID
    "7e42a956-78c5-4651-8efb-01820a985edd", -- PAttr_ID : UNIQUE_ID
    'National_ID', -- Name : STRING
    '', -- Descrip : STRING
    '', -- Prefix : STRING
    'National_ID', -- Root_Nam : STRING
    0, -- Pfx_Mode : INTEGER
    "ba5eda7a-def5-0000-0000-000000000002", -- DT_ID : UNIQUE_ID
    '', -- Dimensions : STRING
    '' -- DefaultValue : STRING
);
INSERT INTO O_ATTR VALUES (
    "10da70ec-c8aa-41a2-801c-33e8884587ab", -- Attr_ID : UNIQUE_ID
    "d8528470-976c-421b-a087-1201ac24302f", -- Obj_ID : UNIQUE_ID
    "9066db86-0565-4761-9920-bcf2a1cd02d9", -- PAttr_ID : UNIQUE_ID
    'current_state', -- Name : STRING
    '', -- Descrip : STRING
    '', -- Prefix : STRING
    'current_state', -- Root_Nam : STRING
    0, -- Pfx_Mode : INTEGER
    "ba5eda7a-def5-0000-0000-000000000006", -- DT_ID : UNIQUE_ID
    '', -- Dimensions : STRING
    '' -- DefaultValue : STRING
);
INSERT INTO O_ATTR VALUES (
    "af90ebd4-1702-491f-85cd-2d5dbfad46bb", -- Attr_ID : UNIQUE_ID
    "d8528470-976c-421b-a087-1201ac24302f", -- Obj_ID : UNIQUE_ID
    "10da70ec-c8aa-41a2-801c-33e8884587ab", -- PAttr_ID : UNIQUE_ID
    'LName', -- Name : STRING
    '', -- Descrip : STRING
    '', -- Prefix : STRING
    'LName', -- Root_Nam : STRING
    0, -- Pfx_Mode : INTEGER
    "ba5eda7a-def5-0000-0000-000000000004", -- DT_ID : UNIQUE_ID
    '', -- Dimensions : STRING
    '' -- DefaultValue : STRING
);
INSERT INTO O_ATTR VALUES (
    "43f89e8d-d809-4067-a812-d1d57bb3a42d", -- Attr_ID : UNIQUE_ID
    "d8528470-976c-421b-a087-1201ac24302f", -- Obj_ID : UNIQUE_ID
    "af90ebd4-1702-491f-85cd-2d5dbfad46bb", -- PAttr_ID : UNIQUE_ID
    'Start_Date', -- Name : STRING
    '', -- Descrip : STRING
    '', -- Prefix : STRING
    'Start_Date', -- Root_Nam : STRING
    0, -- Pfx_Mode : INTEGER
    "ba5eda7a-def5-0000-0000-00000000000e", -- DT_ID : UNIQUE_ID
    '', -- Dimensions : STRING
    '' -- DefaultValue : STRING
);
INSERT INTO O_BATTR VALUES (
    "7e42a956-78c5-4651-8efb-01820a985edd", -- Attr_ID : UNIQUE_ID
    "d8528470-976c-421b-a087-1201ac24302f" -- Obj_ID : UNIQUE_ID
);
INSERT INTO O_BATTR VALUES (
    "9066db86-0565-4761-9920-bcf2a1cd02d9", -- Attr_ID : UNIQUE_ID
    "d8528470-976c-421b-a087-1201ac24302f" -- Obj_ID : UNIQUE_ID
);
INSERT INTO O_BATTR VALUES (
    "10da70ec-c8aa-41a2-801c-33e8884587ab", -- Attr_ID : UNIQUE_ID
    "d8528470-976c-421b-a087-1201ac24302f" -- Obj_ID : UNIQUE_ID
);
INSERT INTO O_BATTR VALUES (
    "af90ebd4-1702-491f-85cd-2d5dbfad46bb", -- Attr_ID : UNIQUE_ID
    "d8528470-976c-421b-a087-1201ac24302f" -- Obj_ID : UNIQUE_ID
);
INSERT INTO O_BATTR VALUES (
    "43f89e8d-d809-4067-a812-d1d57bb3a42d", -- Attr_ID : UNIQUE_ID
    "d8528470-976c-421b-a087-1201ac24302f" -- Obj_ID : UNIQUE_ID
);
INSERT INTO O_ID VALUES (
    0, -- Oid_ID : INTEGER
    "d8528470-976c-421b-a087-1201ac24302f" -- Obj_ID : UNIQUE_ID
);
INSERT INTO O_ID VALUES (
    1, -- Oid_ID : INTEGER
    "d8528470-976c-421b-a087-1201ac24302f" -- Obj_ID : UNIQUE_ID
);
INSERT INTO O_ID VALUES (
    2, -- Oid_ID : INTEGER
    "d8528470-976c-421b-a087-1201ac24302f" -- Obj_ID : UNIQUE_ID
);
INSERT INTO O_NBATTR VALUES (
    "7e42a956-78c5-4651-8efb-01820a985edd", -- Attr_ID : UNIQUE_ID
    "d8528470-976c-421b-a087-1201ac24302f" -- Obj_ID : UNIQUE_ID
);
INSERT INTO O_NBATTR VALUES (
    "9066db86-0565-4761-9920-bcf2a1cd02d9", -- Attr_ID : UNIQUE_ID
    "d8528470-976c-421b-a087-1201ac24302f" -- Obj_ID : UNIQUE_ID
);
INSERT INTO O_NBATTR VALUES (
    "10da70ec-c8aa-41a2-801c-33e8884587ab", -- Attr_ID : UNIQUE_ID
    "d8528470-976c-421b-a087-1201ac24302f" -- Obj_ID : UNIQUE_ID
);
INSERT INTO O_NBATTR VALUES (
    "af90ebd4-1702-491f-85cd-2d5dbfad46bb", -- Attr_ID : UNIQUE_ID
    "d8528470-976c-421b-a087-1201ac24302f" -- Obj_ID : UNIQUE_ID
);
INSERT INTO O_NBATTR VALUES (
    "43f89e8d-d809-4067-a812-d1d57bb3a42d", -- Attr_ID : UNIQUE_ID
    "d8528470-976c-421b-a087-1201ac24302f" -- Obj_ID : UNIQUE_ID
);
INSERT INTO O_OBJ VALUES (
    "d8528470-976c-421b-a087-1201ac24302f", -- Obj_ID : UNIQUE_ID
    'Employee', -- Name : STRING
    1, -- Numb : INTEGER
    'Employee', -- Key_Lett : STRING
    '', -- Descrip : STRING
    "00000000-0000-0000-0000-000000000000" -- SS_ID : UNIQUE_ID
);
INSERT INTO PE_PE VALUES (
    "ba5eda7a-def5-0000-0000-000000000000", -- Element_ID : UNIQUE_ID
    1, -- Visibility : INTEGER
    "00000000-0000-0000-0000-000000000000", -- Package_ID : UNIQUE_ID
    "00000000-0000-0000-0000-000000000000", -- Component_ID : UNIQUE_ID
    3 -- type : INTEGER
);
INSERT INTO PE_PE VALUES (
    "ba5eda7a-def5-0000-0000-000000000001", -- Element_ID : UNIQUE_ID
    1, -- Visibility : INTEGER
    "00000000-0000-0000-0000-000000000000", -- Package_ID : UNIQUE_ID
    "00000000-0000-0000-0000-000000000000", -- Component_ID : UNIQUE_ID
    3 -- type : INTEGER
);
INSERT INTO PE_PE VALUES (
    "ba5eda7a-def5-0000-0000-000000000002", -- Element_ID : UNIQUE_ID
    1, -- Visibility : INTEGER
    "00000000-0000-0000-0000-000000000000", -- Package_ID : UNIQUE_ID
    "00000000-0000-0000-0000-000000000000", -- Component_ID : UNIQUE_ID
    3 -- type : INTEGER
);
INSERT INTO PE_PE VALUES (
    "ba5eda7a-def5-0000-0000-000000000003", -- Element_ID : UNIQUE_ID
    1, -- Visibility : INTEGER
    "00000000-0000-0000-0000-000000000000", -- Package_ID : UNIQUE_ID
    "00000000-0000-0000-0000-000000000000", -- Component_ID : UNIQUE_ID
    3 -- type : INTEGER
);
INSERT INTO PE_PE VALUES (
    "ba5eda7a-def5-0000-0000-000000000004", -- Element_ID : UNIQUE_ID
    1, -- Visibility : INTEGER
    "00000000-0000-0000-0000-000000000000", -- Package_ID : UNIQUE_ID
    "00000000-0000-0000-0000-000000000000", -- Component_ID : UNIQUE_ID
    3 -- type : INTEGER
);
INSERT INTO PE_PE VALUES (
    "ba5eda7a-def5-0000-0000-000000000005", -- Element_ID : UNIQUE_ID
    1, -- Visibility : INTEGER
    "00000000-0000-0000-0000-000000000000", -- Package_ID : UNIQUE_ID
    "00000000-0000-0000-0000-000000000000", -- Component_ID : UNIQUE_ID
    3 -- type : INTEGER
);
INSERT INTO PE_PE VALUES (
    "ba5eda7a-def5-0000-0000-000000000006", -- Element_ID : UNIQUE_ID
    1, -- Visibility : INTEGER
    "00000000-0000-0000-0000-000000000000", -- Package_ID : UNIQUE_ID
    "00000000-0000-0000-0000-000000000000", -- Component_ID : UNIQUE_ID
    3 -- type : INTEGER
);
INSERT INTO PE_PE VALUES (
    "ba5eda7a-def5-0000-0000-000000000007", -- Element_ID : UNIQUE_ID
    1, -- Visibility : INTEGER
    "00000000-0000-0000-0000-000000000000", -- Package_ID : UNIQUE_ID
    "00000000-0000-0000-0000-000000000000", -- Component_ID : UNIQUE_ID
    3 -- type : INTEGER
);
INSERT INTO PE_PE VALUES (
    "ba5eda7a-def5-0000-0000-000000000008", -- Element_ID : UNIQUE_ID
    1, -- Visibility : INTEGER
    "00000000-0000-0000-0000-000000000000", -- Package_ID : UNIQUE_ID
    "00000000-0000-0000-0000-000000000000", -- Component_ID : UNIQUE_ID
    3 -- type : INTEGER
);
INSERT INTO PE_PE VALUES (
    "ba5eda7a-def5-0000-0000-000000000009", -- Element_ID : UNIQUE_ID
    1, -- Visibility : INTEGER
    "00000000-0000-0000-0000-000000000000", -- Package_ID : UNIQUE_ID
    "00000000-0000-0000-0000-000000000000", -- Component_ID : UNIQUE_ID
    3 -- type : INTEGER
);
INSERT INTO PE_PE VALUES (
    "ba5eda7a-def5-0000-0000-00000000000a", -- Element_ID : UNIQUE_ID
    1, -- Visibility : INTEGER
    "00000000-0000-0000-0000-000000000000", -- Package_ID : UNIQUE_ID
    "00000000-0000-0000-0000-000000000000", -- Component_ID : UNIQUE_ID
    3 -- type : INTEGER
);
INSERT INTO PE_PE VALUES (
    "ba5eda7a-def5-0000-0000-00000000000b", -- Element_ID : UNIQUE_ID
    1, -- Visibility : INTEGER
    "00000000-0000-0000-0000-000000000000", -- Package_ID : UNIQUE_ID
    "00000000-0000-0000-0000-000000000000", -- Component_ID : UNIQUE_ID
    3 -- type : INTEGER
);
INSERT INTO PE_PE VALUES (
    "ba5eda7a-def5-0000-0000-00000000000c", -- Element_ID : UNIQUE_ID
    1, -- Visibility : INTEGER
    "00000000-0000-0000-0000-000000000000", -- Package_ID : UNIQUE_ID
    "00000000-0000-0000-0000-000000000000", -- Component_ID : UNIQUE_ID
    3 -- type : INTEGER
);
INSERT INTO PE_PE VALUES (
    "ba5eda7a-def5-0000-0000-00000000000d", -- Element_ID : UNIQUE_ID
    1, -- Visibility : INTEGER
    "00000000-0000-0000-0000-000000000000", -- Package_ID : UNIQUE_ID
    "00000000-0000-0000-0000-000000000000", -- Component_ID : UNIQUE_ID
    3 -- type : INTEGER
);
INSERT INTO PE_PE VALUES (
    "ba5eda7a-def5-0000-0000-00000000000e", -- Element_ID : UNIQUE_ID
    1, -- Visibility : INTEGER
    "00000000-0000-0000-0000-000000000000", -- Package_ID : UNIQUE_ID
    "00000000-0000-0000-0000-000000000000", -- Component_ID : UNIQUE_ID
    3 -- type : INTEGER
);
INSERT INTO PE_PE VALUES (
    "ba5eda7a-def5-0000-0000-00000000000f", -- Element_ID : UNIQUE_ID
    1, -- Visibility : INTEGER
    "00000000-0000-0000-0000-000000000000", -- Package_ID : UNIQUE_ID
    "00000000-0000-0000-0000-000000000000", -- Component_ID : UNIQUE_ID
    3 -- type : INTEGER
);
INSERT INTO PE_PE VALUES (
    "ba5eda7a-def5-0000-0000-000000000010", -- Element_ID : UNIQUE_ID
    1, -- Visibility : INTEGER
    "00000000-0000-0000-0000-000000000000", -- Package_ID : UNIQUE_ID
    "00000000-0000-0000-0000-000000000000", -- Component_ID : UNIQUE_ID
    3 -- type : INTEGER
);
INSERT INTO PE_PE VALUES (
    "301ed0ee-cd6b-49d6-949f-df904baa862c", -- Element_ID : UNIQUE_ID
    1, -- Visibility : INTEGER
    "63980537-a12c-49e3-a1f9-8bd1a2489218", -- Package_ID : UNIQUE_ID
    "00000000-0000-0000-0000-000000000000", -- Component_ID : UNIQUE_ID
    5 -- type : INTEGER
);
INSERT INTO PE_PE VALUES (
    "fb3760d2-2a3e-463f-bd24-66cd25fdba39", -- Element_ID : UNIQUE_ID
    1, -- Visibility : INTEGER
    "63980537-a12c-49e3-a1f9-8bd1a2489218", -- Package_ID : UNIQUE_ID
    "00000000-0000-0000-0000-000000000000", -- Component_ID : UNIQUE_ID
    5 -- type : INTEGER
);
INSERT INTO PE_PE VALUES (
    "0cbe8000-b94e-43c0-a74e-b3d9f70bb59d", -- Element_ID : UNIQUE_ID
    1, -- Visibility : INTEGER
    "63980537-a12c-49e3-a1f9-8bd1a2489218", -- Package_ID : UNIQUE_ID
    "00000000-0000-0000-0000-000000000000", -- Component_ID : UNIQUE_ID
    5 -- type : INTEGER
);
INSERT INTO PE_PE VALUES (
    "2c85491d-6998-469c-bc26-d447450f7f85", -- Element_ID : UNIQUE_ID
    1, -- Visibility : INTEGER
    "63980537-a12c-49e3-a1f9-8bd1a2489218", -- Package_ID : UNIQUE_ID
    "00000000-0000-0000-0000-000000000000", -- Component_ID : UNIQUE_ID
    5 -- type : INTEGER
);
INSERT INTO PE_PE VALUES (
    "33d21480-69a2-4ed7-9fd6-4b0d734cf2a9", -- Element_ID : UNIQUE_ID
    1, -- Visibility : INTEGER
    "63980537-a12c-49e3-a1f9-8bd1a2489218", -- Package_ID : UNIQUE_ID
    "00000000-0000-0000-0000-000000000000", -- Component_ID : UNIQUE_ID
    5 -- type : INTEGER
);
INSERT INTO PE_PE VALUES (
    "445e6cf8-2b35-4c6d-b9ff-1db8125259dc", -- Element_ID : UNIQUE_ID
    1, -- Visibility : INTEGER
    "63980537-a12c-49e3-a1f9-8bd1a2489218", -- Package_ID : UNIQUE_ID
    "00000000-0000-0000-0000-000000000000", -- Component_ID : UNIQUE_ID
    5 -- type : INTEGER
);
INSERT INTO PE_PE VALUES (
    "c9877e9a-7dfe-4912-b126-3e0d533cabd5", -- Element_ID : UNIQUE_ID
    1, -- Visibility : INTEGER
    "63980537-a12c-49e3-a1f9-8bd1a2489218", -- Package_ID : UNIQUE_ID
    "00000000-0000-0000-0000-000000000000", -- Component_ID : UNIQUE_ID
    5 -- type : INTEGER
);
INSERT INTO PE_PE VALUES (
    "63980537-a12c-49e3-a1f9-8bd1a2489218", -- Element_ID : UNIQUE_ID
    1, -- Visibility : INTEGER
    "00000000-0000-0000-0000-000000000000", -- Package_ID : UNIQUE_ID
    "00000000-0000-0000-0000-000000000000", -- Component_ID : UNIQUE_ID
    7 -- type : INTEGER
);
INSERT INTO PE_PE VALUES (
    "4525dfcd-89bc-4810-bceb-c727b8c25e05", -- Element_ID : UNIQUE_ID
    1, -- Visibility : INTEGER
    "12c213af-4b2d-4e49-890c-453aa4660620", -- Package_ID : UNIQUE_ID
    "00000000-0000-0000-0000-000000000000", -- Component_ID : UNIQUE_ID
    5 -- type : INTEGER
);
INSERT INTO PE_PE VALUES (
    "12c213af-4b2d-4e49-890c-453aa4660620", -- Element_ID : UNIQUE_ID
    1, -- Visibility : INTEGER
    "00000000-0000-0000-0000-000000000000", -- Package_ID : UNIQUE_ID
    "00000000-0000-0000-0000-000000000000", -- Component_ID : UNIQUE_ID
    7 -- type : INTEGER
);
INSERT INTO PE_PE VALUES (
    "3c9187e2-faac-4b05-986d-04c751e1632b", -- Element_ID : UNIQUE_ID
    1, -- Visibility : INTEGER
    "78fb3e55-9840-4511-a824-62393e628058", -- Package_ID : UNIQUE_ID
    "00000000-0000-0000-0000-000000000000", -- Component_ID : UNIQUE_ID
    5 -- type : INTEGER
);
INSERT INTO PE_PE VALUES (
    "78fb3e55-9840-4511-a824-62393e628058", -- Element_ID : UNIQUE_ID
    1, -- Visibility : INTEGER
    "00000000-0000-0000-0000-000000000000", -- Package_ID : UNIQUE_ID
    "00000000-0000-0000-0000-000000000000", -- Component_ID : UNIQUE_ID
    7 -- type : INTEGER
);
INSERT INTO PE_PE VALUES (
    "d6db4b3d-c6a5-400a-92b9-6a391237afbb", -- Element_ID : UNIQUE_ID
    1, -- Visibility : INTEGER
    "1df09104-1fdb-48ee-9ae7-06cc055c5770", -- Package_ID : UNIQUE_ID
    "00000000-0000-0000-0000-000000000000", -- Component_ID : UNIQUE_ID
    5 -- type : INTEGER
);
INSERT INTO PE_PE VALUES (
    "1df09104-1fdb-48ee-9ae7-06cc055c5770", -- Element_ID : UNIQUE_ID
    1, -- Visibility : INTEGER
    "00000000-0000-0000-0000-000000000000", -- Package_ID : UNIQUE_ID
    "00000000-0000-0000-0000-000000000000", -- Component_ID : UNIQUE_ID
    7 -- type : INTEGER
);
INSERT INTO PE_PE VALUES (
    "c03ccce5-cb73-48ca-b676-b00270c95839", -- Element_ID : UNIQUE_ID
    1, -- Visibility : INTEGER
    "ddbd5fec-558a-4967-bd11-9b09a6c6c428", -- Package_ID : UNIQUE_ID
    "00000000-0000-0000-0000-000000000000", -- Component_ID : UNIQUE_ID
    5 -- type : INTEGER
);
INSERT INTO PE_PE VALUES (
    "ddbd5fec-558a-4967-bd11-9b09a6c6c428", -- Element_ID : UNIQUE_ID
    1, -- Visibility : INTEGER
    "00000000-0000-0000-0000-000000000000", -- Package_ID : UNIQUE_ID
    "00000000-0000-0000-0000-000000000000", -- Component_ID : UNIQUE_ID
    7 -- type : INTEGER
);
INSERT INTO PE_PE VALUES (
    "168b328b-2af0-412b-bbf5-7e71f1fea433", -- Element_ID : UNIQUE_ID
    1, -- Visibility : INTEGER
    "27857a34-c690-49d3-a891-ae314dca5262", -- Package_ID : UNIQUE_ID
    "00000000-0000-0000-0000-000000000000", -- Component_ID : UNIQUE_ID
    3 -- type : INTEGER
);
INSERT INTO PE_PE VALUES (
    "0d542083-4531-45d6-8411-30f81c92d642", -- Element_ID : UNIQUE_ID
    1, -- Visibility : INTEGER
    "27857a34-c690-49d3-a891-ae314dca5262", -- Package_ID : UNIQUE_ID
    "00000000-0000-0000-0000-000000000000", -- Component_ID : UNIQUE_ID
    3 -- type : INTEGER
);
INSERT INTO PE_PE VALUES (
    "27857a34-c690-49d3-a891-ae314dca5262", -- Element_ID : UNIQUE_ID
    1, -- Visibility : INTEGER
    "00000000-0000-0000-0000-000000000000", -- Package_ID : UNIQUE_ID
    "00000000-0000-0000-0000-000000000000", -- Component_ID : UNIQUE_ID
    7 -- type : INTEGER
);
INSERT INTO PE_PE VALUES (
    "c26641d6-6bfe-4fa5-b78d-533f6fb8d396", -- Element_ID : UNIQUE_ID
    1, -- Visibility : INTEGER
    "00000000-0000-0000-0000-000000000000", -- Package_ID : UNIQUE_ID
    "00000000-0000-0000-0000-000000000000", -- Component_ID : UNIQUE_ID
    7 -- type : INTEGER
);
INSERT INTO PE_PE VALUES (
    "8e4782c3-9567-4154-87b3-67069634e7a5", -- Element_ID : UNIQUE_ID
    1, -- Visibility : INTEGER
    "c26641d6-6bfe-4fa5-b78d-533f6fb8d396", -- Package_ID : UNIQUE_ID
    "00000000-0000-0000-0000-000000000000", -- Component_ID : UNIQUE_ID
    2 -- type : INTEGER
);
INSERT INTO PE_PE VALUES (
    "51cda5d8-b9fa-4471-8c71-5014f092a96c", -- Element_ID : UNIQUE_ID
    1, -- Visibility : INTEGER
    "fdd8efa1-97d4-4adc-a67d-1fb0bd49373b", -- Package_ID : UNIQUE_ID
    "00000000-0000-0000-0000-000000000000", -- Component_ID : UNIQUE_ID
    3 -- type : INTEGER
);
INSERT INTO PE_PE VALUES (
    "fdd8efa1-97d4-4adc-a67d-1fb0bd49373b", -- Element_ID : UNIQUE_ID
    1, -- Visibility : INTEGER
    "00000000-0000-0000-0000-000000000000", -- Package_ID : UNIQUE_ID
    "8e4782c3-9567-4154-87b3-67069634e7a5", -- Component_ID : UNIQUE_ID
    7 -- type : INTEGER
);
INSERT INTO PE_PE VALUES (
    "d8528470-976c-421b-a087-1201ac24302f", -- Element_ID : UNIQUE_ID
    1, -- Visibility : INTEGER
    "fdd8efa1-97d4-4adc-a67d-1fb0bd49373b", -- Package_ID : UNIQUE_ID
    "00000000-0000-0000-0000-000000000000", -- Component_ID : UNIQUE_ID
    4 -- type : INTEGER
);
INSERT INTO PE_PE VALUES (
    "8e6515f0-ca9a-424d-b35b-60f69ec5dcc5", -- Element_ID : UNIQUE_ID
    1, -- Visibility : INTEGER
    "cabf7045-c6ff-41a5-afe9-032eec941581", -- Package_ID : UNIQUE_ID
    "00000000-0000-0000-0000-000000000000", -- Component_ID : UNIQUE_ID
    1 -- type : INTEGER
);
INSERT INTO PE_PE VALUES (
    "cabf7045-c6ff-41a5-afe9-032eec941581", -- Element_ID : UNIQUE_ID
    1, -- Visibility : INTEGER
    "00000000-0000-0000-0000-000000000000", -- Package_ID : UNIQUE_ID
    "d81dc79e-6692-4a39-b6d9-f5fc0b765726", -- Component_ID : UNIQUE_ID
    7 -- type : INTEGER
);
INSERT INTO PE_PE VALUES (
    "d81dc79e-6692-4a39-b6d9-f5fc0b765726", -- Element_ID : UNIQUE_ID
    1, -- Visibility : INTEGER
    "2ac1b93e-087c-4999-856e-c988c703dec6", -- Package_ID : UNIQUE_ID
    "00000000-0000-0000-0000-000000000000", -- Component_ID : UNIQUE_ID
    2 -- type : INTEGER
);
INSERT INTO PE_PE VALUES (
    "941213f0-4346-48d9-89fe-196761630487", -- Element_ID : UNIQUE_ID
    1, -- Visibility : INTEGER
    "2ac1b93e-087c-4999-856e-c988c703dec6", -- Package_ID : UNIQUE_ID
    "00000000-0000-0000-0000-000000000000", -- Component_ID : UNIQUE_ID
    7 -- type : INTEGER
);
INSERT INTO PE_PE VALUES (
    "102214df-1d03-428f-9eb8-5c5ce18bfdae", -- Element_ID : UNIQUE_ID
    1, -- Visibility : INTEGER
    "941213f0-4346-48d9-89fe-196761630487", -- Package_ID : UNIQUE_ID
    "00000000-0000-0000-0000-000000000000", -- Component_ID : UNIQUE_ID
    6 -- type : INTEGER
);
INSERT INTO PE_PE VALUES (
    "2ac1b93e-087c-4999-856e-c988c703dec6", -- Element_ID : UNIQUE_ID
    1, -- Visibility : INTEGER
    "00000000-0000-0000-0000-000000000000", -- Package_ID : UNIQUE_ID
    "00000000-0000-0000-0000-000000000000", -- Component_ID : UNIQUE_ID
    7 -- type : INTEGER
);
INSERT INTO PE_PE VALUES (
    "6aa4e315-9e4a-4187-afb6-075a37702da7", -- Element_ID : UNIQUE_ID
    1, -- Visibility : INTEGER
    "b4605ab7-f9f1-4427-9a8b-300116f87fe6", -- Package_ID : UNIQUE_ID
    "00000000-0000-0000-0000-000000000000", -- Component_ID : UNIQUE_ID
    21 -- type : INTEGER
);
INSERT INTO PE_PE VALUES (
    "61527127-c692-4baf-8c6a-7b3bd54f8db3", -- Element_ID : UNIQUE_ID
    1, -- Visibility : INTEGER
    "b4605ab7-f9f1-4427-9a8b-300116f87fe6", -- Package_ID : UNIQUE_ID
    "00000000-0000-0000-0000-000000000000", -- Component_ID : UNIQUE_ID
    21 -- type : INTEGER
);
INSERT INTO PE_PE VALUES (
    "93daa695-5c19-4584-b8ff-aeda570a0f03", -- Element_ID : UNIQUE_ID
    1, -- Visibility : INTEGER
    "b4605ab7-f9f1-4427-9a8b-300116f87fe6", -- Package_ID : UNIQUE_ID
    "00000000-0000-0000-0000-000000000000", -- Component_ID : UNIQUE_ID
    22 -- type : INTEGER
);
INSERT INTO PE_PE VALUES (
    "b4605ab7-f9f1-4427-9a8b-300116f87fe6", -- Element_ID : UNIQUE_ID
    1, -- Visibility : INTEGER
    "00000000-0000-0000-0000-000000000000", -- Package_ID : UNIQUE_ID
    "00000000-0000-0000-0000-000000000000", -- Component_ID : UNIQUE_ID
    7 -- type : INTEGER
);
INSERT INTO SM_ACT VALUES (
    "2453e957-c72c-4ed6-a1bc-d234c403269c", -- Act_ID : UNIQUE_ID
    "7b5f90bd-656f-4bc9-83bf-771ed45973b0", -- SM_ID : UNIQUE_ID
    1, -- Suc_Pars : INTEGER
    '//Assign attributes to the new employee
	//FName =rcvd_evt.FName ;
	//LName = rcvd_evt.LName;
	//National_ID = rcvd_evt.National_ID;

LOG::LogInfo( message:"Updated employee Name:"+ self.FName + self.LName);
', -- Action_Semantics_internal : STRING
    '', -- Descrip : STRING
    0 -- Dialect : INTEGER
);
INSERT INTO SM_ACT VALUES (
    "ca45fe8f-dbad-455c-899f-ef40d219d806", -- Act_ID : UNIQUE_ID
    "7b5f90bd-656f-4bc9-83bf-771ed45973b0", -- SM_ID : UNIQUE_ID
    3, -- Suc_Pars : INTEGER
    '', -- Action_Semantics_internal : STRING
    '', -- Descrip : STRING
    0 -- Dialect : INTEGER
);
INSERT INTO SM_ACT VALUES (
    "afb84c0b-8b92-481f-b009-4ac610325ad2", -- Act_ID : UNIQUE_ID
    "7b5f90bd-656f-4bc9-83bf-771ed45973b0", -- SM_ID : UNIQUE_ID
    1, -- Suc_Pars : INTEGER
    '//add commencing date of a new employee
Start_Date = TIM::current_date(); //rcvd_evt.date;
LOG::LogInfo( message:"New employee has commenced" );

//LOG::LogInfo( message:"New employee has commenced");

', -- Action_Semantics_internal : STRING
    '', -- Descrip : STRING
    0 -- Dialect : INTEGER
);
INSERT INTO SM_ACT VALUES (
    "becd648f-4aa1-43ca-9b3a-d3fc35c0fd00", -- Act_ID : UNIQUE_ID
    "7b5f90bd-656f-4bc9-83bf-771ed45973b0", -- SM_ID : UNIQUE_ID
    3, -- Suc_Pars : INTEGER
    '', -- Action_Semantics_internal : STRING
    '', -- Descrip : STRING
    0 -- Dialect : INTEGER
);
INSERT INTO SM_AH VALUES (
    "2453e957-c72c-4ed6-a1bc-d234c403269c", -- Act_ID : UNIQUE_ID
    "7b5f90bd-656f-4bc9-83bf-771ed45973b0" -- SM_ID : UNIQUE_ID
);
INSERT INTO SM_AH VALUES (
    "ca45fe8f-dbad-455c-899f-ef40d219d806", -- Act_ID : UNIQUE_ID
    "7b5f90bd-656f-4bc9-83bf-771ed45973b0" -- SM_ID : UNIQUE_ID
);
INSERT INTO SM_AH VALUES (
    "afb84c0b-8b92-481f-b009-4ac610325ad2", -- Act_ID : UNIQUE_ID
    "7b5f90bd-656f-4bc9-83bf-771ed45973b0" -- SM_ID : UNIQUE_ID
);
INSERT INTO SM_AH VALUES (
    "becd648f-4aa1-43ca-9b3a-d3fc35c0fd00", -- Act_ID : UNIQUE_ID
    "7b5f90bd-656f-4bc9-83bf-771ed45973b0" -- SM_ID : UNIQUE_ID
);
INSERT INTO SM_CH VALUES (
    "d5537fcc-bc55-4cfb-8675-25a46ab91a01", -- SMstt_ID : UNIQUE_ID
    "291931bf-a34c-4717-94e5-c19b2a6bb5d3", -- SMevt_ID : UNIQUE_ID
    "7b5f90bd-656f-4bc9-83bf-771ed45973b0", -- SM_ID : UNIQUE_ID
    "00000000-0000-0000-0000-000000000000", -- SMspd_ID : UNIQUE_ID
    '' -- Descrip : STRING
);
INSERT INTO SM_CH VALUES (
    "7c656ab4-0ad9-4212-b7de-2ffb50ca75b4", -- SMstt_ID : UNIQUE_ID
    "291931bf-a34c-4717-94e5-c19b2a6bb5d3", -- SMevt_ID : UNIQUE_ID
    "7b5f90bd-656f-4bc9-83bf-771ed45973b0", -- SM_ID : UNIQUE_ID
    "00000000-0000-0000-0000-000000000000", -- SMspd_ID : UNIQUE_ID
    '' -- Descrip : STRING
);
INSERT INTO SM_CH VALUES (
    "7c656ab4-0ad9-4212-b7de-2ffb50ca75b4", -- SMstt_ID : UNIQUE_ID
    "4399bed0-4e99-4616-aa45-eb724333bc35", -- SMevt_ID : UNIQUE_ID
    "7b5f90bd-656f-4bc9-83bf-771ed45973b0", -- SM_ID : UNIQUE_ID
    "00000000-0000-0000-0000-000000000000", -- SMspd_ID : UNIQUE_ID
    '' -- Descrip : STRING
);
INSERT INTO SM_CRTXN VALUES (
    "292e5e93-2492-4c50-a140-f80cba136b89", -- Trans_ID : UNIQUE_ID
    "7b5f90bd-656f-4bc9-83bf-771ed45973b0", -- SM_ID : UNIQUE_ID
    "00000000-0000-0000-0000-000000000000", -- SMevt_ID : UNIQUE_ID
    "00000000-0000-0000-0000-000000000000" -- SMspd_ID : UNIQUE_ID
);
INSERT INTO SM_EVT VALUES (
    "291931bf-a34c-4717-94e5-c19b2a6bb5d3", -- SMevt_ID : UNIQUE_ID
    "7b5f90bd-656f-4bc9-83bf-771ed45973b0", -- SM_ID : UNIQUE_ID
    "00000000-0000-0000-0000-000000000000", -- SMspd_ID : UNIQUE_ID
    1, -- Numb : INTEGER
    'employeeUpdateRcvd', -- Mning : STRING
    0, -- Is_Lbl_U : INTEGER
    '', -- Unq_Lbl : STRING
    'Employee1', -- Drv_Lbl : STRING
    '' -- Descrip : STRING
);
INSERT INTO SM_EVT VALUES (
    "4399bed0-4e99-4616-aa45-eb724333bc35", -- SMevt_ID : UNIQUE_ID
    "7b5f90bd-656f-4bc9-83bf-771ed45973b0", -- SM_ID : UNIQUE_ID
    "00000000-0000-0000-0000-000000000000", -- SMspd_ID : UNIQUE_ID
    2, -- Numb : INTEGER
    'commencedRcvd', -- Mning : STRING
    0, -- Is_Lbl_U : INTEGER
    '', -- Unq_Lbl : STRING
    'Employee2', -- Drv_Lbl : STRING
    '' -- Descrip : STRING
);
INSERT INTO SM_EVTDI VALUES (
    "1b4a66b0-5c23-4de8-9ae7-736c9f81c8b5", -- SMedi_ID : UNIQUE_ID
    "7b5f90bd-656f-4bc9-83bf-771ed45973b0", -- SM_ID : UNIQUE_ID
    'FName', -- Name : STRING
    '', -- Descrip : STRING
    "ba5eda7a-def5-0000-0000-000000000004", -- DT_ID : UNIQUE_ID
    '', -- Dimensions : STRING
    "291931bf-a34c-4717-94e5-c19b2a6bb5d3", -- SMevt_ID : UNIQUE_ID
    "00000000-0000-0000-0000-000000000000" -- Previous_SMedi_ID : UNIQUE_ID
);
INSERT INTO SM_EVTDI VALUES (
    "ae225fc1-9a11-41aa-8f79-514a33c9ec6a", -- SMedi_ID : UNIQUE_ID
    "7b5f90bd-656f-4bc9-83bf-771ed45973b0", -- SM_ID : UNIQUE_ID
    'LName', -- Name : STRING
    '', -- Descrip : STRING
    "ba5eda7a-def5-0000-0000-000000000004", -- DT_ID : UNIQUE_ID
    '', -- Dimensions : STRING
    "291931bf-a34c-4717-94e5-c19b2a6bb5d3", -- SMevt_ID : UNIQUE_ID
    "1b4a66b0-5c23-4de8-9ae7-736c9f81c8b5" -- Previous_SMedi_ID : UNIQUE_ID
);
INSERT INTO SM_ISM VALUES (
    "7b5f90bd-656f-4bc9-83bf-771ed45973b0", -- SM_ID : UNIQUE_ID
    "d8528470-976c-421b-a087-1201ac24302f" -- Obj_ID : UNIQUE_ID
);
INSERT INTO SM_LEVT VALUES (
    "291931bf-a34c-4717-94e5-c19b2a6bb5d3", -- SMevt_ID : UNIQUE_ID
    "7b5f90bd-656f-4bc9-83bf-771ed45973b0", -- SM_ID : UNIQUE_ID
    "00000000-0000-0000-0000-000000000000" -- SMspd_ID : UNIQUE_ID
);
INSERT INTO SM_LEVT VALUES (
    "4399bed0-4e99-4616-aa45-eb724333bc35", -- SMevt_ID : UNIQUE_ID
    "7b5f90bd-656f-4bc9-83bf-771ed45973b0", -- SM_ID : UNIQUE_ID
    "00000000-0000-0000-0000-000000000000" -- SMspd_ID : UNIQUE_ID
);
INSERT INTO SM_MOAH VALUES (
    "2453e957-c72c-4ed6-a1bc-d234c403269c", -- Act_ID : UNIQUE_ID
    "7b5f90bd-656f-4bc9-83bf-771ed45973b0", -- SM_ID : UNIQUE_ID
    "d5537fcc-bc55-4cfb-8675-25a46ab91a01" -- SMstt_ID : UNIQUE_ID
);
INSERT INTO SM_MOAH VALUES (
    "afb84c0b-8b92-481f-b009-4ac610325ad2", -- Act_ID : UNIQUE_ID
    "7b5f90bd-656f-4bc9-83bf-771ed45973b0", -- SM_ID : UNIQUE_ID
    "7c656ab4-0ad9-4212-b7de-2ffb50ca75b4" -- SMstt_ID : UNIQUE_ID
);
INSERT INTO SM_MOORE VALUES (
    "7b5f90bd-656f-4bc9-83bf-771ed45973b0" -- SM_ID : UNIQUE_ID
);
INSERT INTO SM_NSTXN VALUES (
    "e2bf3f31-2233-4fb0-9b43-3748dd5ec034", -- Trans_ID : UNIQUE_ID
    "7b5f90bd-656f-4bc9-83bf-771ed45973b0", -- SM_ID : UNIQUE_ID
    "d5537fcc-bc55-4cfb-8675-25a46ab91a01", -- SMstt_ID : UNIQUE_ID
    "4399bed0-4e99-4616-aa45-eb724333bc35", -- SMevt_ID : UNIQUE_ID
    "00000000-0000-0000-0000-000000000000" -- SMspd_ID : UNIQUE_ID
);
INSERT INTO SM_SEME VALUES (
    "d5537fcc-bc55-4cfb-8675-25a46ab91a01", -- SMstt_ID : UNIQUE_ID
    "291931bf-a34c-4717-94e5-c19b2a6bb5d3", -- SMevt_ID : UNIQUE_ID
    "7b5f90bd-656f-4bc9-83bf-771ed45973b0", -- SM_ID : UNIQUE_ID
    "00000000-0000-0000-0000-000000000000" -- SMspd_ID : UNIQUE_ID
);
INSERT INTO SM_SEME VALUES (
    "d5537fcc-bc55-4cfb-8675-25a46ab91a01", -- SMstt_ID : UNIQUE_ID
    "4399bed0-4e99-4616-aa45-eb724333bc35", -- SMevt_ID : UNIQUE_ID
    "7b5f90bd-656f-4bc9-83bf-771ed45973b0", -- SM_ID : UNIQUE_ID
    "00000000-0000-0000-0000-000000000000" -- SMspd_ID : UNIQUE_ID
);
INSERT INTO SM_SEME VALUES (
    "7c656ab4-0ad9-4212-b7de-2ffb50ca75b4", -- SMstt_ID : UNIQUE_ID
    "291931bf-a34c-4717-94e5-c19b2a6bb5d3", -- SMevt_ID : UNIQUE_ID
    "7b5f90bd-656f-4bc9-83bf-771ed45973b0", -- SM_ID : UNIQUE_ID
    "00000000-0000-0000-0000-000000000000" -- SMspd_ID : UNIQUE_ID
);
INSERT INTO SM_SEME VALUES (
    "7c656ab4-0ad9-4212-b7de-2ffb50ca75b4", -- SMstt_ID : UNIQUE_ID
    "4399bed0-4e99-4616-aa45-eb724333bc35", -- SMevt_ID : UNIQUE_ID
    "7b5f90bd-656f-4bc9-83bf-771ed45973b0", -- SM_ID : UNIQUE_ID
    "00000000-0000-0000-0000-000000000000" -- SMspd_ID : UNIQUE_ID
);
INSERT INTO SM_SEVT VALUES (
    "291931bf-a34c-4717-94e5-c19b2a6bb5d3", -- SMevt_ID : UNIQUE_ID
    "7b5f90bd-656f-4bc9-83bf-771ed45973b0", -- SM_ID : UNIQUE_ID
    "00000000-0000-0000-0000-000000000000" -- SMspd_ID : UNIQUE_ID
);
INSERT INTO SM_SEVT VALUES (
    "4399bed0-4e99-4616-aa45-eb724333bc35", -- SMevt_ID : UNIQUE_ID
    "7b5f90bd-656f-4bc9-83bf-771ed45973b0", -- SM_ID : UNIQUE_ID
    "00000000-0000-0000-0000-000000000000" -- SMspd_ID : UNIQUE_ID
);
INSERT INTO SM_SM VALUES (
    "7b5f90bd-656f-4bc9-83bf-771ed45973b0", -- SM_ID : UNIQUE_ID
    '', -- Descrip : STRING
    0 -- Config_ID : INTEGER
);
INSERT INTO SM_STATE VALUES (
    "d5537fcc-bc55-4cfb-8675-25a46ab91a01", -- SMstt_ID : UNIQUE_ID
    "7b5f90bd-656f-4bc9-83bf-771ed45973b0", -- SM_ID : UNIQUE_ID
    "00000000-0000-0000-0000-000000000000", -- SMspd_ID : UNIQUE_ID
    'Recruited', -- Name : STRING
    1, -- Numb : INTEGER
    0 -- Final : INTEGER
);
INSERT INTO SM_STATE VALUES (
    "7c656ab4-0ad9-4212-b7de-2ffb50ca75b4", -- SMstt_ID : UNIQUE_ID
    "7b5f90bd-656f-4bc9-83bf-771ed45973b0", -- SM_ID : UNIQUE_ID
    "00000000-0000-0000-0000-000000000000", -- SMspd_ID : UNIQUE_ID
    'Working', -- Name : STRING
    2, -- Numb : INTEGER
    0 -- Final : INTEGER
);
INSERT INTO SM_TAH VALUES (
    "ca45fe8f-dbad-455c-899f-ef40d219d806", -- Act_ID : UNIQUE_ID
    "7b5f90bd-656f-4bc9-83bf-771ed45973b0", -- SM_ID : UNIQUE_ID
    "292e5e93-2492-4c50-a140-f80cba136b89" -- Trans_ID : UNIQUE_ID
);
INSERT INTO SM_TAH VALUES (
    "becd648f-4aa1-43ca-9b3a-d3fc35c0fd00", -- Act_ID : UNIQUE_ID
    "7b5f90bd-656f-4bc9-83bf-771ed45973b0", -- SM_ID : UNIQUE_ID
    "e2bf3f31-2233-4fb0-9b43-3748dd5ec034" -- Trans_ID : UNIQUE_ID
);
INSERT INTO SM_TXN VALUES (
    "292e5e93-2492-4c50-a140-f80cba136b89", -- Trans_ID : UNIQUE_ID
    "7b5f90bd-656f-4bc9-83bf-771ed45973b0", -- SM_ID : UNIQUE_ID
    "d5537fcc-bc55-4cfb-8675-25a46ab91a01", -- SMstt_ID : UNIQUE_ID
    "00000000-0000-0000-0000-000000000000" -- SMspd_ID : UNIQUE_ID
);
INSERT INTO SM_TXN VALUES (
    "e2bf3f31-2233-4fb0-9b43-3748dd5ec034", -- Trans_ID : UNIQUE_ID
    "7b5f90bd-656f-4bc9-83bf-771ed45973b0", -- SM_ID : UNIQUE_ID
    "7c656ab4-0ad9-4212-b7de-2ffb50ca75b4", -- SMstt_ID : UNIQUE_ID
    "00000000-0000-0000-0000-000000000000" -- SMspd_ID : UNIQUE_ID
);
INSERT INTO SPR_PEP VALUES (
    "7582ba79-c063-4631-bcbe-dde14b231908", -- Id : UNIQUE_ID
    "be4e38a9-c84b-44ce-a173-d57405caeeca", -- ExecutableProperty_Id : UNIQUE_ID
    "e211a314-f4cf-4d96-ab5d-86594500f9c9" -- Provision_Id : UNIQUE_ID
);
INSERT INTO SPR_PEP VALUES (
    "fd447b6f-5a17-4d1f-8f3d-080eeeb6d3b5", -- Id : UNIQUE_ID
    "f83ecd5c-00bd-42d1-a795-2868eba34aec", -- ExecutableProperty_Id : UNIQUE_ID
    "e211a314-f4cf-4d96-ab5d-86594500f9c9" -- Provision_Id : UNIQUE_ID
);
INSERT INTO SPR_PEP VALUES (
    "8e12193a-4915-4e0c-8044-11c6b3eaf358", -- Id : UNIQUE_ID
    "dd791a09-c8bd-4868-8174-4726cea8e2d3", -- ExecutableProperty_Id : UNIQUE_ID
    "e211a314-f4cf-4d96-ab5d-86594500f9c9" -- Provision_Id : UNIQUE_ID
);
INSERT INTO SPR_PS VALUES (
    "7582ba79-c063-4631-bcbe-dde14b231908", -- Id : UNIQUE_ID
    'New', -- Name : STRING
    '', -- Descrip : STRING
    '//If there is not match for an employee, then create a new employee.
select any employee from instances of Employee where selected.National_ID==param.National_ID;
if ( empty employee )
	create object instance employee of Employee;
	//generate Employee1:newEmployeeRcvd(FName:param.FName, LName:param.LName, National_ID:param.National_ID) to employee;
	employee.FName = param.FName;
	employee.LName = param.LName;
	employee.National_ID = param.National_ID;
	
	UI::Reply( msg:"Employee added successfully.", state:True);
else 
	
	LOG::LogInfo(message:"Employee already exists." );
	LOG::LogInfo(message:"Updating details." );
	//employee.FName = param.FName;
	//employee.LName = param.LName;	
	//UI::Reply( msg:"Employee already exists", state:False);
end if;
', -- Action_Semantics_internal : STRING
    1, -- Suc_Pars : INTEGER
    0 -- Dialect : INTEGER
);
INSERT INTO SPR_PS VALUES (
    "fd447b6f-5a17-4d1f-8f3d-080eeeb6d3b5", -- Id : UNIQUE_ID
    'Reply', -- Name : STRING
    '', -- Descrip : STRING
    '//select many employee from instances of Employee;
//Employees emp = employee
//UI::Reply(emp);', -- Action_Semantics_internal : STRING
    1, -- Suc_Pars : INTEGER
    0 -- Dialect : INTEGER
);
INSERT INTO SPR_PS VALUES (
    "8e12193a-4915-4e0c-8044-11c6b3eaf358", -- Id : UNIQUE_ID
    'Start', -- Name : STRING
    '', -- Descrip : STRING
    '
select any employee from instances of Employee where selected.National_ID==param.National_ID;
if ( not empty employee )
	generate Employee2:commencedRcvd() to employee;
	UI::Reply( msg:"Employee has commenced ", state:True);

else 
	LOG::LogInfo(message:"Employee is not registered!" );
	UI::Reply( msg:"Employee is not found.", state:False);
end if;
', -- Action_Semantics_internal : STRING
    1, -- Suc_Pars : INTEGER
    0 -- Dialect : INTEGER
);
INSERT INTO SPR_REP VALUES (
    "4e8357dc-6003-4dae-b1c1-6f406f5216d6", -- Id : UNIQUE_ID
    "be4e38a9-c84b-44ce-a173-d57405caeeca", -- ExecutableProperty_Id : UNIQUE_ID
    "3c565891-207b-4f8f-906f-7a28c50fa9aa" -- Requirement_Id : UNIQUE_ID
);
INSERT INTO SPR_REP VALUES (
    "62adeee1-7ea3-43cd-a822-47447631b0f8", -- Id : UNIQUE_ID
    "f83ecd5c-00bd-42d1-a795-2868eba34aec", -- ExecutableProperty_Id : UNIQUE_ID
    "3c565891-207b-4f8f-906f-7a28c50fa9aa" -- Requirement_Id : UNIQUE_ID
);
INSERT INTO SPR_REP VALUES (
    "3c887575-84ca-40f7-8c2b-fb4a9c9c2d37", -- Id : UNIQUE_ID
    "dd791a09-c8bd-4868-8174-4726cea8e2d3", -- ExecutableProperty_Id : UNIQUE_ID
    "3c565891-207b-4f8f-906f-7a28c50fa9aa" -- Requirement_Id : UNIQUE_ID
);
INSERT INTO SPR_RS VALUES (
    "4e8357dc-6003-4dae-b1c1-6f406f5216d6", -- Id : UNIQUE_ID
    'New', -- Name : STRING
    '', -- Descrip : STRING
    '', -- Action_Semantics_internal : STRING
    3, -- Suc_Pars : INTEGER
    0 -- Dialect : INTEGER
);
INSERT INTO SPR_RS VALUES (
    "62adeee1-7ea3-43cd-a822-47447631b0f8", -- Id : UNIQUE_ID
    'Reply', -- Name : STRING
    '', -- Descrip : STRING
    '', -- Action_Semantics_internal : STRING
    3, -- Suc_Pars : INTEGER
    0 -- Dialect : INTEGER
);
INSERT INTO SPR_RS VALUES (
    "3c887575-84ca-40f7-8c2b-fb4a9c9c2d37", -- Id : UNIQUE_ID
    'Start', -- Name : STRING
    '', -- Descrip : STRING
    '', -- Action_Semantics_internal : STRING
    3, -- Suc_Pars : INTEGER
    0 -- Dialect : INTEGER
);
INSERT INTO S_BPARM VALUES (
    "e9c68522-20fa-4445-ab22-2abf9f8db971", -- BParm_ID : UNIQUE_ID
    "b34ec664-6dea-44bc-afbf-69645da52f0a", -- Brg_ID : UNIQUE_ID
    'd', -- Name : STRING
    "ba5eda7a-def5-0000-0000-00000000000e", -- DT_ID : UNIQUE_ID
    0, -- By_Ref : INTEGER
    '', -- Dimensions : STRING
    "00000000-0000-0000-0000-000000000000", -- Previous_BParm_ID : UNIQUE_ID
    '' -- Descrip : STRING
);
INSERT INTO S_BPARM VALUES (
    "0096da0d-b18b-4532-a1f3-6ca86fa459d2", -- BParm_ID : UNIQUE_ID
    "b34ec664-6dea-44bc-afbf-69645da52f0a", -- Brg_ID : UNIQUE_ID
    'message', -- Name : STRING
    "ba5eda7a-def5-0000-0000-000000000004", -- DT_ID : UNIQUE_ID
    0, -- By_Ref : INTEGER
    '', -- Dimensions : STRING
    "e9c68522-20fa-4445-ab22-2abf9f8db971", -- Previous_BParm_ID : UNIQUE_ID
    '' -- Descrip : STRING
);
INSERT INTO S_BPARM VALUES (
    "75ebdabf-e4e2-4133-8c3d-0e33be4c1f80", -- BParm_ID : UNIQUE_ID
    "2dcf3e84-1208-4e7f-a70c-a54d15f1ce77", -- Brg_ID : UNIQUE_ID
    'message', -- Name : STRING
    "ba5eda7a-def5-0000-0000-000000000004", -- DT_ID : UNIQUE_ID
    0, -- By_Ref : INTEGER
    '', -- Dimensions : STRING
    "00000000-0000-0000-0000-000000000000", -- Previous_BParm_ID : UNIQUE_ID
    '' -- Descrip : STRING
);
INSERT INTO S_BPARM VALUES (
    "b63b67af-56f4-4ea0-a7e4-10a0759fc2b9", -- BParm_ID : UNIQUE_ID
    "af615ef3-56dd-40b1-be6b-27e07023a829", -- Brg_ID : UNIQUE_ID
    'message', -- Name : STRING
    "ba5eda7a-def5-0000-0000-000000000004", -- DT_ID : UNIQUE_ID
    0, -- By_Ref : INTEGER
    '', -- Dimensions : STRING
    "00000000-0000-0000-0000-000000000000", -- Previous_BParm_ID : UNIQUE_ID
    '' -- Descrip : STRING
);
INSERT INTO S_BPARM VALUES (
    "ccdb7d2a-319c-4887-b31e-89e920b236fe", -- BParm_ID : UNIQUE_ID
    "474dc6f1-f8eb-4a43-8ae9-fd7ec3f494ce", -- Brg_ID : UNIQUE_ID
    'message', -- Name : STRING
    "ba5eda7a-def5-0000-0000-000000000002", -- DT_ID : UNIQUE_ID
    0, -- By_Ref : INTEGER
    '', -- Dimensions : STRING
    "00000000-0000-0000-0000-000000000000", -- Previous_BParm_ID : UNIQUE_ID
    '' -- Descrip : STRING
);
INSERT INTO S_BPARM VALUES (
    "dcd130d4-ee17-4be5-8b7e-6d847c7b3b19", -- BParm_ID : UNIQUE_ID
    "a9e838fb-4772-4822-aee6-57f775da6967", -- Brg_ID : UNIQUE_ID
    'r', -- Name : STRING
    "ba5eda7a-def5-0000-0000-000000000003", -- DT_ID : UNIQUE_ID
    0, -- By_Ref : INTEGER
    '', -- Dimensions : STRING
    "c0551359-a1b0-4e13-bde0-184892639b14", -- Previous_BParm_ID : UNIQUE_ID
    '' -- Descrip : STRING
);
INSERT INTO S_BPARM VALUES (
    "c0551359-a1b0-4e13-bde0-184892639b14", -- BParm_ID : UNIQUE_ID
    "a9e838fb-4772-4822-aee6-57f775da6967", -- Brg_ID : UNIQUE_ID
    'message', -- Name : STRING
    "ba5eda7a-def5-0000-0000-000000000004", -- DT_ID : UNIQUE_ID
    0, -- By_Ref : INTEGER
    '', -- Dimensions : STRING
    "00000000-0000-0000-0000-000000000000", -- Previous_BParm_ID : UNIQUE_ID
    '' -- Descrip : STRING
);
INSERT INTO S_BPARM VALUES (
    "062ab47d-832f-4c30-b495-e7e88749b61a", -- BParm_ID : UNIQUE_ID
    "c56d3597-5a54-4d78-8914-2dc2594c2af4", -- Brg_ID : UNIQUE_ID
    'message', -- Name : STRING
    "ba5eda7a-def5-0000-0000-000000000004", -- DT_ID : UNIQUE_ID
    0, -- By_Ref : INTEGER
    '', -- Dimensions : STRING
    "00000000-0000-0000-0000-000000000000", -- Previous_BParm_ID : UNIQUE_ID
    '' -- Descrip : STRING
);
INSERT INTO S_BPARM VALUES (
    "ddef5865-5c6c-48d0-ad1c-0ff53abaa403", -- BParm_ID : UNIQUE_ID
    "77300edb-b891-4e35-858b-9e8cb6437f19", -- Brg_ID : UNIQUE_ID
    't', -- Name : STRING
    "ba5eda7a-def5-0000-0000-000000000010", -- DT_ID : UNIQUE_ID
    0, -- By_Ref : INTEGER
    '', -- Dimensions : STRING
    "fa21667d-7b40-4f1e-8f18-bf2482852c21", -- Previous_BParm_ID : UNIQUE_ID
    '' -- Descrip : STRING
);
INSERT INTO S_BPARM VALUES (
    "fa21667d-7b40-4f1e-8f18-bf2482852c21", -- BParm_ID : UNIQUE_ID
    "77300edb-b891-4e35-858b-9e8cb6437f19", -- Brg_ID : UNIQUE_ID
    'message', -- Name : STRING
    "ba5eda7a-def5-0000-0000-000000000004", -- DT_ID : UNIQUE_ID
    0, -- By_Ref : INTEGER
    '', -- Dimensions : STRING
    "00000000-0000-0000-0000-000000000000", -- Previous_BParm_ID : UNIQUE_ID
    '' -- Descrip : STRING
);
INSERT INTO S_BPARM VALUES (
    "2ff84885-d9d8-4403-82b1-cf68d9f4c2ff", -- BParm_ID : UNIQUE_ID
    "e6bddfad-112a-4e3d-983c-17cf660f6a1d", -- Brg_ID : UNIQUE_ID
    'second', -- Name : STRING
    "ba5eda7a-def5-0000-0000-000000000002", -- DT_ID : UNIQUE_ID
    0, -- By_Ref : INTEGER
    '', -- Dimensions : STRING
    "b618c824-214f-496d-9f10-3fd50db9e512", -- Previous_BParm_ID : UNIQUE_ID
    '' -- Descrip : STRING
);
INSERT INTO S_BPARM VALUES (
    "b618c824-214f-496d-9f10-3fd50db9e512", -- BParm_ID : UNIQUE_ID
    "e6bddfad-112a-4e3d-983c-17cf660f6a1d", -- Brg_ID : UNIQUE_ID
    'minute', -- Name : STRING
    "ba5eda7a-def5-0000-0000-000000000002", -- DT_ID : UNIQUE_ID
    0, -- By_Ref : INTEGER
    '', -- Dimensions : STRING
    "aa1100ee-c7e5-4ecb-b21a-a458b9395f0f", -- Previous_BParm_ID : UNIQUE_ID
    '' -- Descrip : STRING
);
INSERT INTO S_BPARM VALUES (
    "aa1100ee-c7e5-4ecb-b21a-a458b9395f0f", -- BParm_ID : UNIQUE_ID
    "e6bddfad-112a-4e3d-983c-17cf660f6a1d", -- Brg_ID : UNIQUE_ID
    'hour', -- Name : STRING
    "ba5eda7a-def5-0000-0000-000000000002", -- DT_ID : UNIQUE_ID
    0, -- By_Ref : INTEGER
    '', -- Dimensions : STRING
    "076564bb-aa4b-45d4-a897-765cb7a7623d", -- Previous_BParm_ID : UNIQUE_ID
    '' -- Descrip : STRING
);
INSERT INTO S_BPARM VALUES (
    "076564bb-aa4b-45d4-a897-765cb7a7623d", -- BParm_ID : UNIQUE_ID
    "e6bddfad-112a-4e3d-983c-17cf660f6a1d", -- Brg_ID : UNIQUE_ID
    'day', -- Name : STRING
    "ba5eda7a-def5-0000-0000-000000000002", -- DT_ID : UNIQUE_ID
    0, -- By_Ref : INTEGER
    '', -- Dimensions : STRING
    "a8dc93e1-f7e2-4b96-ba42-d464e71e81dd", -- Previous_BParm_ID : UNIQUE_ID
    '' -- Descrip : STRING
);
INSERT INTO S_BPARM VALUES (
    "a8dc93e1-f7e2-4b96-ba42-d464e71e81dd", -- BParm_ID : UNIQUE_ID
    "e6bddfad-112a-4e3d-983c-17cf660f6a1d", -- Brg_ID : UNIQUE_ID
    'month', -- Name : STRING
    "ba5eda7a-def5-0000-0000-000000000002", -- DT_ID : UNIQUE_ID
    0, -- By_Ref : INTEGER
    '', -- Dimensions : STRING
    "bd9cb1eb-612c-4cf4-a5aa-5ba7f8820cc3", -- Previous_BParm_ID : UNIQUE_ID
    '' -- Descrip : STRING
);
INSERT INTO S_BPARM VALUES (
    "bd9cb1eb-612c-4cf4-a5aa-5ba7f8820cc3", -- BParm_ID : UNIQUE_ID
    "e6bddfad-112a-4e3d-983c-17cf660f6a1d", -- Brg_ID : UNIQUE_ID
    'year', -- Name : STRING
    "ba5eda7a-def5-0000-0000-000000000002", -- DT_ID : UNIQUE_ID
    0, -- By_Ref : INTEGER
    '', -- Dimensions : STRING
    "00000000-0000-0000-0000-000000000000", -- Previous_BParm_ID : UNIQUE_ID
    '' -- Descrip : STRING
);
INSERT INTO S_BPARM VALUES (
    "7521082d-9202-4338-9c55-6857f6eab728", -- BParm_ID : UNIQUE_ID
    "38a0bf36-f1fa-46ff-9ac5-30980dbf9ba0", -- Brg_ID : UNIQUE_ID
    'date', -- Name : STRING
    "ba5eda7a-def5-0000-0000-00000000000e", -- DT_ID : UNIQUE_ID
    0, -- By_Ref : INTEGER
    '', -- Dimensions : STRING
    "00000000-0000-0000-0000-000000000000", -- Previous_BParm_ID : UNIQUE_ID
    '' -- Descrip : STRING
);
INSERT INTO S_BPARM VALUES (
    "ec9a6f91-6a94-401e-a679-35130105b5ea", -- BParm_ID : UNIQUE_ID
    "2052aeb8-71a4-49e3-864d-b678d3906bed", -- Brg_ID : UNIQUE_ID
    'date', -- Name : STRING
    "ba5eda7a-def5-0000-0000-00000000000e", -- DT_ID : UNIQUE_ID
    0, -- By_Ref : INTEGER
    '', -- Dimensions : STRING
    "00000000-0000-0000-0000-000000000000", -- Previous_BParm_ID : UNIQUE_ID
    '' -- Descrip : STRING
);
INSERT INTO S_BPARM VALUES (
    "84d75bad-1e52-43aa-aa26-ca21bbf0a968", -- BParm_ID : UNIQUE_ID
    "ffe9b4a1-cf2d-46b7-9789-be3f258319ec", -- Brg_ID : UNIQUE_ID
    'date', -- Name : STRING
    "ba5eda7a-def5-0000-0000-00000000000e", -- DT_ID : UNIQUE_ID
    0, -- By_Ref : INTEGER
    '', -- Dimensions : STRING
    "00000000-0000-0000-0000-000000000000", -- Previous_BParm_ID : UNIQUE_ID
    '' -- Descrip : STRING
);
INSERT INTO S_BPARM VALUES (
    "4a4ba548-f47c-486b-8ef0-77ed20e6a45e", -- BParm_ID : UNIQUE_ID
    "cccf7316-ec6f-4823-ade0-eaab3e2435fc", -- Brg_ID : UNIQUE_ID
    'date', -- Name : STRING
    "ba5eda7a-def5-0000-0000-00000000000e", -- DT_ID : UNIQUE_ID
    0, -- By_Ref : INTEGER
    '', -- Dimensions : STRING
    "00000000-0000-0000-0000-000000000000", -- Previous_BParm_ID : UNIQUE_ID
    '' -- Descrip : STRING
);
INSERT INTO S_BPARM VALUES (
    "d40816f7-b76c-427b-b6d7-446d20d03ee3", -- BParm_ID : UNIQUE_ID
    "e4d7890a-c0ba-4e92-bb75-a89f7a1deb89", -- Brg_ID : UNIQUE_ID
    'date', -- Name : STRING
    "ba5eda7a-def5-0000-0000-00000000000e", -- DT_ID : UNIQUE_ID
    0, -- By_Ref : INTEGER
    '', -- Dimensions : STRING
    "00000000-0000-0000-0000-000000000000", -- Previous_BParm_ID : UNIQUE_ID
    '' -- Descrip : STRING
);
INSERT INTO S_BPARM VALUES (
    "5b29a6f6-08a1-4ddf-9107-136a053c0933", -- BParm_ID : UNIQUE_ID
    "cd04774e-daca-4924-8bf8-26acb2101a9a", -- Brg_ID : UNIQUE_ID
    'date', -- Name : STRING
    "ba5eda7a-def5-0000-0000-00000000000e", -- DT_ID : UNIQUE_ID
    0, -- By_Ref : INTEGER
    '', -- Dimensions : STRING
    "00000000-0000-0000-0000-000000000000", -- Previous_BParm_ID : UNIQUE_ID
    '' -- Descrip : STRING
);
INSERT INTO S_BPARM VALUES (
    "eebfd799-31fd-4ce8-a08a-9724a263b762", -- BParm_ID : UNIQUE_ID
    "0b4c485f-017d-40b6-9a7e-57fda5776da4", -- Brg_ID : UNIQUE_ID
    'microseconds', -- Name : STRING
    "ba5eda7a-def5-0000-0000-000000000002", -- DT_ID : UNIQUE_ID
    0, -- By_Ref : INTEGER
    '', -- Dimensions : STRING
    "9b715479-d702-47cb-8122-8620dc4ed902", -- Previous_BParm_ID : UNIQUE_ID
    '' -- Descrip : STRING
);
INSERT INTO S_BPARM VALUES (
    "9b715479-d702-47cb-8122-8620dc4ed902", -- BParm_ID : UNIQUE_ID
    "0b4c485f-017d-40b6-9a7e-57fda5776da4", -- Brg_ID : UNIQUE_ID
    'event_inst', -- Name : STRING
    "ba5eda7a-def5-0000-0000-00000000000a", -- DT_ID : UNIQUE_ID
    0, -- By_Ref : INTEGER
    '', -- Dimensions : STRING
    "00000000-0000-0000-0000-000000000000", -- Previous_BParm_ID : UNIQUE_ID
    '' -- Descrip : STRING
);
INSERT INTO S_BPARM VALUES (
    "f837dc1f-51c1-4f10-8f70-894551d66b04", -- BParm_ID : UNIQUE_ID
    "16322409-ab18-4a8a-8189-42924b6ad4c7", -- Brg_ID : UNIQUE_ID
    'microseconds', -- Name : STRING
    "ba5eda7a-def5-0000-0000-000000000002", -- DT_ID : UNIQUE_ID
    0, -- By_Ref : INTEGER
    '', -- Dimensions : STRING
    "d4bcf76d-bce4-4c9a-9fe9-5fd26309ed9a", -- Previous_BParm_ID : UNIQUE_ID
    '' -- Descrip : STRING
);
INSERT INTO S_BPARM VALUES (
    "d4bcf76d-bce4-4c9a-9fe9-5fd26309ed9a", -- BParm_ID : UNIQUE_ID
    "16322409-ab18-4a8a-8189-42924b6ad4c7", -- Brg_ID : UNIQUE_ID
    'event_inst', -- Name : STRING
    "ba5eda7a-def5-0000-0000-00000000000a", -- DT_ID : UNIQUE_ID
    0, -- By_Ref : INTEGER
    '', -- Dimensions : STRING
    "00000000-0000-0000-0000-000000000000", -- Previous_BParm_ID : UNIQUE_ID
    '' -- Descrip : STRING
);
INSERT INTO S_BPARM VALUES (
    "2acf22f9-c00d-4469-9fad-399b127eee5b", -- BParm_ID : UNIQUE_ID
    "724d498a-672c-4565-ade3-ad23463f9c4e", -- Brg_ID : UNIQUE_ID
    'timer_inst_ref', -- Name : STRING
    "ba5eda7a-def5-0000-0000-00000000000f", -- DT_ID : UNIQUE_ID
    0, -- By_Ref : INTEGER
    '', -- Dimensions : STRING
    "00000000-0000-0000-0000-000000000000", -- Previous_BParm_ID : UNIQUE_ID
    '' -- Descrip : STRING
);
INSERT INTO S_BPARM VALUES (
    "8c3b610d-cb43-431e-a887-f93a904a8d13", -- BParm_ID : UNIQUE_ID
    "587a5601-85c2-4712-9523-edb532578dab", -- Brg_ID : UNIQUE_ID
    'timer_inst_ref', -- Name : STRING
    "ba5eda7a-def5-0000-0000-00000000000f", -- DT_ID : UNIQUE_ID
    0, -- By_Ref : INTEGER
    '', -- Dimensions : STRING
    "f3102f1e-34e8-4504-bb2c-986aecdb906d", -- Previous_BParm_ID : UNIQUE_ID
    '' -- Descrip : STRING
);
INSERT INTO S_BPARM VALUES (
    "f3102f1e-34e8-4504-bb2c-986aecdb906d", -- BParm_ID : UNIQUE_ID
    "587a5601-85c2-4712-9523-edb532578dab", -- Brg_ID : UNIQUE_ID
    'microseconds', -- Name : STRING
    "ba5eda7a-def5-0000-0000-000000000002", -- DT_ID : UNIQUE_ID
    0, -- By_Ref : INTEGER
    '', -- Dimensions : STRING
    "00000000-0000-0000-0000-000000000000", -- Previous_BParm_ID : UNIQUE_ID
    '' -- Descrip : STRING
);
INSERT INTO S_BPARM VALUES (
    "468de39e-d4fc-4f30-accf-11eb27171171", -- BParm_ID : UNIQUE_ID
    "a160d621-7f28-44ee-b4d9-59b10ef2e404", -- Brg_ID : UNIQUE_ID
    'timer_inst_ref', -- Name : STRING
    "ba5eda7a-def5-0000-0000-00000000000f", -- DT_ID : UNIQUE_ID
    0, -- By_Ref : INTEGER
    '', -- Dimensions : STRING
    "d464f0b4-214d-40d1-87b3-f836b218ccaf", -- Previous_BParm_ID : UNIQUE_ID
    '' -- Descrip : STRING
);
INSERT INTO S_BPARM VALUES (
    "d464f0b4-214d-40d1-87b3-f836b218ccaf", -- BParm_ID : UNIQUE_ID
    "a160d621-7f28-44ee-b4d9-59b10ef2e404", -- Brg_ID : UNIQUE_ID
    'microseconds', -- Name : STRING
    "ba5eda7a-def5-0000-0000-000000000002", -- DT_ID : UNIQUE_ID
    0, -- By_Ref : INTEGER
    '', -- Dimensions : STRING
    "00000000-0000-0000-0000-000000000000", -- Previous_BParm_ID : UNIQUE_ID
    '' -- Descrip : STRING
);
INSERT INTO S_BPARM VALUES (
    "e74eb78d-a2ce-4224-bdad-cc900e1a843b", -- BParm_ID : UNIQUE_ID
    "b2f303f5-6e95-4731-a762-be0c0eb02ca7", -- Brg_ID : UNIQUE_ID
    'timer_inst_ref', -- Name : STRING
    "ba5eda7a-def5-0000-0000-00000000000f", -- DT_ID : UNIQUE_ID
    0, -- By_Ref : INTEGER
    '', -- Dimensions : STRING
    "00000000-0000-0000-0000-000000000000", -- Previous_BParm_ID : UNIQUE_ID
    '' -- Descrip : STRING
);
INSERT INTO S_BPARM VALUES (
    "c6e934fc-2ef0-40c1-a16c-0a06a0277880", -- BParm_ID : UNIQUE_ID
    "4c84eeef-580a-44c0-99a3-07b6a73452d7", -- Brg_ID : UNIQUE_ID
    'name', -- Name : STRING
    "ba5eda7a-def5-0000-0000-000000000004", -- DT_ID : UNIQUE_ID
    0, -- By_Ref : INTEGER
    '', -- Dimensions : STRING
    "00000000-0000-0000-0000-000000000000", -- Previous_BParm_ID : UNIQUE_ID
    '' -- Descrip : STRING
);
INSERT INTO S_BPARM VALUES (
    "aa97ca18-dd08-4372-a172-5fea79e99363", -- BParm_ID : UNIQUE_ID
    "4c84eeef-580a-44c0-99a3-07b6a73452d7", -- Brg_ID : UNIQUE_ID
    'usage', -- Name : STRING
    "ba5eda7a-def5-0000-0000-000000000004", -- DT_ID : UNIQUE_ID
    0, -- By_Ref : INTEGER
    '', -- Dimensions : STRING
    "c6e934fc-2ef0-40c1-a16c-0a06a0277880", -- Previous_BParm_ID : UNIQUE_ID
    '' -- Descrip : STRING
);
INSERT INTO S_BPARM VALUES (
    "fe6e347e-148c-41b0-93d2-103cb5b039c7", -- BParm_ID : UNIQUE_ID
    "552205ca-aa70-45be-9f6c-fed75e322243", -- Brg_ID : UNIQUE_ID
    'name', -- Name : STRING
    "ba5eda7a-def5-0000-0000-000000000004", -- DT_ID : UNIQUE_ID
    0, -- By_Ref : INTEGER
    '', -- Dimensions : STRING
    "00000000-0000-0000-0000-000000000000", -- Previous_BParm_ID : UNIQUE_ID
    '' -- Descrip : STRING
);
INSERT INTO S_BPARM VALUES (
    "aeafcd39-100f-4510-b577-b492a87341b4", -- BParm_ID : UNIQUE_ID
    "552205ca-aa70-45be-9f6c-fed75e322243", -- Brg_ID : UNIQUE_ID
    'usage', -- Name : STRING
    "ba5eda7a-def5-0000-0000-000000000004", -- DT_ID : UNIQUE_ID
    0, -- By_Ref : INTEGER
    '', -- Dimensions : STRING
    "de67d99a-f018-4c57-8c77-ae04092276d5", -- Previous_BParm_ID : UNIQUE_ID
    '' -- Descrip : STRING
);
INSERT INTO S_BPARM VALUES (
    "1116bbba-a679-4051-9499-b6b084b1ce4b", -- BParm_ID : UNIQUE_ID
    "552205ca-aa70-45be-9f6c-fed75e322243", -- Brg_ID : UNIQUE_ID
    'default_value', -- Name : STRING
    "ba5eda7a-def5-0000-0000-000000000004", -- DT_ID : UNIQUE_ID
    0, -- By_Ref : INTEGER
    '', -- Dimensions : STRING
    "aeafcd39-100f-4510-b577-b492a87341b4", -- Previous_BParm_ID : UNIQUE_ID
    '' -- Descrip : STRING
);
INSERT INTO S_BPARM VALUES (
    "de67d99a-f018-4c57-8c77-ae04092276d5", -- BParm_ID : UNIQUE_ID
    "552205ca-aa70-45be-9f6c-fed75e322243", -- Brg_ID : UNIQUE_ID
    'value_name', -- Name : STRING
    "ba5eda7a-def5-0000-0000-000000000004", -- DT_ID : UNIQUE_ID
    0, -- By_Ref : INTEGER
    '', -- Dimensions : STRING
    "fe6e347e-148c-41b0-93d2-103cb5b039c7", -- Previous_BParm_ID : UNIQUE_ID
    '' -- Descrip : STRING
);
INSERT INTO S_BPARM VALUES (
    "c0949355-b740-4feb-9f33-245a8ef01d3f", -- BParm_ID : UNIQUE_ID
    "552205ca-aa70-45be-9f6c-fed75e322243", -- Brg_ID : UNIQUE_ID
    'required', -- Name : STRING
    "ba5eda7a-def5-0000-0000-000000000001", -- DT_ID : UNIQUE_ID
    0, -- By_Ref : INTEGER
    '', -- Dimensions : STRING
    "1116bbba-a679-4051-9499-b6b084b1ce4b", -- Previous_BParm_ID : UNIQUE_ID
    '' -- Descrip : STRING
);
INSERT INTO S_BPARM VALUES (
    "0b5faa27-1c3c-451f-8cde-e5556fa72e6f", -- BParm_ID : UNIQUE_ID
    "e14dac49-6263-450c-a836-b0d18eb918ce", -- Brg_ID : UNIQUE_ID
    'name', -- Name : STRING
    "ba5eda7a-def5-0000-0000-000000000004", -- DT_ID : UNIQUE_ID
    0, -- By_Ref : INTEGER
    '', -- Dimensions : STRING
    "00000000-0000-0000-0000-000000000000", -- Previous_BParm_ID : UNIQUE_ID
    '' -- Descrip : STRING
);
INSERT INTO S_BPARM VALUES (
    "4c7c1c7f-d782-47de-94dc-8c16a0605a70", -- BParm_ID : UNIQUE_ID
    "48b8f9dc-e8f2-41f2-9b8e-d6b671643328", -- Brg_ID : UNIQUE_ID
    'name', -- Name : STRING
    "ba5eda7a-def5-0000-0000-000000000004", -- DT_ID : UNIQUE_ID
    0, -- By_Ref : INTEGER
    '', -- Dimensions : STRING
    "00000000-0000-0000-0000-000000000000", -- Previous_BParm_ID : UNIQUE_ID
    '' -- Descrip : STRING
);
INSERT INTO S_BPARM VALUES (
    "37ef52bb-354f-4080-951f-232d57d97550", -- BParm_ID : UNIQUE_ID
    "1f23e627-377e-4168-a4a2-bda0a5ec42eb", -- Brg_ID : UNIQUE_ID
    'i', -- Name : STRING
    "ba5eda7a-def5-0000-0000-000000000002", -- DT_ID : UNIQUE_ID
    0, -- By_Ref : INTEGER
    '', -- Dimensions : STRING
    "00000000-0000-0000-0000-000000000000", -- Previous_BParm_ID : UNIQUE_ID
    '' -- Descrip : STRING
);
INSERT INTO S_BPARM VALUES (
    "dcf08dfe-7a14-4dff-9610-adce1f97728c", -- BParm_ID : UNIQUE_ID
    "5f3c759c-6b7b-4ee8-8e47-370fb4a90427", -- Brg_ID : UNIQUE_ID
    's', -- Name : STRING
    "ba5eda7a-def5-0000-0000-000000000004", -- DT_ID : UNIQUE_ID
    0, -- By_Ref : INTEGER
    '', -- Dimensions : STRING
    "00000000-0000-0000-0000-000000000000", -- Previous_BParm_ID : UNIQUE_ID
    '' -- Descrip : STRING
);
INSERT INTO S_BPARM VALUES (
    "4d7b8f22-8059-47ca-a987-bb57179f7901", -- BParm_ID : UNIQUE_ID
    "89d596ad-2792-4523-b93e-7f73d50eaa81", -- Brg_ID : UNIQUE_ID
    's', -- Name : STRING
    "ba5eda7a-def5-0000-0000-000000000004", -- DT_ID : UNIQUE_ID
    0, -- By_Ref : INTEGER
    '', -- Dimensions : STRING
    "00000000-0000-0000-0000-000000000000", -- Previous_BParm_ID : UNIQUE_ID
    '' -- Descrip : STRING
);
INSERT INTO S_BPARM VALUES (
    "5672b300-8883-407f-b671-9972b79679ef", -- BParm_ID : UNIQUE_ID
    "89d596ad-2792-4523-b93e-7f73d50eaa81", -- Brg_ID : UNIQUE_ID
    'begin', -- Name : STRING
    "ba5eda7a-def5-0000-0000-000000000002", -- DT_ID : UNIQUE_ID
    0, -- By_Ref : INTEGER
    '', -- Dimensions : STRING
    "4d7b8f22-8059-47ca-a987-bb57179f7901", -- Previous_BParm_ID : UNIQUE_ID
    '' -- Descrip : STRING
);
INSERT INTO S_BPARM VALUES (
    "4d74bbb3-4555-4bb8-b43d-9c505332a21d", -- BParm_ID : UNIQUE_ID
    "89d596ad-2792-4523-b93e-7f73d50eaa81", -- Brg_ID : UNIQUE_ID
    'end', -- Name : STRING
    "ba5eda7a-def5-0000-0000-000000000002", -- DT_ID : UNIQUE_ID
    0, -- By_Ref : INTEGER
    '', -- Dimensions : STRING
    "5672b300-8883-407f-b671-9972b79679ef", -- Previous_BParm_ID : UNIQUE_ID
    '' -- Descrip : STRING
);
INSERT INTO S_BPARM VALUES (
    "fcac9711-b2b9-4b20-a255-28cd2024c9c5", -- BParm_ID : UNIQUE_ID
    "ffa333ae-485c-4095-8a9f-2ea460bbb53f", -- Brg_ID : UNIQUE_ID
    's', -- Name : STRING
    "ba5eda7a-def5-0000-0000-000000000004", -- DT_ID : UNIQUE_ID
    0, -- By_Ref : INTEGER
    '', -- Dimensions : STRING
    "00000000-0000-0000-0000-000000000000", -- Previous_BParm_ID : UNIQUE_ID
    '' -- Descrip : STRING
);
INSERT INTO S_BPARM VALUES (
    "03af71b0-2807-442d-9e88-c095ff2543ac", -- BParm_ID : UNIQUE_ID
    "7336eafe-bf7f-45cf-a139-f0fa44c5400e", -- Brg_ID : UNIQUE_ID
    'haystack', -- Name : STRING
    "ba5eda7a-def5-0000-0000-000000000004", -- DT_ID : UNIQUE_ID
    0, -- By_Ref : INTEGER
    '', -- Dimensions : STRING
    "00000000-0000-0000-0000-000000000000", -- Previous_BParm_ID : UNIQUE_ID
    '' -- Descrip : STRING
);
INSERT INTO S_BPARM VALUES (
    "42f61ab6-7e6f-4814-a9b2-e0b84a3f9187", -- BParm_ID : UNIQUE_ID
    "7336eafe-bf7f-45cf-a139-f0fa44c5400e", -- Brg_ID : UNIQUE_ID
    'needle', -- Name : STRING
    "ba5eda7a-def5-0000-0000-000000000004", -- DT_ID : UNIQUE_ID
    0, -- By_Ref : INTEGER
    '', -- Dimensions : STRING
    "03af71b0-2807-442d-9e88-c095ff2543ac", -- Previous_BParm_ID : UNIQUE_ID
    '' -- Descrip : STRING
);
INSERT INTO S_BPARM VALUES (
    "21d3e869-1404-48d5-a267-164cc9137af6", -- BParm_ID : UNIQUE_ID
    "d62c634b-74cc-4271-879d-bb16f8243125", -- Brg_ID : UNIQUE_ID
    's', -- Name : STRING
    "ba5eda7a-def5-0000-0000-000000000004", -- DT_ID : UNIQUE_ID
    0, -- By_Ref : INTEGER
    '', -- Dimensions : STRING
    "00000000-0000-0000-0000-000000000000", -- Previous_BParm_ID : UNIQUE_ID
    '' -- Descrip : STRING
);
INSERT INTO S_BPARM VALUES (
    "e87f42b4-d43e-43d5-ac81-caaa57626be5", -- BParm_ID : UNIQUE_ID
    "98d84f3d-005b-4259-a245-635911bfd6d9", -- Brg_ID : UNIQUE_ID
    's', -- Name : STRING
    "ba5eda7a-def5-0000-0000-000000000004", -- DT_ID : UNIQUE_ID
    0, -- By_Ref : INTEGER
    '', -- Dimensions : STRING
    "00000000-0000-0000-0000-000000000000", -- Previous_BParm_ID : UNIQUE_ID
    '' -- Descrip : STRING
);
INSERT INTO S_BPARM VALUES (
    "d5edd80c-223e-48c5-a69f-415ad3aaec87", -- BParm_ID : UNIQUE_ID
    "2d05e784-4e68-4ad9-b373-5583b0c79497", -- Brg_ID : UNIQUE_ID
    's', -- Name : STRING
    "ba5eda7a-def5-0000-0000-000000000004", -- DT_ID : UNIQUE_ID
    0, -- By_Ref : INTEGER
    '', -- Dimensions : STRING
    "00000000-0000-0000-0000-000000000000", -- Previous_BParm_ID : UNIQUE_ID
    '' -- Descrip : STRING
);
INSERT INTO S_BPARM VALUES (
    "95a61ef6-9dee-4090-a67d-d7662540764b", -- BParm_ID : UNIQUE_ID
    "7b593108-9200-42f0-86c7-49dfd1e5d704", -- Brg_ID : UNIQUE_ID
    'x', -- Name : STRING
    "ba5eda7a-def5-0000-0000-000000000003", -- DT_ID : UNIQUE_ID
    0, -- By_Ref : INTEGER
    '', -- Dimensions : STRING
    "00000000-0000-0000-0000-000000000000", -- Previous_BParm_ID : UNIQUE_ID
    '' -- Descrip : STRING
);
INSERT INTO S_BPARM VALUES (
    "a040d4f5-eff4-4e79-9892-bc6e87f12996", -- BParm_ID : UNIQUE_ID
    "c1f05ae4-a5cb-40a3-a774-d2cddaff579b", -- Brg_ID : UNIQUE_ID
    'attr', -- Name : STRING
    "ba5eda7a-def5-0000-0000-000000000004", -- DT_ID : UNIQUE_ID
    0, -- By_Ref : INTEGER
    '', -- Dimensions : STRING
    "00000000-0000-0000-0000-000000000000", -- Previous_BParm_ID : UNIQUE_ID
    '' -- Descrip : STRING
);
INSERT INTO S_BPARM VALUES (
    "59173bf2-34e1-49c0-82e9-647abc0e795c", -- BParm_ID : UNIQUE_ID
    "cc2b571f-54b2-4585-86b3-d879d5e34b3d", -- Brg_ID : UNIQUE_ID
    'attr', -- Name : STRING
    "ba5eda7a-def5-0000-0000-000000000004", -- DT_ID : UNIQUE_ID
    0, -- By_Ref : INTEGER
    '', -- Dimensions : STRING
    "00000000-0000-0000-0000-000000000000", -- Previous_BParm_ID : UNIQUE_ID
    '' -- Descrip : STRING
);
INSERT INTO S_BPARM VALUES (
    "7f80d22c-9adb-4f9b-8b1a-d20e9587a9ed", -- BParm_ID : UNIQUE_ID
    "3c5d78ee-496c-451e-bcc7-ad0d222c0e32", -- Brg_ID : UNIQUE_ID
    'java_class', -- Name : STRING
    "ba5eda7a-def5-0000-0000-000000000004", -- DT_ID : UNIQUE_ID
    0, -- By_Ref : INTEGER
    '', -- Dimensions : STRING
    "00000000-0000-0000-0000-000000000000", -- Previous_BParm_ID : UNIQUE_ID
    '' -- Descrip : STRING
);
INSERT INTO S_BPARM VALUES (
    "030b8ad4-05ad-415a-9745-c98c4f790575", -- BParm_ID : UNIQUE_ID
    "3c5d78ee-496c-451e-bcc7-ad0d222c0e32", -- Brg_ID : UNIQUE_ID
    'args', -- Name : STRING
    "ba5eda7a-def5-0000-0000-000000000004", -- DT_ID : UNIQUE_ID
    0, -- By_Ref : INTEGER
    '[]', -- Dimensions : STRING
    "7f80d22c-9adb-4f9b-8b1a-d20e9587a9ed", -- Previous_BParm_ID : UNIQUE_ID
    '' -- Descrip : STRING
);
INSERT INTO S_BPARM VALUES (
    "a08876d8-ddad-46b7-89ab-8191af6a9e1a", -- BParm_ID : UNIQUE_ID
    "e4340945-3812-4aa8-bc9b-e374d680118b", -- Brg_ID : UNIQUE_ID
    'key_letters', -- Name : STRING
    "ba5eda7a-def5-0000-0000-000000000004", -- DT_ID : UNIQUE_ID
    0, -- By_Ref : INTEGER
    '', -- Dimensions : STRING
    "00000000-0000-0000-0000-000000000000", -- Previous_BParm_ID : UNIQUE_ID
    '' -- Descrip : STRING
);
INSERT INTO S_BPARM VALUES (
    "7ef089be-a1ad-4b07-a0b2-d41f3588e7db", -- BParm_ID : UNIQUE_ID
    "5a5d5ceb-29f0-4209-aeba-150fb07052b7", -- Brg_ID : UNIQUE_ID
    'instance', -- Name : STRING
    "ba5eda7a-def5-0000-0000-000000000008", -- DT_ID : UNIQUE_ID
    0, -- By_Ref : INTEGER
    '', -- Dimensions : STRING
    "00000000-0000-0000-0000-000000000000", -- Previous_BParm_ID : UNIQUE_ID
    '' -- Descrip : STRING
);
INSERT INTO S_BPARM VALUES (
    "774a42db-19b4-4835-a8d7-6c145a107edb", -- BParm_ID : UNIQUE_ID
    "5a5d5ceb-29f0-4209-aeba-150fb07052b7", -- Brg_ID : UNIQUE_ID
    'attribute_name', -- Name : STRING
    "ba5eda7a-def5-0000-0000-000000000004", -- DT_ID : UNIQUE_ID
    0, -- By_Ref : INTEGER
    '', -- Dimensions : STRING
    "7ef089be-a1ad-4b07-a0b2-d41f3588e7db", -- Previous_BParm_ID : UNIQUE_ID
    '' -- Descrip : STRING
);
INSERT INTO S_BPARM VALUES (
    "dff6ad29-526a-4903-a715-d15a19113b1e", -- BParm_ID : UNIQUE_ID
    "5a5d5ceb-29f0-4209-aeba-150fb07052b7", -- Brg_ID : UNIQUE_ID
    'value', -- Name : STRING
    "ba5eda7a-def5-0000-0000-000000000008", -- DT_ID : UNIQUE_ID
    0, -- By_Ref : INTEGER
    '', -- Dimensions : STRING
    "774a42db-19b4-4835-a8d7-6c145a107edb", -- Previous_BParm_ID : UNIQUE_ID
    '' -- Descrip : STRING
);
INSERT INTO S_BPARM VALUES (
    "d501676f-5396-463c-92a3-1f34b8517ddc", -- BParm_ID : UNIQUE_ID
    "5dddfeb2-1f14-4aa5-ad63-8a909e0dec8c", -- Brg_ID : UNIQUE_ID
    'inst1', -- Name : STRING
    "ba5eda7a-def5-0000-0000-000000000008", -- DT_ID : UNIQUE_ID
    0, -- By_Ref : INTEGER
    '', -- Dimensions : STRING
    "00000000-0000-0000-0000-000000000000", -- Previous_BParm_ID : UNIQUE_ID
    '' -- Descrip : STRING
);
INSERT INTO S_BPARM VALUES (
    "decce6e5-3390-483a-9e44-25e7bcfcc192", -- BParm_ID : UNIQUE_ID
    "5dddfeb2-1f14-4aa5-ad63-8a909e0dec8c", -- Brg_ID : UNIQUE_ID
    'inst2', -- Name : STRING
    "ba5eda7a-def5-0000-0000-000000000008", -- DT_ID : UNIQUE_ID
    0, -- By_Ref : INTEGER
    '', -- Dimensions : STRING
    "d501676f-5396-463c-92a3-1f34b8517ddc", -- Previous_BParm_ID : UNIQUE_ID
    '' -- Descrip : STRING
);
INSERT INTO S_BPARM VALUES (
    "880ebbb6-b09f-4305-b214-46ccd127ac18", -- BParm_ID : UNIQUE_ID
    "5dddfeb2-1f14-4aa5-ad63-8a909e0dec8c", -- Brg_ID : UNIQUE_ID
    'rel_num', -- Name : STRING
    "ba5eda7a-def5-0000-0000-000000000002", -- DT_ID : UNIQUE_ID
    0, -- By_Ref : INTEGER
    '', -- Dimensions : STRING
    "decce6e5-3390-483a-9e44-25e7bcfcc192", -- Previous_BParm_ID : UNIQUE_ID
    '' -- Descrip : STRING
);
INSERT INTO S_BPARM VALUES (
    "470225d1-85e1-47fc-8375-99420dd21163", -- BParm_ID : UNIQUE_ID
    "5dddfeb2-1f14-4aa5-ad63-8a909e0dec8c", -- Brg_ID : UNIQUE_ID
    'phrase', -- Name : STRING
    "ba5eda7a-def5-0000-0000-000000000004", -- DT_ID : UNIQUE_ID
    0, -- By_Ref : INTEGER
    '', -- Dimensions : STRING
    "880ebbb6-b09f-4305-b214-46ccd127ac18", -- Previous_BParm_ID : UNIQUE_ID
    '' -- Descrip : STRING
);
INSERT INTO S_BPARM VALUES (
    "61fbe7a9-1ff1-4646-9036-699d8a77b4eb", -- BParm_ID : UNIQUE_ID
    "4d455ec0-5a4f-467f-bd96-0eda52082970", -- Brg_ID : UNIQUE_ID
    'inst1', -- Name : STRING
    "ba5eda7a-def5-0000-0000-000000000008", -- DT_ID : UNIQUE_ID
    0, -- By_Ref : INTEGER
    '', -- Dimensions : STRING
    "00000000-0000-0000-0000-000000000000", -- Previous_BParm_ID : UNIQUE_ID
    '' -- Descrip : STRING
);
INSERT INTO S_BPARM VALUES (
    "9853b7e4-33ce-4b17-9375-b3ba712c1769", -- BParm_ID : UNIQUE_ID
    "4d455ec0-5a4f-467f-bd96-0eda52082970", -- Brg_ID : UNIQUE_ID
    'inst2', -- Name : STRING
    "ba5eda7a-def5-0000-0000-000000000008", -- DT_ID : UNIQUE_ID
    0, -- By_Ref : INTEGER
    '', -- Dimensions : STRING
    "61fbe7a9-1ff1-4646-9036-699d8a77b4eb", -- Previous_BParm_ID : UNIQUE_ID
    '' -- Descrip : STRING
);
INSERT INTO S_BPARM VALUES (
    "b39dc106-616f-4e29-b6cd-364f1e935827", -- BParm_ID : UNIQUE_ID
    "4d455ec0-5a4f-467f-bd96-0eda52082970", -- Brg_ID : UNIQUE_ID
    'rel_num', -- Name : STRING
    "ba5eda7a-def5-0000-0000-000000000002", -- DT_ID : UNIQUE_ID
    0, -- By_Ref : INTEGER
    '', -- Dimensions : STRING
    "1012e3aa-873a-4131-8c05-a2dac7e250fe", -- Previous_BParm_ID : UNIQUE_ID
    '' -- Descrip : STRING
);
INSERT INTO S_BPARM VALUES (
    "2cadaa5f-0a37-40d6-bd78-846eb83a9235", -- BParm_ID : UNIQUE_ID
    "4d455ec0-5a4f-467f-bd96-0eda52082970", -- Brg_ID : UNIQUE_ID
    'phrase', -- Name : STRING
    "ba5eda7a-def5-0000-0000-000000000004", -- DT_ID : UNIQUE_ID
    0, -- By_Ref : INTEGER
    '', -- Dimensions : STRING
    "b39dc106-616f-4e29-b6cd-364f1e935827", -- Previous_BParm_ID : UNIQUE_ID
    '' -- Descrip : STRING
);
INSERT INTO S_BPARM VALUES (
    "1012e3aa-873a-4131-8c05-a2dac7e250fe", -- BParm_ID : UNIQUE_ID
    "4d455ec0-5a4f-467f-bd96-0eda52082970", -- Brg_ID : UNIQUE_ID
    'link', -- Name : STRING
    "ba5eda7a-def5-0000-0000-000000000008", -- DT_ID : UNIQUE_ID
    0, -- By_Ref : INTEGER
    '', -- Dimensions : STRING
    "9853b7e4-33ce-4b17-9375-b3ba712c1769", -- Previous_BParm_ID : UNIQUE_ID
    '' -- Descrip : STRING
);
INSERT INTO S_BPARM VALUES (
    "216fa774-c8d9-4dcb-82c8-d5a97e634c71", -- BParm_ID : UNIQUE_ID
    "b890cabd-de2c-4828-a8a5-d955fb7d67c4", -- Brg_ID : UNIQUE_ID
    'function_name', -- Name : STRING
    "ba5eda7a-def5-0000-0000-000000000004", -- DT_ID : UNIQUE_ID
    0, -- By_Ref : INTEGER
    '', -- Dimensions : STRING
    "00000000-0000-0000-0000-000000000000", -- Previous_BParm_ID : UNIQUE_ID
    '' -- Descrip : STRING
);
INSERT INTO S_BPARM VALUES (
    "9655860a-1775-4c02-bf88-60f28d3010cf", -- BParm_ID : UNIQUE_ID
    "b890cabd-de2c-4828-a8a5-d955fb7d67c4", -- Brg_ID : UNIQUE_ID
    'args', -- Name : STRING
    "ba5eda7a-def5-0000-0000-000000000008", -- DT_ID : UNIQUE_ID
    0, -- By_Ref : INTEGER
    '[]', -- Dimensions : STRING
    "216fa774-c8d9-4dcb-82c8-d5a97e634c71", -- Previous_BParm_ID : UNIQUE_ID
    '' -- Descrip : STRING
);
INSERT INTO S_BPARM VALUES (
    "cc59f84f-ad26-45ec-8f9d-fd87a49d1b24", -- BParm_ID : UNIQUE_ID
    "41ba132d-a1d1-4191-a09b-2557dff31e03", -- Brg_ID : UNIQUE_ID
    'file', -- Name : STRING
    "ba5eda7a-def5-0000-0000-000000000004", -- DT_ID : UNIQUE_ID
    0, -- By_Ref : INTEGER
    '', -- Dimensions : STRING
    "00000000-0000-0000-0000-000000000000", -- Previous_BParm_ID : UNIQUE_ID
    '' -- Descrip : STRING
);
INSERT INTO S_BPARM VALUES (
    "b44dee13-d04f-428c-9395-32ebe32a7438", -- BParm_ID : UNIQUE_ID
    "9c9ff561-0230-49c6-93a0-97e6e806f171", -- Brg_ID : UNIQUE_ID
    'file', -- Name : STRING
    "ba5eda7a-def5-0000-0000-000000000004", -- DT_ID : UNIQUE_ID
    0, -- By_Ref : INTEGER
    '', -- Dimensions : STRING
    "00000000-0000-0000-0000-000000000000", -- Previous_BParm_ID : UNIQUE_ID
    '' -- Descrip : STRING
);
INSERT INTO S_BPARM VALUES (
    "29a1bce9-53c7-4aa2-8b58-168e025fc45b", -- BParm_ID : UNIQUE_ID
    "f7a1de23-2e31-4e8a-988b-ace95920d6c0", -- Brg_ID : UNIQUE_ID
    's', -- Name : STRING
    "ba5eda7a-def5-0000-0000-000000000004", -- DT_ID : UNIQUE_ID
    0, -- By_Ref : INTEGER
    '', -- Dimensions : STRING
    "00000000-0000-0000-0000-000000000000", -- Previous_BParm_ID : UNIQUE_ID
    '' -- Descrip : STRING
);
INSERT INTO S_BPARM VALUES (
    "71abd594-35f7-47aa-a3fb-744f9cbe26b1", -- BParm_ID : UNIQUE_ID
    "56d78985-bd88-4f57-97f5-3a8479d36a75", -- Brg_ID : UNIQUE_ID
    'file', -- Name : STRING
    "ba5eda7a-def5-0000-0000-000000000004", -- DT_ID : UNIQUE_ID
    0, -- By_Ref : INTEGER
    '', -- Dimensions : STRING
    "00000000-0000-0000-0000-000000000000", -- Previous_BParm_ID : UNIQUE_ID
    '' -- Descrip : STRING
);
INSERT INTO S_BPARM VALUES (
    "d1ee6801-de07-4031-bd37-2a8ffd3f8473", -- BParm_ID : UNIQUE_ID
    "ad4f1248-1786-4a6c-9f24-575f1b7d5401", -- Brg_ID : UNIQUE_ID
    'file', -- Name : STRING
    "ba5eda7a-def5-0000-0000-000000000004", -- DT_ID : UNIQUE_ID
    0, -- By_Ref : INTEGER
    '', -- Dimensions : STRING
    "00000000-0000-0000-0000-000000000000", -- Previous_BParm_ID : UNIQUE_ID
    '' -- Descrip : STRING
);
INSERT INTO S_BPARM VALUES (
    "a7a80f0d-ee75-4ddb-a11f-c2ac2101f1e0", -- BParm_ID : UNIQUE_ID
    "387a0ac8-5355-48ef-a355-2676c1a68ecb", -- Brg_ID : UNIQUE_ID
    'format', -- Name : STRING
    "ba5eda7a-def5-0000-0000-000000000004", -- DT_ID : UNIQUE_ID
    0, -- By_Ref : INTEGER
    '', -- Dimensions : STRING
    "00000000-0000-0000-0000-000000000000", -- Previous_BParm_ID : UNIQUE_ID
    '' -- Descrip : STRING
);
INSERT INTO S_BPARM VALUES (
    "7ed56b5d-9bd9-499e-8848-be903121068c", -- BParm_ID : UNIQUE_ID
    "387a0ac8-5355-48ef-a355-2676c1a68ecb", -- Brg_ID : UNIQUE_ID
    's', -- Name : STRING
    "ba5eda7a-def5-0000-0000-000000000004", -- DT_ID : UNIQUE_ID
    0, -- By_Ref : INTEGER
    '', -- Dimensions : STRING
    "a7a80f0d-ee75-4ddb-a11f-c2ac2101f1e0", -- Previous_BParm_ID : UNIQUE_ID
    '' -- Descrip : STRING
);
INSERT INTO S_BPARM VALUES (
    "860f4a36-5e56-4945-80ba-9040088955af", -- BParm_ID : UNIQUE_ID
    "a4310342-37b4-4aa7-825b-a056e08718c5", -- Brg_ID : UNIQUE_ID
    'dir', -- Name : STRING
    "ba5eda7a-def5-0000-0000-000000000004", -- DT_ID : UNIQUE_ID
    0, -- By_Ref : INTEGER
    '', -- Dimensions : STRING
    "00000000-0000-0000-0000-000000000000", -- Previous_BParm_ID : UNIQUE_ID
    '' -- Descrip : STRING
);
INSERT INTO S_BRG VALUES (
    "112f319f-4c8e-482c-a552-276f1b56bc8d", -- Brg_ID : UNIQUE_ID
    "301ed0ee-cd6b-49d6-949f-df904baa862c", -- EE_ID : UNIQUE_ID
    'shutdown', -- Name : STRING
    '', -- Descrip : STRING
    0, -- Brg_Typ : INTEGER
    "ba5eda7a-def5-0000-0000-000000000000", -- DT_ID : UNIQUE_ID
    '//', -- Action_Semantics_internal : STRING
    1, -- Suc_Pars : INTEGER
    '', -- Return_Dimensions : STRING
    0 -- Dialect : INTEGER
);
INSERT INTO S_BRG VALUES (
    "b34ec664-6dea-44bc-afbf-69645da52f0a", -- Brg_ID : UNIQUE_ID
    "fb3760d2-2a3e-463f-bd24-66cd25fdba39", -- EE_ID : UNIQUE_ID
    'LogDate', -- Name : STRING
    '', -- Descrip : STRING
    0, -- Brg_Typ : INTEGER
    "ba5eda7a-def5-0000-0000-000000000000", -- DT_ID : UNIQUE_ID
    '', -- Action_Semantics_internal : STRING
    1, -- Suc_Pars : INTEGER
    '', -- Return_Dimensions : STRING
    0 -- Dialect : INTEGER
);
INSERT INTO S_BRG VALUES (
    "2dcf3e84-1208-4e7f-a70c-a54d15f1ce77", -- Brg_ID : UNIQUE_ID
    "fb3760d2-2a3e-463f-bd24-66cd25fdba39", -- EE_ID : UNIQUE_ID
    'LogFailure', -- Name : STRING
    '', -- Descrip : STRING
    0, -- Brg_Typ : INTEGER
    "ba5eda7a-def5-0000-0000-000000000000", -- DT_ID : UNIQUE_ID
    '', -- Action_Semantics_internal : STRING
    1, -- Suc_Pars : INTEGER
    '', -- Return_Dimensions : STRING
    0 -- Dialect : INTEGER
);
INSERT INTO S_BRG VALUES (
    "af615ef3-56dd-40b1-be6b-27e07023a829", -- Brg_ID : UNIQUE_ID
    "fb3760d2-2a3e-463f-bd24-66cd25fdba39", -- EE_ID : UNIQUE_ID
    'LogInfo', -- Name : STRING
    '', -- Descrip : STRING
    0, -- Brg_Typ : INTEGER
    "ba5eda7a-def5-0000-0000-000000000000", -- DT_ID : UNIQUE_ID
    '', -- Action_Semantics_internal : STRING
    1, -- Suc_Pars : INTEGER
    '', -- Return_Dimensions : STRING
    0 -- Dialect : INTEGER
);
INSERT INTO S_BRG VALUES (
    "474dc6f1-f8eb-4a43-8ae9-fd7ec3f494ce", -- Brg_ID : UNIQUE_ID
    "fb3760d2-2a3e-463f-bd24-66cd25fdba39", -- EE_ID : UNIQUE_ID
    'LogInteger', -- Name : STRING
    '', -- Descrip : STRING
    0, -- Brg_Typ : INTEGER
    "ba5eda7a-def5-0000-0000-000000000000", -- DT_ID : UNIQUE_ID
    '', -- Action_Semantics_internal : STRING
    0, -- Suc_Pars : INTEGER
    '', -- Return_Dimensions : STRING
    0 -- Dialect : INTEGER
);
INSERT INTO S_BRG VALUES (
    "a9e838fb-4772-4822-aee6-57f775da6967", -- Brg_ID : UNIQUE_ID
    "fb3760d2-2a3e-463f-bd24-66cd25fdba39", -- EE_ID : UNIQUE_ID
    'LogReal', -- Name : STRING
    '', -- Descrip : STRING
    0, -- Brg_Typ : INTEGER
    "ba5eda7a-def5-0000-0000-000000000000", -- DT_ID : UNIQUE_ID
    '', -- Action_Semantics_internal : STRING
    1, -- Suc_Pars : INTEGER
    '', -- Return_Dimensions : STRING
    0 -- Dialect : INTEGER
);
INSERT INTO S_BRG VALUES (
    "c56d3597-5a54-4d78-8914-2dc2594c2af4", -- Brg_ID : UNIQUE_ID
    "fb3760d2-2a3e-463f-bd24-66cd25fdba39", -- EE_ID : UNIQUE_ID
    'LogSuccess', -- Name : STRING
    '', -- Descrip : STRING
    0, -- Brg_Typ : INTEGER
    "ba5eda7a-def5-0000-0000-000000000000", -- DT_ID : UNIQUE_ID
    '', -- Action_Semantics_internal : STRING
    1, -- Suc_Pars : INTEGER
    '', -- Return_Dimensions : STRING
    0 -- Dialect : INTEGER
);
INSERT INTO S_BRG VALUES (
    "77300edb-b891-4e35-858b-9e8cb6437f19", -- Brg_ID : UNIQUE_ID
    "fb3760d2-2a3e-463f-bd24-66cd25fdba39", -- EE_ID : UNIQUE_ID
    'LogTime', -- Name : STRING
    '', -- Descrip : STRING
    0, -- Brg_Typ : INTEGER
    "ba5eda7a-def5-0000-0000-000000000000", -- DT_ID : UNIQUE_ID
    '', -- Action_Semantics_internal : STRING
    1, -- Suc_Pars : INTEGER
    '', -- Return_Dimensions : STRING
    0 -- Dialect : INTEGER
);
INSERT INTO S_BRG VALUES (
    "8a08e8b6-4de0-437f-968f-71d65464ceb7", -- Brg_ID : UNIQUE_ID
    "0cbe8000-b94e-43c0-a74e-b3d9f70bb59d", -- EE_ID : UNIQUE_ID
    'current_date', -- Name : STRING
    '', -- Descrip : STRING
    1, -- Brg_Typ : INTEGER
    "ba5eda7a-def5-0000-0000-00000000000e", -- DT_ID : UNIQUE_ID
    '', -- Action_Semantics_internal : STRING
    1, -- Suc_Pars : INTEGER
    '', -- Return_Dimensions : STRING
    0 -- Dialect : INTEGER
);
INSERT INTO S_BRG VALUES (
    "e6bddfad-112a-4e3d-983c-17cf660f6a1d", -- Brg_ID : UNIQUE_ID
    "0cbe8000-b94e-43c0-a74e-b3d9f70bb59d", -- EE_ID : UNIQUE_ID
    'create_date', -- Name : STRING
    '', -- Descrip : STRING
    1, -- Brg_Typ : INTEGER
    "ba5eda7a-def5-0000-0000-00000000000e", -- DT_ID : UNIQUE_ID
    '', -- Action_Semantics_internal : STRING
    1, -- Suc_Pars : INTEGER
    '', -- Return_Dimensions : STRING
    0 -- Dialect : INTEGER
);
INSERT INTO S_BRG VALUES (
    "38a0bf36-f1fa-46ff-9ac5-30980dbf9ba0", -- Brg_ID : UNIQUE_ID
    "0cbe8000-b94e-43c0-a74e-b3d9f70bb59d", -- EE_ID : UNIQUE_ID
    'get_second', -- Name : STRING
    '', -- Descrip : STRING
    1, -- Brg_Typ : INTEGER
    "ba5eda7a-def5-0000-0000-000000000002", -- DT_ID : UNIQUE_ID
    '', -- Action_Semantics_internal : STRING
    1, -- Suc_Pars : INTEGER
    '', -- Return_Dimensions : STRING
    0 -- Dialect : INTEGER
);
INSERT INTO S_BRG VALUES (
    "2052aeb8-71a4-49e3-864d-b678d3906bed", -- Brg_ID : UNIQUE_ID
    "0cbe8000-b94e-43c0-a74e-b3d9f70bb59d", -- EE_ID : UNIQUE_ID
    'get_minute', -- Name : STRING
    '', -- Descrip : STRING
    1, -- Brg_Typ : INTEGER
    "ba5eda7a-def5-0000-0000-000000000002", -- DT_ID : UNIQUE_ID
    '', -- Action_Semantics_internal : STRING
    1, -- Suc_Pars : INTEGER
    '', -- Return_Dimensions : STRING
    0 -- Dialect : INTEGER
);
INSERT INTO S_BRG VALUES (
    "ffe9b4a1-cf2d-46b7-9789-be3f258319ec", -- Brg_ID : UNIQUE_ID
    "0cbe8000-b94e-43c0-a74e-b3d9f70bb59d", -- EE_ID : UNIQUE_ID
    'get_hour', -- Name : STRING
    '', -- Descrip : STRING
    1, -- Brg_Typ : INTEGER
    "ba5eda7a-def5-0000-0000-000000000002", -- DT_ID : UNIQUE_ID
    '', -- Action_Semantics_internal : STRING
    1, -- Suc_Pars : INTEGER
    '', -- Return_Dimensions : STRING
    0 -- Dialect : INTEGER
);
INSERT INTO S_BRG VALUES (
    "cccf7316-ec6f-4823-ade0-eaab3e2435fc", -- Brg_ID : UNIQUE_ID
    "0cbe8000-b94e-43c0-a74e-b3d9f70bb59d", -- EE_ID : UNIQUE_ID
    'get_day', -- Name : STRING
    '', -- Descrip : STRING
    1, -- Brg_Typ : INTEGER
    "ba5eda7a-def5-0000-0000-000000000002", -- DT_ID : UNIQUE_ID
    '', -- Action_Semantics_internal : STRING
    1, -- Suc_Pars : INTEGER
    '', -- Return_Dimensions : STRING
    0 -- Dialect : INTEGER
);
INSERT INTO S_BRG VALUES (
    "e4d7890a-c0ba-4e92-bb75-a89f7a1deb89", -- Brg_ID : UNIQUE_ID
    "0cbe8000-b94e-43c0-a74e-b3d9f70bb59d", -- EE_ID : UNIQUE_ID
    'get_month', -- Name : STRING
    '', -- Descrip : STRING
    1, -- Brg_Typ : INTEGER
    "ba5eda7a-def5-0000-0000-000000000002", -- DT_ID : UNIQUE_ID
    '', -- Action_Semantics_internal : STRING
    1, -- Suc_Pars : INTEGER
    '', -- Return_Dimensions : STRING
    0 -- Dialect : INTEGER
);
INSERT INTO S_BRG VALUES (
    "cd04774e-daca-4924-8bf8-26acb2101a9a", -- Brg_ID : UNIQUE_ID
    "0cbe8000-b94e-43c0-a74e-b3d9f70bb59d", -- EE_ID : UNIQUE_ID
    'get_year', -- Name : STRING
    '', -- Descrip : STRING
    1, -- Brg_Typ : INTEGER
    "ba5eda7a-def5-0000-0000-000000000002", -- DT_ID : UNIQUE_ID
    '', -- Action_Semantics_internal : STRING
    1, -- Suc_Pars : INTEGER
    '', -- Return_Dimensions : STRING
    0 -- Dialect : INTEGER
);
INSERT INTO S_BRG VALUES (
    "f3a7f92c-3c6b-4d36-8f32-849ae8fce50a", -- Brg_ID : UNIQUE_ID
    "0cbe8000-b94e-43c0-a74e-b3d9f70bb59d", -- EE_ID : UNIQUE_ID
    'current_clock', -- Name : STRING
    '', -- Descrip : STRING
    1, -- Brg_Typ : INTEGER
    "ba5eda7a-def5-0000-0000-000000000010", -- DT_ID : UNIQUE_ID
    '', -- Action_Semantics_internal : STRING
    1, -- Suc_Pars : INTEGER
    '', -- Return_Dimensions : STRING
    0 -- Dialect : INTEGER
);
INSERT INTO S_BRG VALUES (
    "0b4c485f-017d-40b6-9a7e-57fda5776da4", -- Brg_ID : UNIQUE_ID
    "0cbe8000-b94e-43c0-a74e-b3d9f70bb59d", -- EE_ID : UNIQUE_ID
    'timer_start', -- Name : STRING
    'This bridge operation starts a timer set to expire in the specified number of
microseconds, generating the passed event upon expiration. Returns the instance
handle of the timer.', -- Descrip : STRING
    1, -- Brg_Typ : INTEGER
    "ba5eda7a-def5-0000-0000-00000000000f", -- DT_ID : UNIQUE_ID
    '', -- Action_Semantics_internal : STRING
    1, -- Suc_Pars : INTEGER
    '', -- Return_Dimensions : STRING
    0 -- Dialect : INTEGER
);
INSERT INTO S_BRG VALUES (
    "16322409-ab18-4a8a-8189-42924b6ad4c7", -- Brg_ID : UNIQUE_ID
    "0cbe8000-b94e-43c0-a74e-b3d9f70bb59d", -- EE_ID : UNIQUE_ID
    'timer_start_recurring', -- Name : STRING
    'This bridge operation starts a timer set to expire in the specified number of
microseconds, generating the passed event upon expiration. Upon expiration, the
timer will be restarted and fire again in the specified number of microseconds
generating the passed event. This bridge operation returns the instance handle
of the timer.', -- Descrip : STRING
    1, -- Brg_Typ : INTEGER
    "ba5eda7a-def5-0000-0000-00000000000f", -- DT_ID : UNIQUE_ID
    '', -- Action_Semantics_internal : STRING
    1, -- Suc_Pars : INTEGER
    '', -- Return_Dimensions : STRING
    0 -- Dialect : INTEGER
);
INSERT INTO S_BRG VALUES (
    "724d498a-672c-4565-ade3-ad23463f9c4e", -- Brg_ID : UNIQUE_ID
    "0cbe8000-b94e-43c0-a74e-b3d9f70bb59d", -- EE_ID : UNIQUE_ID
    'timer_remaining_time', -- Name : STRING
    'Returns the time remaining (in microseconds) for the passed timer instance. If
the timer has expired, a zero value is returned.', -- Descrip : STRING
    1, -- Brg_Typ : INTEGER
    "ba5eda7a-def5-0000-0000-000000000002", -- DT_ID : UNIQUE_ID
    '', -- Action_Semantics_internal : STRING
    1, -- Suc_Pars : INTEGER
    '', -- Return_Dimensions : STRING
    0 -- Dialect : INTEGER
);
INSERT INTO S_BRG VALUES (
    "587a5601-85c2-4712-9523-edb532578dab", -- Brg_ID : UNIQUE_ID
    "0cbe8000-b94e-43c0-a74e-b3d9f70bb59d", -- EE_ID : UNIQUE_ID
    'timer_reset_time', -- Name : STRING
    'This bridge operation attempts to set the passed existing timer to expire in
the specified number of microseconds. If the timer exists (that is, it has not
expired), a TRUE value is returned. If the timer no longer exists, a FALSE value
is returned.', -- Descrip : STRING
    1, -- Brg_Typ : INTEGER
    "ba5eda7a-def5-0000-0000-000000000001", -- DT_ID : UNIQUE_ID
    '', -- Action_Semantics_internal : STRING
    1, -- Suc_Pars : INTEGER
    '', -- Return_Dimensions : STRING
    0 -- Dialect : INTEGER
);
INSERT INTO S_BRG VALUES (
    "a160d621-7f28-44ee-b4d9-59b10ef2e404", -- Brg_ID : UNIQUE_ID
    "0cbe8000-b94e-43c0-a74e-b3d9f70bb59d", -- EE_ID : UNIQUE_ID
    'timer_add_time', -- Name : STRING
    'This bridge operation attempts to add the specified number of microseconds to a
passed existing timer. If the timer exists (that is, it has not expired), a TRUE
value is returned. If the timer no longer exists, a FALSE value is returned.', -- Descrip : STRING
    1, -- Brg_Typ : INTEGER
    "ba5eda7a-def5-0000-0000-000000000001", -- DT_ID : UNIQUE_ID
    '', -- Action_Semantics_internal : STRING
    1, -- Suc_Pars : INTEGER
    '', -- Return_Dimensions : STRING
    0 -- Dialect : INTEGER
);
INSERT INTO S_BRG VALUES (
    "b2f303f5-6e95-4731-a762-be0c0eb02ca7", -- Brg_ID : UNIQUE_ID
    "0cbe8000-b94e-43c0-a74e-b3d9f70bb59d", -- EE_ID : UNIQUE_ID
    'timer_cancel', -- Name : STRING
    'This bridge operation cancels and deletes the passed timer instance. If the
timer exists (that is, it had not expired), a TRUE value is returned. If the
timer no longer exists, a FALSE value is returned.', -- Descrip : STRING
    1, -- Brg_Typ : INTEGER
    "ba5eda7a-def5-0000-0000-000000000001", -- DT_ID : UNIQUE_ID
    '', -- Action_Semantics_internal : STRING
    1, -- Suc_Pars : INTEGER
    '', -- Return_Dimensions : STRING
    0 -- Dialect : INTEGER
);
INSERT INTO S_BRG VALUES (
    "4c84eeef-580a-44c0-99a3-07b6a73452d7", -- Brg_ID : UNIQUE_ID
    "2c85491d-6998-469c-bc26-d447450f7f85", -- EE_ID : UNIQUE_ID
    'register_flag', -- Name : STRING
    'Registers a command line option that may or may not be present. This option may not take a value.
  name: The name of the option. Values must be composed of uper and lowercase letters only.
  usage: Usage text to be displayed to the user.
  
Produces an error if:
  - The provided option name is invalid
  - The proivided option name has already been registered
  - It is invoked after ''read_command_line'' has been invoked', -- Descrip : STRING
    0, -- Brg_Typ : INTEGER
    "ba5eda7a-def5-0000-0000-000000000000", -- DT_ID : UNIQUE_ID
    '', -- Action_Semantics_internal : STRING
    1, -- Suc_Pars : INTEGER
    '', -- Return_Dimensions : STRING
    0 -- Dialect : INTEGER
);
INSERT INTO S_BRG VALUES (
    "552205ca-aa70-45be-9f6c-fed75e322243", -- Brg_ID : UNIQUE_ID
    "2c85491d-6998-469c-bc26-d447450f7f85", -- EE_ID : UNIQUE_ID
    'register_value', -- Name : STRING
    'Registers a command line option that is accompanied by a value.
  name: The name of the option. Values must be composed of uper and lowercase letters only.
  value_name: The name of the value to be printed in the usage information.
  usage: Usage text to be displayed to the user.
  default: The value to return if the option is not present.
  
Produces an error if:
  - The provided option name is invalid
  - The proivided option name has already been registered
  - It is invoked after ''read_command_line'' has been invoked', -- Descrip : STRING
    0, -- Brg_Typ : INTEGER
    "ba5eda7a-def5-0000-0000-000000000000", -- DT_ID : UNIQUE_ID
    '', -- Action_Semantics_internal : STRING
    1, -- Suc_Pars : INTEGER
    '', -- Return_Dimensions : STRING
    0 -- Dialect : INTEGER
);
INSERT INTO S_BRG VALUES (
    "e14dac49-6263-450c-a836-b0d18eb918ce", -- Brg_ID : UNIQUE_ID
    "2c85491d-6998-469c-bc26-d447450f7f85", -- EE_ID : UNIQUE_ID
    'get_flag', -- Name : STRING
    'Return true if the option is present.
  
Produces an error if:
  - The provided option name is invalid
  - The provided option name has not been registered
  - The provided option name has been registered as a value
  - It is invoked before ''read_command_line'' has been invoked', -- Descrip : STRING
    0, -- Brg_Typ : INTEGER
    "ba5eda7a-def5-0000-0000-000000000001", -- DT_ID : UNIQUE_ID
    '', -- Action_Semantics_internal : STRING
    1, -- Suc_Pars : INTEGER
    '', -- Return_Dimensions : STRING
    0 -- Dialect : INTEGER
);
INSERT INTO S_BRG VALUES (
    "48b8f9dc-e8f2-41f2-9b8e-d6b671643328", -- Brg_ID : UNIQUE_ID
    "2c85491d-6998-469c-bc26-d447450f7f85", -- EE_ID : UNIQUE_ID
    'get_value', -- Name : STRING
    'Get the value of a registered option.
  
Produces an error if:
  - The provided option name is invalid
  - The provided option name has not been registered
  - The provided option name has been registered as a flag
  - It is invoked before ''read_command_line'' has been invoked', -- Descrip : STRING
    0, -- Brg_Typ : INTEGER
    "ba5eda7a-def5-0000-0000-000000000004", -- DT_ID : UNIQUE_ID
    '', -- Action_Semantics_internal : STRING
    1, -- Suc_Pars : INTEGER
    '', -- Return_Dimensions : STRING
    0 -- Dialect : INTEGER
);
INSERT INTO S_BRG VALUES (
    "029dc98c-3010-43ac-9592-e46b263472fe", -- Brg_ID : UNIQUE_ID
    "2c85491d-6998-469c-bc26-d447450f7f85", -- EE_ID : UNIQUE_ID
    'read_command_line', -- Name : STRING
    'Parses the command line arguments and validates them based on the registered
options. This produces an error if it is called twice.', -- Descrip : STRING
    0, -- Brg_Typ : INTEGER
    "ba5eda7a-def5-0000-0000-000000000000", -- DT_ID : UNIQUE_ID
    '', -- Action_Semantics_internal : STRING
    1, -- Suc_Pars : INTEGER
    '', -- Return_Dimensions : STRING
    0 -- Dialect : INTEGER
);
INSERT INTO S_BRG VALUES (
    "1f23e627-377e-4168-a4a2-bda0a5ec42eb", -- Brg_ID : UNIQUE_ID
    "33d21480-69a2-4ed7-9fd6-4b0d734cf2a9", -- EE_ID : UNIQUE_ID
    'itoa', -- Name : STRING
    '', -- Descrip : STRING
    0, -- Brg_Typ : INTEGER
    "ba5eda7a-def5-0000-0000-000000000004", -- DT_ID : UNIQUE_ID
    'mapping[9]="9"; mapping[8]="8"; mapping[7]="7"; mapping[6]="6"; mapping[5]="5";
mapping[4]="4"; mapping[3]="3"; mapping[2]="2"; mapping[1]="1"; mapping[0]="0";

i = param.i; s = "";
while ( i >= 1 )
  d = i % 10;
  i = i / 10;
  s = mapping[ d ] + s;
end while;

return s;', -- Action_Semantics_internal : STRING
    1, -- Suc_Pars : INTEGER
    '', -- Return_Dimensions : STRING
    0 -- Dialect : INTEGER
);
INSERT INTO S_BRG VALUES (
    "5f3c759c-6b7b-4ee8-8e47-370fb4a90427", -- Brg_ID : UNIQUE_ID
    "33d21480-69a2-4ed7-9fd6-4b0d734cf2a9", -- EE_ID : UNIQUE_ID
    'atoi', -- Name : STRING
    '', -- Descrip : STRING
    0, -- Brg_Typ : INTEGER
    "ba5eda7a-def5-0000-0000-000000000002", -- DT_ID : UNIQUE_ID
    'return 0;', -- Action_Semantics_internal : STRING
    1, -- Suc_Pars : INTEGER
    '', -- Return_Dimensions : STRING
    0 -- Dialect : INTEGER
);
INSERT INTO S_BRG VALUES (
    "89d596ad-2792-4523-b93e-7f73d50eaa81", -- Brg_ID : UNIQUE_ID
    "33d21480-69a2-4ed7-9fd6-4b0d734cf2a9", -- EE_ID : UNIQUE_ID
    'substr', -- Name : STRING
    'returns a substring of the given string s starting at the index begin and ending at the index end - 1.
if begin < 0, returns a substring starting at the beginning of s
if begin > the length of s - 1, returns an empty string
if end < 0 or > the length of s, returns a substring starting at begin to the end of s
if end <= begin, returns empty string

usage examples:
foo = substr( s:"Hello, World!", 4, 8 );	// foo == "o, Wo"
bar = substr( s:"Hello, World!", 2, -1 );	// bar == "llo, World!"', -- Descrip : STRING
    0, -- Brg_Typ : INTEGER
    "ba5eda7a-def5-0000-0000-000000000004", -- DT_ID : UNIQUE_ID
    '', -- Action_Semantics_internal : STRING
    1, -- Suc_Pars : INTEGER
    '', -- Return_Dimensions : STRING
    0 -- Dialect : INTEGER
);
INSERT INTO S_BRG VALUES (
    "ffa333ae-485c-4095-8a9f-2ea460bbb53f", -- Brg_ID : UNIQUE_ID
    "33d21480-69a2-4ed7-9fd6-4b0d734cf2a9", -- EE_ID : UNIQUE_ID
    'strlen', -- Name : STRING
    '', -- Descrip : STRING
    0, -- Brg_Typ : INTEGER
    "ba5eda7a-def5-0000-0000-000000000002", -- DT_ID : UNIQUE_ID
    '', -- Action_Semantics_internal : STRING
    1, -- Suc_Pars : INTEGER
    '', -- Return_Dimensions : STRING
    0 -- Dialect : INTEGER
);
INSERT INTO S_BRG VALUES (
    "7336eafe-bf7f-45cf-a139-f0fa44c5400e", -- Brg_ID : UNIQUE_ID
    "33d21480-69a2-4ed7-9fd6-4b0d734cf2a9", -- EE_ID : UNIQUE_ID
    'indexof', -- Name : STRING
    'Returns the index of the first occurence of needle in haystack. Returns -1 if no match is found.', -- Descrip : STRING
    0, -- Brg_Typ : INTEGER
    "ba5eda7a-def5-0000-0000-000000000002", -- DT_ID : UNIQUE_ID
    '', -- Action_Semantics_internal : STRING
    1, -- Suc_Pars : INTEGER
    '', -- Return_Dimensions : STRING
    0 -- Dialect : INTEGER
);
INSERT INTO S_BRG VALUES (
    "d62c634b-74cc-4271-879d-bb16f8243125", -- Brg_ID : UNIQUE_ID
    "33d21480-69a2-4ed7-9fd6-4b0d734cf2a9", -- EE_ID : UNIQUE_ID
    'trim', -- Name : STRING
    'Returns the input string with whitespace ( '' '', ''\r'', ''\t'', and ''\n'' ) trimmed from the beginning
and the end of the string. If the input string is only whitespace, empty string is returned', -- Descrip : STRING
    0, -- Brg_Typ : INTEGER
    "ba5eda7a-def5-0000-0000-000000000004", -- DT_ID : UNIQUE_ID
    '', -- Action_Semantics_internal : STRING
    1, -- Suc_Pars : INTEGER
    '', -- Return_Dimensions : STRING
    0 -- Dialect : INTEGER
);
INSERT INTO S_BRG VALUES (
    "bdfbe284-fdf5-4d84-b868-24a4494b1eed", -- Brg_ID : UNIQUE_ID
    "33d21480-69a2-4ed7-9fd6-4b0d734cf2a9", -- EE_ID : UNIQUE_ID
    'quote', -- Name : STRING
    'Returns a literal double quote character as a string', -- Descrip : STRING
    0, -- Brg_Typ : INTEGER
    "ba5eda7a-def5-0000-0000-000000000004", -- DT_ID : UNIQUE_ID
    '', -- Action_Semantics_internal : STRING
    1, -- Suc_Pars : INTEGER
    '', -- Return_Dimensions : STRING
    0 -- Dialect : INTEGER
);
INSERT INTO S_BRG VALUES (
    "98d84f3d-005b-4259-a245-635911bfd6d9", -- Brg_ID : UNIQUE_ID
    "33d21480-69a2-4ed7-9fd6-4b0d734cf2a9", -- EE_ID : UNIQUE_ID
    'escapetics', -- Name : STRING
    'replaces all instances of '' with '''' to escape the tics for SQL. Assumes that the result will still fit in the max
string', -- Descrip : STRING
    0, -- Brg_Typ : INTEGER
    "ba5eda7a-def5-0000-0000-000000000004", -- DT_ID : UNIQUE_ID
    '', -- Action_Semantics_internal : STRING
    1, -- Suc_Pars : INTEGER
    '', -- Return_Dimensions : STRING
    0 -- Dialect : INTEGER
);
INSERT INTO S_BRG VALUES (
    "2d05e784-4e68-4ad9-b373-5583b0c79497", -- Brg_ID : UNIQUE_ID
    "33d21480-69a2-4ed7-9fd6-4b0d734cf2a9", -- EE_ID : UNIQUE_ID
    'unescapetics', -- Name : STRING
    'replaces all instances of '''' with '' to un-escape the tics for SQL', -- Descrip : STRING
    0, -- Brg_Typ : INTEGER
    "ba5eda7a-def5-0000-0000-000000000004", -- DT_ID : UNIQUE_ID
    '', -- Action_Semantics_internal : STRING
    1, -- Suc_Pars : INTEGER
    '', -- Return_Dimensions : STRING
    0 -- Dialect : INTEGER
);
INSERT INTO S_BRG VALUES (
    "7b593108-9200-42f0-86c7-49dfd1e5d704", -- Brg_ID : UNIQUE_ID
    "445e6cf8-2b35-4c6d-b9ff-1db8125259dc", -- EE_ID : UNIQUE_ID
    'sqrt', -- Name : STRING
    '', -- Descrip : STRING
    0, -- Brg_Typ : INTEGER
    "ba5eda7a-def5-0000-0000-000000000003", -- DT_ID : UNIQUE_ID
    '', -- Action_Semantics_internal : STRING
    1, -- Suc_Pars : INTEGER
    '', -- Return_Dimensions : STRING
    0 -- Dialect : INTEGER
);
INSERT INTO S_BRG VALUES (
    "c1f05ae4-a5cb-40a3-a774-d2cddaff579b", -- Brg_ID : UNIQUE_ID
    "c9877e9a-7dfe-4912-b126-3e0d533cabd5", -- EE_ID : UNIQUE_ID
    'ascending', -- Name : STRING
    '', -- Descrip : STRING
    0, -- Brg_Typ : INTEGER
    "ba5eda7a-def5-0000-0000-000000000001", -- DT_ID : UNIQUE_ID
    'return true;', -- Action_Semantics_internal : STRING
    1, -- Suc_Pars : INTEGER
    '', -- Return_Dimensions : STRING
    0 -- Dialect : INTEGER
);
INSERT INTO S_BRG VALUES (
    "cc2b571f-54b2-4585-86b3-d879d5e34b3d", -- Brg_ID : UNIQUE_ID
    "c9877e9a-7dfe-4912-b126-3e0d533cabd5", -- EE_ID : UNIQUE_ID
    'descending', -- Name : STRING
    '', -- Descrip : STRING
    0, -- Brg_Typ : INTEGER
    "ba5eda7a-def5-0000-0000-000000000001", -- DT_ID : UNIQUE_ID
    'return true;', -- Action_Semantics_internal : STRING
    1, -- Suc_Pars : INTEGER
    '', -- Return_Dimensions : STRING
    0 -- Dialect : INTEGER
);
INSERT INTO S_BRG VALUES (
    "3c5d78ee-496c-451e-bcc7-ad0d222c0e32", -- Brg_ID : UNIQUE_ID
    "4525dfcd-89bc-4810-bceb-c727b8c25e05", -- EE_ID : UNIQUE_ID
    'load', -- Name : STRING
    '', -- Descrip : STRING
    0, -- Brg_Typ : INTEGER
    "ba5eda7a-def5-0000-0000-000000000000", -- DT_ID : UNIQUE_ID
    '', -- Action_Semantics_internal : STRING
    1, -- Suc_Pars : INTEGER
    '', -- Return_Dimensions : STRING
    0 -- Dialect : INTEGER
);
INSERT INTO S_BRG VALUES (
    "e4340945-3812-4aa8-bc9b-e374d680118b", -- Brg_ID : UNIQUE_ID
    "4525dfcd-89bc-4810-bceb-c727b8c25e05", -- EE_ID : UNIQUE_ID
    'create', -- Name : STRING
    '', -- Descrip : STRING
    0, -- Brg_Typ : INTEGER
    "ba5eda7a-def5-0000-0000-000000000008", -- DT_ID : UNIQUE_ID
    '', -- Action_Semantics_internal : STRING
    1, -- Suc_Pars : INTEGER
    '', -- Return_Dimensions : STRING
    0 -- Dialect : INTEGER
);
INSERT INTO S_BRG VALUES (
    "5a5d5ceb-29f0-4209-aeba-150fb07052b7", -- Brg_ID : UNIQUE_ID
    "4525dfcd-89bc-4810-bceb-c727b8c25e05", -- EE_ID : UNIQUE_ID
    'set_attribute', -- Name : STRING
    '', -- Descrip : STRING
    0, -- Brg_Typ : INTEGER
    "ba5eda7a-def5-0000-0000-000000000000", -- DT_ID : UNIQUE_ID
    '', -- Action_Semantics_internal : STRING
    1, -- Suc_Pars : INTEGER
    '', -- Return_Dimensions : STRING
    0 -- Dialect : INTEGER
);
INSERT INTO S_BRG VALUES (
    "5dddfeb2-1f14-4aa5-ad63-8a909e0dec8c", -- Brg_ID : UNIQUE_ID
    "4525dfcd-89bc-4810-bceb-c727b8c25e05", -- EE_ID : UNIQUE_ID
    'relate', -- Name : STRING
    '', -- Descrip : STRING
    0, -- Brg_Typ : INTEGER
    "ba5eda7a-def5-0000-0000-000000000000", -- DT_ID : UNIQUE_ID
    '', -- Action_Semantics_internal : STRING
    1, -- Suc_Pars : INTEGER
    '', -- Return_Dimensions : STRING
    0 -- Dialect : INTEGER
);
INSERT INTO S_BRG VALUES (
    "4d455ec0-5a4f-467f-bd96-0eda52082970", -- Brg_ID : UNIQUE_ID
    "4525dfcd-89bc-4810-bceb-c727b8c25e05", -- EE_ID : UNIQUE_ID
    'relate_using', -- Name : STRING
    '', -- Descrip : STRING
    0, -- Brg_Typ : INTEGER
    "ba5eda7a-def5-0000-0000-000000000000", -- DT_ID : UNIQUE_ID
    '', -- Action_Semantics_internal : STRING
    1, -- Suc_Pars : INTEGER
    '', -- Return_Dimensions : STRING
    0 -- Dialect : INTEGER
);
INSERT INTO S_BRG VALUES (
    "b890cabd-de2c-4828-a8a5-d955fb7d67c4", -- Brg_ID : UNIQUE_ID
    "4525dfcd-89bc-4810-bceb-c727b8c25e05", -- EE_ID : UNIQUE_ID
    'call_function', -- Name : STRING
    '', -- Descrip : STRING
    0, -- Brg_Typ : INTEGER
    "ba5eda7a-def5-0000-0000-000000000008", -- DT_ID : UNIQUE_ID
    '', -- Action_Semantics_internal : STRING
    1, -- Suc_Pars : INTEGER
    '', -- Return_Dimensions : STRING
    0 -- Dialect : INTEGER
);
INSERT INTO S_BRG VALUES (
    "41ba132d-a1d1-4191-a09b-2557dff31e03", -- Brg_ID : UNIQUE_ID
    "3c9187e2-faac-4b05-986d-04c751e1632b", -- EE_ID : UNIQUE_ID
    'load_file', -- Name : STRING
    '', -- Descrip : STRING
    0, -- Brg_Typ : INTEGER
    "ba5eda7a-def5-0000-0000-000000000000", -- DT_ID : UNIQUE_ID
    '', -- Action_Semantics_internal : STRING
    1, -- Suc_Pars : INTEGER
    '', -- Return_Dimensions : STRING
    0 -- Dialect : INTEGER
);
INSERT INTO S_BRG VALUES (
    "9c9ff561-0230-49c6-93a0-97e6e806f171", -- Brg_ID : UNIQUE_ID
    "3c9187e2-faac-4b05-986d-04c751e1632b", -- EE_ID : UNIQUE_ID
    'serialize_file', -- Name : STRING
    '', -- Descrip : STRING
    0, -- Brg_Typ : INTEGER
    "ba5eda7a-def5-0000-0000-000000000000", -- DT_ID : UNIQUE_ID
    '', -- Action_Semantics_internal : STRING
    1, -- Suc_Pars : INTEGER
    '', -- Return_Dimensions : STRING
    0 -- Dialect : INTEGER
);
INSERT INTO S_BRG VALUES (
    "40eaec44-eb8d-4cae-959a-880b94c28c05", -- Brg_ID : UNIQUE_ID
    "3c9187e2-faac-4b05-986d-04c751e1632b", -- EE_ID : UNIQUE_ID
    'load', -- Name : STRING
    '', -- Descrip : STRING
    0, -- Brg_Typ : INTEGER
    "ba5eda7a-def5-0000-0000-000000000000", -- DT_ID : UNIQUE_ID
    '', -- Action_Semantics_internal : STRING
    1, -- Suc_Pars : INTEGER
    '', -- Return_Dimensions : STRING
    0 -- Dialect : INTEGER
);
INSERT INTO S_BRG VALUES (
    "a024f801-c9ad-4451-9c66-573aa528f182", -- Brg_ID : UNIQUE_ID
    "3c9187e2-faac-4b05-986d-04c751e1632b", -- EE_ID : UNIQUE_ID
    'serialize', -- Name : STRING
    '', -- Descrip : STRING
    0, -- Brg_Typ : INTEGER
    "ba5eda7a-def5-0000-0000-000000000000", -- DT_ID : UNIQUE_ID
    '', -- Action_Semantics_internal : STRING
    1, -- Suc_Pars : INTEGER
    '', -- Return_Dimensions : STRING
    0 -- Dialect : INTEGER
);
INSERT INTO S_BRG VALUES (
    "a83f64fc-8677-4fde-aa38-99aab40c8d1a", -- Brg_ID : UNIQUE_ID
    "d6db4b3d-c6a5-400a-92b9-6a391237afbb", -- EE_ID : UNIQUE_ID
    'body', -- Name : STRING
    '', -- Descrip : STRING
    0, -- Brg_Typ : INTEGER
    "ba5eda7a-def5-0000-0000-000000000004", -- DT_ID : UNIQUE_ID
    '', -- Action_Semantics_internal : STRING
    1, -- Suc_Pars : INTEGER
    '', -- Return_Dimensions : STRING
    0 -- Dialect : INTEGER
);
INSERT INTO S_BRG VALUES (
    "025ceff5-1023-427c-bbb0-750a3f4e97dc", -- Brg_ID : UNIQUE_ID
    "d6db4b3d-c6a5-400a-92b9-6a391237afbb", -- EE_ID : UNIQUE_ID
    'clear', -- Name : STRING
    '', -- Descrip : STRING
    0, -- Brg_Typ : INTEGER
    "ba5eda7a-def5-0000-0000-000000000000", -- DT_ID : UNIQUE_ID
    '', -- Action_Semantics_internal : STRING
    1, -- Suc_Pars : INTEGER
    '', -- Return_Dimensions : STRING
    0 -- Dialect : INTEGER
);
INSERT INTO S_BRG VALUES (
    "f7a1de23-2e31-4e8a-988b-ace95920d6c0", -- Brg_ID : UNIQUE_ID
    "d6db4b3d-c6a5-400a-92b9-6a391237afbb", -- EE_ID : UNIQUE_ID
    'append', -- Name : STRING
    '', -- Descrip : STRING
    0, -- Brg_Typ : INTEGER
    "ba5eda7a-def5-0000-0000-000000000000", -- DT_ID : UNIQUE_ID
    '', -- Action_Semantics_internal : STRING
    1, -- Suc_Pars : INTEGER
    '', -- Return_Dimensions : STRING
    0 -- Dialect : INTEGER
);
INSERT INTO S_BRG VALUES (
    "56d78985-bd88-4f57-97f5-3a8479d36a75", -- Brg_ID : UNIQUE_ID
    "d6db4b3d-c6a5-400a-92b9-6a391237afbb", -- EE_ID : UNIQUE_ID
    'include', -- Name : STRING
    '', -- Descrip : STRING
    0, -- Brg_Typ : INTEGER
    "ba5eda7a-def5-0000-0000-000000000000", -- DT_ID : UNIQUE_ID
    '', -- Action_Semantics_internal : STRING
    1, -- Suc_Pars : INTEGER
    '', -- Return_Dimensions : STRING
    0 -- Dialect : INTEGER
);
INSERT INTO S_BRG VALUES (
    "ad4f1248-1786-4a6c-9f24-575f1b7d5401", -- Brg_ID : UNIQUE_ID
    "d6db4b3d-c6a5-400a-92b9-6a391237afbb", -- EE_ID : UNIQUE_ID
    'emit', -- Name : STRING
    '', -- Descrip : STRING
    0, -- Brg_Typ : INTEGER
    "ba5eda7a-def5-0000-0000-000000000000", -- DT_ID : UNIQUE_ID
    '', -- Action_Semantics_internal : STRING
    1, -- Suc_Pars : INTEGER
    '', -- Return_Dimensions : STRING
    0 -- Dialect : INTEGER
);
INSERT INTO S_BRG VALUES (
    "387a0ac8-5355-48ef-a355-2676c1a68ecb", -- Brg_ID : UNIQUE_ID
    "d6db4b3d-c6a5-400a-92b9-6a391237afbb", -- EE_ID : UNIQUE_ID
    'sub', -- Name : STRING
    '', -- Descrip : STRING
    0, -- Brg_Typ : INTEGER
    "ba5eda7a-def5-0000-0000-000000000004", -- DT_ID : UNIQUE_ID
    '', -- Action_Semantics_internal : STRING
    1, -- Suc_Pars : INTEGER
    '', -- Return_Dimensions : STRING
    0 -- Dialect : INTEGER
);
INSERT INTO S_BRG VALUES (
    "a4310342-37b4-4aa7-825b-a056e08718c5", -- Brg_ID : UNIQUE_ID
    "d6db4b3d-c6a5-400a-92b9-6a391237afbb", -- EE_ID : UNIQUE_ID
    'set_output_directory', -- Name : STRING
    '', -- Descrip : STRING
    0, -- Brg_Typ : INTEGER
    "ba5eda7a-def5-0000-0000-000000000000", -- DT_ID : UNIQUE_ID
    '', -- Action_Semantics_internal : STRING
    1, -- Suc_Pars : INTEGER
    '', -- Return_Dimensions : STRING
    0 -- Dialect : INTEGER
);
INSERT INTO S_BRG VALUES (
    "3f74c1fa-616b-4b2a-aa3b-491d0b671973", -- Brg_ID : UNIQUE_ID
    "d6db4b3d-c6a5-400a-92b9-6a391237afbb", -- EE_ID : UNIQUE_ID
    'push_buffer', -- Name : STRING
    '', -- Descrip : STRING
    0, -- Brg_Typ : INTEGER
    "ba5eda7a-def5-0000-0000-000000000000", -- DT_ID : UNIQUE_ID
    '', -- Action_Semantics_internal : STRING
    1, -- Suc_Pars : INTEGER
    '', -- Return_Dimensions : STRING
    0 -- Dialect : INTEGER
);
INSERT INTO S_BRG VALUES (
    "62c9655c-04ce-4730-add9-3f1212865a27", -- Brg_ID : UNIQUE_ID
    "d6db4b3d-c6a5-400a-92b9-6a391237afbb", -- EE_ID : UNIQUE_ID
    'pop_buffer', -- Name : STRING
    '', -- Descrip : STRING
    0, -- Brg_Typ : INTEGER
    "ba5eda7a-def5-0000-0000-000000000000", -- DT_ID : UNIQUE_ID
    '', -- Action_Semantics_internal : STRING
    1, -- Suc_Pars : INTEGER
    '', -- Return_Dimensions : STRING
    0 -- Dialect : INTEGER
);
INSERT INTO S_BRG VALUES (
    "c7c7b56a-16b4-47d8-a682-c148ba0ff869", -- Brg_ID : UNIQUE_ID
    "c03ccce5-cb73-48ca-b676-b00270c95839", -- EE_ID : UNIQUE_ID
    'load', -- Name : STRING
    '', -- Descrip : STRING
    0, -- Brg_Typ : INTEGER
    "ba5eda7a-def5-0000-0000-000000000000", -- DT_ID : UNIQUE_ID
    '', -- Action_Semantics_internal : STRING
    1, -- Suc_Pars : INTEGER
    '', -- Return_Dimensions : STRING
    0 -- Dialect : INTEGER
);
INSERT INTO S_BRG VALUES (
    "bdc9cf61-1955-40c9-9744-9b3004874cc6", -- Brg_ID : UNIQUE_ID
    "c03ccce5-cb73-48ca-b676-b00270c95839", -- EE_ID : UNIQUE_ID
    'serialize', -- Name : STRING
    '', -- Descrip : STRING
    0, -- Brg_Typ : INTEGER
    "ba5eda7a-def5-0000-0000-000000000000", -- DT_ID : UNIQUE_ID
    '', -- Action_Semantics_internal : STRING
    1, -- Suc_Pars : INTEGER
    '', -- Return_Dimensions : STRING
    0 -- Dialect : INTEGER
);
INSERT INTO S_BRG VALUES (
    "5bd13bba-debc-4b14-b39f-b6d284c5b08d", -- Brg_ID : UNIQUE_ID
    "c03ccce5-cb73-48ca-b676-b00270c95839", -- EE_ID : UNIQUE_ID
    'initialize', -- Name : STRING
    '', -- Descrip : STRING
    0, -- Brg_Typ : INTEGER
    "ba5eda7a-def5-0000-0000-000000000000", -- DT_ID : UNIQUE_ID
    '', -- Action_Semantics_internal : STRING
    1, -- Suc_Pars : INTEGER
    '', -- Return_Dimensions : STRING
    0 -- Dialect : INTEGER
);
INSERT INTO S_CDT VALUES (
    "ba5eda7a-def5-0000-0000-000000000000", -- DT_ID : UNIQUE_ID
    0 -- Core_Typ : INTEGER
);
INSERT INTO S_CDT VALUES (
    "ba5eda7a-def5-0000-0000-000000000001", -- DT_ID : UNIQUE_ID
    1 -- Core_Typ : INTEGER
);
INSERT INTO S_CDT VALUES (
    "ba5eda7a-def5-0000-0000-000000000002", -- DT_ID : UNIQUE_ID
    2 -- Core_Typ : INTEGER
);
INSERT INTO S_CDT VALUES (
    "ba5eda7a-def5-0000-0000-000000000003", -- DT_ID : UNIQUE_ID
    3 -- Core_Typ : INTEGER
);
INSERT INTO S_CDT VALUES (
    "ba5eda7a-def5-0000-0000-000000000004", -- DT_ID : UNIQUE_ID
    4 -- Core_Typ : INTEGER
);
INSERT INTO S_CDT VALUES (
    "ba5eda7a-def5-0000-0000-000000000005", -- DT_ID : UNIQUE_ID
    5 -- Core_Typ : INTEGER
);
INSERT INTO S_CDT VALUES (
    "ba5eda7a-def5-0000-0000-000000000006", -- DT_ID : UNIQUE_ID
    6 -- Core_Typ : INTEGER
);
INSERT INTO S_CDT VALUES (
    "ba5eda7a-def5-0000-0000-000000000007", -- DT_ID : UNIQUE_ID
    7 -- Core_Typ : INTEGER
);
INSERT INTO S_CDT VALUES (
    "ba5eda7a-def5-0000-0000-000000000008", -- DT_ID : UNIQUE_ID
    8 -- Core_Typ : INTEGER
);
INSERT INTO S_CDT VALUES (
    "ba5eda7a-def5-0000-0000-000000000009", -- DT_ID : UNIQUE_ID
    9 -- Core_Typ : INTEGER
);
INSERT INTO S_CDT VALUES (
    "ba5eda7a-def5-0000-0000-00000000000a", -- DT_ID : UNIQUE_ID
    10 -- Core_Typ : INTEGER
);
INSERT INTO S_CDT VALUES (
    "ba5eda7a-def5-0000-0000-00000000000b", -- DT_ID : UNIQUE_ID
    11 -- Core_Typ : INTEGER
);
INSERT INTO S_CDT VALUES (
    "ba5eda7a-def5-0000-0000-00000000000c", -- DT_ID : UNIQUE_ID
    12 -- Core_Typ : INTEGER
);
INSERT INTO S_CDT VALUES (
    "ba5eda7a-def5-0000-0000-00000000000d", -- DT_ID : UNIQUE_ID
    13 -- Core_Typ : INTEGER
);
INSERT INTO S_DIM VALUES (
    0, -- elementCount : INTEGER
    0, -- dimensionCount : INTEGER
    "00000000-0000-0000-0000-000000000000", -- Sync_ID : UNIQUE_ID
    "00000000-0000-0000-0000-000000000000", -- SParm_ID : UNIQUE_ID
    "030b8ad4-05ad-415a-9745-c98c4f790575", -- BParm_ID : UNIQUE_ID
    "00000000-0000-0000-0000-000000000000", -- Brg_ID : UNIQUE_ID
    "00000000-0000-0000-0000-000000000000", -- Id : UNIQUE_ID
    "00000000-0000-0000-0000-000000000000", -- Obj_ID : UNIQUE_ID
    "00000000-0000-0000-0000-000000000000", -- Attr_ID : UNIQUE_ID
    "00000000-0000-0000-0000-000000000000", -- TParm_ID : UNIQUE_ID
    "00000000-0000-0000-0000-000000000000", -- Tfr_ID : UNIQUE_ID
    "00000000-0000-0000-0000-000000000000", -- Member_ID : UNIQUE_ID
    "00000000-0000-0000-0000-000000000000", -- DT_ID : UNIQUE_ID
    "00000000-0000-0000-0000-000000000000", -- PP_Id : UNIQUE_ID
    "00000000-0000-0000-0000-000000000000", -- SM_ID : UNIQUE_ID
    "00000000-0000-0000-0000-000000000000", -- SMedi_ID : UNIQUE_ID
    "8c0259e0-95ff-4d01-8783-8bb80f72108d", -- DIM_ID : UNIQUE_ID
    "00000000-0000-0000-0000-000000000000", -- Var_ID : UNIQUE_ID
    "00000000-0000-0000-0000-000000000000", -- TSParm_ID : UNIQUE_ID
    "00000000-0000-0000-0000-000000000000" -- Svc_ID : UNIQUE_ID
);
INSERT INTO S_DIM VALUES (
    0, -- elementCount : INTEGER
    0, -- dimensionCount : INTEGER
    "00000000-0000-0000-0000-000000000000", -- Sync_ID : UNIQUE_ID
    "00000000-0000-0000-0000-000000000000", -- SParm_ID : UNIQUE_ID
    "9655860a-1775-4c02-bf88-60f28d3010cf", -- BParm_ID : UNIQUE_ID
    "00000000-0000-0000-0000-000000000000", -- Brg_ID : UNIQUE_ID
    "00000000-0000-0000-0000-000000000000", -- Id : UNIQUE_ID
    "00000000-0000-0000-0000-000000000000", -- Obj_ID : UNIQUE_ID
    "00000000-0000-0000-0000-000000000000", -- Attr_ID : UNIQUE_ID
    "00000000-0000-0000-0000-000000000000", -- TParm_ID : UNIQUE_ID
    "00000000-0000-0000-0000-000000000000", -- Tfr_ID : UNIQUE_ID
    "00000000-0000-0000-0000-000000000000", -- Member_ID : UNIQUE_ID
    "00000000-0000-0000-0000-000000000000", -- DT_ID : UNIQUE_ID
    "00000000-0000-0000-0000-000000000000", -- PP_Id : UNIQUE_ID
    "00000000-0000-0000-0000-000000000000", -- SM_ID : UNIQUE_ID
    "00000000-0000-0000-0000-000000000000", -- SMedi_ID : UNIQUE_ID
    "520d3a81-54a2-4c9a-b2b6-72a3b5d856b5", -- DIM_ID : UNIQUE_ID
    "00000000-0000-0000-0000-000000000000", -- Var_ID : UNIQUE_ID
    "00000000-0000-0000-0000-000000000000", -- TSParm_ID : UNIQUE_ID
    "00000000-0000-0000-0000-000000000000" -- Svc_ID : UNIQUE_ID
);
INSERT INTO S_DIM VALUES (
    10, -- elementCount : INTEGER
    0, -- dimensionCount : INTEGER
    "00000000-0000-0000-0000-000000000000", -- Sync_ID : UNIQUE_ID
    "00000000-0000-0000-0000-000000000000", -- SParm_ID : UNIQUE_ID
    "00000000-0000-0000-0000-000000000000", -- BParm_ID : UNIQUE_ID
    "00000000-0000-0000-0000-000000000000", -- Brg_ID : UNIQUE_ID
    "00000000-0000-0000-0000-000000000000", -- Id : UNIQUE_ID
    "00000000-0000-0000-0000-000000000000", -- Obj_ID : UNIQUE_ID
    "00000000-0000-0000-0000-000000000000", -- Attr_ID : UNIQUE_ID
    "00000000-0000-0000-0000-000000000000", -- TParm_ID : UNIQUE_ID
    "00000000-0000-0000-0000-000000000000", -- Tfr_ID : UNIQUE_ID
    "00000000-0000-0000-0000-000000000000", -- Member_ID : UNIQUE_ID
    "00000000-0000-0000-0000-000000000000", -- DT_ID : UNIQUE_ID
    "00000000-0000-0000-0000-000000000000", -- PP_Id : UNIQUE_ID
    "00000000-0000-0000-0000-000000000000", -- SM_ID : UNIQUE_ID
    "00000000-0000-0000-0000-000000000000", -- SMedi_ID : UNIQUE_ID
    "29186a83-8ff4-46e7-a298-b5a6dce58f73", -- DIM_ID : UNIQUE_ID
    "bd00fcff-3ea8-4887-961d-56e9a2cd0e25", -- Var_ID : UNIQUE_ID
    "00000000-0000-0000-0000-000000000000", -- TSParm_ID : UNIQUE_ID
    "00000000-0000-0000-0000-000000000000" -- Svc_ID : UNIQUE_ID
);
INSERT INTO S_DT VALUES (
    "ba5eda7a-def5-0000-0000-000000000000", -- DT_ID : UNIQUE_ID
    "00000000-0000-0000-0000-000000000000", -- Dom_ID : UNIQUE_ID
    'void', -- Name : STRING
    '', -- Descrip : STRING
    '' -- DefaultValue : STRING
);
INSERT INTO S_DT VALUES (
    "ba5eda7a-def5-0000-0000-000000000001", -- DT_ID : UNIQUE_ID
    "00000000-0000-0000-0000-000000000000", -- Dom_ID : UNIQUE_ID
    'boolean', -- Name : STRING
    '', -- Descrip : STRING
    '' -- DefaultValue : STRING
);
INSERT INTO S_DT VALUES (
    "ba5eda7a-def5-0000-0000-000000000002", -- DT_ID : UNIQUE_ID
    "00000000-0000-0000-0000-000000000000", -- Dom_ID : UNIQUE_ID
    'integer', -- Name : STRING
    '', -- Descrip : STRING
    '' -- DefaultValue : STRING
);
INSERT INTO S_DT VALUES (
    "ba5eda7a-def5-0000-0000-000000000003", -- DT_ID : UNIQUE_ID
    "00000000-0000-0000-0000-000000000000", -- Dom_ID : UNIQUE_ID
    'real', -- Name : STRING
    '', -- Descrip : STRING
    '' -- DefaultValue : STRING
);
INSERT INTO S_DT VALUES (
    "ba5eda7a-def5-0000-0000-000000000004", -- DT_ID : UNIQUE_ID
    "00000000-0000-0000-0000-000000000000", -- Dom_ID : UNIQUE_ID
    'string', -- Name : STRING
    '', -- Descrip : STRING
    '' -- DefaultValue : STRING
);
INSERT INTO S_DT VALUES (
    "ba5eda7a-def5-0000-0000-000000000005", -- DT_ID : UNIQUE_ID
    "00000000-0000-0000-0000-000000000000", -- Dom_ID : UNIQUE_ID
    'unique_id', -- Name : STRING
    '', -- Descrip : STRING
    '' -- DefaultValue : STRING
);
INSERT INTO S_DT VALUES (
    "ba5eda7a-def5-0000-0000-000000000006", -- DT_ID : UNIQUE_ID
    "00000000-0000-0000-0000-000000000000", -- Dom_ID : UNIQUE_ID
    'state<State_Model>', -- Name : STRING
    '', -- Descrip : STRING
    '' -- DefaultValue : STRING
);
INSERT INTO S_DT VALUES (
    "ba5eda7a-def5-0000-0000-000000000007", -- DT_ID : UNIQUE_ID
    "00000000-0000-0000-0000-000000000000", -- Dom_ID : UNIQUE_ID
    'same_as<Base_Attribute>', -- Name : STRING
    '', -- Descrip : STRING
    '' -- DefaultValue : STRING
);
INSERT INTO S_DT VALUES (
    "ba5eda7a-def5-0000-0000-000000000008", -- DT_ID : UNIQUE_ID
    "00000000-0000-0000-0000-000000000000", -- Dom_ID : UNIQUE_ID
    'inst_ref<Object>', -- Name : STRING
    '', -- Descrip : STRING
    '' -- DefaultValue : STRING
);
INSERT INTO S_DT VALUES (
    "ba5eda7a-def5-0000-0000-000000000009", -- DT_ID : UNIQUE_ID
    "00000000-0000-0000-0000-000000000000", -- Dom_ID : UNIQUE_ID
    'inst_ref_set<Object>', -- Name : STRING
    '', -- Descrip : STRING
    '' -- DefaultValue : STRING
);
INSERT INTO S_DT VALUES (
    "ba5eda7a-def5-0000-0000-00000000000a", -- DT_ID : UNIQUE_ID
    "00000000-0000-0000-0000-000000000000", -- Dom_ID : UNIQUE_ID
    'inst<Event>', -- Name : STRING
    '', -- Descrip : STRING
    '' -- DefaultValue : STRING
);
INSERT INTO S_DT VALUES (
    "ba5eda7a-def5-0000-0000-00000000000b", -- DT_ID : UNIQUE_ID
    "00000000-0000-0000-0000-000000000000", -- Dom_ID : UNIQUE_ID
    'inst<Mapping>', -- Name : STRING
    '', -- Descrip : STRING
    '' -- DefaultValue : STRING
);
INSERT INTO S_DT VALUES (
    "ba5eda7a-def5-0000-0000-00000000000c", -- DT_ID : UNIQUE_ID
    "00000000-0000-0000-0000-000000000000", -- Dom_ID : UNIQUE_ID
    'inst_ref<Mapping>', -- Name : STRING
    '', -- Descrip : STRING
    '' -- DefaultValue : STRING
);
INSERT INTO S_DT VALUES (
    "ba5eda7a-def5-0000-0000-00000000000d", -- DT_ID : UNIQUE_ID
    "00000000-0000-0000-0000-000000000000", -- Dom_ID : UNIQUE_ID
    'component_ref', -- Name : STRING
    '', -- Descrip : STRING
    '' -- DefaultValue : STRING
);
INSERT INTO S_DT VALUES (
    "ba5eda7a-def5-0000-0000-00000000000e", -- DT_ID : UNIQUE_ID
    "00000000-0000-0000-0000-000000000000", -- Dom_ID : UNIQUE_ID
    'date', -- Name : STRING
    '', -- Descrip : STRING
    '' -- DefaultValue : STRING
);
INSERT INTO S_DT VALUES (
    "ba5eda7a-def5-0000-0000-00000000000f", -- DT_ID : UNIQUE_ID
    "00000000-0000-0000-0000-000000000000", -- Dom_ID : UNIQUE_ID
    'inst_ref<Timer>', -- Name : STRING
    '', -- Descrip : STRING
    '' -- DefaultValue : STRING
);
INSERT INTO S_DT VALUES (
    "ba5eda7a-def5-0000-0000-000000000010", -- DT_ID : UNIQUE_ID
    "00000000-0000-0000-0000-000000000000", -- Dom_ID : UNIQUE_ID
    'timestamp', -- Name : STRING
    '', -- Descrip : STRING
    '' -- DefaultValue : STRING
);
INSERT INTO S_DT VALUES (
    "168b328b-2af0-412b-bbf5-7e71f1fea433", -- DT_ID : UNIQUE_ID
    "00000000-0000-0000-0000-000000000000", -- Dom_ID : UNIQUE_ID
    'Employees', -- Name : STRING
    '', -- Descrip : STRING
    '' -- DefaultValue : STRING
);
INSERT INTO S_DT VALUES (
    "0d542083-4531-45d6-8411-30f81c92d642", -- DT_ID : UNIQUE_ID
    "00000000-0000-0000-0000-000000000000", -- Dom_ID : UNIQUE_ID
    'structureData', -- Name : STRING
    '', -- Descrip : STRING
    '' -- DefaultValue : STRING
);
INSERT INTO S_DT VALUES (
    "51cda5d8-b9fa-4471-8c71-5014f092a96c", -- DT_ID : UNIQUE_ID
    "00000000-0000-0000-0000-000000000000", -- Dom_ID : UNIQUE_ID
    'Employees', -- Name : STRING
    '', -- Descrip : STRING
    '' -- DefaultValue : STRING
);
INSERT INTO S_EE VALUES (
    "301ed0ee-cd6b-49d6-949f-df904baa862c", -- EE_ID : UNIQUE_ID
    'Architecture', -- Name : STRING
    '', -- Descrip : STRING
    'ARCH', -- Key_Lett : STRING
    "00000000-0000-0000-0000-000000000000", -- Dom_ID : UNIQUE_ID
    '', -- Realized_Class_Path : STRING
    'Architecture', -- Label : STRING
    1 -- isRealized : BOOLEAN
);
INSERT INTO S_EE VALUES (
    "fb3760d2-2a3e-463f-bd24-66cd25fdba39", -- EE_ID : UNIQUE_ID
    'Logging', -- Name : STRING
    '', -- Descrip : STRING
    'LOG', -- Key_Lett : STRING
    "00000000-0000-0000-0000-000000000000", -- Dom_ID : UNIQUE_ID
    '', -- Realized_Class_Path : STRING
    'Logging', -- Label : STRING
    1 -- isRealized : BOOLEAN
);
INSERT INTO S_EE VALUES (
    "0cbe8000-b94e-43c0-a74e-b3d9f70bb59d", -- EE_ID : UNIQUE_ID
    'Time', -- Name : STRING
    'The Time external entity provides date, timestamp, and timer related operations.', -- Descrip : STRING
    'TIM', -- Key_Lett : STRING
    "00000000-0000-0000-0000-000000000000", -- Dom_ID : UNIQUE_ID
    '', -- Realized_Class_Path : STRING
    'Time', -- Label : STRING
    1 -- isRealized : BOOLEAN
);
INSERT INTO S_EE VALUES (
    "2c85491d-6998-469c-bc26-d447450f7f85", -- EE_ID : UNIQUE_ID
    'Command Line', -- Name : STRING
    'This utility provides an interface to the command line arguements of the
application. ''register_flag'' and ''register_value'' are used to set up possible
options that may be queried. ''read_command_line'' signals the tool to parse
the command line arguments based on the registered options. ''get_flag'' and
''get_value'' query the loaded command line options. The ''register_*'' bridges
are intended to be called in the initializaion routine for a component. After
all options, are registered, ''read_command_line'' should be called to load
and validate the options. At this point, if the command line options do not
match the requirements of the registered options, the application will terminate.
Once ''read_command_line'' is invoked, no more options may be registered. The
''get_*'' bridges may be called any number of times afterwards to query the
command line.', -- Descrip : STRING
    'CMD', -- Key_Lett : STRING
    "00000000-0000-0000-0000-000000000000", -- Dom_ID : UNIQUE_ID
    '', -- Realized_Class_Path : STRING
    'Command Line', -- Label : STRING
    1 -- isRealized : BOOLEAN
);
INSERT INTO S_EE VALUES (
    "33d21480-69a2-4ed7-9fd6-4b0d734cf2a9", -- EE_ID : UNIQUE_ID
    'string', -- Name : STRING
    '', -- Descrip : STRING
    'STRING', -- Key_Lett : STRING
    "00000000-0000-0000-0000-000000000000", -- Dom_ID : UNIQUE_ID
    '', -- Realized_Class_Path : STRING
    'string', -- Label : STRING
    1 -- isRealized : BOOLEAN
);
INSERT INTO S_EE VALUES (
    "445e6cf8-2b35-4c6d-b9ff-1db8125259dc", -- EE_ID : UNIQUE_ID
    'math', -- Name : STRING
    '', -- Descrip : STRING
    'MATH', -- Key_Lett : STRING
    "00000000-0000-0000-0000-000000000000", -- Dom_ID : UNIQUE_ID
    '', -- Realized_Class_Path : STRING
    'math', -- Label : STRING
    1 -- isRealized : BOOLEAN
);
INSERT INTO S_EE VALUES (
    "c9877e9a-7dfe-4912-b126-3e0d533cabd5", -- EE_ID : UNIQUE_ID
    'sorting', -- Name : STRING
    '', -- Descrip : STRING
    'SORT', -- Key_Lett : STRING
    "00000000-0000-0000-0000-000000000000", -- Dom_ID : UNIQUE_ID
    '', -- Realized_Class_Path : STRING
    'sorting', -- Label : STRING
    1 -- isRealized : BOOLEAN
);
INSERT INTO S_EE VALUES (
    "4525dfcd-89bc-4810-bceb-c727b8c25e05", -- EE_ID : UNIQUE_ID
    'Load', -- Name : STRING
    '', -- Descrip : STRING
    'LOAD', -- Key_Lett : STRING
    "00000000-0000-0000-0000-000000000000", -- Dom_ID : UNIQUE_ID
    '', -- Realized_Class_Path : STRING
    'Load', -- Label : STRING
    1 -- isRealized : BOOLEAN
);
INSERT INTO S_EE VALUES (
    "3c9187e2-faac-4b05-986d-04c751e1632b", -- EE_ID : UNIQUE_ID
    'SQL', -- Name : STRING
    '', -- Descrip : STRING
    'SQL', -- Key_Lett : STRING
    "00000000-0000-0000-0000-000000000000", -- Dom_ID : UNIQUE_ID
    '', -- Realized_Class_Path : STRING
    'SQL', -- Label : STRING
    1 -- isRealized : BOOLEAN
);
INSERT INTO S_EE VALUES (
    "d6db4b3d-c6a5-400a-92b9-6a391237afbb", -- EE_ID : UNIQUE_ID
    'templating', -- Name : STRING
    '', -- Descrip : STRING
    'T', -- Key_Lett : STRING
    "00000000-0000-0000-0000-000000000000", -- Dom_ID : UNIQUE_ID
    '', -- Realized_Class_Path : STRING
    'templating', -- Label : STRING
    1 -- isRealized : BOOLEAN
);
INSERT INTO S_EE VALUES (
    "c03ccce5-cb73-48ca-b676-b00270c95839", -- EE_ID : UNIQUE_ID
    'DynamoDB', -- Name : STRING
    '', -- Descrip : STRING
    'DynamoDB', -- Key_Lett : STRING
    "00000000-0000-0000-0000-000000000000", -- Dom_ID : UNIQUE_ID
    '', -- Realized_Class_Path : STRING
    'DynamoDB', -- Label : STRING
    1 -- isRealized : BOOLEAN
);
INSERT INTO S_MBR VALUES (
    "630a0855-b5dd-4017-82e8-5fc7a27cba26", -- Member_ID : UNIQUE_ID
    'what', -- Name : STRING
    '', -- Descrip : STRING
    "0d542083-4531-45d6-8411-30f81c92d642", -- Parent_DT_DT_ID : UNIQUE_ID
    "ba5eda7a-def5-0000-0000-000000000002", -- DT_ID : UNIQUE_ID
    "00000000-0000-0000-0000-000000000000", -- Previous_Member_ID : UNIQUE_ID
    '' -- Dimensions : STRING
);
INSERT INTO S_SDT VALUES (
    "0d542083-4531-45d6-8411-30f81c92d642" -- DT_ID : UNIQUE_ID
);
INSERT INTO S_SPARM VALUES (
    "3a8c0fe8-12a7-4d09-8b8f-b61c254b15f4", -- SParm_ID : UNIQUE_ID
    "8e6515f0-ca9a-424d-b35b-60f69ec5dcc5", -- Sync_ID : UNIQUE_ID
    'msg', -- Name : STRING
    "ba5eda7a-def5-0000-0000-000000000002", -- DT_ID : UNIQUE_ID
    0, -- By_Ref : INTEGER
    '', -- Dimensions : STRING
    "00000000-0000-0000-0000-000000000000", -- Previous_SParm_ID : UNIQUE_ID
    '' -- Descrip : STRING
);
INSERT INTO S_SYNC VALUES (
    "8e6515f0-ca9a-424d-b35b-60f69ec5dcc5", -- Sync_ID : UNIQUE_ID
    "00000000-0000-0000-0000-000000000000", -- Dom_ID : UNIQUE_ID
    'Reply', -- Name : STRING
    '', -- Descrip : STRING
    '', -- Action_Semantics_internal : STRING
    "ba5eda7a-def5-0000-0000-000000000000", -- DT_ID : UNIQUE_ID
    3, -- Suc_Pars : INTEGER
    '', -- Return_Dimensions : STRING
    0 -- Dialect : INTEGER
);
INSERT INTO S_SYS VALUES (
    "7fdc406f-2939-49c0-8fab-99de27b70193", -- Sys_ID : UNIQUE_ID
    'runtime', -- Name : STRING
    1 -- useGlobals : BOOLEAN
);
INSERT INTO S_SYS VALUES (
    "ccdb2e52-76fc-4422-936f-a0239fd9d106", -- Sys_ID : UNIQUE_ID
    'hrm', -- Name : STRING
    1 -- useGlobals : BOOLEAN
);
INSERT INTO S_SYS VALUES (
    "46564f98-385d-43d9-876a-ca551a77e802", -- Sys_ID : UNIQUE_ID
    'HRUI', -- Name : STRING
    1 -- useGlobals : BOOLEAN
);
INSERT INTO S_SYS VALUES (
    "a31b98b3-80c6-4eea-80cb-d84755441c10", -- Sys_ID : UNIQUE_ID
    'HRsystem', -- Name : STRING
    1 -- useGlobals : BOOLEAN
);
INSERT INTO S_UDT VALUES (
    "ba5eda7a-def5-0000-0000-00000000000e", -- DT_ID : UNIQUE_ID
    "ba5eda7a-def5-0000-0000-00000000000b", -- CDT_DT_ID : UNIQUE_ID
    1, -- Gen_Type : INTEGER
    '' -- Definition : STRING
);
INSERT INTO S_UDT VALUES (
    "ba5eda7a-def5-0000-0000-00000000000f", -- DT_ID : UNIQUE_ID
    "ba5eda7a-def5-0000-0000-00000000000c", -- CDT_DT_ID : UNIQUE_ID
    3, -- Gen_Type : INTEGER
    '' -- Definition : STRING
);
INSERT INTO S_UDT VALUES (
    "ba5eda7a-def5-0000-0000-000000000010", -- DT_ID : UNIQUE_ID
    "ba5eda7a-def5-0000-0000-00000000000b", -- CDT_DT_ID : UNIQUE_ID
    2, -- Gen_Type : INTEGER
    '' -- Definition : STRING
);
INSERT INTO S_UDT VALUES (
    "168b328b-2af0-412b-bbf5-7e71f1fea433", -- DT_ID : UNIQUE_ID
    "ba5eda7a-def5-0000-0000-00000000000b", -- CDT_DT_ID : UNIQUE_ID
    0, -- Gen_Type : INTEGER
    '' -- Definition : STRING
);
INSERT INTO S_UDT VALUES (
    "51cda5d8-b9fa-4471-8c71-5014f092a96c", -- DT_ID : UNIQUE_ID
    "ba5eda7a-def5-0000-0000-00000000000b", -- CDT_DT_ID : UNIQUE_ID
    0, -- Gen_Type : INTEGER
    '' -- Definition : STRING
);
INSERT INTO V_AER VALUES (
    "91c1a023-837b-43ee-a8d0-50fed821a8c6", -- Value_ID : UNIQUE_ID
    "7a055490-90af-4eb1-9572-2fa217238ea8", -- Root_Value_ID : UNIQUE_ID
    "348907ad-3c1f-4178-9f76-daa4ad23f137" -- Index_Value_ID : UNIQUE_ID
);
INSERT INTO V_AER VALUES (
    "141a1217-03c1-4088-ba10-7883ffb25763", -- Value_ID : UNIQUE_ID
    "03bdec8b-9977-4451-a9c3-203a32d68296", -- Root_Value_ID : UNIQUE_ID
    "0714622d-4997-4453-9a03-0edfbf9a05f4" -- Index_Value_ID : UNIQUE_ID
);
INSERT INTO V_AER VALUES (
    "7062b7fe-a500-4442-ab75-26c5bc7b0e18", -- Value_ID : UNIQUE_ID
    "b016a19a-5f51-454c-b103-001778bf66fd", -- Root_Value_ID : UNIQUE_ID
    "faa3683b-42e2-4b34-8e44-7b679d85954f" -- Index_Value_ID : UNIQUE_ID
);
INSERT INTO V_AER VALUES (
    "746467ab-b1fb-4c95-ac85-89174dfd7f62", -- Value_ID : UNIQUE_ID
    "8a88a2db-8435-4805-8244-c4aeefb65314", -- Root_Value_ID : UNIQUE_ID
    "5b32c2a3-995f-40a3-8789-ba34cd09e997" -- Index_Value_ID : UNIQUE_ID
);
INSERT INTO V_AER VALUES (
    "9b501359-e342-4aac-a3f2-6ac51a1aa934", -- Value_ID : UNIQUE_ID
    "99407273-17a9-4ecb-8933-66608d2a1dbe", -- Root_Value_ID : UNIQUE_ID
    "9a4a4db4-65aa-43cb-95ff-a7c7a26541a6" -- Index_Value_ID : UNIQUE_ID
);
INSERT INTO V_AER VALUES (
    "25f5c9e6-386b-48ec-a917-75d1ab25df2d", -- Value_ID : UNIQUE_ID
    "2d81147f-a318-4789-ac06-7ec681fce91e", -- Root_Value_ID : UNIQUE_ID
    "ac910d0c-13b9-4306-ab37-28d4d47fe156" -- Index_Value_ID : UNIQUE_ID
);
INSERT INTO V_AER VALUES (
    "dd0cc7d1-2625-487c-8e4f-70231afaad8f", -- Value_ID : UNIQUE_ID
    "6ca282b3-e37a-4014-8079-ebbe0c4a6d05", -- Root_Value_ID : UNIQUE_ID
    "57299806-ab3f-4714-b852-3dcaf269cd5a" -- Index_Value_ID : UNIQUE_ID
);
INSERT INTO V_AER VALUES (
    "9e8ef935-885e-4c23-8966-015b335b5c1a", -- Value_ID : UNIQUE_ID
    "1c6a0d55-73cf-43ba-82c7-a066fe607ec8", -- Root_Value_ID : UNIQUE_ID
    "c93d34f0-3d03-4734-b02f-4c041a6796ee" -- Index_Value_ID : UNIQUE_ID
);
INSERT INTO V_AER VALUES (
    "65d1d70e-8cb8-40b0-849a-b4ce4c8333e4", -- Value_ID : UNIQUE_ID
    "eb1ed4ce-539d-446c-ac6e-fad3c812a716", -- Root_Value_ID : UNIQUE_ID
    "2a74dd8f-f651-44fa-ae37-40d61c0ee3e6" -- Index_Value_ID : UNIQUE_ID
);
INSERT INTO V_AER VALUES (
    "f0e3ddec-979a-49a8-9d11-f423b1c5d2aa", -- Value_ID : UNIQUE_ID
    "28811e16-0d50-4845-8ed2-9cd10711f833", -- Root_Value_ID : UNIQUE_ID
    "35010c7f-9b71-4127-9666-fe7fea7c6f6d" -- Index_Value_ID : UNIQUE_ID
);
INSERT INTO V_AER VALUES (
    "5c43a40e-1607-446f-9b8f-324e26398a48", -- Value_ID : UNIQUE_ID
    "f8d5a357-24a8-44c1-a073-4e9e180e704e", -- Root_Value_ID : UNIQUE_ID
    "1757c9b4-cab7-42ff-ab48-a27eabc45cb2" -- Index_Value_ID : UNIQUE_ID
);
INSERT INTO V_AVL VALUES (
    "87a4f6ac-ec98-4cf0-ae21-c4c7991cc540", -- Value_ID : UNIQUE_ID
    "c278c1cf-4aed-4928-ba43-942220a0d51a", -- Root_Value_ID : UNIQUE_ID
    "d8528470-976c-421b-a087-1201ac24302f", -- Obj_ID : UNIQUE_ID
    "7e42a956-78c5-4651-8efb-01820a985edd" -- Attr_ID : UNIQUE_ID
);
INSERT INTO V_AVL VALUES (
    "25434aa0-0379-4b2e-ab31-34fcc882dc6e", -- Value_ID : UNIQUE_ID
    "b535c4cc-9ee8-444b-9095-adc785ccc26f", -- Root_Value_ID : UNIQUE_ID
    "d8528470-976c-421b-a087-1201ac24302f", -- Obj_ID : UNIQUE_ID
    "af90ebd4-1702-491f-85cd-2d5dbfad46bb" -- Attr_ID : UNIQUE_ID
);
INSERT INTO V_AVL VALUES (
    "91a4df37-76f7-43c1-b471-68bdcc4f5df3", -- Value_ID : UNIQUE_ID
    "709c9f08-8a03-4097-8379-0e121a300bc7", -- Root_Value_ID : UNIQUE_ID
    "d8528470-976c-421b-a087-1201ac24302f", -- Obj_ID : UNIQUE_ID
    "9066db86-0565-4761-9920-bcf2a1cd02d9" -- Attr_ID : UNIQUE_ID
);
INSERT INTO V_AVL VALUES (
    "21a24083-9e89-4bec-9820-e96a272fde49", -- Value_ID : UNIQUE_ID
    "13514a8b-1a97-47a4-87de-710a72eb5f5a", -- Root_Value_ID : UNIQUE_ID
    "d8528470-976c-421b-a087-1201ac24302f", -- Obj_ID : UNIQUE_ID
    "7e42a956-78c5-4651-8efb-01820a985edd" -- Attr_ID : UNIQUE_ID
);
INSERT INTO V_AVL VALUES (
    "d4ebaf6c-535b-4142-ad01-56a908ef20ec", -- Value_ID : UNIQUE_ID
    "da83a6eb-1010-452e-9679-a0885a088143", -- Root_Value_ID : UNIQUE_ID
    "d8528470-976c-421b-a087-1201ac24302f", -- Obj_ID : UNIQUE_ID
    "af90ebd4-1702-491f-85cd-2d5dbfad46bb" -- Attr_ID : UNIQUE_ID
);
INSERT INTO V_AVL VALUES (
    "d6f879d6-3457-4f76-bb45-8311428d322f", -- Value_ID : UNIQUE_ID
    "94c86ea0-2acb-48f9-b29b-72c08f869bad", -- Root_Value_ID : UNIQUE_ID
    "d8528470-976c-421b-a087-1201ac24302f", -- Obj_ID : UNIQUE_ID
    "9066db86-0565-4761-9920-bcf2a1cd02d9" -- Attr_ID : UNIQUE_ID
);
INSERT INTO V_AVL VALUES (
    "24150871-98a3-4606-a363-ee495cdd28bf", -- Value_ID : UNIQUE_ID
    "bea32cb4-808f-472a-bc0d-e75343f236d9", -- Root_Value_ID : UNIQUE_ID
    "d8528470-976c-421b-a087-1201ac24302f", -- Obj_ID : UNIQUE_ID
    "9066db86-0565-4761-9920-bcf2a1cd02d9" -- Attr_ID : UNIQUE_ID
);
INSERT INTO V_BIN VALUES (
    "670e16b6-9a1e-495b-8e00-3c6e3a7238d2", -- Value_ID : UNIQUE_ID
    "f37c844d-d385-47ec-abd1-1b2e97483269", -- Right_Value_ID : UNIQUE_ID
    "6beae530-e0f6-44f3-a106-dce76a4e598e", -- Left_Value_ID : UNIQUE_ID
    '>=' -- Operator : STRING
);
INSERT INTO V_BIN VALUES (
    "34ded956-9eab-4b7c-81c0-997e30b94e53", -- Value_ID : UNIQUE_ID
    "c9b34c14-d1ee-4bd8-804d-1f7339f1c1c8", -- Right_Value_ID : UNIQUE_ID
    "7ca9da6c-d495-494a-afbc-3b4ebf909ca7", -- Left_Value_ID : UNIQUE_ID
    '%' -- Operator : STRING
);
INSERT INTO V_BIN VALUES (
    "1e0938b8-63f2-4938-a6f3-b3bb0f0385a3", -- Value_ID : UNIQUE_ID
    "bf479583-640d-4f36-9719-c734efb3d1c8", -- Right_Value_ID : UNIQUE_ID
    "5d85c9a7-dca4-4de5-86d3-b263c3358f15", -- Left_Value_ID : UNIQUE_ID
    '/' -- Operator : STRING
);
INSERT INTO V_BIN VALUES (
    "e014f18c-4aa1-471b-91aa-43317a110d54", -- Value_ID : UNIQUE_ID
    "0988d7ca-0db1-47ea-a7e1-8a1ed4d4f70d", -- Right_Value_ID : UNIQUE_ID
    "5c43a40e-1607-446f-9b8f-324e26398a48", -- Left_Value_ID : UNIQUE_ID
    '+' -- Operator : STRING
);
INSERT INTO V_BIN VALUES (
    "fe24442b-adc2-48f5-990f-1f627c21d8de", -- Value_ID : UNIQUE_ID
    "87a4f6ac-ec98-4cf0-ae21-c4c7991cc540", -- Right_Value_ID : UNIQUE_ID
    "f5bbe2ef-87df-4f58-9a9c-eb00b1b1a4be", -- Left_Value_ID : UNIQUE_ID
    '+' -- Operator : STRING
);
INSERT INTO V_BIN VALUES (
    "db7663a3-7142-4989-9a41-ce4c926ecee5", -- Value_ID : UNIQUE_ID
    "25434aa0-0379-4b2e-ab31-34fcc882dc6e", -- Right_Value_ID : UNIQUE_ID
    "fe24442b-adc2-48f5-990f-1f627c21d8de", -- Left_Value_ID : UNIQUE_ID
    '+' -- Operator : STRING
);
INSERT INTO V_BIN VALUES (
    "0e354265-140a-435b-8d23-82fac66462e7", -- Value_ID : UNIQUE_ID
    "e4acd2f6-fbf5-4ddb-83b0-ccaeb28c2ae6", -- Right_Value_ID : UNIQUE_ID
    "91a4df37-76f7-43c1-b471-68bdcc4f5df3", -- Left_Value_ID : UNIQUE_ID
    '==' -- Operator : STRING
);
INSERT INTO V_BIN VALUES (
    "becec2fe-c4d7-4f6c-b158-25a237d06708", -- Value_ID : UNIQUE_ID
    "abe13a4f-d9af-43f8-852a-948ed6ba0248", -- Right_Value_ID : UNIQUE_ID
    "24150871-98a3-4606-a363-ee495cdd28bf", -- Left_Value_ID : UNIQUE_ID
    '==' -- Operator : STRING
);
INSERT INTO V_BRV VALUES (
    "780610eb-63ec-4c4f-8cc8-795e888609ad", -- Value_ID : UNIQUE_ID
    "af615ef3-56dd-40b1-be6b-27e07023a829", -- Brg_ID : UNIQUE_ID
    1, -- ParmListOK : BOOLEAN
    0, -- externalEntityKeyLettersLineNumber : INTEGER
    0 -- externalEntityKeyLettersColumn : INTEGER
);
INSERT INTO V_BRV VALUES (
    "f721b43d-910d-440c-8635-4b3ae068cdf8", -- Value_ID : UNIQUE_ID
    "8a08e8b6-4de0-437f-968f-71d65464ceb7", -- Brg_ID : UNIQUE_ID
    1, -- ParmListOK : BOOLEAN
    0, -- externalEntityKeyLettersLineNumber : INTEGER
    0 -- externalEntityKeyLettersColumn : INTEGER
);
INSERT INTO V_BRV VALUES (
    "cd2d13ba-b772-4558-b18c-67886c27965d", -- Value_ID : UNIQUE_ID
    "af615ef3-56dd-40b1-be6b-27e07023a829", -- Brg_ID : UNIQUE_ID
    1, -- ParmListOK : BOOLEAN
    0, -- externalEntityKeyLettersLineNumber : INTEGER
    0 -- externalEntityKeyLettersColumn : INTEGER
);
INSERT INTO V_BRV VALUES (
    "95b2a3a7-e031-4cbe-8050-e93e3ed4a9e5", -- Value_ID : UNIQUE_ID
    "af615ef3-56dd-40b1-be6b-27e07023a829", -- Brg_ID : UNIQUE_ID
    1, -- ParmListOK : BOOLEAN
    0, -- externalEntityKeyLettersLineNumber : INTEGER
    0 -- externalEntityKeyLettersColumn : INTEGER
);
INSERT INTO V_BRV VALUES (
    "c562bb1e-8a48-49bc-8304-c2ba6c99c2f3", -- Value_ID : UNIQUE_ID
    "af615ef3-56dd-40b1-be6b-27e07023a829", -- Brg_ID : UNIQUE_ID
    1, -- ParmListOK : BOOLEAN
    0, -- externalEntityKeyLettersLineNumber : INTEGER
    0 -- externalEntityKeyLettersColumn : INTEGER
);
INSERT INTO V_BRV VALUES (
    "36f4538f-1772-41ab-9c69-9a2c57ad847b", -- Value_ID : UNIQUE_ID
    "af615ef3-56dd-40b1-be6b-27e07023a829", -- Brg_ID : UNIQUE_ID
    1, -- ParmListOK : BOOLEAN
    0, -- externalEntityKeyLettersLineNumber : INTEGER
    0 -- externalEntityKeyLettersColumn : INTEGER
);
INSERT INTO V_INT VALUES (
    "f97acd55-ad54-4d72-b70b-0267853e5d54", -- Var_ID : UNIQUE_ID
    0, -- IsImplicitInFor : BOOLEAN
    "d8528470-976c-421b-a087-1201ac24302f" -- Obj_ID : UNIQUE_ID
);
INSERT INTO V_INT VALUES (
    "3a05ecc2-795d-4c13-a563-31a5a0391422", -- Var_ID : UNIQUE_ID
    0, -- IsImplicitInFor : BOOLEAN
    "d8528470-976c-421b-a087-1201ac24302f" -- Obj_ID : UNIQUE_ID
);
INSERT INTO V_INT VALUES (
    "e434c031-4ee3-43b5-9790-2021c4a7984a", -- Var_ID : UNIQUE_ID
    0, -- IsImplicitInFor : BOOLEAN
    "d8528470-976c-421b-a087-1201ac24302f" -- Obj_ID : UNIQUE_ID
);
INSERT INTO V_IRF VALUES (
    "c278c1cf-4aed-4928-ba43-942220a0d51a", -- Value_ID : UNIQUE_ID
    "f97acd55-ad54-4d72-b70b-0267853e5d54" -- Var_ID : UNIQUE_ID
);
INSERT INTO V_IRF VALUES (
    "b535c4cc-9ee8-444b-9095-adc785ccc26f", -- Value_ID : UNIQUE_ID
    "f97acd55-ad54-4d72-b70b-0267853e5d54" -- Var_ID : UNIQUE_ID
);
INSERT INTO V_IRF VALUES (
    "5e22b854-94a5-455d-b3d0-294843a8399b", -- Value_ID : UNIQUE_ID
    "3a05ecc2-795d-4c13-a563-31a5a0391422" -- Var_ID : UNIQUE_ID
);
INSERT INTO V_IRF VALUES (
    "13514a8b-1a97-47a4-87de-710a72eb5f5a", -- Value_ID : UNIQUE_ID
    "3a05ecc2-795d-4c13-a563-31a5a0391422" -- Var_ID : UNIQUE_ID
);
INSERT INTO V_IRF VALUES (
    "da83a6eb-1010-452e-9679-a0885a088143", -- Value_ID : UNIQUE_ID
    "3a05ecc2-795d-4c13-a563-31a5a0391422" -- Var_ID : UNIQUE_ID
);
INSERT INTO V_IRF VALUES (
    "94c86ea0-2acb-48f9-b29b-72c08f869bad", -- Value_ID : UNIQUE_ID
    "3a05ecc2-795d-4c13-a563-31a5a0391422" -- Var_ID : UNIQUE_ID
);
INSERT INTO V_IRF VALUES (
    "0c90acd9-4b90-4349-a746-9e2a172b69ec", -- Value_ID : UNIQUE_ID
    "e434c031-4ee3-43b5-9790-2021c4a7984a" -- Var_ID : UNIQUE_ID
);
INSERT INTO V_LBO VALUES (
    "57b68d39-114f-486a-9cbf-9399e2ca7ca4", -- Value_ID : UNIQUE_ID
    'TRUE' -- Value : STRING
);
INSERT INTO V_LBO VALUES (
    "fef34a9e-e7b9-43d3-a4bb-2905f994fb6e", -- Value_ID : UNIQUE_ID
    'TRUE' -- Value : STRING
);
INSERT INTO V_LBO VALUES (
    "1d076af0-5844-4fa2-b8e8-41d7d0c6daa8", -- Value_ID : UNIQUE_ID
    'TRUE' -- Value : STRING
);
INSERT INTO V_LBO VALUES (
    "50b59ac3-4750-49c6-8954-7ceabaeb0919", -- Value_ID : UNIQUE_ID
    'TRUE' -- Value : STRING
);
INSERT INTO V_LBO VALUES (
    "eb45fef9-42ea-45a9-bbb3-764ac620a111", -- Value_ID : UNIQUE_ID
    'FALSE' -- Value : STRING
);
INSERT INTO V_LIN VALUES (
    "348907ad-3c1f-4178-9f76-daa4ad23f137", -- Value_ID : UNIQUE_ID
    '9' -- Value : STRING
);
INSERT INTO V_LIN VALUES (
    "0714622d-4997-4453-9a03-0edfbf9a05f4", -- Value_ID : UNIQUE_ID
    '8' -- Value : STRING
);
INSERT INTO V_LIN VALUES (
    "faa3683b-42e2-4b34-8e44-7b679d85954f", -- Value_ID : UNIQUE_ID
    '7' -- Value : STRING
);
INSERT INTO V_LIN VALUES (
    "5b32c2a3-995f-40a3-8789-ba34cd09e997", -- Value_ID : UNIQUE_ID
    '6' -- Value : STRING
);
INSERT INTO V_LIN VALUES (
    "9a4a4db4-65aa-43cb-95ff-a7c7a26541a6", -- Value_ID : UNIQUE_ID
    '5' -- Value : STRING
);
INSERT INTO V_LIN VALUES (
    "ac910d0c-13b9-4306-ab37-28d4d47fe156", -- Value_ID : UNIQUE_ID
    '4' -- Value : STRING
);
INSERT INTO V_LIN VALUES (
    "57299806-ab3f-4714-b852-3dcaf269cd5a", -- Value_ID : UNIQUE_ID
    '3' -- Value : STRING
);
INSERT INTO V_LIN VALUES (
    "c93d34f0-3d03-4734-b02f-4c041a6796ee", -- Value_ID : UNIQUE_ID
    '2' -- Value : STRING
);
INSERT INTO V_LIN VALUES (
    "2a74dd8f-f651-44fa-ae37-40d61c0ee3e6", -- Value_ID : UNIQUE_ID
    '1' -- Value : STRING
);
INSERT INTO V_LIN VALUES (
    "35010c7f-9b71-4127-9666-fe7fea7c6f6d", -- Value_ID : UNIQUE_ID
    '0' -- Value : STRING
);
INSERT INTO V_LIN VALUES (
    "f37c844d-d385-47ec-abd1-1b2e97483269", -- Value_ID : UNIQUE_ID
    '1' -- Value : STRING
);
INSERT INTO V_LIN VALUES (
    "c9b34c14-d1ee-4bd8-804d-1f7339f1c1c8", -- Value_ID : UNIQUE_ID
    '10' -- Value : STRING
);
INSERT INTO V_LIN VALUES (
    "bf479583-640d-4f36-9719-c734efb3d1c8", -- Value_ID : UNIQUE_ID
    '10' -- Value : STRING
);
INSERT INTO V_LIN VALUES (
    "ccc3a168-d740-41d7-b5f5-ce4b1b4add00", -- Value_ID : UNIQUE_ID
    '0' -- Value : STRING
);
INSERT INTO V_LOC VALUES (
    "42c635b0-7d1f-4892-af9a-783cb4d300b3", -- Id : UNIQUE_ID
    1, -- LineNumber : INTEGER
    1, -- StartPosition : INTEGER
    7, -- EndPosition : INTEGER
    "bd00fcff-3ea8-4887-961d-56e9a2cd0e25" -- Var_ID : UNIQUE_ID
);
INSERT INTO V_LOC VALUES (
    "e75595d6-80d2-4855-920a-b21c1d2b108b", -- Id : UNIQUE_ID
    4, -- LineNumber : INTEGER
    1, -- StartPosition : INTEGER
    1, -- EndPosition : INTEGER
    "b0020da0-d064-4fe2-b1a3-627532b40b24" -- Var_ID : UNIQUE_ID
);
INSERT INTO V_LOC VALUES (
    "b01c422c-e79b-4fdb-b961-0042e857c295", -- Id : UNIQUE_ID
    4, -- LineNumber : INTEGER
    14, -- StartPosition : INTEGER
    14, -- EndPosition : INTEGER
    "6a572059-0114-48be-9cd8-16221f341be3" -- Var_ID : UNIQUE_ID
);
INSERT INTO V_LOC VALUES (
    "b6fc5462-cbf5-4627-87e1-405e00c9422a", -- Id : UNIQUE_ID
    6, -- LineNumber : INTEGER
    3, -- StartPosition : INTEGER
    3, -- EndPosition : INTEGER
    "1d32b7d9-e28e-427d-9a3c-2ad88e47fb1b" -- Var_ID : UNIQUE_ID
);
INSERT INTO V_LOC VALUES (
    "98e221b3-c3a7-442a-985c-ece6a2849380", -- Id : UNIQUE_ID
    6, -- LineNumber : INTEGER
    49, -- StartPosition : INTEGER
    52, -- EndPosition : INTEGER
    "f97acd55-ad54-4d72-b70b-0267853e5d54" -- Var_ID : UNIQUE_ID
);
INSERT INTO V_LOC VALUES (
    "7b2df03d-d474-4e7d-95a4-3c6d05af2ad4", -- Id : UNIQUE_ID
    2, -- LineNumber : INTEGER
    1, -- StartPosition : INTEGER
    10, -- EndPosition : INTEGER
    "ae0068c5-7b0f-4344-bd21-dab6b5e19f33" -- Var_ID : UNIQUE_ID
);
INSERT INTO V_LOC VALUES (
    "361b329b-3a74-468c-ba4b-097b3f7c3971", -- Id : UNIQUE_ID
    2, -- LineNumber : INTEGER
    1, -- StartPosition : INTEGER
    92, -- EndPosition : INTEGER
    "3a05ecc2-795d-4c13-a563-31a5a0391422" -- Var_ID : UNIQUE_ID
);
INSERT INTO V_LOC VALUES (
    "fc97c5c2-6cc3-4508-9c3c-7bd1302dd905", -- Id : UNIQUE_ID
    2, -- LineNumber : INTEGER
    1, -- StartPosition : INTEGER
    92, -- EndPosition : INTEGER
    "e434c031-4ee3-43b5-9790-2021c4a7984a" -- Var_ID : UNIQUE_ID
);
INSERT INTO V_LST VALUES (
    "c57aa04d-a4fd-4411-9fb3-2e42ffba188c", -- Value_ID : UNIQUE_ID
    '9' -- Value : STRING
);
INSERT INTO V_LST VALUES (
    "70855ea9-661a-4340-a446-b49158e6ae4b", -- Value_ID : UNIQUE_ID
    '8' -- Value : STRING
);
INSERT INTO V_LST VALUES (
    "e700dddc-b16d-431b-bdb9-cb3970e7cacf", -- Value_ID : UNIQUE_ID
    '7' -- Value : STRING
);
INSERT INTO V_LST VALUES (
    "a90a3259-3a6a-4022-aa93-93f354c47c14", -- Value_ID : UNIQUE_ID
    '6' -- Value : STRING
);
INSERT INTO V_LST VALUES (
    "16d90b34-b8a9-4094-8e3e-3051e203e13a", -- Value_ID : UNIQUE_ID
    '5' -- Value : STRING
);
INSERT INTO V_LST VALUES (
    "a10a83cd-e769-4704-b4bf-612bd4c7d52a", -- Value_ID : UNIQUE_ID
    '4' -- Value : STRING
);
INSERT INTO V_LST VALUES (
    "d9f352cf-ec1b-4b5b-859c-b259abd35c31", -- Value_ID : UNIQUE_ID
    '3' -- Value : STRING
);
INSERT INTO V_LST VALUES (
    "3293a068-f54a-4bc1-a212-07d32b997a78", -- Value_ID : UNIQUE_ID
    '2' -- Value : STRING
);
INSERT INTO V_LST VALUES (
    "f57d6bd1-80c6-4ac2-9b59-5955112e9454", -- Value_ID : UNIQUE_ID
    '1' -- Value : STRING
);
INSERT INTO V_LST VALUES (
    "7766060e-de01-4c5f-b750-a8f8cc85a05f", -- Value_ID : UNIQUE_ID
    '0' -- Value : STRING
);
INSERT INTO V_LST VALUES (
    "9be5b790-733f-455c-b3d4-b06cf3b2b7b1", -- Value_ID : UNIQUE_ID
    '' -- Value : STRING
);
INSERT INTO V_LST VALUES (
    "f5bbe2ef-87df-4f58-9a9c-eb00b1b1a4be", -- Value_ID : UNIQUE_ID
    'Updated employee Name:' -- Value : STRING
);
INSERT INTO V_LST VALUES (
    "e0fdec82-bea6-441e-b330-9c42b64e20a0", -- Value_ID : UNIQUE_ID
    'New employee has commenced' -- Value : STRING
);
INSERT INTO V_LST VALUES (
    "339523d9-2bbf-463b-b5d1-d1ac0f0f6107", -- Value_ID : UNIQUE_ID
    'Employee added successfully.' -- Value : STRING
);
INSERT INTO V_LST VALUES (
    "2a5bf3ac-4ff4-47f5-a420-15a7ab23a4c8", -- Value_ID : UNIQUE_ID
    'Employee already exists.' -- Value : STRING
);
INSERT INTO V_LST VALUES (
    "62e43f22-e12a-4e0c-a471-c17624f6078d", -- Value_ID : UNIQUE_ID
    'Updating details.' -- Value : STRING
);
INSERT INTO V_LST VALUES (
    "56d834fd-2b58-4996-ba26-409bb998d8b2", -- Value_ID : UNIQUE_ID
    'Employee has commenced ' -- Value : STRING
);
INSERT INTO V_LST VALUES (
    "eeb530d7-e675-49b0-9455-8960a3c57c6d", -- Value_ID : UNIQUE_ID
    'Employee is not registered!' -- Value : STRING
);
INSERT INTO V_LST VALUES (
    "fde0b16a-ae79-4f51-aed2-3f1533b15578", -- Value_ID : UNIQUE_ID
    'Employee is not found.' -- Value : STRING
);
INSERT INTO V_PAR VALUES (
    "db7663a3-7142-4989-9a41-ce4c926ecee5", -- Value_ID : UNIQUE_ID
    "d0805258-55bf-4f7c-9a35-0eeb7e6916a6", -- Statement_ID : UNIQUE_ID
    "780610eb-63ec-4c4f-8cc8-795e888609ad", -- Invocation_Value_ID : UNIQUE_ID
    'message', -- Name : STRING
    "00000000-0000-0000-0000-000000000000", -- Next_Value_ID : UNIQUE_ID
    0, -- labelLineNumber : INTEGER
    0 -- labelColumn : INTEGER
);
INSERT INTO V_PAR VALUES (
    "e0fdec82-bea6-441e-b330-9c42b64e20a0", -- Value_ID : UNIQUE_ID
    "c47afb69-bcd2-4c1f-980b-fa534c886810", -- Statement_ID : UNIQUE_ID
    "cd2d13ba-b772-4558-b18c-67886c27965d", -- Invocation_Value_ID : UNIQUE_ID
    'message', -- Name : STRING
    "00000000-0000-0000-0000-000000000000", -- Next_Value_ID : UNIQUE_ID
    0, -- labelLineNumber : INTEGER
    0 -- labelColumn : INTEGER
);
INSERT INTO V_PAR VALUES (
    "1d076af0-5844-4fa2-b8e8-41d7d0c6daa8", -- Value_ID : UNIQUE_ID
    "cc9a3ff9-b67d-45c8-9471-532f3584fe48", -- Statement_ID : UNIQUE_ID
    "00000000-0000-0000-0000-000000000000", -- Invocation_Value_ID : UNIQUE_ID
    'state', -- Name : STRING
    "339523d9-2bbf-463b-b5d1-d1ac0f0f6107", -- Next_Value_ID : UNIQUE_ID
    0, -- labelLineNumber : INTEGER
    0 -- labelColumn : INTEGER
);
INSERT INTO V_PAR VALUES (
    "339523d9-2bbf-463b-b5d1-d1ac0f0f6107", -- Value_ID : UNIQUE_ID
    "cc9a3ff9-b67d-45c8-9471-532f3584fe48", -- Statement_ID : UNIQUE_ID
    "00000000-0000-0000-0000-000000000000", -- Invocation_Value_ID : UNIQUE_ID
    'msg', -- Name : STRING
    "00000000-0000-0000-0000-000000000000", -- Next_Value_ID : UNIQUE_ID
    0, -- labelLineNumber : INTEGER
    0 -- labelColumn : INTEGER
);
INSERT INTO V_PAR VALUES (
    "2a5bf3ac-4ff4-47f5-a420-15a7ab23a4c8", -- Value_ID : UNIQUE_ID
    "d99ee883-f9b0-4bd8-9ff6-41e36f3bd238", -- Statement_ID : UNIQUE_ID
    "95b2a3a7-e031-4cbe-8050-e93e3ed4a9e5", -- Invocation_Value_ID : UNIQUE_ID
    'message', -- Name : STRING
    "00000000-0000-0000-0000-000000000000", -- Next_Value_ID : UNIQUE_ID
    0, -- labelLineNumber : INTEGER
    0 -- labelColumn : INTEGER
);
INSERT INTO V_PAR VALUES (
    "62e43f22-e12a-4e0c-a471-c17624f6078d", -- Value_ID : UNIQUE_ID
    "e81dfe65-0f94-41d6-aac7-acb11314cd4a", -- Statement_ID : UNIQUE_ID
    "c562bb1e-8a48-49bc-8304-c2ba6c99c2f3", -- Invocation_Value_ID : UNIQUE_ID
    'message', -- Name : STRING
    "00000000-0000-0000-0000-000000000000", -- Next_Value_ID : UNIQUE_ID
    0, -- labelLineNumber : INTEGER
    0 -- labelColumn : INTEGER
);
INSERT INTO V_PAR VALUES (
    "50b59ac3-4750-49c6-8954-7ceabaeb0919", -- Value_ID : UNIQUE_ID
    "3872e335-9228-4ed2-b57d-2ab780fc026f", -- Statement_ID : UNIQUE_ID
    "00000000-0000-0000-0000-000000000000", -- Invocation_Value_ID : UNIQUE_ID
    'state', -- Name : STRING
    "56d834fd-2b58-4996-ba26-409bb998d8b2", -- Next_Value_ID : UNIQUE_ID
    0, -- labelLineNumber : INTEGER
    0 -- labelColumn : INTEGER
);
INSERT INTO V_PAR VALUES (
    "56d834fd-2b58-4996-ba26-409bb998d8b2", -- Value_ID : UNIQUE_ID
    "3872e335-9228-4ed2-b57d-2ab780fc026f", -- Statement_ID : UNIQUE_ID
    "00000000-0000-0000-0000-000000000000", -- Invocation_Value_ID : UNIQUE_ID
    'msg', -- Name : STRING
    "00000000-0000-0000-0000-000000000000", -- Next_Value_ID : UNIQUE_ID
    0, -- labelLineNumber : INTEGER
    0 -- labelColumn : INTEGER
);
INSERT INTO V_PAR VALUES (
    "eeb530d7-e675-49b0-9455-8960a3c57c6d", -- Value_ID : UNIQUE_ID
    "1df16df2-cc34-499a-b811-b78686fad650", -- Statement_ID : UNIQUE_ID
    "36f4538f-1772-41ab-9c69-9a2c57ad847b", -- Invocation_Value_ID : UNIQUE_ID
    'message', -- Name : STRING
    "00000000-0000-0000-0000-000000000000", -- Next_Value_ID : UNIQUE_ID
    0, -- labelLineNumber : INTEGER
    0 -- labelColumn : INTEGER
);
INSERT INTO V_PAR VALUES (
    "eb45fef9-42ea-45a9-bbb3-764ac620a111", -- Value_ID : UNIQUE_ID
    "02dfca53-8df4-4250-9cd8-b4f205b5b86b", -- Statement_ID : UNIQUE_ID
    "00000000-0000-0000-0000-000000000000", -- Invocation_Value_ID : UNIQUE_ID
    'state', -- Name : STRING
    "fde0b16a-ae79-4f51-aed2-3f1533b15578", -- Next_Value_ID : UNIQUE_ID
    0, -- labelLineNumber : INTEGER
    0 -- labelColumn : INTEGER
);
INSERT INTO V_PAR VALUES (
    "fde0b16a-ae79-4f51-aed2-3f1533b15578", -- Value_ID : UNIQUE_ID
    "02dfca53-8df4-4250-9cd8-b4f205b5b86b", -- Statement_ID : UNIQUE_ID
    "00000000-0000-0000-0000-000000000000", -- Invocation_Value_ID : UNIQUE_ID
    'msg', -- Name : STRING
    "00000000-0000-0000-0000-000000000000", -- Next_Value_ID : UNIQUE_ID
    0, -- labelLineNumber : INTEGER
    0 -- labelColumn : INTEGER
);
INSERT INTO V_PVL VALUES (
    "87a1c143-d5d7-4d3f-b50a-613e0344bdaf", -- Value_ID : UNIQUE_ID
    "37ef52bb-354f-4080-951f-232d57d97550", -- BParm_ID : UNIQUE_ID
    "00000000-0000-0000-0000-000000000000", -- SParm_ID : UNIQUE_ID
    "00000000-0000-0000-0000-000000000000", -- TParm_ID : UNIQUE_ID
    "00000000-0000-0000-0000-000000000000" -- PP_Id : UNIQUE_ID
);
INSERT INTO V_PVL VALUES (
    "e4acd2f6-fbf5-4ddb-83b0-ccaeb28c2ae6", -- Value_ID : UNIQUE_ID
    "00000000-0000-0000-0000-000000000000", -- BParm_ID : UNIQUE_ID
    "00000000-0000-0000-0000-000000000000", -- SParm_ID : UNIQUE_ID
    "00000000-0000-0000-0000-000000000000", -- TParm_ID : UNIQUE_ID
    "28761f9b-5da3-4284-aa06-53a1471a18fd" -- PP_Id : UNIQUE_ID
);
INSERT INTO V_PVL VALUES (
    "b15224c4-6c5b-4e19-9d45-1acc86b8090e", -- Value_ID : UNIQUE_ID
    "00000000-0000-0000-0000-000000000000", -- BParm_ID : UNIQUE_ID
    "00000000-0000-0000-0000-000000000000", -- SParm_ID : UNIQUE_ID
    "00000000-0000-0000-0000-000000000000", -- TParm_ID : UNIQUE_ID
    "8d5bd5a6-f248-4b87-a4bb-eb772b2397d8" -- PP_Id : UNIQUE_ID
);
INSERT INTO V_PVL VALUES (
    "ff404dbb-e8ab-41f4-b159-0b3f09d7c73d", -- Value_ID : UNIQUE_ID
    "00000000-0000-0000-0000-000000000000", -- BParm_ID : UNIQUE_ID
    "00000000-0000-0000-0000-000000000000", -- SParm_ID : UNIQUE_ID
    "00000000-0000-0000-0000-000000000000", -- TParm_ID : UNIQUE_ID
    "b1170977-7e1a-4e1e-8ec1-9e9ef2712f79" -- PP_Id : UNIQUE_ID
);
INSERT INTO V_PVL VALUES (
    "d714ed55-d3bf-4e2d-8341-a51d71a5233d", -- Value_ID : UNIQUE_ID
    "00000000-0000-0000-0000-000000000000", -- BParm_ID : UNIQUE_ID
    "00000000-0000-0000-0000-000000000000", -- SParm_ID : UNIQUE_ID
    "00000000-0000-0000-0000-000000000000", -- TParm_ID : UNIQUE_ID
    "28761f9b-5da3-4284-aa06-53a1471a18fd" -- PP_Id : UNIQUE_ID
);
INSERT INTO V_PVL VALUES (
    "abe13a4f-d9af-43f8-852a-948ed6ba0248", -- Value_ID : UNIQUE_ID
    "00000000-0000-0000-0000-000000000000", -- BParm_ID : UNIQUE_ID
    "00000000-0000-0000-0000-000000000000", -- SParm_ID : UNIQUE_ID
    "00000000-0000-0000-0000-000000000000", -- TParm_ID : UNIQUE_ID
    "665d0f46-1f6b-4469-b345-11ad3a35684e" -- PP_Id : UNIQUE_ID
);
INSERT INTO V_SLR VALUES (
    "709c9f08-8a03-4097-8379-0e121a300bc7", -- Value_ID : UNIQUE_ID
    "00000000-0000-0000-0000-000000000000", -- Obj_ID : UNIQUE_ID
    "00000000-0000-0000-0000-000000000000", -- Attr_ID : UNIQUE_ID
    "00000000-0000-0000-0000-000000000000" -- Op_Value_ID : UNIQUE_ID
);
INSERT INTO V_SLR VALUES (
    "bea32cb4-808f-472a-bc0d-e75343f236d9", -- Value_ID : UNIQUE_ID
    "00000000-0000-0000-0000-000000000000", -- Obj_ID : UNIQUE_ID
    "00000000-0000-0000-0000-000000000000", -- Attr_ID : UNIQUE_ID
    "00000000-0000-0000-0000-000000000000" -- Op_Value_ID : UNIQUE_ID
);
INSERT INTO V_TRN VALUES (
    "bd00fcff-3ea8-4887-961d-56e9a2cd0e25", -- Var_ID : UNIQUE_ID
    "00000000-0000-0000-0000-000000000000", -- DT_ID : UNIQUE_ID
    '' -- Dimensions : STRING
);
INSERT INTO V_TRN VALUES (
    "b0020da0-d064-4fe2-b1a3-627532b40b24", -- Var_ID : UNIQUE_ID
    "00000000-0000-0000-0000-000000000000", -- DT_ID : UNIQUE_ID
    '' -- Dimensions : STRING
);
INSERT INTO V_TRN VALUES (
    "6a572059-0114-48be-9cd8-16221f341be3", -- Var_ID : UNIQUE_ID
    "00000000-0000-0000-0000-000000000000", -- DT_ID : UNIQUE_ID
    '' -- Dimensions : STRING
);
INSERT INTO V_TRN VALUES (
    "1d32b7d9-e28e-427d-9a3c-2ad88e47fb1b", -- Var_ID : UNIQUE_ID
    "00000000-0000-0000-0000-000000000000", -- DT_ID : UNIQUE_ID
    '' -- Dimensions : STRING
);
INSERT INTO V_TRN VALUES (
    "ae0068c5-7b0f-4344-bd21-dab6b5e19f33", -- Var_ID : UNIQUE_ID
    "00000000-0000-0000-0000-000000000000", -- DT_ID : UNIQUE_ID
    '' -- Dimensions : STRING
);
INSERT INTO V_TVL VALUES (
    "7a055490-90af-4eb1-9572-2fa217238ea8", -- Value_ID : UNIQUE_ID
    "bd00fcff-3ea8-4887-961d-56e9a2cd0e25" -- Var_ID : UNIQUE_ID
);
INSERT INTO V_TVL VALUES (
    "03bdec8b-9977-4451-a9c3-203a32d68296", -- Value_ID : UNIQUE_ID
    "bd00fcff-3ea8-4887-961d-56e9a2cd0e25" -- Var_ID : UNIQUE_ID
);
INSERT INTO V_TVL VALUES (
    "b016a19a-5f51-454c-b103-001778bf66fd", -- Value_ID : UNIQUE_ID
    "bd00fcff-3ea8-4887-961d-56e9a2cd0e25" -- Var_ID : UNIQUE_ID
);
INSERT INTO V_TVL VALUES (
    "8a88a2db-8435-4805-8244-c4aeefb65314", -- Value_ID : UNIQUE_ID
    "bd00fcff-3ea8-4887-961d-56e9a2cd0e25" -- Var_ID : UNIQUE_ID
);
INSERT INTO V_TVL VALUES (
    "99407273-17a9-4ecb-8933-66608d2a1dbe", -- Value_ID : UNIQUE_ID
    "bd00fcff-3ea8-4887-961d-56e9a2cd0e25" -- Var_ID : UNIQUE_ID
);
INSERT INTO V_TVL VALUES (
    "2d81147f-a318-4789-ac06-7ec681fce91e", -- Value_ID : UNIQUE_ID
    "bd00fcff-3ea8-4887-961d-56e9a2cd0e25" -- Var_ID : UNIQUE_ID
);
INSERT INTO V_TVL VALUES (
    "6ca282b3-e37a-4014-8079-ebbe0c4a6d05", -- Value_ID : UNIQUE_ID
    "bd00fcff-3ea8-4887-961d-56e9a2cd0e25" -- Var_ID : UNIQUE_ID
);
INSERT INTO V_TVL VALUES (
    "1c6a0d55-73cf-43ba-82c7-a066fe607ec8", -- Value_ID : UNIQUE_ID
    "bd00fcff-3ea8-4887-961d-56e9a2cd0e25" -- Var_ID : UNIQUE_ID
);
INSERT INTO V_TVL VALUES (
    "eb1ed4ce-539d-446c-ac6e-fad3c812a716", -- Value_ID : UNIQUE_ID
    "bd00fcff-3ea8-4887-961d-56e9a2cd0e25" -- Var_ID : UNIQUE_ID
);
INSERT INTO V_TVL VALUES (
    "28811e16-0d50-4845-8ed2-9cd10711f833", -- Value_ID : UNIQUE_ID
    "bd00fcff-3ea8-4887-961d-56e9a2cd0e25" -- Var_ID : UNIQUE_ID
);
INSERT INTO V_TVL VALUES (
    "e01d0854-76f6-47eb-8b42-440ef9214213", -- Value_ID : UNIQUE_ID
    "b0020da0-d064-4fe2-b1a3-627532b40b24" -- Var_ID : UNIQUE_ID
);
INSERT INTO V_TVL VALUES (
    "377f27a1-058f-4de7-a262-238fd1f4c0bb", -- Value_ID : UNIQUE_ID
    "6a572059-0114-48be-9cd8-16221f341be3" -- Var_ID : UNIQUE_ID
);
INSERT INTO V_TVL VALUES (
    "6beae530-e0f6-44f3-a106-dce76a4e598e", -- Value_ID : UNIQUE_ID
    "b0020da0-d064-4fe2-b1a3-627532b40b24" -- Var_ID : UNIQUE_ID
);
INSERT INTO V_TVL VALUES (
    "7ca9da6c-d495-494a-afbc-3b4ebf909ca7", -- Value_ID : UNIQUE_ID
    "b0020da0-d064-4fe2-b1a3-627532b40b24" -- Var_ID : UNIQUE_ID
);
INSERT INTO V_TVL VALUES (
    "8ba01602-8730-4d43-a789-5493cd1d51f1", -- Value_ID : UNIQUE_ID
    "1d32b7d9-e28e-427d-9a3c-2ad88e47fb1b" -- Var_ID : UNIQUE_ID
);
INSERT INTO V_TVL VALUES (
    "5d85c9a7-dca4-4de5-86d3-b263c3358f15", -- Value_ID : UNIQUE_ID
    "b0020da0-d064-4fe2-b1a3-627532b40b24" -- Var_ID : UNIQUE_ID
);
INSERT INTO V_TVL VALUES (
    "89074d0d-5fb6-4ae6-bc33-04685cce5f2c", -- Value_ID : UNIQUE_ID
    "b0020da0-d064-4fe2-b1a3-627532b40b24" -- Var_ID : UNIQUE_ID
);
INSERT INTO V_TVL VALUES (
    "f8d5a357-24a8-44c1-a073-4e9e180e704e", -- Value_ID : UNIQUE_ID
    "bd00fcff-3ea8-4887-961d-56e9a2cd0e25" -- Var_ID : UNIQUE_ID
);
INSERT INTO V_TVL VALUES (
    "1757c9b4-cab7-42ff-ab48-a27eabc45cb2", -- Value_ID : UNIQUE_ID
    "1d32b7d9-e28e-427d-9a3c-2ad88e47fb1b" -- Var_ID : UNIQUE_ID
);
INSERT INTO V_TVL VALUES (
    "0988d7ca-0db1-47ea-a7e1-8a1ed4d4f70d", -- Value_ID : UNIQUE_ID
    "6a572059-0114-48be-9cd8-16221f341be3" -- Var_ID : UNIQUE_ID
);
INSERT INTO V_TVL VALUES (
    "20143a93-68e8-423b-bc5a-af9f941e29e6", -- Value_ID : UNIQUE_ID
    "6a572059-0114-48be-9cd8-16221f341be3" -- Var_ID : UNIQUE_ID
);
INSERT INTO V_TVL VALUES (
    "04bb49e7-ced7-4949-9f79-357a1cf52340", -- Value_ID : UNIQUE_ID
    "6a572059-0114-48be-9cd8-16221f341be3" -- Var_ID : UNIQUE_ID
);
INSERT INTO V_TVL VALUES (
    "c441586b-e496-480a-9289-a342179b740d", -- Value_ID : UNIQUE_ID
    "ae0068c5-7b0f-4344-bd21-dab6b5e19f33" -- Var_ID : UNIQUE_ID
);
INSERT INTO V_UNY VALUES (
    "fab9b507-01ae-4335-ab01-639cd5be335a", -- Value_ID : UNIQUE_ID
    "5e22b854-94a5-455d-b3d0-294843a8399b", -- Operand_Value_ID : UNIQUE_ID
    'empty' -- Operator : STRING
);
INSERT INTO V_UNY VALUES (
    "4c5493d6-41b8-4b4c-8ed0-7821e6d31b5c", -- Value_ID : UNIQUE_ID
    "0c90acd9-4b90-4349-a746-9e2a172b69ec", -- Operand_Value_ID : UNIQUE_ID
    'empty' -- Operator : STRING
);
INSERT INTO V_UNY VALUES (
    "d4d57c20-a58a-417e-86d9-8c1423c82bf7", -- Value_ID : UNIQUE_ID
    "4c5493d6-41b8-4b4c-8ed0-7821e6d31b5c", -- Operand_Value_ID : UNIQUE_ID
    'not' -- Operator : STRING
);
INSERT INTO V_VAL VALUES (
    "c57aa04d-a4fd-4411-9fb3-2e42ffba188c", -- Value_ID : UNIQUE_ID
    0, -- isLValue : BOOLEAN
    0, -- isImplicit : BOOLEAN
    1, -- LineNumber : INTEGER
    12, -- StartPosition : INTEGER
    14, -- EndPosition : INTEGER
    0, -- firstParameterLabelLineNumber : INTEGER
    0, -- firstParameterLabelColumn : INTEGER
    0, -- currentLaterParameterLabelLineNumber : INTEGER
    0, -- currentLaterParameterLabelColumn : INTEGER
    "ba5eda7a-def5-0000-0000-000000000004", -- DT_ID : UNIQUE_ID
    "f8564fff-2467-4128-b041-833a728618b1" -- Block_ID : UNIQUE_ID
);
INSERT INTO V_VAL VALUES (
    "7a055490-90af-4eb1-9572-2fa217238ea8", -- Value_ID : UNIQUE_ID
    0, -- isLValue : BOOLEAN
    1, -- isImplicit : BOOLEAN
    1, -- LineNumber : INTEGER
    1, -- StartPosition : INTEGER
    7, -- EndPosition : INTEGER
    0, -- firstParameterLabelLineNumber : INTEGER
    0, -- firstParameterLabelColumn : INTEGER
    0, -- currentLaterParameterLabelLineNumber : INTEGER
    0, -- currentLaterParameterLabelColumn : INTEGER
    "ba5eda7a-def5-0000-0000-000000000004", -- DT_ID : UNIQUE_ID
    "f8564fff-2467-4128-b041-833a728618b1" -- Block_ID : UNIQUE_ID
);
INSERT INTO V_VAL VALUES (
    "348907ad-3c1f-4178-9f76-daa4ad23f137", -- Value_ID : UNIQUE_ID
    0, -- isLValue : BOOLEAN
    0, -- isImplicit : BOOLEAN
    1, -- LineNumber : INTEGER
    9, -- StartPosition : INTEGER
    9, -- EndPosition : INTEGER
    0, -- firstParameterLabelLineNumber : INTEGER
    0, -- firstParameterLabelColumn : INTEGER
    0, -- currentLaterParameterLabelLineNumber : INTEGER
    0, -- currentLaterParameterLabelColumn : INTEGER
    "ba5eda7a-def5-0000-0000-000000000002", -- DT_ID : UNIQUE_ID
    "f8564fff-2467-4128-b041-833a728618b1" -- Block_ID : UNIQUE_ID
);
INSERT INTO V_VAL VALUES (
    "91c1a023-837b-43ee-a8d0-50fed821a8c6", -- Value_ID : UNIQUE_ID
    1, -- isLValue : BOOLEAN
    0, -- isImplicit : BOOLEAN
    1, -- LineNumber : INTEGER
    1, -- StartPosition : INTEGER
    10, -- EndPosition : INTEGER
    0, -- firstParameterLabelLineNumber : INTEGER
    0, -- firstParameterLabelColumn : INTEGER
    0, -- currentLaterParameterLabelLineNumber : INTEGER
    0, -- currentLaterParameterLabelColumn : INTEGER
    "ba5eda7a-def5-0000-0000-000000000004", -- DT_ID : UNIQUE_ID
    "f8564fff-2467-4128-b041-833a728618b1" -- Block_ID : UNIQUE_ID
);
INSERT INTO V_VAL VALUES (
    "70855ea9-661a-4340-a446-b49158e6ae4b", -- Value_ID : UNIQUE_ID
    0, -- isLValue : BOOLEAN
    0, -- isImplicit : BOOLEAN
    1, -- LineNumber : INTEGER
    28, -- StartPosition : INTEGER
    30, -- EndPosition : INTEGER
    0, -- firstParameterLabelLineNumber : INTEGER
    0, -- firstParameterLabelColumn : INTEGER
    0, -- currentLaterParameterLabelLineNumber : INTEGER
    0, -- currentLaterParameterLabelColumn : INTEGER
    "ba5eda7a-def5-0000-0000-000000000004", -- DT_ID : UNIQUE_ID
    "f8564fff-2467-4128-b041-833a728618b1" -- Block_ID : UNIQUE_ID
);
INSERT INTO V_VAL VALUES (
    "03bdec8b-9977-4451-a9c3-203a32d68296", -- Value_ID : UNIQUE_ID
    0, -- isLValue : BOOLEAN
    0, -- isImplicit : BOOLEAN
    1, -- LineNumber : INTEGER
    17, -- StartPosition : INTEGER
    23, -- EndPosition : INTEGER
    0, -- firstParameterLabelLineNumber : INTEGER
    0, -- firstParameterLabelColumn : INTEGER
    0, -- currentLaterParameterLabelLineNumber : INTEGER
    0, -- currentLaterParameterLabelColumn : INTEGER
    "ba5eda7a-def5-0000-0000-000000000004", -- DT_ID : UNIQUE_ID
    "f8564fff-2467-4128-b041-833a728618b1" -- Block_ID : UNIQUE_ID
);
INSERT INTO V_VAL VALUES (
    "0714622d-4997-4453-9a03-0edfbf9a05f4", -- Value_ID : UNIQUE_ID
    0, -- isLValue : BOOLEAN
    0, -- isImplicit : BOOLEAN
    1, -- LineNumber : INTEGER
    25, -- StartPosition : INTEGER
    25, -- EndPosition : INTEGER
    0, -- firstParameterLabelLineNumber : INTEGER
    0, -- firstParameterLabelColumn : INTEGER
    0, -- currentLaterParameterLabelLineNumber : INTEGER
    0, -- currentLaterParameterLabelColumn : INTEGER
    "ba5eda7a-def5-0000-0000-000000000002", -- DT_ID : UNIQUE_ID
    "f8564fff-2467-4128-b041-833a728618b1" -- Block_ID : UNIQUE_ID
);
INSERT INTO V_VAL VALUES (
    "141a1217-03c1-4088-ba10-7883ffb25763", -- Value_ID : UNIQUE_ID
    1, -- isLValue : BOOLEAN
    0, -- isImplicit : BOOLEAN
    1, -- LineNumber : INTEGER
    17, -- StartPosition : INTEGER
    26, -- EndPosition : INTEGER
    0, -- firstParameterLabelLineNumber : INTEGER
    0, -- firstParameterLabelColumn : INTEGER
    0, -- currentLaterParameterLabelLineNumber : INTEGER
    0, -- currentLaterParameterLabelColumn : INTEGER
    "ba5eda7a-def5-0000-0000-000000000004", -- DT_ID : UNIQUE_ID
    "f8564fff-2467-4128-b041-833a728618b1" -- Block_ID : UNIQUE_ID
);
INSERT INTO V_VAL VALUES (
    "e700dddc-b16d-431b-bdb9-cb3970e7cacf", -- Value_ID : UNIQUE_ID
    0, -- isLValue : BOOLEAN
    0, -- isImplicit : BOOLEAN
    1, -- LineNumber : INTEGER
    44, -- StartPosition : INTEGER
    46, -- EndPosition : INTEGER
    0, -- firstParameterLabelLineNumber : INTEGER
    0, -- firstParameterLabelColumn : INTEGER
    0, -- currentLaterParameterLabelLineNumber : INTEGER
    0, -- currentLaterParameterLabelColumn : INTEGER
    "ba5eda7a-def5-0000-0000-000000000004", -- DT_ID : UNIQUE_ID
    "f8564fff-2467-4128-b041-833a728618b1" -- Block_ID : UNIQUE_ID
);
INSERT INTO V_VAL VALUES (
    "b016a19a-5f51-454c-b103-001778bf66fd", -- Value_ID : UNIQUE_ID
    0, -- isLValue : BOOLEAN
    0, -- isImplicit : BOOLEAN
    1, -- LineNumber : INTEGER
    33, -- StartPosition : INTEGER
    39, -- EndPosition : INTEGER
    0, -- firstParameterLabelLineNumber : INTEGER
    0, -- firstParameterLabelColumn : INTEGER
    0, -- currentLaterParameterLabelLineNumber : INTEGER
    0, -- currentLaterParameterLabelColumn : INTEGER
    "ba5eda7a-def5-0000-0000-000000000004", -- DT_ID : UNIQUE_ID
    "f8564fff-2467-4128-b041-833a728618b1" -- Block_ID : UNIQUE_ID
);
INSERT INTO V_VAL VALUES (
    "faa3683b-42e2-4b34-8e44-7b679d85954f", -- Value_ID : UNIQUE_ID
    0, -- isLValue : BOOLEAN
    0, -- isImplicit : BOOLEAN
    1, -- LineNumber : INTEGER
    41, -- StartPosition : INTEGER
    41, -- EndPosition : INTEGER
    0, -- firstParameterLabelLineNumber : INTEGER
    0, -- firstParameterLabelColumn : INTEGER
    0, -- currentLaterParameterLabelLineNumber : INTEGER
    0, -- currentLaterParameterLabelColumn : INTEGER
    "ba5eda7a-def5-0000-0000-000000000002", -- DT_ID : UNIQUE_ID
    "f8564fff-2467-4128-b041-833a728618b1" -- Block_ID : UNIQUE_ID
);
INSERT INTO V_VAL VALUES (
    "7062b7fe-a500-4442-ab75-26c5bc7b0e18", -- Value_ID : UNIQUE_ID
    1, -- isLValue : BOOLEAN
    0, -- isImplicit : BOOLEAN
    1, -- LineNumber : INTEGER
    33, -- StartPosition : INTEGER
    42, -- EndPosition : INTEGER
    0, -- firstParameterLabelLineNumber : INTEGER
    0, -- firstParameterLabelColumn : INTEGER
    0, -- currentLaterParameterLabelLineNumber : INTEGER
    0, -- currentLaterParameterLabelColumn : INTEGER
    "ba5eda7a-def5-0000-0000-000000000004", -- DT_ID : UNIQUE_ID
    "f8564fff-2467-4128-b041-833a728618b1" -- Block_ID : UNIQUE_ID
);
INSERT INTO V_VAL VALUES (
    "a90a3259-3a6a-4022-aa93-93f354c47c14", -- Value_ID : UNIQUE_ID
    0, -- isLValue : BOOLEAN
    0, -- isImplicit : BOOLEAN
    1, -- LineNumber : INTEGER
    60, -- StartPosition : INTEGER
    62, -- EndPosition : INTEGER
    0, -- firstParameterLabelLineNumber : INTEGER
    0, -- firstParameterLabelColumn : INTEGER
    0, -- currentLaterParameterLabelLineNumber : INTEGER
    0, -- currentLaterParameterLabelColumn : INTEGER
    "ba5eda7a-def5-0000-0000-000000000004", -- DT_ID : UNIQUE_ID
    "f8564fff-2467-4128-b041-833a728618b1" -- Block_ID : UNIQUE_ID
);
INSERT INTO V_VAL VALUES (
    "8a88a2db-8435-4805-8244-c4aeefb65314", -- Value_ID : UNIQUE_ID
    0, -- isLValue : BOOLEAN
    0, -- isImplicit : BOOLEAN
    1, -- LineNumber : INTEGER
    49, -- StartPosition : INTEGER
    55, -- EndPosition : INTEGER
    0, -- firstParameterLabelLineNumber : INTEGER
    0, -- firstParameterLabelColumn : INTEGER
    0, -- currentLaterParameterLabelLineNumber : INTEGER
    0, -- currentLaterParameterLabelColumn : INTEGER
    "ba5eda7a-def5-0000-0000-000000000004", -- DT_ID : UNIQUE_ID
    "f8564fff-2467-4128-b041-833a728618b1" -- Block_ID : UNIQUE_ID
);
INSERT INTO V_VAL VALUES (
    "5b32c2a3-995f-40a3-8789-ba34cd09e997", -- Value_ID : UNIQUE_ID
    0, -- isLValue : BOOLEAN
    0, -- isImplicit : BOOLEAN
    1, -- LineNumber : INTEGER
    57, -- StartPosition : INTEGER
    57, -- EndPosition : INTEGER
    0, -- firstParameterLabelLineNumber : INTEGER
    0, -- firstParameterLabelColumn : INTEGER
    0, -- currentLaterParameterLabelLineNumber : INTEGER
    0, -- currentLaterParameterLabelColumn : INTEGER
    "ba5eda7a-def5-0000-0000-000000000002", -- DT_ID : UNIQUE_ID
    "f8564fff-2467-4128-b041-833a728618b1" -- Block_ID : UNIQUE_ID
);
INSERT INTO V_VAL VALUES (
    "746467ab-b1fb-4c95-ac85-89174dfd7f62", -- Value_ID : UNIQUE_ID
    1, -- isLValue : BOOLEAN
    0, -- isImplicit : BOOLEAN
    1, -- LineNumber : INTEGER
    49, -- StartPosition : INTEGER
    58, -- EndPosition : INTEGER
    0, -- firstParameterLabelLineNumber : INTEGER
    0, -- firstParameterLabelColumn : INTEGER
    0, -- currentLaterParameterLabelLineNumber : INTEGER
    0, -- currentLaterParameterLabelColumn : INTEGER
    "ba5eda7a-def5-0000-0000-000000000004", -- DT_ID : UNIQUE_ID
    "f8564fff-2467-4128-b041-833a728618b1" -- Block_ID : UNIQUE_ID
);
INSERT INTO V_VAL VALUES (
    "16d90b34-b8a9-4094-8e3e-3051e203e13a", -- Value_ID : UNIQUE_ID
    0, -- isLValue : BOOLEAN
    0, -- isImplicit : BOOLEAN
    1, -- LineNumber : INTEGER
    76, -- StartPosition : INTEGER
    78, -- EndPosition : INTEGER
    0, -- firstParameterLabelLineNumber : INTEGER
    0, -- firstParameterLabelColumn : INTEGER
    0, -- currentLaterParameterLabelLineNumber : INTEGER
    0, -- currentLaterParameterLabelColumn : INTEGER
    "ba5eda7a-def5-0000-0000-000000000004", -- DT_ID : UNIQUE_ID
    "f8564fff-2467-4128-b041-833a728618b1" -- Block_ID : UNIQUE_ID
);
INSERT INTO V_VAL VALUES (
    "99407273-17a9-4ecb-8933-66608d2a1dbe", -- Value_ID : UNIQUE_ID
    0, -- isLValue : BOOLEAN
    0, -- isImplicit : BOOLEAN
    1, -- LineNumber : INTEGER
    65, -- StartPosition : INTEGER
    71, -- EndPosition : INTEGER
    0, -- firstParameterLabelLineNumber : INTEGER
    0, -- firstParameterLabelColumn : INTEGER
    0, -- currentLaterParameterLabelLineNumber : INTEGER
    0, -- currentLaterParameterLabelColumn : INTEGER
    "ba5eda7a-def5-0000-0000-000000000004", -- DT_ID : UNIQUE_ID
    "f8564fff-2467-4128-b041-833a728618b1" -- Block_ID : UNIQUE_ID
);
INSERT INTO V_VAL VALUES (
    "9a4a4db4-65aa-43cb-95ff-a7c7a26541a6", -- Value_ID : UNIQUE_ID
    0, -- isLValue : BOOLEAN
    0, -- isImplicit : BOOLEAN
    1, -- LineNumber : INTEGER
    73, -- StartPosition : INTEGER
    73, -- EndPosition : INTEGER
    0, -- firstParameterLabelLineNumber : INTEGER
    0, -- firstParameterLabelColumn : INTEGER
    0, -- currentLaterParameterLabelLineNumber : INTEGER
    0, -- currentLaterParameterLabelColumn : INTEGER
    "ba5eda7a-def5-0000-0000-000000000002", -- DT_ID : UNIQUE_ID
    "f8564fff-2467-4128-b041-833a728618b1" -- Block_ID : UNIQUE_ID
);
INSERT INTO V_VAL VALUES (
    "9b501359-e342-4aac-a3f2-6ac51a1aa934", -- Value_ID : UNIQUE_ID
    1, -- isLValue : BOOLEAN
    0, -- isImplicit : BOOLEAN
    1, -- LineNumber : INTEGER
    65, -- StartPosition : INTEGER
    74, -- EndPosition : INTEGER
    0, -- firstParameterLabelLineNumber : INTEGER
    0, -- firstParameterLabelColumn : INTEGER
    0, -- currentLaterParameterLabelLineNumber : INTEGER
    0, -- currentLaterParameterLabelColumn : INTEGER
    "ba5eda7a-def5-0000-0000-000000000004", -- DT_ID : UNIQUE_ID
    "f8564fff-2467-4128-b041-833a728618b1" -- Block_ID : UNIQUE_ID
);
INSERT INTO V_VAL VALUES (
    "a10a83cd-e769-4704-b4bf-612bd4c7d52a", -- Value_ID : UNIQUE_ID
    0, -- isLValue : BOOLEAN
    0, -- isImplicit : BOOLEAN
    2, -- LineNumber : INTEGER
    12, -- StartPosition : INTEGER
    14, -- EndPosition : INTEGER
    0, -- firstParameterLabelLineNumber : INTEGER
    0, -- firstParameterLabelColumn : INTEGER
    0, -- currentLaterParameterLabelLineNumber : INTEGER
    0, -- currentLaterParameterLabelColumn : INTEGER
    "ba5eda7a-def5-0000-0000-000000000004", -- DT_ID : UNIQUE_ID
    "f8564fff-2467-4128-b041-833a728618b1" -- Block_ID : UNIQUE_ID
);
INSERT INTO V_VAL VALUES (
    "2d81147f-a318-4789-ac06-7ec681fce91e", -- Value_ID : UNIQUE_ID
    0, -- isLValue : BOOLEAN
    0, -- isImplicit : BOOLEAN
    2, -- LineNumber : INTEGER
    1, -- StartPosition : INTEGER
    7, -- EndPosition : INTEGER
    0, -- firstParameterLabelLineNumber : INTEGER
    0, -- firstParameterLabelColumn : INTEGER
    0, -- currentLaterParameterLabelLineNumber : INTEGER
    0, -- currentLaterParameterLabelColumn : INTEGER
    "ba5eda7a-def5-0000-0000-000000000004", -- DT_ID : UNIQUE_ID
    "f8564fff-2467-4128-b041-833a728618b1" -- Block_ID : UNIQUE_ID
);
INSERT INTO V_VAL VALUES (
    "ac910d0c-13b9-4306-ab37-28d4d47fe156", -- Value_ID : UNIQUE_ID
    0, -- isLValue : BOOLEAN
    0, -- isImplicit : BOOLEAN
    2, -- LineNumber : INTEGER
    9, -- StartPosition : INTEGER
    9, -- EndPosition : INTEGER
    0, -- firstParameterLabelLineNumber : INTEGER
    0, -- firstParameterLabelColumn : INTEGER
    0, -- currentLaterParameterLabelLineNumber : INTEGER
    0, -- currentLaterParameterLabelColumn : INTEGER
    "ba5eda7a-def5-0000-0000-000000000002", -- DT_ID : UNIQUE_ID
    "f8564fff-2467-4128-b041-833a728618b1" -- Block_ID : UNIQUE_ID
);
INSERT INTO V_VAL VALUES (
    "25f5c9e6-386b-48ec-a917-75d1ab25df2d", -- Value_ID : UNIQUE_ID
    1, -- isLValue : BOOLEAN
    0, -- isImplicit : BOOLEAN
    2, -- LineNumber : INTEGER
    1, -- StartPosition : INTEGER
    10, -- EndPosition : INTEGER
    0, -- firstParameterLabelLineNumber : INTEGER
    0, -- firstParameterLabelColumn : INTEGER
    0, -- currentLaterParameterLabelLineNumber : INTEGER
    0, -- currentLaterParameterLabelColumn : INTEGER
    "ba5eda7a-def5-0000-0000-000000000004", -- DT_ID : UNIQUE_ID
    "f8564fff-2467-4128-b041-833a728618b1" -- Block_ID : UNIQUE_ID
);
INSERT INTO V_VAL VALUES (
    "d9f352cf-ec1b-4b5b-859c-b259abd35c31", -- Value_ID : UNIQUE_ID
    0, -- isLValue : BOOLEAN
    0, -- isImplicit : BOOLEAN
    2, -- LineNumber : INTEGER
    28, -- StartPosition : INTEGER
    30, -- EndPosition : INTEGER
    0, -- firstParameterLabelLineNumber : INTEGER
    0, -- firstParameterLabelColumn : INTEGER
    0, -- currentLaterParameterLabelLineNumber : INTEGER
    0, -- currentLaterParameterLabelColumn : INTEGER
    "ba5eda7a-def5-0000-0000-000000000004", -- DT_ID : UNIQUE_ID
    "f8564fff-2467-4128-b041-833a728618b1" -- Block_ID : UNIQUE_ID
);
INSERT INTO V_VAL VALUES (
    "6ca282b3-e37a-4014-8079-ebbe0c4a6d05", -- Value_ID : UNIQUE_ID
    0, -- isLValue : BOOLEAN
    0, -- isImplicit : BOOLEAN
    2, -- LineNumber : INTEGER
    17, -- StartPosition : INTEGER
    23, -- EndPosition : INTEGER
    0, -- firstParameterLabelLineNumber : INTEGER
    0, -- firstParameterLabelColumn : INTEGER
    0, -- currentLaterParameterLabelLineNumber : INTEGER
    0, -- currentLaterParameterLabelColumn : INTEGER
    "ba5eda7a-def5-0000-0000-000000000004", -- DT_ID : UNIQUE_ID
    "f8564fff-2467-4128-b041-833a728618b1" -- Block_ID : UNIQUE_ID
);
INSERT INTO V_VAL VALUES (
    "57299806-ab3f-4714-b852-3dcaf269cd5a", -- Value_ID : UNIQUE_ID
    0, -- isLValue : BOOLEAN
    0, -- isImplicit : BOOLEAN
    2, -- LineNumber : INTEGER
    25, -- StartPosition : INTEGER
    25, -- EndPosition : INTEGER
    0, -- firstParameterLabelLineNumber : INTEGER
    0, -- firstParameterLabelColumn : INTEGER
    0, -- currentLaterParameterLabelLineNumber : INTEGER
    0, -- currentLaterParameterLabelColumn : INTEGER
    "ba5eda7a-def5-0000-0000-000000000002", -- DT_ID : UNIQUE_ID
    "f8564fff-2467-4128-b041-833a728618b1" -- Block_ID : UNIQUE_ID
);
INSERT INTO V_VAL VALUES (
    "dd0cc7d1-2625-487c-8e4f-70231afaad8f", -- Value_ID : UNIQUE_ID
    1, -- isLValue : BOOLEAN
    0, -- isImplicit : BOOLEAN
    2, -- LineNumber : INTEGER
    17, -- StartPosition : INTEGER
    26, -- EndPosition : INTEGER
    0, -- firstParameterLabelLineNumber : INTEGER
    0, -- firstParameterLabelColumn : INTEGER
    0, -- currentLaterParameterLabelLineNumber : INTEGER
    0, -- currentLaterParameterLabelColumn : INTEGER
    "ba5eda7a-def5-0000-0000-000000000004", -- DT_ID : UNIQUE_ID
    "f8564fff-2467-4128-b041-833a728618b1" -- Block_ID : UNIQUE_ID
);
INSERT INTO V_VAL VALUES (
    "3293a068-f54a-4bc1-a212-07d32b997a78", -- Value_ID : UNIQUE_ID
    0, -- isLValue : BOOLEAN
    0, -- isImplicit : BOOLEAN
    2, -- LineNumber : INTEGER
    44, -- StartPosition : INTEGER
    46, -- EndPosition : INTEGER
    0, -- firstParameterLabelLineNumber : INTEGER
    0, -- firstParameterLabelColumn : INTEGER
    0, -- currentLaterParameterLabelLineNumber : INTEGER
    0, -- currentLaterParameterLabelColumn : INTEGER
    "ba5eda7a-def5-0000-0000-000000000004", -- DT_ID : UNIQUE_ID
    "f8564fff-2467-4128-b041-833a728618b1" -- Block_ID : UNIQUE_ID
);
INSERT INTO V_VAL VALUES (
    "1c6a0d55-73cf-43ba-82c7-a066fe607ec8", -- Value_ID : UNIQUE_ID
    0, -- isLValue : BOOLEAN
    0, -- isImplicit : BOOLEAN
    2, -- LineNumber : INTEGER
    33, -- StartPosition : INTEGER
    39, -- EndPosition : INTEGER
    0, -- firstParameterLabelLineNumber : INTEGER
    0, -- firstParameterLabelColumn : INTEGER
    0, -- currentLaterParameterLabelLineNumber : INTEGER
    0, -- currentLaterParameterLabelColumn : INTEGER
    "ba5eda7a-def5-0000-0000-000000000004", -- DT_ID : UNIQUE_ID
    "f8564fff-2467-4128-b041-833a728618b1" -- Block_ID : UNIQUE_ID
);
INSERT INTO V_VAL VALUES (
    "c93d34f0-3d03-4734-b02f-4c041a6796ee", -- Value_ID : UNIQUE_ID
    0, -- isLValue : BOOLEAN
    0, -- isImplicit : BOOLEAN
    2, -- LineNumber : INTEGER
    41, -- StartPosition : INTEGER
    41, -- EndPosition : INTEGER
    0, -- firstParameterLabelLineNumber : INTEGER
    0, -- firstParameterLabelColumn : INTEGER
    0, -- currentLaterParameterLabelLineNumber : INTEGER
    0, -- currentLaterParameterLabelColumn : INTEGER
    "ba5eda7a-def5-0000-0000-000000000002", -- DT_ID : UNIQUE_ID
    "f8564fff-2467-4128-b041-833a728618b1" -- Block_ID : UNIQUE_ID
);
INSERT INTO V_VAL VALUES (
    "9e8ef935-885e-4c23-8966-015b335b5c1a", -- Value_ID : UNIQUE_ID
    1, -- isLValue : BOOLEAN
    0, -- isImplicit : BOOLEAN
    2, -- LineNumber : INTEGER
    33, -- StartPosition : INTEGER
    42, -- EndPosition : INTEGER
    0, -- firstParameterLabelLineNumber : INTEGER
    0, -- firstParameterLabelColumn : INTEGER
    0, -- currentLaterParameterLabelLineNumber : INTEGER
    0, -- currentLaterParameterLabelColumn : INTEGER
    "ba5eda7a-def5-0000-0000-000000000004", -- DT_ID : UNIQUE_ID
    "f8564fff-2467-4128-b041-833a728618b1" -- Block_ID : UNIQUE_ID
);
INSERT INTO V_VAL VALUES (
    "f57d6bd1-80c6-4ac2-9b59-5955112e9454", -- Value_ID : UNIQUE_ID
    0, -- isLValue : BOOLEAN
    0, -- isImplicit : BOOLEAN
    2, -- LineNumber : INTEGER
    60, -- StartPosition : INTEGER
    62, -- EndPosition : INTEGER
    0, -- firstParameterLabelLineNumber : INTEGER
    0, -- firstParameterLabelColumn : INTEGER
    0, -- currentLaterParameterLabelLineNumber : INTEGER
    0, -- currentLaterParameterLabelColumn : INTEGER
    "ba5eda7a-def5-0000-0000-000000000004", -- DT_ID : UNIQUE_ID
    "f8564fff-2467-4128-b041-833a728618b1" -- Block_ID : UNIQUE_ID
);
INSERT INTO V_VAL VALUES (
    "eb1ed4ce-539d-446c-ac6e-fad3c812a716", -- Value_ID : UNIQUE_ID
    0, -- isLValue : BOOLEAN
    0, -- isImplicit : BOOLEAN
    2, -- LineNumber : INTEGER
    49, -- StartPosition : INTEGER
    55, -- EndPosition : INTEGER
    0, -- firstParameterLabelLineNumber : INTEGER
    0, -- firstParameterLabelColumn : INTEGER
    0, -- currentLaterParameterLabelLineNumber : INTEGER
    0, -- currentLaterParameterLabelColumn : INTEGER
    "ba5eda7a-def5-0000-0000-000000000004", -- DT_ID : UNIQUE_ID
    "f8564fff-2467-4128-b041-833a728618b1" -- Block_ID : UNIQUE_ID
);
INSERT INTO V_VAL VALUES (
    "2a74dd8f-f651-44fa-ae37-40d61c0ee3e6", -- Value_ID : UNIQUE_ID
    0, -- isLValue : BOOLEAN
    0, -- isImplicit : BOOLEAN
    2, -- LineNumber : INTEGER
    57, -- StartPosition : INTEGER
    57, -- EndPosition : INTEGER
    0, -- firstParameterLabelLineNumber : INTEGER
    0, -- firstParameterLabelColumn : INTEGER
    0, -- currentLaterParameterLabelLineNumber : INTEGER
    0, -- currentLaterParameterLabelColumn : INTEGER
    "ba5eda7a-def5-0000-0000-000000000002", -- DT_ID : UNIQUE_ID
    "f8564fff-2467-4128-b041-833a728618b1" -- Block_ID : UNIQUE_ID
);
INSERT INTO V_VAL VALUES (
    "65d1d70e-8cb8-40b0-849a-b4ce4c8333e4", -- Value_ID : UNIQUE_ID
    1, -- isLValue : BOOLEAN
    0, -- isImplicit : BOOLEAN
    2, -- LineNumber : INTEGER
    49, -- StartPosition : INTEGER
    58, -- EndPosition : INTEGER
    0, -- firstParameterLabelLineNumber : INTEGER
    0, -- firstParameterLabelColumn : INTEGER
    0, -- currentLaterParameterLabelLineNumber : INTEGER
    0, -- currentLaterParameterLabelColumn : INTEGER
    "ba5eda7a-def5-0000-0000-000000000004", -- DT_ID : UNIQUE_ID
    "f8564fff-2467-4128-b041-833a728618b1" -- Block_ID : UNIQUE_ID
);
INSERT INTO V_VAL VALUES (
    "7766060e-de01-4c5f-b750-a8f8cc85a05f", -- Value_ID : UNIQUE_ID
    0, -- isLValue : BOOLEAN
    0, -- isImplicit : BOOLEAN
    2, -- LineNumber : INTEGER
    76, -- StartPosition : INTEGER
    78, -- EndPosition : INTEGER
    0, -- firstParameterLabelLineNumber : INTEGER
    0, -- firstParameterLabelColumn : INTEGER
    0, -- currentLaterParameterLabelLineNumber : INTEGER
    0, -- currentLaterParameterLabelColumn : INTEGER
    "ba5eda7a-def5-0000-0000-000000000004", -- DT_ID : UNIQUE_ID
    "f8564fff-2467-4128-b041-833a728618b1" -- Block_ID : UNIQUE_ID
);
INSERT INTO V_VAL VALUES (
    "28811e16-0d50-4845-8ed2-9cd10711f833", -- Value_ID : UNIQUE_ID
    0, -- isLValue : BOOLEAN
    0, -- isImplicit : BOOLEAN
    2, -- LineNumber : INTEGER
    65, -- StartPosition : INTEGER
    71, -- EndPosition : INTEGER
    0, -- firstParameterLabelLineNumber : INTEGER
    0, -- firstParameterLabelColumn : INTEGER
    0, -- currentLaterParameterLabelLineNumber : INTEGER
    0, -- currentLaterParameterLabelColumn : INTEGER
    "ba5eda7a-def5-0000-0000-000000000004", -- DT_ID : UNIQUE_ID
    "f8564fff-2467-4128-b041-833a728618b1" -- Block_ID : UNIQUE_ID
);
INSERT INTO V_VAL VALUES (
    "35010c7f-9b71-4127-9666-fe7fea7c6f6d", -- Value_ID : UNIQUE_ID
    0, -- isLValue : BOOLEAN
    0, -- isImplicit : BOOLEAN
    2, -- LineNumber : INTEGER
    73, -- StartPosition : INTEGER
    73, -- EndPosition : INTEGER
    0, -- firstParameterLabelLineNumber : INTEGER
    0, -- firstParameterLabelColumn : INTEGER
    0, -- currentLaterParameterLabelLineNumber : INTEGER
    0, -- currentLaterParameterLabelColumn : INTEGER
    "ba5eda7a-def5-0000-0000-000000000002", -- DT_ID : UNIQUE_ID
    "f8564fff-2467-4128-b041-833a728618b1" -- Block_ID : UNIQUE_ID
);
INSERT INTO V_VAL VALUES (
    "f0e3ddec-979a-49a8-9d11-f423b1c5d2aa", -- Value_ID : UNIQUE_ID
    1, -- isLValue : BOOLEAN
    0, -- isImplicit : BOOLEAN
    2, -- LineNumber : INTEGER
    65, -- StartPosition : INTEGER
    74, -- EndPosition : INTEGER
    0, -- firstParameterLabelLineNumber : INTEGER
    0, -- firstParameterLabelColumn : INTEGER
    0, -- currentLaterParameterLabelLineNumber : INTEGER
    0, -- currentLaterParameterLabelColumn : INTEGER
    "ba5eda7a-def5-0000-0000-000000000004", -- DT_ID : UNIQUE_ID
    "f8564fff-2467-4128-b041-833a728618b1" -- Block_ID : UNIQUE_ID
);
INSERT INTO V_VAL VALUES (
    "87a1c143-d5d7-4d3f-b50a-613e0344bdaf", -- Value_ID : UNIQUE_ID
    0, -- isLValue : BOOLEAN
    0, -- isImplicit : BOOLEAN
    4, -- LineNumber : INTEGER
    5, -- StartPosition : INTEGER
    11, -- EndPosition : INTEGER
    0, -- firstParameterLabelLineNumber : INTEGER
    0, -- firstParameterLabelColumn : INTEGER
    0, -- currentLaterParameterLabelLineNumber : INTEGER
    0, -- currentLaterParameterLabelColumn : INTEGER
    "ba5eda7a-def5-0000-0000-000000000002", -- DT_ID : UNIQUE_ID
    "f8564fff-2467-4128-b041-833a728618b1" -- Block_ID : UNIQUE_ID
);
INSERT INTO V_VAL VALUES (
    "e01d0854-76f6-47eb-8b42-440ef9214213", -- Value_ID : UNIQUE_ID
    1, -- isLValue : BOOLEAN
    1, -- isImplicit : BOOLEAN
    4, -- LineNumber : INTEGER
    1, -- StartPosition : INTEGER
    1, -- EndPosition : INTEGER
    0, -- firstParameterLabelLineNumber : INTEGER
    0, -- firstParameterLabelColumn : INTEGER
    0, -- currentLaterParameterLabelLineNumber : INTEGER
    0, -- currentLaterParameterLabelColumn : INTEGER
    "ba5eda7a-def5-0000-0000-000000000002", -- DT_ID : UNIQUE_ID
    "f8564fff-2467-4128-b041-833a728618b1" -- Block_ID : UNIQUE_ID
);
INSERT INTO V_VAL VALUES (
    "9be5b790-733f-455c-b3d4-b06cf3b2b7b1", -- Value_ID : UNIQUE_ID
    0, -- isLValue : BOOLEAN
    0, -- isImplicit : BOOLEAN
    4, -- LineNumber : INTEGER
    18, -- StartPosition : INTEGER
    19, -- EndPosition : INTEGER
    0, -- firstParameterLabelLineNumber : INTEGER
    0, -- firstParameterLabelColumn : INTEGER
    0, -- currentLaterParameterLabelLineNumber : INTEGER
    0, -- currentLaterParameterLabelColumn : INTEGER
    "ba5eda7a-def5-0000-0000-000000000004", -- DT_ID : UNIQUE_ID
    "f8564fff-2467-4128-b041-833a728618b1" -- Block_ID : UNIQUE_ID
);
INSERT INTO V_VAL VALUES (
    "377f27a1-058f-4de7-a262-238fd1f4c0bb", -- Value_ID : UNIQUE_ID
    1, -- isLValue : BOOLEAN
    1, -- isImplicit : BOOLEAN
    4, -- LineNumber : INTEGER
    14, -- StartPosition : INTEGER
    14, -- EndPosition : INTEGER
    0, -- firstParameterLabelLineNumber : INTEGER
    0, -- firstParameterLabelColumn : INTEGER
    0, -- currentLaterParameterLabelLineNumber : INTEGER
    0, -- currentLaterParameterLabelColumn : INTEGER
    "ba5eda7a-def5-0000-0000-000000000004", -- DT_ID : UNIQUE_ID
    "f8564fff-2467-4128-b041-833a728618b1" -- Block_ID : UNIQUE_ID
);
INSERT INTO V_VAL VALUES (
    "6beae530-e0f6-44f3-a106-dce76a4e598e", -- Value_ID : UNIQUE_ID
    0, -- isLValue : BOOLEAN
    0, -- isImplicit : BOOLEAN
    5, -- LineNumber : INTEGER
    9, -- StartPosition : INTEGER
    9, -- EndPosition : INTEGER
    0, -- firstParameterLabelLineNumber : INTEGER
    0, -- firstParameterLabelColumn : INTEGER
    0, -- currentLaterParameterLabelLineNumber : INTEGER
    0, -- currentLaterParameterLabelColumn : INTEGER
    "ba5eda7a-def5-0000-0000-000000000002", -- DT_ID : UNIQUE_ID
    "f8564fff-2467-4128-b041-833a728618b1" -- Block_ID : UNIQUE_ID
);
INSERT INTO V_VAL VALUES (
    "f37c844d-d385-47ec-abd1-1b2e97483269", -- Value_ID : UNIQUE_ID
    0, -- isLValue : BOOLEAN
    0, -- isImplicit : BOOLEAN
    5, -- LineNumber : INTEGER
    14, -- StartPosition : INTEGER
    14, -- EndPosition : INTEGER
    0, -- firstParameterLabelLineNumber : INTEGER
    0, -- firstParameterLabelColumn : INTEGER
    0, -- currentLaterParameterLabelLineNumber : INTEGER
    0, -- currentLaterParameterLabelColumn : INTEGER
    "ba5eda7a-def5-0000-0000-000000000002", -- DT_ID : UNIQUE_ID
    "f8564fff-2467-4128-b041-833a728618b1" -- Block_ID : UNIQUE_ID
);
INSERT INTO V_VAL VALUES (
    "670e16b6-9a1e-495b-8e00-3c6e3a7238d2", -- Value_ID : UNIQUE_ID
    0, -- isLValue : BOOLEAN
    0, -- isImplicit : BOOLEAN
    5, -- LineNumber : INTEGER
    7, -- StartPosition : INTEGER
    16, -- EndPosition : INTEGER
    0, -- firstParameterLabelLineNumber : INTEGER
    0, -- firstParameterLabelColumn : INTEGER
    0, -- currentLaterParameterLabelLineNumber : INTEGER
    0, -- currentLaterParameterLabelColumn : INTEGER
    "ba5eda7a-def5-0000-0000-000000000001", -- DT_ID : UNIQUE_ID
    "f8564fff-2467-4128-b041-833a728618b1" -- Block_ID : UNIQUE_ID
);
INSERT INTO V_VAL VALUES (
    "7ca9da6c-d495-494a-afbc-3b4ebf909ca7", -- Value_ID : UNIQUE_ID
    0, -- isLValue : BOOLEAN
    0, -- isImplicit : BOOLEAN
    6, -- LineNumber : INTEGER
    7, -- StartPosition : INTEGER
    7, -- EndPosition : INTEGER
    0, -- firstParameterLabelLineNumber : INTEGER
    0, -- firstParameterLabelColumn : INTEGER
    0, -- currentLaterParameterLabelLineNumber : INTEGER
    0, -- currentLaterParameterLabelColumn : INTEGER
    "ba5eda7a-def5-0000-0000-000000000002", -- DT_ID : UNIQUE_ID
    "565d0f59-966f-4f7a-8ae7-142147cee638" -- Block_ID : UNIQUE_ID
);
INSERT INTO V_VAL VALUES (
    "c9b34c14-d1ee-4bd8-804d-1f7339f1c1c8", -- Value_ID : UNIQUE_ID
    0, -- isLValue : BOOLEAN
    0, -- isImplicit : BOOLEAN
    6, -- LineNumber : INTEGER
    11, -- StartPosition : INTEGER
    12, -- EndPosition : INTEGER
    0, -- firstParameterLabelLineNumber : INTEGER
    0, -- firstParameterLabelColumn : INTEGER
    0, -- currentLaterParameterLabelLineNumber : INTEGER
    0, -- currentLaterParameterLabelColumn : INTEGER
    "ba5eda7a-def5-0000-0000-000000000002", -- DT_ID : UNIQUE_ID
    "565d0f59-966f-4f7a-8ae7-142147cee638" -- Block_ID : UNIQUE_ID
);
INSERT INTO V_VAL VALUES (
    "34ded956-9eab-4b7c-81c0-997e30b94e53", -- Value_ID : UNIQUE_ID
    0, -- isLValue : BOOLEAN
    0, -- isImplicit : BOOLEAN
    6, -- LineNumber : INTEGER
    7, -- StartPosition : INTEGER
    12, -- EndPosition : INTEGER
    0, -- firstParameterLabelLineNumber : INTEGER
    0, -- firstParameterLabelColumn : INTEGER
    0, -- currentLaterParameterLabelLineNumber : INTEGER
    0, -- currentLaterParameterLabelColumn : INTEGER
    "ba5eda7a-def5-0000-0000-000000000002", -- DT_ID : UNIQUE_ID
    "565d0f59-966f-4f7a-8ae7-142147cee638" -- Block_ID : UNIQUE_ID
);
INSERT INTO V_VAL VALUES (
    "8ba01602-8730-4d43-a789-5493cd1d51f1", -- Value_ID : UNIQUE_ID
    1, -- isLValue : BOOLEAN
    1, -- isImplicit : BOOLEAN
    6, -- LineNumber : INTEGER
    3, -- StartPosition : INTEGER
    3, -- EndPosition : INTEGER
    0, -- firstParameterLabelLineNumber : INTEGER
    0, -- firstParameterLabelColumn : INTEGER
    0, -- currentLaterParameterLabelLineNumber : INTEGER
    0, -- currentLaterParameterLabelColumn : INTEGER
    "ba5eda7a-def5-0000-0000-000000000002", -- DT_ID : UNIQUE_ID
    "565d0f59-966f-4f7a-8ae7-142147cee638" -- Block_ID : UNIQUE_ID
);
INSERT INTO V_VAL VALUES (
    "5d85c9a7-dca4-4de5-86d3-b263c3358f15", -- Value_ID : UNIQUE_ID
    0, -- isLValue : BOOLEAN
    0, -- isImplicit : BOOLEAN
    7, -- LineNumber : INTEGER
    7, -- StartPosition : INTEGER
    7, -- EndPosition : INTEGER
    0, -- firstParameterLabelLineNumber : INTEGER
    0, -- firstParameterLabelColumn : INTEGER
    0, -- currentLaterParameterLabelLineNumber : INTEGER
    0, -- currentLaterParameterLabelColumn : INTEGER
    "ba5eda7a-def5-0000-0000-000000000002", -- DT_ID : UNIQUE_ID
    "565d0f59-966f-4f7a-8ae7-142147cee638" -- Block_ID : UNIQUE_ID
);
INSERT INTO V_VAL VALUES (
    "bf479583-640d-4f36-9719-c734efb3d1c8", -- Value_ID : UNIQUE_ID
    0, -- isLValue : BOOLEAN
    0, -- isImplicit : BOOLEAN
    7, -- LineNumber : INTEGER
    11, -- StartPosition : INTEGER
    12, -- EndPosition : INTEGER
    0, -- firstParameterLabelLineNumber : INTEGER
    0, -- firstParameterLabelColumn : INTEGER
    0, -- currentLaterParameterLabelLineNumber : INTEGER
    0, -- currentLaterParameterLabelColumn : INTEGER
    "ba5eda7a-def5-0000-0000-000000000002", -- DT_ID : UNIQUE_ID
    "565d0f59-966f-4f7a-8ae7-142147cee638" -- Block_ID : UNIQUE_ID
);
INSERT INTO V_VAL VALUES (
    "1e0938b8-63f2-4938-a6f3-b3bb0f0385a3", -- Value_ID : UNIQUE_ID
    0, -- isLValue : BOOLEAN
    0, -- isImplicit : BOOLEAN
    7, -- LineNumber : INTEGER
    7, -- StartPosition : INTEGER
    12, -- EndPosition : INTEGER
    0, -- firstParameterLabelLineNumber : INTEGER
    0, -- firstParameterLabelColumn : INTEGER
    0, -- currentLaterParameterLabelLineNumber : INTEGER
    0, -- currentLaterParameterLabelColumn : INTEGER
    "ba5eda7a-def5-0000-0000-000000000002", -- DT_ID : UNIQUE_ID
    "565d0f59-966f-4f7a-8ae7-142147cee638" -- Block_ID : UNIQUE_ID
);
INSERT INTO V_VAL VALUES (
    "89074d0d-5fb6-4ae6-bc33-04685cce5f2c", -- Value_ID : UNIQUE_ID
    1, -- isLValue : BOOLEAN
    0, -- isImplicit : BOOLEAN
    7, -- LineNumber : INTEGER
    3, -- StartPosition : INTEGER
    3, -- EndPosition : INTEGER
    0, -- firstParameterLabelLineNumber : INTEGER
    0, -- firstParameterLabelColumn : INTEGER
    0, -- currentLaterParameterLabelLineNumber : INTEGER
    0, -- currentLaterParameterLabelColumn : INTEGER
    "ba5eda7a-def5-0000-0000-000000000002", -- DT_ID : UNIQUE_ID
    "565d0f59-966f-4f7a-8ae7-142147cee638" -- Block_ID : UNIQUE_ID
);
INSERT INTO V_VAL VALUES (
    "f8d5a357-24a8-44c1-a073-4e9e180e704e", -- Value_ID : UNIQUE_ID
    0, -- isLValue : BOOLEAN
    0, -- isImplicit : BOOLEAN
    8, -- LineNumber : INTEGER
    7, -- StartPosition : INTEGER
    13, -- EndPosition : INTEGER
    0, -- firstParameterLabelLineNumber : INTEGER
    0, -- firstParameterLabelColumn : INTEGER
    0, -- currentLaterParameterLabelLineNumber : INTEGER
    0, -- currentLaterParameterLabelColumn : INTEGER
    "ba5eda7a-def5-0000-0000-000000000004", -- DT_ID : UNIQUE_ID
    "565d0f59-966f-4f7a-8ae7-142147cee638" -- Block_ID : UNIQUE_ID
);
INSERT INTO V_VAL VALUES (
    "1757c9b4-cab7-42ff-ab48-a27eabc45cb2", -- Value_ID : UNIQUE_ID
    0, -- isLValue : BOOLEAN
    0, -- isImplicit : BOOLEAN
    8, -- LineNumber : INTEGER
    16, -- StartPosition : INTEGER
    16, -- EndPosition : INTEGER
    0, -- firstParameterLabelLineNumber : INTEGER
    0, -- firstParameterLabelColumn : INTEGER
    0, -- currentLaterParameterLabelLineNumber : INTEGER
    0, -- currentLaterParameterLabelColumn : INTEGER
    "ba5eda7a-def5-0000-0000-000000000002", -- DT_ID : UNIQUE_ID
    "565d0f59-966f-4f7a-8ae7-142147cee638" -- Block_ID : UNIQUE_ID
);
INSERT INTO V_VAL VALUES (
    "5c43a40e-1607-446f-9b8f-324e26398a48", -- Value_ID : UNIQUE_ID
    0, -- isLValue : BOOLEAN
    0, -- isImplicit : BOOLEAN
    8, -- LineNumber : INTEGER
    7, -- StartPosition : INTEGER
    18, -- EndPosition : INTEGER
    0, -- firstParameterLabelLineNumber : INTEGER
    0, -- firstParameterLabelColumn : INTEGER
    0, -- currentLaterParameterLabelLineNumber : INTEGER
    0, -- currentLaterParameterLabelColumn : INTEGER
    "ba5eda7a-def5-0000-0000-000000000004", -- DT_ID : UNIQUE_ID
    "565d0f59-966f-4f7a-8ae7-142147cee638" -- Block_ID : UNIQUE_ID
);
INSERT INTO V_VAL VALUES (
    "0988d7ca-0db1-47ea-a7e1-8a1ed4d4f70d", -- Value_ID : UNIQUE_ID
    0, -- isLValue : BOOLEAN
    0, -- isImplicit : BOOLEAN
    8, -- LineNumber : INTEGER
    22, -- StartPosition : INTEGER
    22, -- EndPosition : INTEGER
    0, -- firstParameterLabelLineNumber : INTEGER
    0, -- firstParameterLabelColumn : INTEGER
    0, -- currentLaterParameterLabelLineNumber : INTEGER
    0, -- currentLaterParameterLabelColumn : INTEGER
    "ba5eda7a-def5-0000-0000-000000000004", -- DT_ID : UNIQUE_ID
    "565d0f59-966f-4f7a-8ae7-142147cee638" -- Block_ID : UNIQUE_ID
);
INSERT INTO V_VAL VALUES (
    "e014f18c-4aa1-471b-91aa-43317a110d54", -- Value_ID : UNIQUE_ID
    0, -- isLValue : BOOLEAN
    0, -- isImplicit : BOOLEAN
    8, -- LineNumber : INTEGER
    7, -- StartPosition : INTEGER
    22, -- EndPosition : INTEGER
    0, -- firstParameterLabelLineNumber : INTEGER
    0, -- firstParameterLabelColumn : INTEGER
    0, -- currentLaterParameterLabelLineNumber : INTEGER
    0, -- currentLaterParameterLabelColumn : INTEGER
    "ba5eda7a-def5-0000-0000-000000000004", -- DT_ID : UNIQUE_ID
    "565d0f59-966f-4f7a-8ae7-142147cee638" -- Block_ID : UNIQUE_ID
);
INSERT INTO V_VAL VALUES (
    "20143a93-68e8-423b-bc5a-af9f941e29e6", -- Value_ID : UNIQUE_ID
    1, -- isLValue : BOOLEAN
    0, -- isImplicit : BOOLEAN
    8, -- LineNumber : INTEGER
    3, -- StartPosition : INTEGER
    3, -- EndPosition : INTEGER
    0, -- firstParameterLabelLineNumber : INTEGER
    0, -- firstParameterLabelColumn : INTEGER
    0, -- currentLaterParameterLabelLineNumber : INTEGER
    0, -- currentLaterParameterLabelColumn : INTEGER
    "ba5eda7a-def5-0000-0000-000000000004", -- DT_ID : UNIQUE_ID
    "565d0f59-966f-4f7a-8ae7-142147cee638" -- Block_ID : UNIQUE_ID
);
INSERT INTO V_VAL VALUES (
    "04bb49e7-ced7-4949-9f79-357a1cf52340", -- Value_ID : UNIQUE_ID
    0, -- isLValue : BOOLEAN
    0, -- isImplicit : BOOLEAN
    11, -- LineNumber : INTEGER
    8, -- StartPosition : INTEGER
    8, -- EndPosition : INTEGER
    0, -- firstParameterLabelLineNumber : INTEGER
    0, -- firstParameterLabelColumn : INTEGER
    0, -- currentLaterParameterLabelLineNumber : INTEGER
    0, -- currentLaterParameterLabelColumn : INTEGER
    "ba5eda7a-def5-0000-0000-000000000004", -- DT_ID : UNIQUE_ID
    "f8564fff-2467-4128-b041-833a728618b1" -- Block_ID : UNIQUE_ID
);
INSERT INTO V_VAL VALUES (
    "ccc3a168-d740-41d7-b5f5-ce4b1b4add00", -- Value_ID : UNIQUE_ID
    0, -- isLValue : BOOLEAN
    0, -- isImplicit : BOOLEAN
    1, -- LineNumber : INTEGER
    8, -- StartPosition : INTEGER
    8, -- EndPosition : INTEGER
    0, -- firstParameterLabelLineNumber : INTEGER
    0, -- firstParameterLabelColumn : INTEGER
    0, -- currentLaterParameterLabelLineNumber : INTEGER
    0, -- currentLaterParameterLabelColumn : INTEGER
    "ba5eda7a-def5-0000-0000-000000000002", -- DT_ID : UNIQUE_ID
    "51521124-67cb-40d4-91d5-b66c66588f33" -- Block_ID : UNIQUE_ID
);
INSERT INTO V_VAL VALUES (
    "57b68d39-114f-486a-9cbf-9399e2ca7ca4", -- Value_ID : UNIQUE_ID
    0, -- isLValue : BOOLEAN
    0, -- isImplicit : BOOLEAN
    1, -- LineNumber : INTEGER
    8, -- StartPosition : INTEGER
    11, -- EndPosition : INTEGER
    0, -- firstParameterLabelLineNumber : INTEGER
    0, -- firstParameterLabelColumn : INTEGER
    0, -- currentLaterParameterLabelLineNumber : INTEGER
    0, -- currentLaterParameterLabelColumn : INTEGER
    "ba5eda7a-def5-0000-0000-000000000001", -- DT_ID : UNIQUE_ID
    "6cbd2f3f-befa-4306-b17e-f16290b67063" -- Block_ID : UNIQUE_ID
);
INSERT INTO V_VAL VALUES (
    "fef34a9e-e7b9-43d3-a4bb-2905f994fb6e", -- Value_ID : UNIQUE_ID
    0, -- isLValue : BOOLEAN
    0, -- isImplicit : BOOLEAN
    1, -- LineNumber : INTEGER
    8, -- StartPosition : INTEGER
    11, -- EndPosition : INTEGER
    0, -- firstParameterLabelLineNumber : INTEGER
    0, -- firstParameterLabelColumn : INTEGER
    0, -- currentLaterParameterLabelLineNumber : INTEGER
    0, -- currentLaterParameterLabelColumn : INTEGER
    "ba5eda7a-def5-0000-0000-000000000001", -- DT_ID : UNIQUE_ID
    "22fff876-98ce-4226-b4e9-e100a1c3ccb0" -- Block_ID : UNIQUE_ID
);
INSERT INTO V_VAL VALUES (
    "780610eb-63ec-4c4f-8cc8-795e888609ad", -- Value_ID : UNIQUE_ID
    0, -- isLValue : BOOLEAN
    0, -- isImplicit : BOOLEAN
    6, -- LineNumber : INTEGER
    1, -- StartPosition : INTEGER
    72, -- EndPosition : INTEGER
    0, -- firstParameterLabelLineNumber : INTEGER
    0, -- firstParameterLabelColumn : INTEGER
    0, -- currentLaterParameterLabelLineNumber : INTEGER
    0, -- currentLaterParameterLabelColumn : INTEGER
    "ba5eda7a-def5-0000-0000-000000000000", -- DT_ID : UNIQUE_ID
    "2c22fc6a-d70f-4d6a-98c0-90b30daca94d" -- Block_ID : UNIQUE_ID
);
INSERT INTO V_VAL VALUES (
    "f5bbe2ef-87df-4f58-9a9c-eb00b1b1a4be", -- Value_ID : UNIQUE_ID
    0, -- isLValue : BOOLEAN
    0, -- isImplicit : BOOLEAN
    6, -- LineNumber : INTEGER
    23, -- StartPosition : INTEGER
    46, -- EndPosition : INTEGER
    0, -- firstParameterLabelLineNumber : INTEGER
    0, -- firstParameterLabelColumn : INTEGER
    0, -- currentLaterParameterLabelLineNumber : INTEGER
    0, -- currentLaterParameterLabelColumn : INTEGER
    "ba5eda7a-def5-0000-0000-000000000004", -- DT_ID : UNIQUE_ID
    "2c22fc6a-d70f-4d6a-98c0-90b30daca94d" -- Block_ID : UNIQUE_ID
);
INSERT INTO V_VAL VALUES (
    "c278c1cf-4aed-4928-ba43-942220a0d51a", -- Value_ID : UNIQUE_ID
    0, -- isLValue : BOOLEAN
    0, -- isImplicit : BOOLEAN
    6, -- LineNumber : INTEGER
    49, -- StartPosition : INTEGER
    52, -- EndPosition : INTEGER
    0, -- firstParameterLabelLineNumber : INTEGER
    0, -- firstParameterLabelColumn : INTEGER
    0, -- currentLaterParameterLabelLineNumber : INTEGER
    0, -- currentLaterParameterLabelColumn : INTEGER
    "ba5eda7a-def5-0000-0000-000000000008", -- DT_ID : UNIQUE_ID
    "2c22fc6a-d70f-4d6a-98c0-90b30daca94d" -- Block_ID : UNIQUE_ID
);
INSERT INTO V_VAL VALUES (
    "87a4f6ac-ec98-4cf0-ae21-c4c7991cc540", -- Value_ID : UNIQUE_ID
    0, -- isLValue : BOOLEAN
    0, -- isImplicit : BOOLEAN
    6, -- LineNumber : INTEGER
    49, -- StartPosition : INTEGER
    58, -- EndPosition : INTEGER
    0, -- firstParameterLabelLineNumber : INTEGER
    0, -- firstParameterLabelColumn : INTEGER
    0, -- currentLaterParameterLabelLineNumber : INTEGER
    0, -- currentLaterParameterLabelColumn : INTEGER
    "ba5eda7a-def5-0000-0000-000000000004", -- DT_ID : UNIQUE_ID
    "2c22fc6a-d70f-4d6a-98c0-90b30daca94d" -- Block_ID : UNIQUE_ID
);
INSERT INTO V_VAL VALUES (
    "fe24442b-adc2-48f5-990f-1f627c21d8de", -- Value_ID : UNIQUE_ID
    0, -- isLValue : BOOLEAN
    0, -- isImplicit : BOOLEAN
    6, -- LineNumber : INTEGER
    23, -- StartPosition : INTEGER
    58, -- EndPosition : INTEGER
    0, -- firstParameterLabelLineNumber : INTEGER
    0, -- firstParameterLabelColumn : INTEGER
    0, -- currentLaterParameterLabelLineNumber : INTEGER
    0, -- currentLaterParameterLabelColumn : INTEGER
    "ba5eda7a-def5-0000-0000-000000000004", -- DT_ID : UNIQUE_ID
    "2c22fc6a-d70f-4d6a-98c0-90b30daca94d" -- Block_ID : UNIQUE_ID
);
INSERT INTO V_VAL VALUES (
    "b535c4cc-9ee8-444b-9095-adc785ccc26f", -- Value_ID : UNIQUE_ID
    0, -- isLValue : BOOLEAN
    0, -- isImplicit : BOOLEAN
    6, -- LineNumber : INTEGER
    62, -- StartPosition : INTEGER
    65, -- EndPosition : INTEGER
    0, -- firstParameterLabelLineNumber : INTEGER
    0, -- firstParameterLabelColumn : INTEGER
    0, -- currentLaterParameterLabelLineNumber : INTEGER
    0, -- currentLaterParameterLabelColumn : INTEGER
    "ba5eda7a-def5-0000-0000-000000000008", -- DT_ID : UNIQUE_ID
    "2c22fc6a-d70f-4d6a-98c0-90b30daca94d" -- Block_ID : UNIQUE_ID
);
INSERT INTO V_VAL VALUES (
    "25434aa0-0379-4b2e-ab31-34fcc882dc6e", -- Value_ID : UNIQUE_ID
    0, -- isLValue : BOOLEAN
    0, -- isImplicit : BOOLEAN
    6, -- LineNumber : INTEGER
    62, -- StartPosition : INTEGER
    71, -- EndPosition : INTEGER
    0, -- firstParameterLabelLineNumber : INTEGER
    0, -- firstParameterLabelColumn : INTEGER
    0, -- currentLaterParameterLabelLineNumber : INTEGER
    0, -- currentLaterParameterLabelColumn : INTEGER
    "ba5eda7a-def5-0000-0000-000000000004", -- DT_ID : UNIQUE_ID
    "2c22fc6a-d70f-4d6a-98c0-90b30daca94d" -- Block_ID : UNIQUE_ID
);
INSERT INTO V_VAL VALUES (
    "db7663a3-7142-4989-9a41-ce4c926ecee5", -- Value_ID : UNIQUE_ID
    0, -- isLValue : BOOLEAN
    0, -- isImplicit : BOOLEAN
    6, -- LineNumber : INTEGER
    23, -- StartPosition : INTEGER
    71, -- EndPosition : INTEGER
    0, -- firstParameterLabelLineNumber : INTEGER
    0, -- firstParameterLabelColumn : INTEGER
    0, -- currentLaterParameterLabelLineNumber : INTEGER
    0, -- currentLaterParameterLabelColumn : INTEGER
    "ba5eda7a-def5-0000-0000-000000000004", -- DT_ID : UNIQUE_ID
    "2c22fc6a-d70f-4d6a-98c0-90b30daca94d" -- Block_ID : UNIQUE_ID
);
INSERT INTO V_VAL VALUES (
    "f721b43d-910d-440c-8635-4b3ae068cdf8", -- Value_ID : UNIQUE_ID
    0, -- isLValue : BOOLEAN
    0, -- isImplicit : BOOLEAN
    2, -- LineNumber : INTEGER
    14, -- StartPosition : INTEGER
    32, -- EndPosition : INTEGER
    0, -- firstParameterLabelLineNumber : INTEGER
    0, -- firstParameterLabelColumn : INTEGER
    0, -- currentLaterParameterLabelLineNumber : INTEGER
    0, -- currentLaterParameterLabelColumn : INTEGER
    "ba5eda7a-def5-0000-0000-00000000000e", -- DT_ID : UNIQUE_ID
    "ee672b86-7056-47be-a7eb-7d2912d3ad0e" -- Block_ID : UNIQUE_ID
);
INSERT INTO V_VAL VALUES (
    "c441586b-e496-480a-9289-a342179b740d", -- Value_ID : UNIQUE_ID
    1, -- isLValue : BOOLEAN
    1, -- isImplicit : BOOLEAN
    2, -- LineNumber : INTEGER
    1, -- StartPosition : INTEGER
    10, -- EndPosition : INTEGER
    0, -- firstParameterLabelLineNumber : INTEGER
    0, -- firstParameterLabelColumn : INTEGER
    0, -- currentLaterParameterLabelLineNumber : INTEGER
    0, -- currentLaterParameterLabelColumn : INTEGER
    "ba5eda7a-def5-0000-0000-00000000000e", -- DT_ID : UNIQUE_ID
    "ee672b86-7056-47be-a7eb-7d2912d3ad0e" -- Block_ID : UNIQUE_ID
);
INSERT INTO V_VAL VALUES (
    "cd2d13ba-b772-4558-b18c-67886c27965d", -- Value_ID : UNIQUE_ID
    0, -- isLValue : BOOLEAN
    0, -- isImplicit : BOOLEAN
    3, -- LineNumber : INTEGER
    1, -- StartPosition : INTEGER
    52, -- EndPosition : INTEGER
    0, -- firstParameterLabelLineNumber : INTEGER
    0, -- firstParameterLabelColumn : INTEGER
    0, -- currentLaterParameterLabelLineNumber : INTEGER
    0, -- currentLaterParameterLabelColumn : INTEGER
    "ba5eda7a-def5-0000-0000-000000000000", -- DT_ID : UNIQUE_ID
    "ee672b86-7056-47be-a7eb-7d2912d3ad0e" -- Block_ID : UNIQUE_ID
);
INSERT INTO V_VAL VALUES (
    "e0fdec82-bea6-441e-b330-9c42b64e20a0", -- Value_ID : UNIQUE_ID
    0, -- isLValue : BOOLEAN
    0, -- isImplicit : BOOLEAN
    3, -- LineNumber : INTEGER
    23, -- StartPosition : INTEGER
    50, -- EndPosition : INTEGER
    0, -- firstParameterLabelLineNumber : INTEGER
    0, -- firstParameterLabelColumn : INTEGER
    0, -- currentLaterParameterLabelLineNumber : INTEGER
    0, -- currentLaterParameterLabelColumn : INTEGER
    "ba5eda7a-def5-0000-0000-000000000004", -- DT_ID : UNIQUE_ID
    "ee672b86-7056-47be-a7eb-7d2912d3ad0e" -- Block_ID : UNIQUE_ID
);
INSERT INTO V_VAL VALUES (
    "709c9f08-8a03-4097-8379-0e121a300bc7", -- Value_ID : UNIQUE_ID
    0, -- isLValue : BOOLEAN
    0, -- isImplicit : BOOLEAN
    2, -- LineNumber : INTEGER
    54, -- StartPosition : INTEGER
    61, -- EndPosition : INTEGER
    0, -- firstParameterLabelLineNumber : INTEGER
    0, -- firstParameterLabelColumn : INTEGER
    0, -- currentLaterParameterLabelLineNumber : INTEGER
    0, -- currentLaterParameterLabelColumn : INTEGER
    "ba5eda7a-def5-0000-0000-000000000008", -- DT_ID : UNIQUE_ID
    "1bf5b3bd-e1e8-4dae-b78b-4dd897fee0d1" -- Block_ID : UNIQUE_ID
);
INSERT INTO V_VAL VALUES (
    "91a4df37-76f7-43c1-b471-68bdcc4f5df3", -- Value_ID : UNIQUE_ID
    0, -- isLValue : BOOLEAN
    0, -- isImplicit : BOOLEAN
    2, -- LineNumber : INTEGER
    54, -- StartPosition : INTEGER
    73, -- EndPosition : INTEGER
    0, -- firstParameterLabelLineNumber : INTEGER
    0, -- firstParameterLabelColumn : INTEGER
    0, -- currentLaterParameterLabelLineNumber : INTEGER
    0, -- currentLaterParameterLabelColumn : INTEGER
    "ba5eda7a-def5-0000-0000-000000000002", -- DT_ID : UNIQUE_ID
    "1bf5b3bd-e1e8-4dae-b78b-4dd897fee0d1" -- Block_ID : UNIQUE_ID
);
INSERT INTO V_VAL VALUES (
    "e4acd2f6-fbf5-4ddb-83b0-ccaeb28c2ae6", -- Value_ID : UNIQUE_ID
    0, -- isLValue : BOOLEAN
    0, -- isImplicit : BOOLEAN
    2, -- LineNumber : INTEGER
    76, -- StartPosition : INTEGER
    92, -- EndPosition : INTEGER
    0, -- firstParameterLabelLineNumber : INTEGER
    0, -- firstParameterLabelColumn : INTEGER
    0, -- currentLaterParameterLabelLineNumber : INTEGER
    0, -- currentLaterParameterLabelColumn : INTEGER
    "ba5eda7a-def5-0000-0000-000000000002", -- DT_ID : UNIQUE_ID
    "1bf5b3bd-e1e8-4dae-b78b-4dd897fee0d1" -- Block_ID : UNIQUE_ID
);
INSERT INTO V_VAL VALUES (
    "0e354265-140a-435b-8d23-82fac66462e7", -- Value_ID : UNIQUE_ID
    0, -- isLValue : BOOLEAN
    0, -- isImplicit : BOOLEAN
    2, -- LineNumber : INTEGER
    54, -- StartPosition : INTEGER
    92, -- EndPosition : INTEGER
    0, -- firstParameterLabelLineNumber : INTEGER
    0, -- firstParameterLabelColumn : INTEGER
    0, -- currentLaterParameterLabelLineNumber : INTEGER
    0, -- currentLaterParameterLabelColumn : INTEGER
    "ba5eda7a-def5-0000-0000-000000000001", -- DT_ID : UNIQUE_ID
    "1bf5b3bd-e1e8-4dae-b78b-4dd897fee0d1" -- Block_ID : UNIQUE_ID
);
INSERT INTO V_VAL VALUES (
    "5e22b854-94a5-455d-b3d0-294843a8399b", -- Value_ID : UNIQUE_ID
    0, -- isLValue : BOOLEAN
    0, -- isImplicit : BOOLEAN
    3, -- LineNumber : INTEGER
    12, -- StartPosition : INTEGER
    19, -- EndPosition : INTEGER
    0, -- firstParameterLabelLineNumber : INTEGER
    0, -- firstParameterLabelColumn : INTEGER
    0, -- currentLaterParameterLabelLineNumber : INTEGER
    0, -- currentLaterParameterLabelColumn : INTEGER
    "ba5eda7a-def5-0000-0000-000000000008", -- DT_ID : UNIQUE_ID
    "1bf5b3bd-e1e8-4dae-b78b-4dd897fee0d1" -- Block_ID : UNIQUE_ID
);
INSERT INTO V_VAL VALUES (
    "fab9b507-01ae-4335-ab01-639cd5be335a", -- Value_ID : UNIQUE_ID
    0, -- isLValue : BOOLEAN
    0, -- isImplicit : BOOLEAN
    3, -- LineNumber : INTEGER
    4, -- StartPosition : INTEGER
    21, -- EndPosition : INTEGER
    0, -- firstParameterLabelLineNumber : INTEGER
    0, -- firstParameterLabelColumn : INTEGER
    0, -- currentLaterParameterLabelLineNumber : INTEGER
    0, -- currentLaterParameterLabelColumn : INTEGER
    "ba5eda7a-def5-0000-0000-000000000001", -- DT_ID : UNIQUE_ID
    "1bf5b3bd-e1e8-4dae-b78b-4dd897fee0d1" -- Block_ID : UNIQUE_ID
);
INSERT INTO V_VAL VALUES (
    "b15224c4-6c5b-4e19-9d45-1acc86b8090e", -- Value_ID : UNIQUE_ID
    0, -- isLValue : BOOLEAN
    0, -- isImplicit : BOOLEAN
    6, -- LineNumber : INTEGER
    19, -- StartPosition : INTEGER
    29, -- EndPosition : INTEGER
    0, -- firstParameterLabelLineNumber : INTEGER
    0, -- firstParameterLabelColumn : INTEGER
    0, -- currentLaterParameterLabelLineNumber : INTEGER
    0, -- currentLaterParameterLabelColumn : INTEGER
    "ba5eda7a-def5-0000-0000-000000000004", -- DT_ID : UNIQUE_ID
    "2ab984d8-e2e7-4c10-89b8-af790a20bd3c" -- Block_ID : UNIQUE_ID
);
INSERT INTO V_VAL VALUES (
    "13514a8b-1a97-47a4-87de-710a72eb5f5a", -- Value_ID : UNIQUE_ID
    0, -- isLValue : BOOLEAN
    0, -- isImplicit : BOOLEAN
    6, -- LineNumber : INTEGER
    2, -- StartPosition : INTEGER
    9, -- EndPosition : INTEGER
    0, -- firstParameterLabelLineNumber : INTEGER
    0, -- firstParameterLabelColumn : INTEGER
    0, -- currentLaterParameterLabelLineNumber : INTEGER
    0, -- currentLaterParameterLabelColumn : INTEGER
    "ba5eda7a-def5-0000-0000-000000000008", -- DT_ID : UNIQUE_ID
    "2ab984d8-e2e7-4c10-89b8-af790a20bd3c" -- Block_ID : UNIQUE_ID
);
INSERT INTO V_VAL VALUES (
    "21a24083-9e89-4bec-9820-e96a272fde49", -- Value_ID : UNIQUE_ID
    1, -- isLValue : BOOLEAN
    0, -- isImplicit : BOOLEAN
    6, -- LineNumber : INTEGER
    2, -- StartPosition : INTEGER
    15, -- EndPosition : INTEGER
    0, -- firstParameterLabelLineNumber : INTEGER
    0, -- firstParameterLabelColumn : INTEGER
    0, -- currentLaterParameterLabelLineNumber : INTEGER
    0, -- currentLaterParameterLabelColumn : INTEGER
    "ba5eda7a-def5-0000-0000-000000000004", -- DT_ID : UNIQUE_ID
    "2ab984d8-e2e7-4c10-89b8-af790a20bd3c" -- Block_ID : UNIQUE_ID
);
INSERT INTO V_VAL VALUES (
    "ff404dbb-e8ab-41f4-b159-0b3f09d7c73d", -- Value_ID : UNIQUE_ID
    0, -- isLValue : BOOLEAN
    0, -- isImplicit : BOOLEAN
    7, -- LineNumber : INTEGER
    19, -- StartPosition : INTEGER
    29, -- EndPosition : INTEGER
    0, -- firstParameterLabelLineNumber : INTEGER
    0, -- firstParameterLabelColumn : INTEGER
    0, -- currentLaterParameterLabelLineNumber : INTEGER
    0, -- currentLaterParameterLabelColumn : INTEGER
    "ba5eda7a-def5-0000-0000-000000000004", -- DT_ID : UNIQUE_ID
    "2ab984d8-e2e7-4c10-89b8-af790a20bd3c" -- Block_ID : UNIQUE_ID
);
INSERT INTO V_VAL VALUES (
    "da83a6eb-1010-452e-9679-a0885a088143", -- Value_ID : UNIQUE_ID
    0, -- isLValue : BOOLEAN
    0, -- isImplicit : BOOLEAN
    7, -- LineNumber : INTEGER
    2, -- StartPosition : INTEGER
    9, -- EndPosition : INTEGER
    0, -- firstParameterLabelLineNumber : INTEGER
    0, -- firstParameterLabelColumn : INTEGER
    0, -- currentLaterParameterLabelLineNumber : INTEGER
    0, -- currentLaterParameterLabelColumn : INTEGER
    "ba5eda7a-def5-0000-0000-000000000008", -- DT_ID : UNIQUE_ID
    "2ab984d8-e2e7-4c10-89b8-af790a20bd3c" -- Block_ID : UNIQUE_ID
);
INSERT INTO V_VAL VALUES (
    "d4ebaf6c-535b-4142-ad01-56a908ef20ec", -- Value_ID : UNIQUE_ID
    1, -- isLValue : BOOLEAN
    0, -- isImplicit : BOOLEAN
    7, -- LineNumber : INTEGER
    2, -- StartPosition : INTEGER
    15, -- EndPosition : INTEGER
    0, -- firstParameterLabelLineNumber : INTEGER
    0, -- firstParameterLabelColumn : INTEGER
    0, -- currentLaterParameterLabelLineNumber : INTEGER
    0, -- currentLaterParameterLabelColumn : INTEGER
    "ba5eda7a-def5-0000-0000-000000000004", -- DT_ID : UNIQUE_ID
    "2ab984d8-e2e7-4c10-89b8-af790a20bd3c" -- Block_ID : UNIQUE_ID
);
INSERT INTO V_VAL VALUES (
    "d714ed55-d3bf-4e2d-8341-a51d71a5233d", -- Value_ID : UNIQUE_ID
    0, -- isLValue : BOOLEAN
    0, -- isImplicit : BOOLEAN
    8, -- LineNumber : INTEGER
    25, -- StartPosition : INTEGER
    41, -- EndPosition : INTEGER
    0, -- firstParameterLabelLineNumber : INTEGER
    0, -- firstParameterLabelColumn : INTEGER
    0, -- currentLaterParameterLabelLineNumber : INTEGER
    0, -- currentLaterParameterLabelColumn : INTEGER
    "ba5eda7a-def5-0000-0000-000000000002", -- DT_ID : UNIQUE_ID
    "2ab984d8-e2e7-4c10-89b8-af790a20bd3c" -- Block_ID : UNIQUE_ID
);
INSERT INTO V_VAL VALUES (
    "94c86ea0-2acb-48f9-b29b-72c08f869bad", -- Value_ID : UNIQUE_ID
    0, -- isLValue : BOOLEAN
    0, -- isImplicit : BOOLEAN
    8, -- LineNumber : INTEGER
    2, -- StartPosition : INTEGER
    9, -- EndPosition : INTEGER
    0, -- firstParameterLabelLineNumber : INTEGER
    0, -- firstParameterLabelColumn : INTEGER
    0, -- currentLaterParameterLabelLineNumber : INTEGER
    0, -- currentLaterParameterLabelColumn : INTEGER
    "ba5eda7a-def5-0000-0000-000000000008", -- DT_ID : UNIQUE_ID
    "2ab984d8-e2e7-4c10-89b8-af790a20bd3c" -- Block_ID : UNIQUE_ID
);
INSERT INTO V_VAL VALUES (
    "d6f879d6-3457-4f76-bb45-8311428d322f", -- Value_ID : UNIQUE_ID
    1, -- isLValue : BOOLEAN
    0, -- isImplicit : BOOLEAN
    8, -- LineNumber : INTEGER
    2, -- StartPosition : INTEGER
    21, -- EndPosition : INTEGER
    0, -- firstParameterLabelLineNumber : INTEGER
    0, -- firstParameterLabelColumn : INTEGER
    0, -- currentLaterParameterLabelLineNumber : INTEGER
    0, -- currentLaterParameterLabelColumn : INTEGER
    "ba5eda7a-def5-0000-0000-000000000002", -- DT_ID : UNIQUE_ID
    "2ab984d8-e2e7-4c10-89b8-af790a20bd3c" -- Block_ID : UNIQUE_ID
);
INSERT INTO V_VAL VALUES (
    "1d076af0-5844-4fa2-b8e8-41d7d0c6daa8", -- Value_ID : UNIQUE_ID
    0, -- isLValue : BOOLEAN
    0, -- isImplicit : BOOLEAN
    10, -- LineNumber : INTEGER
    55, -- StartPosition : INTEGER
    58, -- EndPosition : INTEGER
    0, -- firstParameterLabelLineNumber : INTEGER
    0, -- firstParameterLabelColumn : INTEGER
    0, -- currentLaterParameterLabelLineNumber : INTEGER
    0, -- currentLaterParameterLabelColumn : INTEGER
    "ba5eda7a-def5-0000-0000-000000000001", -- DT_ID : UNIQUE_ID
    "2ab984d8-e2e7-4c10-89b8-af790a20bd3c" -- Block_ID : UNIQUE_ID
);
INSERT INTO V_VAL VALUES (
    "339523d9-2bbf-463b-b5d1-d1ac0f0f6107", -- Value_ID : UNIQUE_ID
    0, -- isLValue : BOOLEAN
    0, -- isImplicit : BOOLEAN
    10, -- LineNumber : INTEGER
    17, -- StartPosition : INTEGER
    46, -- EndPosition : INTEGER
    0, -- firstParameterLabelLineNumber : INTEGER
    0, -- firstParameterLabelColumn : INTEGER
    0, -- currentLaterParameterLabelLineNumber : INTEGER
    0, -- currentLaterParameterLabelColumn : INTEGER
    "ba5eda7a-def5-0000-0000-000000000004", -- DT_ID : UNIQUE_ID
    "2ab984d8-e2e7-4c10-89b8-af790a20bd3c" -- Block_ID : UNIQUE_ID
);
INSERT INTO V_VAL VALUES (
    "95b2a3a7-e031-4cbe-8050-e93e3ed4a9e5", -- Value_ID : UNIQUE_ID
    0, -- isLValue : BOOLEAN
    0, -- isImplicit : BOOLEAN
    13, -- LineNumber : INTEGER
    2, -- StartPosition : INTEGER
    50, -- EndPosition : INTEGER
    0, -- firstParameterLabelLineNumber : INTEGER
    0, -- firstParameterLabelColumn : INTEGER
    0, -- currentLaterParameterLabelLineNumber : INTEGER
    0, -- currentLaterParameterLabelColumn : INTEGER
    "ba5eda7a-def5-0000-0000-000000000000", -- DT_ID : UNIQUE_ID
    "730f884d-516c-4f2f-91f0-3328f01b428f" -- Block_ID : UNIQUE_ID
);
INSERT INTO V_VAL VALUES (
    "2a5bf3ac-4ff4-47f5-a420-15a7ab23a4c8", -- Value_ID : UNIQUE_ID
    0, -- isLValue : BOOLEAN
    0, -- isImplicit : BOOLEAN
    13, -- LineNumber : INTEGER
    23, -- StartPosition : INTEGER
    48, -- EndPosition : INTEGER
    0, -- firstParameterLabelLineNumber : INTEGER
    0, -- firstParameterLabelColumn : INTEGER
    0, -- currentLaterParameterLabelLineNumber : INTEGER
    0, -- currentLaterParameterLabelColumn : INTEGER
    "ba5eda7a-def5-0000-0000-000000000004", -- DT_ID : UNIQUE_ID
    "730f884d-516c-4f2f-91f0-3328f01b428f" -- Block_ID : UNIQUE_ID
);
INSERT INTO V_VAL VALUES (
    "c562bb1e-8a48-49bc-8304-c2ba6c99c2f3", -- Value_ID : UNIQUE_ID
    0, -- isLValue : BOOLEAN
    0, -- isImplicit : BOOLEAN
    14, -- LineNumber : INTEGER
    2, -- StartPosition : INTEGER
    43, -- EndPosition : INTEGER
    0, -- firstParameterLabelLineNumber : INTEGER
    0, -- firstParameterLabelColumn : INTEGER
    0, -- currentLaterParameterLabelLineNumber : INTEGER
    0, -- currentLaterParameterLabelColumn : INTEGER
    "ba5eda7a-def5-0000-0000-000000000000", -- DT_ID : UNIQUE_ID
    "730f884d-516c-4f2f-91f0-3328f01b428f" -- Block_ID : UNIQUE_ID
);
INSERT INTO V_VAL VALUES (
    "62e43f22-e12a-4e0c-a471-c17624f6078d", -- Value_ID : UNIQUE_ID
    0, -- isLValue : BOOLEAN
    0, -- isImplicit : BOOLEAN
    14, -- LineNumber : INTEGER
    23, -- StartPosition : INTEGER
    41, -- EndPosition : INTEGER
    0, -- firstParameterLabelLineNumber : INTEGER
    0, -- firstParameterLabelColumn : INTEGER
    0, -- currentLaterParameterLabelLineNumber : INTEGER
    0, -- currentLaterParameterLabelColumn : INTEGER
    "ba5eda7a-def5-0000-0000-000000000004", -- DT_ID : UNIQUE_ID
    "730f884d-516c-4f2f-91f0-3328f01b428f" -- Block_ID : UNIQUE_ID
);
INSERT INTO V_VAL VALUES (
    "bea32cb4-808f-472a-bc0d-e75343f236d9", -- Value_ID : UNIQUE_ID
    0, -- isLValue : BOOLEAN
    0, -- isImplicit : BOOLEAN
    2, -- LineNumber : INTEGER
    54, -- StartPosition : INTEGER
    61, -- EndPosition : INTEGER
    0, -- firstParameterLabelLineNumber : INTEGER
    0, -- firstParameterLabelColumn : INTEGER
    0, -- currentLaterParameterLabelLineNumber : INTEGER
    0, -- currentLaterParameterLabelColumn : INTEGER
    "ba5eda7a-def5-0000-0000-000000000008", -- DT_ID : UNIQUE_ID
    "9c79897f-e86f-4464-8eda-d17eae0bcac8" -- Block_ID : UNIQUE_ID
);
INSERT INTO V_VAL VALUES (
    "24150871-98a3-4606-a363-ee495cdd28bf", -- Value_ID : UNIQUE_ID
    0, -- isLValue : BOOLEAN
    0, -- isImplicit : BOOLEAN
    2, -- LineNumber : INTEGER
    54, -- StartPosition : INTEGER
    73, -- EndPosition : INTEGER
    0, -- firstParameterLabelLineNumber : INTEGER
    0, -- firstParameterLabelColumn : INTEGER
    0, -- currentLaterParameterLabelLineNumber : INTEGER
    0, -- currentLaterParameterLabelColumn : INTEGER
    "ba5eda7a-def5-0000-0000-000000000002", -- DT_ID : UNIQUE_ID
    "9c79897f-e86f-4464-8eda-d17eae0bcac8" -- Block_ID : UNIQUE_ID
);
INSERT INTO V_VAL VALUES (
    "abe13a4f-d9af-43f8-852a-948ed6ba0248", -- Value_ID : UNIQUE_ID
    0, -- isLValue : BOOLEAN
    0, -- isImplicit : BOOLEAN
    2, -- LineNumber : INTEGER
    76, -- StartPosition : INTEGER
    92, -- EndPosition : INTEGER
    0, -- firstParameterLabelLineNumber : INTEGER
    0, -- firstParameterLabelColumn : INTEGER
    0, -- currentLaterParameterLabelLineNumber : INTEGER
    0, -- currentLaterParameterLabelColumn : INTEGER
    "ba5eda7a-def5-0000-0000-000000000002", -- DT_ID : UNIQUE_ID
    "9c79897f-e86f-4464-8eda-d17eae0bcac8" -- Block_ID : UNIQUE_ID
);
INSERT INTO V_VAL VALUES (
    "becec2fe-c4d7-4f6c-b158-25a237d06708", -- Value_ID : UNIQUE_ID
    0, -- isLValue : BOOLEAN
    0, -- isImplicit : BOOLEAN
    2, -- LineNumber : INTEGER
    54, -- StartPosition : INTEGER
    92, -- EndPosition : INTEGER
    0, -- firstParameterLabelLineNumber : INTEGER
    0, -- firstParameterLabelColumn : INTEGER
    0, -- currentLaterParameterLabelLineNumber : INTEGER
    0, -- currentLaterParameterLabelColumn : INTEGER
    "ba5eda7a-def5-0000-0000-000000000001", -- DT_ID : UNIQUE_ID
    "9c79897f-e86f-4464-8eda-d17eae0bcac8" -- Block_ID : UNIQUE_ID
);
INSERT INTO V_VAL VALUES (
    "0c90acd9-4b90-4349-a746-9e2a172b69ec", -- Value_ID : UNIQUE_ID
    0, -- isLValue : BOOLEAN
    0, -- isImplicit : BOOLEAN
    3, -- LineNumber : INTEGER
    16, -- StartPosition : INTEGER
    23, -- EndPosition : INTEGER
    0, -- firstParameterLabelLineNumber : INTEGER
    0, -- firstParameterLabelColumn : INTEGER
    0, -- currentLaterParameterLabelLineNumber : INTEGER
    0, -- currentLaterParameterLabelColumn : INTEGER
    "ba5eda7a-def5-0000-0000-000000000008", -- DT_ID : UNIQUE_ID
    "9c79897f-e86f-4464-8eda-d17eae0bcac8" -- Block_ID : UNIQUE_ID
);
INSERT INTO V_VAL VALUES (
    "4c5493d6-41b8-4b4c-8ed0-7821e6d31b5c", -- Value_ID : UNIQUE_ID
    0, -- isLValue : BOOLEAN
    0, -- isImplicit : BOOLEAN
    3, -- LineNumber : INTEGER
    10, -- StartPosition : INTEGER
    23, -- EndPosition : INTEGER
    0, -- firstParameterLabelLineNumber : INTEGER
    0, -- firstParameterLabelColumn : INTEGER
    0, -- currentLaterParameterLabelLineNumber : INTEGER
    0, -- currentLaterParameterLabelColumn : INTEGER
    "ba5eda7a-def5-0000-0000-000000000001", -- DT_ID : UNIQUE_ID
    "9c79897f-e86f-4464-8eda-d17eae0bcac8" -- Block_ID : UNIQUE_ID
);
INSERT INTO V_VAL VALUES (
    "d4d57c20-a58a-417e-86d9-8c1423c82bf7", -- Value_ID : UNIQUE_ID
    0, -- isLValue : BOOLEAN
    0, -- isImplicit : BOOLEAN
    3, -- LineNumber : INTEGER
    4, -- StartPosition : INTEGER
    25, -- EndPosition : INTEGER
    0, -- firstParameterLabelLineNumber : INTEGER
    0, -- firstParameterLabelColumn : INTEGER
    0, -- currentLaterParameterLabelLineNumber : INTEGER
    0, -- currentLaterParameterLabelColumn : INTEGER
    "ba5eda7a-def5-0000-0000-000000000001", -- DT_ID : UNIQUE_ID
    "9c79897f-e86f-4464-8eda-d17eae0bcac8" -- Block_ID : UNIQUE_ID
);
INSERT INTO V_VAL VALUES (
    "50b59ac3-4750-49c6-8954-7ceabaeb0919", -- Value_ID : UNIQUE_ID
    0, -- isLValue : BOOLEAN
    0, -- isImplicit : BOOLEAN
    5, -- LineNumber : INTEGER
    50, -- StartPosition : INTEGER
    53, -- EndPosition : INTEGER
    0, -- firstParameterLabelLineNumber : INTEGER
    0, -- firstParameterLabelColumn : INTEGER
    0, -- currentLaterParameterLabelLineNumber : INTEGER
    0, -- currentLaterParameterLabelColumn : INTEGER
    "ba5eda7a-def5-0000-0000-000000000001", -- DT_ID : UNIQUE_ID
    "70258a39-e23a-4d2a-8f2f-b9158a7731c6" -- Block_ID : UNIQUE_ID
);
INSERT INTO V_VAL VALUES (
    "56d834fd-2b58-4996-ba26-409bb998d8b2", -- Value_ID : UNIQUE_ID
    0, -- isLValue : BOOLEAN
    0, -- isImplicit : BOOLEAN
    5, -- LineNumber : INTEGER
    17, -- StartPosition : INTEGER
    41, -- EndPosition : INTEGER
    0, -- firstParameterLabelLineNumber : INTEGER
    0, -- firstParameterLabelColumn : INTEGER
    0, -- currentLaterParameterLabelLineNumber : INTEGER
    0, -- currentLaterParameterLabelColumn : INTEGER
    "ba5eda7a-def5-0000-0000-000000000004", -- DT_ID : UNIQUE_ID
    "70258a39-e23a-4d2a-8f2f-b9158a7731c6" -- Block_ID : UNIQUE_ID
);
INSERT INTO V_VAL VALUES (
    "36f4538f-1772-41ab-9c69-9a2c57ad847b", -- Value_ID : UNIQUE_ID
    0, -- isLValue : BOOLEAN
    0, -- isImplicit : BOOLEAN
    8, -- LineNumber : INTEGER
    2, -- StartPosition : INTEGER
    53, -- EndPosition : INTEGER
    0, -- firstParameterLabelLineNumber : INTEGER
    0, -- firstParameterLabelColumn : INTEGER
    0, -- currentLaterParameterLabelLineNumber : INTEGER
    0, -- currentLaterParameterLabelColumn : INTEGER
    "ba5eda7a-def5-0000-0000-000000000000", -- DT_ID : UNIQUE_ID
    "2c8bf32b-a74f-49e0-a33d-0a0f860874db" -- Block_ID : UNIQUE_ID
);
INSERT INTO V_VAL VALUES (
    "eeb530d7-e675-49b0-9455-8960a3c57c6d", -- Value_ID : UNIQUE_ID
    0, -- isLValue : BOOLEAN
    0, -- isImplicit : BOOLEAN
    8, -- LineNumber : INTEGER
    23, -- StartPosition : INTEGER
    51, -- EndPosition : INTEGER
    0, -- firstParameterLabelLineNumber : INTEGER
    0, -- firstParameterLabelColumn : INTEGER
    0, -- currentLaterParameterLabelLineNumber : INTEGER
    0, -- currentLaterParameterLabelColumn : INTEGER
    "ba5eda7a-def5-0000-0000-000000000004", -- DT_ID : UNIQUE_ID
    "2c8bf32b-a74f-49e0-a33d-0a0f860874db" -- Block_ID : UNIQUE_ID
);
INSERT INTO V_VAL VALUES (
    "eb45fef9-42ea-45a9-bbb3-764ac620a111", -- Value_ID : UNIQUE_ID
    0, -- isLValue : BOOLEAN
    0, -- isImplicit : BOOLEAN
    9, -- LineNumber : INTEGER
    49, -- StartPosition : INTEGER
    53, -- EndPosition : INTEGER
    0, -- firstParameterLabelLineNumber : INTEGER
    0, -- firstParameterLabelColumn : INTEGER
    0, -- currentLaterParameterLabelLineNumber : INTEGER
    0, -- currentLaterParameterLabelColumn : INTEGER
    "ba5eda7a-def5-0000-0000-000000000001", -- DT_ID : UNIQUE_ID
    "2c8bf32b-a74f-49e0-a33d-0a0f860874db" -- Block_ID : UNIQUE_ID
);
INSERT INTO V_VAL VALUES (
    "fde0b16a-ae79-4f51-aed2-3f1533b15578", -- Value_ID : UNIQUE_ID
    0, -- isLValue : BOOLEAN
    0, -- isImplicit : BOOLEAN
    9, -- LineNumber : INTEGER
    17, -- StartPosition : INTEGER
    40, -- EndPosition : INTEGER
    0, -- firstParameterLabelLineNumber : INTEGER
    0, -- firstParameterLabelColumn : INTEGER
    0, -- currentLaterParameterLabelLineNumber : INTEGER
    0, -- currentLaterParameterLabelColumn : INTEGER
    "ba5eda7a-def5-0000-0000-000000000004", -- DT_ID : UNIQUE_ID
    "2c8bf32b-a74f-49e0-a33d-0a0f860874db" -- Block_ID : UNIQUE_ID
);
INSERT INTO V_VAR VALUES (
    "bd00fcff-3ea8-4887-961d-56e9a2cd0e25", -- Var_ID : UNIQUE_ID
    "f8564fff-2467-4128-b041-833a728618b1", -- Block_ID : UNIQUE_ID
    'mapping', -- Name : STRING
    1, -- Declared : BOOLEAN
    "ba5eda7a-def5-0000-0000-000000000004" -- DT_ID : UNIQUE_ID
);
INSERT INTO V_VAR VALUES (
    "b0020da0-d064-4fe2-b1a3-627532b40b24", -- Var_ID : UNIQUE_ID
    "f8564fff-2467-4128-b041-833a728618b1", -- Block_ID : UNIQUE_ID
    'i', -- Name : STRING
    1, -- Declared : BOOLEAN
    "ba5eda7a-def5-0000-0000-000000000002" -- DT_ID : UNIQUE_ID
);
INSERT INTO V_VAR VALUES (
    "6a572059-0114-48be-9cd8-16221f341be3", -- Var_ID : UNIQUE_ID
    "f8564fff-2467-4128-b041-833a728618b1", -- Block_ID : UNIQUE_ID
    's', -- Name : STRING
    1, -- Declared : BOOLEAN
    "ba5eda7a-def5-0000-0000-000000000004" -- DT_ID : UNIQUE_ID
);
INSERT INTO V_VAR VALUES (
    "1d32b7d9-e28e-427d-9a3c-2ad88e47fb1b", -- Var_ID : UNIQUE_ID
    "565d0f59-966f-4f7a-8ae7-142147cee638", -- Block_ID : UNIQUE_ID
    'd', -- Name : STRING
    1, -- Declared : BOOLEAN
    "ba5eda7a-def5-0000-0000-000000000002" -- DT_ID : UNIQUE_ID
);
INSERT INTO V_VAR VALUES (
    "f97acd55-ad54-4d72-b70b-0267853e5d54", -- Var_ID : UNIQUE_ID
    "2c22fc6a-d70f-4d6a-98c0-90b30daca94d", -- Block_ID : UNIQUE_ID
    'self', -- Name : STRING
    0, -- Declared : BOOLEAN
    "ba5eda7a-def5-0000-0000-000000000008" -- DT_ID : UNIQUE_ID
);
INSERT INTO V_VAR VALUES (
    "ae0068c5-7b0f-4344-bd21-dab6b5e19f33", -- Var_ID : UNIQUE_ID
    "ee672b86-7056-47be-a7eb-7d2912d3ad0e", -- Block_ID : UNIQUE_ID
    'Start_Date', -- Name : STRING
    1, -- Declared : BOOLEAN
    "ba5eda7a-def5-0000-0000-00000000000e" -- DT_ID : UNIQUE_ID
);
INSERT INTO V_VAR VALUES (
    "3a05ecc2-795d-4c13-a563-31a5a0391422", -- Var_ID : UNIQUE_ID
    "1bf5b3bd-e1e8-4dae-b78b-4dd897fee0d1", -- Block_ID : UNIQUE_ID
    'employee', -- Name : STRING
    0, -- Declared : BOOLEAN
    "ba5eda7a-def5-0000-0000-000000000008" -- DT_ID : UNIQUE_ID
);
INSERT INTO V_VAR VALUES (
    "e434c031-4ee3-43b5-9790-2021c4a7984a", -- Var_ID : UNIQUE_ID
    "9c79897f-e86f-4464-8eda-d17eae0bcac8", -- Block_ID : UNIQUE_ID
    'employee', -- Name : STRING
    0, -- Declared : BOOLEAN
    "ba5eda7a-def5-0000-0000-000000000008" -- DT_ID : UNIQUE_ID
);
INSERT INTO S_SYS_PROXY VALUES (
    "7fdc406f-2939-49c0-8fab-99de27b70193", -- _0 : UNIQUE_ID
    'runtime', -- _1 : STRING
    1, -- _2 : INTEGER
    '../runtime.xtuml' -- _3 : STRING
);
INSERT INTO S_SYS_PROXY VALUES (
    "7fdc406f-2939-49c0-8fab-99de27b70193", -- _0 : UNIQUE_ID
    'runtime', -- _1 : STRING
    1, -- _2 : INTEGER
    '../runtime.xtuml' -- _3 : STRING
);
INSERT INTO S_SYS_PROXY VALUES (
    "7fdc406f-2939-49c0-8fab-99de27b70193", -- _0 : UNIQUE_ID
    'runtime', -- _1 : STRING
    1, -- _2 : INTEGER
    '../runtime.xtuml' -- _3 : STRING
);
INSERT INTO S_SYS_PROXY VALUES (
    "7fdc406f-2939-49c0-8fab-99de27b70193", -- _0 : UNIQUE_ID
    'runtime', -- _1 : STRING
    1, -- _2 : INTEGER
    '../runtime.xtuml' -- _3 : STRING
);
INSERT INTO S_SYS_PROXY VALUES (
    "7fdc406f-2939-49c0-8fab-99de27b70193", -- _0 : UNIQUE_ID
    'runtime', -- _1 : STRING
    1, -- _2 : INTEGER
    '../runtime.xtuml' -- _3 : STRING
);
INSERT INTO S_SYS_PROXY VALUES (
    "ccdb2e52-76fc-4422-936f-a0239fd9d106", -- _0 : UNIQUE_ID
    'hrm', -- _1 : STRING
    1, -- _2 : INTEGER
    '../hrm.xtuml' -- _3 : STRING
);
INSERT INTO S_SYS_PROXY VALUES (
    "ccdb2e52-76fc-4422-936f-a0239fd9d106", -- _0 : UNIQUE_ID
    'hrm', -- _1 : STRING
    1, -- _2 : INTEGER
    '../hrm.xtuml' -- _3 : STRING
);
INSERT INTO S_SYS_PROXY VALUES (
    "ccdb2e52-76fc-4422-936f-a0239fd9d106", -- _0 : UNIQUE_ID
    'hrm', -- _1 : STRING
    1, -- _2 : INTEGER
    '../../../hrm.xtuml' -- _3 : STRING
);
INSERT INTO S_SYS_PROXY VALUES (
    "46564f98-385d-43d9-876a-ca551a77e802", -- _0 : UNIQUE_ID
    'HRUI', -- _1 : STRING
    1, -- _2 : INTEGER
    '../../../HRUI.xtuml' -- _3 : STRING
);
INSERT INTO S_SYS_PROXY VALUES (
    "46564f98-385d-43d9-876a-ca551a77e802", -- _0 : UNIQUE_ID
    'HRUI', -- _1 : STRING
    1, -- _2 : INTEGER
    '../../HRUI.xtuml' -- _3 : STRING
);
INSERT INTO S_SYS_PROXY VALUES (
    "46564f98-385d-43d9-876a-ca551a77e802", -- _0 : UNIQUE_ID
    'HRUI', -- _1 : STRING
    1, -- _2 : INTEGER
    '../HRUI.xtuml' -- _3 : STRING
);
INSERT INTO S_SYS_PROXY VALUES (
    "a31b98b3-80c6-4eea-80cb-d84755441c10", -- _0 : UNIQUE_ID
    'HRsystem', -- _1 : STRING
    1, -- _2 : INTEGER
    '../HRsystem.xtuml' -- _3 : STRING
);
INSERT INTO GD_MD VALUES (
    "2f6a7c9c-29f6-4d07-bc99-3518dd2d5fa1", -- _0 : UNIQUE_ID
    112, -- _1 : INTEGER
    "12c213af-4b2d-4e49-890c-453aa4660620", -- _2 : UNIQUE_ID
    108, -- _3 : INTEGER
    0, -- _4 : INTEGER
    0, -- _5 : INTEGER
    1, -- _6 : INTEGER
    1, -- _7 : INTEGER
    1, -- _8 : INTEGER
    12, -- _9 : INTEGER
    1, -- _10 : INTEGER
    0, -- _11 : INTEGER
    0, -- _12 : INTEGER
    200, -- _13 : INTEGER
    150, -- _14 : INTEGER
    0, -- _15 : INTEGER
    '', -- _16 : STRING
    'runtime::io.ciera.runtime.instanceloading.generic.util' -- _17 : STRING
);
INSERT INTO GD_MD VALUES (
    "c583e9a1-e3ff-44b5-9b35-322ca643e77c", -- _0 : UNIQUE_ID
    112, -- _1 : INTEGER
    "78fb3e55-9840-4511-a824-62393e628058", -- _2 : UNIQUE_ID
    108, -- _3 : INTEGER
    0, -- _4 : INTEGER
    0, -- _5 : INTEGER
    1, -- _6 : INTEGER
    1, -- _7 : INTEGER
    1, -- _8 : INTEGER
    12, -- _9 : INTEGER
    1, -- _10 : INTEGER
    0, -- _11 : INTEGER
    0, -- _12 : INTEGER
    0, -- _13 : INTEGER
    0, -- _14 : INTEGER
    0, -- _15 : INTEGER
    '', -- _16 : STRING
    'runtime::io.ciera.runtime.instanceloading.sql.util' -- _17 : STRING
);
INSERT INTO GD_MD VALUES (
    "aad0165c-b18e-4b9c-a99d-445fb7a93215", -- _0 : UNIQUE_ID
    108, -- _1 : INTEGER
    "7fdc406f-2939-49c0-8fab-99de27b70193", -- _2 : UNIQUE_ID
    92, -- _3 : INTEGER
    0, -- _4 : INTEGER
    0, -- _5 : INTEGER
    1, -- _6 : INTEGER
    1, -- _7 : INTEGER
    1, -- _8 : INTEGER
    12, -- _9 : INTEGER
    1, -- _10 : INTEGER
    0, -- _11 : INTEGER
    0, -- _12 : INTEGER
    200, -- _13 : INTEGER
    150, -- _14 : INTEGER
    0, -- _15 : INTEGER
    '4.1.17', -- _16 : STRING
    'runtime' -- _17 : STRING
);
INSERT INTO GD_MD VALUES (
    "5d4f79b5-79fc-4c52-b971-fa73cdd5585e", -- _0 : UNIQUE_ID
    112, -- _1 : INTEGER
    "1df09104-1fdb-48ee-9ae7-06cc055c5770", -- _2 : UNIQUE_ID
    108, -- _3 : INTEGER
    0, -- _4 : INTEGER
    0, -- _5 : INTEGER
    1, -- _6 : INTEGER
    1, -- _7 : INTEGER
    1, -- _8 : INTEGER
    12, -- _9 : INTEGER
    1, -- _10 : INTEGER
    0, -- _11 : INTEGER
    0, -- _12 : INTEGER
    0, -- _13 : INTEGER
    0, -- _14 : INTEGER
    0, -- _15 : INTEGER
    '', -- _16 : STRING
    'runtime::io.ciera.runtime.template.util' -- _17 : STRING
);
INSERT INTO GD_MD VALUES (
    "59c17cd3-57f0-44ba-80bc-4fd79c863941", -- _0 : UNIQUE_ID
    112, -- _1 : INTEGER
    "ddbd5fec-558a-4967-bd11-9b09a6c6c428", -- _2 : UNIQUE_ID
    108, -- _3 : INTEGER
    0, -- _4 : INTEGER
    0, -- _5 : INTEGER
    1, -- _6 : INTEGER
    1, -- _7 : INTEGER
    1, -- _8 : INTEGER
    12, -- _9 : INTEGER
    1, -- _10 : INTEGER
    0, -- _11 : INTEGER
    0, -- _12 : INTEGER
    0, -- _13 : INTEGER
    0, -- _14 : INTEGER
    0, -- _15 : INTEGER
    '', -- _16 : STRING
    'runtime::io.ciera.runtime.instanceloading.dynamodb.util' -- _17 : STRING
);
INSERT INTO GD_MD VALUES (
    "192d2bad-eea3-4a0b-8334-4b7934242c6b", -- _0 : UNIQUE_ID
    112, -- _1 : INTEGER
    "27857a34-c690-49d3-a891-ae314dca5262", -- _2 : UNIQUE_ID
    108, -- _3 : INTEGER
    0, -- _4 : INTEGER
    0, -- _5 : INTEGER
    1, -- _6 : INTEGER
    1, -- _7 : INTEGER
    1, -- _8 : INTEGER
    12, -- _9 : INTEGER
    1, -- _10 : INTEGER
    0, -- _11 : INTEGER
    0, -- _12 : INTEGER
    0, -- _13 : INTEGER
    0, -- _14 : INTEGER
    0, -- _15 : INTEGER
    '4.1.17', -- _16 : STRING
    'hrm::hr_datatypes' -- _17 : STRING
);
INSERT INTO GD_MD VALUES (
    "8458b4a8-d1ae-46e5-8dd3-03126e082c37", -- _0 : UNIQUE_ID
    112, -- _1 : INTEGER
    "c26641d6-6bfe-4fa5-b78d-533f6fb8d396", -- _2 : UNIQUE_ID
    108, -- _3 : INTEGER
    0, -- _4 : INTEGER
    0, -- _5 : INTEGER
    1, -- _6 : INTEGER
    1, -- _7 : INTEGER
    1, -- _8 : INTEGER
    12, -- _9 : INTEGER
    1, -- _10 : INTEGER
    0, -- _11 : INTEGER
    0, -- _12 : INTEGER
    200, -- _13 : INTEGER
    150, -- _14 : INTEGER
    0, -- _15 : INTEGER
    '', -- _16 : STRING
    'hrm::hrm' -- _17 : STRING
);
INSERT INTO GD_MD VALUES (
    "ee86ddd2-4d3a-47ec-8131-c5225c1bb12b", -- _0 : UNIQUE_ID
    111, -- _1 : INTEGER
    "8e4782c3-9567-4154-87b3-67069634e7a5", -- _2 : UNIQUE_ID
    98, -- _3 : INTEGER
    0, -- _4 : INTEGER
    0, -- _5 : INTEGER
    1, -- _6 : INTEGER
    1, -- _7 : INTEGER
    1, -- _8 : INTEGER
    12, -- _9 : INTEGER
    1, -- _10 : INTEGER
    0, -- _11 : INTEGER
    0, -- _12 : INTEGER
    200, -- _13 : INTEGER
    150, -- _14 : INTEGER
    0, -- _15 : INTEGER
    '4.1.17', -- _16 : STRING
    'hrm::hrm::hr' -- _17 : STRING
);
INSERT INTO GD_MD VALUES (
    "99029f38-611e-4958-a86d-3e9e4ee3f7fc", -- _0 : UNIQUE_ID
    112, -- _1 : INTEGER
    "fdd8efa1-97d4-4adc-a67d-1fb0bd49373b", -- _2 : UNIQUE_ID
    108, -- _3 : INTEGER
    0, -- _4 : INTEGER
    0, -- _5 : INTEGER
    1, -- _6 : INTEGER
    1, -- _7 : INTEGER
    1, -- _8 : INTEGER
    12, -- _9 : INTEGER
    1, -- _10 : INTEGER
    0, -- _11 : INTEGER
    0, -- _12 : INTEGER
    200, -- _13 : INTEGER
    150, -- _14 : INTEGER
    0, -- _15 : INTEGER
    '4.1.17', -- _16 : STRING
    'hrm::hrm::hr::main' -- _17 : STRING
);
INSERT INTO GD_MD VALUES (
    "704fdc3f-4d4e-4da3-b3b7-7544b6f5fab6", -- _0 : UNIQUE_ID
    8, -- _1 : INTEGER
    "7b5f90bd-656f-4bc9-83bf-771ed45973b0", -- _2 : UNIQUE_ID
    40, -- _3 : INTEGER
    0, -- _4 : INTEGER
    0, -- _5 : INTEGER
    1, -- _6 : INTEGER
    1, -- _7 : INTEGER
    1, -- _8 : INTEGER
    12, -- _9 : INTEGER
    1, -- _10 : INTEGER
    0, -- _11 : INTEGER
    0, -- _12 : INTEGER
    0, -- _13 : INTEGER
    0, -- _14 : INTEGER
    0, -- _15 : INTEGER
    '4.1.17', -- _16 : STRING
    'hrm::hrm::hr::main::Employee::Instance State Machine' -- _17 : STRING
);
INSERT INTO GD_MD VALUES (
    "d2c8956e-9205-4462-9c1a-506047c0b912", -- _0 : UNIQUE_ID
    108, -- _1 : INTEGER
    "ccdb2e52-76fc-4422-936f-a0239fd9d106", -- _2 : UNIQUE_ID
    92, -- _3 : INTEGER
    0, -- _4 : INTEGER
    0, -- _5 : INTEGER
    1, -- _6 : INTEGER
    1, -- _7 : INTEGER
    1, -- _8 : INTEGER
    12, -- _9 : INTEGER
    1, -- _10 : INTEGER
    0, -- _11 : INTEGER
    0, -- _12 : INTEGER
    200, -- _13 : INTEGER
    150, -- _14 : INTEGER
    0, -- _15 : INTEGER
    '', -- _16 : STRING
    'hrm' -- _17 : STRING
);
INSERT INTO GD_MD VALUES (
    "46a50ca9-1f9d-4de6-88c7-b09ee7ee7391", -- _0 : UNIQUE_ID
    112, -- _1 : INTEGER
    "cabf7045-c6ff-41a5-afe9-032eec941581", -- _2 : UNIQUE_ID
    108, -- _3 : INTEGER
    0, -- _4 : INTEGER
    0, -- _5 : INTEGER
    1, -- _6 : INTEGER
    1, -- _7 : INTEGER
    1, -- _8 : INTEGER
    12, -- _9 : INTEGER
    1, -- _10 : INTEGER
    0, -- _11 : INTEGER
    0, -- _12 : INTEGER
    0, -- _13 : INTEGER
    0, -- _14 : INTEGER
    0, -- _15 : INTEGER
    '', -- _16 : STRING
    'HRUI::UI::UI::UI' -- _17 : STRING
);
INSERT INTO GD_MD VALUES (
    "41125cbf-38a6-44de-a9ab-3fa10c459399", -- _0 : UNIQUE_ID
    111, -- _1 : INTEGER
    "d81dc79e-6692-4a39-b6d9-f5fc0b765726", -- _2 : UNIQUE_ID
    98, -- _3 : INTEGER
    0, -- _4 : INTEGER
    0, -- _5 : INTEGER
    1, -- _6 : INTEGER
    1, -- _7 : INTEGER
    1, -- _8 : INTEGER
    12, -- _9 : INTEGER
    1, -- _10 : INTEGER
    0, -- _11 : INTEGER
    0, -- _12 : INTEGER
    200, -- _13 : INTEGER
    150, -- _14 : INTEGER
    0, -- _15 : INTEGER
    '4.1.17', -- _16 : STRING
    'HRUI::UI::UI' -- _17 : STRING
);
INSERT INTO GD_MD VALUES (
    "d6bffb76-b36d-41e2-9be7-8aff2f37cd03", -- _0 : UNIQUE_ID
    112, -- _1 : INTEGER
    "941213f0-4346-48d9-89fe-196761630487", -- _2 : UNIQUE_ID
    108, -- _3 : INTEGER
    0, -- _4 : INTEGER
    0, -- _5 : INTEGER
    1, -- _6 : INTEGER
    1, -- _7 : INTEGER
    1, -- _8 : INTEGER
    12, -- _9 : INTEGER
    1, -- _10 : INTEGER
    0, -- _11 : INTEGER
    0, -- _12 : INTEGER
    200, -- _13 : INTEGER
    150, -- _14 : INTEGER
    0, -- _15 : INTEGER
    '', -- _16 : STRING
    'HRUI::UI::Shared' -- _17 : STRING
);
INSERT INTO GD_MD VALUES (
    "71b186b2-dcea-423f-839e-9b6a25f3e5b2", -- _0 : UNIQUE_ID
    112, -- _1 : INTEGER
    "2ac1b93e-087c-4999-856e-c988c703dec6", -- _2 : UNIQUE_ID
    108, -- _3 : INTEGER
    0, -- _4 : INTEGER
    0, -- _5 : INTEGER
    1, -- _6 : INTEGER
    1, -- _7 : INTEGER
    1, -- _8 : INTEGER
    12, -- _9 : INTEGER
    1, -- _10 : INTEGER
    0, -- _11 : INTEGER
    0, -- _12 : INTEGER
    200, -- _13 : INTEGER
    150, -- _14 : INTEGER
    0, -- _15 : INTEGER
    '', -- _16 : STRING
    'HRUI::UI' -- _17 : STRING
);
INSERT INTO GD_MD VALUES (
    "1a44f04b-948a-4e43-9b12-e4439172ae27", -- _0 : UNIQUE_ID
    108, -- _1 : INTEGER
    "46564f98-385d-43d9-876a-ca551a77e802", -- _2 : UNIQUE_ID
    92, -- _3 : INTEGER
    0, -- _4 : INTEGER
    0, -- _5 : INTEGER
    1, -- _6 : INTEGER
    1, -- _7 : INTEGER
    1, -- _8 : INTEGER
    12, -- _9 : INTEGER
    1, -- _10 : INTEGER
    0, -- _11 : INTEGER
    0, -- _12 : INTEGER
    200, -- _13 : INTEGER
    150, -- _14 : INTEGER
    0, -- _15 : INTEGER
    '', -- _16 : STRING
    'HRUI' -- _17 : STRING
);
INSERT INTO GD_MD VALUES (
    "e16f3bab-481a-46b0-8b83-4541aeed00e9", -- _0 : UNIQUE_ID
    108, -- _1 : INTEGER
    "a31b98b3-80c6-4eea-80cb-d84755441c10", -- _2 : UNIQUE_ID
    92, -- _3 : INTEGER
    0, -- _4 : INTEGER
    0, -- _5 : INTEGER
    1, -- _6 : INTEGER
    1, -- _7 : INTEGER
    1, -- _8 : INTEGER
    12, -- _9 : INTEGER
    1, -- _10 : INTEGER
    0, -- _11 : INTEGER
    0, -- _12 : INTEGER
    200, -- _13 : INTEGER
    150, -- _14 : INTEGER
    0, -- _15 : INTEGER
    '', -- _16 : STRING
    'HRsystem' -- _17 : STRING
);
INSERT INTO GD_MD VALUES (
    "fdf02ff5-476f-4d4e-8467-c6902cdf72f0", -- _0 : UNIQUE_ID
    112, -- _1 : INTEGER
    "b4605ab7-f9f1-4427-9a8b-300116f87fe6", -- _2 : UNIQUE_ID
    108, -- _3 : INTEGER
    0, -- _4 : INTEGER
    0, -- _5 : INTEGER
    1, -- _6 : INTEGER
    1, -- _7 : INTEGER
    1, -- _8 : INTEGER
    12, -- _9 : INTEGER
    1, -- _10 : INTEGER
    0, -- _11 : INTEGER
    0, -- _12 : INTEGER
    0, -- _13 : INTEGER
    0, -- _14 : INTEGER
    0, -- _15 : INTEGER
    '4.1.17', -- _16 : STRING
    'HRsystem::HRsystem' -- _17 : STRING
);
INSERT INTO GD_GE VALUES (
    "47e73ee7-a7e4-4834-ab20-8dbe8067b245", -- _0 : UNIQUE_ID
    "2f6a7c9c-29f6-4d07-bc99-3518dd2d5fa1", -- _1 : UNIQUE_ID
    "4525dfcd-89bc-4810-bceb-c727b8c25e05", -- _2 : UNIQUE_ID
    12, -- _3 : INTEGER
    0, -- _4 : INTEGER
    'runtime::io.ciera.runtime.instanceloading.generic.util::Load' -- _5 : STRING
);
INSERT INTO GD_GE VALUES (
    "2a79e99f-8d48-4840-a9af-963c816e64cf", -- _0 : UNIQUE_ID
    "c583e9a1-e3ff-44b5-9b35-322ca643e77c", -- _1 : UNIQUE_ID
    "3c9187e2-faac-4b05-986d-04c751e1632b", -- _2 : UNIQUE_ID
    12, -- _3 : INTEGER
    0, -- _4 : INTEGER
    'runtime::io.ciera.runtime.instanceloading.sql.util::SQL' -- _5 : STRING
);
INSERT INTO GD_GE VALUES (
    "b338d10f-5ead-401b-a7be-1593614ec0df", -- _0 : UNIQUE_ID
    "aad0165c-b18e-4b9c-a99d-445fb7a93215", -- _1 : UNIQUE_ID
    "63980537-a12c-49e3-a1f9-8bd1a2489218", -- _2 : UNIQUE_ID
    108, -- _3 : INTEGER
    0, -- _4 : INTEGER
    'runtime::io.ciera.runtime.summit.util' -- _5 : STRING
);
INSERT INTO GD_GE VALUES (
    "0f471f9f-a938-4191-a624-af30b406b49a", -- _0 : UNIQUE_ID
    "aad0165c-b18e-4b9c-a99d-445fb7a93215", -- _1 : UNIQUE_ID
    "78fb3e55-9840-4511-a824-62393e628058", -- _2 : UNIQUE_ID
    108, -- _3 : INTEGER
    0, -- _4 : INTEGER
    'runtime::io.ciera.runtime.instanceloading.sql.util' -- _5 : STRING
);
INSERT INTO GD_GE VALUES (
    "9bbac918-642f-4bf0-9460-5e8fcaed8580", -- _0 : UNIQUE_ID
    "aad0165c-b18e-4b9c-a99d-445fb7a93215", -- _1 : UNIQUE_ID
    "1df09104-1fdb-48ee-9ae7-06cc055c5770", -- _2 : UNIQUE_ID
    108, -- _3 : INTEGER
    0, -- _4 : INTEGER
    'runtime::io.ciera.runtime.template.util' -- _5 : STRING
);
INSERT INTO GD_GE VALUES (
    "99f0c301-009f-4de1-8719-28c038e63959", -- _0 : UNIQUE_ID
    "aad0165c-b18e-4b9c-a99d-445fb7a93215", -- _1 : UNIQUE_ID
    "ddbd5fec-558a-4967-bd11-9b09a6c6c428", -- _2 : UNIQUE_ID
    108, -- _3 : INTEGER
    0, -- _4 : INTEGER
    'runtime::io.ciera.runtime.instanceloading.dynamodb.util' -- _5 : STRING
);
INSERT INTO GD_GE VALUES (
    "6d2f1dfa-1460-4d30-9c6d-27930f9432d6", -- _0 : UNIQUE_ID
    "aad0165c-b18e-4b9c-a99d-445fb7a93215", -- _1 : UNIQUE_ID
    "12c213af-4b2d-4e49-890c-453aa4660620", -- _2 : UNIQUE_ID
    108, -- _3 : INTEGER
    0, -- _4 : INTEGER
    'runtime::io.ciera.runtime.instanceloading.generic.util' -- _5 : STRING
);
INSERT INTO GD_GE VALUES (
    "aa81864f-4650-4fac-a858-94602d7f45e1", -- _0 : UNIQUE_ID
    "5d4f79b5-79fc-4c52-b971-fa73cdd5585e", -- _1 : UNIQUE_ID
    "d6db4b3d-c6a5-400a-92b9-6a391237afbb", -- _2 : UNIQUE_ID
    12, -- _3 : INTEGER
    0, -- _4 : INTEGER
    'runtime::io.ciera.runtime.template.util::templating' -- _5 : STRING
);
INSERT INTO GD_GE VALUES (
    "cd19f362-e320-4e99-9086-14abdeed993e", -- _0 : UNIQUE_ID
    "59c17cd3-57f0-44ba-80bc-4fd79c863941", -- _1 : UNIQUE_ID
    "c03ccce5-cb73-48ca-b676-b00270c95839", -- _2 : UNIQUE_ID
    12, -- _3 : INTEGER
    0, -- _4 : INTEGER
    'runtime::io.ciera.runtime.instanceloading.dynamodb.util::DynamoDB' -- _5 : STRING
);
INSERT INTO GD_GE VALUES (
    "02184012-d96b-4d11-b529-6c6ad43a4969", -- _0 : UNIQUE_ID
    "192d2bad-eea3-4a0b-8334-4b7934242c6b", -- _1 : UNIQUE_ID
    "168b328b-2af0-412b-bbf5-7e71f1fea433", -- _2 : UNIQUE_ID
    51, -- _3 : INTEGER
    0, -- _4 : INTEGER
    'hrm::hr_datatypes::Employees' -- _5 : STRING
);
INSERT INTO GD_GE VALUES (
    "75315f47-767f-4cf5-9e10-41a01d18c3b6", -- _0 : UNIQUE_ID
    "192d2bad-eea3-4a0b-8334-4b7934242c6b", -- _1 : UNIQUE_ID
    "0d542083-4531-45d6-8411-30f81c92d642", -- _2 : UNIQUE_ID
    101, -- _3 : INTEGER
    0, -- _4 : INTEGER
    'hrm::hr_datatypes::structureData' -- _5 : STRING
);
INSERT INTO GD_GE VALUES (
    "f5739c23-9126-43ad-9a1b-0f37c7e1dd94", -- _0 : UNIQUE_ID
    "8458b4a8-d1ae-46e5-8dd3-03126e082c37", -- _1 : UNIQUE_ID
    "8e4782c3-9567-4154-87b3-67069634e7a5", -- _2 : UNIQUE_ID
    98, -- _3 : INTEGER
    0, -- _4 : INTEGER
    'hrm::hrm::hr' -- _5 : STRING
);
INSERT INTO GD_GE VALUES (
    "b7208601-6c1d-4a70-9874-af630427b85c", -- _0 : UNIQUE_ID
    "8458b4a8-d1ae-46e5-8dd3-03126e082c37", -- _1 : UNIQUE_ID
    "e211a314-f4cf-4d96-ab5d-86594500f9c9", -- _2 : UNIQUE_ID
    94, -- _3 : INTEGER
    0, -- _4 : INTEGER
    'hrm::hrm::hr::UI::EP' -- _5 : STRING
);
INSERT INTO GD_GE VALUES (
    "26ab6a35-97f1-49d5-ae78-5b9e619b0c16", -- _0 : UNIQUE_ID
    "ee86ddd2-4d3a-47ec-8131-c5225c1bb12b", -- _1 : UNIQUE_ID
    "8e4782c3-9567-4154-87b3-67069634e7a5", -- _2 : UNIQUE_ID
    103, -- _3 : INTEGER
    0, -- _4 : INTEGER
    'hrm::hrm::hr' -- _5 : STRING
);
INSERT INTO GD_GE VALUES (
    "909ab02b-31c7-429f-b99a-d940860bd6d2", -- _0 : UNIQUE_ID
    "ee86ddd2-4d3a-47ec-8131-c5225c1bb12b", -- _1 : UNIQUE_ID
    "fdd8efa1-97d4-4adc-a67d-1fb0bd49373b", -- _2 : UNIQUE_ID
    108, -- _3 : INTEGER
    0, -- _4 : INTEGER
    'hrm::hrm::hr::main' -- _5 : STRING
);
INSERT INTO GD_GE VALUES (
    "b982d6cf-9550-416f-8b35-312dcfff4b27", -- _0 : UNIQUE_ID
    "ee86ddd2-4d3a-47ec-8131-c5225c1bb12b", -- _1 : UNIQUE_ID
    "e211a314-f4cf-4d96-ab5d-86594500f9c9", -- _2 : UNIQUE_ID
    94, -- _3 : INTEGER
    0, -- _4 : INTEGER
    'hrm::hrm::hr::UI::EP' -- _5 : STRING
);
INSERT INTO GD_GE VALUES (
    "ed420ffb-23fe-4148-864b-a72d054bd0af", -- _0 : UNIQUE_ID
    "99029f38-611e-4958-a86d-3e9e4ee3f7fc", -- _1 : UNIQUE_ID
    "d8528470-976c-421b-a087-1201ac24302f", -- _2 : UNIQUE_ID
    21, -- _3 : INTEGER
    0, -- _4 : INTEGER
    'hrm::hrm::hr::main::Employee' -- _5 : STRING
);
INSERT INTO GD_GE VALUES (
    "cc06369f-91cf-4f2e-a482-03645919fd13", -- _0 : UNIQUE_ID
    "99029f38-611e-4958-a86d-3e9e4ee3f7fc", -- _1 : UNIQUE_ID
    "51cda5d8-b9fa-4471-8c71-5014f092a96c", -- _2 : UNIQUE_ID
    51, -- _3 : INTEGER
    0, -- _4 : INTEGER
    'hrm::hrm::hr::main::Employees' -- _5 : STRING
);
INSERT INTO GD_GE VALUES (
    "35340b72-a698-43a9-950c-8ff984a45719", -- _0 : UNIQUE_ID
    "704fdc3f-4d4e-4da3-b3b7-7544b6f5fab6", -- _1 : UNIQUE_ID
    "d5537fcc-bc55-4cfb-8675-25a46ab91a01", -- _2 : UNIQUE_ID
    41, -- _3 : INTEGER
    0, -- _4 : INTEGER
    'hrm::hrm::hr::main::Employee::Instance State Machine::Recruited' -- _5 : STRING
);
INSERT INTO GD_GE VALUES (
    "08d89651-9bdd-4e26-b02a-e04f7b6e5cf9", -- _0 : UNIQUE_ID
    "704fdc3f-4d4e-4da3-b3b7-7544b6f5fab6", -- _1 : UNIQUE_ID
    "292e5e93-2492-4c50-a140-f80cba136b89", -- _2 : UNIQUE_ID
    49, -- _3 : INTEGER
    0, -- _4 : INTEGER
    'No Event Assigned' -- _5 : STRING
);
INSERT INTO GD_GE VALUES (
    "5a08134b-a95f-4abb-aa2d-4518a032e798", -- _0 : UNIQUE_ID
    "704fdc3f-4d4e-4da3-b3b7-7544b6f5fab6", -- _1 : UNIQUE_ID
    "7c656ab4-0ad9-4212-b7de-2ffb50ca75b4", -- _2 : UNIQUE_ID
    41, -- _3 : INTEGER
    0, -- _4 : INTEGER
    'hrm::hrm::hr::main::Employee::Instance State Machine::Working' -- _5 : STRING
);
INSERT INTO GD_GE VALUES (
    "f84eae49-c82d-45b4-8c15-f2d7416b1878", -- _0 : UNIQUE_ID
    "704fdc3f-4d4e-4da3-b3b7-7544b6f5fab6", -- _1 : UNIQUE_ID
    "e2bf3f31-2233-4fb0-9b43-3748dd5ec034", -- _2 : UNIQUE_ID
    42, -- _3 : INTEGER
    0, -- _4 : INTEGER
    'hrm::hrm::hr::main::Employee::Instance State Machine::Recruited::Employee2: commencedRcvd' -- _5 : STRING
);
INSERT INTO GD_GE VALUES (
    "71c66339-3e2d-4499-8f00-c89dfd4dfc8c", -- _0 : UNIQUE_ID
    "d2c8956e-9205-4462-9c1a-506047c0b912", -- _1 : UNIQUE_ID
    "c26641d6-6bfe-4fa5-b78d-533f6fb8d396", -- _2 : UNIQUE_ID
    108, -- _3 : INTEGER
    0, -- _4 : INTEGER
    'hrm::hrm' -- _5 : STRING
);
INSERT INTO GD_GE VALUES (
    "440ae350-84b2-46a8-8c8a-2ec5bc3bc426", -- _0 : UNIQUE_ID
    "d2c8956e-9205-4462-9c1a-506047c0b912", -- _1 : UNIQUE_ID
    "27857a34-c690-49d3-a891-ae314dca5262", -- _2 : UNIQUE_ID
    108, -- _3 : INTEGER
    0, -- _4 : INTEGER
    'hrm::hr_datatypes' -- _5 : STRING
);
INSERT INTO GD_GE VALUES (
    "eddfd0d8-cb75-47d8-99ce-5cdb9e99e5a1", -- _0 : UNIQUE_ID
    "41125cbf-38a6-44de-a9ab-3fa10c459399", -- _1 : UNIQUE_ID
    "d81dc79e-6692-4a39-b6d9-f5fc0b765726", -- _2 : UNIQUE_ID
    103, -- _3 : INTEGER
    0, -- _4 : INTEGER
    'HRUI::UI::UI' -- _5 : STRING
);
INSERT INTO GD_GE VALUES (
    "bb11508d-4888-4ca5-a0a8-c353cfcf0e3f", -- _0 : UNIQUE_ID
    "41125cbf-38a6-44de-a9ab-3fa10c459399", -- _1 : UNIQUE_ID
    "cabf7045-c6ff-41a5-afe9-032eec941581", -- _2 : UNIQUE_ID
    108, -- _3 : INTEGER
    0, -- _4 : INTEGER
    'HRUI::UI::UI::UI' -- _5 : STRING
);
INSERT INTO GD_GE VALUES (
    "432cc52d-be9e-4ae8-95dc-458429c448f9", -- _0 : UNIQUE_ID
    "41125cbf-38a6-44de-a9ab-3fa10c459399", -- _1 : UNIQUE_ID
    "3c565891-207b-4f8f-906f-7a28c50fa9aa", -- _2 : UNIQUE_ID
    93, -- _3 : INTEGER
    0, -- _4 : INTEGER
    'HRUI::UI::UI::App::EP' -- _5 : STRING
);
INSERT INTO GD_GE VALUES (
    "927331ad-d65e-4e2c-8275-799133855e3a", -- _0 : UNIQUE_ID
    "d6bffb76-b36d-41e2-9be7-8aff2f37cd03", -- _1 : UNIQUE_ID
    "102214df-1d03-428f-9eb8-5c5ce18bfdae", -- _2 : UNIQUE_ID
    96, -- _3 : INTEGER
    0, -- _4 : INTEGER
    'HRUI::UI::Shared::EP' -- _5 : STRING
);
INSERT INTO GD_GE VALUES (
    "f4b5fb62-5881-41fe-a7aa-362c0a83fbaf", -- _0 : UNIQUE_ID
    "71b186b2-dcea-423f-839e-9b6a25f3e5b2", -- _1 : UNIQUE_ID
    "d81dc79e-6692-4a39-b6d9-f5fc0b765726", -- _2 : UNIQUE_ID
    98, -- _3 : INTEGER
    0, -- _4 : INTEGER
    'HRUI::UI::UI' -- _5 : STRING
);
INSERT INTO GD_GE VALUES (
    "e43671e1-17ed-4f7e-8d09-750416b4fc30", -- _0 : UNIQUE_ID
    "71b186b2-dcea-423f-839e-9b6a25f3e5b2", -- _1 : UNIQUE_ID
    "941213f0-4346-48d9-89fe-196761630487", -- _2 : UNIQUE_ID
    108, -- _3 : INTEGER
    0, -- _4 : INTEGER
    'HRUI::UI::Shared' -- _5 : STRING
);
INSERT INTO GD_GE VALUES (
    "c36dcfd8-6128-4ea6-8ada-504c4809dfa0", -- _0 : UNIQUE_ID
    "71b186b2-dcea-423f-839e-9b6a25f3e5b2", -- _1 : UNIQUE_ID
    "3c565891-207b-4f8f-906f-7a28c50fa9aa", -- _2 : UNIQUE_ID
    93, -- _3 : INTEGER
    0, -- _4 : INTEGER
    'HRUI::UI::UI::App::EP' -- _5 : STRING
);
INSERT INTO GD_GE VALUES (
    "e857f929-02d5-44f6-8679-6e70b8701630", -- _0 : UNIQUE_ID
    "1a44f04b-948a-4e43-9b12-e4439172ae27", -- _1 : UNIQUE_ID
    "2ac1b93e-087c-4999-856e-c988c703dec6", -- _2 : UNIQUE_ID
    108, -- _3 : INTEGER
    0, -- _4 : INTEGER
    'HRUI::UIHR' -- _5 : STRING
);
INSERT INTO GD_GE VALUES (
    "f0c15f86-db3b-40f5-889a-dff0c21c156f", -- _0 : UNIQUE_ID
    "e16f3bab-481a-46b0-8b83-4541aeed00e9", -- _1 : UNIQUE_ID
    "b4605ab7-f9f1-4427-9a8b-300116f87fe6", -- _2 : UNIQUE_ID
    108, -- _3 : INTEGER
    0, -- _4 : INTEGER
    'HRsystem::HRsystem' -- _5 : STRING
);
INSERT INTO GD_GE VALUES (
    "92ffb006-7e74-497e-b004-9458a6871f92", -- _0 : UNIQUE_ID
    "fdf02ff5-476f-4d4e-8467-c6902cdf72f0", -- _1 : UNIQUE_ID
    "6aa4e315-9e4a-4187-afb6-075a37702da7", -- _2 : UNIQUE_ID
    100, -- _3 : INTEGER
    0, -- _4 : INTEGER
    'HRsystem::HRsystem::dhrm::hrm::hr' -- _5 : STRING
);
INSERT INTO GD_GE VALUES (
    "adabfe16-42c0-4cd5-b08c-ee19f02b4594", -- _0 : UNIQUE_ID
    "fdf02ff5-476f-4d4e-8467-c6902cdf72f0", -- _1 : UNIQUE_ID
    "61527127-c692-4baf-8c6a-7b3bd54f8db3", -- _2 : UNIQUE_ID
    100, -- _3 : INTEGER
    0, -- _4 : INTEGER
    'HRsystem::HRsystem::UIHR::UIHR::UI' -- _5 : STRING
);
INSERT INTO GD_GE VALUES (
    "eebc4a6a-cf5b-452d-a523-b9536407fb18", -- _0 : UNIQUE_ID
    "fdf02ff5-476f-4d4e-8467-c6902cdf72f0", -- _1 : UNIQUE_ID
    "0d0011e5-9d08-4213-96c8-a4130d610109", -- _2 : UNIQUE_ID
    105, -- _3 : INTEGER
    0, -- _4 : INTEGER
    'HRsystem::HRsystem::dhrm::hrm::hr::UI::EP' -- _5 : STRING
);
INSERT INTO GD_GE VALUES (
    "c3a89d2e-fa90-4439-8ce1-f2f3990190fe", -- _0 : UNIQUE_ID
    "fdf02ff5-476f-4d4e-8467-c6902cdf72f0", -- _1 : UNIQUE_ID
    "451e40ae-b2bc-4182-972d-e7cd49ffef97", -- _2 : UNIQUE_ID
    106, -- _3 : INTEGER
    0, -- _4 : INTEGER
    'HRsystem::HRsystem::UIHR::UIHR::UI::App::EP' -- _5 : STRING
);
INSERT INTO GD_SHP VALUES (
    "47e73ee7-a7e4-4834-ab20-8dbe8067b245" -- _0 : UNIQUE_ID
);
INSERT INTO GD_SHP VALUES (
    "2a79e99f-8d48-4840-a9af-963c816e64cf" -- _0 : UNIQUE_ID
);
INSERT INTO GD_SHP VALUES (
    "b338d10f-5ead-401b-a7be-1593614ec0df" -- _0 : UNIQUE_ID
);
INSERT INTO GD_SHP VALUES (
    "0f471f9f-a938-4191-a624-af30b406b49a" -- _0 : UNIQUE_ID
);
INSERT INTO GD_SHP VALUES (
    "9bbac918-642f-4bf0-9460-5e8fcaed8580" -- _0 : UNIQUE_ID
);
INSERT INTO GD_SHP VALUES (
    "99f0c301-009f-4de1-8719-28c038e63959" -- _0 : UNIQUE_ID
);
INSERT INTO GD_SHP VALUES (
    "6d2f1dfa-1460-4d30-9c6d-27930f9432d6" -- _0 : UNIQUE_ID
);
INSERT INTO GD_SHP VALUES (
    "aa81864f-4650-4fac-a858-94602d7f45e1" -- _0 : UNIQUE_ID
);
INSERT INTO GD_SHP VALUES (
    "cd19f362-e320-4e99-9086-14abdeed993e" -- _0 : UNIQUE_ID
);
INSERT INTO GD_SHP VALUES (
    "02184012-d96b-4d11-b529-6c6ad43a4969" -- _0 : UNIQUE_ID
);
INSERT INTO GD_SHP VALUES (
    "75315f47-767f-4cf5-9e10-41a01d18c3b6" -- _0 : UNIQUE_ID
);
INSERT INTO GD_SHP VALUES (
    "f5739c23-9126-43ad-9a1b-0f37c7e1dd94" -- _0 : UNIQUE_ID
);
INSERT INTO GD_SHP VALUES (
    "26ab6a35-97f1-49d5-ae78-5b9e619b0c16" -- _0 : UNIQUE_ID
);
INSERT INTO GD_SHP VALUES (
    "909ab02b-31c7-429f-b99a-d940860bd6d2" -- _0 : UNIQUE_ID
);
INSERT INTO GD_SHP VALUES (
    "ed420ffb-23fe-4148-864b-a72d054bd0af" -- _0 : UNIQUE_ID
);
INSERT INTO GD_SHP VALUES (
    "cc06369f-91cf-4f2e-a482-03645919fd13" -- _0 : UNIQUE_ID
);
INSERT INTO GD_SHP VALUES (
    "35340b72-a698-43a9-950c-8ff984a45719" -- _0 : UNIQUE_ID
);
INSERT INTO GD_SHP VALUES (
    "5a08134b-a95f-4abb-aa2d-4518a032e798" -- _0 : UNIQUE_ID
);
INSERT INTO GD_SHP VALUES (
    "71c66339-3e2d-4499-8f00-c89dfd4dfc8c" -- _0 : UNIQUE_ID
);
INSERT INTO GD_SHP VALUES (
    "440ae350-84b2-46a8-8c8a-2ec5bc3bc426" -- _0 : UNIQUE_ID
);
INSERT INTO GD_SHP VALUES (
    "eddfd0d8-cb75-47d8-99ce-5cdb9e99e5a1" -- _0 : UNIQUE_ID
);
INSERT INTO GD_SHP VALUES (
    "bb11508d-4888-4ca5-a0a8-c353cfcf0e3f" -- _0 : UNIQUE_ID
);
INSERT INTO GD_SHP VALUES (
    "927331ad-d65e-4e2c-8275-799133855e3a" -- _0 : UNIQUE_ID
);
INSERT INTO GD_SHP VALUES (
    "f4b5fb62-5881-41fe-a7aa-362c0a83fbaf" -- _0 : UNIQUE_ID
);
INSERT INTO GD_SHP VALUES (
    "e43671e1-17ed-4f7e-8d09-750416b4fc30" -- _0 : UNIQUE_ID
);
INSERT INTO GD_SHP VALUES (
    "e857f929-02d5-44f6-8679-6e70b8701630" -- _0 : UNIQUE_ID
);
INSERT INTO GD_SHP VALUES (
    "f0c15f86-db3b-40f5-889a-dff0c21c156f" -- _0 : UNIQUE_ID
);
INSERT INTO GD_SHP VALUES (
    "92ffb006-7e74-497e-b004-9458a6871f92" -- _0 : UNIQUE_ID
);
INSERT INTO GD_SHP VALUES (
    "adabfe16-42c0-4cd5-b08c-ee19f02b4594" -- _0 : UNIQUE_ID
);
INSERT INTO GD_NCS VALUES (
    "47e73ee7-a7e4-4834-ab20-8dbe8067b245" -- _0 : UNIQUE_ID
);
INSERT INTO GD_NCS VALUES (
    "2a79e99f-8d48-4840-a9af-963c816e64cf" -- _0 : UNIQUE_ID
);
INSERT INTO GD_NCS VALUES (
    "b338d10f-5ead-401b-a7be-1593614ec0df" -- _0 : UNIQUE_ID
);
INSERT INTO GD_NCS VALUES (
    "0f471f9f-a938-4191-a624-af30b406b49a" -- _0 : UNIQUE_ID
);
INSERT INTO GD_NCS VALUES (
    "9bbac918-642f-4bf0-9460-5e8fcaed8580" -- _0 : UNIQUE_ID
);
INSERT INTO GD_NCS VALUES (
    "99f0c301-009f-4de1-8719-28c038e63959" -- _0 : UNIQUE_ID
);
INSERT INTO GD_NCS VALUES (
    "6d2f1dfa-1460-4d30-9c6d-27930f9432d6" -- _0 : UNIQUE_ID
);
INSERT INTO GD_NCS VALUES (
    "aa81864f-4650-4fac-a858-94602d7f45e1" -- _0 : UNIQUE_ID
);
INSERT INTO GD_NCS VALUES (
    "cd19f362-e320-4e99-9086-14abdeed993e" -- _0 : UNIQUE_ID
);
INSERT INTO GD_NCS VALUES (
    "02184012-d96b-4d11-b529-6c6ad43a4969" -- _0 : UNIQUE_ID
);
INSERT INTO GD_NCS VALUES (
    "75315f47-767f-4cf5-9e10-41a01d18c3b6" -- _0 : UNIQUE_ID
);
INSERT INTO GD_NCS VALUES (
    "f5739c23-9126-43ad-9a1b-0f37c7e1dd94" -- _0 : UNIQUE_ID
);
INSERT INTO GD_NCS VALUES (
    "909ab02b-31c7-429f-b99a-d940860bd6d2" -- _0 : UNIQUE_ID
);
INSERT INTO GD_NCS VALUES (
    "ed420ffb-23fe-4148-864b-a72d054bd0af" -- _0 : UNIQUE_ID
);
INSERT INTO GD_NCS VALUES (
    "cc06369f-91cf-4f2e-a482-03645919fd13" -- _0 : UNIQUE_ID
);
INSERT INTO GD_NCS VALUES (
    "35340b72-a698-43a9-950c-8ff984a45719" -- _0 : UNIQUE_ID
);
INSERT INTO GD_NCS VALUES (
    "5a08134b-a95f-4abb-aa2d-4518a032e798" -- _0 : UNIQUE_ID
);
INSERT INTO GD_NCS VALUES (
    "71c66339-3e2d-4499-8f00-c89dfd4dfc8c" -- _0 : UNIQUE_ID
);
INSERT INTO GD_NCS VALUES (
    "440ae350-84b2-46a8-8c8a-2ec5bc3bc426" -- _0 : UNIQUE_ID
);
INSERT INTO GD_NCS VALUES (
    "bb11508d-4888-4ca5-a0a8-c353cfcf0e3f" -- _0 : UNIQUE_ID
);
INSERT INTO GD_NCS VALUES (
    "927331ad-d65e-4e2c-8275-799133855e3a" -- _0 : UNIQUE_ID
);
INSERT INTO GD_NCS VALUES (
    "f4b5fb62-5881-41fe-a7aa-362c0a83fbaf" -- _0 : UNIQUE_ID
);
INSERT INTO GD_NCS VALUES (
    "e43671e1-17ed-4f7e-8d09-750416b4fc30" -- _0 : UNIQUE_ID
);
INSERT INTO GD_NCS VALUES (
    "e857f929-02d5-44f6-8679-6e70b8701630" -- _0 : UNIQUE_ID
);
INSERT INTO GD_NCS VALUES (
    "f0c15f86-db3b-40f5-889a-dff0c21c156f" -- _0 : UNIQUE_ID
);
INSERT INTO GD_NCS VALUES (
    "92ffb006-7e74-497e-b004-9458a6871f92" -- _0 : UNIQUE_ID
);
INSERT INTO GD_NCS VALUES (
    "adabfe16-42c0-4cd5-b08c-ee19f02b4594" -- _0 : UNIQUE_ID
);
INSERT INTO DIM_ND VALUES (
    200.000000, -- _0 : REAL
    150.000000, -- _1 : REAL
    "47e73ee7-a7e4-4834-ab20-8dbe8067b245" -- _2 : UNIQUE_ID
);
INSERT INTO DIM_ND VALUES (
    200.000000, -- _0 : REAL
    150.000000, -- _1 : REAL
    "2a79e99f-8d48-4840-a9af-963c816e64cf" -- _2 : UNIQUE_ID
);
INSERT INTO DIM_ND VALUES (
    200.000000, -- _0 : REAL
    150.000000, -- _1 : REAL
    "b338d10f-5ead-401b-a7be-1593614ec0df" -- _2 : UNIQUE_ID
);
INSERT INTO DIM_ND VALUES (
    200.000000, -- _0 : REAL
    150.000000, -- _1 : REAL
    "0f471f9f-a938-4191-a624-af30b406b49a" -- _2 : UNIQUE_ID
);
INSERT INTO DIM_ND VALUES (
    200.000000, -- _0 : REAL
    150.000000, -- _1 : REAL
    "9bbac918-642f-4bf0-9460-5e8fcaed8580" -- _2 : UNIQUE_ID
);
INSERT INTO DIM_ND VALUES (
    200.000000, -- _0 : REAL
    150.000000, -- _1 : REAL
    "99f0c301-009f-4de1-8719-28c038e63959" -- _2 : UNIQUE_ID
);
INSERT INTO DIM_ND VALUES (
    200.000000, -- _0 : REAL
    150.000000, -- _1 : REAL
    "6d2f1dfa-1460-4d30-9c6d-27930f9432d6" -- _2 : UNIQUE_ID
);
INSERT INTO DIM_ND VALUES (
    200.000000, -- _0 : REAL
    150.000000, -- _1 : REAL
    "aa81864f-4650-4fac-a858-94602d7f45e1" -- _2 : UNIQUE_ID
);
INSERT INTO DIM_ND VALUES (
    200.000000, -- _0 : REAL
    150.000000, -- _1 : REAL
    "cd19f362-e320-4e99-9086-14abdeed993e" -- _2 : UNIQUE_ID
);
INSERT INTO DIM_ND VALUES (
    204.000000, -- _0 : REAL
    144.000000, -- _1 : REAL
    "02184012-d96b-4d11-b529-6c6ad43a4969" -- _2 : UNIQUE_ID
);
INSERT INTO DIM_ND VALUES (
    204.000000, -- _0 : REAL
    144.000000, -- _1 : REAL
    "75315f47-767f-4cf5-9e10-41a01d18c3b6" -- _2 : UNIQUE_ID
);
INSERT INTO DIM_ND VALUES (
    200.000000, -- _0 : REAL
    150.000000, -- _1 : REAL
    "f5739c23-9126-43ad-9a1b-0f37c7e1dd94" -- _2 : UNIQUE_ID
);
INSERT INTO DIM_ND VALUES (
    0.000000, -- _0 : REAL
    0.000000, -- _1 : REAL
    "590f870e-b7ca-46f8-8500-ea6abcbb3010" -- _2 : UNIQUE_ID
);
INSERT INTO DIM_ND VALUES (
    0.000000, -- _0 : REAL
    0.000000, -- _1 : REAL
    "86402be8-bb4b-4376-a115-e699b0a52f11" -- _2 : UNIQUE_ID
);
INSERT INTO DIM_ND VALUES (
    0.000000, -- _0 : REAL
    0.000000, -- _1 : REAL
    "29676bb3-3870-4ca6-9e12-5289bcd5ae93" -- _2 : UNIQUE_ID
);
INSERT INTO DIM_ND VALUES (
    1032.000000, -- _0 : REAL
    800.000000, -- _1 : REAL
    "26ab6a35-97f1-49d5-ae78-5b9e619b0c16" -- _2 : UNIQUE_ID
);
INSERT INTO DIM_ND VALUES (
    200.000000, -- _0 : REAL
    150.000000, -- _1 : REAL
    "909ab02b-31c7-429f-b99a-d940860bd6d2" -- _2 : UNIQUE_ID
);
INSERT INTO DIM_ND VALUES (
    0.000000, -- _0 : REAL
    0.000000, -- _1 : REAL
    "dd27e626-43d7-4efd-a5c2-8d0834432a8c" -- _2 : UNIQUE_ID
);
INSERT INTO DIM_ND VALUES (
    0.000000, -- _0 : REAL
    0.000000, -- _1 : REAL
    "5d418687-f480-4153-b7b2-76bb769b9fc0" -- _2 : UNIQUE_ID
);
INSERT INTO DIM_ND VALUES (
    0.000000, -- _0 : REAL
    0.000000, -- _1 : REAL
    "efaa4664-7a69-4f7b-83fc-13965abcd008" -- _2 : UNIQUE_ID
);
INSERT INTO DIM_ND VALUES (
    200.000000, -- _0 : REAL
    150.000000, -- _1 : REAL
    "ed420ffb-23fe-4148-864b-a72d054bd0af" -- _2 : UNIQUE_ID
);
INSERT INTO DIM_ND VALUES (
    145.000000, -- _0 : REAL
    109.000000, -- _1 : REAL
    "cc06369f-91cf-4f2e-a482-03645919fd13" -- _2 : UNIQUE_ID
);
INSERT INTO DIM_ND VALUES (
    204.000000, -- _0 : REAL
    144.000000, -- _1 : REAL
    "35340b72-a698-43a9-950c-8ff984a45719" -- _2 : UNIQUE_ID
);
INSERT INTO DIM_ND VALUES (
    0.000000, -- _0 : REAL
    0.000000, -- _1 : REAL
    "657f63f8-e1d0-4a1e-abfb-6a9cfea8d373" -- _2 : UNIQUE_ID
);
INSERT INTO DIM_ND VALUES (
    0.000000, -- _0 : REAL
    0.000000, -- _1 : REAL
    "b9fdc610-f254-42f6-ae7f-4805a06e893c" -- _2 : UNIQUE_ID
);
INSERT INTO DIM_ND VALUES (
    0.000000, -- _0 : REAL
    0.000000, -- _1 : REAL
    "b8e0f031-4317-4598-b83f-046de471eeb7" -- _2 : UNIQUE_ID
);
INSERT INTO DIM_ND VALUES (
    204.000000, -- _0 : REAL
    144.000000, -- _1 : REAL
    "5a08134b-a95f-4abb-aa2d-4518a032e798" -- _2 : UNIQUE_ID
);
INSERT INTO DIM_ND VALUES (
    0.000000, -- _0 : REAL
    0.000000, -- _1 : REAL
    "b104e90c-22a4-4384-ae44-fa9fd90e0427" -- _2 : UNIQUE_ID
);
INSERT INTO DIM_ND VALUES (
    0.000000, -- _0 : REAL
    0.000000, -- _1 : REAL
    "32905cb4-f5ac-4f79-b6f5-2be5d4b5281f" -- _2 : UNIQUE_ID
);
INSERT INTO DIM_ND VALUES (
    0.000000, -- _0 : REAL
    0.000000, -- _1 : REAL
    "410044bf-19d9-45a8-b93f-69d0ee61b173" -- _2 : UNIQUE_ID
);
INSERT INTO DIM_ND VALUES (
    200.000000, -- _0 : REAL
    150.000000, -- _1 : REAL
    "71c66339-3e2d-4499-8f00-c89dfd4dfc8c" -- _2 : UNIQUE_ID
);
INSERT INTO DIM_ND VALUES (
    200.000000, -- _0 : REAL
    150.000000, -- _1 : REAL
    "440ae350-84b2-46a8-8c8a-2ec5bc3bc426" -- _2 : UNIQUE_ID
);
INSERT INTO DIM_ND VALUES (
    522.000000, -- _0 : REAL
    162.000000, -- _1 : REAL
    "eddfd0d8-cb75-47d8-99ce-5cdb9e99e5a1" -- _2 : UNIQUE_ID
);
INSERT INTO DIM_ND VALUES (
    200.000000, -- _0 : REAL
    150.000000, -- _1 : REAL
    "bb11508d-4888-4ca5-a0a8-c353cfcf0e3f" -- _2 : UNIQUE_ID
);
INSERT INTO DIM_ND VALUES (
    0.000000, -- _0 : REAL
    0.000000, -- _1 : REAL
    "8d496faf-0f8e-45af-8581-e81ee4bb69b1" -- _2 : UNIQUE_ID
);
INSERT INTO DIM_ND VALUES (
    0.000000, -- _0 : REAL
    0.000000, -- _1 : REAL
    "22e09dc6-f6a7-4be9-aecf-b6a614fd9b11" -- _2 : UNIQUE_ID
);
INSERT INTO DIM_ND VALUES (
    0.000000, -- _0 : REAL
    0.000000, -- _1 : REAL
    "2b6dbeea-9dc2-420f-9501-a507c9568a2c" -- _2 : UNIQUE_ID
);
INSERT INTO DIM_ND VALUES (
    200.000000, -- _0 : REAL
    150.000000, -- _1 : REAL
    "927331ad-d65e-4e2c-8275-799133855e3a" -- _2 : UNIQUE_ID
);
INSERT INTO DIM_ND VALUES (
    200.000000, -- _0 : REAL
    150.000000, -- _1 : REAL
    "f4b5fb62-5881-41fe-a7aa-362c0a83fbaf" -- _2 : UNIQUE_ID
);
INSERT INTO DIM_ND VALUES (
    200.000000, -- _0 : REAL
    150.000000, -- _1 : REAL
    "e43671e1-17ed-4f7e-8d09-750416b4fc30" -- _2 : UNIQUE_ID
);
INSERT INTO DIM_ND VALUES (
    0.000000, -- _0 : REAL
    0.000000, -- _1 : REAL
    "e0078476-c9af-443d-a1ed-8e1dbda2db02" -- _2 : UNIQUE_ID
);
INSERT INTO DIM_ND VALUES (
    0.000000, -- _0 : REAL
    0.000000, -- _1 : REAL
    "d00d3a6b-a2cb-4ddd-b4c9-6a9646574955" -- _2 : UNIQUE_ID
);
INSERT INTO DIM_ND VALUES (
    0.000000, -- _0 : REAL
    0.000000, -- _1 : REAL
    "c0df5eaf-b872-434c-becc-ca967e6b1904" -- _2 : UNIQUE_ID
);
INSERT INTO DIM_ND VALUES (
    200.000000, -- _0 : REAL
    150.000000, -- _1 : REAL
    "e857f929-02d5-44f6-8679-6e70b8701630" -- _2 : UNIQUE_ID
);
INSERT INTO DIM_ND VALUES (
    200.000000, -- _0 : REAL
    150.000000, -- _1 : REAL
    "f0c15f86-db3b-40f5-889a-dff0c21c156f" -- _2 : UNIQUE_ID
);
INSERT INTO DIM_ND VALUES (
    204.000000, -- _0 : REAL
    144.000000, -- _1 : REAL
    "92ffb006-7e74-497e-b004-9458a6871f92" -- _2 : UNIQUE_ID
);
INSERT INTO DIM_ND VALUES (
    204.000000, -- _0 : REAL
    144.000000, -- _1 : REAL
    "adabfe16-42c0-4cd5-b08c-ee19f02b4594" -- _2 : UNIQUE_ID
);
INSERT INTO DIM_ND VALUES (
    0.000000, -- _0 : REAL
    0.000000, -- _1 : REAL
    "594d4f9b-9f7e-4f37-bfe3-c6ca309b2716" -- _2 : UNIQUE_ID
);
INSERT INTO DIM_ND VALUES (
    0.000000, -- _0 : REAL
    0.000000, -- _1 : REAL
    "665b84fa-f37e-4d1d-92ab-956821094a11" -- _2 : UNIQUE_ID
);
INSERT INTO DIM_ND VALUES (
    0.000000, -- _0 : REAL
    0.000000, -- _1 : REAL
    "92685918-1ab6-4a74-986e-8393ba8bf6b5" -- _2 : UNIQUE_ID
);
INSERT INTO DIM_ND VALUES (
    0.000000, -- _0 : REAL
    0.000000, -- _1 : REAL
    "ce6d8f53-1a3a-4ac1-bbda-f29ac3475992" -- _2 : UNIQUE_ID
);
INSERT INTO DIM_ND VALUES (
    0.000000, -- _0 : REAL
    0.000000, -- _1 : REAL
    "246f54b4-7a6f-4630-8c44-3d9cdf95e495" -- _2 : UNIQUE_ID
);
INSERT INTO DIM_ND VALUES (
    0.000000, -- _0 : REAL
    0.000000, -- _1 : REAL
    "6e85febf-a3f2-4df7-8712-a171a4921fd0" -- _2 : UNIQUE_ID
);
INSERT INTO DIM_GE VALUES (
    0.000000, -- _0 : REAL
    0.000000, -- _1 : REAL
    "47e73ee7-a7e4-4834-ab20-8dbe8067b245", -- _2 : UNIQUE_ID
    "00000000-0000-0000-0000-000000000000" -- _3 : UNIQUE_ID
);
INSERT INTO DIM_GE VALUES (
    250.000000, -- _0 : REAL
    0.000000, -- _1 : REAL
    "2a79e99f-8d48-4840-a9af-963c816e64cf", -- _2 : UNIQUE_ID
    "00000000-0000-0000-0000-000000000000" -- _3 : UNIQUE_ID
);
INSERT INTO DIM_GE VALUES (
    250.000000, -- _0 : REAL
    0.000000, -- _1 : REAL
    "b338d10f-5ead-401b-a7be-1593614ec0df", -- _2 : UNIQUE_ID
    "00000000-0000-0000-0000-000000000000" -- _3 : UNIQUE_ID
);
INSERT INTO DIM_GE VALUES (
    0.000000, -- _0 : REAL
    0.000000, -- _1 : REAL
    "0f471f9f-a938-4191-a624-af30b406b49a", -- _2 : UNIQUE_ID
    "00000000-0000-0000-0000-000000000000" -- _3 : UNIQUE_ID
);
INSERT INTO DIM_GE VALUES (
    0.000000, -- _0 : REAL
    0.000000, -- _1 : REAL
    "9bbac918-642f-4bf0-9460-5e8fcaed8580", -- _2 : UNIQUE_ID
    "00000000-0000-0000-0000-000000000000" -- _3 : UNIQUE_ID
);
INSERT INTO DIM_GE VALUES (
    0.000000, -- _0 : REAL
    0.000000, -- _1 : REAL
    "99f0c301-009f-4de1-8719-28c038e63959", -- _2 : UNIQUE_ID
    "00000000-0000-0000-0000-000000000000" -- _3 : UNIQUE_ID
);
INSERT INTO DIM_GE VALUES (
    0.000000, -- _0 : REAL
    0.000000, -- _1 : REAL
    "6d2f1dfa-1460-4d30-9c6d-27930f9432d6", -- _2 : UNIQUE_ID
    "00000000-0000-0000-0000-000000000000" -- _3 : UNIQUE_ID
);
INSERT INTO DIM_GE VALUES (
    970.000000, -- _0 : REAL
    0.000000, -- _1 : REAL
    "aa81864f-4650-4fac-a858-94602d7f45e1", -- _2 : UNIQUE_ID
    "00000000-0000-0000-0000-000000000000" -- _3 : UNIQUE_ID
);
INSERT INTO DIM_GE VALUES (
    250.000000, -- _0 : REAL
    0.000000, -- _1 : REAL
    "cd19f362-e320-4e99-9086-14abdeed993e", -- _2 : UNIQUE_ID
    "00000000-0000-0000-0000-000000000000" -- _3 : UNIQUE_ID
);
INSERT INTO DIM_GE VALUES (
    4140.000000, -- _0 : REAL
    3096.000000, -- _1 : REAL
    "02184012-d96b-4d11-b529-6c6ad43a4969", -- _2 : UNIQUE_ID
    "00000000-0000-0000-0000-000000000000" -- _3 : UNIQUE_ID
);
INSERT INTO DIM_GE VALUES (
    4464.000000, -- _0 : REAL
    3120.000000, -- _1 : REAL
    "75315f47-767f-4cf5-9e10-41a01d18c3b6", -- _2 : UNIQUE_ID
    "00000000-0000-0000-0000-000000000000" -- _3 : UNIQUE_ID
);
INSERT INTO DIM_GE VALUES (
    0.000000, -- _0 : REAL
    0.000000, -- _1 : REAL
    "f5739c23-9126-43ad-9a1b-0f37c7e1dd94", -- _2 : UNIQUE_ID
    "00000000-0000-0000-0000-000000000000" -- _3 : UNIQUE_ID
);
INSERT INTO DIM_GE VALUES (
    0.000000, -- _0 : REAL
    0.000000, -- _1 : REAL
    "590f870e-b7ca-46f8-8500-ea6abcbb3010", -- _2 : UNIQUE_ID
    "00000000-0000-0000-0000-000000000000" -- _3 : UNIQUE_ID
);
INSERT INTO DIM_GE VALUES (
    0.000000, -- _0 : REAL
    0.000000, -- _1 : REAL
    "86402be8-bb4b-4376-a115-e699b0a52f11", -- _2 : UNIQUE_ID
    "00000000-0000-0000-0000-000000000000" -- _3 : UNIQUE_ID
);
INSERT INTO DIM_GE VALUES (
    0.000000, -- _0 : REAL
    0.000000, -- _1 : REAL
    "29676bb3-3870-4ca6-9e12-5289bcd5ae93", -- _2 : UNIQUE_ID
    "00000000-0000-0000-0000-000000000000" -- _3 : UNIQUE_ID
);
INSERT INTO DIM_GE VALUES (
    0.000000, -- _0 : REAL
    0.000000, -- _1 : REAL
    "b7208601-6c1d-4a70-9874-af630427b85c", -- _2 : UNIQUE_ID
    "00000000-0000-0000-0000-000000000000" -- _3 : UNIQUE_ID
);
INSERT INTO DIM_GE VALUES (
    4100.000000, -- _0 : REAL
    3100.000000, -- _1 : REAL
    "26ab6a35-97f1-49d5-ae78-5b9e619b0c16", -- _2 : UNIQUE_ID
    "00000000-0000-0000-0000-000000000000" -- _3 : UNIQUE_ID
);
INSERT INTO DIM_GE VALUES (
    4920.000000, -- _0 : REAL
    3100.000000, -- _1 : REAL
    "909ab02b-31c7-429f-b99a-d940860bd6d2", -- _2 : UNIQUE_ID
    "00000000-0000-0000-0000-000000000000" -- _3 : UNIQUE_ID
);
INSERT INTO DIM_GE VALUES (
    0.000000, -- _0 : REAL
    0.000000, -- _1 : REAL
    "dd27e626-43d7-4efd-a5c2-8d0834432a8c", -- _2 : UNIQUE_ID
    "00000000-0000-0000-0000-000000000000" -- _3 : UNIQUE_ID
);
INSERT INTO DIM_GE VALUES (
    5119.000000, -- _0 : REAL
    3512.000000, -- _1 : REAL
    "5d418687-f480-4153-b7b2-76bb769b9fc0", -- _2 : UNIQUE_ID
    "00000000-0000-0000-0000-000000000000" -- _3 : UNIQUE_ID
);
INSERT INTO DIM_GE VALUES (
    0.000000, -- _0 : REAL
    0.000000, -- _1 : REAL
    "efaa4664-7a69-4f7b-83fc-13965abcd008", -- _2 : UNIQUE_ID
    "00000000-0000-0000-0000-000000000000" -- _3 : UNIQUE_ID
);
INSERT INTO DIM_GE VALUES (
    0.000000, -- _0 : REAL
    0.000000, -- _1 : REAL
    "b982d6cf-9550-416f-8b35-312dcfff4b27", -- _2 : UNIQUE_ID
    "00000000-0000-0000-0000-000000000000" -- _3 : UNIQUE_ID
);
INSERT INTO DIM_GE VALUES (
    0.000000, -- _0 : REAL
    0.000000, -- _1 : REAL
    "ed420ffb-23fe-4148-864b-a72d054bd0af", -- _2 : UNIQUE_ID
    "00000000-0000-0000-0000-000000000000" -- _3 : UNIQUE_ID
);
INSERT INTO DIM_GE VALUES (
    288.000000, -- _0 : REAL
    96.000000, -- _1 : REAL
    "cc06369f-91cf-4f2e-a482-03645919fd13", -- _2 : UNIQUE_ID
    "00000000-0000-0000-0000-000000000000" -- _3 : UNIQUE_ID
);
INSERT INTO DIM_GE VALUES (
    4116.000000, -- _0 : REAL
    3120.000000, -- _1 : REAL
    "35340b72-a698-43a9-950c-8ff984a45719", -- _2 : UNIQUE_ID
    "00000000-0000-0000-0000-000000000000" -- _3 : UNIQUE_ID
);
INSERT INTO DIM_GE VALUES (
    0.000000, -- _0 : REAL
    0.000000, -- _1 : REAL
    "657f63f8-e1d0-4a1e-abfb-6a9cfea8d373", -- _2 : UNIQUE_ID
    "00000000-0000-0000-0000-000000000000" -- _3 : UNIQUE_ID
);
INSERT INTO DIM_GE VALUES (
    4140.000000, -- _0 : REAL
    3081.000000, -- _1 : REAL
    "b9fdc610-f254-42f6-ae7f-4805a06e893c", -- _2 : UNIQUE_ID
    "00000000-0000-0000-0000-000000000000" -- _3 : UNIQUE_ID
);
INSERT INTO DIM_GE VALUES (
    0.000000, -- _0 : REAL
    0.000000, -- _1 : REAL
    "b8e0f031-4317-4598-b83f-046de471eeb7", -- _2 : UNIQUE_ID
    "00000000-0000-0000-0000-000000000000" -- _3 : UNIQUE_ID
);
INSERT INTO DIM_GE VALUES (
    0.000000, -- _0 : REAL
    0.000000, -- _1 : REAL
    "08d89651-9bdd-4e26-b02a-e04f7b6e5cf9", -- _2 : UNIQUE_ID
    "00000000-0000-0000-0000-000000000000" -- _3 : UNIQUE_ID
);
INSERT INTO DIM_GE VALUES (
    4116.000000, -- _0 : REAL
    3324.000000, -- _1 : REAL
    "5a08134b-a95f-4abb-aa2d-4518a032e798", -- _2 : UNIQUE_ID
    "00000000-0000-0000-0000-000000000000" -- _3 : UNIQUE_ID
);
INSERT INTO DIM_GE VALUES (
    0.000000, -- _0 : REAL
    0.000000, -- _1 : REAL
    "b104e90c-22a4-4384-ae44-fa9fd90e0427", -- _2 : UNIQUE_ID
    "00000000-0000-0000-0000-000000000000" -- _3 : UNIQUE_ID
);
INSERT INTO DIM_GE VALUES (
    4015.000000, -- _0 : REAL
    3285.000000, -- _1 : REAL
    "32905cb4-f5ac-4f79-b6f5-2be5d4b5281f", -- _2 : UNIQUE_ID
    "00000000-0000-0000-0000-000000000000" -- _3 : UNIQUE_ID
);
INSERT INTO DIM_GE VALUES (
    0.000000, -- _0 : REAL
    0.000000, -- _1 : REAL
    "410044bf-19d9-45a8-b93f-69d0ee61b173", -- _2 : UNIQUE_ID
    "00000000-0000-0000-0000-000000000000" -- _3 : UNIQUE_ID
);
INSERT INTO DIM_GE VALUES (
    0.000000, -- _0 : REAL
    0.000000, -- _1 : REAL
    "f84eae49-c82d-45b4-8c15-f2d7416b1878", -- _2 : UNIQUE_ID
    "00000000-0000-0000-0000-000000000000" -- _3 : UNIQUE_ID
);
INSERT INTO DIM_GE VALUES (
    0.000000, -- _0 : REAL
    0.000000, -- _1 : REAL
    "71c66339-3e2d-4499-8f00-c89dfd4dfc8c", -- _2 : UNIQUE_ID
    "00000000-0000-0000-0000-000000000000" -- _3 : UNIQUE_ID
);
INSERT INTO DIM_GE VALUES (
    220.000000, -- _0 : REAL
    0.000000, -- _1 : REAL
    "440ae350-84b2-46a8-8c8a-2ec5bc3bc426", -- _2 : UNIQUE_ID
    "00000000-0000-0000-0000-000000000000" -- _3 : UNIQUE_ID
);
INSERT INTO DIM_GE VALUES (
    4100.000000, -- _0 : REAL
    3100.000000, -- _1 : REAL
    "eddfd0d8-cb75-47d8-99ce-5cdb9e99e5a1", -- _2 : UNIQUE_ID
    "00000000-0000-0000-0000-000000000000" -- _3 : UNIQUE_ID
);
INSERT INTO DIM_GE VALUES (
    4410.000000, -- _0 : REAL
    3100.000000, -- _1 : REAL
    "bb11508d-4888-4ca5-a0a8-c353cfcf0e3f", -- _2 : UNIQUE_ID
    "00000000-0000-0000-0000-000000000000" -- _3 : UNIQUE_ID
);
INSERT INTO DIM_GE VALUES (
    0.000000, -- _0 : REAL
    0.000000, -- _1 : REAL
    "8d496faf-0f8e-45af-8581-e81ee4bb69b1", -- _2 : UNIQUE_ID
    "00000000-0000-0000-0000-000000000000" -- _3 : UNIQUE_ID
);
INSERT INTO DIM_GE VALUES (
    4613.000000, -- _0 : REAL
    3178.000000, -- _1 : REAL
    "22e09dc6-f6a7-4be9-aecf-b6a614fd9b11", -- _2 : UNIQUE_ID
    "00000000-0000-0000-0000-000000000000" -- _3 : UNIQUE_ID
);
INSERT INTO DIM_GE VALUES (
    0.000000, -- _0 : REAL
    0.000000, -- _1 : REAL
    "2b6dbeea-9dc2-420f-9501-a507c9568a2c", -- _2 : UNIQUE_ID
    "00000000-0000-0000-0000-000000000000" -- _3 : UNIQUE_ID
);
INSERT INTO DIM_GE VALUES (
    0.000000, -- _0 : REAL
    0.000000, -- _1 : REAL
    "432cc52d-be9e-4ae8-95dc-458429c448f9", -- _2 : UNIQUE_ID
    "00000000-0000-0000-0000-000000000000" -- _3 : UNIQUE_ID
);
INSERT INTO DIM_GE VALUES (
    0.000000, -- _0 : REAL
    0.000000, -- _1 : REAL
    "927331ad-d65e-4e2c-8275-799133855e3a", -- _2 : UNIQUE_ID
    "00000000-0000-0000-0000-000000000000" -- _3 : UNIQUE_ID
);
INSERT INTO DIM_GE VALUES (
    0.000000, -- _0 : REAL
    0.000000, -- _1 : REAL
    "f4b5fb62-5881-41fe-a7aa-362c0a83fbaf", -- _2 : UNIQUE_ID
    "00000000-0000-0000-0000-000000000000" -- _3 : UNIQUE_ID
);
INSERT INTO DIM_GE VALUES (
    220.000000, -- _0 : REAL
    0.000000, -- _1 : REAL
    "e43671e1-17ed-4f7e-8d09-750416b4fc30", -- _2 : UNIQUE_ID
    "00000000-0000-0000-0000-000000000000" -- _3 : UNIQUE_ID
);
INSERT INTO DIM_GE VALUES (
    0.000000, -- _0 : REAL
    0.000000, -- _1 : REAL
    "e0078476-c9af-443d-a1ed-8e1dbda2db02", -- _2 : UNIQUE_ID
    "00000000-0000-0000-0000-000000000000" -- _3 : UNIQUE_ID
);
INSERT INTO DIM_GE VALUES (
    0.000000, -- _0 : REAL
    0.000000, -- _1 : REAL
    "d00d3a6b-a2cb-4ddd-b4c9-6a9646574955", -- _2 : UNIQUE_ID
    "00000000-0000-0000-0000-000000000000" -- _3 : UNIQUE_ID
);
INSERT INTO DIM_GE VALUES (
    0.000000, -- _0 : REAL
    0.000000, -- _1 : REAL
    "c0df5eaf-b872-434c-becc-ca967e6b1904", -- _2 : UNIQUE_ID
    "00000000-0000-0000-0000-000000000000" -- _3 : UNIQUE_ID
);
INSERT INTO DIM_GE VALUES (
    0.000000, -- _0 : REAL
    0.000000, -- _1 : REAL
    "c36dcfd8-6128-4ea6-8ada-504c4809dfa0", -- _2 : UNIQUE_ID
    "00000000-0000-0000-0000-000000000000" -- _3 : UNIQUE_ID
);
INSERT INTO DIM_GE VALUES (
    0.000000, -- _0 : REAL
    0.000000, -- _1 : REAL
    "e857f929-02d5-44f6-8679-6e70b8701630", -- _2 : UNIQUE_ID
    "00000000-0000-0000-0000-000000000000" -- _3 : UNIQUE_ID
);
INSERT INTO DIM_GE VALUES (
    0.000000, -- _0 : REAL
    0.000000, -- _1 : REAL
    "f0c15f86-db3b-40f5-889a-dff0c21c156f", -- _2 : UNIQUE_ID
    "00000000-0000-0000-0000-000000000000" -- _3 : UNIQUE_ID
);
INSERT INTO DIM_GE VALUES (
    4020.000000, -- _0 : REAL
    3144.000000, -- _1 : REAL
    "92ffb006-7e74-497e-b004-9458a6871f92", -- _2 : UNIQUE_ID
    "00000000-0000-0000-0000-000000000000" -- _3 : UNIQUE_ID
);
INSERT INTO DIM_GE VALUES (
    4416.000000, -- _0 : REAL
    3144.000000, -- _1 : REAL
    "adabfe16-42c0-4cd5-b08c-ee19f02b4594", -- _2 : UNIQUE_ID
    "00000000-0000-0000-0000-000000000000" -- _3 : UNIQUE_ID
);
INSERT INTO DIM_GE VALUES (
    0.000000, -- _0 : REAL
    0.000000, -- _1 : REAL
    "594d4f9b-9f7e-4f37-bfe3-c6ca309b2716", -- _2 : UNIQUE_ID
    "00000000-0000-0000-0000-000000000000" -- _3 : UNIQUE_ID
);
INSERT INTO DIM_GE VALUES (
    4259.000000, -- _0 : REAL
    3190.000000, -- _1 : REAL
    "665b84fa-f37e-4d1d-92ab-956821094a11", -- _2 : UNIQUE_ID
    "00000000-0000-0000-0000-000000000000" -- _3 : UNIQUE_ID
);
INSERT INTO DIM_GE VALUES (
    0.000000, -- _0 : REAL
    0.000000, -- _1 : REAL
    "92685918-1ab6-4a74-986e-8393ba8bf6b5", -- _2 : UNIQUE_ID
    "00000000-0000-0000-0000-000000000000" -- _3 : UNIQUE_ID
);
INSERT INTO DIM_GE VALUES (
    0.000000, -- _0 : REAL
    0.000000, -- _1 : REAL
    "eebc4a6a-cf5b-452d-a523-b9536407fb18", -- _2 : UNIQUE_ID
    "00000000-0000-0000-0000-000000000000" -- _3 : UNIQUE_ID
);
INSERT INTO DIM_GE VALUES (
    0.000000, -- _0 : REAL
    0.000000, -- _1 : REAL
    "ce6d8f53-1a3a-4ac1-bbda-f29ac3475992", -- _2 : UNIQUE_ID
    "00000000-0000-0000-0000-000000000000" -- _3 : UNIQUE_ID
);
INSERT INTO DIM_GE VALUES (
    4374.000000, -- _0 : REAL
    3190.000000, -- _1 : REAL
    "246f54b4-7a6f-4630-8c44-3d9cdf95e495", -- _2 : UNIQUE_ID
    "00000000-0000-0000-0000-000000000000" -- _3 : UNIQUE_ID
);
INSERT INTO DIM_GE VALUES (
    0.000000, -- _0 : REAL
    0.000000, -- _1 : REAL
    "6e85febf-a3f2-4df7-8712-a171a4921fd0", -- _2 : UNIQUE_ID
    "00000000-0000-0000-0000-000000000000" -- _3 : UNIQUE_ID
);
INSERT INTO DIM_GE VALUES (
    0.000000, -- _0 : REAL
    0.000000, -- _1 : REAL
    "c3a89d2e-fa90-4439-8ce1-f2f3990190fe", -- _2 : UNIQUE_ID
    "00000000-0000-0000-0000-000000000000" -- _3 : UNIQUE_ID
);
INSERT INTO DIM_ELE VALUES (
    "47e73ee7-a7e4-4834-ab20-8dbe8067b245", -- _0 : UNIQUE_ID
    0, -- _1 : INTEGER
    "00000000-0000-0000-0000-000000000000" -- _2 : UNIQUE_ID
);
INSERT INTO DIM_ELE VALUES (
    "2a79e99f-8d48-4840-a9af-963c816e64cf", -- _0 : UNIQUE_ID
    0, -- _1 : INTEGER
    "00000000-0000-0000-0000-000000000000" -- _2 : UNIQUE_ID
);
INSERT INTO DIM_ELE VALUES (
    "b338d10f-5ead-401b-a7be-1593614ec0df", -- _0 : UNIQUE_ID
    0, -- _1 : INTEGER
    "00000000-0000-0000-0000-000000000000" -- _2 : UNIQUE_ID
);
INSERT INTO DIM_ELE VALUES (
    "0f471f9f-a938-4191-a624-af30b406b49a", -- _0 : UNIQUE_ID
    0, -- _1 : INTEGER
    "00000000-0000-0000-0000-000000000000" -- _2 : UNIQUE_ID
);
INSERT INTO DIM_ELE VALUES (
    "9bbac918-642f-4bf0-9460-5e8fcaed8580", -- _0 : UNIQUE_ID
    0, -- _1 : INTEGER
    "00000000-0000-0000-0000-000000000000" -- _2 : UNIQUE_ID
);
INSERT INTO DIM_ELE VALUES (
    "99f0c301-009f-4de1-8719-28c038e63959", -- _0 : UNIQUE_ID
    0, -- _1 : INTEGER
    "00000000-0000-0000-0000-000000000000" -- _2 : UNIQUE_ID
);
INSERT INTO DIM_ELE VALUES (
    "6d2f1dfa-1460-4d30-9c6d-27930f9432d6", -- _0 : UNIQUE_ID
    0, -- _1 : INTEGER
    "00000000-0000-0000-0000-000000000000" -- _2 : UNIQUE_ID
);
INSERT INTO DIM_ELE VALUES (
    "aa81864f-4650-4fac-a858-94602d7f45e1", -- _0 : UNIQUE_ID
    0, -- _1 : INTEGER
    "00000000-0000-0000-0000-000000000000" -- _2 : UNIQUE_ID
);
INSERT INTO DIM_ELE VALUES (
    "cd19f362-e320-4e99-9086-14abdeed993e", -- _0 : UNIQUE_ID
    0, -- _1 : INTEGER
    "00000000-0000-0000-0000-000000000000" -- _2 : UNIQUE_ID
);
INSERT INTO DIM_ELE VALUES (
    "02184012-d96b-4d11-b529-6c6ad43a4969", -- _0 : UNIQUE_ID
    0, -- _1 : INTEGER
    "00000000-0000-0000-0000-000000000000" -- _2 : UNIQUE_ID
);
INSERT INTO DIM_ELE VALUES (
    "75315f47-767f-4cf5-9e10-41a01d18c3b6", -- _0 : UNIQUE_ID
    0, -- _1 : INTEGER
    "00000000-0000-0000-0000-000000000000" -- _2 : UNIQUE_ID
);
INSERT INTO DIM_ELE VALUES (
    "f5739c23-9126-43ad-9a1b-0f37c7e1dd94", -- _0 : UNIQUE_ID
    0, -- _1 : INTEGER
    "00000000-0000-0000-0000-000000000000" -- _2 : UNIQUE_ID
);
INSERT INTO DIM_ELE VALUES (
    "590f870e-b7ca-46f8-8500-ea6abcbb3010", -- _0 : UNIQUE_ID
    0, -- _1 : INTEGER
    "00000000-0000-0000-0000-000000000000" -- _2 : UNIQUE_ID
);
INSERT INTO DIM_ELE VALUES (
    "86402be8-bb4b-4376-a115-e699b0a52f11", -- _0 : UNIQUE_ID
    0, -- _1 : INTEGER
    "00000000-0000-0000-0000-000000000000" -- _2 : UNIQUE_ID
);
INSERT INTO DIM_ELE VALUES (
    "29676bb3-3870-4ca6-9e12-5289bcd5ae93", -- _0 : UNIQUE_ID
    0, -- _1 : INTEGER
    "00000000-0000-0000-0000-000000000000" -- _2 : UNIQUE_ID
);
INSERT INTO DIM_ELE VALUES (
    "b7208601-6c1d-4a70-9874-af630427b85c", -- _0 : UNIQUE_ID
    0, -- _1 : INTEGER
    "00000000-0000-0000-0000-000000000000" -- _2 : UNIQUE_ID
);
INSERT INTO DIM_ELE VALUES (
    "26ab6a35-97f1-49d5-ae78-5b9e619b0c16", -- _0 : UNIQUE_ID
    0, -- _1 : INTEGER
    "00000000-0000-0000-0000-000000000000" -- _2 : UNIQUE_ID
);
INSERT INTO DIM_ELE VALUES (
    "909ab02b-31c7-429f-b99a-d940860bd6d2", -- _0 : UNIQUE_ID
    0, -- _1 : INTEGER
    "26ab6a35-97f1-49d5-ae78-5b9e619b0c16" -- _2 : UNIQUE_ID
);
INSERT INTO DIM_ELE VALUES (
    "dd27e626-43d7-4efd-a5c2-8d0834432a8c", -- _0 : UNIQUE_ID
    0, -- _1 : INTEGER
    "00000000-0000-0000-0000-000000000000" -- _2 : UNIQUE_ID
);
INSERT INTO DIM_ELE VALUES (
    "5d418687-f480-4153-b7b2-76bb769b9fc0", -- _0 : UNIQUE_ID
    0, -- _1 : INTEGER
    "00000000-0000-0000-0000-000000000000" -- _2 : UNIQUE_ID
);
INSERT INTO DIM_ELE VALUES (
    "efaa4664-7a69-4f7b-83fc-13965abcd008", -- _0 : UNIQUE_ID
    0, -- _1 : INTEGER
    "00000000-0000-0000-0000-000000000000" -- _2 : UNIQUE_ID
);
INSERT INTO DIM_ELE VALUES (
    "b982d6cf-9550-416f-8b35-312dcfff4b27", -- _0 : UNIQUE_ID
    0, -- _1 : INTEGER
    "00000000-0000-0000-0000-000000000000" -- _2 : UNIQUE_ID
);
INSERT INTO DIM_ELE VALUES (
    "ed420ffb-23fe-4148-864b-a72d054bd0af", -- _0 : UNIQUE_ID
    0, -- _1 : INTEGER
    "00000000-0000-0000-0000-000000000000" -- _2 : UNIQUE_ID
);
INSERT INTO DIM_ELE VALUES (
    "cc06369f-91cf-4f2e-a482-03645919fd13", -- _0 : UNIQUE_ID
    0, -- _1 : INTEGER
    "00000000-0000-0000-0000-000000000000" -- _2 : UNIQUE_ID
);
INSERT INTO DIM_ELE VALUES (
    "35340b72-a698-43a9-950c-8ff984a45719", -- _0 : UNIQUE_ID
    0, -- _1 : INTEGER
    "00000000-0000-0000-0000-000000000000" -- _2 : UNIQUE_ID
);
INSERT INTO DIM_ELE VALUES (
    "657f63f8-e1d0-4a1e-abfb-6a9cfea8d373", -- _0 : UNIQUE_ID
    0, -- _1 : INTEGER
    "00000000-0000-0000-0000-000000000000" -- _2 : UNIQUE_ID
);
INSERT INTO DIM_ELE VALUES (
    "b9fdc610-f254-42f6-ae7f-4805a06e893c", -- _0 : UNIQUE_ID
    0, -- _1 : INTEGER
    "00000000-0000-0000-0000-000000000000" -- _2 : UNIQUE_ID
);
INSERT INTO DIM_ELE VALUES (
    "b8e0f031-4317-4598-b83f-046de471eeb7", -- _0 : UNIQUE_ID
    0, -- _1 : INTEGER
    "00000000-0000-0000-0000-000000000000" -- _2 : UNIQUE_ID
);
INSERT INTO DIM_ELE VALUES (
    "08d89651-9bdd-4e26-b02a-e04f7b6e5cf9", -- _0 : UNIQUE_ID
    0, -- _1 : INTEGER
    "00000000-0000-0000-0000-000000000000" -- _2 : UNIQUE_ID
);
INSERT INTO DIM_ELE VALUES (
    "5a08134b-a95f-4abb-aa2d-4518a032e798", -- _0 : UNIQUE_ID
    0, -- _1 : INTEGER
    "00000000-0000-0000-0000-000000000000" -- _2 : UNIQUE_ID
);
INSERT INTO DIM_ELE VALUES (
    "b104e90c-22a4-4384-ae44-fa9fd90e0427", -- _0 : UNIQUE_ID
    0, -- _1 : INTEGER
    "00000000-0000-0000-0000-000000000000" -- _2 : UNIQUE_ID
);
INSERT INTO DIM_ELE VALUES (
    "32905cb4-f5ac-4f79-b6f5-2be5d4b5281f", -- _0 : UNIQUE_ID
    0, -- _1 : INTEGER
    "00000000-0000-0000-0000-000000000000" -- _2 : UNIQUE_ID
);
INSERT INTO DIM_ELE VALUES (
    "410044bf-19d9-45a8-b93f-69d0ee61b173", -- _0 : UNIQUE_ID
    0, -- _1 : INTEGER
    "00000000-0000-0000-0000-000000000000" -- _2 : UNIQUE_ID
);
INSERT INTO DIM_ELE VALUES (
    "f84eae49-c82d-45b4-8c15-f2d7416b1878", -- _0 : UNIQUE_ID
    0, -- _1 : INTEGER
    "00000000-0000-0000-0000-000000000000" -- _2 : UNIQUE_ID
);
INSERT INTO DIM_ELE VALUES (
    "71c66339-3e2d-4499-8f00-c89dfd4dfc8c", -- _0 : UNIQUE_ID
    0, -- _1 : INTEGER
    "00000000-0000-0000-0000-000000000000" -- _2 : UNIQUE_ID
);
INSERT INTO DIM_ELE VALUES (
    "440ae350-84b2-46a8-8c8a-2ec5bc3bc426", -- _0 : UNIQUE_ID
    0, -- _1 : INTEGER
    "00000000-0000-0000-0000-000000000000" -- _2 : UNIQUE_ID
);
INSERT INTO DIM_ELE VALUES (
    "eddfd0d8-cb75-47d8-99ce-5cdb9e99e5a1", -- _0 : UNIQUE_ID
    0, -- _1 : INTEGER
    "00000000-0000-0000-0000-000000000000" -- _2 : UNIQUE_ID
);
INSERT INTO DIM_ELE VALUES (
    "bb11508d-4888-4ca5-a0a8-c353cfcf0e3f", -- _0 : UNIQUE_ID
    0, -- _1 : INTEGER
    "eddfd0d8-cb75-47d8-99ce-5cdb9e99e5a1" -- _2 : UNIQUE_ID
);
INSERT INTO DIM_ELE VALUES (
    "8d496faf-0f8e-45af-8581-e81ee4bb69b1", -- _0 : UNIQUE_ID
    0, -- _1 : INTEGER
    "00000000-0000-0000-0000-000000000000" -- _2 : UNIQUE_ID
);
INSERT INTO DIM_ELE VALUES (
    "22e09dc6-f6a7-4be9-aecf-b6a614fd9b11", -- _0 : UNIQUE_ID
    0, -- _1 : INTEGER
    "00000000-0000-0000-0000-000000000000" -- _2 : UNIQUE_ID
);
INSERT INTO DIM_ELE VALUES (
    "2b6dbeea-9dc2-420f-9501-a507c9568a2c", -- _0 : UNIQUE_ID
    0, -- _1 : INTEGER
    "00000000-0000-0000-0000-000000000000" -- _2 : UNIQUE_ID
);
INSERT INTO DIM_ELE VALUES (
    "432cc52d-be9e-4ae8-95dc-458429c448f9", -- _0 : UNIQUE_ID
    0, -- _1 : INTEGER
    "00000000-0000-0000-0000-000000000000" -- _2 : UNIQUE_ID
);
INSERT INTO DIM_ELE VALUES (
    "927331ad-d65e-4e2c-8275-799133855e3a", -- _0 : UNIQUE_ID
    0, -- _1 : INTEGER
    "00000000-0000-0000-0000-000000000000" -- _2 : UNIQUE_ID
);
INSERT INTO DIM_ELE VALUES (
    "f4b5fb62-5881-41fe-a7aa-362c0a83fbaf", -- _0 : UNIQUE_ID
    0, -- _1 : INTEGER
    "00000000-0000-0000-0000-000000000000" -- _2 : UNIQUE_ID
);
INSERT INTO DIM_ELE VALUES (
    "e43671e1-17ed-4f7e-8d09-750416b4fc30", -- _0 : UNIQUE_ID
    0, -- _1 : INTEGER
    "00000000-0000-0000-0000-000000000000" -- _2 : UNIQUE_ID
);
INSERT INTO DIM_ELE VALUES (
    "e0078476-c9af-443d-a1ed-8e1dbda2db02", -- _0 : UNIQUE_ID
    0, -- _1 : INTEGER
    "00000000-0000-0000-0000-000000000000" -- _2 : UNIQUE_ID
);
INSERT INTO DIM_ELE VALUES (
    "d00d3a6b-a2cb-4ddd-b4c9-6a9646574955", -- _0 : UNIQUE_ID
    0, -- _1 : INTEGER
    "00000000-0000-0000-0000-000000000000" -- _2 : UNIQUE_ID
);
INSERT INTO DIM_ELE VALUES (
    "c0df5eaf-b872-434c-becc-ca967e6b1904", -- _0 : UNIQUE_ID
    0, -- _1 : INTEGER
    "00000000-0000-0000-0000-000000000000" -- _2 : UNIQUE_ID
);
INSERT INTO DIM_ELE VALUES (
    "c36dcfd8-6128-4ea6-8ada-504c4809dfa0", -- _0 : UNIQUE_ID
    0, -- _1 : INTEGER
    "00000000-0000-0000-0000-000000000000" -- _2 : UNIQUE_ID
);
INSERT INTO DIM_ELE VALUES (
    "e857f929-02d5-44f6-8679-6e70b8701630", -- _0 : UNIQUE_ID
    0, -- _1 : INTEGER
    "00000000-0000-0000-0000-000000000000" -- _2 : UNIQUE_ID
);
INSERT INTO DIM_ELE VALUES (
    "f0c15f86-db3b-40f5-889a-dff0c21c156f", -- _0 : UNIQUE_ID
    0, -- _1 : INTEGER
    "00000000-0000-0000-0000-000000000000" -- _2 : UNIQUE_ID
);
INSERT INTO DIM_ELE VALUES (
    "92ffb006-7e74-497e-b004-9458a6871f92", -- _0 : UNIQUE_ID
    0, -- _1 : INTEGER
    "00000000-0000-0000-0000-000000000000" -- _2 : UNIQUE_ID
);
INSERT INTO DIM_ELE VALUES (
    "adabfe16-42c0-4cd5-b08c-ee19f02b4594", -- _0 : UNIQUE_ID
    0, -- _1 : INTEGER
    "00000000-0000-0000-0000-000000000000" -- _2 : UNIQUE_ID
);
INSERT INTO DIM_ELE VALUES (
    "594d4f9b-9f7e-4f37-bfe3-c6ca309b2716", -- _0 : UNIQUE_ID
    0, -- _1 : INTEGER
    "00000000-0000-0000-0000-000000000000" -- _2 : UNIQUE_ID
);
INSERT INTO DIM_ELE VALUES (
    "665b84fa-f37e-4d1d-92ab-956821094a11", -- _0 : UNIQUE_ID
    0, -- _1 : INTEGER
    "00000000-0000-0000-0000-000000000000" -- _2 : UNIQUE_ID
);
INSERT INTO DIM_ELE VALUES (
    "92685918-1ab6-4a74-986e-8393ba8bf6b5", -- _0 : UNIQUE_ID
    0, -- _1 : INTEGER
    "00000000-0000-0000-0000-000000000000" -- _2 : UNIQUE_ID
);
INSERT INTO DIM_ELE VALUES (
    "eebc4a6a-cf5b-452d-a523-b9536407fb18", -- _0 : UNIQUE_ID
    0, -- _1 : INTEGER
    "00000000-0000-0000-0000-000000000000" -- _2 : UNIQUE_ID
);
INSERT INTO DIM_ELE VALUES (
    "ce6d8f53-1a3a-4ac1-bbda-f29ac3475992", -- _0 : UNIQUE_ID
    0, -- _1 : INTEGER
    "00000000-0000-0000-0000-000000000000" -- _2 : UNIQUE_ID
);
INSERT INTO DIM_ELE VALUES (
    "246f54b4-7a6f-4630-8c44-3d9cdf95e495", -- _0 : UNIQUE_ID
    0, -- _1 : INTEGER
    "00000000-0000-0000-0000-000000000000" -- _2 : UNIQUE_ID
);
INSERT INTO DIM_ELE VALUES (
    "6e85febf-a3f2-4df7-8712-a171a4921fd0", -- _0 : UNIQUE_ID
    0, -- _1 : INTEGER
    "00000000-0000-0000-0000-000000000000" -- _2 : UNIQUE_ID
);
INSERT INTO DIM_ELE VALUES (
    "c3a89d2e-fa90-4439-8ce1-f2f3990190fe", -- _0 : UNIQUE_ID
    0, -- _1 : INTEGER
    "00000000-0000-0000-0000-000000000000" -- _2 : UNIQUE_ID
);
INSERT INTO DIM_DIA VALUES (
    "2f6a7c9c-29f6-4d07-bc99-3518dd2d5fa1", -- _0 : UNIQUE_ID
    '', -- _1 : STRING
    1.000000, -- _2 : REAL
    0.000000, -- _3 : REAL
    0.000000, -- _4 : REAL
    "00000000-0000-0000-0000-000000000000" -- _5 : UNIQUE_ID
);
INSERT INTO DIM_DIA VALUES (
    "c583e9a1-e3ff-44b5-9b35-322ca643e77c", -- _0 : UNIQUE_ID
    '', -- _1 : STRING
    1.000000, -- _2 : REAL
    0.000000, -- _3 : REAL
    0.000000, -- _4 : REAL
    "00000000-0000-0000-0000-000000000000" -- _5 : UNIQUE_ID
);
INSERT INTO DIM_DIA VALUES (
    "aad0165c-b18e-4b9c-a99d-445fb7a93215", -- _0 : UNIQUE_ID
    '', -- _1 : STRING
    1.000000, -- _2 : REAL
    0.000000, -- _3 : REAL
    0.000000, -- _4 : REAL
    "00000000-0000-0000-0000-000000000000" -- _5 : UNIQUE_ID
);
INSERT INTO DIM_DIA VALUES (
    "5d4f79b5-79fc-4c52-b971-fa73cdd5585e", -- _0 : UNIQUE_ID
    '', -- _1 : STRING
    1.000000, -- _2 : REAL
    0.000000, -- _3 : REAL
    0.000000, -- _4 : REAL
    "00000000-0000-0000-0000-000000000000" -- _5 : UNIQUE_ID
);
INSERT INTO DIM_DIA VALUES (
    "59c17cd3-57f0-44ba-80bc-4fd79c863941", -- _0 : UNIQUE_ID
    '', -- _1 : STRING
    1.000000, -- _2 : REAL
    0.000000, -- _3 : REAL
    0.000000, -- _4 : REAL
    "00000000-0000-0000-0000-000000000000" -- _5 : UNIQUE_ID
);
INSERT INTO DIM_DIA VALUES (
    "192d2bad-eea3-4a0b-8334-4b7934242c6b", -- _0 : UNIQUE_ID
    '', -- _1 : STRING
    1.000000, -- _2 : REAL
    0.000000, -- _3 : REAL
    0.000000, -- _4 : REAL
    "00000000-0000-0000-0000-000000000000" -- _5 : UNIQUE_ID
);
INSERT INTO DIM_DIA VALUES (
    "8458b4a8-d1ae-46e5-8dd3-03126e082c37", -- _0 : UNIQUE_ID
    '', -- _1 : STRING
    1.000000, -- _2 : REAL
    0.000000, -- _3 : REAL
    0.000000, -- _4 : REAL
    "00000000-0000-0000-0000-000000000000" -- _5 : UNIQUE_ID
);
INSERT INTO DIM_DIA VALUES (
    "ee86ddd2-4d3a-47ec-8131-c5225c1bb12b", -- _0 : UNIQUE_ID
    '', -- _1 : STRING
    1.000000, -- _2 : REAL
    0.000000, -- _3 : REAL
    0.000000, -- _4 : REAL
    "00000000-0000-0000-0000-000000000000" -- _5 : UNIQUE_ID
);
INSERT INTO DIM_DIA VALUES (
    "99029f38-611e-4958-a86d-3e9e4ee3f7fc", -- _0 : UNIQUE_ID
    '', -- _1 : STRING
    1.000000, -- _2 : REAL
    0.000000, -- _3 : REAL
    0.000000, -- _4 : REAL
    "00000000-0000-0000-0000-000000000000" -- _5 : UNIQUE_ID
);
INSERT INTO DIM_DIA VALUES (
    "704fdc3f-4d4e-4da3-b3b7-7544b6f5fab6", -- _0 : UNIQUE_ID
    '', -- _1 : STRING
    1.000000, -- _2 : REAL
    0.000000, -- _3 : REAL
    0.000000, -- _4 : REAL
    "00000000-0000-0000-0000-000000000000" -- _5 : UNIQUE_ID
);
INSERT INTO DIM_DIA VALUES (
    "d2c8956e-9205-4462-9c1a-506047c0b912", -- _0 : UNIQUE_ID
    '', -- _1 : STRING
    1.000000, -- _2 : REAL
    0.000000, -- _3 : REAL
    0.000000, -- _4 : REAL
    "00000000-0000-0000-0000-000000000000" -- _5 : UNIQUE_ID
);
INSERT INTO DIM_DIA VALUES (
    "46a50ca9-1f9d-4de6-88c7-b09ee7ee7391", -- _0 : UNIQUE_ID
    '', -- _1 : STRING
    1.000000, -- _2 : REAL
    0.000000, -- _3 : REAL
    0.000000, -- _4 : REAL
    "00000000-0000-0000-0000-000000000000" -- _5 : UNIQUE_ID
);
INSERT INTO DIM_DIA VALUES (
    "41125cbf-38a6-44de-a9ab-3fa10c459399", -- _0 : UNIQUE_ID
    '', -- _1 : STRING
    1.000000, -- _2 : REAL
    0.000000, -- _3 : REAL
    0.000000, -- _4 : REAL
    "00000000-0000-0000-0000-000000000000" -- _5 : UNIQUE_ID
);
INSERT INTO DIM_DIA VALUES (
    "d6bffb76-b36d-41e2-9be7-8aff2f37cd03", -- _0 : UNIQUE_ID
    '', -- _1 : STRING
    1.000000, -- _2 : REAL
    0.000000, -- _3 : REAL
    0.000000, -- _4 : REAL
    "00000000-0000-0000-0000-000000000000" -- _5 : UNIQUE_ID
);
INSERT INTO DIM_DIA VALUES (
    "71b186b2-dcea-423f-839e-9b6a25f3e5b2", -- _0 : UNIQUE_ID
    '', -- _1 : STRING
    1.000000, -- _2 : REAL
    0.000000, -- _3 : REAL
    0.000000, -- _4 : REAL
    "00000000-0000-0000-0000-000000000000" -- _5 : UNIQUE_ID
);
INSERT INTO DIM_DIA VALUES (
    "1a44f04b-948a-4e43-9b12-e4439172ae27", -- _0 : UNIQUE_ID
    '', -- _1 : STRING
    1.000000, -- _2 : REAL
    0.000000, -- _3 : REAL
    0.000000, -- _4 : REAL
    "00000000-0000-0000-0000-000000000000" -- _5 : UNIQUE_ID
);
INSERT INTO DIM_DIA VALUES (
    "e16f3bab-481a-46b0-8b83-4541aeed00e9", -- _0 : UNIQUE_ID
    '', -- _1 : STRING
    1.000000, -- _2 : REAL
    0.000000, -- _3 : REAL
    0.000000, -- _4 : REAL
    "00000000-0000-0000-0000-000000000000" -- _5 : UNIQUE_ID
);
INSERT INTO DIM_DIA VALUES (
    "fdf02ff5-476f-4d4e-8467-c6902cdf72f0", -- _0 : UNIQUE_ID
    '', -- _1 : STRING
    1.000000, -- _2 : REAL
    0.000000, -- _3 : REAL
    0.000000, -- _4 : REAL
    "00000000-0000-0000-0000-000000000000" -- _5 : UNIQUE_ID
);
INSERT INTO DIM_CON VALUES (
    "be3afbbb-9614-4348-9abe-d65a332996e2", -- _0 : UNIQUE_ID
    200.000000, -- _1 : REAL
    78.000000, -- _2 : REAL
    "f5739c23-9126-43ad-9a1b-0f37c7e1dd94" -- _3 : UNIQUE_ID
);
INSERT INTO DIM_CON VALUES (
    "0efbf7f2-e258-44cc-aac7-de6197b38c9a", -- _0 : UNIQUE_ID
    200.000000, -- _1 : REAL
    84.000000, -- _2 : REAL
    "f5739c23-9126-43ad-9a1b-0f37c7e1dd94" -- _3 : UNIQUE_ID
);
INSERT INTO DIM_CON VALUES (
    "f93b1b8c-8f44-4b39-9222-6f2909c1f189", -- _0 : UNIQUE_ID
    5132.000000, -- _1 : REAL
    3502.000000, -- _2 : REAL
    "26ab6a35-97f1-49d5-ae78-5b9e619b0c16" -- _3 : UNIQUE_ID
);
INSERT INTO DIM_CON VALUES (
    "70cfb4cd-5d43-4e26-96ff-1dc7871d832a", -- _0 : UNIQUE_ID
    5132.000000, -- _1 : REAL
    3550.000000, -- _2 : REAL
    "26ab6a35-97f1-49d5-ae78-5b9e619b0c16" -- _3 : UNIQUE_ID
);
INSERT INTO DIM_CON VALUES (
    "19f929a7-dd88-4f7c-ba28-19bafd2b2425", -- _0 : UNIQUE_ID
    4212.000000, -- _1 : REAL
    3120.000000, -- _2 : REAL
    "35340b72-a698-43a9-950c-8ff984a45719" -- _3 : UNIQUE_ID
);
INSERT INTO DIM_CON VALUES (
    "42aa71b1-4371-4f7c-88df-aecba631557e", -- _0 : UNIQUE_ID
    4212.000000, -- _1 : REAL
    3264.000000, -- _2 : REAL
    "35340b72-a698-43a9-950c-8ff984a45719" -- _3 : UNIQUE_ID
);
INSERT INTO DIM_CON VALUES (
    "1de2b6c5-d0af-4ae6-bdc9-bf1b57b46c6e", -- _0 : UNIQUE_ID
    4284.000000, -- _1 : REAL
    3264.000000, -- _2 : REAL
    "35340b72-a698-43a9-950c-8ff984a45719" -- _3 : UNIQUE_ID
);
INSERT INTO DIM_CON VALUES (
    "6eb06ea3-8162-45d3-9afb-5d960670145b", -- _0 : UNIQUE_ID
    4320.000000, -- _1 : REAL
    3180.000000, -- _2 : REAL
    "35340b72-a698-43a9-950c-8ff984a45719" -- _3 : UNIQUE_ID
);
INSERT INTO DIM_CON VALUES (
    "ef043738-074f-4816-864f-62949b53ad0c", -- _0 : UNIQUE_ID
    4284.000000, -- _1 : REAL
    3264.000000, -- _2 : REAL
    "35340b72-a698-43a9-950c-8ff984a45719" -- _3 : UNIQUE_ID
);
INSERT INTO DIM_CON VALUES (
    "7f4cba57-c58a-4bb4-a48c-eb3232ea009f", -- _0 : UNIQUE_ID
    4320.000000, -- _1 : REAL
    3180.000000, -- _2 : REAL
    "35340b72-a698-43a9-950c-8ff984a45719" -- _3 : UNIQUE_ID
);
INSERT INTO DIM_CON VALUES (
    "28509a59-fd28-40c8-b808-d2bb84edfb45", -- _0 : UNIQUE_ID
    4296.000000, -- _1 : REAL
    3264.000000, -- _2 : REAL
    "35340b72-a698-43a9-950c-8ff984a45719" -- _3 : UNIQUE_ID
);
INSERT INTO DIM_CON VALUES (
    "6ba3ed56-2fe1-4a43-acb9-8d75df3517a8", -- _0 : UNIQUE_ID
    4320.000000, -- _1 : REAL
    3204.000000, -- _2 : REAL
    "35340b72-a698-43a9-950c-8ff984a45719" -- _3 : UNIQUE_ID
);
INSERT INTO DIM_CON VALUES (
    "4744dd43-3b4c-4ea8-80a3-ea9adb0504e0", -- _0 : UNIQUE_ID
    4212.000000, -- _1 : REAL
    3324.000000, -- _2 : REAL
    "5a08134b-a95f-4abb-aa2d-4518a032e798" -- _3 : UNIQUE_ID
);
INSERT INTO DIM_CON VALUES (
    "c700114e-95b2-4e09-a6e9-ca2acea8bca9", -- _0 : UNIQUE_ID
    4622.000000, -- _1 : REAL
    3216.000000, -- _2 : REAL
    "eddfd0d8-cb75-47d8-99ce-5cdb9e99e5a1" -- _3 : UNIQUE_ID
);
INSERT INTO DIM_CON VALUES (
    "4b6eb0df-a579-480d-b351-0c9d0c36c7e4", -- _0 : UNIQUE_ID
    200.000000, -- _1 : REAL
    108.000000, -- _2 : REAL
    "f4b5fb62-5881-41fe-a7aa-362c0a83fbaf" -- _3 : UNIQUE_ID
);
INSERT INTO DIM_CON VALUES (
    "e5caefa0-3405-41e7-94b6-3adb0043cd3e", -- _0 : UNIQUE_ID
    4224.000000, -- _1 : REAL
    3228.000000, -- _2 : REAL
    "92ffb006-7e74-497e-b004-9458a6871f92" -- _3 : UNIQUE_ID
);
INSERT INTO DIM_CON VALUES (
    "fca0ec3d-df96-4e9d-be43-d9a183fb669a", -- _0 : UNIQUE_ID
    4416.000000, -- _1 : REAL
    3228.000000, -- _2 : REAL
    "adabfe16-42c0-4cd5-b08c-ee19f02b4594" -- _3 : UNIQUE_ID
);
INSERT INTO DIM_CON VALUES (
    "9a1664c8-f22d-4036-8780-8cd28e475a6d", -- _0 : UNIQUE_ID
    4308.000000, -- _1 : REAL
    3228.000000, -- _2 : REAL
    "eebc4a6a-cf5b-452d-a523-b9536407fb18" -- _3 : UNIQUE_ID
);
INSERT INTO GD_CON VALUES (
    "b7208601-6c1d-4a70-9874-af630427b85c", -- _0 : UNIQUE_ID
    "00000000-0000-0000-0000-000000000000" -- _1 : UNIQUE_ID
);
INSERT INTO GD_CON VALUES (
    "b982d6cf-9550-416f-8b35-312dcfff4b27", -- _0 : UNIQUE_ID
    "00000000-0000-0000-0000-000000000000" -- _1 : UNIQUE_ID
);
INSERT INTO GD_CON VALUES (
    "08d89651-9bdd-4e26-b02a-e04f7b6e5cf9", -- _0 : UNIQUE_ID
    "00000000-0000-0000-0000-000000000000" -- _1 : UNIQUE_ID
);
INSERT INTO GD_CON VALUES (
    "f84eae49-c82d-45b4-8c15-f2d7416b1878", -- _0 : UNIQUE_ID
    "00000000-0000-0000-0000-000000000000" -- _1 : UNIQUE_ID
);
INSERT INTO GD_CON VALUES (
    "432cc52d-be9e-4ae8-95dc-458429c448f9", -- _0 : UNIQUE_ID
    "00000000-0000-0000-0000-000000000000" -- _1 : UNIQUE_ID
);
INSERT INTO GD_CON VALUES (
    "c36dcfd8-6128-4ea6-8ada-504c4809dfa0", -- _0 : UNIQUE_ID
    "00000000-0000-0000-0000-000000000000" -- _1 : UNIQUE_ID
);
INSERT INTO GD_CON VALUES (
    "eebc4a6a-cf5b-452d-a523-b9536407fb18", -- _0 : UNIQUE_ID
    "00000000-0000-0000-0000-000000000000" -- _1 : UNIQUE_ID
);
INSERT INTO GD_CON VALUES (
    "c3a89d2e-fa90-4439-8ce1-f2f3990190fe", -- _0 : UNIQUE_ID
    "00000000-0000-0000-0000-000000000000" -- _1 : UNIQUE_ID
);
INSERT INTO GD_CTXT VALUES (
    "590f870e-b7ca-46f8-8500-ea6abcbb3010", -- _0 : UNIQUE_ID
    "b7208601-6c1d-4a70-9874-af630427b85c", -- _1 : UNIQUE_ID
    0, -- _2 : INTEGER
    0.000000, -- _3 : REAL
    0.000000 -- _4 : REAL
);
INSERT INTO GD_CTXT VALUES (
    "86402be8-bb4b-4376-a115-e699b0a52f11", -- _0 : UNIQUE_ID
    "b7208601-6c1d-4a70-9874-af630427b85c", -- _1 : UNIQUE_ID
    2, -- _2 : INTEGER
    0.000000, -- _3 : REAL
    0.000000 -- _4 : REAL
);
INSERT INTO GD_CTXT VALUES (
    "29676bb3-3870-4ca6-9e12-5289bcd5ae93", -- _0 : UNIQUE_ID
    "b7208601-6c1d-4a70-9874-af630427b85c", -- _1 : UNIQUE_ID
    1, -- _2 : INTEGER
    0.000000, -- _3 : REAL
    0.000000 -- _4 : REAL
);
INSERT INTO GD_CTXT VALUES (
    "dd27e626-43d7-4efd-a5c2-8d0834432a8c", -- _0 : UNIQUE_ID
    "b982d6cf-9550-416f-8b35-312dcfff4b27", -- _1 : UNIQUE_ID
    0, -- _2 : INTEGER
    0.000000, -- _3 : REAL
    0.000000 -- _4 : REAL
);
INSERT INTO GD_CTXT VALUES (
    "5d418687-f480-4153-b7b2-76bb769b9fc0", -- _0 : UNIQUE_ID
    "b982d6cf-9550-416f-8b35-312dcfff4b27", -- _1 : UNIQUE_ID
    2, -- _2 : INTEGER
    0.000000, -- _3 : REAL
    0.000000 -- _4 : REAL
);
INSERT INTO GD_CTXT VALUES (
    "efaa4664-7a69-4f7b-83fc-13965abcd008", -- _0 : UNIQUE_ID
    "b982d6cf-9550-416f-8b35-312dcfff4b27", -- _1 : UNIQUE_ID
    1, -- _2 : INTEGER
    0.000000, -- _3 : REAL
    0.000000 -- _4 : REAL
);
INSERT INTO GD_CTXT VALUES (
    "657f63f8-e1d0-4a1e-abfb-6a9cfea8d373", -- _0 : UNIQUE_ID
    "08d89651-9bdd-4e26-b02a-e04f7b6e5cf9", -- _1 : UNIQUE_ID
    0, -- _2 : INTEGER
    0.000000, -- _3 : REAL
    0.000000 -- _4 : REAL
);
INSERT INTO GD_CTXT VALUES (
    "b9fdc610-f254-42f6-ae7f-4805a06e893c", -- _0 : UNIQUE_ID
    "08d89651-9bdd-4e26-b02a-e04f7b6e5cf9", -- _1 : UNIQUE_ID
    2, -- _2 : INTEGER
    0.000000, -- _3 : REAL
    0.000000 -- _4 : REAL
);
INSERT INTO GD_CTXT VALUES (
    "b8e0f031-4317-4598-b83f-046de471eeb7", -- _0 : UNIQUE_ID
    "08d89651-9bdd-4e26-b02a-e04f7b6e5cf9", -- _1 : UNIQUE_ID
    1, -- _2 : INTEGER
    0.000000, -- _3 : REAL
    0.000000 -- _4 : REAL
);
INSERT INTO GD_CTXT VALUES (
    "b104e90c-22a4-4384-ae44-fa9fd90e0427", -- _0 : UNIQUE_ID
    "f84eae49-c82d-45b4-8c15-f2d7416b1878", -- _1 : UNIQUE_ID
    0, -- _2 : INTEGER
    0.000000, -- _3 : REAL
    0.000000 -- _4 : REAL
);
INSERT INTO GD_CTXT VALUES (
    "32905cb4-f5ac-4f79-b6f5-2be5d4b5281f", -- _0 : UNIQUE_ID
    "f84eae49-c82d-45b4-8c15-f2d7416b1878", -- _1 : UNIQUE_ID
    2, -- _2 : INTEGER
    0.000000, -- _3 : REAL
    0.000000 -- _4 : REAL
);
INSERT INTO GD_CTXT VALUES (
    "410044bf-19d9-45a8-b93f-69d0ee61b173", -- _0 : UNIQUE_ID
    "f84eae49-c82d-45b4-8c15-f2d7416b1878", -- _1 : UNIQUE_ID
    1, -- _2 : INTEGER
    0.000000, -- _3 : REAL
    0.000000 -- _4 : REAL
);
INSERT INTO GD_CTXT VALUES (
    "8d496faf-0f8e-45af-8581-e81ee4bb69b1", -- _0 : UNIQUE_ID
    "432cc52d-be9e-4ae8-95dc-458429c448f9", -- _1 : UNIQUE_ID
    0, -- _2 : INTEGER
    0.000000, -- _3 : REAL
    0.000000 -- _4 : REAL
);
INSERT INTO GD_CTXT VALUES (
    "22e09dc6-f6a7-4be9-aecf-b6a614fd9b11", -- _0 : UNIQUE_ID
    "432cc52d-be9e-4ae8-95dc-458429c448f9", -- _1 : UNIQUE_ID
    2, -- _2 : INTEGER
    0.000000, -- _3 : REAL
    0.000000 -- _4 : REAL
);
INSERT INTO GD_CTXT VALUES (
    "2b6dbeea-9dc2-420f-9501-a507c9568a2c", -- _0 : UNIQUE_ID
    "432cc52d-be9e-4ae8-95dc-458429c448f9", -- _1 : UNIQUE_ID
    1, -- _2 : INTEGER
    0.000000, -- _3 : REAL
    0.000000 -- _4 : REAL
);
INSERT INTO GD_CTXT VALUES (
    "e0078476-c9af-443d-a1ed-8e1dbda2db02", -- _0 : UNIQUE_ID
    "c36dcfd8-6128-4ea6-8ada-504c4809dfa0", -- _1 : UNIQUE_ID
    0, -- _2 : INTEGER
    0.000000, -- _3 : REAL
    0.000000 -- _4 : REAL
);
INSERT INTO GD_CTXT VALUES (
    "d00d3a6b-a2cb-4ddd-b4c9-6a9646574955", -- _0 : UNIQUE_ID
    "c36dcfd8-6128-4ea6-8ada-504c4809dfa0", -- _1 : UNIQUE_ID
    2, -- _2 : INTEGER
    0.000000, -- _3 : REAL
    0.000000 -- _4 : REAL
);
INSERT INTO GD_CTXT VALUES (
    "c0df5eaf-b872-434c-becc-ca967e6b1904", -- _0 : UNIQUE_ID
    "c36dcfd8-6128-4ea6-8ada-504c4809dfa0", -- _1 : UNIQUE_ID
    1, -- _2 : INTEGER
    0.000000, -- _3 : REAL
    0.000000 -- _4 : REAL
);
INSERT INTO GD_CTXT VALUES (
    "594d4f9b-9f7e-4f37-bfe3-c6ca309b2716", -- _0 : UNIQUE_ID
    "eebc4a6a-cf5b-452d-a523-b9536407fb18", -- _1 : UNIQUE_ID
    0, -- _2 : INTEGER
    0.000000, -- _3 : REAL
    0.000000 -- _4 : REAL
);
INSERT INTO GD_CTXT VALUES (
    "665b84fa-f37e-4d1d-92ab-956821094a11", -- _0 : UNIQUE_ID
    "eebc4a6a-cf5b-452d-a523-b9536407fb18", -- _1 : UNIQUE_ID
    2, -- _2 : INTEGER
    0.000000, -- _3 : REAL
    0.000000 -- _4 : REAL
);
INSERT INTO GD_CTXT VALUES (
    "92685918-1ab6-4a74-986e-8393ba8bf6b5", -- _0 : UNIQUE_ID
    "eebc4a6a-cf5b-452d-a523-b9536407fb18", -- _1 : UNIQUE_ID
    1, -- _2 : INTEGER
    0.000000, -- _3 : REAL
    0.000000 -- _4 : REAL
);
INSERT INTO GD_CTXT VALUES (
    "ce6d8f53-1a3a-4ac1-bbda-f29ac3475992", -- _0 : UNIQUE_ID
    "c3a89d2e-fa90-4439-8ce1-f2f3990190fe", -- _1 : UNIQUE_ID
    0, -- _2 : INTEGER
    0.000000, -- _3 : REAL
    0.000000 -- _4 : REAL
);
INSERT INTO GD_CTXT VALUES (
    "246f54b4-7a6f-4630-8c44-3d9cdf95e495", -- _0 : UNIQUE_ID
    "c3a89d2e-fa90-4439-8ce1-f2f3990190fe", -- _1 : UNIQUE_ID
    2, -- _2 : INTEGER
    0.000000, -- _3 : REAL
    0.000000 -- _4 : REAL
);
INSERT INTO GD_CTXT VALUES (
    "6e85febf-a3f2-4df7-8712-a171a4921fd0", -- _0 : UNIQUE_ID
    "c3a89d2e-fa90-4439-8ce1-f2f3990190fe", -- _1 : UNIQUE_ID
    1, -- _2 : INTEGER
    0.000000, -- _3 : REAL
    0.000000 -- _4 : REAL
);
INSERT INTO GD_LS VALUES (
    "c3a8cefd-7e1d-40d9-8852-ead8d43d784f", -- _0 : UNIQUE_ID
    "b7208601-6c1d-4a70-9874-af630427b85c", -- _1 : UNIQUE_ID
    "00000000-0000-0000-0000-000000000000", -- _2 : UNIQUE_ID
    "03071865-9138-4185-85ae-5afdb9dc8f21", -- _3 : UNIQUE_ID
    "c68024c6-46f4-447f-a454-eef60f379332" -- _4 : UNIQUE_ID
);
INSERT INTO GD_LS VALUES (
    "a8855c2c-a054-41c5-bc1b-c8c7f2cd8deb", -- _0 : UNIQUE_ID
    "b982d6cf-9550-416f-8b35-312dcfff4b27", -- _1 : UNIQUE_ID
    "00000000-0000-0000-0000-000000000000", -- _2 : UNIQUE_ID
    "3026dadb-8c79-4e5d-86b8-1827ce7d8f4c", -- _3 : UNIQUE_ID
    "a6cb29a1-037c-4f58-9bf7-9ca75d42446d" -- _4 : UNIQUE_ID
);
INSERT INTO GD_LS VALUES (
    "2385aeb0-b157-4de8-bba0-0108d6206277", -- _0 : UNIQUE_ID
    "08d89651-9bdd-4e26-b02a-e04f7b6e5cf9", -- _1 : UNIQUE_ID
    "00000000-0000-0000-0000-000000000000", -- _2 : UNIQUE_ID
    "9b5cd1ac-d054-4159-bea1-52425992cc08", -- _3 : UNIQUE_ID
    "fad17a7d-5872-499c-aecd-3c92d86d0de1" -- _4 : UNIQUE_ID
);
INSERT INTO GD_LS VALUES (
    "9e4988ed-223c-4fdf-9ddb-6fc64bf620b9", -- _0 : UNIQUE_ID
    "f84eae49-c82d-45b4-8c15-f2d7416b1878", -- _1 : UNIQUE_ID
    "00000000-0000-0000-0000-000000000000", -- _2 : UNIQUE_ID
    "f2d7763f-98c3-4817-ad6b-12a20947a15f", -- _3 : UNIQUE_ID
    "c662d64a-d017-4e42-beef-cf1e2c2a676f" -- _4 : UNIQUE_ID
);
INSERT INTO GD_LS VALUES (
    "d6b6c99b-2aa7-4f9e-bb9a-edca053d80a5", -- _0 : UNIQUE_ID
    "432cc52d-be9e-4ae8-95dc-458429c448f9", -- _1 : UNIQUE_ID
    "00000000-0000-0000-0000-000000000000", -- _2 : UNIQUE_ID
    "70c20583-35bc-46bf-917c-735390f79e3d", -- _3 : UNIQUE_ID
    "d79e4407-2609-4f12-ad8a-ea62b2b73929" -- _4 : UNIQUE_ID
);
INSERT INTO GD_LS VALUES (
    "3da1c85d-417e-418f-979f-33fcaff5e17c", -- _0 : UNIQUE_ID
    "c36dcfd8-6128-4ea6-8ada-504c4809dfa0", -- _1 : UNIQUE_ID
    "00000000-0000-0000-0000-000000000000", -- _2 : UNIQUE_ID
    "727d6e93-9dc1-4478-8494-0caa0abbc891", -- _3 : UNIQUE_ID
    "b6b1bfb5-9ad1-4ab9-bf02-27c75969057f" -- _4 : UNIQUE_ID
);
INSERT INTO GD_LS VALUES (
    "c923b7f9-469d-4b77-9f53-0b705877d799", -- _0 : UNIQUE_ID
    "eebc4a6a-cf5b-452d-a523-b9536407fb18", -- _1 : UNIQUE_ID
    "00000000-0000-0000-0000-000000000000", -- _2 : UNIQUE_ID
    "a7952182-6a95-4d7a-b049-f4c5f2c8ab49", -- _3 : UNIQUE_ID
    "a7e94fc8-d50b-4f42-80ce-4ab0dcb8800c" -- _4 : UNIQUE_ID
);
INSERT INTO GD_LS VALUES (
    "c8d05d42-914f-4c5a-8d57-a7f73a47b955", -- _0 : UNIQUE_ID
    "c3a89d2e-fa90-4439-8ce1-f2f3990190fe", -- _1 : UNIQUE_ID
    "00000000-0000-0000-0000-000000000000", -- _2 : UNIQUE_ID
    "d154006f-191b-492c-9e96-6d1b4a6ffb90", -- _3 : UNIQUE_ID
    "afac585d-cac2-49ea-9a4a-ffc43eab5cd0" -- _4 : UNIQUE_ID
);
INSERT INTO DIM_WAY VALUES (
    "03071865-9138-4185-85ae-5afdb9dc8f21", -- _0 : UNIQUE_ID
    200.000000, -- _1 : REAL
    84.000000, -- _2 : REAL
    "b7208601-6c1d-4a70-9874-af630427b85c", -- _3 : UNIQUE_ID
    "00000000-0000-0000-0000-000000000000", -- _4 : UNIQUE_ID
    "00000000-0000-0000-0000-000000000000" -- _5 : UNIQUE_ID
);
INSERT INTO DIM_WAY VALUES (
    "c68024c6-46f4-447f-a454-eef60f379332", -- _0 : UNIQUE_ID
    275.000000, -- _1 : REAL
    84.000000, -- _2 : REAL
    "b7208601-6c1d-4a70-9874-af630427b85c", -- _3 : UNIQUE_ID
    "00000000-0000-0000-0000-000000000000", -- _4 : UNIQUE_ID
    "03071865-9138-4185-85ae-5afdb9dc8f21" -- _5 : UNIQUE_ID
);
INSERT INTO DIM_WAY VALUES (
    "3026dadb-8c79-4e5d-86b8-1827ce7d8f4c", -- _0 : UNIQUE_ID
    5132.000000, -- _1 : REAL
    3550.000000, -- _2 : REAL
    "b982d6cf-9550-416f-8b35-312dcfff4b27", -- _3 : UNIQUE_ID
    "00000000-0000-0000-0000-000000000000", -- _4 : UNIQUE_ID
    "00000000-0000-0000-0000-000000000000" -- _5 : UNIQUE_ID
);
INSERT INTO DIM_WAY VALUES (
    "a6cb29a1-037c-4f58-9bf7-9ca75d42446d", -- _0 : UNIQUE_ID
    5207.000000, -- _1 : REAL
    3550.000000, -- _2 : REAL
    "b982d6cf-9550-416f-8b35-312dcfff4b27", -- _3 : UNIQUE_ID
    "00000000-0000-0000-0000-000000000000", -- _4 : UNIQUE_ID
    "3026dadb-8c79-4e5d-86b8-1827ce7d8f4c" -- _5 : UNIQUE_ID
);
INSERT INTO DIM_WAY VALUES (
    "9b5cd1ac-d054-4159-bea1-52425992cc08", -- _0 : UNIQUE_ID
    4212.000000, -- _1 : REAL
    3120.000000, -- _2 : REAL
    "08d89651-9bdd-4e26-b02a-e04f7b6e5cf9", -- _3 : UNIQUE_ID
    "00000000-0000-0000-0000-000000000000", -- _4 : UNIQUE_ID
    "00000000-0000-0000-0000-000000000000" -- _5 : UNIQUE_ID
);
INSERT INTO DIM_WAY VALUES (
    "fad17a7d-5872-499c-aecd-3c92d86d0de1", -- _0 : UNIQUE_ID
    4212.000000, -- _1 : REAL
    3036.000000, -- _2 : REAL
    "08d89651-9bdd-4e26-b02a-e04f7b6e5cf9", -- _3 : UNIQUE_ID
    "00000000-0000-0000-0000-000000000000", -- _4 : UNIQUE_ID
    "9b5cd1ac-d054-4159-bea1-52425992cc08" -- _5 : UNIQUE_ID
);
INSERT INTO DIM_WAY VALUES (
    "f2d7763f-98c3-4817-ad6b-12a20947a15f", -- _0 : UNIQUE_ID
    4212.000000, -- _1 : REAL
    3264.000000, -- _2 : REAL
    "f84eae49-c82d-45b4-8c15-f2d7416b1878", -- _3 : UNIQUE_ID
    "00000000-0000-0000-0000-000000000000", -- _4 : UNIQUE_ID
    "00000000-0000-0000-0000-000000000000" -- _5 : UNIQUE_ID
);
INSERT INTO DIM_WAY VALUES (
    "c662d64a-d017-4e42-beef-cf1e2c2a676f", -- _0 : UNIQUE_ID
    4212.000000, -- _1 : REAL
    3324.000000, -- _2 : REAL
    "f84eae49-c82d-45b4-8c15-f2d7416b1878", -- _3 : UNIQUE_ID
    "00000000-0000-0000-0000-000000000000", -- _4 : UNIQUE_ID
    "f2d7763f-98c3-4817-ad6b-12a20947a15f" -- _5 : UNIQUE_ID
);
INSERT INTO DIM_WAY VALUES (
    "70c20583-35bc-46bf-917c-735390f79e3d", -- _0 : UNIQUE_ID
    4622.000000, -- _1 : REAL
    3216.000000, -- _2 : REAL
    "432cc52d-be9e-4ae8-95dc-458429c448f9", -- _3 : UNIQUE_ID
    "00000000-0000-0000-0000-000000000000", -- _4 : UNIQUE_ID
    "00000000-0000-0000-0000-000000000000" -- _5 : UNIQUE_ID
);
INSERT INTO DIM_WAY VALUES (
    "d79e4407-2609-4f12-ad8a-ea62b2b73929", -- _0 : UNIQUE_ID
    4704.000000, -- _1 : REAL
    3216.000000, -- _2 : REAL
    "432cc52d-be9e-4ae8-95dc-458429c448f9", -- _3 : UNIQUE_ID
    "00000000-0000-0000-0000-000000000000", -- _4 : UNIQUE_ID
    "70c20583-35bc-46bf-917c-735390f79e3d" -- _5 : UNIQUE_ID
);
INSERT INTO DIM_WAY VALUES (
    "727d6e93-9dc1-4478-8494-0caa0abbc891", -- _0 : UNIQUE_ID
    200.000000, -- _1 : REAL
    108.000000, -- _2 : REAL
    "c36dcfd8-6128-4ea6-8ada-504c4809dfa0", -- _3 : UNIQUE_ID
    "00000000-0000-0000-0000-000000000000", -- _4 : UNIQUE_ID
    "00000000-0000-0000-0000-000000000000" -- _5 : UNIQUE_ID
);
INSERT INTO DIM_WAY VALUES (
    "b6b1bfb5-9ad1-4ab9-bf02-27c75969057f", -- _0 : UNIQUE_ID
    275.000000, -- _1 : REAL
    108.000000, -- _2 : REAL
    "c36dcfd8-6128-4ea6-8ada-504c4809dfa0", -- _3 : UNIQUE_ID
    "00000000-0000-0000-0000-000000000000", -- _4 : UNIQUE_ID
    "727d6e93-9dc1-4478-8494-0caa0abbc891" -- _5 : UNIQUE_ID
);
INSERT INTO DIM_WAY VALUES (
    "a7952182-6a95-4d7a-b049-f4c5f2c8ab49", -- _0 : UNIQUE_ID
    4224.000000, -- _1 : REAL
    3228.000000, -- _2 : REAL
    "eebc4a6a-cf5b-452d-a523-b9536407fb18", -- _3 : UNIQUE_ID
    "00000000-0000-0000-0000-000000000000", -- _4 : UNIQUE_ID
    "00000000-0000-0000-0000-000000000000" -- _5 : UNIQUE_ID
);
INSERT INTO DIM_WAY VALUES (
    "a7e94fc8-d50b-4f42-80ce-4ab0dcb8800c", -- _0 : UNIQUE_ID
    4308.000000, -- _1 : REAL
    3228.000000, -- _2 : REAL
    "eebc4a6a-cf5b-452d-a523-b9536407fb18", -- _3 : UNIQUE_ID
    "00000000-0000-0000-0000-000000000000", -- _4 : UNIQUE_ID
    "a7952182-6a95-4d7a-b049-f4c5f2c8ab49" -- _5 : UNIQUE_ID
);
INSERT INTO DIM_WAY VALUES (
    "d154006f-191b-492c-9e96-6d1b4a6ffb90", -- _0 : UNIQUE_ID
    4416.000000, -- _1 : REAL
    3228.000000, -- _2 : REAL
    "c3a89d2e-fa90-4439-8ce1-f2f3990190fe", -- _3 : UNIQUE_ID
    "00000000-0000-0000-0000-000000000000", -- _4 : UNIQUE_ID
    "00000000-0000-0000-0000-000000000000" -- _5 : UNIQUE_ID
);
INSERT INTO DIM_WAY VALUES (
    "afac585d-cac2-49ea-9a4a-ffc43eab5cd0", -- _0 : UNIQUE_ID
    4308.000000, -- _1 : REAL
    3228.000000, -- _2 : REAL
    "c3a89d2e-fa90-4439-8ce1-f2f3990190fe", -- _3 : UNIQUE_ID
    "00000000-0000-0000-0000-000000000000", -- _4 : UNIQUE_ID
    "d154006f-191b-492c-9e96-6d1b4a6ffb90" -- _5 : UNIQUE_ID
);
INSERT INTO DIM_ED VALUES (
    "0efbf7f2-e258-44cc-aac7-de6197b38c9a", -- _0 : UNIQUE_ID
    "00000000-0000-0000-0000-000000000000", -- _1 : UNIQUE_ID
    "b7208601-6c1d-4a70-9874-af630427b85c" -- _2 : UNIQUE_ID
);
INSERT INTO DIM_ED VALUES (
    "70cfb4cd-5d43-4e26-96ff-1dc7871d832a", -- _0 : UNIQUE_ID
    "00000000-0000-0000-0000-000000000000", -- _1 : UNIQUE_ID
    "b982d6cf-9550-416f-8b35-312dcfff4b27" -- _2 : UNIQUE_ID
);
INSERT INTO DIM_ED VALUES (
    "19f929a7-dd88-4f7c-ba28-19bafd2b2425", -- _0 : UNIQUE_ID
    "00000000-0000-0000-0000-000000000000", -- _1 : UNIQUE_ID
    "08d89651-9bdd-4e26-b02a-e04f7b6e5cf9" -- _2 : UNIQUE_ID
);
INSERT INTO DIM_ED VALUES (
    "42aa71b1-4371-4f7c-88df-aecba631557e", -- _0 : UNIQUE_ID
    "4744dd43-3b4c-4ea8-80a3-ea9adb0504e0", -- _1 : UNIQUE_ID
    "f84eae49-c82d-45b4-8c15-f2d7416b1878" -- _2 : UNIQUE_ID
);
INSERT INTO DIM_ED VALUES (
    "c700114e-95b2-4e09-a6e9-ca2acea8bca9", -- _0 : UNIQUE_ID
    "00000000-0000-0000-0000-000000000000", -- _1 : UNIQUE_ID
    "432cc52d-be9e-4ae8-95dc-458429c448f9" -- _2 : UNIQUE_ID
);
INSERT INTO DIM_ED VALUES (
    "4b6eb0df-a579-480d-b351-0c9d0c36c7e4", -- _0 : UNIQUE_ID
    "00000000-0000-0000-0000-000000000000", -- _1 : UNIQUE_ID
    "c36dcfd8-6128-4ea6-8ada-504c4809dfa0" -- _2 : UNIQUE_ID
);
INSERT INTO DIM_ED VALUES (
    "e5caefa0-3405-41e7-94b6-3adb0043cd3e", -- _0 : UNIQUE_ID
    "00000000-0000-0000-0000-000000000000", -- _1 : UNIQUE_ID
    "eebc4a6a-cf5b-452d-a523-b9536407fb18" -- _2 : UNIQUE_ID
);
INSERT INTO DIM_ED VALUES (
    "fca0ec3d-df96-4e9d-be43-d9a183fb669a", -- _0 : UNIQUE_ID
    "9a1664c8-f22d-4036-8780-8cd28e475a6d", -- _1 : UNIQUE_ID
    "c3a89d2e-fa90-4439-8ce1-f2f3990190fe" -- _2 : UNIQUE_ID
);
INSERT INTO GD_CTR VALUES (
    "26ab6a35-97f1-49d5-ae78-5b9e619b0c16" -- _0 : UNIQUE_ID
);
INSERT INTO GD_CTR VALUES (
    "eddfd0d8-cb75-47d8-99ce-5cdb9e99e5a1" -- _0 : UNIQUE_ID
);
INSERT INTO C_EP_PROXY VALUES (
    "be4e38a9-c84b-44ce-a173-d57405caeeca", -- _0 : UNIQUE_ID
    "102214df-1d03-428f-9eb8-5c5ce18bfdae", -- _1 : UNIQUE_ID
    -1, -- _2 : INTEGER
    'New', -- _3 : STRING
    '', -- _4 : STRING
    '../../../../../HRUI/models/HRUI/UI/Shared/EP/EP.xtuml' -- _5 : STRING
);
INSERT INTO C_EP_PROXY VALUES (
    "f83ecd5c-00bd-42d1-a795-2868eba34aec", -- _0 : UNIQUE_ID
    "102214df-1d03-428f-9eb8-5c5ce18bfdae", -- _1 : UNIQUE_ID
    -1, -- _2 : INTEGER
    'Reply', -- _3 : STRING
    '', -- _4 : STRING
    '../../../../../HRUI/models/HRUI/UI/Shared/EP/EP.xtuml' -- _5 : STRING
);
INSERT INTO C_EP_PROXY VALUES (
    "dd791a09-c8bd-4868-8174-4726cea8e2d3", -- _0 : UNIQUE_ID
    "102214df-1d03-428f-9eb8-5c5ce18bfdae", -- _1 : UNIQUE_ID
    -1, -- _2 : INTEGER
    'Start', -- _3 : STRING
    '', -- _4 : STRING
    '../../../../../HRUI/models/HRUI/UI/Shared/EP/EP.xtuml' -- _5 : STRING
);
INSERT INTO C_EP_PROXY VALUES (
    "be4e38a9-c84b-44ce-a173-d57405caeeca", -- _0 : UNIQUE_ID
    "102214df-1d03-428f-9eb8-5c5ce18bfdae", -- _1 : UNIQUE_ID
    -1, -- _2 : INTEGER
    'New', -- _3 : STRING
    '', -- _4 : STRING
    '../Shared/EP/EP.xtuml' -- _5 : STRING
);
INSERT INTO C_EP_PROXY VALUES (
    "f83ecd5c-00bd-42d1-a795-2868eba34aec", -- _0 : UNIQUE_ID
    "102214df-1d03-428f-9eb8-5c5ce18bfdae", -- _1 : UNIQUE_ID
    -1, -- _2 : INTEGER
    'Reply', -- _3 : STRING
    '', -- _4 : STRING
    '../Shared/EP/EP.xtuml' -- _5 : STRING
);
INSERT INTO C_EP_PROXY VALUES (
    "dd791a09-c8bd-4868-8174-4726cea8e2d3", -- _0 : UNIQUE_ID
    "102214df-1d03-428f-9eb8-5c5ce18bfdae", -- _1 : UNIQUE_ID
    -1, -- _2 : INTEGER
    'Start', -- _3 : STRING
    '', -- _4 : STRING
    '../Shared/EP/EP.xtuml' -- _5 : STRING
);
INSERT INTO C_I_PROXY VALUES (
    "102214df-1d03-428f-9eb8-5c5ce18bfdae", -- _0 : UNIQUE_ID
    "00000000-0000-0000-0000-000000000000", -- _1 : UNIQUE_ID
    'EP', -- _2 : STRING
    '', -- _3 : STRING
    '../../../../../HRUI/models/HRUI/UI/Shared/EP/EP.xtuml' -- _4 : STRING
);
INSERT INTO C_I_PROXY VALUES (
    "102214df-1d03-428f-9eb8-5c5ce18bfdae", -- _0 : UNIQUE_ID
    "00000000-0000-0000-0000-000000000000", -- _1 : UNIQUE_ID
    'EP', -- _2 : STRING
    '', -- _3 : STRING
    '../Shared/EP/EP.xtuml' -- _4 : STRING
);
INSERT INTO EP_PKG_PROXY VALUES (
    "c26641d6-6bfe-4fa5-b78d-533f6fb8d396", -- _0 : UNIQUE_ID
    "ccdb2e52-76fc-4422-936f-a0239fd9d106", -- _1 : UNIQUE_ID
    "ccdb2e52-76fc-4422-936f-a0239fd9d106", -- _2 : UNIQUE_ID
    'hrm', -- _3 : STRING
    '', -- _4 : STRING
    0, -- _5 : INTEGER
    '../hrm.xtuml' -- _6 : STRING
);
INSERT INTO EP_PKG_PROXY VALUES (
    "fdd8efa1-97d4-4adc-a67d-1fb0bd49373b", -- _0 : UNIQUE_ID
    "00000000-0000-0000-0000-000000000000", -- _1 : UNIQUE_ID
    "ccdb2e52-76fc-4422-936f-a0239fd9d106", -- _2 : UNIQUE_ID
    'main', -- _3 : STRING
    '', -- _4 : STRING
    0, -- _5 : INTEGER
    '../main.xtuml' -- _6 : STRING
);
INSERT INTO EP_PKG_PROXY VALUES (
    "2ac1b93e-087c-4999-856e-c988c703dec6", -- _0 : UNIQUE_ID
    "46564f98-385d-43d9-876a-ca551a77e802", -- _1 : UNIQUE_ID
    "46564f98-385d-43d9-876a-ca551a77e802", -- _2 : UNIQUE_ID
    'UI', -- _3 : STRING
    '', -- _4 : STRING
    0, -- _5 : INTEGER
    '../UI.xtuml' -- _6 : STRING
);
INSERT INTO EP_PKG_PROXY VALUES (
    "2ac1b93e-087c-4999-856e-c988c703dec6", -- _0 : UNIQUE_ID
    "46564f98-385d-43d9-876a-ca551a77e802", -- _1 : UNIQUE_ID
    "46564f98-385d-43d9-876a-ca551a77e802", -- _2 : UNIQUE_ID
    'UI', -- _3 : STRING
    '', -- _4 : STRING
    0, -- _5 : INTEGER
    '../UI.xtuml' -- _6 : STRING
);
INSERT INTO EP_PKG_PROXY VALUES (
    "941213f0-4346-48d9-89fe-196761630487", -- _0 : UNIQUE_ID
    "00000000-0000-0000-0000-000000000000", -- _1 : UNIQUE_ID
    "46564f98-385d-43d9-876a-ca551a77e802", -- _2 : UNIQUE_ID
    'Shared', -- _3 : STRING
    '', -- _4 : STRING
    0, -- _5 : INTEGER
    '../Shared.xtuml' -- _6 : STRING
);
INSERT INTO C_C_PROXY VALUES (
    "8e4782c3-9567-4154-87b3-67069634e7a5", -- _0 : UNIQUE_ID
    "00000000-0000-0000-0000-000000000000", -- _1 : UNIQUE_ID
    "00000000-0000-0000-0000-000000000000", -- _2 : UNIQUE_ID
    'hr', -- _3 : STRING
    '', -- _4 : STRING
    0, -- _5 : INTEGER
    "00000000-0000-0000-0000-000000000000", -- _6 : UNIQUE_ID
    0, -- _7 : INTEGER
    '', -- _8 : STRING
    '../hr.xtuml' -- _9 : STRING
);
INSERT INTO C_C_PROXY VALUES (
    "d81dc79e-6692-4a39-b6d9-f5fc0b765726", -- _0 : UNIQUE_ID
    "00000000-0000-0000-0000-000000000000", -- _1 : UNIQUE_ID
    "00000000-0000-0000-0000-000000000000", -- _2 : UNIQUE_ID
    'UI', -- _3 : STRING
    '', -- _4 : STRING
    0, -- _5 : INTEGER
    "00000000-0000-0000-0000-000000000000", -- _6 : UNIQUE_ID
    0, -- _7 : INTEGER
    '', -- _8 : STRING
    '../UI.xtuml' -- _9 : STRING
);
INSERT INTO C_C_PROXY VALUES (
    "8e4782c3-9567-4154-87b3-67069634e7a5", -- _0 : UNIQUE_ID
    "00000000-0000-0000-0000-000000000000", -- _1 : UNIQUE_ID
    "00000000-0000-0000-0000-000000000000", -- _2 : UNIQUE_ID
    'hr', -- _3 : STRING
    '', -- _4 : STRING
    0, -- _5 : INTEGER
    "00000000-0000-0000-0000-000000000000", -- _6 : UNIQUE_ID
    0, -- _7 : INTEGER
    '', -- _8 : STRING
    '../../../../dhrm/models/dhrm/hrm/hr/hr.xtuml' -- _9 : STRING
);
INSERT INTO C_C_PROXY VALUES (
    "d81dc79e-6692-4a39-b6d9-f5fc0b765726", -- _0 : UNIQUE_ID
    "00000000-0000-0000-0000-000000000000", -- _1 : UNIQUE_ID
    "00000000-0000-0000-0000-000000000000", -- _2 : UNIQUE_ID
    'UI', -- _3 : STRING
    '', -- _4 : STRING
    0, -- _5 : INTEGER
    "00000000-0000-0000-0000-000000000000", -- _6 : UNIQUE_ID
    0, -- _7 : INTEGER
    '', -- _8 : STRING
    '../../../../UIHR/models/UIHR/UIHR/UI/UI.xtuml' -- _9 : STRING
);
INSERT INTO O_OBJ_PROXY VALUES (
    "d8528470-976c-421b-a087-1201ac24302f", -- _0 : UNIQUE_ID
    'Employee', -- _1 : STRING
    1, -- _2 : INTEGER
    'Employee', -- _3 : STRING
    '', -- _4 : STRING
    "00000000-0000-0000-0000-000000000000", -- _5 : UNIQUE_ID
    '../Employee.xtuml' -- _6 : STRING
);
INSERT INTO GD_AOS VALUES (
    "9a1664c8-f22d-4036-8780-8cd28e475a6d", -- _0 : UNIQUE_ID
    "c923b7f9-469d-4b77-9f53-0b705877d799" -- _1 : UNIQUE_ID
);
INSERT INTO C_IR_PROXY VALUES (
    "e211a314-f4cf-4d96-ab5d-86594500f9c9", -- _0 : UNIQUE_ID
    "102214df-1d03-428f-9eb8-5c5ce18bfdae", -- _1 : UNIQUE_ID
    "00000000-0000-0000-0000-000000000000", -- _2 : UNIQUE_ID
    "498d117c-4422-44a6-af7e-6cb02ada65c5", -- _3 : UNIQUE_ID
    '../../../../dhrm/models/dhrm/hrm/hr/hr.xtuml' -- _4 : STRING
);
INSERT INTO C_IR_PROXY VALUES (
    "3c565891-207b-4f8f-906f-7a28c50fa9aa", -- _0 : UNIQUE_ID
    "102214df-1d03-428f-9eb8-5c5ce18bfdae", -- _1 : UNIQUE_ID
    "00000000-0000-0000-0000-000000000000", -- _2 : UNIQUE_ID
    "d8aeacb7-ad9c-4082-9867-d8dc363f53b7", -- _3 : UNIQUE_ID
    '../../../../UIHR/models/UIHR/UIHR/UI/UI.xtuml' -- _4 : STRING
);
INSERT INTO C_PO_PROXY VALUES (
    "498d117c-4422-44a6-af7e-6cb02ada65c5", -- _0 : UNIQUE_ID
    "8e4782c3-9567-4154-87b3-67069634e7a5", -- _1 : UNIQUE_ID
    'UI', -- _2 : STRING
    0, -- _3 : INTEGER
    0, -- _4 : INTEGER
    '../../../../dhrm/models/dhrm/hrm/hr/hr.xtuml' -- _5 : STRING
);
INSERT INTO C_PO_PROXY VALUES (
    "d8aeacb7-ad9c-4082-9867-d8dc363f53b7", -- _0 : UNIQUE_ID
    "d81dc79e-6692-4a39-b6d9-f5fc0b765726", -- _1 : UNIQUE_ID
    'App', -- _2 : STRING
    0, -- _3 : INTEGER
    0, -- _4 : INTEGER
    '../../../../UIHR/models/UIHR/UIHR/UI/UI.xtuml' -- _5 : STRING
);
INSERT INTO C_R_PROXY VALUES (
    "3c565891-207b-4f8f-906f-7a28c50fa9aa", -- _0 : UNIQUE_ID
    'EP', -- _1 : STRING
    '', -- _2 : STRING
    'HRApp', -- _3 : STRING
    'UI::App::EP', -- _4 : STRING
    '../../../../UIHR/models/UIHR/UIHR/UI/UI.xtuml' -- _5 : STRING
);
INSERT INTO C_P_PROXY VALUES (
    "e211a314-f4cf-4d96-ab5d-86594500f9c9", -- _0 : UNIQUE_ID
    'EP', -- _1 : STRING
    'HRUI', -- _2 : STRING
    '', -- _3 : STRING
    'hr::UI::EP', -- _4 : STRING
    '../../../../dhrm/models/dhrm/hrm/hr/hr.xtuml' -- _5 : STRING
);
