INSERT INTO ACT_ACT VALUES (
    "f720991f-2dad-449b-9342-e0843e2d0df2", -- Action_ID : UNIQUE_ID
    'function', -- Type : STRING
    0, -- LoopLevel : INTEGER
    "5e15d232-6d9d-4d95-935d-6ef07b562b77", -- Block_ID : UNIQUE_ID
    "00000000-0000-0000-0000-000000000000", -- CurrentScope_ID : UNIQUE_ID
    0, -- return_value : INTEGER
    'Reply', -- Label : STRING
    "48f9b5c5-0321-499e-86b3-a4e017dd9926" -- Parsed_Block_ID : UNIQUE_ID
);
INSERT INTO ACT_ACT VALUES (
    "51f6da84-ef43-4ce0-a214-aa02e21a1973", -- Action_ID : UNIQUE_ID
    'bridge', -- Type : STRING
    0, -- LoopLevel : INTEGER
    "e5f0f695-4cdb-4b72-96ff-87615f3de02b", -- Block_ID : UNIQUE_ID
    "00000000-0000-0000-0000-000000000000", -- CurrentScope_ID : UNIQUE_ID
    0, -- return_value : INTEGER
    '', -- Label : STRING
    "d6be8f77-4d0a-49f0-925f-5ee2e2e97b6e" -- Parsed_Block_ID : UNIQUE_ID
);
INSERT INTO ACT_ACT VALUES (
    "d69abead-1748-4d00-962f-4b4788fe19f0", -- Action_ID : UNIQUE_ID
    'bridge', -- Type : STRING
    0, -- LoopLevel : INTEGER
    "1c6df267-4686-4cc9-8a4e-8b4239dd2e92", -- Block_ID : UNIQUE_ID
    "00000000-0000-0000-0000-000000000000", -- CurrentScope_ID : UNIQUE_ID
    0, -- return_value : INTEGER
    '', -- Label : STRING
    "33687198-132e-446d-9b2e-9777dbd41db3" -- Parsed_Block_ID : UNIQUE_ID
);
INSERT INTO ACT_ACT VALUES (
    "07f498c5-bbb4-49de-bb21-cc799ef59278", -- Action_ID : UNIQUE_ID
    'bridge', -- Type : STRING
    0, -- LoopLevel : INTEGER
    "c33d42d3-3b7d-4e53-a394-79c6689fcb94", -- Block_ID : UNIQUE_ID
    "00000000-0000-0000-0000-000000000000", -- CurrentScope_ID : UNIQUE_ID
    0, -- return_value : INTEGER
    '', -- Label : STRING
    "f504e0ed-e7cb-44da-a5e0-5aaf24ed56f3" -- Parsed_Block_ID : UNIQUE_ID
);
INSERT INTO ACT_ACT VALUES (
    "280cec8b-1587-48f8-aa89-7373ea1a07c5", -- Action_ID : UNIQUE_ID
    'bridge', -- Type : STRING
    0, -- LoopLevel : INTEGER
    "92efb653-7700-40be-a364-7e04ed6384df", -- Block_ID : UNIQUE_ID
    "00000000-0000-0000-0000-000000000000", -- CurrentScope_ID : UNIQUE_ID
    0, -- return_value : INTEGER
    '', -- Label : STRING
    "62d8b6bc-893f-4c77-b97a-99a4fa6c43d1" -- Parsed_Block_ID : UNIQUE_ID
);
INSERT INTO ACT_ACT VALUES (
    "de389895-291a-411c-a241-418017a76872", -- Action_ID : UNIQUE_ID
    'bridge', -- Type : STRING
    0, -- LoopLevel : INTEGER
    "2b2885dc-9341-42b8-a689-d62732c33111", -- Block_ID : UNIQUE_ID
    "00000000-0000-0000-0000-000000000000", -- CurrentScope_ID : UNIQUE_ID
    0, -- return_value : INTEGER
    '', -- Label : STRING
    "8c7fd10a-602e-41c5-bb87-9692749e3224" -- Parsed_Block_ID : UNIQUE_ID
);
INSERT INTO ACT_ACT VALUES (
    "676e791e-4ca6-458d-8536-1db68255ac65", -- Action_ID : UNIQUE_ID
    'bridge', -- Type : STRING
    0, -- LoopLevel : INTEGER
    "09ae6e03-1e3d-434d-8461-504f8133d622", -- Block_ID : UNIQUE_ID
    "00000000-0000-0000-0000-000000000000", -- CurrentScope_ID : UNIQUE_ID
    0, -- return_value : INTEGER
    '', -- Label : STRING
    "217b5960-a599-4c18-931c-b3070f3be4f8" -- Parsed_Block_ID : UNIQUE_ID
);
INSERT INTO ACT_ACT VALUES (
    "e1e31064-6cbb-4271-9d4e-39cfc2bc2bc5", -- Action_ID : UNIQUE_ID
    'bridge', -- Type : STRING
    0, -- LoopLevel : INTEGER
    "f5bdb6bf-6534-415e-becd-040c1f78fc40", -- Block_ID : UNIQUE_ID
    "00000000-0000-0000-0000-000000000000", -- CurrentScope_ID : UNIQUE_ID
    0, -- return_value : INTEGER
    '', -- Label : STRING
    "a74001bb-f27f-48ca-9253-307019620bee" -- Parsed_Block_ID : UNIQUE_ID
);
INSERT INTO ACT_ACT VALUES (
    "4af52e9a-ef07-479f-9e40-e32e9eecc4ad", -- Action_ID : UNIQUE_ID
    'bridge', -- Type : STRING
    0, -- LoopLevel : INTEGER
    "4216e935-0b24-4976-b52c-991c0d005b0d", -- Block_ID : UNIQUE_ID
    "00000000-0000-0000-0000-000000000000", -- CurrentScope_ID : UNIQUE_ID
    0, -- return_value : INTEGER
    '', -- Label : STRING
    "512b9ac2-f6f5-4373-b25c-7064bcef38ea" -- Parsed_Block_ID : UNIQUE_ID
);
INSERT INTO ACT_ACT VALUES (
    "96ee1e14-2375-4d0e-be01-bf2958680aa2", -- Action_ID : UNIQUE_ID
    'bridge', -- Type : STRING
    0, -- LoopLevel : INTEGER
    "5441b627-7a22-4cee-b2a3-0be784329c59", -- Block_ID : UNIQUE_ID
    "00000000-0000-0000-0000-000000000000", -- CurrentScope_ID : UNIQUE_ID
    0, -- return_value : INTEGER
    '', -- Label : STRING
    "d60612e0-6304-4727-99b4-83c9f68138f9" -- Parsed_Block_ID : UNIQUE_ID
);
INSERT INTO ACT_ACT VALUES (
    "fe13ec4f-3e29-465e-b273-2866129ef742", -- Action_ID : UNIQUE_ID
    'bridge', -- Type : STRING
    0, -- LoopLevel : INTEGER
    "39918250-fc6e-465d-aad4-7a2a2fb71262", -- Block_ID : UNIQUE_ID
    "00000000-0000-0000-0000-000000000000", -- CurrentScope_ID : UNIQUE_ID
    0, -- return_value : INTEGER
    '', -- Label : STRING
    "69220b22-0c64-41b9-8b58-459093c8b1a2" -- Parsed_Block_ID : UNIQUE_ID
);
INSERT INTO ACT_ACT VALUES (
    "b556d1b4-de3c-45d1-862a-6f24eabf39a1", -- Action_ID : UNIQUE_ID
    'bridge', -- Type : STRING
    0, -- LoopLevel : INTEGER
    "94a90a31-e40c-4c69-b635-6c5cda504526", -- Block_ID : UNIQUE_ID
    "00000000-0000-0000-0000-000000000000", -- CurrentScope_ID : UNIQUE_ID
    0, -- return_value : INTEGER
    '', -- Label : STRING
    "5bf4284a-0346-4ad9-ba0e-494714f777bd" -- Parsed_Block_ID : UNIQUE_ID
);
INSERT INTO ACT_ACT VALUES (
    "ff1649b2-c5d5-4e4b-9ca5-34d2ca9a6510", -- Action_ID : UNIQUE_ID
    'bridge', -- Type : STRING
    0, -- LoopLevel : INTEGER
    "52de0a22-0889-4897-b302-2fa26c1d2874", -- Block_ID : UNIQUE_ID
    "00000000-0000-0000-0000-000000000000", -- CurrentScope_ID : UNIQUE_ID
    0, -- return_value : INTEGER
    '', -- Label : STRING
    "0df0b039-d8d5-445c-911d-37681335399f" -- Parsed_Block_ID : UNIQUE_ID
);
INSERT INTO ACT_ACT VALUES (
    "bbef55ba-75a5-48b7-b73e-b45357afd7ce", -- Action_ID : UNIQUE_ID
    'bridge', -- Type : STRING
    0, -- LoopLevel : INTEGER
    "6cb65060-528a-4185-82ca-60f46f9a37cb", -- Block_ID : UNIQUE_ID
    "00000000-0000-0000-0000-000000000000", -- CurrentScope_ID : UNIQUE_ID
    0, -- return_value : INTEGER
    '', -- Label : STRING
    "301be603-0077-4fc4-aef6-6c22b883da2d" -- Parsed_Block_ID : UNIQUE_ID
);
INSERT INTO ACT_ACT VALUES (
    "ea342e1c-ea92-4e5d-8278-a5747dfb1ef1", -- Action_ID : UNIQUE_ID
    'bridge', -- Type : STRING
    0, -- LoopLevel : INTEGER
    "ba3d7044-1785-4fd1-831a-2ecb1da6ec56", -- Block_ID : UNIQUE_ID
    "00000000-0000-0000-0000-000000000000", -- CurrentScope_ID : UNIQUE_ID
    0, -- return_value : INTEGER
    '', -- Label : STRING
    "8c79878d-443a-4e23-ae2a-b2fbc3f3eb56" -- Parsed_Block_ID : UNIQUE_ID
);
INSERT INTO ACT_ACT VALUES (
    "d1aa6913-1223-4b33-af61-ad824fc89587", -- Action_ID : UNIQUE_ID
    'bridge', -- Type : STRING
    0, -- LoopLevel : INTEGER
    "100e0daa-3cfb-4838-bc14-e54d4608dbc4", -- Block_ID : UNIQUE_ID
    "00000000-0000-0000-0000-000000000000", -- CurrentScope_ID : UNIQUE_ID
    0, -- return_value : INTEGER
    '', -- Label : STRING
    "00f450c8-d980-42a0-a81c-633da32bb177" -- Parsed_Block_ID : UNIQUE_ID
);
INSERT INTO ACT_ACT VALUES (
    "8bced80b-379f-44d6-bcd8-8bc94dc7e0c8", -- Action_ID : UNIQUE_ID
    'bridge', -- Type : STRING
    0, -- LoopLevel : INTEGER
    "c4787975-c0e5-4de3-be1b-a1a0bebcde08", -- Block_ID : UNIQUE_ID
    "00000000-0000-0000-0000-000000000000", -- CurrentScope_ID : UNIQUE_ID
    0, -- return_value : INTEGER
    '', -- Label : STRING
    "6c089167-537f-4005-877a-e9e54d8c3aec" -- Parsed_Block_ID : UNIQUE_ID
);
INSERT INTO ACT_ACT VALUES (
    "411d957c-05ac-453d-bfd2-a3ced7a2e7b9", -- Action_ID : UNIQUE_ID
    'bridge', -- Type : STRING
    0, -- LoopLevel : INTEGER
    "3c9a0167-033d-48ef-ad91-b43aa8d5d106", -- Block_ID : UNIQUE_ID
    "00000000-0000-0000-0000-000000000000", -- CurrentScope_ID : UNIQUE_ID
    0, -- return_value : INTEGER
    '', -- Label : STRING
    "76ca1295-4853-45dc-bccc-75352f9aae71" -- Parsed_Block_ID : UNIQUE_ID
);
INSERT INTO ACT_ACT VALUES (
    "dc80cba4-4f7e-4365-8355-59d4e4a6ba8e", -- Action_ID : UNIQUE_ID
    'bridge', -- Type : STRING
    0, -- LoopLevel : INTEGER
    "a171a4fe-70c8-45fd-be32-a5f3d91794ac", -- Block_ID : UNIQUE_ID
    "00000000-0000-0000-0000-000000000000", -- CurrentScope_ID : UNIQUE_ID
    0, -- return_value : INTEGER
    '', -- Label : STRING
    "92bed8fa-624a-4f61-84ca-4c970c7a310c" -- Parsed_Block_ID : UNIQUE_ID
);
INSERT INTO ACT_ACT VALUES (
    "b853be2a-6b15-4970-b8c0-f233205e43cd", -- Action_ID : UNIQUE_ID
    'bridge', -- Type : STRING
    0, -- LoopLevel : INTEGER
    "9c243d8c-5a60-4fbf-8302-17d8f56ecbef", -- Block_ID : UNIQUE_ID
    "00000000-0000-0000-0000-000000000000", -- CurrentScope_ID : UNIQUE_ID
    0, -- return_value : INTEGER
    '', -- Label : STRING
    "e439fdb7-650e-4ac3-91b5-eb4e3072e25b" -- Parsed_Block_ID : UNIQUE_ID
);
INSERT INTO ACT_ACT VALUES (
    "7dcac845-4d49-4986-9959-03c0c8ba0e70", -- Action_ID : UNIQUE_ID
    'bridge', -- Type : STRING
    0, -- LoopLevel : INTEGER
    "d6c5d6b9-57bc-4344-a80b-069f933317d1", -- Block_ID : UNIQUE_ID
    "00000000-0000-0000-0000-000000000000", -- CurrentScope_ID : UNIQUE_ID
    0, -- return_value : INTEGER
    '', -- Label : STRING
    "af45a520-9945-4f5a-b26b-27bfb5df4ce2" -- Parsed_Block_ID : UNIQUE_ID
);
INSERT INTO ACT_ACT VALUES (
    "dfba8e17-f3af-4fc8-abab-a0ed23710dee", -- Action_ID : UNIQUE_ID
    'bridge', -- Type : STRING
    0, -- LoopLevel : INTEGER
    "4a3c196e-3018-4d2f-8f74-3d295007a375", -- Block_ID : UNIQUE_ID
    "00000000-0000-0000-0000-000000000000", -- CurrentScope_ID : UNIQUE_ID
    0, -- return_value : INTEGER
    '', -- Label : STRING
    "db5648eb-8125-4fd9-bc0a-1e90c5d8797e" -- Parsed_Block_ID : UNIQUE_ID
);
INSERT INTO ACT_ACT VALUES (
    "b7c4efa3-af28-429e-8e41-720a84d98046", -- Action_ID : UNIQUE_ID
    'bridge', -- Type : STRING
    0, -- LoopLevel : INTEGER
    "435956b6-b19b-471a-a8fe-85eaae24b031", -- Block_ID : UNIQUE_ID
    "00000000-0000-0000-0000-000000000000", -- CurrentScope_ID : UNIQUE_ID
    0, -- return_value : INTEGER
    '', -- Label : STRING
    "574c1487-20c9-4446-901c-0b0dfc669514" -- Parsed_Block_ID : UNIQUE_ID
);
INSERT INTO ACT_ACT VALUES (
    "4bfa1929-26d5-40b8-a291-356011b6f294", -- Action_ID : UNIQUE_ID
    'bridge', -- Type : STRING
    0, -- LoopLevel : INTEGER
    "7152dd6f-b315-4881-a591-3cf860d25abf", -- Block_ID : UNIQUE_ID
    "00000000-0000-0000-0000-000000000000", -- CurrentScope_ID : UNIQUE_ID
    0, -- return_value : INTEGER
    '', -- Label : STRING
    "c7001df1-3601-4ced-9e59-3408a1cde925" -- Parsed_Block_ID : UNIQUE_ID
);
INSERT INTO ACT_ACT VALUES (
    "b984e3f2-4940-4384-917b-a0704f41b2ce", -- Action_ID : UNIQUE_ID
    'bridge', -- Type : STRING
    0, -- LoopLevel : INTEGER
    "a1eae218-2cf6-49e8-a5a2-deefb4087721", -- Block_ID : UNIQUE_ID
    "00000000-0000-0000-0000-000000000000", -- CurrentScope_ID : UNIQUE_ID
    0, -- return_value : INTEGER
    '', -- Label : STRING
    "5bce0d61-6871-48e4-83e3-b923f2e2e11f" -- Parsed_Block_ID : UNIQUE_ID
);
INSERT INTO ACT_ACT VALUES (
    "4aef120d-4ffe-476a-b99e-1491f5ccb480", -- Action_ID : UNIQUE_ID
    'bridge', -- Type : STRING
    0, -- LoopLevel : INTEGER
    "938577d4-06e0-45a1-9042-92e22466586e", -- Block_ID : UNIQUE_ID
    "00000000-0000-0000-0000-000000000000", -- CurrentScope_ID : UNIQUE_ID
    0, -- return_value : INTEGER
    '', -- Label : STRING
    "6e36d270-401d-4c53-8802-c6a354b5c45a" -- Parsed_Block_ID : UNIQUE_ID
);
INSERT INTO ACT_ACT VALUES (
    "7a04d9ac-b969-42fa-b1df-ed760d24f1a2", -- Action_ID : UNIQUE_ID
    'bridge', -- Type : STRING
    0, -- LoopLevel : INTEGER
    "6dbe382b-621f-428f-a229-be0098625a16", -- Block_ID : UNIQUE_ID
    "00000000-0000-0000-0000-000000000000", -- CurrentScope_ID : UNIQUE_ID
    0, -- return_value : INTEGER
    '', -- Label : STRING
    "50810941-7bba-415a-b772-e92bfe993066" -- Parsed_Block_ID : UNIQUE_ID
);
INSERT INTO ACT_ACT VALUES (
    "aae8d7cd-7286-42fb-9a9c-8d1af9bccd79", -- Action_ID : UNIQUE_ID
    'bridge', -- Type : STRING
    0, -- LoopLevel : INTEGER
    "8f762c10-43ed-4853-bbf9-07787e63f256", -- Block_ID : UNIQUE_ID
    "00000000-0000-0000-0000-000000000000", -- CurrentScope_ID : UNIQUE_ID
    0, -- return_value : INTEGER
    '', -- Label : STRING
    "09b6bedc-d314-4b46-a59f-940de7a14ccb" -- Parsed_Block_ID : UNIQUE_ID
);
INSERT INTO ACT_ACT VALUES (
    "2c2295dc-cdfe-4931-b1e7-b8eb72698d48", -- Action_ID : UNIQUE_ID
    'bridge', -- Type : STRING
    0, -- LoopLevel : INTEGER
    "422008ca-1c0f-4218-b2ea-2245b091b5c5", -- Block_ID : UNIQUE_ID
    "00000000-0000-0000-0000-000000000000", -- CurrentScope_ID : UNIQUE_ID
    0, -- return_value : INTEGER
    '', -- Label : STRING
    "fb1a6ddf-77ee-45f5-a6d3-a3969d807fdc" -- Parsed_Block_ID : UNIQUE_ID
);
INSERT INTO ACT_ACT VALUES (
    "007f4454-e36e-4943-9279-55e1fa12116b", -- Action_ID : UNIQUE_ID
    'bridge', -- Type : STRING
    0, -- LoopLevel : INTEGER
    "9a21fef8-0491-46eb-a312-bfb3974f7ef7", -- Block_ID : UNIQUE_ID
    "00000000-0000-0000-0000-000000000000", -- CurrentScope_ID : UNIQUE_ID
    0, -- return_value : INTEGER
    '', -- Label : STRING
    "1d0e1149-1c77-43db-8eca-892e723b1960" -- Parsed_Block_ID : UNIQUE_ID
);
INSERT INTO ACT_ACT VALUES (
    "71ed5acc-dd07-4a82-a732-5f11c345a283", -- Action_ID : UNIQUE_ID
    'bridge', -- Type : STRING
    0, -- LoopLevel : INTEGER
    "ee7da33c-11f7-451f-99b6-9962f4803811", -- Block_ID : UNIQUE_ID
    "00000000-0000-0000-0000-000000000000", -- CurrentScope_ID : UNIQUE_ID
    0, -- return_value : INTEGER
    '', -- Label : STRING
    "d6bd67b3-32d7-493c-8d9c-2d2a19169ab9" -- Parsed_Block_ID : UNIQUE_ID
);
INSERT INTO ACT_ACT VALUES (
    "b0f9c43a-11eb-45e4-b26c-958b7b70a8c5", -- Action_ID : UNIQUE_ID
    'bridge', -- Type : STRING
    0, -- LoopLevel : INTEGER
    "49adde1e-e9cc-4ffc-b442-63bc0adc306a", -- Block_ID : UNIQUE_ID
    "00000000-0000-0000-0000-000000000000", -- CurrentScope_ID : UNIQUE_ID
    0, -- return_value : INTEGER
    '', -- Label : STRING
    "00a82dd5-0f1e-4ec6-8956-0f183f0ee168" -- Parsed_Block_ID : UNIQUE_ID
);
INSERT INTO ACT_ACT VALUES (
    "c12ad9c1-6423-4150-a82a-7678249cfb33", -- Action_ID : UNIQUE_ID
    'bridge', -- Type : STRING
    0, -- LoopLevel : INTEGER
    "5cf1415f-ebe1-4872-8682-541536e08984", -- Block_ID : UNIQUE_ID
    "00000000-0000-0000-0000-000000000000", -- CurrentScope_ID : UNIQUE_ID
    0, -- return_value : INTEGER
    '', -- Label : STRING
    "0f4191de-2628-4868-b0a5-abc23ad543dc" -- Parsed_Block_ID : UNIQUE_ID
);
INSERT INTO ACT_ACT VALUES (
    "63cecdd7-eca2-4cbd-a74f-cf2a13523716", -- Action_ID : UNIQUE_ID
    'bridge', -- Type : STRING
    0, -- LoopLevel : INTEGER
    "177dcf9b-af42-4950-8d07-b3e10d2593e8", -- Block_ID : UNIQUE_ID
    "00000000-0000-0000-0000-000000000000", -- CurrentScope_ID : UNIQUE_ID
    0, -- return_value : INTEGER
    '', -- Label : STRING
    "962c2fc3-f784-470c-a9d9-9934ef74afd7" -- Parsed_Block_ID : UNIQUE_ID
);
INSERT INTO ACT_ACT VALUES (
    "f8192b6b-6b53-4d3c-bb8c-e800bea170a0", -- Action_ID : UNIQUE_ID
    'bridge', -- Type : STRING
    0, -- LoopLevel : INTEGER
    "200781f5-9c75-47db-90d0-1fb48807bc92", -- Block_ID : UNIQUE_ID
    "00000000-0000-0000-0000-000000000000", -- CurrentScope_ID : UNIQUE_ID
    0, -- return_value : INTEGER
    '', -- Label : STRING
    "8a7a3fee-6090-45fb-a772-1d2c44ea4b2d" -- Parsed_Block_ID : UNIQUE_ID
);
INSERT INTO ACT_ACT VALUES (
    "10bcb6d3-9bbc-4f3a-b215-98bd3475466c", -- Action_ID : UNIQUE_ID
    'bridge', -- Type : STRING
    0, -- LoopLevel : INTEGER
    "8e7e9b26-03d6-455e-9489-41515a61605e", -- Block_ID : UNIQUE_ID
    "00000000-0000-0000-0000-000000000000", -- CurrentScope_ID : UNIQUE_ID
    0, -- return_value : INTEGER
    '', -- Label : STRING
    "5fb5c672-39b3-4a58-9a59-d50039b42d49" -- Parsed_Block_ID : UNIQUE_ID
);
INSERT INTO ACT_ACT VALUES (
    "7f552cad-68ca-4983-99ba-bf0ff6711d49", -- Action_ID : UNIQUE_ID
    'bridge', -- Type : STRING
    0, -- LoopLevel : INTEGER
    "addeb8ac-73d8-4479-b7bf-6f38829861da", -- Block_ID : UNIQUE_ID
    "00000000-0000-0000-0000-000000000000", -- CurrentScope_ID : UNIQUE_ID
    0, -- return_value : INTEGER
    '', -- Label : STRING
    "95dd5044-eafd-4e31-895e-ce2299869918" -- Parsed_Block_ID : UNIQUE_ID
);
INSERT INTO ACT_ACT VALUES (
    "3a3cc754-9621-4e74-94ad-4719892c9f0f", -- Action_ID : UNIQUE_ID
    'bridge', -- Type : STRING
    0, -- LoopLevel : INTEGER
    "20fc32ef-8b33-499f-a883-21f0099ec636", -- Block_ID : UNIQUE_ID
    "00000000-0000-0000-0000-000000000000", -- CurrentScope_ID : UNIQUE_ID
    0, -- return_value : INTEGER
    '', -- Label : STRING
    "b4d97af8-5924-4ddf-98fc-45202ee59fc2" -- Parsed_Block_ID : UNIQUE_ID
);
INSERT INTO ACT_ACT VALUES (
    "fe23f1c0-92d7-48b5-9c73-95f3f8275bde", -- Action_ID : UNIQUE_ID
    'bridge', -- Type : STRING
    0, -- LoopLevel : INTEGER
    "0ac1cf28-52ed-43ef-b29e-2264d8943783", -- Block_ID : UNIQUE_ID
    "00000000-0000-0000-0000-000000000000", -- CurrentScope_ID : UNIQUE_ID
    0, -- return_value : INTEGER
    '', -- Label : STRING
    "c995b5db-e38a-4b96-9d89-fbfc818e7699" -- Parsed_Block_ID : UNIQUE_ID
);
INSERT INTO ACT_ACT VALUES (
    "a1c8c1df-cb8a-4e80-93c7-0af7aa96a029", -- Action_ID : UNIQUE_ID
    'bridge', -- Type : STRING
    0, -- LoopLevel : INTEGER
    "a43d8784-de73-45a5-9bbd-f46c4f709d4c", -- Block_ID : UNIQUE_ID
    "00000000-0000-0000-0000-000000000000", -- CurrentScope_ID : UNIQUE_ID
    0, -- return_value : INTEGER
    '', -- Label : STRING
    "5f63f710-8ea8-4d21-8090-99d5bdd74d03" -- Parsed_Block_ID : UNIQUE_ID
);
INSERT INTO ACT_ACT VALUES (
    "fd45405d-0d7b-4a5c-b8e1-31d4b733e224", -- Action_ID : UNIQUE_ID
    'bridge', -- Type : STRING
    0, -- LoopLevel : INTEGER
    "a2982e92-7781-49b0-b200-4adf1eaa5d1c", -- Block_ID : UNIQUE_ID
    "00000000-0000-0000-0000-000000000000", -- CurrentScope_ID : UNIQUE_ID
    0, -- return_value : INTEGER
    '', -- Label : STRING
    "feb0cf6e-4a1d-4600-bd3f-87bdafe2e863" -- Parsed_Block_ID : UNIQUE_ID
);
INSERT INTO ACT_ACT VALUES (
    "e2f24144-e0f9-4330-853f-edb998f6dd5e", -- Action_ID : UNIQUE_ID
    'bridge', -- Type : STRING
    0, -- LoopLevel : INTEGER
    "a1e45241-c0cb-404d-bd43-1190516df0aa", -- Block_ID : UNIQUE_ID
    "00000000-0000-0000-0000-000000000000", -- CurrentScope_ID : UNIQUE_ID
    0, -- return_value : INTEGER
    '', -- Label : STRING
    "3eff48d7-9b58-4561-bb3e-ce148250a09f" -- Parsed_Block_ID : UNIQUE_ID
);
INSERT INTO ACT_ACT VALUES (
    "6943440f-307a-4678-98d4-3a86641903fb", -- Action_ID : UNIQUE_ID
    'bridge', -- Type : STRING
    0, -- LoopLevel : INTEGER
    "7481f284-f568-490b-bcd8-a3b030e069a2", -- Block_ID : UNIQUE_ID
    "00000000-0000-0000-0000-000000000000", -- CurrentScope_ID : UNIQUE_ID
    0, -- return_value : INTEGER
    '', -- Label : STRING
    "e45e1667-c5b5-4bc2-a722-bdd4f9c4f3a3" -- Parsed_Block_ID : UNIQUE_ID
);
INSERT INTO ACT_ACT VALUES (
    "fdcc944b-10d4-44aa-8c42-72a01624e9b7", -- Action_ID : UNIQUE_ID
    'bridge', -- Type : STRING
    0, -- LoopLevel : INTEGER
    "afdaa831-122a-4940-abd8-e18562fcbd26", -- Block_ID : UNIQUE_ID
    "00000000-0000-0000-0000-000000000000", -- CurrentScope_ID : UNIQUE_ID
    0, -- return_value : INTEGER
    '', -- Label : STRING
    "67c08ed1-c5d1-4163-8172-6a6c8cc4fd12" -- Parsed_Block_ID : UNIQUE_ID
);
INSERT INTO ACT_ACT VALUES (
    "37fb67ad-2dfb-414f-9a2b-2c93043f6fee", -- Action_ID : UNIQUE_ID
    'bridge', -- Type : STRING
    0, -- LoopLevel : INTEGER
    "466a61b2-e253-4470-9a2c-0d04e3a4f5b8", -- Block_ID : UNIQUE_ID
    "00000000-0000-0000-0000-000000000000", -- CurrentScope_ID : UNIQUE_ID
    0, -- return_value : INTEGER
    '', -- Label : STRING
    "1681e69d-ff77-4b4d-87c1-80f7bd976b70" -- Parsed_Block_ID : UNIQUE_ID
);
INSERT INTO ACT_ACT VALUES (
    "e3fa4426-964e-4e55-90be-0f48c235c771", -- Action_ID : UNIQUE_ID
    'bridge', -- Type : STRING
    0, -- LoopLevel : INTEGER
    "4936d9e6-9a24-48ab-b7e2-10c29221c8a1", -- Block_ID : UNIQUE_ID
    "00000000-0000-0000-0000-000000000000", -- CurrentScope_ID : UNIQUE_ID
    0, -- return_value : INTEGER
    '', -- Label : STRING
    "9b6e90d1-43a3-48c1-8670-7d063e549e80" -- Parsed_Block_ID : UNIQUE_ID
);
INSERT INTO ACT_ACT VALUES (
    "3a737bf2-84f7-43b8-a1ba-a57d5f008aaa", -- Action_ID : UNIQUE_ID
    'bridge', -- Type : STRING
    0, -- LoopLevel : INTEGER
    "eff534fa-3e64-4bcc-b83c-4f14ec2e94cb", -- Block_ID : UNIQUE_ID
    "00000000-0000-0000-0000-000000000000", -- CurrentScope_ID : UNIQUE_ID
    0, -- return_value : INTEGER
    '', -- Label : STRING
    "0e34ccc9-7318-4361-af8a-3a5638c4dadf" -- Parsed_Block_ID : UNIQUE_ID
);
INSERT INTO ACT_ACT VALUES (
    "27c71223-6f75-4427-9750-aeb303b23d25", -- Action_ID : UNIQUE_ID
    'bridge', -- Type : STRING
    0, -- LoopLevel : INTEGER
    "bdbe596b-c13f-4ffb-bd2d-9c0cf9c33653", -- Block_ID : UNIQUE_ID
    "00000000-0000-0000-0000-000000000000", -- CurrentScope_ID : UNIQUE_ID
    0, -- return_value : INTEGER
    '', -- Label : STRING
    "69e29e5b-9a03-4e3d-a827-95b95254fff7" -- Parsed_Block_ID : UNIQUE_ID
);
INSERT INTO ACT_ACT VALUES (
    "d1a92944-117c-4434-aff3-c0491aa54753", -- Action_ID : UNIQUE_ID
    'bridge', -- Type : STRING
    0, -- LoopLevel : INTEGER
    "994b4842-e648-4368-b23f-cc82391a9ab5", -- Block_ID : UNIQUE_ID
    "00000000-0000-0000-0000-000000000000", -- CurrentScope_ID : UNIQUE_ID
    0, -- return_value : INTEGER
    '', -- Label : STRING
    "cae775a5-f47e-4a1e-b9f2-50366467c9cb" -- Parsed_Block_ID : UNIQUE_ID
);
INSERT INTO ACT_ACT VALUES (
    "aa2e4d93-95fe-47f3-9da1-b0ede7846ce1", -- Action_ID : UNIQUE_ID
    'bridge', -- Type : STRING
    0, -- LoopLevel : INTEGER
    "f1545e99-a3a2-43e8-8a36-bf1854ad686d", -- Block_ID : UNIQUE_ID
    "00000000-0000-0000-0000-000000000000", -- CurrentScope_ID : UNIQUE_ID
    0, -- return_value : INTEGER
    '', -- Label : STRING
    "c4bf3fe4-3a40-439e-b7fc-7d5181a549aa" -- Parsed_Block_ID : UNIQUE_ID
);
INSERT INTO ACT_ACT VALUES (
    "ff08d12c-9cbc-4661-97d4-bd5b56f924b7", -- Action_ID : UNIQUE_ID
    'bridge', -- Type : STRING
    0, -- LoopLevel : INTEGER
    "ec89e1a1-79ff-43bd-83b2-6bbb2d507bd1", -- Block_ID : UNIQUE_ID
    "00000000-0000-0000-0000-000000000000", -- CurrentScope_ID : UNIQUE_ID
    0, -- return_value : INTEGER
    '', -- Label : STRING
    "85e03064-6081-4a2b-a4c4-b2eaf258709e" -- Parsed_Block_ID : UNIQUE_ID
);
INSERT INTO ACT_ACT VALUES (
    "0e7aecd5-635f-4e54-95ba-e5e596c091b4", -- Action_ID : UNIQUE_ID
    'bridge', -- Type : STRING
    0, -- LoopLevel : INTEGER
    "b899bb69-6cff-4c26-9da9-8e322c494e91", -- Block_ID : UNIQUE_ID
    "00000000-0000-0000-0000-000000000000", -- CurrentScope_ID : UNIQUE_ID
    0, -- return_value : INTEGER
    '', -- Label : STRING
    "aaba3ff9-9cf1-4bde-8ba3-689ad2bedbee" -- Parsed_Block_ID : UNIQUE_ID
);
INSERT INTO ACT_ACT VALUES (
    "dca46820-48f4-423d-ac26-6ace885b0820", -- Action_ID : UNIQUE_ID
    'bridge', -- Type : STRING
    0, -- LoopLevel : INTEGER
    "f0e852dc-0bdf-4fd6-a5a8-2ee584aa87d0", -- Block_ID : UNIQUE_ID
    "00000000-0000-0000-0000-000000000000", -- CurrentScope_ID : UNIQUE_ID
    0, -- return_value : INTEGER
    '', -- Label : STRING
    "1fbf6497-07ee-463c-af83-17eca0a00163" -- Parsed_Block_ID : UNIQUE_ID
);
INSERT INTO ACT_ACT VALUES (
    "7b677795-d7b2-4a59-88e5-2898a014d4fb", -- Action_ID : UNIQUE_ID
    'bridge', -- Type : STRING
    0, -- LoopLevel : INTEGER
    "1f803cbc-b068-45d8-9171-8c6633b5806f", -- Block_ID : UNIQUE_ID
    "00000000-0000-0000-0000-000000000000", -- CurrentScope_ID : UNIQUE_ID
    0, -- return_value : INTEGER
    '', -- Label : STRING
    "bae030a9-2b7e-4ada-b405-634f55575cbb" -- Parsed_Block_ID : UNIQUE_ID
);
INSERT INTO ACT_ACT VALUES (
    "6694e9e7-44d6-404c-b022-1911ee05f401", -- Action_ID : UNIQUE_ID
    'bridge', -- Type : STRING
    0, -- LoopLevel : INTEGER
    "36c963e0-e7e3-40f3-95f5-80e7a589aa66", -- Block_ID : UNIQUE_ID
    "00000000-0000-0000-0000-000000000000", -- CurrentScope_ID : UNIQUE_ID
    0, -- return_value : INTEGER
    '', -- Label : STRING
    "bb05733c-d6ea-4c19-be92-ad98180aed55" -- Parsed_Block_ID : UNIQUE_ID
);
INSERT INTO ACT_ACT VALUES (
    "eeef0066-4825-4258-995f-6b195f1aaa58", -- Action_ID : UNIQUE_ID
    'bridge', -- Type : STRING
    0, -- LoopLevel : INTEGER
    "990c08d3-77f5-4da6-b897-9ca4d99afd84", -- Block_ID : UNIQUE_ID
    "00000000-0000-0000-0000-000000000000", -- CurrentScope_ID : UNIQUE_ID
    0, -- return_value : INTEGER
    '', -- Label : STRING
    "1f17e553-bf32-4841-9f6b-00729625ceed" -- Parsed_Block_ID : UNIQUE_ID
);
INSERT INTO ACT_ACT VALUES (
    "8847ba41-dc29-41eb-b89b-af7007a34620", -- Action_ID : UNIQUE_ID
    'bridge', -- Type : STRING
    0, -- LoopLevel : INTEGER
    "55d8f859-cf65-4da7-a591-99448832c017", -- Block_ID : UNIQUE_ID
    "00000000-0000-0000-0000-000000000000", -- CurrentScope_ID : UNIQUE_ID
    0, -- return_value : INTEGER
    '', -- Label : STRING
    "d01d691e-bd23-4edc-b677-866d6636cbee" -- Parsed_Block_ID : UNIQUE_ID
);
INSERT INTO ACT_ACT VALUES (
    "79dc2ee6-fbb7-46f5-bb1d-ee51baad11d0", -- Action_ID : UNIQUE_ID
    'bridge', -- Type : STRING
    0, -- LoopLevel : INTEGER
    "d573499a-2a53-4e42-a7b2-68fcf161ffc2", -- Block_ID : UNIQUE_ID
    "00000000-0000-0000-0000-000000000000", -- CurrentScope_ID : UNIQUE_ID
    0, -- return_value : INTEGER
    '', -- Label : STRING
    "07353897-a89c-4e68-a1c5-61b26a826304" -- Parsed_Block_ID : UNIQUE_ID
);
INSERT INTO ACT_ACT VALUES (
    "2f40fe66-2f6d-4053-adde-daa3de52269e", -- Action_ID : UNIQUE_ID
    'bridge', -- Type : STRING
    0, -- LoopLevel : INTEGER
    "512f4f47-733c-48fd-b7de-d599abcc935a", -- Block_ID : UNIQUE_ID
    "00000000-0000-0000-0000-000000000000", -- CurrentScope_ID : UNIQUE_ID
    0, -- return_value : INTEGER
    '', -- Label : STRING
    "c41ac392-a99e-4f2d-b1b4-94d4504dabc8" -- Parsed_Block_ID : UNIQUE_ID
);
INSERT INTO ACT_ACT VALUES (
    "8dabd217-6dd1-4842-be0b-b8eedd14013b", -- Action_ID : UNIQUE_ID
    'bridge', -- Type : STRING
    0, -- LoopLevel : INTEGER
    "af747120-1fbf-48cc-899e-2150cc6ff950", -- Block_ID : UNIQUE_ID
    "00000000-0000-0000-0000-000000000000", -- CurrentScope_ID : UNIQUE_ID
    0, -- return_value : INTEGER
    '', -- Label : STRING
    "d54d2768-a589-4b4b-afe7-14846d9bebdf" -- Parsed_Block_ID : UNIQUE_ID
);
INSERT INTO ACT_ACT VALUES (
    "8220143e-67b8-4184-86d8-03a6fd74f2c5", -- Action_ID : UNIQUE_ID
    'bridge', -- Type : STRING
    0, -- LoopLevel : INTEGER
    "6e03569c-d0c0-41ea-8f8a-4b4d378a7126", -- Block_ID : UNIQUE_ID
    "00000000-0000-0000-0000-000000000000", -- CurrentScope_ID : UNIQUE_ID
    0, -- return_value : INTEGER
    '', -- Label : STRING
    "993d4498-c7e3-4c76-aef4-c009bc35b3ea" -- Parsed_Block_ID : UNIQUE_ID
);
INSERT INTO ACT_ACT VALUES (
    "9d461128-47fa-4434-8286-89b1d935efa3", -- Action_ID : UNIQUE_ID
    'bridge', -- Type : STRING
    0, -- LoopLevel : INTEGER
    "19509d52-9b5d-4254-9b53-5d536851a271", -- Block_ID : UNIQUE_ID
    "00000000-0000-0000-0000-000000000000", -- CurrentScope_ID : UNIQUE_ID
    0, -- return_value : INTEGER
    '', -- Label : STRING
    "dbae18e3-5d45-4103-a5f7-f697574f3f76" -- Parsed_Block_ID : UNIQUE_ID
);
INSERT INTO ACT_ACT VALUES (
    "a43f8698-db84-4bc7-a56e-09ef1cddcc14", -- Action_ID : UNIQUE_ID
    '', -- Type : STRING
    0, -- LoopLevel : INTEGER
    "f7a2fee9-9693-4626-9061-80c47757f998", -- Block_ID : UNIQUE_ID
    "00000000-0000-0000-0000-000000000000", -- CurrentScope_ID : UNIQUE_ID
    0, -- return_value : INTEGER
    '', -- Label : STRING
    "2c2d625b-14dc-4430-9d63-9a9e24dedd1c" -- Parsed_Block_ID : UNIQUE_ID
);
INSERT INTO ACT_ACT VALUES (
    "b4d66d66-6b67-4677-bb8b-fe6e243b5bf2", -- Action_ID : UNIQUE_ID
    '', -- Type : STRING
    0, -- LoopLevel : INTEGER
    "f8708e12-ab22-4668-b1dc-975e6e50924d", -- Block_ID : UNIQUE_ID
    "00000000-0000-0000-0000-000000000000", -- CurrentScope_ID : UNIQUE_ID
    0, -- return_value : INTEGER
    '', -- Label : STRING
    "1145c677-d29d-4b6f-8695-6e6f166e7718" -- Parsed_Block_ID : UNIQUE_ID
);
INSERT INTO ACT_ACT VALUES (
    "1cc3a984-5c34-431c-8206-0b090c2b959c", -- Action_ID : UNIQUE_ID
    '', -- Type : STRING
    0, -- LoopLevel : INTEGER
    "b539ffc3-34e0-4bdf-801f-4fcd48d1dbe8", -- Block_ID : UNIQUE_ID
    "00000000-0000-0000-0000-000000000000", -- CurrentScope_ID : UNIQUE_ID
    0, -- return_value : INTEGER
    '', -- Label : STRING
    "7b8f4616-659c-45eb-bfe6-b396270bae8c" -- Parsed_Block_ID : UNIQUE_ID
);
INSERT INTO ACT_ACT VALUES (
    "0e5ed006-1b5b-4bcd-a345-3341a8467412", -- Action_ID : UNIQUE_ID
    '', -- Type : STRING
    0, -- LoopLevel : INTEGER
    "fa76cbb4-b137-46f6-9986-f5069efabf2d", -- Block_ID : UNIQUE_ID
    "00000000-0000-0000-0000-000000000000", -- CurrentScope_ID : UNIQUE_ID
    0, -- return_value : INTEGER
    '', -- Label : STRING
    "8faeaae0-a506-40a4-a41c-6643c28623cb" -- Parsed_Block_ID : UNIQUE_ID
);
INSERT INTO ACT_ACT VALUES (
    "86b26b0a-0042-41f3-80e6-f9f9cf90a933", -- Action_ID : UNIQUE_ID
    'interface signal', -- Type : STRING
    0, -- LoopLevel : INTEGER
    "4be62531-1a62-46ce-8ee9-29197166b739", -- Block_ID : UNIQUE_ID
    "00000000-0000-0000-0000-000000000000", -- CurrentScope_ID : UNIQUE_ID
    0, -- return_value : INTEGER
    '', -- Label : STRING
    "fc0ba693-60b7-401e-94fb-772390c6c346" -- Parsed_Block_ID : UNIQUE_ID
);
INSERT INTO ACT_ACT VALUES (
    "752a62bb-568b-4aed-86c4-be59e16c863b", -- Action_ID : UNIQUE_ID
    'interface signal', -- Type : STRING
    0, -- LoopLevel : INTEGER
    "a2df48a8-d3ec-407c-b3da-591c76cc6faf", -- Block_ID : UNIQUE_ID
    "00000000-0000-0000-0000-000000000000", -- CurrentScope_ID : UNIQUE_ID
    0, -- return_value : INTEGER
    '', -- Label : STRING
    "16fa2fd6-ba7e-4962-a616-e634e3ff7068" -- Parsed_Block_ID : UNIQUE_ID
);
INSERT INTO ACT_ACT VALUES (
    "1276354f-5a49-4ed1-8c74-abaf643a70ef", -- Action_ID : UNIQUE_ID
    'interface signal', -- Type : STRING
    0, -- LoopLevel : INTEGER
    "83961ad8-6b31-43b0-8bf2-9c6b1edd9c52", -- Block_ID : UNIQUE_ID
    "00000000-0000-0000-0000-000000000000", -- CurrentScope_ID : UNIQUE_ID
    0, -- return_value : INTEGER
    '', -- Label : STRING
    "60bc45ba-7f48-42d0-9d80-b0fea453507d" -- Parsed_Block_ID : UNIQUE_ID
);
INSERT INTO ACT_ACT VALUES (
    "f80f54f1-948e-4803-bf4a-f5ebf775efad", -- Action_ID : UNIQUE_ID
    'interface signal', -- Type : STRING
    0, -- LoopLevel : INTEGER
    "5afae02f-2be6-4a0b-9ee6-f07a0d3c4495", -- Block_ID : UNIQUE_ID
    "00000000-0000-0000-0000-000000000000", -- CurrentScope_ID : UNIQUE_ID
    0, -- return_value : INTEGER
    '', -- Label : STRING
    "329f8800-973b-495e-9534-a7e72ae7d16e" -- Parsed_Block_ID : UNIQUE_ID
);
INSERT INTO ACT_ACT VALUES (
    "682e0f02-a656-499f-bb73-bc40b5ccaaf4", -- Action_ID : UNIQUE_ID
    'interface signal', -- Type : STRING
    0, -- LoopLevel : INTEGER
    "d29cbc3d-1a7a-4f36-ba22-5701945baf6e", -- Block_ID : UNIQUE_ID
    "00000000-0000-0000-0000-000000000000", -- CurrentScope_ID : UNIQUE_ID
    0, -- return_value : INTEGER
    '', -- Label : STRING
    "bf8508ee-f618-40d6-98c9-2fdcb6348533" -- Parsed_Block_ID : UNIQUE_ID
);
INSERT INTO ACT_ACT VALUES (
    "ec6c3df6-29e7-4e0e-bfd0-2398f149460a", -- Action_ID : UNIQUE_ID
    'interface signal', -- Type : STRING
    0, -- LoopLevel : INTEGER
    "3d901a1e-ec8b-46b1-8d70-a500bc9c1c6b", -- Block_ID : UNIQUE_ID
    "00000000-0000-0000-0000-000000000000", -- CurrentScope_ID : UNIQUE_ID
    0, -- return_value : INTEGER
    '', -- Label : STRING
    "c5ea6cb5-94b8-4564-a15a-538c51d23993" -- Parsed_Block_ID : UNIQUE_ID
);
INSERT INTO ACT_AI VALUES (
    "3faf2c0c-6a0e-4d71-a1b9-eba5258a842a", -- Statement_ID : UNIQUE_ID
    "968ae3bb-f8d5-4568-8eaa-1a67ba0236b7", -- r_Value_ID : UNIQUE_ID
    "dab23d83-fea5-4cc6-b013-da63a0f6138e", -- l_Value_ID : UNIQUE_ID
    0, -- attributeLineNumber : INTEGER
    0 -- attributeColumn : INTEGER
);
INSERT INTO ACT_AI VALUES (
    "b467c756-943d-4a78-b657-59fdb0c5c256", -- Statement_ID : UNIQUE_ID
    "22b87611-6f78-40b0-a151-cf18c8cd97a1", -- r_Value_ID : UNIQUE_ID
    "81f8dd9c-be27-43ed-8eaa-20b7dba86929", -- l_Value_ID : UNIQUE_ID
    0, -- attributeLineNumber : INTEGER
    0 -- attributeColumn : INTEGER
);
INSERT INTO ACT_AI VALUES (
    "0c5fed5f-20c0-4e2d-bb0c-07a9485f15e9", -- Statement_ID : UNIQUE_ID
    "2ba9078e-8469-4845-93db-9c0a29144d3c", -- r_Value_ID : UNIQUE_ID
    "83e4999b-4e8b-4b06-b0ee-557e746575eb", -- l_Value_ID : UNIQUE_ID
    0, -- attributeLineNumber : INTEGER
    0 -- attributeColumn : INTEGER
);
INSERT INTO ACT_AI VALUES (
    "bfa08cee-c0be-4219-a48d-773e865b8aff", -- Statement_ID : UNIQUE_ID
    "3278ca48-42d1-4a3b-b7fb-f0978e14b908", -- r_Value_ID : UNIQUE_ID
    "bd6d4a69-b02a-41cd-9792-76a392851614", -- l_Value_ID : UNIQUE_ID
    0, -- attributeLineNumber : INTEGER
    0 -- attributeColumn : INTEGER
);
INSERT INTO ACT_AI VALUES (
    "c9a97c7b-2707-4bc8-ad3a-571d85934bd9", -- Statement_ID : UNIQUE_ID
    "d9855f9a-83dd-4489-97eb-c8e5f1d63d25", -- r_Value_ID : UNIQUE_ID
    "2fed096a-91c0-485e-8634-ce056c319de9", -- l_Value_ID : UNIQUE_ID
    0, -- attributeLineNumber : INTEGER
    0 -- attributeColumn : INTEGER
);
INSERT INTO ACT_AI VALUES (
    "668e1730-9dc7-469a-b1df-c607c9cc463a", -- Statement_ID : UNIQUE_ID
    "fcf90c11-c3a8-43c4-8d66-5ff91896d03e", -- r_Value_ID : UNIQUE_ID
    "6f656d2b-e30e-4e7d-8ff2-5aea2bcd81ab", -- l_Value_ID : UNIQUE_ID
    0, -- attributeLineNumber : INTEGER
    0 -- attributeColumn : INTEGER
);
INSERT INTO ACT_AI VALUES (
    "4048034c-ef8b-4ea4-b86a-dfba2571f0f5", -- Statement_ID : UNIQUE_ID
    "bebd2b1d-6ab9-41bd-bceb-ea781beefcef", -- r_Value_ID : UNIQUE_ID
    "1f459c15-c028-49cf-b1de-8548b2a3cbbb", -- l_Value_ID : UNIQUE_ID
    0, -- attributeLineNumber : INTEGER
    0 -- attributeColumn : INTEGER
);
INSERT INTO ACT_AI VALUES (
    "778ff070-333b-4269-9c01-8730d9ac1712", -- Statement_ID : UNIQUE_ID
    "8121df0d-632f-49e3-9fef-80300da2bd24", -- r_Value_ID : UNIQUE_ID
    "dedab40b-0b1d-4812-96b0-83a861d71a95", -- l_Value_ID : UNIQUE_ID
    0, -- attributeLineNumber : INTEGER
    0 -- attributeColumn : INTEGER
);
INSERT INTO ACT_AI VALUES (
    "8e87b2d9-3bfc-4a45-8d87-0059f8917bfa", -- Statement_ID : UNIQUE_ID
    "40f7479d-e057-4130-b30b-5199e16d2e30", -- r_Value_ID : UNIQUE_ID
    "25c97d78-02d9-44c1-bde3-c079f67ecf16", -- l_Value_ID : UNIQUE_ID
    0, -- attributeLineNumber : INTEGER
    0 -- attributeColumn : INTEGER
);
INSERT INTO ACT_AI VALUES (
    "9c7d484b-5cd8-443a-95cb-4d2c7f980992", -- Statement_ID : UNIQUE_ID
    "de6fcb98-6f91-4e2f-ab66-01b0677b88f6", -- r_Value_ID : UNIQUE_ID
    "037ffc59-8571-4e3a-b709-9a2d17cfb8e8", -- l_Value_ID : UNIQUE_ID
    0, -- attributeLineNumber : INTEGER
    0 -- attributeColumn : INTEGER
);
INSERT INTO ACT_AI VALUES (
    "42845242-793c-4829-af8f-5ff83db81eb4", -- Statement_ID : UNIQUE_ID
    "45b80ede-29fd-40bd-87a9-f6140a2de97c", -- r_Value_ID : UNIQUE_ID
    "bcddb9ac-fe3a-4f0c-a57a-753069bf9d46", -- l_Value_ID : UNIQUE_ID
    0, -- attributeLineNumber : INTEGER
    0 -- attributeColumn : INTEGER
);
INSERT INTO ACT_AI VALUES (
    "fa3ddf66-ad73-4977-8cef-47984cc0a369", -- Statement_ID : UNIQUE_ID
    "748f5e16-b88a-41c5-81cf-3c9dec446404", -- r_Value_ID : UNIQUE_ID
    "e07e82a9-6131-42a4-873d-47bc7a6f4b91", -- l_Value_ID : UNIQUE_ID
    0, -- attributeLineNumber : INTEGER
    0 -- attributeColumn : INTEGER
);
INSERT INTO ACT_AI VALUES (
    "81050be2-41b0-4021-ab9d-d9b03e004bf1", -- Statement_ID : UNIQUE_ID
    "946a103d-6793-4501-b7db-fada463055df", -- r_Value_ID : UNIQUE_ID
    "0758e3b2-1acd-400c-975d-899d3e615949", -- l_Value_ID : UNIQUE_ID
    0, -- attributeLineNumber : INTEGER
    0 -- attributeColumn : INTEGER
);
INSERT INTO ACT_AI VALUES (
    "21cd7e62-1c3a-4b95-b4fa-106a2a00a4cc", -- Statement_ID : UNIQUE_ID
    "60ac6314-3279-4cab-9eb5-58b17eec63a4", -- r_Value_ID : UNIQUE_ID
    "74583282-fe58-42ff-bfb0-50982b601bad", -- l_Value_ID : UNIQUE_ID
    0, -- attributeLineNumber : INTEGER
    0 -- attributeColumn : INTEGER
);
INSERT INTO ACT_AI VALUES (
    "4140b7cb-9675-4a98-9372-372b64184bc3", -- Statement_ID : UNIQUE_ID
    "46838f31-7915-43b9-bb61-79467a8ac5f0", -- r_Value_ID : UNIQUE_ID
    "859ebe88-0f2c-4d74-8e16-9a09f7a7d621", -- l_Value_ID : UNIQUE_ID
    0, -- attributeLineNumber : INTEGER
    0 -- attributeColumn : INTEGER
);
INSERT INTO ACT_AI VALUES (
    "348c3823-75d4-421f-81fe-29346c9f484e", -- Statement_ID : UNIQUE_ID
    "8be5a86d-0c8a-4576-9ed4-5e413cf05199", -- r_Value_ID : UNIQUE_ID
    "3f727d70-522b-451c-8d4c-d1272de9f1bb", -- l_Value_ID : UNIQUE_ID
    0, -- attributeLineNumber : INTEGER
    0 -- attributeColumn : INTEGER
);
INSERT INTO ACT_AI VALUES (
    "af8b8097-9ce7-4978-99c5-d60874527fec", -- Statement_ID : UNIQUE_ID
    "8e6fad88-aa78-4019-b235-dd10e90655eb", -- r_Value_ID : UNIQUE_ID
    "3e33c4ad-5fa7-4054-8c22-e0307cdcb6e6", -- l_Value_ID : UNIQUE_ID
    0, -- attributeLineNumber : INTEGER
    0 -- attributeColumn : INTEGER
);
INSERT INTO ACT_AI VALUES (
    "60cf5076-4897-40f2-a38c-42344e48a404", -- Statement_ID : UNIQUE_ID
    "5b605618-2d21-411f-98e8-29f94f3fe288", -- r_Value_ID : UNIQUE_ID
    "f2a2a559-0b15-405a-b420-b187ebd95c02", -- l_Value_ID : UNIQUE_ID
    0, -- attributeLineNumber : INTEGER
    0 -- attributeColumn : INTEGER
);
INSERT INTO ACT_AI VALUES (
    "94265f5e-2f11-498c-9fe6-d94a4f51c850", -- Statement_ID : UNIQUE_ID
    "1f3220fb-b218-43f4-935e-09af09567836", -- r_Value_ID : UNIQUE_ID
    "18ae78ae-8730-486e-add0-6135b6b0456b", -- l_Value_ID : UNIQUE_ID
    0, -- attributeLineNumber : INTEGER
    0 -- attributeColumn : INTEGER
);
INSERT INTO ACT_BLK VALUES (
    "5e15d232-6d9d-4d95-935d-6ef07b562b77", -- Block_ID : UNIQUE_ID
    0, -- WhereSpecOK : BOOLEAN
    0, -- InWhereSpec : BOOLEAN
    0, -- SelectedFound : BOOLEAN
    '', -- TempBuffer : STRING
    '', -- SupData1 : STRING
    '', -- SupData2 : STRING
    0, -- CurrentLine : INTEGER
    0, -- CurrentCol : INTEGER
    0, -- currentKeyLettersLineNumber : INTEGER
    0, -- currentKeyLettersColumn : INTEGER
    0, -- currentParameterAssignmentNameLineNumber : INTEGER
    0, -- currentParameterAssignmentNameColumn : INTEGER
    0, -- currentAssociationNumberLineNumber : INTEGER
    0, -- currentAssociationNumberColumn : INTEGER
    0, -- currentAssociationPhraseLineNumber : INTEGER
    0, -- currentAssociationPhraseColumn : INTEGER
    0, -- currentDataTypeNameLineNumber : INTEGER
    0, -- currentDataTypeNameColumn : INTEGER
    0, -- blockInStackFrameCreated : BOOLEAN
    "f720991f-2dad-449b-9342-e0843e2d0df2", -- Action_ID : UNIQUE_ID
    "e96ffeab-f4d8-4836-9043-938f0923fddb" -- Parsed_Action_ID : UNIQUE_ID
);
INSERT INTO ACT_BLK VALUES (
    "e5f0f695-4cdb-4b72-96ff-87615f3de02b", -- Block_ID : UNIQUE_ID
    0, -- WhereSpecOK : BOOLEAN
    0, -- InWhereSpec : BOOLEAN
    0, -- SelectedFound : BOOLEAN
    '', -- TempBuffer : STRING
    '', -- SupData1 : STRING
    '', -- SupData2 : STRING
    0, -- CurrentLine : INTEGER
    0, -- CurrentCol : INTEGER
    0, -- currentKeyLettersLineNumber : INTEGER
    0, -- currentKeyLettersColumn : INTEGER
    0, -- currentParameterAssignmentNameLineNumber : INTEGER
    0, -- currentParameterAssignmentNameColumn : INTEGER
    0, -- currentAssociationNumberLineNumber : INTEGER
    0, -- currentAssociationNumberColumn : INTEGER
    0, -- currentAssociationPhraseLineNumber : INTEGER
    0, -- currentAssociationPhraseColumn : INTEGER
    0, -- currentDataTypeNameLineNumber : INTEGER
    0, -- currentDataTypeNameColumn : INTEGER
    0, -- blockInStackFrameCreated : BOOLEAN
    "51f6da84-ef43-4ce0-a214-aa02e21a1973", -- Action_ID : UNIQUE_ID
    "a2346100-afaf-4d16-add9-28b0b088ea8a" -- Parsed_Action_ID : UNIQUE_ID
);
INSERT INTO ACT_BLK VALUES (
    "1c6df267-4686-4cc9-8a4e-8b4239dd2e92", -- Block_ID : UNIQUE_ID
    0, -- WhereSpecOK : BOOLEAN
    0, -- InWhereSpec : BOOLEAN
    0, -- SelectedFound : BOOLEAN
    '', -- TempBuffer : STRING
    '', -- SupData1 : STRING
    '', -- SupData2 : STRING
    0, -- CurrentLine : INTEGER
    0, -- CurrentCol : INTEGER
    0, -- currentKeyLettersLineNumber : INTEGER
    0, -- currentKeyLettersColumn : INTEGER
    0, -- currentParameterAssignmentNameLineNumber : INTEGER
    0, -- currentParameterAssignmentNameColumn : INTEGER
    0, -- currentAssociationNumberLineNumber : INTEGER
    0, -- currentAssociationNumberColumn : INTEGER
    0, -- currentAssociationPhraseLineNumber : INTEGER
    0, -- currentAssociationPhraseColumn : INTEGER
    0, -- currentDataTypeNameLineNumber : INTEGER
    0, -- currentDataTypeNameColumn : INTEGER
    0, -- blockInStackFrameCreated : BOOLEAN
    "d69abead-1748-4d00-962f-4b4788fe19f0", -- Action_ID : UNIQUE_ID
    "d6a110a2-2309-41bd-99f9-fedeb2d85d90" -- Parsed_Action_ID : UNIQUE_ID
);
INSERT INTO ACT_BLK VALUES (
    "c33d42d3-3b7d-4e53-a394-79c6689fcb94", -- Block_ID : UNIQUE_ID
    0, -- WhereSpecOK : BOOLEAN
    0, -- InWhereSpec : BOOLEAN
    0, -- SelectedFound : BOOLEAN
    '', -- TempBuffer : STRING
    '', -- SupData1 : STRING
    '', -- SupData2 : STRING
    0, -- CurrentLine : INTEGER
    0, -- CurrentCol : INTEGER
    0, -- currentKeyLettersLineNumber : INTEGER
    0, -- currentKeyLettersColumn : INTEGER
    0, -- currentParameterAssignmentNameLineNumber : INTEGER
    0, -- currentParameterAssignmentNameColumn : INTEGER
    0, -- currentAssociationNumberLineNumber : INTEGER
    0, -- currentAssociationNumberColumn : INTEGER
    0, -- currentAssociationPhraseLineNumber : INTEGER
    0, -- currentAssociationPhraseColumn : INTEGER
    0, -- currentDataTypeNameLineNumber : INTEGER
    0, -- currentDataTypeNameColumn : INTEGER
    0, -- blockInStackFrameCreated : BOOLEAN
    "07f498c5-bbb4-49de-bb21-cc799ef59278", -- Action_ID : UNIQUE_ID
    "c72e5a39-07de-48f7-9444-06b44cfb2d55" -- Parsed_Action_ID : UNIQUE_ID
);
INSERT INTO ACT_BLK VALUES (
    "92efb653-7700-40be-a364-7e04ed6384df", -- Block_ID : UNIQUE_ID
    0, -- WhereSpecOK : BOOLEAN
    0, -- InWhereSpec : BOOLEAN
    0, -- SelectedFound : BOOLEAN
    '', -- TempBuffer : STRING
    '', -- SupData1 : STRING
    '', -- SupData2 : STRING
    0, -- CurrentLine : INTEGER
    0, -- CurrentCol : INTEGER
    0, -- currentKeyLettersLineNumber : INTEGER
    0, -- currentKeyLettersColumn : INTEGER
    0, -- currentParameterAssignmentNameLineNumber : INTEGER
    0, -- currentParameterAssignmentNameColumn : INTEGER
    0, -- currentAssociationNumberLineNumber : INTEGER
    0, -- currentAssociationNumberColumn : INTEGER
    0, -- currentAssociationPhraseLineNumber : INTEGER
    0, -- currentAssociationPhraseColumn : INTEGER
    0, -- currentDataTypeNameLineNumber : INTEGER
    0, -- currentDataTypeNameColumn : INTEGER
    0, -- blockInStackFrameCreated : BOOLEAN
    "280cec8b-1587-48f8-aa89-7373ea1a07c5", -- Action_ID : UNIQUE_ID
    "3ad0dc66-4df4-422d-8b7e-153f09f3416f" -- Parsed_Action_ID : UNIQUE_ID
);
INSERT INTO ACT_BLK VALUES (
    "2b2885dc-9341-42b8-a689-d62732c33111", -- Block_ID : UNIQUE_ID
    0, -- WhereSpecOK : BOOLEAN
    0, -- InWhereSpec : BOOLEAN
    0, -- SelectedFound : BOOLEAN
    '', -- TempBuffer : STRING
    '', -- SupData1 : STRING
    '', -- SupData2 : STRING
    0, -- CurrentLine : INTEGER
    0, -- CurrentCol : INTEGER
    0, -- currentKeyLettersLineNumber : INTEGER
    0, -- currentKeyLettersColumn : INTEGER
    0, -- currentParameterAssignmentNameLineNumber : INTEGER
    0, -- currentParameterAssignmentNameColumn : INTEGER
    0, -- currentAssociationNumberLineNumber : INTEGER
    0, -- currentAssociationNumberColumn : INTEGER
    0, -- currentAssociationPhraseLineNumber : INTEGER
    0, -- currentAssociationPhraseColumn : INTEGER
    0, -- currentDataTypeNameLineNumber : INTEGER
    0, -- currentDataTypeNameColumn : INTEGER
    0, -- blockInStackFrameCreated : BOOLEAN
    "de389895-291a-411c-a241-418017a76872", -- Action_ID : UNIQUE_ID
    "9e0f135c-3ce6-4dfe-8475-9b8af83225bd" -- Parsed_Action_ID : UNIQUE_ID
);
INSERT INTO ACT_BLK VALUES (
    "09ae6e03-1e3d-434d-8461-504f8133d622", -- Block_ID : UNIQUE_ID
    0, -- WhereSpecOK : BOOLEAN
    0, -- InWhereSpec : BOOLEAN
    0, -- SelectedFound : BOOLEAN
    '', -- TempBuffer : STRING
    '', -- SupData1 : STRING
    '', -- SupData2 : STRING
    0, -- CurrentLine : INTEGER
    0, -- CurrentCol : INTEGER
    0, -- currentKeyLettersLineNumber : INTEGER
    0, -- currentKeyLettersColumn : INTEGER
    0, -- currentParameterAssignmentNameLineNumber : INTEGER
    0, -- currentParameterAssignmentNameColumn : INTEGER
    0, -- currentAssociationNumberLineNumber : INTEGER
    0, -- currentAssociationNumberColumn : INTEGER
    0, -- currentAssociationPhraseLineNumber : INTEGER
    0, -- currentAssociationPhraseColumn : INTEGER
    0, -- currentDataTypeNameLineNumber : INTEGER
    0, -- currentDataTypeNameColumn : INTEGER
    0, -- blockInStackFrameCreated : BOOLEAN
    "676e791e-4ca6-458d-8536-1db68255ac65", -- Action_ID : UNIQUE_ID
    "ed4b40d2-599c-419d-aacb-53b297525ca7" -- Parsed_Action_ID : UNIQUE_ID
);
INSERT INTO ACT_BLK VALUES (
    "f5bdb6bf-6534-415e-becd-040c1f78fc40", -- Block_ID : UNIQUE_ID
    0, -- WhereSpecOK : BOOLEAN
    0, -- InWhereSpec : BOOLEAN
    0, -- SelectedFound : BOOLEAN
    '', -- TempBuffer : STRING
    '', -- SupData1 : STRING
    '', -- SupData2 : STRING
    0, -- CurrentLine : INTEGER
    0, -- CurrentCol : INTEGER
    0, -- currentKeyLettersLineNumber : INTEGER
    0, -- currentKeyLettersColumn : INTEGER
    0, -- currentParameterAssignmentNameLineNumber : INTEGER
    0, -- currentParameterAssignmentNameColumn : INTEGER
    0, -- currentAssociationNumberLineNumber : INTEGER
    0, -- currentAssociationNumberColumn : INTEGER
    0, -- currentAssociationPhraseLineNumber : INTEGER
    0, -- currentAssociationPhraseColumn : INTEGER
    0, -- currentDataTypeNameLineNumber : INTEGER
    0, -- currentDataTypeNameColumn : INTEGER
    0, -- blockInStackFrameCreated : BOOLEAN
    "e1e31064-6cbb-4271-9d4e-39cfc2bc2bc5", -- Action_ID : UNIQUE_ID
    "e4ffe0d7-c0ff-4acc-ac4c-05b2f6025d1f" -- Parsed_Action_ID : UNIQUE_ID
);
INSERT INTO ACT_BLK VALUES (
    "4216e935-0b24-4976-b52c-991c0d005b0d", -- Block_ID : UNIQUE_ID
    0, -- WhereSpecOK : BOOLEAN
    0, -- InWhereSpec : BOOLEAN
    0, -- SelectedFound : BOOLEAN
    '', -- TempBuffer : STRING
    '', -- SupData1 : STRING
    '', -- SupData2 : STRING
    0, -- CurrentLine : INTEGER
    0, -- CurrentCol : INTEGER
    0, -- currentKeyLettersLineNumber : INTEGER
    0, -- currentKeyLettersColumn : INTEGER
    0, -- currentParameterAssignmentNameLineNumber : INTEGER
    0, -- currentParameterAssignmentNameColumn : INTEGER
    0, -- currentAssociationNumberLineNumber : INTEGER
    0, -- currentAssociationNumberColumn : INTEGER
    0, -- currentAssociationPhraseLineNumber : INTEGER
    0, -- currentAssociationPhraseColumn : INTEGER
    0, -- currentDataTypeNameLineNumber : INTEGER
    0, -- currentDataTypeNameColumn : INTEGER
    0, -- blockInStackFrameCreated : BOOLEAN
    "4af52e9a-ef07-479f-9e40-e32e9eecc4ad", -- Action_ID : UNIQUE_ID
    "b536d37e-9581-463d-886d-c2561dfbcae1" -- Parsed_Action_ID : UNIQUE_ID
);
INSERT INTO ACT_BLK VALUES (
    "5441b627-7a22-4cee-b2a3-0be784329c59", -- Block_ID : UNIQUE_ID
    0, -- WhereSpecOK : BOOLEAN
    0, -- InWhereSpec : BOOLEAN
    0, -- SelectedFound : BOOLEAN
    '', -- TempBuffer : STRING
    '', -- SupData1 : STRING
    '', -- SupData2 : STRING
    0, -- CurrentLine : INTEGER
    0, -- CurrentCol : INTEGER
    0, -- currentKeyLettersLineNumber : INTEGER
    0, -- currentKeyLettersColumn : INTEGER
    0, -- currentParameterAssignmentNameLineNumber : INTEGER
    0, -- currentParameterAssignmentNameColumn : INTEGER
    0, -- currentAssociationNumberLineNumber : INTEGER
    0, -- currentAssociationNumberColumn : INTEGER
    0, -- currentAssociationPhraseLineNumber : INTEGER
    0, -- currentAssociationPhraseColumn : INTEGER
    0, -- currentDataTypeNameLineNumber : INTEGER
    0, -- currentDataTypeNameColumn : INTEGER
    0, -- blockInStackFrameCreated : BOOLEAN
    "96ee1e14-2375-4d0e-be01-bf2958680aa2", -- Action_ID : UNIQUE_ID
    "14c0eabb-2964-4094-a99c-15a128b6d8c5" -- Parsed_Action_ID : UNIQUE_ID
);
INSERT INTO ACT_BLK VALUES (
    "39918250-fc6e-465d-aad4-7a2a2fb71262", -- Block_ID : UNIQUE_ID
    0, -- WhereSpecOK : BOOLEAN
    0, -- InWhereSpec : BOOLEAN
    0, -- SelectedFound : BOOLEAN
    '', -- TempBuffer : STRING
    '', -- SupData1 : STRING
    '', -- SupData2 : STRING
    0, -- CurrentLine : INTEGER
    0, -- CurrentCol : INTEGER
    0, -- currentKeyLettersLineNumber : INTEGER
    0, -- currentKeyLettersColumn : INTEGER
    0, -- currentParameterAssignmentNameLineNumber : INTEGER
    0, -- currentParameterAssignmentNameColumn : INTEGER
    0, -- currentAssociationNumberLineNumber : INTEGER
    0, -- currentAssociationNumberColumn : INTEGER
    0, -- currentAssociationPhraseLineNumber : INTEGER
    0, -- currentAssociationPhraseColumn : INTEGER
    0, -- currentDataTypeNameLineNumber : INTEGER
    0, -- currentDataTypeNameColumn : INTEGER
    0, -- blockInStackFrameCreated : BOOLEAN
    "fe13ec4f-3e29-465e-b273-2866129ef742", -- Action_ID : UNIQUE_ID
    "14d3123a-8535-46d7-b591-424eebd77d19" -- Parsed_Action_ID : UNIQUE_ID
);
INSERT INTO ACT_BLK VALUES (
    "94a90a31-e40c-4c69-b635-6c5cda504526", -- Block_ID : UNIQUE_ID
    0, -- WhereSpecOK : BOOLEAN
    0, -- InWhereSpec : BOOLEAN
    0, -- SelectedFound : BOOLEAN
    '', -- TempBuffer : STRING
    '', -- SupData1 : STRING
    '', -- SupData2 : STRING
    0, -- CurrentLine : INTEGER
    0, -- CurrentCol : INTEGER
    0, -- currentKeyLettersLineNumber : INTEGER
    0, -- currentKeyLettersColumn : INTEGER
    0, -- currentParameterAssignmentNameLineNumber : INTEGER
    0, -- currentParameterAssignmentNameColumn : INTEGER
    0, -- currentAssociationNumberLineNumber : INTEGER
    0, -- currentAssociationNumberColumn : INTEGER
    0, -- currentAssociationPhraseLineNumber : INTEGER
    0, -- currentAssociationPhraseColumn : INTEGER
    0, -- currentDataTypeNameLineNumber : INTEGER
    0, -- currentDataTypeNameColumn : INTEGER
    0, -- blockInStackFrameCreated : BOOLEAN
    "b556d1b4-de3c-45d1-862a-6f24eabf39a1", -- Action_ID : UNIQUE_ID
    "b5a7e92d-abf4-4388-94a6-cb789f0d053b" -- Parsed_Action_ID : UNIQUE_ID
);
INSERT INTO ACT_BLK VALUES (
    "52de0a22-0889-4897-b302-2fa26c1d2874", -- Block_ID : UNIQUE_ID
    0, -- WhereSpecOK : BOOLEAN
    0, -- InWhereSpec : BOOLEAN
    0, -- SelectedFound : BOOLEAN
    '', -- TempBuffer : STRING
    '', -- SupData1 : STRING
    '', -- SupData2 : STRING
    0, -- CurrentLine : INTEGER
    0, -- CurrentCol : INTEGER
    0, -- currentKeyLettersLineNumber : INTEGER
    0, -- currentKeyLettersColumn : INTEGER
    0, -- currentParameterAssignmentNameLineNumber : INTEGER
    0, -- currentParameterAssignmentNameColumn : INTEGER
    0, -- currentAssociationNumberLineNumber : INTEGER
    0, -- currentAssociationNumberColumn : INTEGER
    0, -- currentAssociationPhraseLineNumber : INTEGER
    0, -- currentAssociationPhraseColumn : INTEGER
    0, -- currentDataTypeNameLineNumber : INTEGER
    0, -- currentDataTypeNameColumn : INTEGER
    0, -- blockInStackFrameCreated : BOOLEAN
    "ff1649b2-c5d5-4e4b-9ca5-34d2ca9a6510", -- Action_ID : UNIQUE_ID
    "0429189b-caff-41cc-b7a2-ccfa6064eb7f" -- Parsed_Action_ID : UNIQUE_ID
);
INSERT INTO ACT_BLK VALUES (
    "6cb65060-528a-4185-82ca-60f46f9a37cb", -- Block_ID : UNIQUE_ID
    0, -- WhereSpecOK : BOOLEAN
    0, -- InWhereSpec : BOOLEAN
    0, -- SelectedFound : BOOLEAN
    '', -- TempBuffer : STRING
    '', -- SupData1 : STRING
    '', -- SupData2 : STRING
    0, -- CurrentLine : INTEGER
    0, -- CurrentCol : INTEGER
    0, -- currentKeyLettersLineNumber : INTEGER
    0, -- currentKeyLettersColumn : INTEGER
    0, -- currentParameterAssignmentNameLineNumber : INTEGER
    0, -- currentParameterAssignmentNameColumn : INTEGER
    0, -- currentAssociationNumberLineNumber : INTEGER
    0, -- currentAssociationNumberColumn : INTEGER
    0, -- currentAssociationPhraseLineNumber : INTEGER
    0, -- currentAssociationPhraseColumn : INTEGER
    0, -- currentDataTypeNameLineNumber : INTEGER
    0, -- currentDataTypeNameColumn : INTEGER
    0, -- blockInStackFrameCreated : BOOLEAN
    "bbef55ba-75a5-48b7-b73e-b45357afd7ce", -- Action_ID : UNIQUE_ID
    "783e6317-ca1d-4357-8882-af41e1639de0" -- Parsed_Action_ID : UNIQUE_ID
);
INSERT INTO ACT_BLK VALUES (
    "ba3d7044-1785-4fd1-831a-2ecb1da6ec56", -- Block_ID : UNIQUE_ID
    0, -- WhereSpecOK : BOOLEAN
    0, -- InWhereSpec : BOOLEAN
    0, -- SelectedFound : BOOLEAN
    '', -- TempBuffer : STRING
    '', -- SupData1 : STRING
    '', -- SupData2 : STRING
    0, -- CurrentLine : INTEGER
    0, -- CurrentCol : INTEGER
    0, -- currentKeyLettersLineNumber : INTEGER
    0, -- currentKeyLettersColumn : INTEGER
    0, -- currentParameterAssignmentNameLineNumber : INTEGER
    0, -- currentParameterAssignmentNameColumn : INTEGER
    0, -- currentAssociationNumberLineNumber : INTEGER
    0, -- currentAssociationNumberColumn : INTEGER
    0, -- currentAssociationPhraseLineNumber : INTEGER
    0, -- currentAssociationPhraseColumn : INTEGER
    0, -- currentDataTypeNameLineNumber : INTEGER
    0, -- currentDataTypeNameColumn : INTEGER
    0, -- blockInStackFrameCreated : BOOLEAN
    "ea342e1c-ea92-4e5d-8278-a5747dfb1ef1", -- Action_ID : UNIQUE_ID
    "a511a85a-53b7-4713-8845-2b96088665ef" -- Parsed_Action_ID : UNIQUE_ID
);
INSERT INTO ACT_BLK VALUES (
    "100e0daa-3cfb-4838-bc14-e54d4608dbc4", -- Block_ID : UNIQUE_ID
    0, -- WhereSpecOK : BOOLEAN
    0, -- InWhereSpec : BOOLEAN
    0, -- SelectedFound : BOOLEAN
    '', -- TempBuffer : STRING
    '', -- SupData1 : STRING
    '', -- SupData2 : STRING
    0, -- CurrentLine : INTEGER
    0, -- CurrentCol : INTEGER
    0, -- currentKeyLettersLineNumber : INTEGER
    0, -- currentKeyLettersColumn : INTEGER
    0, -- currentParameterAssignmentNameLineNumber : INTEGER
    0, -- currentParameterAssignmentNameColumn : INTEGER
    0, -- currentAssociationNumberLineNumber : INTEGER
    0, -- currentAssociationNumberColumn : INTEGER
    0, -- currentAssociationPhraseLineNumber : INTEGER
    0, -- currentAssociationPhraseColumn : INTEGER
    0, -- currentDataTypeNameLineNumber : INTEGER
    0, -- currentDataTypeNameColumn : INTEGER
    0, -- blockInStackFrameCreated : BOOLEAN
    "d1aa6913-1223-4b33-af61-ad824fc89587", -- Action_ID : UNIQUE_ID
    "620ab675-b35e-4391-8302-eb633a131144" -- Parsed_Action_ID : UNIQUE_ID
);
INSERT INTO ACT_BLK VALUES (
    "c4787975-c0e5-4de3-be1b-a1a0bebcde08", -- Block_ID : UNIQUE_ID
    0, -- WhereSpecOK : BOOLEAN
    0, -- InWhereSpec : BOOLEAN
    0, -- SelectedFound : BOOLEAN
    '', -- TempBuffer : STRING
    '', -- SupData1 : STRING
    '', -- SupData2 : STRING
    0, -- CurrentLine : INTEGER
    0, -- CurrentCol : INTEGER
    0, -- currentKeyLettersLineNumber : INTEGER
    0, -- currentKeyLettersColumn : INTEGER
    0, -- currentParameterAssignmentNameLineNumber : INTEGER
    0, -- currentParameterAssignmentNameColumn : INTEGER
    0, -- currentAssociationNumberLineNumber : INTEGER
    0, -- currentAssociationNumberColumn : INTEGER
    0, -- currentAssociationPhraseLineNumber : INTEGER
    0, -- currentAssociationPhraseColumn : INTEGER
    0, -- currentDataTypeNameLineNumber : INTEGER
    0, -- currentDataTypeNameColumn : INTEGER
    0, -- blockInStackFrameCreated : BOOLEAN
    "8bced80b-379f-44d6-bcd8-8bc94dc7e0c8", -- Action_ID : UNIQUE_ID
    "00ae368d-81b0-45a3-8e10-349926fd933a" -- Parsed_Action_ID : UNIQUE_ID
);
INSERT INTO ACT_BLK VALUES (
    "3c9a0167-033d-48ef-ad91-b43aa8d5d106", -- Block_ID : UNIQUE_ID
    0, -- WhereSpecOK : BOOLEAN
    0, -- InWhereSpec : BOOLEAN
    0, -- SelectedFound : BOOLEAN
    '', -- TempBuffer : STRING
    '', -- SupData1 : STRING
    '', -- SupData2 : STRING
    0, -- CurrentLine : INTEGER
    0, -- CurrentCol : INTEGER
    0, -- currentKeyLettersLineNumber : INTEGER
    0, -- currentKeyLettersColumn : INTEGER
    0, -- currentParameterAssignmentNameLineNumber : INTEGER
    0, -- currentParameterAssignmentNameColumn : INTEGER
    0, -- currentAssociationNumberLineNumber : INTEGER
    0, -- currentAssociationNumberColumn : INTEGER
    0, -- currentAssociationPhraseLineNumber : INTEGER
    0, -- currentAssociationPhraseColumn : INTEGER
    0, -- currentDataTypeNameLineNumber : INTEGER
    0, -- currentDataTypeNameColumn : INTEGER
    0, -- blockInStackFrameCreated : BOOLEAN
    "411d957c-05ac-453d-bfd2-a3ced7a2e7b9", -- Action_ID : UNIQUE_ID
    "141ea77e-7d5e-44b4-a5ec-e8f49f0171dd" -- Parsed_Action_ID : UNIQUE_ID
);
INSERT INTO ACT_BLK VALUES (
    "a171a4fe-70c8-45fd-be32-a5f3d91794ac", -- Block_ID : UNIQUE_ID
    0, -- WhereSpecOK : BOOLEAN
    0, -- InWhereSpec : BOOLEAN
    0, -- SelectedFound : BOOLEAN
    '', -- TempBuffer : STRING
    '', -- SupData1 : STRING
    '', -- SupData2 : STRING
    0, -- CurrentLine : INTEGER
    0, -- CurrentCol : INTEGER
    0, -- currentKeyLettersLineNumber : INTEGER
    0, -- currentKeyLettersColumn : INTEGER
    0, -- currentParameterAssignmentNameLineNumber : INTEGER
    0, -- currentParameterAssignmentNameColumn : INTEGER
    0, -- currentAssociationNumberLineNumber : INTEGER
    0, -- currentAssociationNumberColumn : INTEGER
    0, -- currentAssociationPhraseLineNumber : INTEGER
    0, -- currentAssociationPhraseColumn : INTEGER
    0, -- currentDataTypeNameLineNumber : INTEGER
    0, -- currentDataTypeNameColumn : INTEGER
    0, -- blockInStackFrameCreated : BOOLEAN
    "dc80cba4-4f7e-4365-8355-59d4e4a6ba8e", -- Action_ID : UNIQUE_ID
    "640bfde8-ea15-4c89-8786-6225ea255624" -- Parsed_Action_ID : UNIQUE_ID
);
INSERT INTO ACT_BLK VALUES (
    "9c243d8c-5a60-4fbf-8302-17d8f56ecbef", -- Block_ID : UNIQUE_ID
    0, -- WhereSpecOK : BOOLEAN
    0, -- InWhereSpec : BOOLEAN
    0, -- SelectedFound : BOOLEAN
    '', -- TempBuffer : STRING
    '', -- SupData1 : STRING
    '', -- SupData2 : STRING
    0, -- CurrentLine : INTEGER
    0, -- CurrentCol : INTEGER
    0, -- currentKeyLettersLineNumber : INTEGER
    0, -- currentKeyLettersColumn : INTEGER
    0, -- currentParameterAssignmentNameLineNumber : INTEGER
    0, -- currentParameterAssignmentNameColumn : INTEGER
    0, -- currentAssociationNumberLineNumber : INTEGER
    0, -- currentAssociationNumberColumn : INTEGER
    0, -- currentAssociationPhraseLineNumber : INTEGER
    0, -- currentAssociationPhraseColumn : INTEGER
    0, -- currentDataTypeNameLineNumber : INTEGER
    0, -- currentDataTypeNameColumn : INTEGER
    0, -- blockInStackFrameCreated : BOOLEAN
    "b853be2a-6b15-4970-b8c0-f233205e43cd", -- Action_ID : UNIQUE_ID
    "55d14e18-5800-47b8-9fd6-a1b14fe3c7b5" -- Parsed_Action_ID : UNIQUE_ID
);
INSERT INTO ACT_BLK VALUES (
    "d6c5d6b9-57bc-4344-a80b-069f933317d1", -- Block_ID : UNIQUE_ID
    0, -- WhereSpecOK : BOOLEAN
    0, -- InWhereSpec : BOOLEAN
    0, -- SelectedFound : BOOLEAN
    '', -- TempBuffer : STRING
    '', -- SupData1 : STRING
    '', -- SupData2 : STRING
    0, -- CurrentLine : INTEGER
    0, -- CurrentCol : INTEGER
    0, -- currentKeyLettersLineNumber : INTEGER
    0, -- currentKeyLettersColumn : INTEGER
    0, -- currentParameterAssignmentNameLineNumber : INTEGER
    0, -- currentParameterAssignmentNameColumn : INTEGER
    0, -- currentAssociationNumberLineNumber : INTEGER
    0, -- currentAssociationNumberColumn : INTEGER
    0, -- currentAssociationPhraseLineNumber : INTEGER
    0, -- currentAssociationPhraseColumn : INTEGER
    0, -- currentDataTypeNameLineNumber : INTEGER
    0, -- currentDataTypeNameColumn : INTEGER
    0, -- blockInStackFrameCreated : BOOLEAN
    "7dcac845-4d49-4986-9959-03c0c8ba0e70", -- Action_ID : UNIQUE_ID
    "19ec87ad-341a-4437-8161-87ce2f2babb8" -- Parsed_Action_ID : UNIQUE_ID
);
INSERT INTO ACT_BLK VALUES (
    "4a3c196e-3018-4d2f-8f74-3d295007a375", -- Block_ID : UNIQUE_ID
    0, -- WhereSpecOK : BOOLEAN
    0, -- InWhereSpec : BOOLEAN
    0, -- SelectedFound : BOOLEAN
    '', -- TempBuffer : STRING
    '', -- SupData1 : STRING
    '', -- SupData2 : STRING
    0, -- CurrentLine : INTEGER
    0, -- CurrentCol : INTEGER
    0, -- currentKeyLettersLineNumber : INTEGER
    0, -- currentKeyLettersColumn : INTEGER
    0, -- currentParameterAssignmentNameLineNumber : INTEGER
    0, -- currentParameterAssignmentNameColumn : INTEGER
    0, -- currentAssociationNumberLineNumber : INTEGER
    0, -- currentAssociationNumberColumn : INTEGER
    0, -- currentAssociationPhraseLineNumber : INTEGER
    0, -- currentAssociationPhraseColumn : INTEGER
    0, -- currentDataTypeNameLineNumber : INTEGER
    0, -- currentDataTypeNameColumn : INTEGER
    0, -- blockInStackFrameCreated : BOOLEAN
    "dfba8e17-f3af-4fc8-abab-a0ed23710dee", -- Action_ID : UNIQUE_ID
    "c6aef180-0988-48d3-bc0a-964965ca39b1" -- Parsed_Action_ID : UNIQUE_ID
);
INSERT INTO ACT_BLK VALUES (
    "435956b6-b19b-471a-a8fe-85eaae24b031", -- Block_ID : UNIQUE_ID
    0, -- WhereSpecOK : BOOLEAN
    0, -- InWhereSpec : BOOLEAN
    0, -- SelectedFound : BOOLEAN
    '', -- TempBuffer : STRING
    '', -- SupData1 : STRING
    '', -- SupData2 : STRING
    0, -- CurrentLine : INTEGER
    0, -- CurrentCol : INTEGER
    0, -- currentKeyLettersLineNumber : INTEGER
    0, -- currentKeyLettersColumn : INTEGER
    0, -- currentParameterAssignmentNameLineNumber : INTEGER
    0, -- currentParameterAssignmentNameColumn : INTEGER
    0, -- currentAssociationNumberLineNumber : INTEGER
    0, -- currentAssociationNumberColumn : INTEGER
    0, -- currentAssociationPhraseLineNumber : INTEGER
    0, -- currentAssociationPhraseColumn : INTEGER
    0, -- currentDataTypeNameLineNumber : INTEGER
    0, -- currentDataTypeNameColumn : INTEGER
    0, -- blockInStackFrameCreated : BOOLEAN
    "b7c4efa3-af28-429e-8e41-720a84d98046", -- Action_ID : UNIQUE_ID
    "b02190de-82c2-4887-9b43-ac55d829d20c" -- Parsed_Action_ID : UNIQUE_ID
);
INSERT INTO ACT_BLK VALUES (
    "7152dd6f-b315-4881-a591-3cf860d25abf", -- Block_ID : UNIQUE_ID
    0, -- WhereSpecOK : BOOLEAN
    0, -- InWhereSpec : BOOLEAN
    0, -- SelectedFound : BOOLEAN
    '', -- TempBuffer : STRING
    '', -- SupData1 : STRING
    '', -- SupData2 : STRING
    0, -- CurrentLine : INTEGER
    0, -- CurrentCol : INTEGER
    0, -- currentKeyLettersLineNumber : INTEGER
    0, -- currentKeyLettersColumn : INTEGER
    0, -- currentParameterAssignmentNameLineNumber : INTEGER
    0, -- currentParameterAssignmentNameColumn : INTEGER
    0, -- currentAssociationNumberLineNumber : INTEGER
    0, -- currentAssociationNumberColumn : INTEGER
    0, -- currentAssociationPhraseLineNumber : INTEGER
    0, -- currentAssociationPhraseColumn : INTEGER
    0, -- currentDataTypeNameLineNumber : INTEGER
    0, -- currentDataTypeNameColumn : INTEGER
    0, -- blockInStackFrameCreated : BOOLEAN
    "4bfa1929-26d5-40b8-a291-356011b6f294", -- Action_ID : UNIQUE_ID
    "4e6a32b0-bb8c-4919-8de1-fc9c5093aac9" -- Parsed_Action_ID : UNIQUE_ID
);
INSERT INTO ACT_BLK VALUES (
    "a1eae218-2cf6-49e8-a5a2-deefb4087721", -- Block_ID : UNIQUE_ID
    0, -- WhereSpecOK : BOOLEAN
    0, -- InWhereSpec : BOOLEAN
    0, -- SelectedFound : BOOLEAN
    '', -- TempBuffer : STRING
    '', -- SupData1 : STRING
    '', -- SupData2 : STRING
    0, -- CurrentLine : INTEGER
    0, -- CurrentCol : INTEGER
    0, -- currentKeyLettersLineNumber : INTEGER
    0, -- currentKeyLettersColumn : INTEGER
    0, -- currentParameterAssignmentNameLineNumber : INTEGER
    0, -- currentParameterAssignmentNameColumn : INTEGER
    0, -- currentAssociationNumberLineNumber : INTEGER
    0, -- currentAssociationNumberColumn : INTEGER
    0, -- currentAssociationPhraseLineNumber : INTEGER
    0, -- currentAssociationPhraseColumn : INTEGER
    0, -- currentDataTypeNameLineNumber : INTEGER
    0, -- currentDataTypeNameColumn : INTEGER
    0, -- blockInStackFrameCreated : BOOLEAN
    "b984e3f2-4940-4384-917b-a0704f41b2ce", -- Action_ID : UNIQUE_ID
    "0f7fa452-ed51-41f3-acfd-37e169302364" -- Parsed_Action_ID : UNIQUE_ID
);
INSERT INTO ACT_BLK VALUES (
    "938577d4-06e0-45a1-9042-92e22466586e", -- Block_ID : UNIQUE_ID
    0, -- WhereSpecOK : BOOLEAN
    0, -- InWhereSpec : BOOLEAN
    0, -- SelectedFound : BOOLEAN
    '', -- TempBuffer : STRING
    '', -- SupData1 : STRING
    '', -- SupData2 : STRING
    0, -- CurrentLine : INTEGER
    0, -- CurrentCol : INTEGER
    0, -- currentKeyLettersLineNumber : INTEGER
    0, -- currentKeyLettersColumn : INTEGER
    0, -- currentParameterAssignmentNameLineNumber : INTEGER
    0, -- currentParameterAssignmentNameColumn : INTEGER
    0, -- currentAssociationNumberLineNumber : INTEGER
    0, -- currentAssociationNumberColumn : INTEGER
    0, -- currentAssociationPhraseLineNumber : INTEGER
    0, -- currentAssociationPhraseColumn : INTEGER
    0, -- currentDataTypeNameLineNumber : INTEGER
    0, -- currentDataTypeNameColumn : INTEGER
    0, -- blockInStackFrameCreated : BOOLEAN
    "4aef120d-4ffe-476a-b99e-1491f5ccb480", -- Action_ID : UNIQUE_ID
    "9b665252-54e4-476f-9ce1-3089d6000f3c" -- Parsed_Action_ID : UNIQUE_ID
);
INSERT INTO ACT_BLK VALUES (
    "6dbe382b-621f-428f-a229-be0098625a16", -- Block_ID : UNIQUE_ID
    0, -- WhereSpecOK : BOOLEAN
    0, -- InWhereSpec : BOOLEAN
    0, -- SelectedFound : BOOLEAN
    '', -- TempBuffer : STRING
    '', -- SupData1 : STRING
    '', -- SupData2 : STRING
    0, -- CurrentLine : INTEGER
    0, -- CurrentCol : INTEGER
    0, -- currentKeyLettersLineNumber : INTEGER
    0, -- currentKeyLettersColumn : INTEGER
    0, -- currentParameterAssignmentNameLineNumber : INTEGER
    0, -- currentParameterAssignmentNameColumn : INTEGER
    0, -- currentAssociationNumberLineNumber : INTEGER
    0, -- currentAssociationNumberColumn : INTEGER
    0, -- currentAssociationPhraseLineNumber : INTEGER
    0, -- currentAssociationPhraseColumn : INTEGER
    0, -- currentDataTypeNameLineNumber : INTEGER
    0, -- currentDataTypeNameColumn : INTEGER
    0, -- blockInStackFrameCreated : BOOLEAN
    "7a04d9ac-b969-42fa-b1df-ed760d24f1a2", -- Action_ID : UNIQUE_ID
    "e6b79492-47ba-4030-9d9c-dd71bc3e064a" -- Parsed_Action_ID : UNIQUE_ID
);
INSERT INTO ACT_BLK VALUES (
    "8f762c10-43ed-4853-bbf9-07787e63f256", -- Block_ID : UNIQUE_ID
    0, -- WhereSpecOK : BOOLEAN
    0, -- InWhereSpec : BOOLEAN
    0, -- SelectedFound : BOOLEAN
    '', -- TempBuffer : STRING
    '', -- SupData1 : STRING
    '', -- SupData2 : STRING
    0, -- CurrentLine : INTEGER
    0, -- CurrentCol : INTEGER
    0, -- currentKeyLettersLineNumber : INTEGER
    0, -- currentKeyLettersColumn : INTEGER
    0, -- currentParameterAssignmentNameLineNumber : INTEGER
    0, -- currentParameterAssignmentNameColumn : INTEGER
    0, -- currentAssociationNumberLineNumber : INTEGER
    0, -- currentAssociationNumberColumn : INTEGER
    0, -- currentAssociationPhraseLineNumber : INTEGER
    0, -- currentAssociationPhraseColumn : INTEGER
    0, -- currentDataTypeNameLineNumber : INTEGER
    0, -- currentDataTypeNameColumn : INTEGER
    0, -- blockInStackFrameCreated : BOOLEAN
    "aae8d7cd-7286-42fb-9a9c-8d1af9bccd79", -- Action_ID : UNIQUE_ID
    "c2b4e18c-9f9a-49bf-98b5-38ca6efa4776" -- Parsed_Action_ID : UNIQUE_ID
);
INSERT INTO ACT_BLK VALUES (
    "422008ca-1c0f-4218-b2ea-2245b091b5c5", -- Block_ID : UNIQUE_ID
    0, -- WhereSpecOK : BOOLEAN
    0, -- InWhereSpec : BOOLEAN
    0, -- SelectedFound : BOOLEAN
    '', -- TempBuffer : STRING
    '', -- SupData1 : STRING
    '', -- SupData2 : STRING
    0, -- CurrentLine : INTEGER
    0, -- CurrentCol : INTEGER
    0, -- currentKeyLettersLineNumber : INTEGER
    0, -- currentKeyLettersColumn : INTEGER
    0, -- currentParameterAssignmentNameLineNumber : INTEGER
    0, -- currentParameterAssignmentNameColumn : INTEGER
    0, -- currentAssociationNumberLineNumber : INTEGER
    0, -- currentAssociationNumberColumn : INTEGER
    0, -- currentAssociationPhraseLineNumber : INTEGER
    0, -- currentAssociationPhraseColumn : INTEGER
    0, -- currentDataTypeNameLineNumber : INTEGER
    0, -- currentDataTypeNameColumn : INTEGER
    0, -- blockInStackFrameCreated : BOOLEAN
    "2c2295dc-cdfe-4931-b1e7-b8eb72698d48", -- Action_ID : UNIQUE_ID
    "6b5258fa-3b50-4158-ad80-5af0309c4f55" -- Parsed_Action_ID : UNIQUE_ID
);
INSERT INTO ACT_BLK VALUES (
    "cdb5a962-2f82-46e7-8199-76d53cc946fc", -- Block_ID : UNIQUE_ID
    0, -- WhereSpecOK : BOOLEAN
    0, -- InWhereSpec : BOOLEAN
    0, -- SelectedFound : BOOLEAN
    '', -- TempBuffer : STRING
    '', -- SupData1 : STRING
    '', -- SupData2 : STRING
    0, -- CurrentLine : INTEGER
    0, -- CurrentCol : INTEGER
    0, -- currentKeyLettersLineNumber : INTEGER
    0, -- currentKeyLettersColumn : INTEGER
    0, -- currentParameterAssignmentNameLineNumber : INTEGER
    0, -- currentParameterAssignmentNameColumn : INTEGER
    0, -- currentAssociationNumberLineNumber : INTEGER
    0, -- currentAssociationNumberColumn : INTEGER
    0, -- currentAssociationPhraseLineNumber : INTEGER
    0, -- currentAssociationPhraseColumn : INTEGER
    0, -- currentDataTypeNameLineNumber : INTEGER
    0, -- currentDataTypeNameColumn : INTEGER
    0, -- blockInStackFrameCreated : BOOLEAN
    "2c2295dc-cdfe-4931-b1e7-b8eb72698d48", -- Action_ID : UNIQUE_ID
    "a0ca13c4-25e4-49be-9b68-b008cc6fb104" -- Parsed_Action_ID : UNIQUE_ID
);
INSERT INTO ACT_BLK VALUES (
    "9a21fef8-0491-46eb-a312-bfb3974f7ef7", -- Block_ID : UNIQUE_ID
    0, -- WhereSpecOK : BOOLEAN
    0, -- InWhereSpec : BOOLEAN
    0, -- SelectedFound : BOOLEAN
    '', -- TempBuffer : STRING
    '', -- SupData1 : STRING
    '', -- SupData2 : STRING
    0, -- CurrentLine : INTEGER
    0, -- CurrentCol : INTEGER
    0, -- currentKeyLettersLineNumber : INTEGER
    0, -- currentKeyLettersColumn : INTEGER
    0, -- currentParameterAssignmentNameLineNumber : INTEGER
    0, -- currentParameterAssignmentNameColumn : INTEGER
    0, -- currentAssociationNumberLineNumber : INTEGER
    0, -- currentAssociationNumberColumn : INTEGER
    0, -- currentAssociationPhraseLineNumber : INTEGER
    0, -- currentAssociationPhraseColumn : INTEGER
    0, -- currentDataTypeNameLineNumber : INTEGER
    0, -- currentDataTypeNameColumn : INTEGER
    0, -- blockInStackFrameCreated : BOOLEAN
    "007f4454-e36e-4943-9279-55e1fa12116b", -- Action_ID : UNIQUE_ID
    "5742790b-3165-4e93-bc3f-dd795364de92" -- Parsed_Action_ID : UNIQUE_ID
);
INSERT INTO ACT_BLK VALUES (
    "ee7da33c-11f7-451f-99b6-9962f4803811", -- Block_ID : UNIQUE_ID
    0, -- WhereSpecOK : BOOLEAN
    0, -- InWhereSpec : BOOLEAN
    0, -- SelectedFound : BOOLEAN
    '', -- TempBuffer : STRING
    '', -- SupData1 : STRING
    '', -- SupData2 : STRING
    0, -- CurrentLine : INTEGER
    0, -- CurrentCol : INTEGER
    0, -- currentKeyLettersLineNumber : INTEGER
    0, -- currentKeyLettersColumn : INTEGER
    0, -- currentParameterAssignmentNameLineNumber : INTEGER
    0, -- currentParameterAssignmentNameColumn : INTEGER
    0, -- currentAssociationNumberLineNumber : INTEGER
    0, -- currentAssociationNumberColumn : INTEGER
    0, -- currentAssociationPhraseLineNumber : INTEGER
    0, -- currentAssociationPhraseColumn : INTEGER
    0, -- currentDataTypeNameLineNumber : INTEGER
    0, -- currentDataTypeNameColumn : INTEGER
    0, -- blockInStackFrameCreated : BOOLEAN
    "71ed5acc-dd07-4a82-a732-5f11c345a283", -- Action_ID : UNIQUE_ID
    "364c336a-bcae-4fc0-9d8c-abac5e806c85" -- Parsed_Action_ID : UNIQUE_ID
);
INSERT INTO ACT_BLK VALUES (
    "49adde1e-e9cc-4ffc-b442-63bc0adc306a", -- Block_ID : UNIQUE_ID
    0, -- WhereSpecOK : BOOLEAN
    0, -- InWhereSpec : BOOLEAN
    0, -- SelectedFound : BOOLEAN
    '', -- TempBuffer : STRING
    '', -- SupData1 : STRING
    '', -- SupData2 : STRING
    0, -- CurrentLine : INTEGER
    0, -- CurrentCol : INTEGER
    0, -- currentKeyLettersLineNumber : INTEGER
    0, -- currentKeyLettersColumn : INTEGER
    0, -- currentParameterAssignmentNameLineNumber : INTEGER
    0, -- currentParameterAssignmentNameColumn : INTEGER
    0, -- currentAssociationNumberLineNumber : INTEGER
    0, -- currentAssociationNumberColumn : INTEGER
    0, -- currentAssociationPhraseLineNumber : INTEGER
    0, -- currentAssociationPhraseColumn : INTEGER
    0, -- currentDataTypeNameLineNumber : INTEGER
    0, -- currentDataTypeNameColumn : INTEGER
    0, -- blockInStackFrameCreated : BOOLEAN
    "b0f9c43a-11eb-45e4-b26c-958b7b70a8c5", -- Action_ID : UNIQUE_ID
    "fb34e529-df92-4fcc-8630-c074178087a2" -- Parsed_Action_ID : UNIQUE_ID
);
INSERT INTO ACT_BLK VALUES (
    "5cf1415f-ebe1-4872-8682-541536e08984", -- Block_ID : UNIQUE_ID
    0, -- WhereSpecOK : BOOLEAN
    0, -- InWhereSpec : BOOLEAN
    0, -- SelectedFound : BOOLEAN
    '', -- TempBuffer : STRING
    '', -- SupData1 : STRING
    '', -- SupData2 : STRING
    0, -- CurrentLine : INTEGER
    0, -- CurrentCol : INTEGER
    0, -- currentKeyLettersLineNumber : INTEGER
    0, -- currentKeyLettersColumn : INTEGER
    0, -- currentParameterAssignmentNameLineNumber : INTEGER
    0, -- currentParameterAssignmentNameColumn : INTEGER
    0, -- currentAssociationNumberLineNumber : INTEGER
    0, -- currentAssociationNumberColumn : INTEGER
    0, -- currentAssociationPhraseLineNumber : INTEGER
    0, -- currentAssociationPhraseColumn : INTEGER
    0, -- currentDataTypeNameLineNumber : INTEGER
    0, -- currentDataTypeNameColumn : INTEGER
    0, -- blockInStackFrameCreated : BOOLEAN
    "c12ad9c1-6423-4150-a82a-7678249cfb33", -- Action_ID : UNIQUE_ID
    "721c67ec-09e3-4f58-a6ff-d94fe3d1d7cb" -- Parsed_Action_ID : UNIQUE_ID
);
INSERT INTO ACT_BLK VALUES (
    "177dcf9b-af42-4950-8d07-b3e10d2593e8", -- Block_ID : UNIQUE_ID
    0, -- WhereSpecOK : BOOLEAN
    0, -- InWhereSpec : BOOLEAN
    0, -- SelectedFound : BOOLEAN
    '', -- TempBuffer : STRING
    '', -- SupData1 : STRING
    '', -- SupData2 : STRING
    0, -- CurrentLine : INTEGER
    0, -- CurrentCol : INTEGER
    0, -- currentKeyLettersLineNumber : INTEGER
    0, -- currentKeyLettersColumn : INTEGER
    0, -- currentParameterAssignmentNameLineNumber : INTEGER
    0, -- currentParameterAssignmentNameColumn : INTEGER
    0, -- currentAssociationNumberLineNumber : INTEGER
    0, -- currentAssociationNumberColumn : INTEGER
    0, -- currentAssociationPhraseLineNumber : INTEGER
    0, -- currentAssociationPhraseColumn : INTEGER
    0, -- currentDataTypeNameLineNumber : INTEGER
    0, -- currentDataTypeNameColumn : INTEGER
    0, -- blockInStackFrameCreated : BOOLEAN
    "63cecdd7-eca2-4cbd-a74f-cf2a13523716", -- Action_ID : UNIQUE_ID
    "fdb0d521-a8b3-474b-bcfd-2a21592d09fc" -- Parsed_Action_ID : UNIQUE_ID
);
INSERT INTO ACT_BLK VALUES (
    "200781f5-9c75-47db-90d0-1fb48807bc92", -- Block_ID : UNIQUE_ID
    0, -- WhereSpecOK : BOOLEAN
    0, -- InWhereSpec : BOOLEAN
    0, -- SelectedFound : BOOLEAN
    '', -- TempBuffer : STRING
    '', -- SupData1 : STRING
    '', -- SupData2 : STRING
    0, -- CurrentLine : INTEGER
    0, -- CurrentCol : INTEGER
    0, -- currentKeyLettersLineNumber : INTEGER
    0, -- currentKeyLettersColumn : INTEGER
    0, -- currentParameterAssignmentNameLineNumber : INTEGER
    0, -- currentParameterAssignmentNameColumn : INTEGER
    0, -- currentAssociationNumberLineNumber : INTEGER
    0, -- currentAssociationNumberColumn : INTEGER
    0, -- currentAssociationPhraseLineNumber : INTEGER
    0, -- currentAssociationPhraseColumn : INTEGER
    0, -- currentDataTypeNameLineNumber : INTEGER
    0, -- currentDataTypeNameColumn : INTEGER
    0, -- blockInStackFrameCreated : BOOLEAN
    "f8192b6b-6b53-4d3c-bb8c-e800bea170a0", -- Action_ID : UNIQUE_ID
    "c5e8da02-df08-43cd-98dc-17a37a9a82c2" -- Parsed_Action_ID : UNIQUE_ID
);
INSERT INTO ACT_BLK VALUES (
    "8e7e9b26-03d6-455e-9489-41515a61605e", -- Block_ID : UNIQUE_ID
    0, -- WhereSpecOK : BOOLEAN
    0, -- InWhereSpec : BOOLEAN
    0, -- SelectedFound : BOOLEAN
    '', -- TempBuffer : STRING
    '', -- SupData1 : STRING
    '', -- SupData2 : STRING
    0, -- CurrentLine : INTEGER
    0, -- CurrentCol : INTEGER
    0, -- currentKeyLettersLineNumber : INTEGER
    0, -- currentKeyLettersColumn : INTEGER
    0, -- currentParameterAssignmentNameLineNumber : INTEGER
    0, -- currentParameterAssignmentNameColumn : INTEGER
    0, -- currentAssociationNumberLineNumber : INTEGER
    0, -- currentAssociationNumberColumn : INTEGER
    0, -- currentAssociationPhraseLineNumber : INTEGER
    0, -- currentAssociationPhraseColumn : INTEGER
    0, -- currentDataTypeNameLineNumber : INTEGER
    0, -- currentDataTypeNameColumn : INTEGER
    0, -- blockInStackFrameCreated : BOOLEAN
    "10bcb6d3-9bbc-4f3a-b215-98bd3475466c", -- Action_ID : UNIQUE_ID
    "529bb602-7642-4fb8-8f8d-7fa216539f9f" -- Parsed_Action_ID : UNIQUE_ID
);
INSERT INTO ACT_BLK VALUES (
    "addeb8ac-73d8-4479-b7bf-6f38829861da", -- Block_ID : UNIQUE_ID
    0, -- WhereSpecOK : BOOLEAN
    0, -- InWhereSpec : BOOLEAN
    0, -- SelectedFound : BOOLEAN
    '', -- TempBuffer : STRING
    '', -- SupData1 : STRING
    '', -- SupData2 : STRING
    0, -- CurrentLine : INTEGER
    0, -- CurrentCol : INTEGER
    0, -- currentKeyLettersLineNumber : INTEGER
    0, -- currentKeyLettersColumn : INTEGER
    0, -- currentParameterAssignmentNameLineNumber : INTEGER
    0, -- currentParameterAssignmentNameColumn : INTEGER
    0, -- currentAssociationNumberLineNumber : INTEGER
    0, -- currentAssociationNumberColumn : INTEGER
    0, -- currentAssociationPhraseLineNumber : INTEGER
    0, -- currentAssociationPhraseColumn : INTEGER
    0, -- currentDataTypeNameLineNumber : INTEGER
    0, -- currentDataTypeNameColumn : INTEGER
    0, -- blockInStackFrameCreated : BOOLEAN
    "7f552cad-68ca-4983-99ba-bf0ff6711d49", -- Action_ID : UNIQUE_ID
    "2edd0d35-83b9-4ede-bc58-48acc21ff462" -- Parsed_Action_ID : UNIQUE_ID
);
INSERT INTO ACT_BLK VALUES (
    "20fc32ef-8b33-499f-a883-21f0099ec636", -- Block_ID : UNIQUE_ID
    0, -- WhereSpecOK : BOOLEAN
    0, -- InWhereSpec : BOOLEAN
    0, -- SelectedFound : BOOLEAN
    '', -- TempBuffer : STRING
    '', -- SupData1 : STRING
    '', -- SupData2 : STRING
    0, -- CurrentLine : INTEGER
    0, -- CurrentCol : INTEGER
    0, -- currentKeyLettersLineNumber : INTEGER
    0, -- currentKeyLettersColumn : INTEGER
    0, -- currentParameterAssignmentNameLineNumber : INTEGER
    0, -- currentParameterAssignmentNameColumn : INTEGER
    0, -- currentAssociationNumberLineNumber : INTEGER
    0, -- currentAssociationNumberColumn : INTEGER
    0, -- currentAssociationPhraseLineNumber : INTEGER
    0, -- currentAssociationPhraseColumn : INTEGER
    0, -- currentDataTypeNameLineNumber : INTEGER
    0, -- currentDataTypeNameColumn : INTEGER
    0, -- blockInStackFrameCreated : BOOLEAN
    "3a3cc754-9621-4e74-94ad-4719892c9f0f", -- Action_ID : UNIQUE_ID
    "2dfdcf08-bac1-49c4-ba60-fbf65f6b6909" -- Parsed_Action_ID : UNIQUE_ID
);
INSERT INTO ACT_BLK VALUES (
    "0ac1cf28-52ed-43ef-b29e-2264d8943783", -- Block_ID : UNIQUE_ID
    0, -- WhereSpecOK : BOOLEAN
    0, -- InWhereSpec : BOOLEAN
    0, -- SelectedFound : BOOLEAN
    '', -- TempBuffer : STRING
    '', -- SupData1 : STRING
    '', -- SupData2 : STRING
    0, -- CurrentLine : INTEGER
    0, -- CurrentCol : INTEGER
    0, -- currentKeyLettersLineNumber : INTEGER
    0, -- currentKeyLettersColumn : INTEGER
    0, -- currentParameterAssignmentNameLineNumber : INTEGER
    0, -- currentParameterAssignmentNameColumn : INTEGER
    0, -- currentAssociationNumberLineNumber : INTEGER
    0, -- currentAssociationNumberColumn : INTEGER
    0, -- currentAssociationPhraseLineNumber : INTEGER
    0, -- currentAssociationPhraseColumn : INTEGER
    0, -- currentDataTypeNameLineNumber : INTEGER
    0, -- currentDataTypeNameColumn : INTEGER
    0, -- blockInStackFrameCreated : BOOLEAN
    "fe23f1c0-92d7-48b5-9c73-95f3f8275bde", -- Action_ID : UNIQUE_ID
    "36646142-ea69-4851-adcc-d0773dbc3748" -- Parsed_Action_ID : UNIQUE_ID
);
INSERT INTO ACT_BLK VALUES (
    "a43d8784-de73-45a5-9bbd-f46c4f709d4c", -- Block_ID : UNIQUE_ID
    0, -- WhereSpecOK : BOOLEAN
    0, -- InWhereSpec : BOOLEAN
    0, -- SelectedFound : BOOLEAN
    '', -- TempBuffer : STRING
    '', -- SupData1 : STRING
    '', -- SupData2 : STRING
    0, -- CurrentLine : INTEGER
    0, -- CurrentCol : INTEGER
    0, -- currentKeyLettersLineNumber : INTEGER
    0, -- currentKeyLettersColumn : INTEGER
    0, -- currentParameterAssignmentNameLineNumber : INTEGER
    0, -- currentParameterAssignmentNameColumn : INTEGER
    0, -- currentAssociationNumberLineNumber : INTEGER
    0, -- currentAssociationNumberColumn : INTEGER
    0, -- currentAssociationPhraseLineNumber : INTEGER
    0, -- currentAssociationPhraseColumn : INTEGER
    0, -- currentDataTypeNameLineNumber : INTEGER
    0, -- currentDataTypeNameColumn : INTEGER
    0, -- blockInStackFrameCreated : BOOLEAN
    "a1c8c1df-cb8a-4e80-93c7-0af7aa96a029", -- Action_ID : UNIQUE_ID
    "8a802b82-595d-437e-a3e7-86a76d03d21c" -- Parsed_Action_ID : UNIQUE_ID
);
INSERT INTO ACT_BLK VALUES (
    "a2982e92-7781-49b0-b200-4adf1eaa5d1c", -- Block_ID : UNIQUE_ID
    0, -- WhereSpecOK : BOOLEAN
    0, -- InWhereSpec : BOOLEAN
    0, -- SelectedFound : BOOLEAN
    '', -- TempBuffer : STRING
    '', -- SupData1 : STRING
    '', -- SupData2 : STRING
    0, -- CurrentLine : INTEGER
    0, -- CurrentCol : INTEGER
    0, -- currentKeyLettersLineNumber : INTEGER
    0, -- currentKeyLettersColumn : INTEGER
    0, -- currentParameterAssignmentNameLineNumber : INTEGER
    0, -- currentParameterAssignmentNameColumn : INTEGER
    0, -- currentAssociationNumberLineNumber : INTEGER
    0, -- currentAssociationNumberColumn : INTEGER
    0, -- currentAssociationPhraseLineNumber : INTEGER
    0, -- currentAssociationPhraseColumn : INTEGER
    0, -- currentDataTypeNameLineNumber : INTEGER
    0, -- currentDataTypeNameColumn : INTEGER
    0, -- blockInStackFrameCreated : BOOLEAN
    "fd45405d-0d7b-4a5c-b8e1-31d4b733e224", -- Action_ID : UNIQUE_ID
    "68a97e41-7978-49fa-b8cf-bf085ec6ebac" -- Parsed_Action_ID : UNIQUE_ID
);
INSERT INTO ACT_BLK VALUES (
    "a1e45241-c0cb-404d-bd43-1190516df0aa", -- Block_ID : UNIQUE_ID
    0, -- WhereSpecOK : BOOLEAN
    0, -- InWhereSpec : BOOLEAN
    0, -- SelectedFound : BOOLEAN
    '', -- TempBuffer : STRING
    '', -- SupData1 : STRING
    '', -- SupData2 : STRING
    0, -- CurrentLine : INTEGER
    0, -- CurrentCol : INTEGER
    0, -- currentKeyLettersLineNumber : INTEGER
    0, -- currentKeyLettersColumn : INTEGER
    0, -- currentParameterAssignmentNameLineNumber : INTEGER
    0, -- currentParameterAssignmentNameColumn : INTEGER
    0, -- currentAssociationNumberLineNumber : INTEGER
    0, -- currentAssociationNumberColumn : INTEGER
    0, -- currentAssociationPhraseLineNumber : INTEGER
    0, -- currentAssociationPhraseColumn : INTEGER
    0, -- currentDataTypeNameLineNumber : INTEGER
    0, -- currentDataTypeNameColumn : INTEGER
    0, -- blockInStackFrameCreated : BOOLEAN
    "e2f24144-e0f9-4330-853f-edb998f6dd5e", -- Action_ID : UNIQUE_ID
    "3f0594b5-6339-4a97-9d17-3add2204c2de" -- Parsed_Action_ID : UNIQUE_ID
);
INSERT INTO ACT_BLK VALUES (
    "7481f284-f568-490b-bcd8-a3b030e069a2", -- Block_ID : UNIQUE_ID
    0, -- WhereSpecOK : BOOLEAN
    0, -- InWhereSpec : BOOLEAN
    0, -- SelectedFound : BOOLEAN
    '', -- TempBuffer : STRING
    '', -- SupData1 : STRING
    '', -- SupData2 : STRING
    0, -- CurrentLine : INTEGER
    0, -- CurrentCol : INTEGER
    0, -- currentKeyLettersLineNumber : INTEGER
    0, -- currentKeyLettersColumn : INTEGER
    0, -- currentParameterAssignmentNameLineNumber : INTEGER
    0, -- currentParameterAssignmentNameColumn : INTEGER
    0, -- currentAssociationNumberLineNumber : INTEGER
    0, -- currentAssociationNumberColumn : INTEGER
    0, -- currentAssociationPhraseLineNumber : INTEGER
    0, -- currentAssociationPhraseColumn : INTEGER
    0, -- currentDataTypeNameLineNumber : INTEGER
    0, -- currentDataTypeNameColumn : INTEGER
    0, -- blockInStackFrameCreated : BOOLEAN
    "6943440f-307a-4678-98d4-3a86641903fb", -- Action_ID : UNIQUE_ID
    "7f28884c-c593-4ee2-b15d-ee2c3d537d78" -- Parsed_Action_ID : UNIQUE_ID
);
INSERT INTO ACT_BLK VALUES (
    "afdaa831-122a-4940-abd8-e18562fcbd26", -- Block_ID : UNIQUE_ID
    0, -- WhereSpecOK : BOOLEAN
    0, -- InWhereSpec : BOOLEAN
    0, -- SelectedFound : BOOLEAN
    '', -- TempBuffer : STRING
    '', -- SupData1 : STRING
    '', -- SupData2 : STRING
    0, -- CurrentLine : INTEGER
    0, -- CurrentCol : INTEGER
    0, -- currentKeyLettersLineNumber : INTEGER
    0, -- currentKeyLettersColumn : INTEGER
    0, -- currentParameterAssignmentNameLineNumber : INTEGER
    0, -- currentParameterAssignmentNameColumn : INTEGER
    0, -- currentAssociationNumberLineNumber : INTEGER
    0, -- currentAssociationNumberColumn : INTEGER
    0, -- currentAssociationPhraseLineNumber : INTEGER
    0, -- currentAssociationPhraseColumn : INTEGER
    0, -- currentDataTypeNameLineNumber : INTEGER
    0, -- currentDataTypeNameColumn : INTEGER
    0, -- blockInStackFrameCreated : BOOLEAN
    "fdcc944b-10d4-44aa-8c42-72a01624e9b7", -- Action_ID : UNIQUE_ID
    "462bf2c9-e852-4751-87cd-7b107a1f27c5" -- Parsed_Action_ID : UNIQUE_ID
);
INSERT INTO ACT_BLK VALUES (
    "466a61b2-e253-4470-9a2c-0d04e3a4f5b8", -- Block_ID : UNIQUE_ID
    0, -- WhereSpecOK : BOOLEAN
    0, -- InWhereSpec : BOOLEAN
    0, -- SelectedFound : BOOLEAN
    '', -- TempBuffer : STRING
    '', -- SupData1 : STRING
    '', -- SupData2 : STRING
    0, -- CurrentLine : INTEGER
    0, -- CurrentCol : INTEGER
    0, -- currentKeyLettersLineNumber : INTEGER
    0, -- currentKeyLettersColumn : INTEGER
    0, -- currentParameterAssignmentNameLineNumber : INTEGER
    0, -- currentParameterAssignmentNameColumn : INTEGER
    0, -- currentAssociationNumberLineNumber : INTEGER
    0, -- currentAssociationNumberColumn : INTEGER
    0, -- currentAssociationPhraseLineNumber : INTEGER
    0, -- currentAssociationPhraseColumn : INTEGER
    0, -- currentDataTypeNameLineNumber : INTEGER
    0, -- currentDataTypeNameColumn : INTEGER
    0, -- blockInStackFrameCreated : BOOLEAN
    "37fb67ad-2dfb-414f-9a2b-2c93043f6fee", -- Action_ID : UNIQUE_ID
    "e4c06b86-f0f3-439a-89f7-b3b3b85c12f8" -- Parsed_Action_ID : UNIQUE_ID
);
INSERT INTO ACT_BLK VALUES (
    "4936d9e6-9a24-48ab-b7e2-10c29221c8a1", -- Block_ID : UNIQUE_ID
    0, -- WhereSpecOK : BOOLEAN
    0, -- InWhereSpec : BOOLEAN
    0, -- SelectedFound : BOOLEAN
    '', -- TempBuffer : STRING
    '', -- SupData1 : STRING
    '', -- SupData2 : STRING
    0, -- CurrentLine : INTEGER
    0, -- CurrentCol : INTEGER
    0, -- currentKeyLettersLineNumber : INTEGER
    0, -- currentKeyLettersColumn : INTEGER
    0, -- currentParameterAssignmentNameLineNumber : INTEGER
    0, -- currentParameterAssignmentNameColumn : INTEGER
    0, -- currentAssociationNumberLineNumber : INTEGER
    0, -- currentAssociationNumberColumn : INTEGER
    0, -- currentAssociationPhraseLineNumber : INTEGER
    0, -- currentAssociationPhraseColumn : INTEGER
    0, -- currentDataTypeNameLineNumber : INTEGER
    0, -- currentDataTypeNameColumn : INTEGER
    0, -- blockInStackFrameCreated : BOOLEAN
    "e3fa4426-964e-4e55-90be-0f48c235c771", -- Action_ID : UNIQUE_ID
    "66255a99-d27d-4d0c-9950-c8352861adec" -- Parsed_Action_ID : UNIQUE_ID
);
INSERT INTO ACT_BLK VALUES (
    "eff534fa-3e64-4bcc-b83c-4f14ec2e94cb", -- Block_ID : UNIQUE_ID
    0, -- WhereSpecOK : BOOLEAN
    0, -- InWhereSpec : BOOLEAN
    0, -- SelectedFound : BOOLEAN
    '', -- TempBuffer : STRING
    '', -- SupData1 : STRING
    '', -- SupData2 : STRING
    0, -- CurrentLine : INTEGER
    0, -- CurrentCol : INTEGER
    0, -- currentKeyLettersLineNumber : INTEGER
    0, -- currentKeyLettersColumn : INTEGER
    0, -- currentParameterAssignmentNameLineNumber : INTEGER
    0, -- currentParameterAssignmentNameColumn : INTEGER
    0, -- currentAssociationNumberLineNumber : INTEGER
    0, -- currentAssociationNumberColumn : INTEGER
    0, -- currentAssociationPhraseLineNumber : INTEGER
    0, -- currentAssociationPhraseColumn : INTEGER
    0, -- currentDataTypeNameLineNumber : INTEGER
    0, -- currentDataTypeNameColumn : INTEGER
    0, -- blockInStackFrameCreated : BOOLEAN
    "3a737bf2-84f7-43b8-a1ba-a57d5f008aaa", -- Action_ID : UNIQUE_ID
    "a215610b-eb74-427a-b679-349c45940637" -- Parsed_Action_ID : UNIQUE_ID
);
INSERT INTO ACT_BLK VALUES (
    "bdbe596b-c13f-4ffb-bd2d-9c0cf9c33653", -- Block_ID : UNIQUE_ID
    0, -- WhereSpecOK : BOOLEAN
    0, -- InWhereSpec : BOOLEAN
    0, -- SelectedFound : BOOLEAN
    '', -- TempBuffer : STRING
    '', -- SupData1 : STRING
    '', -- SupData2 : STRING
    0, -- CurrentLine : INTEGER
    0, -- CurrentCol : INTEGER
    0, -- currentKeyLettersLineNumber : INTEGER
    0, -- currentKeyLettersColumn : INTEGER
    0, -- currentParameterAssignmentNameLineNumber : INTEGER
    0, -- currentParameterAssignmentNameColumn : INTEGER
    0, -- currentAssociationNumberLineNumber : INTEGER
    0, -- currentAssociationNumberColumn : INTEGER
    0, -- currentAssociationPhraseLineNumber : INTEGER
    0, -- currentAssociationPhraseColumn : INTEGER
    0, -- currentDataTypeNameLineNumber : INTEGER
    0, -- currentDataTypeNameColumn : INTEGER
    0, -- blockInStackFrameCreated : BOOLEAN
    "27c71223-6f75-4427-9750-aeb303b23d25", -- Action_ID : UNIQUE_ID
    "26c53359-57d8-42d6-bfcf-501192989b5d" -- Parsed_Action_ID : UNIQUE_ID
);
INSERT INTO ACT_BLK VALUES (
    "994b4842-e648-4368-b23f-cc82391a9ab5", -- Block_ID : UNIQUE_ID
    0, -- WhereSpecOK : BOOLEAN
    0, -- InWhereSpec : BOOLEAN
    0, -- SelectedFound : BOOLEAN
    '', -- TempBuffer : STRING
    '', -- SupData1 : STRING
    '', -- SupData2 : STRING
    0, -- CurrentLine : INTEGER
    0, -- CurrentCol : INTEGER
    0, -- currentKeyLettersLineNumber : INTEGER
    0, -- currentKeyLettersColumn : INTEGER
    0, -- currentParameterAssignmentNameLineNumber : INTEGER
    0, -- currentParameterAssignmentNameColumn : INTEGER
    0, -- currentAssociationNumberLineNumber : INTEGER
    0, -- currentAssociationNumberColumn : INTEGER
    0, -- currentAssociationPhraseLineNumber : INTEGER
    0, -- currentAssociationPhraseColumn : INTEGER
    0, -- currentDataTypeNameLineNumber : INTEGER
    0, -- currentDataTypeNameColumn : INTEGER
    0, -- blockInStackFrameCreated : BOOLEAN
    "d1a92944-117c-4434-aff3-c0491aa54753", -- Action_ID : UNIQUE_ID
    "8d4cb418-9448-42c3-bb11-756f33653daa" -- Parsed_Action_ID : UNIQUE_ID
);
INSERT INTO ACT_BLK VALUES (
    "f1545e99-a3a2-43e8-8a36-bf1854ad686d", -- Block_ID : UNIQUE_ID
    0, -- WhereSpecOK : BOOLEAN
    0, -- InWhereSpec : BOOLEAN
    0, -- SelectedFound : BOOLEAN
    '', -- TempBuffer : STRING
    '', -- SupData1 : STRING
    '', -- SupData2 : STRING
    0, -- CurrentLine : INTEGER
    0, -- CurrentCol : INTEGER
    0, -- currentKeyLettersLineNumber : INTEGER
    0, -- currentKeyLettersColumn : INTEGER
    0, -- currentParameterAssignmentNameLineNumber : INTEGER
    0, -- currentParameterAssignmentNameColumn : INTEGER
    0, -- currentAssociationNumberLineNumber : INTEGER
    0, -- currentAssociationNumberColumn : INTEGER
    0, -- currentAssociationPhraseLineNumber : INTEGER
    0, -- currentAssociationPhraseColumn : INTEGER
    0, -- currentDataTypeNameLineNumber : INTEGER
    0, -- currentDataTypeNameColumn : INTEGER
    0, -- blockInStackFrameCreated : BOOLEAN
    "aa2e4d93-95fe-47f3-9da1-b0ede7846ce1", -- Action_ID : UNIQUE_ID
    "371c2bc7-0a0a-45a6-8588-05df462ac5e1" -- Parsed_Action_ID : UNIQUE_ID
);
INSERT INTO ACT_BLK VALUES (
    "ec89e1a1-79ff-43bd-83b2-6bbb2d507bd1", -- Block_ID : UNIQUE_ID
    0, -- WhereSpecOK : BOOLEAN
    0, -- InWhereSpec : BOOLEAN
    0, -- SelectedFound : BOOLEAN
    '', -- TempBuffer : STRING
    '', -- SupData1 : STRING
    '', -- SupData2 : STRING
    0, -- CurrentLine : INTEGER
    0, -- CurrentCol : INTEGER
    0, -- currentKeyLettersLineNumber : INTEGER
    0, -- currentKeyLettersColumn : INTEGER
    0, -- currentParameterAssignmentNameLineNumber : INTEGER
    0, -- currentParameterAssignmentNameColumn : INTEGER
    0, -- currentAssociationNumberLineNumber : INTEGER
    0, -- currentAssociationNumberColumn : INTEGER
    0, -- currentAssociationPhraseLineNumber : INTEGER
    0, -- currentAssociationPhraseColumn : INTEGER
    0, -- currentDataTypeNameLineNumber : INTEGER
    0, -- currentDataTypeNameColumn : INTEGER
    0, -- blockInStackFrameCreated : BOOLEAN
    "ff08d12c-9cbc-4661-97d4-bd5b56f924b7", -- Action_ID : UNIQUE_ID
    "e379dbfe-a9bd-47c6-863d-698a8fd5a666" -- Parsed_Action_ID : UNIQUE_ID
);
INSERT INTO ACT_BLK VALUES (
    "b899bb69-6cff-4c26-9da9-8e322c494e91", -- Block_ID : UNIQUE_ID
    0, -- WhereSpecOK : BOOLEAN
    0, -- InWhereSpec : BOOLEAN
    0, -- SelectedFound : BOOLEAN
    '', -- TempBuffer : STRING
    '', -- SupData1 : STRING
    '', -- SupData2 : STRING
    0, -- CurrentLine : INTEGER
    0, -- CurrentCol : INTEGER
    0, -- currentKeyLettersLineNumber : INTEGER
    0, -- currentKeyLettersColumn : INTEGER
    0, -- currentParameterAssignmentNameLineNumber : INTEGER
    0, -- currentParameterAssignmentNameColumn : INTEGER
    0, -- currentAssociationNumberLineNumber : INTEGER
    0, -- currentAssociationNumberColumn : INTEGER
    0, -- currentAssociationPhraseLineNumber : INTEGER
    0, -- currentAssociationPhraseColumn : INTEGER
    0, -- currentDataTypeNameLineNumber : INTEGER
    0, -- currentDataTypeNameColumn : INTEGER
    0, -- blockInStackFrameCreated : BOOLEAN
    "0e7aecd5-635f-4e54-95ba-e5e596c091b4", -- Action_ID : UNIQUE_ID
    "be42798b-8e1d-4bee-b279-625dd581cde4" -- Parsed_Action_ID : UNIQUE_ID
);
INSERT INTO ACT_BLK VALUES (
    "f0e852dc-0bdf-4fd6-a5a8-2ee584aa87d0", -- Block_ID : UNIQUE_ID
    0, -- WhereSpecOK : BOOLEAN
    0, -- InWhereSpec : BOOLEAN
    0, -- SelectedFound : BOOLEAN
    '', -- TempBuffer : STRING
    '', -- SupData1 : STRING
    '', -- SupData2 : STRING
    0, -- CurrentLine : INTEGER
    0, -- CurrentCol : INTEGER
    0, -- currentKeyLettersLineNumber : INTEGER
    0, -- currentKeyLettersColumn : INTEGER
    0, -- currentParameterAssignmentNameLineNumber : INTEGER
    0, -- currentParameterAssignmentNameColumn : INTEGER
    0, -- currentAssociationNumberLineNumber : INTEGER
    0, -- currentAssociationNumberColumn : INTEGER
    0, -- currentAssociationPhraseLineNumber : INTEGER
    0, -- currentAssociationPhraseColumn : INTEGER
    0, -- currentDataTypeNameLineNumber : INTEGER
    0, -- currentDataTypeNameColumn : INTEGER
    0, -- blockInStackFrameCreated : BOOLEAN
    "dca46820-48f4-423d-ac26-6ace885b0820", -- Action_ID : UNIQUE_ID
    "0bd21cb5-8b24-452b-9370-ec40caa14b57" -- Parsed_Action_ID : UNIQUE_ID
);
INSERT INTO ACT_BLK VALUES (
    "1f803cbc-b068-45d8-9171-8c6633b5806f", -- Block_ID : UNIQUE_ID
    0, -- WhereSpecOK : BOOLEAN
    0, -- InWhereSpec : BOOLEAN
    0, -- SelectedFound : BOOLEAN
    '', -- TempBuffer : STRING
    '', -- SupData1 : STRING
    '', -- SupData2 : STRING
    0, -- CurrentLine : INTEGER
    0, -- CurrentCol : INTEGER
    0, -- currentKeyLettersLineNumber : INTEGER
    0, -- currentKeyLettersColumn : INTEGER
    0, -- currentParameterAssignmentNameLineNumber : INTEGER
    0, -- currentParameterAssignmentNameColumn : INTEGER
    0, -- currentAssociationNumberLineNumber : INTEGER
    0, -- currentAssociationNumberColumn : INTEGER
    0, -- currentAssociationPhraseLineNumber : INTEGER
    0, -- currentAssociationPhraseColumn : INTEGER
    0, -- currentDataTypeNameLineNumber : INTEGER
    0, -- currentDataTypeNameColumn : INTEGER
    0, -- blockInStackFrameCreated : BOOLEAN
    "7b677795-d7b2-4a59-88e5-2898a014d4fb", -- Action_ID : UNIQUE_ID
    "35bfbec4-3c32-4d4a-9afe-2e11ab825e87" -- Parsed_Action_ID : UNIQUE_ID
);
INSERT INTO ACT_BLK VALUES (
    "36c963e0-e7e3-40f3-95f5-80e7a589aa66", -- Block_ID : UNIQUE_ID
    0, -- WhereSpecOK : BOOLEAN
    0, -- InWhereSpec : BOOLEAN
    0, -- SelectedFound : BOOLEAN
    '', -- TempBuffer : STRING
    '', -- SupData1 : STRING
    '', -- SupData2 : STRING
    0, -- CurrentLine : INTEGER
    0, -- CurrentCol : INTEGER
    0, -- currentKeyLettersLineNumber : INTEGER
    0, -- currentKeyLettersColumn : INTEGER
    0, -- currentParameterAssignmentNameLineNumber : INTEGER
    0, -- currentParameterAssignmentNameColumn : INTEGER
    0, -- currentAssociationNumberLineNumber : INTEGER
    0, -- currentAssociationNumberColumn : INTEGER
    0, -- currentAssociationPhraseLineNumber : INTEGER
    0, -- currentAssociationPhraseColumn : INTEGER
    0, -- currentDataTypeNameLineNumber : INTEGER
    0, -- currentDataTypeNameColumn : INTEGER
    0, -- blockInStackFrameCreated : BOOLEAN
    "6694e9e7-44d6-404c-b022-1911ee05f401", -- Action_ID : UNIQUE_ID
    "208aa356-1b3f-4230-8bae-7c4e2aab02c3" -- Parsed_Action_ID : UNIQUE_ID
);
INSERT INTO ACT_BLK VALUES (
    "990c08d3-77f5-4da6-b897-9ca4d99afd84", -- Block_ID : UNIQUE_ID
    0, -- WhereSpecOK : BOOLEAN
    0, -- InWhereSpec : BOOLEAN
    0, -- SelectedFound : BOOLEAN
    '', -- TempBuffer : STRING
    '', -- SupData1 : STRING
    '', -- SupData2 : STRING
    0, -- CurrentLine : INTEGER
    0, -- CurrentCol : INTEGER
    0, -- currentKeyLettersLineNumber : INTEGER
    0, -- currentKeyLettersColumn : INTEGER
    0, -- currentParameterAssignmentNameLineNumber : INTEGER
    0, -- currentParameterAssignmentNameColumn : INTEGER
    0, -- currentAssociationNumberLineNumber : INTEGER
    0, -- currentAssociationNumberColumn : INTEGER
    0, -- currentAssociationPhraseLineNumber : INTEGER
    0, -- currentAssociationPhraseColumn : INTEGER
    0, -- currentDataTypeNameLineNumber : INTEGER
    0, -- currentDataTypeNameColumn : INTEGER
    0, -- blockInStackFrameCreated : BOOLEAN
    "eeef0066-4825-4258-995f-6b195f1aaa58", -- Action_ID : UNIQUE_ID
    "2a42bee9-77df-49ff-aedb-896942552296" -- Parsed_Action_ID : UNIQUE_ID
);
INSERT INTO ACT_BLK VALUES (
    "55d8f859-cf65-4da7-a591-99448832c017", -- Block_ID : UNIQUE_ID
    0, -- WhereSpecOK : BOOLEAN
    0, -- InWhereSpec : BOOLEAN
    0, -- SelectedFound : BOOLEAN
    '', -- TempBuffer : STRING
    '', -- SupData1 : STRING
    '', -- SupData2 : STRING
    0, -- CurrentLine : INTEGER
    0, -- CurrentCol : INTEGER
    0, -- currentKeyLettersLineNumber : INTEGER
    0, -- currentKeyLettersColumn : INTEGER
    0, -- currentParameterAssignmentNameLineNumber : INTEGER
    0, -- currentParameterAssignmentNameColumn : INTEGER
    0, -- currentAssociationNumberLineNumber : INTEGER
    0, -- currentAssociationNumberColumn : INTEGER
    0, -- currentAssociationPhraseLineNumber : INTEGER
    0, -- currentAssociationPhraseColumn : INTEGER
    0, -- currentDataTypeNameLineNumber : INTEGER
    0, -- currentDataTypeNameColumn : INTEGER
    0, -- blockInStackFrameCreated : BOOLEAN
    "8847ba41-dc29-41eb-b89b-af7007a34620", -- Action_ID : UNIQUE_ID
    "1403a652-cfb2-4a8b-9f24-e96c87c27e23" -- Parsed_Action_ID : UNIQUE_ID
);
INSERT INTO ACT_BLK VALUES (
    "d573499a-2a53-4e42-a7b2-68fcf161ffc2", -- Block_ID : UNIQUE_ID
    0, -- WhereSpecOK : BOOLEAN
    0, -- InWhereSpec : BOOLEAN
    0, -- SelectedFound : BOOLEAN
    '', -- TempBuffer : STRING
    '', -- SupData1 : STRING
    '', -- SupData2 : STRING
    0, -- CurrentLine : INTEGER
    0, -- CurrentCol : INTEGER
    0, -- currentKeyLettersLineNumber : INTEGER
    0, -- currentKeyLettersColumn : INTEGER
    0, -- currentParameterAssignmentNameLineNumber : INTEGER
    0, -- currentParameterAssignmentNameColumn : INTEGER
    0, -- currentAssociationNumberLineNumber : INTEGER
    0, -- currentAssociationNumberColumn : INTEGER
    0, -- currentAssociationPhraseLineNumber : INTEGER
    0, -- currentAssociationPhraseColumn : INTEGER
    0, -- currentDataTypeNameLineNumber : INTEGER
    0, -- currentDataTypeNameColumn : INTEGER
    0, -- blockInStackFrameCreated : BOOLEAN
    "79dc2ee6-fbb7-46f5-bb1d-ee51baad11d0", -- Action_ID : UNIQUE_ID
    "cb984437-990b-4809-b033-160ad863e8f8" -- Parsed_Action_ID : UNIQUE_ID
);
INSERT INTO ACT_BLK VALUES (
    "512f4f47-733c-48fd-b7de-d599abcc935a", -- Block_ID : UNIQUE_ID
    0, -- WhereSpecOK : BOOLEAN
    0, -- InWhereSpec : BOOLEAN
    0, -- SelectedFound : BOOLEAN
    '', -- TempBuffer : STRING
    '', -- SupData1 : STRING
    '', -- SupData2 : STRING
    0, -- CurrentLine : INTEGER
    0, -- CurrentCol : INTEGER
    0, -- currentKeyLettersLineNumber : INTEGER
    0, -- currentKeyLettersColumn : INTEGER
    0, -- currentParameterAssignmentNameLineNumber : INTEGER
    0, -- currentParameterAssignmentNameColumn : INTEGER
    0, -- currentAssociationNumberLineNumber : INTEGER
    0, -- currentAssociationNumberColumn : INTEGER
    0, -- currentAssociationPhraseLineNumber : INTEGER
    0, -- currentAssociationPhraseColumn : INTEGER
    0, -- currentDataTypeNameLineNumber : INTEGER
    0, -- currentDataTypeNameColumn : INTEGER
    0, -- blockInStackFrameCreated : BOOLEAN
    "2f40fe66-2f6d-4053-adde-daa3de52269e", -- Action_ID : UNIQUE_ID
    "9f3d0632-7353-487b-b715-3551d0b64668" -- Parsed_Action_ID : UNIQUE_ID
);
INSERT INTO ACT_BLK VALUES (
    "af747120-1fbf-48cc-899e-2150cc6ff950", -- Block_ID : UNIQUE_ID
    0, -- WhereSpecOK : BOOLEAN
    0, -- InWhereSpec : BOOLEAN
    0, -- SelectedFound : BOOLEAN
    '', -- TempBuffer : STRING
    '', -- SupData1 : STRING
    '', -- SupData2 : STRING
    0, -- CurrentLine : INTEGER
    0, -- CurrentCol : INTEGER
    0, -- currentKeyLettersLineNumber : INTEGER
    0, -- currentKeyLettersColumn : INTEGER
    0, -- currentParameterAssignmentNameLineNumber : INTEGER
    0, -- currentParameterAssignmentNameColumn : INTEGER
    0, -- currentAssociationNumberLineNumber : INTEGER
    0, -- currentAssociationNumberColumn : INTEGER
    0, -- currentAssociationPhraseLineNumber : INTEGER
    0, -- currentAssociationPhraseColumn : INTEGER
    0, -- currentDataTypeNameLineNumber : INTEGER
    0, -- currentDataTypeNameColumn : INTEGER
    0, -- blockInStackFrameCreated : BOOLEAN
    "8dabd217-6dd1-4842-be0b-b8eedd14013b", -- Action_ID : UNIQUE_ID
    "3692b3f0-bd0e-4bc3-9348-8d8b68d02e7a" -- Parsed_Action_ID : UNIQUE_ID
);
INSERT INTO ACT_BLK VALUES (
    "6e03569c-d0c0-41ea-8f8a-4b4d378a7126", -- Block_ID : UNIQUE_ID
    0, -- WhereSpecOK : BOOLEAN
    0, -- InWhereSpec : BOOLEAN
    0, -- SelectedFound : BOOLEAN
    '', -- TempBuffer : STRING
    '', -- SupData1 : STRING
    '', -- SupData2 : STRING
    0, -- CurrentLine : INTEGER
    0, -- CurrentCol : INTEGER
    0, -- currentKeyLettersLineNumber : INTEGER
    0, -- currentKeyLettersColumn : INTEGER
    0, -- currentParameterAssignmentNameLineNumber : INTEGER
    0, -- currentParameterAssignmentNameColumn : INTEGER
    0, -- currentAssociationNumberLineNumber : INTEGER
    0, -- currentAssociationNumberColumn : INTEGER
    0, -- currentAssociationPhraseLineNumber : INTEGER
    0, -- currentAssociationPhraseColumn : INTEGER
    0, -- currentDataTypeNameLineNumber : INTEGER
    0, -- currentDataTypeNameColumn : INTEGER
    0, -- blockInStackFrameCreated : BOOLEAN
    "8220143e-67b8-4184-86d8-03a6fd74f2c5", -- Action_ID : UNIQUE_ID
    "dee6c3fe-2c17-4b4f-b236-5f65ee22f625" -- Parsed_Action_ID : UNIQUE_ID
);
INSERT INTO ACT_BLK VALUES (
    "19509d52-9b5d-4254-9b53-5d536851a271", -- Block_ID : UNIQUE_ID
    0, -- WhereSpecOK : BOOLEAN
    0, -- InWhereSpec : BOOLEAN
    0, -- SelectedFound : BOOLEAN
    '', -- TempBuffer : STRING
    '', -- SupData1 : STRING
    '', -- SupData2 : STRING
    0, -- CurrentLine : INTEGER
    0, -- CurrentCol : INTEGER
    0, -- currentKeyLettersLineNumber : INTEGER
    0, -- currentKeyLettersColumn : INTEGER
    0, -- currentParameterAssignmentNameLineNumber : INTEGER
    0, -- currentParameterAssignmentNameColumn : INTEGER
    0, -- currentAssociationNumberLineNumber : INTEGER
    0, -- currentAssociationNumberColumn : INTEGER
    0, -- currentAssociationPhraseLineNumber : INTEGER
    0, -- currentAssociationPhraseColumn : INTEGER
    0, -- currentDataTypeNameLineNumber : INTEGER
    0, -- currentDataTypeNameColumn : INTEGER
    0, -- blockInStackFrameCreated : BOOLEAN
    "9d461128-47fa-4434-8286-89b1d935efa3", -- Action_ID : UNIQUE_ID
    "1310a2bd-2793-4d28-ad3e-005e113cdefe" -- Parsed_Action_ID : UNIQUE_ID
);
INSERT INTO ACT_BLK VALUES (
    "f7a2fee9-9693-4626-9061-80c47757f998", -- Block_ID : UNIQUE_ID
    0, -- WhereSpecOK : BOOLEAN
    0, -- InWhereSpec : BOOLEAN
    0, -- SelectedFound : BOOLEAN
    '', -- TempBuffer : STRING
    '', -- SupData1 : STRING
    '', -- SupData2 : STRING
    0, -- CurrentLine : INTEGER
    0, -- CurrentCol : INTEGER
    0, -- currentKeyLettersLineNumber : INTEGER
    0, -- currentKeyLettersColumn : INTEGER
    0, -- currentParameterAssignmentNameLineNumber : INTEGER
    0, -- currentParameterAssignmentNameColumn : INTEGER
    0, -- currentAssociationNumberLineNumber : INTEGER
    0, -- currentAssociationNumberColumn : INTEGER
    0, -- currentAssociationPhraseLineNumber : INTEGER
    0, -- currentAssociationPhraseColumn : INTEGER
    0, -- currentDataTypeNameLineNumber : INTEGER
    0, -- currentDataTypeNameColumn : INTEGER
    0, -- blockInStackFrameCreated : BOOLEAN
    "a43f8698-db84-4bc7-a56e-09ef1cddcc14", -- Action_ID : UNIQUE_ID
    "cd684475-4c76-4d05-a617-6ad2fd9ab254" -- Parsed_Action_ID : UNIQUE_ID
);
INSERT INTO ACT_BLK VALUES (
    "f8708e12-ab22-4668-b1dc-975e6e50924d", -- Block_ID : UNIQUE_ID
    0, -- WhereSpecOK : BOOLEAN
    0, -- InWhereSpec : BOOLEAN
    0, -- SelectedFound : BOOLEAN
    '', -- TempBuffer : STRING
    '', -- SupData1 : STRING
    '', -- SupData2 : STRING
    0, -- CurrentLine : INTEGER
    0, -- CurrentCol : INTEGER
    0, -- currentKeyLettersLineNumber : INTEGER
    0, -- currentKeyLettersColumn : INTEGER
    0, -- currentParameterAssignmentNameLineNumber : INTEGER
    0, -- currentParameterAssignmentNameColumn : INTEGER
    0, -- currentAssociationNumberLineNumber : INTEGER
    0, -- currentAssociationNumberColumn : INTEGER
    0, -- currentAssociationPhraseLineNumber : INTEGER
    0, -- currentAssociationPhraseColumn : INTEGER
    0, -- currentDataTypeNameLineNumber : INTEGER
    0, -- currentDataTypeNameColumn : INTEGER
    0, -- blockInStackFrameCreated : BOOLEAN
    "b4d66d66-6b67-4677-bb8b-fe6e243b5bf2", -- Action_ID : UNIQUE_ID
    "5cf3e39d-25df-4727-8625-b6b0f7188434" -- Parsed_Action_ID : UNIQUE_ID
);
INSERT INTO ACT_BLK VALUES (
    "b539ffc3-34e0-4bdf-801f-4fcd48d1dbe8", -- Block_ID : UNIQUE_ID
    0, -- WhereSpecOK : BOOLEAN
    0, -- InWhereSpec : BOOLEAN
    0, -- SelectedFound : BOOLEAN
    '', -- TempBuffer : STRING
    '', -- SupData1 : STRING
    '', -- SupData2 : STRING
    0, -- CurrentLine : INTEGER
    0, -- CurrentCol : INTEGER
    0, -- currentKeyLettersLineNumber : INTEGER
    0, -- currentKeyLettersColumn : INTEGER
    0, -- currentParameterAssignmentNameLineNumber : INTEGER
    0, -- currentParameterAssignmentNameColumn : INTEGER
    0, -- currentAssociationNumberLineNumber : INTEGER
    0, -- currentAssociationNumberColumn : INTEGER
    0, -- currentAssociationPhraseLineNumber : INTEGER
    0, -- currentAssociationPhraseColumn : INTEGER
    0, -- currentDataTypeNameLineNumber : INTEGER
    0, -- currentDataTypeNameColumn : INTEGER
    0, -- blockInStackFrameCreated : BOOLEAN
    "1cc3a984-5c34-431c-8206-0b090c2b959c", -- Action_ID : UNIQUE_ID
    "4fd8d36d-1548-4fff-b418-1f1bac735807" -- Parsed_Action_ID : UNIQUE_ID
);
INSERT INTO ACT_BLK VALUES (
    "fa76cbb4-b137-46f6-9986-f5069efabf2d", -- Block_ID : UNIQUE_ID
    0, -- WhereSpecOK : BOOLEAN
    0, -- InWhereSpec : BOOLEAN
    0, -- SelectedFound : BOOLEAN
    '', -- TempBuffer : STRING
    '', -- SupData1 : STRING
    '', -- SupData2 : STRING
    0, -- CurrentLine : INTEGER
    0, -- CurrentCol : INTEGER
    0, -- currentKeyLettersLineNumber : INTEGER
    0, -- currentKeyLettersColumn : INTEGER
    0, -- currentParameterAssignmentNameLineNumber : INTEGER
    0, -- currentParameterAssignmentNameColumn : INTEGER
    0, -- currentAssociationNumberLineNumber : INTEGER
    0, -- currentAssociationNumberColumn : INTEGER
    0, -- currentAssociationPhraseLineNumber : INTEGER
    0, -- currentAssociationPhraseColumn : INTEGER
    0, -- currentDataTypeNameLineNumber : INTEGER
    0, -- currentDataTypeNameColumn : INTEGER
    0, -- blockInStackFrameCreated : BOOLEAN
    "0e5ed006-1b5b-4bcd-a345-3341a8467412", -- Action_ID : UNIQUE_ID
    "3fda389d-7af6-4db8-84bc-f3e49e264dd8" -- Parsed_Action_ID : UNIQUE_ID
);
INSERT INTO ACT_BLK VALUES (
    "4be62531-1a62-46ce-8ee9-29197166b739", -- Block_ID : UNIQUE_ID
    0, -- WhereSpecOK : BOOLEAN
    0, -- InWhereSpec : BOOLEAN
    0, -- SelectedFound : BOOLEAN
    '', -- TempBuffer : STRING
    '', -- SupData1 : STRING
    '', -- SupData2 : STRING
    0, -- CurrentLine : INTEGER
    0, -- CurrentCol : INTEGER
    0, -- currentKeyLettersLineNumber : INTEGER
    0, -- currentKeyLettersColumn : INTEGER
    0, -- currentParameterAssignmentNameLineNumber : INTEGER
    0, -- currentParameterAssignmentNameColumn : INTEGER
    0, -- currentAssociationNumberLineNumber : INTEGER
    0, -- currentAssociationNumberColumn : INTEGER
    0, -- currentAssociationPhraseLineNumber : INTEGER
    0, -- currentAssociationPhraseColumn : INTEGER
    0, -- currentDataTypeNameLineNumber : INTEGER
    0, -- currentDataTypeNameColumn : INTEGER
    0, -- blockInStackFrameCreated : BOOLEAN
    "86b26b0a-0042-41f3-80e6-f9f9cf90a933", -- Action_ID : UNIQUE_ID
    "5067e63c-eb34-42ae-bbb3-37ba74ef7a41" -- Parsed_Action_ID : UNIQUE_ID
);
INSERT INTO ACT_BLK VALUES (
    "a2df48a8-d3ec-407c-b3da-591c76cc6faf", -- Block_ID : UNIQUE_ID
    0, -- WhereSpecOK : BOOLEAN
    0, -- InWhereSpec : BOOLEAN
    0, -- SelectedFound : BOOLEAN
    '', -- TempBuffer : STRING
    '', -- SupData1 : STRING
    '', -- SupData2 : STRING
    0, -- CurrentLine : INTEGER
    0, -- CurrentCol : INTEGER
    0, -- currentKeyLettersLineNumber : INTEGER
    0, -- currentKeyLettersColumn : INTEGER
    0, -- currentParameterAssignmentNameLineNumber : INTEGER
    0, -- currentParameterAssignmentNameColumn : INTEGER
    0, -- currentAssociationNumberLineNumber : INTEGER
    0, -- currentAssociationNumberColumn : INTEGER
    0, -- currentAssociationPhraseLineNumber : INTEGER
    0, -- currentAssociationPhraseColumn : INTEGER
    0, -- currentDataTypeNameLineNumber : INTEGER
    0, -- currentDataTypeNameColumn : INTEGER
    0, -- blockInStackFrameCreated : BOOLEAN
    "752a62bb-568b-4aed-86c4-be59e16c863b", -- Action_ID : UNIQUE_ID
    "2de80550-8f64-4d8a-9fa5-8a677b3a5f61" -- Parsed_Action_ID : UNIQUE_ID
);
INSERT INTO ACT_BLK VALUES (
    "83961ad8-6b31-43b0-8bf2-9c6b1edd9c52", -- Block_ID : UNIQUE_ID
    0, -- WhereSpecOK : BOOLEAN
    0, -- InWhereSpec : BOOLEAN
    0, -- SelectedFound : BOOLEAN
    '', -- TempBuffer : STRING
    '', -- SupData1 : STRING
    '', -- SupData2 : STRING
    0, -- CurrentLine : INTEGER
    0, -- CurrentCol : INTEGER
    0, -- currentKeyLettersLineNumber : INTEGER
    0, -- currentKeyLettersColumn : INTEGER
    0, -- currentParameterAssignmentNameLineNumber : INTEGER
    0, -- currentParameterAssignmentNameColumn : INTEGER
    0, -- currentAssociationNumberLineNumber : INTEGER
    0, -- currentAssociationNumberColumn : INTEGER
    0, -- currentAssociationPhraseLineNumber : INTEGER
    0, -- currentAssociationPhraseColumn : INTEGER
    0, -- currentDataTypeNameLineNumber : INTEGER
    0, -- currentDataTypeNameColumn : INTEGER
    0, -- blockInStackFrameCreated : BOOLEAN
    "1276354f-5a49-4ed1-8c74-abaf643a70ef", -- Action_ID : UNIQUE_ID
    "c3961fd6-8f98-462d-871b-225a170e316b" -- Parsed_Action_ID : UNIQUE_ID
);
INSERT INTO ACT_BLK VALUES (
    "5afae02f-2be6-4a0b-9ee6-f07a0d3c4495", -- Block_ID : UNIQUE_ID
    0, -- WhereSpecOK : BOOLEAN
    0, -- InWhereSpec : BOOLEAN
    0, -- SelectedFound : BOOLEAN
    '', -- TempBuffer : STRING
    '', -- SupData1 : STRING
    '', -- SupData2 : STRING
    0, -- CurrentLine : INTEGER
    0, -- CurrentCol : INTEGER
    0, -- currentKeyLettersLineNumber : INTEGER
    0, -- currentKeyLettersColumn : INTEGER
    0, -- currentParameterAssignmentNameLineNumber : INTEGER
    0, -- currentParameterAssignmentNameColumn : INTEGER
    0, -- currentAssociationNumberLineNumber : INTEGER
    0, -- currentAssociationNumberColumn : INTEGER
    0, -- currentAssociationPhraseLineNumber : INTEGER
    0, -- currentAssociationPhraseColumn : INTEGER
    0, -- currentDataTypeNameLineNumber : INTEGER
    0, -- currentDataTypeNameColumn : INTEGER
    0, -- blockInStackFrameCreated : BOOLEAN
    "f80f54f1-948e-4803-bf4a-f5ebf775efad", -- Action_ID : UNIQUE_ID
    "294cd87d-5ec3-476a-9b81-8240d54b071b" -- Parsed_Action_ID : UNIQUE_ID
);
INSERT INTO ACT_BLK VALUES (
    "cc90bf5d-91df-431b-86ca-23189057ce50", -- Block_ID : UNIQUE_ID
    0, -- WhereSpecOK : BOOLEAN
    0, -- InWhereSpec : BOOLEAN
    0, -- SelectedFound : BOOLEAN
    '', -- TempBuffer : STRING
    '', -- SupData1 : STRING
    '', -- SupData2 : STRING
    0, -- CurrentLine : INTEGER
    0, -- CurrentCol : INTEGER
    0, -- currentKeyLettersLineNumber : INTEGER
    0, -- currentKeyLettersColumn : INTEGER
    0, -- currentParameterAssignmentNameLineNumber : INTEGER
    0, -- currentParameterAssignmentNameColumn : INTEGER
    0, -- currentAssociationNumberLineNumber : INTEGER
    0, -- currentAssociationNumberColumn : INTEGER
    0, -- currentAssociationPhraseLineNumber : INTEGER
    0, -- currentAssociationPhraseColumn : INTEGER
    0, -- currentDataTypeNameLineNumber : INTEGER
    0, -- currentDataTypeNameColumn : INTEGER
    0, -- blockInStackFrameCreated : BOOLEAN
    "f80f54f1-948e-4803-bf4a-f5ebf775efad", -- Action_ID : UNIQUE_ID
    "08813a11-d368-4791-a784-be8cc0f0b498" -- Parsed_Action_ID : UNIQUE_ID
);
INSERT INTO ACT_BLK VALUES (
    "ed363a5a-f327-4e6a-9aa7-310407a7fdf2", -- Block_ID : UNIQUE_ID
    0, -- WhereSpecOK : BOOLEAN
    0, -- InWhereSpec : BOOLEAN
    0, -- SelectedFound : BOOLEAN
    '', -- TempBuffer : STRING
    '', -- SupData1 : STRING
    '', -- SupData2 : STRING
    0, -- CurrentLine : INTEGER
    0, -- CurrentCol : INTEGER
    0, -- currentKeyLettersLineNumber : INTEGER
    0, -- currentKeyLettersColumn : INTEGER
    0, -- currentParameterAssignmentNameLineNumber : INTEGER
    0, -- currentParameterAssignmentNameColumn : INTEGER
    0, -- currentAssociationNumberLineNumber : INTEGER
    0, -- currentAssociationNumberColumn : INTEGER
    0, -- currentAssociationPhraseLineNumber : INTEGER
    0, -- currentAssociationPhraseColumn : INTEGER
    0, -- currentDataTypeNameLineNumber : INTEGER
    0, -- currentDataTypeNameColumn : INTEGER
    0, -- blockInStackFrameCreated : BOOLEAN
    "f80f54f1-948e-4803-bf4a-f5ebf775efad", -- Action_ID : UNIQUE_ID
    "197e406e-058d-44b0-94d6-4b77af4decaa" -- Parsed_Action_ID : UNIQUE_ID
);
INSERT INTO ACT_BLK VALUES (
    "d29cbc3d-1a7a-4f36-ba22-5701945baf6e", -- Block_ID : UNIQUE_ID
    0, -- WhereSpecOK : BOOLEAN
    0, -- InWhereSpec : BOOLEAN
    0, -- SelectedFound : BOOLEAN
    '', -- TempBuffer : STRING
    '', -- SupData1 : STRING
    '', -- SupData2 : STRING
    0, -- CurrentLine : INTEGER
    0, -- CurrentCol : INTEGER
    0, -- currentKeyLettersLineNumber : INTEGER
    0, -- currentKeyLettersColumn : INTEGER
    0, -- currentParameterAssignmentNameLineNumber : INTEGER
    0, -- currentParameterAssignmentNameColumn : INTEGER
    0, -- currentAssociationNumberLineNumber : INTEGER
    0, -- currentAssociationNumberColumn : INTEGER
    0, -- currentAssociationPhraseLineNumber : INTEGER
    0, -- currentAssociationPhraseColumn : INTEGER
    0, -- currentDataTypeNameLineNumber : INTEGER
    0, -- currentDataTypeNameColumn : INTEGER
    0, -- blockInStackFrameCreated : BOOLEAN
    "682e0f02-a656-499f-bb73-bc40b5ccaaf4", -- Action_ID : UNIQUE_ID
    "79ca957e-25ae-467c-a478-9e9b75105c40" -- Parsed_Action_ID : UNIQUE_ID
);
INSERT INTO ACT_BLK VALUES (
    "3d901a1e-ec8b-46b1-8d70-a500bc9c1c6b", -- Block_ID : UNIQUE_ID
    0, -- WhereSpecOK : BOOLEAN
    0, -- InWhereSpec : BOOLEAN
    0, -- SelectedFound : BOOLEAN
    '', -- TempBuffer : STRING
    '', -- SupData1 : STRING
    '', -- SupData2 : STRING
    0, -- CurrentLine : INTEGER
    0, -- CurrentCol : INTEGER
    0, -- currentKeyLettersLineNumber : INTEGER
    0, -- currentKeyLettersColumn : INTEGER
    0, -- currentParameterAssignmentNameLineNumber : INTEGER
    0, -- currentParameterAssignmentNameColumn : INTEGER
    0, -- currentAssociationNumberLineNumber : INTEGER
    0, -- currentAssociationNumberColumn : INTEGER
    0, -- currentAssociationPhraseLineNumber : INTEGER
    0, -- currentAssociationPhraseColumn : INTEGER
    0, -- currentDataTypeNameLineNumber : INTEGER
    0, -- currentDataTypeNameColumn : INTEGER
    0, -- blockInStackFrameCreated : BOOLEAN
    "ec6c3df6-29e7-4e0e-bfd0-2398f149460a", -- Action_ID : UNIQUE_ID
    "553dfc5c-5dd0-4240-8f81-000cc90243ca" -- Parsed_Action_ID : UNIQUE_ID
);
INSERT INTO ACT_BLK VALUES (
    "d024b9f4-5d5d-4b73-b366-1fe18bbcf0ae", -- Block_ID : UNIQUE_ID
    0, -- WhereSpecOK : BOOLEAN
    0, -- InWhereSpec : BOOLEAN
    0, -- SelectedFound : BOOLEAN
    '', -- TempBuffer : STRING
    '', -- SupData1 : STRING
    '', -- SupData2 : STRING
    0, -- CurrentLine : INTEGER
    0, -- CurrentCol : INTEGER
    0, -- currentKeyLettersLineNumber : INTEGER
    0, -- currentKeyLettersColumn : INTEGER
    0, -- currentParameterAssignmentNameLineNumber : INTEGER
    0, -- currentParameterAssignmentNameColumn : INTEGER
    0, -- currentAssociationNumberLineNumber : INTEGER
    0, -- currentAssociationNumberColumn : INTEGER
    0, -- currentAssociationPhraseLineNumber : INTEGER
    0, -- currentAssociationPhraseColumn : INTEGER
    0, -- currentDataTypeNameLineNumber : INTEGER
    0, -- currentDataTypeNameColumn : INTEGER
    0, -- blockInStackFrameCreated : BOOLEAN
    "ec6c3df6-29e7-4e0e-bfd0-2398f149460a", -- Action_ID : UNIQUE_ID
    "92debdb8-f153-449e-ba96-5ca8e25bef7e" -- Parsed_Action_ID : UNIQUE_ID
);
INSERT INTO ACT_BLK VALUES (
    "f2a25b39-6ead-43ab-8307-b8c2c0fc4290", -- Block_ID : UNIQUE_ID
    0, -- WhereSpecOK : BOOLEAN
    0, -- InWhereSpec : BOOLEAN
    0, -- SelectedFound : BOOLEAN
    '', -- TempBuffer : STRING
    '', -- SupData1 : STRING
    '', -- SupData2 : STRING
    0, -- CurrentLine : INTEGER
    0, -- CurrentCol : INTEGER
    0, -- currentKeyLettersLineNumber : INTEGER
    0, -- currentKeyLettersColumn : INTEGER
    0, -- currentParameterAssignmentNameLineNumber : INTEGER
    0, -- currentParameterAssignmentNameColumn : INTEGER
    0, -- currentAssociationNumberLineNumber : INTEGER
    0, -- currentAssociationNumberColumn : INTEGER
    0, -- currentAssociationPhraseLineNumber : INTEGER
    0, -- currentAssociationPhraseColumn : INTEGER
    0, -- currentDataTypeNameLineNumber : INTEGER
    0, -- currentDataTypeNameColumn : INTEGER
    0, -- blockInStackFrameCreated : BOOLEAN
    "ec6c3df6-29e7-4e0e-bfd0-2398f149460a", -- Action_ID : UNIQUE_ID
    "3556449e-89aa-4945-8627-0d2c7d6e711f" -- Parsed_Action_ID : UNIQUE_ID
);
INSERT INTO ACT_BRB VALUES (
    "51f6da84-ef43-4ce0-a214-aa02e21a1973", -- Action_ID : UNIQUE_ID
    "112f319f-4c8e-482c-a552-276f1b56bc8d" -- Brg_ID : UNIQUE_ID
);
INSERT INTO ACT_BRB VALUES (
    "d69abead-1748-4d00-962f-4b4788fe19f0", -- Action_ID : UNIQUE_ID
    "b34ec664-6dea-44bc-afbf-69645da52f0a" -- Brg_ID : UNIQUE_ID
);
INSERT INTO ACT_BRB VALUES (
    "07f498c5-bbb4-49de-bb21-cc799ef59278", -- Action_ID : UNIQUE_ID
    "2dcf3e84-1208-4e7f-a70c-a54d15f1ce77" -- Brg_ID : UNIQUE_ID
);
INSERT INTO ACT_BRB VALUES (
    "280cec8b-1587-48f8-aa89-7373ea1a07c5", -- Action_ID : UNIQUE_ID
    "af615ef3-56dd-40b1-be6b-27e07023a829" -- Brg_ID : UNIQUE_ID
);
INSERT INTO ACT_BRB VALUES (
    "de389895-291a-411c-a241-418017a76872", -- Action_ID : UNIQUE_ID
    "a9e838fb-4772-4822-aee6-57f775da6967" -- Brg_ID : UNIQUE_ID
);
INSERT INTO ACT_BRB VALUES (
    "676e791e-4ca6-458d-8536-1db68255ac65", -- Action_ID : UNIQUE_ID
    "c56d3597-5a54-4d78-8914-2dc2594c2af4" -- Brg_ID : UNIQUE_ID
);
INSERT INTO ACT_BRB VALUES (
    "e1e31064-6cbb-4271-9d4e-39cfc2bc2bc5", -- Action_ID : UNIQUE_ID
    "77300edb-b891-4e35-858b-9e8cb6437f19" -- Brg_ID : UNIQUE_ID
);
INSERT INTO ACT_BRB VALUES (
    "4af52e9a-ef07-479f-9e40-e32e9eecc4ad", -- Action_ID : UNIQUE_ID
    "8a08e8b6-4de0-437f-968f-71d65464ceb7" -- Brg_ID : UNIQUE_ID
);
INSERT INTO ACT_BRB VALUES (
    "96ee1e14-2375-4d0e-be01-bf2958680aa2", -- Action_ID : UNIQUE_ID
    "e6bddfad-112a-4e3d-983c-17cf660f6a1d" -- Brg_ID : UNIQUE_ID
);
INSERT INTO ACT_BRB VALUES (
    "fe13ec4f-3e29-465e-b273-2866129ef742", -- Action_ID : UNIQUE_ID
    "38a0bf36-f1fa-46ff-9ac5-30980dbf9ba0" -- Brg_ID : UNIQUE_ID
);
INSERT INTO ACT_BRB VALUES (
    "b556d1b4-de3c-45d1-862a-6f24eabf39a1", -- Action_ID : UNIQUE_ID
    "2052aeb8-71a4-49e3-864d-b678d3906bed" -- Brg_ID : UNIQUE_ID
);
INSERT INTO ACT_BRB VALUES (
    "ff1649b2-c5d5-4e4b-9ca5-34d2ca9a6510", -- Action_ID : UNIQUE_ID
    "ffe9b4a1-cf2d-46b7-9789-be3f258319ec" -- Brg_ID : UNIQUE_ID
);
INSERT INTO ACT_BRB VALUES (
    "bbef55ba-75a5-48b7-b73e-b45357afd7ce", -- Action_ID : UNIQUE_ID
    "cccf7316-ec6f-4823-ade0-eaab3e2435fc" -- Brg_ID : UNIQUE_ID
);
INSERT INTO ACT_BRB VALUES (
    "ea342e1c-ea92-4e5d-8278-a5747dfb1ef1", -- Action_ID : UNIQUE_ID
    "e4d7890a-c0ba-4e92-bb75-a89f7a1deb89" -- Brg_ID : UNIQUE_ID
);
INSERT INTO ACT_BRB VALUES (
    "d1aa6913-1223-4b33-af61-ad824fc89587", -- Action_ID : UNIQUE_ID
    "cd04774e-daca-4924-8bf8-26acb2101a9a" -- Brg_ID : UNIQUE_ID
);
INSERT INTO ACT_BRB VALUES (
    "8bced80b-379f-44d6-bcd8-8bc94dc7e0c8", -- Action_ID : UNIQUE_ID
    "f3a7f92c-3c6b-4d36-8f32-849ae8fce50a" -- Brg_ID : UNIQUE_ID
);
INSERT INTO ACT_BRB VALUES (
    "411d957c-05ac-453d-bfd2-a3ced7a2e7b9", -- Action_ID : UNIQUE_ID
    "0b4c485f-017d-40b6-9a7e-57fda5776da4" -- Brg_ID : UNIQUE_ID
);
INSERT INTO ACT_BRB VALUES (
    "dc80cba4-4f7e-4365-8355-59d4e4a6ba8e", -- Action_ID : UNIQUE_ID
    "16322409-ab18-4a8a-8189-42924b6ad4c7" -- Brg_ID : UNIQUE_ID
);
INSERT INTO ACT_BRB VALUES (
    "b853be2a-6b15-4970-b8c0-f233205e43cd", -- Action_ID : UNIQUE_ID
    "724d498a-672c-4565-ade3-ad23463f9c4e" -- Brg_ID : UNIQUE_ID
);
INSERT INTO ACT_BRB VALUES (
    "7dcac845-4d49-4986-9959-03c0c8ba0e70", -- Action_ID : UNIQUE_ID
    "587a5601-85c2-4712-9523-edb532578dab" -- Brg_ID : UNIQUE_ID
);
INSERT INTO ACT_BRB VALUES (
    "dfba8e17-f3af-4fc8-abab-a0ed23710dee", -- Action_ID : UNIQUE_ID
    "a160d621-7f28-44ee-b4d9-59b10ef2e404" -- Brg_ID : UNIQUE_ID
);
INSERT INTO ACT_BRB VALUES (
    "b7c4efa3-af28-429e-8e41-720a84d98046", -- Action_ID : UNIQUE_ID
    "b2f303f5-6e95-4731-a762-be0c0eb02ca7" -- Brg_ID : UNIQUE_ID
);
INSERT INTO ACT_BRB VALUES (
    "4bfa1929-26d5-40b8-a291-356011b6f294", -- Action_ID : UNIQUE_ID
    "4c84eeef-580a-44c0-99a3-07b6a73452d7" -- Brg_ID : UNIQUE_ID
);
INSERT INTO ACT_BRB VALUES (
    "b984e3f2-4940-4384-917b-a0704f41b2ce", -- Action_ID : UNIQUE_ID
    "552205ca-aa70-45be-9f6c-fed75e322243" -- Brg_ID : UNIQUE_ID
);
INSERT INTO ACT_BRB VALUES (
    "4aef120d-4ffe-476a-b99e-1491f5ccb480", -- Action_ID : UNIQUE_ID
    "e14dac49-6263-450c-a836-b0d18eb918ce" -- Brg_ID : UNIQUE_ID
);
INSERT INTO ACT_BRB VALUES (
    "7a04d9ac-b969-42fa-b1df-ed760d24f1a2", -- Action_ID : UNIQUE_ID
    "48b8f9dc-e8f2-41f2-9b8e-d6b671643328" -- Brg_ID : UNIQUE_ID
);
INSERT INTO ACT_BRB VALUES (
    "aae8d7cd-7286-42fb-9a9c-8d1af9bccd79", -- Action_ID : UNIQUE_ID
    "029dc98c-3010-43ac-9592-e46b263472fe" -- Brg_ID : UNIQUE_ID
);
INSERT INTO ACT_BRB VALUES (
    "2c2295dc-cdfe-4931-b1e7-b8eb72698d48", -- Action_ID : UNIQUE_ID
    "1f23e627-377e-4168-a4a2-bda0a5ec42eb" -- Brg_ID : UNIQUE_ID
);
INSERT INTO ACT_BRB VALUES (
    "007f4454-e36e-4943-9279-55e1fa12116b", -- Action_ID : UNIQUE_ID
    "5f3c759c-6b7b-4ee8-8e47-370fb4a90427" -- Brg_ID : UNIQUE_ID
);
INSERT INTO ACT_BRB VALUES (
    "71ed5acc-dd07-4a82-a732-5f11c345a283", -- Action_ID : UNIQUE_ID
    "89d596ad-2792-4523-b93e-7f73d50eaa81" -- Brg_ID : UNIQUE_ID
);
INSERT INTO ACT_BRB VALUES (
    "b0f9c43a-11eb-45e4-b26c-958b7b70a8c5", -- Action_ID : UNIQUE_ID
    "ffa333ae-485c-4095-8a9f-2ea460bbb53f" -- Brg_ID : UNIQUE_ID
);
INSERT INTO ACT_BRB VALUES (
    "c12ad9c1-6423-4150-a82a-7678249cfb33", -- Action_ID : UNIQUE_ID
    "7336eafe-bf7f-45cf-a139-f0fa44c5400e" -- Brg_ID : UNIQUE_ID
);
INSERT INTO ACT_BRB VALUES (
    "63cecdd7-eca2-4cbd-a74f-cf2a13523716", -- Action_ID : UNIQUE_ID
    "d62c634b-74cc-4271-879d-bb16f8243125" -- Brg_ID : UNIQUE_ID
);
INSERT INTO ACT_BRB VALUES (
    "f8192b6b-6b53-4d3c-bb8c-e800bea170a0", -- Action_ID : UNIQUE_ID
    "bdfbe284-fdf5-4d84-b868-24a4494b1eed" -- Brg_ID : UNIQUE_ID
);
INSERT INTO ACT_BRB VALUES (
    "10bcb6d3-9bbc-4f3a-b215-98bd3475466c", -- Action_ID : UNIQUE_ID
    "98d84f3d-005b-4259-a245-635911bfd6d9" -- Brg_ID : UNIQUE_ID
);
INSERT INTO ACT_BRB VALUES (
    "7f552cad-68ca-4983-99ba-bf0ff6711d49", -- Action_ID : UNIQUE_ID
    "2d05e784-4e68-4ad9-b373-5583b0c79497" -- Brg_ID : UNIQUE_ID
);
INSERT INTO ACT_BRB VALUES (
    "3a3cc754-9621-4e74-94ad-4719892c9f0f", -- Action_ID : UNIQUE_ID
    "7b593108-9200-42f0-86c7-49dfd1e5d704" -- Brg_ID : UNIQUE_ID
);
INSERT INTO ACT_BRB VALUES (
    "fe23f1c0-92d7-48b5-9c73-95f3f8275bde", -- Action_ID : UNIQUE_ID
    "c1f05ae4-a5cb-40a3-a774-d2cddaff579b" -- Brg_ID : UNIQUE_ID
);
INSERT INTO ACT_BRB VALUES (
    "a1c8c1df-cb8a-4e80-93c7-0af7aa96a029", -- Action_ID : UNIQUE_ID
    "cc2b571f-54b2-4585-86b3-d879d5e34b3d" -- Brg_ID : UNIQUE_ID
);
INSERT INTO ACT_BRB VALUES (
    "fd45405d-0d7b-4a5c-b8e1-31d4b733e224", -- Action_ID : UNIQUE_ID
    "3c5d78ee-496c-451e-bcc7-ad0d222c0e32" -- Brg_ID : UNIQUE_ID
);
INSERT INTO ACT_BRB VALUES (
    "e2f24144-e0f9-4330-853f-edb998f6dd5e", -- Action_ID : UNIQUE_ID
    "e4340945-3812-4aa8-bc9b-e374d680118b" -- Brg_ID : UNIQUE_ID
);
INSERT INTO ACT_BRB VALUES (
    "6943440f-307a-4678-98d4-3a86641903fb", -- Action_ID : UNIQUE_ID
    "5a5d5ceb-29f0-4209-aeba-150fb07052b7" -- Brg_ID : UNIQUE_ID
);
INSERT INTO ACT_BRB VALUES (
    "fdcc944b-10d4-44aa-8c42-72a01624e9b7", -- Action_ID : UNIQUE_ID
    "5dddfeb2-1f14-4aa5-ad63-8a909e0dec8c" -- Brg_ID : UNIQUE_ID
);
INSERT INTO ACT_BRB VALUES (
    "37fb67ad-2dfb-414f-9a2b-2c93043f6fee", -- Action_ID : UNIQUE_ID
    "4d455ec0-5a4f-467f-bd96-0eda52082970" -- Brg_ID : UNIQUE_ID
);
INSERT INTO ACT_BRB VALUES (
    "e3fa4426-964e-4e55-90be-0f48c235c771", -- Action_ID : UNIQUE_ID
    "b890cabd-de2c-4828-a8a5-d955fb7d67c4" -- Brg_ID : UNIQUE_ID
);
INSERT INTO ACT_BRB VALUES (
    "3a737bf2-84f7-43b8-a1ba-a57d5f008aaa", -- Action_ID : UNIQUE_ID
    "41ba132d-a1d1-4191-a09b-2557dff31e03" -- Brg_ID : UNIQUE_ID
);
INSERT INTO ACT_BRB VALUES (
    "27c71223-6f75-4427-9750-aeb303b23d25", -- Action_ID : UNIQUE_ID
    "9c9ff561-0230-49c6-93a0-97e6e806f171" -- Brg_ID : UNIQUE_ID
);
INSERT INTO ACT_BRB VALUES (
    "d1a92944-117c-4434-aff3-c0491aa54753", -- Action_ID : UNIQUE_ID
    "40eaec44-eb8d-4cae-959a-880b94c28c05" -- Brg_ID : UNIQUE_ID
);
INSERT INTO ACT_BRB VALUES (
    "aa2e4d93-95fe-47f3-9da1-b0ede7846ce1", -- Action_ID : UNIQUE_ID
    "a024f801-c9ad-4451-9c66-573aa528f182" -- Brg_ID : UNIQUE_ID
);
INSERT INTO ACT_BRB VALUES (
    "ff08d12c-9cbc-4661-97d4-bd5b56f924b7", -- Action_ID : UNIQUE_ID
    "a83f64fc-8677-4fde-aa38-99aab40c8d1a" -- Brg_ID : UNIQUE_ID
);
INSERT INTO ACT_BRB VALUES (
    "0e7aecd5-635f-4e54-95ba-e5e596c091b4", -- Action_ID : UNIQUE_ID
    "025ceff5-1023-427c-bbb0-750a3f4e97dc" -- Brg_ID : UNIQUE_ID
);
INSERT INTO ACT_BRB VALUES (
    "dca46820-48f4-423d-ac26-6ace885b0820", -- Action_ID : UNIQUE_ID
    "f7a1de23-2e31-4e8a-988b-ace95920d6c0" -- Brg_ID : UNIQUE_ID
);
INSERT INTO ACT_BRB VALUES (
    "7b677795-d7b2-4a59-88e5-2898a014d4fb", -- Action_ID : UNIQUE_ID
    "56d78985-bd88-4f57-97f5-3a8479d36a75" -- Brg_ID : UNIQUE_ID
);
INSERT INTO ACT_BRB VALUES (
    "6694e9e7-44d6-404c-b022-1911ee05f401", -- Action_ID : UNIQUE_ID
    "ad4f1248-1786-4a6c-9f24-575f1b7d5401" -- Brg_ID : UNIQUE_ID
);
INSERT INTO ACT_BRB VALUES (
    "eeef0066-4825-4258-995f-6b195f1aaa58", -- Action_ID : UNIQUE_ID
    "387a0ac8-5355-48ef-a355-2676c1a68ecb" -- Brg_ID : UNIQUE_ID
);
INSERT INTO ACT_BRB VALUES (
    "8847ba41-dc29-41eb-b89b-af7007a34620", -- Action_ID : UNIQUE_ID
    "a4310342-37b4-4aa7-825b-a056e08718c5" -- Brg_ID : UNIQUE_ID
);
INSERT INTO ACT_BRB VALUES (
    "79dc2ee6-fbb7-46f5-bb1d-ee51baad11d0", -- Action_ID : UNIQUE_ID
    "3f74c1fa-616b-4b2a-aa3b-491d0b671973" -- Brg_ID : UNIQUE_ID
);
INSERT INTO ACT_BRB VALUES (
    "2f40fe66-2f6d-4053-adde-daa3de52269e", -- Action_ID : UNIQUE_ID
    "62c9655c-04ce-4730-add9-3f1212865a27" -- Brg_ID : UNIQUE_ID
);
INSERT INTO ACT_BRB VALUES (
    "8dabd217-6dd1-4842-be0b-b8eedd14013b", -- Action_ID : UNIQUE_ID
    "c7c7b56a-16b4-47d8-a682-c148ba0ff869" -- Brg_ID : UNIQUE_ID
);
INSERT INTO ACT_BRB VALUES (
    "8220143e-67b8-4184-86d8-03a6fd74f2c5", -- Action_ID : UNIQUE_ID
    "bdc9cf61-1955-40c9-9744-9b3004874cc6" -- Brg_ID : UNIQUE_ID
);
INSERT INTO ACT_BRB VALUES (
    "9d461128-47fa-4434-8286-89b1d935efa3", -- Action_ID : UNIQUE_ID
    "5bd13bba-debc-4b14-b39f-b6d284c5b08d" -- Brg_ID : UNIQUE_ID
);
INSERT INTO ACT_BRG VALUES (
    "ba23f4da-0501-445f-b846-15bc3a9d88d3", -- Statement_ID : UNIQUE_ID
    "af615ef3-56dd-40b1-be6b-27e07023a829", -- Brg_ID : UNIQUE_ID
    0, -- bridgeNameLineNumber : INTEGER
    0, -- bridgeNameColumn : INTEGER
    0, -- externalEntityKeyLettersLineNumber : INTEGER
    0 -- externalEntityKeyLettersColumn : INTEGER
);
INSERT INTO ACT_BRG VALUES (
    "791b01dd-5137-4e8a-b6e0-98d0b189143a", -- Statement_ID : UNIQUE_ID
    "af615ef3-56dd-40b1-be6b-27e07023a829", -- Brg_ID : UNIQUE_ID
    0, -- bridgeNameLineNumber : INTEGER
    0, -- bridgeNameColumn : INTEGER
    0, -- externalEntityKeyLettersLineNumber : INTEGER
    0 -- externalEntityKeyLettersColumn : INTEGER
);
INSERT INTO ACT_BRG VALUES (
    "235be50d-e6c8-4258-919a-f1a1960b43fc", -- Statement_ID : UNIQUE_ID
    "af615ef3-56dd-40b1-be6b-27e07023a829", -- Brg_ID : UNIQUE_ID
    0, -- bridgeNameLineNumber : INTEGER
    0, -- bridgeNameColumn : INTEGER
    0, -- externalEntityKeyLettersLineNumber : INTEGER
    0 -- externalEntityKeyLettersColumn : INTEGER
);
INSERT INTO ACT_BRG VALUES (
    "4a459436-c306-4a89-b747-57563b15155d", -- Statement_ID : UNIQUE_ID
    "af615ef3-56dd-40b1-be6b-27e07023a829", -- Brg_ID : UNIQUE_ID
    0, -- bridgeNameLineNumber : INTEGER
    0, -- bridgeNameColumn : INTEGER
    0, -- externalEntityKeyLettersLineNumber : INTEGER
    0 -- externalEntityKeyLettersColumn : INTEGER
);
INSERT INTO ACT_CR VALUES (
    "2ae2c704-8288-44c2-9fa1-467dbf8d3e80", -- Statement_ID : UNIQUE_ID
    "db0de05a-2e03-45fd-8d31-96abce8b2298", -- Var_ID : UNIQUE_ID
    1, -- is_implicit : BOOLEAN
    "d8528470-976c-421b-a087-1201ac24302f", -- Obj_ID : UNIQUE_ID
    0, -- modelClassKeyLettersLineNumber : INTEGER
    0 -- modelClassKeyLettersColumn : INTEGER
);
INSERT INTO ACT_E VALUES (
    "27b470a1-b013-41e8-8ac7-295063906a3d", -- Statement_ID : UNIQUE_ID
    "ed363a5a-f327-4e6a-9aa7-310407a7fdf2", -- Block_ID : UNIQUE_ID
    "714e02a7-03c8-41e3-90d4-454567d396d1" -- If_Statement_ID : UNIQUE_ID
);
INSERT INTO ACT_E VALUES (
    "76c76f1e-e539-4901-bdfe-e48d777f4696", -- Statement_ID : UNIQUE_ID
    "f2a25b39-6ead-43ab-8307-b8c2c0fc4290", -- Block_ID : UNIQUE_ID
    "4068107c-d4f7-4223-82cb-f1b62bd33349" -- If_Statement_ID : UNIQUE_ID
);
INSERT INTO ACT_FIW VALUES (
    "b4e86e29-9d2d-4646-90ca-c89af17709c3", -- Statement_ID : UNIQUE_ID
    "3fe6dbc5-22e9-4f0f-8d89-c34b615171e0", -- Var_ID : UNIQUE_ID
    1, -- is_implicit : BOOLEAN
    'any', -- cardinality : STRING
    "377ce250-979e-4bc3-bd2f-b10df6e7a440", -- Where_Clause_Value_ID : UNIQUE_ID
    "d8528470-976c-421b-a087-1201ac24302f", -- Obj_ID : UNIQUE_ID
    0, -- extentLineNumber : INTEGER
    0 -- extentColumn : INTEGER
);
INSERT INTO ACT_FIW VALUES (
    "dd535861-23b8-41bb-890a-7aa56c49a137", -- Statement_ID : UNIQUE_ID
    "f1ab3e41-f5b1-4409-923c-0fa032a2dfe4", -- Var_ID : UNIQUE_ID
    1, -- is_implicit : BOOLEAN
    'any', -- cardinality : STRING
    "8af4e5e2-f08d-432d-8f5f-ee0352fcc0d1", -- Where_Clause_Value_ID : UNIQUE_ID
    "d8528470-976c-421b-a087-1201ac24302f", -- Obj_ID : UNIQUE_ID
    0, -- extentLineNumber : INTEGER
    0 -- extentColumn : INTEGER
);
INSERT INTO ACT_FNB VALUES (
    "f720991f-2dad-449b-9342-e0843e2d0df2", -- Action_ID : UNIQUE_ID
    "8e6515f0-ca9a-424d-b35b-60f69ec5dcc5" -- Sync_ID : UNIQUE_ID
);
INSERT INTO ACT_IF VALUES (
    "714e02a7-03c8-41e3-90d4-454567d396d1", -- Statement_ID : UNIQUE_ID
    "cc90bf5d-91df-431b-86ca-23189057ce50", -- Block_ID : UNIQUE_ID
    "dd4b8622-f9c3-4dd9-b51c-e1236faab8a0", -- Value_ID : UNIQUE_ID
    "00000000-0000-0000-0000-000000000000", -- Elif_Statement_ID : UNIQUE_ID
    "00000000-0000-0000-0000-000000000000" -- Else_Statement_ID : UNIQUE_ID
);
INSERT INTO ACT_IF VALUES (
    "4068107c-d4f7-4223-82cb-f1b62bd33349", -- Statement_ID : UNIQUE_ID
    "d024b9f4-5d5d-4b73-b366-1fe18bbcf0ae", -- Block_ID : UNIQUE_ID
    "4cc45c4d-fe00-4955-8e78-cac5d1c1d451", -- Value_ID : UNIQUE_ID
    "00000000-0000-0000-0000-000000000000", -- Elif_Statement_ID : UNIQUE_ID
    "00000000-0000-0000-0000-000000000000" -- Else_Statement_ID : UNIQUE_ID
);
INSERT INTO ACT_PSB VALUES (
    "f80f54f1-948e-4803-bf4a-f5ebf775efad", -- Action_ID : UNIQUE_ID
    "7582ba79-c063-4631-bcbe-dde14b231908" -- Id : UNIQUE_ID
);
INSERT INTO ACT_PSB VALUES (
    "682e0f02-a656-499f-bb73-bc40b5ccaaf4", -- Action_ID : UNIQUE_ID
    "fd447b6f-5a17-4d1f-8f3d-080eeeb6d3b5" -- Id : UNIQUE_ID
);
INSERT INTO ACT_PSB VALUES (
    "ec6c3df6-29e7-4e0e-bfd0-2398f149460a", -- Action_ID : UNIQUE_ID
    "8e12193a-4915-4e0c-8044-11c6b3eaf358" -- Id : UNIQUE_ID
);
INSERT INTO ACT_RET VALUES (
    "746642dd-c44e-4ca2-96df-3bd257b5f313", -- Statement_ID : UNIQUE_ID
    "c64b9939-5ed4-480c-b8eb-65641f2ecbb6" -- Value_ID : UNIQUE_ID
);
INSERT INTO ACT_RET VALUES (
    "b45a20ad-c148-4502-97c7-4c3d95c4970e", -- Statement_ID : UNIQUE_ID
    "f8258cbc-ff92-4b3a-b510-7fb5a049938d" -- Value_ID : UNIQUE_ID
);
INSERT INTO ACT_RET VALUES (
    "d835f930-2fe7-43c8-b9fc-09bd6eb35fc4", -- Statement_ID : UNIQUE_ID
    "451f2af6-45a9-4713-93d4-dfc9b63edfa9" -- Value_ID : UNIQUE_ID
);
INSERT INTO ACT_RET VALUES (
    "49105833-d6c4-4b85-8548-d6b353814282", -- Statement_ID : UNIQUE_ID
    "d3b0d200-33ae-40e0-bf23-94439e355966" -- Value_ID : UNIQUE_ID
);
INSERT INTO ACT_RSB VALUES (
    "86b26b0a-0042-41f3-80e6-f9f9cf90a933", -- Action_ID : UNIQUE_ID
    "4e8357dc-6003-4dae-b1c1-6f406f5216d6" -- Id : UNIQUE_ID
);
INSERT INTO ACT_RSB VALUES (
    "752a62bb-568b-4aed-86c4-be59e16c863b", -- Action_ID : UNIQUE_ID
    "62adeee1-7ea3-43cd-a822-47447631b0f8" -- Id : UNIQUE_ID
);
INSERT INTO ACT_RSB VALUES (
    "1276354f-5a49-4ed1-8c74-abaf643a70ef", -- Action_ID : UNIQUE_ID
    "3c887575-84ca-40f7-8c2b-fb4a9c9c2d37" -- Id : UNIQUE_ID
);
INSERT INTO ACT_SAB VALUES (
    "a43f8698-db84-4bc7-a56e-09ef1cddcc14", -- Action_ID : UNIQUE_ID
    "7b5f90bd-656f-4bc9-83bf-771ed45973b0", -- SM_ID : UNIQUE_ID
    "2453e957-c72c-4ed6-a1bc-d234c403269c" -- Act_ID : UNIQUE_ID
);
INSERT INTO ACT_SAB VALUES (
    "1cc3a984-5c34-431c-8206-0b090c2b959c", -- Action_ID : UNIQUE_ID
    "7b5f90bd-656f-4bc9-83bf-771ed45973b0", -- SM_ID : UNIQUE_ID
    "afb84c0b-8b92-481f-b009-4ac610325ad2" -- Act_ID : UNIQUE_ID
);
INSERT INTO ACT_SGN VALUES (
    "42edddfd-40f3-4f44-91cb-aee4f43e89e1", -- Statement_ID : UNIQUE_ID
    0, -- sigNameLineNumber : INTEGER
    0, -- sigNameColumn : INTEGER
    0, -- ownerNameLineNumber : INTEGER
    0, -- ownerNameColumn : INTEGER
    "fd447b6f-5a17-4d1f-8f3d-080eeeb6d3b5", -- ProvidedSig_Id : UNIQUE_ID
    "00000000-0000-0000-0000-000000000000", -- RequiredSig_Id : UNIQUE_ID
    "00000000-0000-0000-0000-000000000000" -- Value_ID : UNIQUE_ID
);
INSERT INTO ACT_SGN VALUES (
    "a61951f3-f9f2-4467-b310-6065627108d5", -- Statement_ID : UNIQUE_ID
    0, -- sigNameLineNumber : INTEGER
    0, -- sigNameColumn : INTEGER
    0, -- ownerNameLineNumber : INTEGER
    0, -- ownerNameColumn : INTEGER
    "fd447b6f-5a17-4d1f-8f3d-080eeeb6d3b5", -- ProvidedSig_Id : UNIQUE_ID
    "00000000-0000-0000-0000-000000000000", -- RequiredSig_Id : UNIQUE_ID
    "00000000-0000-0000-0000-000000000000" -- Value_ID : UNIQUE_ID
);
INSERT INTO ACT_SGN VALUES (
    "1cd8a7f6-93a2-4adf-87fe-79a3ca9e2f21", -- Statement_ID : UNIQUE_ID
    0, -- sigNameLineNumber : INTEGER
    0, -- sigNameColumn : INTEGER
    0, -- ownerNameLineNumber : INTEGER
    0, -- ownerNameColumn : INTEGER
    "fd447b6f-5a17-4d1f-8f3d-080eeeb6d3b5", -- ProvidedSig_Id : UNIQUE_ID
    "00000000-0000-0000-0000-000000000000", -- RequiredSig_Id : UNIQUE_ID
    "00000000-0000-0000-0000-000000000000" -- Value_ID : UNIQUE_ID
);
INSERT INTO ACT_SGN VALUES (
    "6a54bd9b-bda5-451b-9a0a-eb8304eaafd6", -- Statement_ID : UNIQUE_ID
    0, -- sigNameLineNumber : INTEGER
    0, -- sigNameColumn : INTEGER
    0, -- ownerNameLineNumber : INTEGER
    0, -- ownerNameColumn : INTEGER
    "fd447b6f-5a17-4d1f-8f3d-080eeeb6d3b5", -- ProvidedSig_Id : UNIQUE_ID
    "00000000-0000-0000-0000-000000000000", -- RequiredSig_Id : UNIQUE_ID
    "00000000-0000-0000-0000-000000000000" -- Value_ID : UNIQUE_ID
);
INSERT INTO ACT_SMT VALUES (
    "3faf2c0c-6a0e-4d71-a1b9-eba5258a842a", -- Statement_ID : UNIQUE_ID
    "422008ca-1c0f-4218-b2ea-2245b091b5c5", -- Block_ID : UNIQUE_ID
    "b467c756-943d-4a78-b657-59fdb0c5c256", -- Previous_Statement_ID : UNIQUE_ID
    1, -- LineNumber : INTEGER
    1, -- StartPosition : INTEGER
    'mapping[9]="9"' -- Label : STRING
);
INSERT INTO ACT_SMT VALUES (
    "b467c756-943d-4a78-b657-59fdb0c5c256", -- Statement_ID : UNIQUE_ID
    "422008ca-1c0f-4218-b2ea-2245b091b5c5", -- Block_ID : UNIQUE_ID
    "0c5fed5f-20c0-4e2d-bb0c-07a9485f15e9", -- Previous_Statement_ID : UNIQUE_ID
    1, -- LineNumber : INTEGER
    17, -- StartPosition : INTEGER
    'mapping[8]="8"' -- Label : STRING
);
INSERT INTO ACT_SMT VALUES (
    "0c5fed5f-20c0-4e2d-bb0c-07a9485f15e9", -- Statement_ID : UNIQUE_ID
    "422008ca-1c0f-4218-b2ea-2245b091b5c5", -- Block_ID : UNIQUE_ID
    "bfa08cee-c0be-4219-a48d-773e865b8aff", -- Previous_Statement_ID : UNIQUE_ID
    1, -- LineNumber : INTEGER
    33, -- StartPosition : INTEGER
    'mapping[7]="7"' -- Label : STRING
);
INSERT INTO ACT_SMT VALUES (
    "bfa08cee-c0be-4219-a48d-773e865b8aff", -- Statement_ID : UNIQUE_ID
    "422008ca-1c0f-4218-b2ea-2245b091b5c5", -- Block_ID : UNIQUE_ID
    "c9a97c7b-2707-4bc8-ad3a-571d85934bd9", -- Previous_Statement_ID : UNIQUE_ID
    1, -- LineNumber : INTEGER
    49, -- StartPosition : INTEGER
    'mapping[6]="6"' -- Label : STRING
);
INSERT INTO ACT_SMT VALUES (
    "c9a97c7b-2707-4bc8-ad3a-571d85934bd9", -- Statement_ID : UNIQUE_ID
    "422008ca-1c0f-4218-b2ea-2245b091b5c5", -- Block_ID : UNIQUE_ID
    "668e1730-9dc7-469a-b1df-c607c9cc463a", -- Previous_Statement_ID : UNIQUE_ID
    1, -- LineNumber : INTEGER
    65, -- StartPosition : INTEGER
    'mapping[5]="5"' -- Label : STRING
);
INSERT INTO ACT_SMT VALUES (
    "668e1730-9dc7-469a-b1df-c607c9cc463a", -- Statement_ID : UNIQUE_ID
    "422008ca-1c0f-4218-b2ea-2245b091b5c5", -- Block_ID : UNIQUE_ID
    "4048034c-ef8b-4ea4-b86a-dfba2571f0f5", -- Previous_Statement_ID : UNIQUE_ID
    2, -- LineNumber : INTEGER
    1, -- StartPosition : INTEGER
    'mapping[4]="4"' -- Label : STRING
);
INSERT INTO ACT_SMT VALUES (
    "4048034c-ef8b-4ea4-b86a-dfba2571f0f5", -- Statement_ID : UNIQUE_ID
    "422008ca-1c0f-4218-b2ea-2245b091b5c5", -- Block_ID : UNIQUE_ID
    "778ff070-333b-4269-9c01-8730d9ac1712", -- Previous_Statement_ID : UNIQUE_ID
    2, -- LineNumber : INTEGER
    17, -- StartPosition : INTEGER
    'mapping[3]="3"' -- Label : STRING
);
INSERT INTO ACT_SMT VALUES (
    "778ff070-333b-4269-9c01-8730d9ac1712", -- Statement_ID : UNIQUE_ID
    "422008ca-1c0f-4218-b2ea-2245b091b5c5", -- Block_ID : UNIQUE_ID
    "8e87b2d9-3bfc-4a45-8d87-0059f8917bfa", -- Previous_Statement_ID : UNIQUE_ID
    2, -- LineNumber : INTEGER
    33, -- StartPosition : INTEGER
    'mapping[2]="2"' -- Label : STRING
);
INSERT INTO ACT_SMT VALUES (
    "8e87b2d9-3bfc-4a45-8d87-0059f8917bfa", -- Statement_ID : UNIQUE_ID
    "422008ca-1c0f-4218-b2ea-2245b091b5c5", -- Block_ID : UNIQUE_ID
    "9c7d484b-5cd8-443a-95cb-4d2c7f980992", -- Previous_Statement_ID : UNIQUE_ID
    2, -- LineNumber : INTEGER
    49, -- StartPosition : INTEGER
    'mapping[1]="1"' -- Label : STRING
);
INSERT INTO ACT_SMT VALUES (
    "9c7d484b-5cd8-443a-95cb-4d2c7f980992", -- Statement_ID : UNIQUE_ID
    "422008ca-1c0f-4218-b2ea-2245b091b5c5", -- Block_ID : UNIQUE_ID
    "42845242-793c-4829-af8f-5ff83db81eb4", -- Previous_Statement_ID : UNIQUE_ID
    2, -- LineNumber : INTEGER
    65, -- StartPosition : INTEGER
    'mapping[0]="0"' -- Label : STRING
);
INSERT INTO ACT_SMT VALUES (
    "42845242-793c-4829-af8f-5ff83db81eb4", -- Statement_ID : UNIQUE_ID
    "422008ca-1c0f-4218-b2ea-2245b091b5c5", -- Block_ID : UNIQUE_ID
    "fa3ddf66-ad73-4977-8cef-47984cc0a369", -- Previous_Statement_ID : UNIQUE_ID
    4, -- LineNumber : INTEGER
    1, -- StartPosition : INTEGER
    'i = param.i' -- Label : STRING
);
INSERT INTO ACT_SMT VALUES (
    "fa3ddf66-ad73-4977-8cef-47984cc0a369", -- Statement_ID : UNIQUE_ID
    "422008ca-1c0f-4218-b2ea-2245b091b5c5", -- Block_ID : UNIQUE_ID
    "0bdabfd0-85e2-4ce8-8564-875bc30627c6", -- Previous_Statement_ID : UNIQUE_ID
    4, -- LineNumber : INTEGER
    14, -- StartPosition : INTEGER
    's = ""' -- Label : STRING
);
INSERT INTO ACT_SMT VALUES (
    "0bdabfd0-85e2-4ce8-8564-875bc30627c6", -- Statement_ID : UNIQUE_ID
    "422008ca-1c0f-4218-b2ea-2245b091b5c5", -- Block_ID : UNIQUE_ID
    "746642dd-c44e-4ca2-96df-3bd257b5f313", -- Previous_Statement_ID : UNIQUE_ID
    5, -- LineNumber : INTEGER
    1, -- StartPosition : INTEGER
    'while ( i >= 1 )
  d = i % 10;
  i = i / 10;
  s = mapping[ d ] + s;
end while' -- Label : STRING
);
INSERT INTO ACT_SMT VALUES (
    "81050be2-41b0-4021-ab9d-d9b03e004bf1", -- Statement_ID : UNIQUE_ID
    "cdb5a962-2f82-46e7-8199-76d53cc946fc", -- Block_ID : UNIQUE_ID
    "21cd7e62-1c3a-4b95-b4fa-106a2a00a4cc", -- Previous_Statement_ID : UNIQUE_ID
    6, -- LineNumber : INTEGER
    3, -- StartPosition : INTEGER
    'd = i % 10' -- Label : STRING
);
INSERT INTO ACT_SMT VALUES (
    "21cd7e62-1c3a-4b95-b4fa-106a2a00a4cc", -- Statement_ID : UNIQUE_ID
    "cdb5a962-2f82-46e7-8199-76d53cc946fc", -- Block_ID : UNIQUE_ID
    "4140b7cb-9675-4a98-9372-372b64184bc3", -- Previous_Statement_ID : UNIQUE_ID
    7, -- LineNumber : INTEGER
    3, -- StartPosition : INTEGER
    'i = i / 10' -- Label : STRING
);
INSERT INTO ACT_SMT VALUES (
    "4140b7cb-9675-4a98-9372-372b64184bc3", -- Statement_ID : UNIQUE_ID
    "cdb5a962-2f82-46e7-8199-76d53cc946fc", -- Block_ID : UNIQUE_ID
    "00000000-0000-0000-0000-000000000000", -- Previous_Statement_ID : UNIQUE_ID
    8, -- LineNumber : INTEGER
    3, -- StartPosition : INTEGER
    's = mapping[ d ] + s' -- Label : STRING
);
INSERT INTO ACT_SMT VALUES (
    "746642dd-c44e-4ca2-96df-3bd257b5f313", -- Statement_ID : UNIQUE_ID
    "422008ca-1c0f-4218-b2ea-2245b091b5c5", -- Block_ID : UNIQUE_ID
    "00000000-0000-0000-0000-000000000000", -- Previous_Statement_ID : UNIQUE_ID
    11, -- LineNumber : INTEGER
    1, -- StartPosition : INTEGER
    'return s' -- Label : STRING
);
INSERT INTO ACT_SMT VALUES (
    "b45a20ad-c148-4502-97c7-4c3d95c4970e", -- Statement_ID : UNIQUE_ID
    "9a21fef8-0491-46eb-a312-bfb3974f7ef7", -- Block_ID : UNIQUE_ID
    "00000000-0000-0000-0000-000000000000", -- Previous_Statement_ID : UNIQUE_ID
    1, -- LineNumber : INTEGER
    1, -- StartPosition : INTEGER
    'return 0' -- Label : STRING
);
INSERT INTO ACT_SMT VALUES (
    "d835f930-2fe7-43c8-b9fc-09bd6eb35fc4", -- Statement_ID : UNIQUE_ID
    "0ac1cf28-52ed-43ef-b29e-2264d8943783", -- Block_ID : UNIQUE_ID
    "00000000-0000-0000-0000-000000000000", -- Previous_Statement_ID : UNIQUE_ID
    1, -- LineNumber : INTEGER
    1, -- StartPosition : INTEGER
    'return true' -- Label : STRING
);
INSERT INTO ACT_SMT VALUES (
    "49105833-d6c4-4b85-8548-d6b353814282", -- Statement_ID : UNIQUE_ID
    "a43d8784-de73-45a5-9bbd-f46c4f709d4c", -- Block_ID : UNIQUE_ID
    "00000000-0000-0000-0000-000000000000", -- Previous_Statement_ID : UNIQUE_ID
    1, -- LineNumber : INTEGER
    1, -- StartPosition : INTEGER
    'return true' -- Label : STRING
);
INSERT INTO ACT_SMT VALUES (
    "348c3823-75d4-421f-81fe-29346c9f484e", -- Statement_ID : UNIQUE_ID
    "f7a2fee9-9693-4626-9061-80c47757f998", -- Block_ID : UNIQUE_ID
    "af8b8097-9ce7-4978-99c5-d60874527fec", -- Previous_Statement_ID : UNIQUE_ID
    2, -- LineNumber : INTEGER
    2, -- StartPosition : INTEGER
    'FName =rcvd_evt.FName' -- Label : STRING
);
INSERT INTO ACT_SMT VALUES (
    "af8b8097-9ce7-4978-99c5-d60874527fec", -- Statement_ID : UNIQUE_ID
    "f7a2fee9-9693-4626-9061-80c47757f998", -- Block_ID : UNIQUE_ID
    "60cf5076-4897-40f2-a38c-42344e48a404", -- Previous_Statement_ID : UNIQUE_ID
    3, -- LineNumber : INTEGER
    2, -- StartPosition : INTEGER
    'LName = rcvd_evt.LName' -- Label : STRING
);
INSERT INTO ACT_SMT VALUES (
    "60cf5076-4897-40f2-a38c-42344e48a404", -- Statement_ID : UNIQUE_ID
    "f7a2fee9-9693-4626-9061-80c47757f998", -- Block_ID : UNIQUE_ID
    "ba23f4da-0501-445f-b846-15bc3a9d88d3", -- Previous_Statement_ID : UNIQUE_ID
    4, -- LineNumber : INTEGER
    2, -- StartPosition : INTEGER
    'National_ID = rcvd_evt.National_ID' -- Label : STRING
);
INSERT INTO ACT_SMT VALUES (
    "ba23f4da-0501-445f-b846-15bc3a9d88d3", -- Statement_ID : UNIQUE_ID
    "f7a2fee9-9693-4626-9061-80c47757f998", -- Block_ID : UNIQUE_ID
    "00000000-0000-0000-0000-000000000000", -- Previous_Statement_ID : UNIQUE_ID
    6, -- LineNumber : INTEGER
    1, -- StartPosition : INTEGER
    'LOG::LogInfo( message:"A new employee is added to the system:"+ FName + LName)' -- Label : STRING
);
INSERT INTO ACT_SMT VALUES (
    "94265f5e-2f11-498c-9fe6-d94a4f51c850", -- Statement_ID : UNIQUE_ID
    "b539ffc3-34e0-4bdf-801f-4fcd48d1dbe8", -- Block_ID : UNIQUE_ID
    "791b01dd-5137-4e8a-b6e0-98d0b189143a", -- Previous_Statement_ID : UNIQUE_ID
    2, -- LineNumber : INTEGER
    1, -- StartPosition : INTEGER
    'Start_Date = TIM::current_date()' -- Label : STRING
);
INSERT INTO ACT_SMT VALUES (
    "791b01dd-5137-4e8a-b6e0-98d0b189143a", -- Statement_ID : UNIQUE_ID
    "b539ffc3-34e0-4bdf-801f-4fcd48d1dbe8", -- Block_ID : UNIQUE_ID
    "00000000-0000-0000-0000-000000000000", -- Previous_Statement_ID : UNIQUE_ID
    3, -- LineNumber : INTEGER
    1, -- StartPosition : INTEGER
    'LOG::LogInfo( message:"New employee has commenced" )' -- Label : STRING
);
INSERT INTO ACT_SMT VALUES (
    "b4e86e29-9d2d-4646-90ca-c89af17709c3", -- Statement_ID : UNIQUE_ID
    "5afae02f-2be6-4a0b-9ee6-f07a0d3c4495", -- Block_ID : UNIQUE_ID
    "714e02a7-03c8-41e3-90d4-454567d396d1", -- Previous_Statement_ID : UNIQUE_ID
    2, -- LineNumber : INTEGER
    1, -- StartPosition : INTEGER
    'select any employee from instances of Employee where selected.FName==param.FName and selected.LName==param.LName and selected.National_ID==param.National_ID' -- Label : STRING
);
INSERT INTO ACT_SMT VALUES (
    "714e02a7-03c8-41e3-90d4-454567d396d1", -- Statement_ID : UNIQUE_ID
    "5afae02f-2be6-4a0b-9ee6-f07a0d3c4495", -- Block_ID : UNIQUE_ID
    "00000000-0000-0000-0000-000000000000", -- Previous_Statement_ID : UNIQUE_ID
    3, -- LineNumber : INTEGER
    1, -- StartPosition : INTEGER
    'if ( empty employee )
	create object instance repeater of Employee;
	generate Employee1:newEmployeeRcvd(FName:param.FName, LName:param.LName, National_ID:param.National_ID) to employee;
	UI::Reply( msg:"Employee added successfully.", state:True);
else 
	LOG::LogInfo(message:"Employee already exists!" );	
	UI::Reply( msg:"Employee already exists", state:False);
end if' -- Label : STRING
);
INSERT INTO ACT_SMT VALUES (
    "2ae2c704-8288-44c2-9fa1-467dbf8d3e80", -- Statement_ID : UNIQUE_ID
    "cc90bf5d-91df-431b-86ca-23189057ce50", -- Block_ID : UNIQUE_ID
    "0cbd337f-082b-47ce-84b2-8071ccaaa37a", -- Previous_Statement_ID : UNIQUE_ID
    4, -- LineNumber : INTEGER
    2, -- StartPosition : INTEGER
    'create object instance repeater of Employee' -- Label : STRING
);
INSERT INTO ACT_SMT VALUES (
    "0cbd337f-082b-47ce-84b2-8071ccaaa37a", -- Statement_ID : UNIQUE_ID
    "cc90bf5d-91df-431b-86ca-23189057ce50", -- Block_ID : UNIQUE_ID
    "42edddfd-40f3-4f44-91cb-aee4f43e89e1", -- Previous_Statement_ID : UNIQUE_ID
    5, -- LineNumber : INTEGER
    2, -- StartPosition : INTEGER
    'generate Employee1:newEmployeeRcvd(FName:param.FName, LName:param.LName, National_ID:param.National_ID) to employee' -- Label : STRING
);
INSERT INTO ACT_SMT VALUES (
    "42edddfd-40f3-4f44-91cb-aee4f43e89e1", -- Statement_ID : UNIQUE_ID
    "cc90bf5d-91df-431b-86ca-23189057ce50", -- Block_ID : UNIQUE_ID
    "00000000-0000-0000-0000-000000000000", -- Previous_Statement_ID : UNIQUE_ID
    6, -- LineNumber : INTEGER
    2, -- StartPosition : INTEGER
    'UI::Reply( msg:"Employee added successfully.", state:True)' -- Label : STRING
);
INSERT INTO ACT_SMT VALUES (
    "27b470a1-b013-41e8-8ac7-295063906a3d", -- Statement_ID : UNIQUE_ID
    "5afae02f-2be6-4a0b-9ee6-f07a0d3c4495", -- Block_ID : UNIQUE_ID
    "00000000-0000-0000-0000-000000000000", -- Previous_Statement_ID : UNIQUE_ID
    7, -- LineNumber : INTEGER
    1, -- StartPosition : INTEGER
    'else 
	LOG::LogInfo(message:"Employee already exists!" );	
	UI::Reply( msg:"Employee already exists", state:False);' -- Label : STRING
);
INSERT INTO ACT_SMT VALUES (
    "235be50d-e6c8-4258-919a-f1a1960b43fc", -- Statement_ID : UNIQUE_ID
    "ed363a5a-f327-4e6a-9aa7-310407a7fdf2", -- Block_ID : UNIQUE_ID
    "a61951f3-f9f2-4467-b310-6065627108d5", -- Previous_Statement_ID : UNIQUE_ID
    8, -- LineNumber : INTEGER
    2, -- StartPosition : INTEGER
    'LOG::LogInfo(message:"Employee already exists!" )' -- Label : STRING
);
INSERT INTO ACT_SMT VALUES (
    "a61951f3-f9f2-4467-b310-6065627108d5", -- Statement_ID : UNIQUE_ID
    "ed363a5a-f327-4e6a-9aa7-310407a7fdf2", -- Block_ID : UNIQUE_ID
    "00000000-0000-0000-0000-000000000000", -- Previous_Statement_ID : UNIQUE_ID
    9, -- LineNumber : INTEGER
    2, -- StartPosition : INTEGER
    'UI::Reply( msg:"Employee already exists", state:False)' -- Label : STRING
);
INSERT INTO ACT_SMT VALUES (
    "dd535861-23b8-41bb-890a-7aa56c49a137", -- Statement_ID : UNIQUE_ID
    "3d901a1e-ec8b-46b1-8d70-a500bc9c1c6b", -- Block_ID : UNIQUE_ID
    "4068107c-d4f7-4223-82cb-f1b62bd33349", -- Previous_Statement_ID : UNIQUE_ID
    2, -- LineNumber : INTEGER
    1, -- StartPosition : INTEGER
    'select any employee from instances of Employee where selected.National_ID==param.National_ID' -- Label : STRING
);
INSERT INTO ACT_SMT VALUES (
    "4068107c-d4f7-4223-82cb-f1b62bd33349", -- Statement_ID : UNIQUE_ID
    "3d901a1e-ec8b-46b1-8d70-a500bc9c1c6b", -- Block_ID : UNIQUE_ID
    "00000000-0000-0000-0000-000000000000", -- Previous_Statement_ID : UNIQUE_ID
    3, -- LineNumber : INTEGER
    1, -- StartPosition : INTEGER
    'if ( not empty employee )
	generate Employee2:commencedRcvd() to employee;
	UI::Reply( msg:"Employee has commenced ", state:True);

else 
	LOG::LogInfo(message:"Employee is not registered!" );
	UI::Reply( msg:"Employee is not found.", state:False);
end if' -- Label : STRING
);
INSERT INTO ACT_SMT VALUES (
    "6cace608-435b-41aa-904e-a138f885e8ba", -- Statement_ID : UNIQUE_ID
    "d024b9f4-5d5d-4b73-b366-1fe18bbcf0ae", -- Block_ID : UNIQUE_ID
    "1cd8a7f6-93a2-4adf-87fe-79a3ca9e2f21", -- Previous_Statement_ID : UNIQUE_ID
    4, -- LineNumber : INTEGER
    2, -- StartPosition : INTEGER
    'generate Employee2:commencedRcvd() to employee' -- Label : STRING
);
INSERT INTO ACT_SMT VALUES (
    "1cd8a7f6-93a2-4adf-87fe-79a3ca9e2f21", -- Statement_ID : UNIQUE_ID
    "d024b9f4-5d5d-4b73-b366-1fe18bbcf0ae", -- Block_ID : UNIQUE_ID
    "00000000-0000-0000-0000-000000000000", -- Previous_Statement_ID : UNIQUE_ID
    5, -- LineNumber : INTEGER
    2, -- StartPosition : INTEGER
    'UI::Reply( msg:"Employee has commenced ", state:True)' -- Label : STRING
);
INSERT INTO ACT_SMT VALUES (
    "76c76f1e-e539-4901-bdfe-e48d777f4696", -- Statement_ID : UNIQUE_ID
    "3d901a1e-ec8b-46b1-8d70-a500bc9c1c6b", -- Block_ID : UNIQUE_ID
    "00000000-0000-0000-0000-000000000000", -- Previous_Statement_ID : UNIQUE_ID
    7, -- LineNumber : INTEGER
    1, -- StartPosition : INTEGER
    'else 
	LOG::LogInfo(message:"Employee is not registered!" );
	UI::Reply( msg:"Employee is not found.", state:False);' -- Label : STRING
);
INSERT INTO ACT_SMT VALUES (
    "4a459436-c306-4a89-b747-57563b15155d", -- Statement_ID : UNIQUE_ID
    "f2a25b39-6ead-43ab-8307-b8c2c0fc4290", -- Block_ID : UNIQUE_ID
    "6a54bd9b-bda5-451b-9a0a-eb8304eaafd6", -- Previous_Statement_ID : UNIQUE_ID
    8, -- LineNumber : INTEGER
    2, -- StartPosition : INTEGER
    'LOG::LogInfo(message:"Employee is not registered!" )' -- Label : STRING
);
INSERT INTO ACT_SMT VALUES (
    "6a54bd9b-bda5-451b-9a0a-eb8304eaafd6", -- Statement_ID : UNIQUE_ID
    "f2a25b39-6ead-43ab-8307-b8c2c0fc4290", -- Block_ID : UNIQUE_ID
    "00000000-0000-0000-0000-000000000000", -- Previous_Statement_ID : UNIQUE_ID
    9, -- LineNumber : INTEGER
    2, -- StartPosition : INTEGER
    'UI::Reply( msg:"Employee is not found.", state:False)' -- Label : STRING
);
INSERT INTO ACT_TAB VALUES (
    "b4d66d66-6b67-4677-bb8b-fe6e243b5bf2", -- Action_ID : UNIQUE_ID
    "7b5f90bd-656f-4bc9-83bf-771ed45973b0", -- SM_ID : UNIQUE_ID
    "ca45fe8f-dbad-455c-899f-ef40d219d806" -- Act_ID : UNIQUE_ID
);
INSERT INTO ACT_TAB VALUES (
    "0e5ed006-1b5b-4bcd-a345-3341a8467412", -- Action_ID : UNIQUE_ID
    "7b5f90bd-656f-4bc9-83bf-771ed45973b0", -- SM_ID : UNIQUE_ID
    "becd648f-4aa1-43ca-9b3a-d3fc35c0fd00" -- Act_ID : UNIQUE_ID
);
INSERT INTO ACT_WHL VALUES (
    "0bdabfd0-85e2-4ce8-8564-875bc30627c6", -- Statement_ID : UNIQUE_ID
    "814dc5bd-6d39-41fb-97f6-471931b1448c", -- Value_ID : UNIQUE_ID
    "cdb5a962-2f82-46e7-8199-76d53cc946fc" -- Block_ID : UNIQUE_ID
);
INSERT INTO CL_IC VALUES (
    "6aa4e315-9e4a-4187-afb6-075a37702da7", -- Id : UNIQUE_ID
    "8e4782c3-9567-4154-87b3-67069634e7a5", -- AssignedComp_Id : UNIQUE_ID
    "00000000-0000-0000-0000-000000000000", -- ParentComp_Id : UNIQUE_ID
    "00000000-0000-0000-0000-000000000000", -- Component_Package_ID : UNIQUE_ID
    0, -- Mult : INTEGER
    '', -- ClassifierName : STRING
    'dhrm::hrm::hr', -- Name : STRING
    '' -- Descrip : STRING
);
INSERT INTO CL_IC VALUES (
    "61527127-c692-4baf-8c6a-7b3bd54f8db3", -- Id : UNIQUE_ID
    "d81dc79e-6692-4a39-b6d9-f5fc0b765726", -- AssignedComp_Id : UNIQUE_ID
    "00000000-0000-0000-0000-000000000000", -- ParentComp_Id : UNIQUE_ID
    "00000000-0000-0000-0000-000000000000", -- Component_Package_ID : UNIQUE_ID
    0, -- Mult : INTEGER
    '', -- ClassifierName : STRING
    'UIHR::UIHR::UI', -- Name : STRING
    '' -- Descrip : STRING
);
INSERT INTO CL_IIR VALUES (
    "0d0011e5-9d08-4213-96c8-a4130d610109", -- Id : UNIQUE_ID
    "e211a314-f4cf-4d96-ab5d-86594500f9c9", -- Ref_Id : UNIQUE_ID
    "2a7e36f3-b8e3-488c-9a8a-8f2053b386fe", -- CL_POR_Id : UNIQUE_ID
    "00000000-0000-0000-0000-000000000000", -- Delegation_Id : UNIQUE_ID
    'EP', -- Name : STRING
    '' -- Descrip : STRING
);
INSERT INTO CL_IIR VALUES (
    "451e40ae-b2bc-4182-972d-e7cd49ffef97", -- Id : UNIQUE_ID
    "3c565891-207b-4f8f-906f-7a28c50fa9aa", -- Ref_Id : UNIQUE_ID
    "dc409749-3231-4f2f-a188-575f9623ca0a", -- CL_POR_Id : UNIQUE_ID
    "00000000-0000-0000-0000-000000000000", -- Delegation_Id : UNIQUE_ID
    'EP', -- Name : STRING
    '' -- Descrip : STRING
);
INSERT INTO CL_IP VALUES (
    "0d0011e5-9d08-4213-96c8-a4130d610109", -- Id : UNIQUE_ID
    'EP', -- Name : STRING
    '' -- Descrip : STRING
);
INSERT INTO CL_IPINS VALUES (
    "93daa695-5c19-4584-b8ff-aeda570a0f03", -- Satisfaction_Id : UNIQUE_ID
    "0d0011e5-9d08-4213-96c8-a4130d610109" -- ImportedProvision_Id : UNIQUE_ID
);
INSERT INTO CL_IR VALUES (
    "451e40ae-b2bc-4182-972d-e7cd49ffef97", -- Id : UNIQUE_ID
    "93daa695-5c19-4584-b8ff-aeda570a0f03", -- Satisfaction_Element_Id : UNIQUE_ID
    'EP', -- Name : STRING
    '' -- Descrip : STRING
);
INSERT INTO CL_POR VALUES (
    "6aa4e315-9e4a-4187-afb6-075a37702da7", -- CL_IC_Id : UNIQUE_ID
    "498d117c-4422-44a6-af7e-6cb02ada65c5", -- C_PO_Id : UNIQUE_ID
    'UI', -- Name : STRING
    "2a7e36f3-b8e3-488c-9a8a-8f2053b386fe" -- Id : UNIQUE_ID
);
INSERT INTO CL_POR VALUES (
    "61527127-c692-4baf-8c6a-7b3bd54f8db3", -- CL_IC_Id : UNIQUE_ID
    "d8aeacb7-ad9c-4082-9867-d8dc363f53b7", -- C_PO_Id : UNIQUE_ID
    'App', -- Name : STRING
    "dc409749-3231-4f2f-a188-575f9623ca0a" -- Id : UNIQUE_ID
);
INSERT INTO C_AS VALUES (
    "be4e38a9-c84b-44ce-a173-d57405caeeca", -- Id : UNIQUE_ID
    'New', -- Name : STRING
    '', -- Descrip : STRING
    0, -- Direction : INTEGER
    "00000000-0000-0000-0000-000000000000" -- Previous_Id : UNIQUE_ID
);
INSERT INTO C_AS VALUES (
    "f83ecd5c-00bd-42d1-a795-2868eba34aec", -- Id : UNIQUE_ID
    'Reply', -- Name : STRING
    '', -- Descrip : STRING
    1, -- Direction : INTEGER
    "be4e38a9-c84b-44ce-a173-d57405caeeca" -- Previous_Id : UNIQUE_ID
);
INSERT INTO C_AS VALUES (
    "dd791a09-c8bd-4868-8174-4726cea8e2d3", -- Id : UNIQUE_ID
    'Start', -- Name : STRING
    '', -- Descrip : STRING
    0, -- Direction : INTEGER
    "f83ecd5c-00bd-42d1-a795-2868eba34aec" -- Previous_Id : UNIQUE_ID
);
INSERT INTO C_C VALUES (
    "8e4782c3-9567-4154-87b3-67069634e7a5", -- Id : UNIQUE_ID
    "00000000-0000-0000-0000-000000000000", -- Package_ID : UNIQUE_ID
    "00000000-0000-0000-0000-000000000000", -- NestedComponent_Id : UNIQUE_ID
    'hr', -- Name : STRING
    '', -- Descrip : STRING
    0, -- Mult : INTEGER
    "00000000-0000-0000-0000-000000000000", -- Root_Package_ID : UNIQUE_ID
    0, -- isRealized : BOOLEAN
    '' -- Realized_Class_Path : STRING
);
INSERT INTO C_C VALUES (
    "d81dc79e-6692-4a39-b6d9-f5fc0b765726", -- Id : UNIQUE_ID
    "00000000-0000-0000-0000-000000000000", -- Package_ID : UNIQUE_ID
    "00000000-0000-0000-0000-000000000000", -- NestedComponent_Id : UNIQUE_ID
    'UI', -- Name : STRING
    '', -- Descrip : STRING
    0, -- Mult : INTEGER
    "00000000-0000-0000-0000-000000000000", -- Root_Package_ID : UNIQUE_ID
    0, -- isRealized : BOOLEAN
    '' -- Realized_Class_Path : STRING
);
INSERT INTO C_EP VALUES (
    "be4e38a9-c84b-44ce-a173-d57405caeeca", -- Id : UNIQUE_ID
    "102214df-1d03-428f-9eb8-5c5ce18bfdae", -- Interface_Id : UNIQUE_ID
    -1, -- Direction : INTEGER
    'New', -- Name : STRING
    '' -- Descrip : STRING
);
INSERT INTO C_EP VALUES (
    "f83ecd5c-00bd-42d1-a795-2868eba34aec", -- Id : UNIQUE_ID
    "102214df-1d03-428f-9eb8-5c5ce18bfdae", -- Interface_Id : UNIQUE_ID
    -1, -- Direction : INTEGER
    'Reply', -- Name : STRING
    '' -- Descrip : STRING
);
INSERT INTO C_EP VALUES (
    "dd791a09-c8bd-4868-8174-4726cea8e2d3", -- Id : UNIQUE_ID
    "102214df-1d03-428f-9eb8-5c5ce18bfdae", -- Interface_Id : UNIQUE_ID
    -1, -- Direction : INTEGER
    'Start', -- Name : STRING
    '' -- Descrip : STRING
);
INSERT INTO C_I VALUES (
    "102214df-1d03-428f-9eb8-5c5ce18bfdae", -- Id : UNIQUE_ID
    "00000000-0000-0000-0000-000000000000", -- Package_ID : UNIQUE_ID
    'EP', -- Name : STRING
    '' -- Descrip : STRING
);
INSERT INTO C_IR VALUES (
    "e211a314-f4cf-4d96-ab5d-86594500f9c9", -- Id : UNIQUE_ID
    "102214df-1d03-428f-9eb8-5c5ce18bfdae", -- Formal_Interface_Id : UNIQUE_ID
    "00000000-0000-0000-0000-000000000000", -- Delegation_Id : UNIQUE_ID
    "498d117c-4422-44a6-af7e-6cb02ada65c5" -- Port_Id : UNIQUE_ID
);
INSERT INTO C_IR VALUES (
    "3c565891-207b-4f8f-906f-7a28c50fa9aa", -- Id : UNIQUE_ID
    "102214df-1d03-428f-9eb8-5c5ce18bfdae", -- Formal_Interface_Id : UNIQUE_ID
    "00000000-0000-0000-0000-000000000000", -- Delegation_Id : UNIQUE_ID
    "d8aeacb7-ad9c-4082-9867-d8dc363f53b7" -- Port_Id : UNIQUE_ID
);
INSERT INTO C_P VALUES (
    "e211a314-f4cf-4d96-ab5d-86594500f9c9", -- Provision_Id : UNIQUE_ID
    'EP', -- Name : STRING
    'HRUI', -- InformalName : STRING
    '', -- Descrip : STRING
    'hr::UI::EP' -- pathFromComponent : STRING
);
INSERT INTO C_PO VALUES (
    "498d117c-4422-44a6-af7e-6cb02ada65c5", -- Id : UNIQUE_ID
    "8e4782c3-9567-4154-87b3-67069634e7a5", -- Component_Id : UNIQUE_ID
    'UI', -- Name : STRING
    0, -- Mult : INTEGER
    0 -- DoNotShowPortOnCanvas : BOOLEAN
);
INSERT INTO C_PO VALUES (
    "d8aeacb7-ad9c-4082-9867-d8dc363f53b7", -- Id : UNIQUE_ID
    "d81dc79e-6692-4a39-b6d9-f5fc0b765726", -- Component_Id : UNIQUE_ID
    'App', -- Name : STRING
    0, -- Mult : INTEGER
    0 -- DoNotShowPortOnCanvas : BOOLEAN
);
INSERT INTO C_PP VALUES (
    "8d5bd5a6-f248-4b87-a4bb-eb772b2397d8", -- PP_Id : UNIQUE_ID
    "be4e38a9-c84b-44ce-a173-d57405caeeca", -- Signal_Id : UNIQUE_ID
    "ba5eda7a-def5-0000-0000-000000000004", -- DT_ID : UNIQUE_ID
    'FName', -- Name : STRING
    '', -- Descrip : STRING
    0, -- By_Ref : INTEGER
    '', -- Dimensions : STRING
    "00000000-0000-0000-0000-000000000000" -- Previous_PP_Id : UNIQUE_ID
);
INSERT INTO C_PP VALUES (
    "b1170977-7e1a-4e1e-8ec1-9e9ef2712f79", -- PP_Id : UNIQUE_ID
    "be4e38a9-c84b-44ce-a173-d57405caeeca", -- Signal_Id : UNIQUE_ID
    "ba5eda7a-def5-0000-0000-000000000004", -- DT_ID : UNIQUE_ID
    'LName', -- Name : STRING
    '', -- Descrip : STRING
    0, -- By_Ref : INTEGER
    '', -- Dimensions : STRING
    "8d5bd5a6-f248-4b87-a4bb-eb772b2397d8" -- Previous_PP_Id : UNIQUE_ID
);
INSERT INTO C_PP VALUES (
    "28761f9b-5da3-4284-aa06-53a1471a18fd", -- PP_Id : UNIQUE_ID
    "be4e38a9-c84b-44ce-a173-d57405caeeca", -- Signal_Id : UNIQUE_ID
    "ba5eda7a-def5-0000-0000-000000000002", -- DT_ID : UNIQUE_ID
    'National_ID', -- Name : STRING
    '', -- Descrip : STRING
    0, -- By_Ref : INTEGER
    '', -- Dimensions : STRING
    "b1170977-7e1a-4e1e-8ec1-9e9ef2712f79" -- Previous_PP_Id : UNIQUE_ID
);
INSERT INTO C_PP VALUES (
    "6c3424d1-f671-42a7-b29c-fad87a2ff081", -- PP_Id : UNIQUE_ID
    "f83ecd5c-00bd-42d1-a795-2868eba34aec", -- Signal_Id : UNIQUE_ID
    "ba5eda7a-def5-0000-0000-000000000004", -- DT_ID : UNIQUE_ID
    'msg', -- Name : STRING
    '', -- Descrip : STRING
    0, -- By_Ref : INTEGER
    '', -- Dimensions : STRING
    "00000000-0000-0000-0000-000000000000" -- Previous_PP_Id : UNIQUE_ID
);
INSERT INTO C_PP VALUES (
    "426a31f6-75f0-4356-affb-38fd98147139", -- PP_Id : UNIQUE_ID
    "f83ecd5c-00bd-42d1-a795-2868eba34aec", -- Signal_Id : UNIQUE_ID
    "ba5eda7a-def5-0000-0000-000000000001", -- DT_ID : UNIQUE_ID
    'state', -- Name : STRING
    '', -- Descrip : STRING
    0, -- By_Ref : INTEGER
    '', -- Dimensions : STRING
    "6c3424d1-f671-42a7-b29c-fad87a2ff081" -- Previous_PP_Id : UNIQUE_ID
);
INSERT INTO C_PP VALUES (
    "665d0f46-1f6b-4469-b345-11ad3a35684e", -- PP_Id : UNIQUE_ID
    "dd791a09-c8bd-4868-8174-4726cea8e2d3", -- Signal_Id : UNIQUE_ID
    "ba5eda7a-def5-0000-0000-000000000002", -- DT_ID : UNIQUE_ID
    'National_ID', -- Name : STRING
    '', -- Descrip : STRING
    0, -- By_Ref : INTEGER
    '', -- Dimensions : STRING
    "00000000-0000-0000-0000-000000000000" -- Previous_PP_Id : UNIQUE_ID
);
INSERT INTO C_R VALUES (
    "3c565891-207b-4f8f-906f-7a28c50fa9aa", -- Requirement_Id : UNIQUE_ID
    'EP', -- Name : STRING
    '', -- Descrip : STRING
    'HRApp', -- InformalName : STRING
    'UI::App::EP' -- reversePathFromComponent : STRING
);
INSERT INTO C_SF VALUES (
    "93daa695-5c19-4584-b8ff-aeda570a0f03", -- Id : UNIQUE_ID
    "3c565891-207b-4f8f-906f-7a28c50fa9aa", -- Requirement_Id : UNIQUE_ID
    "e211a314-f4cf-4d96-ab5d-86594500f9c9", -- Provision_Id : UNIQUE_ID
    '', -- Descrip : STRING
    'hr::UI::EP -o)- UI::App::EP' -- Label : STRING
);
INSERT INTO EP_PKG VALUES (
    "63980537-a12c-49e3-a1f9-8bd1a2489218", -- Package_ID : UNIQUE_ID
    "7fdc406f-2939-49c0-8fab-99de27b70193", -- Sys_ID : UNIQUE_ID
    "7fdc406f-2939-49c0-8fab-99de27b70193", -- Direct_Sys_ID : UNIQUE_ID
    'io.ciera.runtime.summit.util', -- Name : STRING
    '', -- Descrip : STRING
    0 -- Num_Rng : INTEGER
);
INSERT INTO EP_PKG VALUES (
    "12c213af-4b2d-4e49-890c-453aa4660620", -- Package_ID : UNIQUE_ID
    "7fdc406f-2939-49c0-8fab-99de27b70193", -- Sys_ID : UNIQUE_ID
    "7fdc406f-2939-49c0-8fab-99de27b70193", -- Direct_Sys_ID : UNIQUE_ID
    'io.ciera.runtime.instanceloading.generic.util', -- Name : STRING
    '', -- Descrip : STRING
    0 -- Num_Rng : INTEGER
);
INSERT INTO EP_PKG VALUES (
    "78fb3e55-9840-4511-a824-62393e628058", -- Package_ID : UNIQUE_ID
    "7fdc406f-2939-49c0-8fab-99de27b70193", -- Sys_ID : UNIQUE_ID
    "7fdc406f-2939-49c0-8fab-99de27b70193", -- Direct_Sys_ID : UNIQUE_ID
    'io.ciera.runtime.instanceloading.sql.util', -- Name : STRING
    '', -- Descrip : STRING
    0 -- Num_Rng : INTEGER
);
INSERT INTO EP_PKG VALUES (
    "1df09104-1fdb-48ee-9ae7-06cc055c5770", -- Package_ID : UNIQUE_ID
    "7fdc406f-2939-49c0-8fab-99de27b70193", -- Sys_ID : UNIQUE_ID
    "7fdc406f-2939-49c0-8fab-99de27b70193", -- Direct_Sys_ID : UNIQUE_ID
    'io.ciera.runtime.template.util', -- Name : STRING
    '', -- Descrip : STRING
    0 -- Num_Rng : INTEGER
);
INSERT INTO EP_PKG VALUES (
    "ddbd5fec-558a-4967-bd11-9b09a6c6c428", -- Package_ID : UNIQUE_ID
    "7fdc406f-2939-49c0-8fab-99de27b70193", -- Sys_ID : UNIQUE_ID
    "7fdc406f-2939-49c0-8fab-99de27b70193", -- Direct_Sys_ID : UNIQUE_ID
    'io.ciera.runtime.instanceloading.dynamodb.util', -- Name : STRING
    '', -- Descrip : STRING
    0 -- Num_Rng : INTEGER
);
INSERT INTO EP_PKG VALUES (
    "27857a34-c690-49d3-a891-ae314dca5262", -- Package_ID : UNIQUE_ID
    "ccdb2e52-76fc-4422-936f-a0239fd9d106", -- Sys_ID : UNIQUE_ID
    "ccdb2e52-76fc-4422-936f-a0239fd9d106", -- Direct_Sys_ID : UNIQUE_ID
    'hr_datatypes', -- Name : STRING
    '', -- Descrip : STRING
    0 -- Num_Rng : INTEGER
);
INSERT INTO EP_PKG VALUES (
    "c26641d6-6bfe-4fa5-b78d-533f6fb8d396", -- Package_ID : UNIQUE_ID
    "ccdb2e52-76fc-4422-936f-a0239fd9d106", -- Sys_ID : UNIQUE_ID
    "ccdb2e52-76fc-4422-936f-a0239fd9d106", -- Direct_Sys_ID : UNIQUE_ID
    'hrm', -- Name : STRING
    '', -- Descrip : STRING
    0 -- Num_Rng : INTEGER
);
INSERT INTO EP_PKG VALUES (
    "fdd8efa1-97d4-4adc-a67d-1fb0bd49373b", -- Package_ID : UNIQUE_ID
    "00000000-0000-0000-0000-000000000000", -- Sys_ID : UNIQUE_ID
    "ccdb2e52-76fc-4422-936f-a0239fd9d106", -- Direct_Sys_ID : UNIQUE_ID
    'main', -- Name : STRING
    '', -- Descrip : STRING
    0 -- Num_Rng : INTEGER
);
INSERT INTO EP_PKG VALUES (
    "cabf7045-c6ff-41a5-afe9-032eec941581", -- Package_ID : UNIQUE_ID
    "00000000-0000-0000-0000-000000000000", -- Sys_ID : UNIQUE_ID
    "46564f98-385d-43d9-876a-ca551a77e802", -- Direct_Sys_ID : UNIQUE_ID
    'UI', -- Name : STRING
    '', -- Descrip : STRING
    0 -- Num_Rng : INTEGER
);
INSERT INTO EP_PKG VALUES (
    "941213f0-4346-48d9-89fe-196761630487", -- Package_ID : UNIQUE_ID
    "00000000-0000-0000-0000-000000000000", -- Sys_ID : UNIQUE_ID
    "46564f98-385d-43d9-876a-ca551a77e802", -- Direct_Sys_ID : UNIQUE_ID
    'Shared', -- Name : STRING
    '', -- Descrip : STRING
    0 -- Num_Rng : INTEGER
);
INSERT INTO EP_PKG VALUES (
    "2ac1b93e-087c-4999-856e-c988c703dec6", -- Package_ID : UNIQUE_ID
    "46564f98-385d-43d9-876a-ca551a77e802", -- Sys_ID : UNIQUE_ID
    "46564f98-385d-43d9-876a-ca551a77e802", -- Direct_Sys_ID : UNIQUE_ID
    'UI', -- Name : STRING
    '', -- Descrip : STRING
    0 -- Num_Rng : INTEGER
);
INSERT INTO EP_PKG VALUES (
    "b4605ab7-f9f1-4427-9a8b-300116f87fe6", -- Package_ID : UNIQUE_ID
    "a31b98b3-80c6-4eea-80cb-d84755441c10", -- Sys_ID : UNIQUE_ID
    "a31b98b3-80c6-4eea-80cb-d84755441c10", -- Direct_Sys_ID : UNIQUE_ID
    'HRsystem', -- Name : STRING
    '', -- Descrip : STRING
    0 -- Num_Rng : INTEGER
);
INSERT INTO E_ESS VALUES (
    "0cbd337f-082b-47ce-84b2-8071ccaaa37a", -- Statement_ID : UNIQUE_ID
    0, -- ParmListOK : BOOLEAN
    0, -- PEIndicated : BOOLEAN
    0, -- eventDerivedLabelLineNumber : INTEGER
    0, -- eventDerivedLabelColumn : INTEGER
    0, -- eventMeaningLineNumber : INTEGER
    0, -- eventMeaningColumn : INTEGER
    0, -- eventTargetKeyLettersLineNumber : INTEGER
    0, -- eventTargetKeyLettersColumn : INTEGER
    0, -- firstEventDataItemNameLineNumber : INTEGER
    0, -- firstEventDataItemNameColumn : INTEGER
    0, -- currentLaterEventDataItemNameLineNumber : INTEGER
    0 -- currentLaterEventDataItemNameColumn : INTEGER
);
INSERT INTO E_ESS VALUES (
    "6cace608-435b-41aa-904e-a138f885e8ba", -- Statement_ID : UNIQUE_ID
    0, -- ParmListOK : BOOLEAN
    0, -- PEIndicated : BOOLEAN
    0, -- eventDerivedLabelLineNumber : INTEGER
    0, -- eventDerivedLabelColumn : INTEGER
    0, -- eventMeaningLineNumber : INTEGER
    0, -- eventMeaningColumn : INTEGER
    0, -- eventTargetKeyLettersLineNumber : INTEGER
    0, -- eventTargetKeyLettersColumn : INTEGER
    0, -- firstEventDataItemNameLineNumber : INTEGER
    0, -- firstEventDataItemNameColumn : INTEGER
    0, -- currentLaterEventDataItemNameLineNumber : INTEGER
    0 -- currentLaterEventDataItemNameColumn : INTEGER
);
INSERT INTO E_GEN VALUES (
    "0cbd337f-082b-47ce-84b2-8071ccaaa37a", -- Statement_ID : UNIQUE_ID
    "3fe6dbc5-22e9-4f0f-8d89-c34b615171e0" -- Var_ID : UNIQUE_ID
);
INSERT INTO E_GEN VALUES (
    "6cace608-435b-41aa-904e-a138f885e8ba", -- Statement_ID : UNIQUE_ID
    "f1ab3e41-f5b1-4409-923c-0fa032a2dfe4" -- Var_ID : UNIQUE_ID
);
INSERT INTO E_GES VALUES (
    "0cbd337f-082b-47ce-84b2-8071ccaaa37a" -- Statement_ID : UNIQUE_ID
);
INSERT INTO E_GES VALUES (
    "6cace608-435b-41aa-904e-a138f885e8ba" -- Statement_ID : UNIQUE_ID
);
INSERT INTO E_GSME VALUES (
    "0cbd337f-082b-47ce-84b2-8071ccaaa37a", -- Statement_ID : UNIQUE_ID
    "291931bf-a34c-4717-94e5-c19b2a6bb5d3" -- SMevt_ID : UNIQUE_ID
);
INSERT INTO E_GSME VALUES (
    "6cace608-435b-41aa-904e-a138f885e8ba", -- Statement_ID : UNIQUE_ID
    "4399bed0-4e99-4616-aa45-eb724333bc35" -- SMevt_ID : UNIQUE_ID
);
INSERT INTO O_ATTR VALUES (
    "7e42a956-78c5-4651-8efb-01820a985edd", -- Attr_ID : UNIQUE_ID
    "d8528470-976c-421b-a087-1201ac24302f", -- Obj_ID : UNIQUE_ID
    "00000000-0000-0000-0000-000000000000", -- PAttr_ID : UNIQUE_ID
    'FName', -- Name : STRING
    '', -- Descrip : STRING
    '', -- Prefix : STRING
    'FName', -- Root_Nam : STRING
    0, -- Pfx_Mode : INTEGER
    "ba5eda7a-def5-0000-0000-000000000004", -- DT_ID : UNIQUE_ID
    '', -- Dimensions : STRING
    '' -- DefaultValue : STRING
);
INSERT INTO O_ATTR VALUES (
    "9066db86-0565-4761-9920-bcf2a1cd02d9", -- Attr_ID : UNIQUE_ID
    "d8528470-976c-421b-a087-1201ac24302f", -- Obj_ID : UNIQUE_ID
    "7e42a956-78c5-4651-8efb-01820a985edd", -- PAttr_ID : UNIQUE_ID
    'National_ID', -- Name : STRING
    '', -- Descrip : STRING
    '', -- Prefix : STRING
    'National_ID', -- Root_Nam : STRING
    0, -- Pfx_Mode : INTEGER
    "ba5eda7a-def5-0000-0000-000000000002", -- DT_ID : UNIQUE_ID
    '', -- Dimensions : STRING
    '' -- DefaultValue : STRING
);
INSERT INTO O_ATTR VALUES (
    "10da70ec-c8aa-41a2-801c-33e8884587ab", -- Attr_ID : UNIQUE_ID
    "d8528470-976c-421b-a087-1201ac24302f", -- Obj_ID : UNIQUE_ID
    "9066db86-0565-4761-9920-bcf2a1cd02d9", -- PAttr_ID : UNIQUE_ID
    'current_state', -- Name : STRING
    '', -- Descrip : STRING
    '', -- Prefix : STRING
    'current_state', -- Root_Nam : STRING
    0, -- Pfx_Mode : INTEGER
    "ba5eda7a-def5-0000-0000-000000000006", -- DT_ID : UNIQUE_ID
    '', -- Dimensions : STRING
    '' -- DefaultValue : STRING
);
INSERT INTO O_ATTR VALUES (
    "af90ebd4-1702-491f-85cd-2d5dbfad46bb", -- Attr_ID : UNIQUE_ID
    "d8528470-976c-421b-a087-1201ac24302f", -- Obj_ID : UNIQUE_ID
    "10da70ec-c8aa-41a2-801c-33e8884587ab", -- PAttr_ID : UNIQUE_ID
    'LName', -- Name : STRING
    '', -- Descrip : STRING
    '', -- Prefix : STRING
    'LName', -- Root_Nam : STRING
    0, -- Pfx_Mode : INTEGER
    "ba5eda7a-def5-0000-0000-000000000004", -- DT_ID : UNIQUE_ID
    '', -- Dimensions : STRING
    '' -- DefaultValue : STRING
);
INSERT INTO O_ATTR VALUES (
    "43f89e8d-d809-4067-a812-d1d57bb3a42d", -- Attr_ID : UNIQUE_ID
    "d8528470-976c-421b-a087-1201ac24302f", -- Obj_ID : UNIQUE_ID
    "af90ebd4-1702-491f-85cd-2d5dbfad46bb", -- PAttr_ID : UNIQUE_ID
    'Start_Date', -- Name : STRING
    '', -- Descrip : STRING
    '', -- Prefix : STRING
    'Start_Date', -- Root_Nam : STRING
    0, -- Pfx_Mode : INTEGER
    "ba5eda7a-def5-0000-0000-00000000000e", -- DT_ID : UNIQUE_ID
    '', -- Dimensions : STRING
    '' -- DefaultValue : STRING
);
INSERT INTO O_BATTR VALUES (
    "7e42a956-78c5-4651-8efb-01820a985edd", -- Attr_ID : UNIQUE_ID
    "d8528470-976c-421b-a087-1201ac24302f" -- Obj_ID : UNIQUE_ID
);
INSERT INTO O_BATTR VALUES (
    "9066db86-0565-4761-9920-bcf2a1cd02d9", -- Attr_ID : UNIQUE_ID
    "d8528470-976c-421b-a087-1201ac24302f" -- Obj_ID : UNIQUE_ID
);
INSERT INTO O_BATTR VALUES (
    "10da70ec-c8aa-41a2-801c-33e8884587ab", -- Attr_ID : UNIQUE_ID
    "d8528470-976c-421b-a087-1201ac24302f" -- Obj_ID : UNIQUE_ID
);
INSERT INTO O_BATTR VALUES (
    "af90ebd4-1702-491f-85cd-2d5dbfad46bb", -- Attr_ID : UNIQUE_ID
    "d8528470-976c-421b-a087-1201ac24302f" -- Obj_ID : UNIQUE_ID
);
INSERT INTO O_BATTR VALUES (
    "43f89e8d-d809-4067-a812-d1d57bb3a42d", -- Attr_ID : UNIQUE_ID
    "d8528470-976c-421b-a087-1201ac24302f" -- Obj_ID : UNIQUE_ID
);
INSERT INTO O_ID VALUES (
    0, -- Oid_ID : INTEGER
    "d8528470-976c-421b-a087-1201ac24302f" -- Obj_ID : UNIQUE_ID
);
INSERT INTO O_ID VALUES (
    1, -- Oid_ID : INTEGER
    "d8528470-976c-421b-a087-1201ac24302f" -- Obj_ID : UNIQUE_ID
);
INSERT INTO O_ID VALUES (
    2, -- Oid_ID : INTEGER
    "d8528470-976c-421b-a087-1201ac24302f" -- Obj_ID : UNIQUE_ID
);
INSERT INTO O_NBATTR VALUES (
    "7e42a956-78c5-4651-8efb-01820a985edd", -- Attr_ID : UNIQUE_ID
    "d8528470-976c-421b-a087-1201ac24302f" -- Obj_ID : UNIQUE_ID
);
INSERT INTO O_NBATTR VALUES (
    "9066db86-0565-4761-9920-bcf2a1cd02d9", -- Attr_ID : UNIQUE_ID
    "d8528470-976c-421b-a087-1201ac24302f" -- Obj_ID : UNIQUE_ID
);
INSERT INTO O_NBATTR VALUES (
    "10da70ec-c8aa-41a2-801c-33e8884587ab", -- Attr_ID : UNIQUE_ID
    "d8528470-976c-421b-a087-1201ac24302f" -- Obj_ID : UNIQUE_ID
);
INSERT INTO O_NBATTR VALUES (
    "af90ebd4-1702-491f-85cd-2d5dbfad46bb", -- Attr_ID : UNIQUE_ID
    "d8528470-976c-421b-a087-1201ac24302f" -- Obj_ID : UNIQUE_ID
);
INSERT INTO O_NBATTR VALUES (
    "43f89e8d-d809-4067-a812-d1d57bb3a42d", -- Attr_ID : UNIQUE_ID
    "d8528470-976c-421b-a087-1201ac24302f" -- Obj_ID : UNIQUE_ID
);
INSERT INTO O_OBJ VALUES (
    "d8528470-976c-421b-a087-1201ac24302f", -- Obj_ID : UNIQUE_ID
    'Employee', -- Name : STRING
    1, -- Numb : INTEGER
    'Employee', -- Key_Lett : STRING
    '', -- Descrip : STRING
    "00000000-0000-0000-0000-000000000000" -- SS_ID : UNIQUE_ID
);
INSERT INTO PE_PE VALUES (
    "ba5eda7a-def5-0000-0000-000000000000", -- Element_ID : UNIQUE_ID
    1, -- Visibility : INTEGER
    "00000000-0000-0000-0000-000000000000", -- Package_ID : UNIQUE_ID
    "00000000-0000-0000-0000-000000000000", -- Component_ID : UNIQUE_ID
    3 -- type : INTEGER
);
INSERT INTO PE_PE VALUES (
    "ba5eda7a-def5-0000-0000-000000000001", -- Element_ID : UNIQUE_ID
    1, -- Visibility : INTEGER
    "00000000-0000-0000-0000-000000000000", -- Package_ID : UNIQUE_ID
    "00000000-0000-0000-0000-000000000000", -- Component_ID : UNIQUE_ID
    3 -- type : INTEGER
);
INSERT INTO PE_PE VALUES (
    "ba5eda7a-def5-0000-0000-000000000002", -- Element_ID : UNIQUE_ID
    1, -- Visibility : INTEGER
    "00000000-0000-0000-0000-000000000000", -- Package_ID : UNIQUE_ID
    "00000000-0000-0000-0000-000000000000", -- Component_ID : UNIQUE_ID
    3 -- type : INTEGER
);
INSERT INTO PE_PE VALUES (
    "ba5eda7a-def5-0000-0000-000000000003", -- Element_ID : UNIQUE_ID
    1, -- Visibility : INTEGER
    "00000000-0000-0000-0000-000000000000", -- Package_ID : UNIQUE_ID
    "00000000-0000-0000-0000-000000000000", -- Component_ID : UNIQUE_ID
    3 -- type : INTEGER
);
INSERT INTO PE_PE VALUES (
    "ba5eda7a-def5-0000-0000-000000000004", -- Element_ID : UNIQUE_ID
    1, -- Visibility : INTEGER
    "00000000-0000-0000-0000-000000000000", -- Package_ID : UNIQUE_ID
    "00000000-0000-0000-0000-000000000000", -- Component_ID : UNIQUE_ID
    3 -- type : INTEGER
);
INSERT INTO PE_PE VALUES (
    "ba5eda7a-def5-0000-0000-000000000005", -- Element_ID : UNIQUE_ID
    1, -- Visibility : INTEGER
    "00000000-0000-0000-0000-000000000000", -- Package_ID : UNIQUE_ID
    "00000000-0000-0000-0000-000000000000", -- Component_ID : UNIQUE_ID
    3 -- type : INTEGER
);
INSERT INTO PE_PE VALUES (
    "ba5eda7a-def5-0000-0000-000000000006", -- Element_ID : UNIQUE_ID
    1, -- Visibility : INTEGER
    "00000000-0000-0000-0000-000000000000", -- Package_ID : UNIQUE_ID
    "00000000-0000-0000-0000-000000000000", -- Component_ID : UNIQUE_ID
    3 -- type : INTEGER
);
INSERT INTO PE_PE VALUES (
    "ba5eda7a-def5-0000-0000-000000000007", -- Element_ID : UNIQUE_ID
    1, -- Visibility : INTEGER
    "00000000-0000-0000-0000-000000000000", -- Package_ID : UNIQUE_ID
    "00000000-0000-0000-0000-000000000000", -- Component_ID : UNIQUE_ID
    3 -- type : INTEGER
);
INSERT INTO PE_PE VALUES (
    "ba5eda7a-def5-0000-0000-000000000008", -- Element_ID : UNIQUE_ID
    1, -- Visibility : INTEGER
    "00000000-0000-0000-0000-000000000000", -- Package_ID : UNIQUE_ID
    "00000000-0000-0000-0000-000000000000", -- Component_ID : UNIQUE_ID
    3 -- type : INTEGER
);
INSERT INTO PE_PE VALUES (
    "ba5eda7a-def5-0000-0000-000000000009", -- Element_ID : UNIQUE_ID
    1, -- Visibility : INTEGER
    "00000000-0000-0000-0000-000000000000", -- Package_ID : UNIQUE_ID
    "00000000-0000-0000-0000-000000000000", -- Component_ID : UNIQUE_ID
    3 -- type : INTEGER
);
INSERT INTO PE_PE VALUES (
    "ba5eda7a-def5-0000-0000-00000000000a", -- Element_ID : UNIQUE_ID
    1, -- Visibility : INTEGER
    "00000000-0000-0000-0000-000000000000", -- Package_ID : UNIQUE_ID
    "00000000-0000-0000-0000-000000000000", -- Component_ID : UNIQUE_ID
    3 -- type : INTEGER
);
INSERT INTO PE_PE VALUES (
    "ba5eda7a-def5-0000-0000-00000000000b", -- Element_ID : UNIQUE_ID
    1, -- Visibility : INTEGER
    "00000000-0000-0000-0000-000000000000", -- Package_ID : UNIQUE_ID
    "00000000-0000-0000-0000-000000000000", -- Component_ID : UNIQUE_ID
    3 -- type : INTEGER
);
INSERT INTO PE_PE VALUES (
    "ba5eda7a-def5-0000-0000-00000000000c", -- Element_ID : UNIQUE_ID
    1, -- Visibility : INTEGER
    "00000000-0000-0000-0000-000000000000", -- Package_ID : UNIQUE_ID
    "00000000-0000-0000-0000-000000000000", -- Component_ID : UNIQUE_ID
    3 -- type : INTEGER
);
INSERT INTO PE_PE VALUES (
    "ba5eda7a-def5-0000-0000-00000000000d", -- Element_ID : UNIQUE_ID
    1, -- Visibility : INTEGER
    "00000000-0000-0000-0000-000000000000", -- Package_ID : UNIQUE_ID
    "00000000-0000-0000-0000-000000000000", -- Component_ID : UNIQUE_ID
    3 -- type : INTEGER
);
INSERT INTO PE_PE VALUES (
    "ba5eda7a-def5-0000-0000-00000000000e", -- Element_ID : UNIQUE_ID
    1, -- Visibility : INTEGER
    "00000000-0000-0000-0000-000000000000", -- Package_ID : UNIQUE_ID
    "00000000-0000-0000-0000-000000000000", -- Component_ID : UNIQUE_ID
    3 -- type : INTEGER
);
INSERT INTO PE_PE VALUES (
    "ba5eda7a-def5-0000-0000-00000000000f", -- Element_ID : UNIQUE_ID
    1, -- Visibility : INTEGER
    "00000000-0000-0000-0000-000000000000", -- Package_ID : UNIQUE_ID
    "00000000-0000-0000-0000-000000000000", -- Component_ID : UNIQUE_ID
    3 -- type : INTEGER
);
INSERT INTO PE_PE VALUES (
    "ba5eda7a-def5-0000-0000-000000000010", -- Element_ID : UNIQUE_ID
    1, -- Visibility : INTEGER
    "00000000-0000-0000-0000-000000000000", -- Package_ID : UNIQUE_ID
    "00000000-0000-0000-0000-000000000000", -- Component_ID : UNIQUE_ID
    3 -- type : INTEGER
);
INSERT INTO PE_PE VALUES (
    "301ed0ee-cd6b-49d6-949f-df904baa862c", -- Element_ID : UNIQUE_ID
    1, -- Visibility : INTEGER
    "63980537-a12c-49e3-a1f9-8bd1a2489218", -- Package_ID : UNIQUE_ID
    "00000000-0000-0000-0000-000000000000", -- Component_ID : UNIQUE_ID
    5 -- type : INTEGER
);
INSERT INTO PE_PE VALUES (
    "fb3760d2-2a3e-463f-bd24-66cd25fdba39", -- Element_ID : UNIQUE_ID
    1, -- Visibility : INTEGER
    "63980537-a12c-49e3-a1f9-8bd1a2489218", -- Package_ID : UNIQUE_ID
    "00000000-0000-0000-0000-000000000000", -- Component_ID : UNIQUE_ID
    5 -- type : INTEGER
);
INSERT INTO PE_PE VALUES (
    "0cbe8000-b94e-43c0-a74e-b3d9f70bb59d", -- Element_ID : UNIQUE_ID
    1, -- Visibility : INTEGER
    "63980537-a12c-49e3-a1f9-8bd1a2489218", -- Package_ID : UNIQUE_ID
    "00000000-0000-0000-0000-000000000000", -- Component_ID : UNIQUE_ID
    5 -- type : INTEGER
);
INSERT INTO PE_PE VALUES (
    "2c85491d-6998-469c-bc26-d447450f7f85", -- Element_ID : UNIQUE_ID
    1, -- Visibility : INTEGER
    "63980537-a12c-49e3-a1f9-8bd1a2489218", -- Package_ID : UNIQUE_ID
    "00000000-0000-0000-0000-000000000000", -- Component_ID : UNIQUE_ID
    5 -- type : INTEGER
);
INSERT INTO PE_PE VALUES (
    "33d21480-69a2-4ed7-9fd6-4b0d734cf2a9", -- Element_ID : UNIQUE_ID
    1, -- Visibility : INTEGER
    "63980537-a12c-49e3-a1f9-8bd1a2489218", -- Package_ID : UNIQUE_ID
    "00000000-0000-0000-0000-000000000000", -- Component_ID : UNIQUE_ID
    5 -- type : INTEGER
);
INSERT INTO PE_PE VALUES (
    "445e6cf8-2b35-4c6d-b9ff-1db8125259dc", -- Element_ID : UNIQUE_ID
    1, -- Visibility : INTEGER
    "63980537-a12c-49e3-a1f9-8bd1a2489218", -- Package_ID : UNIQUE_ID
    "00000000-0000-0000-0000-000000000000", -- Component_ID : UNIQUE_ID
    5 -- type : INTEGER
);
INSERT INTO PE_PE VALUES (
    "c9877e9a-7dfe-4912-b126-3e0d533cabd5", -- Element_ID : UNIQUE_ID
    1, -- Visibility : INTEGER
    "63980537-a12c-49e3-a1f9-8bd1a2489218", -- Package_ID : UNIQUE_ID
    "00000000-0000-0000-0000-000000000000", -- Component_ID : UNIQUE_ID
    5 -- type : INTEGER
);
INSERT INTO PE_PE VALUES (
    "63980537-a12c-49e3-a1f9-8bd1a2489218", -- Element_ID : UNIQUE_ID
    1, -- Visibility : INTEGER
    "00000000-0000-0000-0000-000000000000", -- Package_ID : UNIQUE_ID
    "00000000-0000-0000-0000-000000000000", -- Component_ID : UNIQUE_ID
    7 -- type : INTEGER
);
INSERT INTO PE_PE VALUES (
    "4525dfcd-89bc-4810-bceb-c727b8c25e05", -- Element_ID : UNIQUE_ID
    1, -- Visibility : INTEGER
    "12c213af-4b2d-4e49-890c-453aa4660620", -- Package_ID : UNIQUE_ID
    "00000000-0000-0000-0000-000000000000", -- Component_ID : UNIQUE_ID
    5 -- type : INTEGER
);
INSERT INTO PE_PE VALUES (
    "12c213af-4b2d-4e49-890c-453aa4660620", -- Element_ID : UNIQUE_ID
    1, -- Visibility : INTEGER
    "00000000-0000-0000-0000-000000000000", -- Package_ID : UNIQUE_ID
    "00000000-0000-0000-0000-000000000000", -- Component_ID : UNIQUE_ID
    7 -- type : INTEGER
);
INSERT INTO PE_PE VALUES (
    "3c9187e2-faac-4b05-986d-04c751e1632b", -- Element_ID : UNIQUE_ID
    1, -- Visibility : INTEGER
    "78fb3e55-9840-4511-a824-62393e628058", -- Package_ID : UNIQUE_ID
    "00000000-0000-0000-0000-000000000000", -- Component_ID : UNIQUE_ID
    5 -- type : INTEGER
);
INSERT INTO PE_PE VALUES (
    "78fb3e55-9840-4511-a824-62393e628058", -- Element_ID : UNIQUE_ID
    1, -- Visibility : INTEGER
    "00000000-0000-0000-0000-000000000000", -- Package_ID : UNIQUE_ID
    "00000000-0000-0000-0000-000000000000", -- Component_ID : UNIQUE_ID
    7 -- type : INTEGER
);
INSERT INTO PE_PE VALUES (
    "d6db4b3d-c6a5-400a-92b9-6a391237afbb", -- Element_ID : UNIQUE_ID
    1, -- Visibility : INTEGER
    "1df09104-1fdb-48ee-9ae7-06cc055c5770", -- Package_ID : UNIQUE_ID
    "00000000-0000-0000-0000-000000000000", -- Component_ID : UNIQUE_ID
    5 -- type : INTEGER
);
INSERT INTO PE_PE VALUES (
    "1df09104-1fdb-48ee-9ae7-06cc055c5770", -- Element_ID : UNIQUE_ID
    1, -- Visibility : INTEGER
    "00000000-0000-0000-0000-000000000000", -- Package_ID : UNIQUE_ID
    "00000000-0000-0000-0000-000000000000", -- Component_ID : UNIQUE_ID
    7 -- type : INTEGER
);
INSERT INTO PE_PE VALUES (
    "c03ccce5-cb73-48ca-b676-b00270c95839", -- Element_ID : UNIQUE_ID
    1, -- Visibility : INTEGER
    "ddbd5fec-558a-4967-bd11-9b09a6c6c428", -- Package_ID : UNIQUE_ID
    "00000000-0000-0000-0000-000000000000", -- Component_ID : UNIQUE_ID
    5 -- type : INTEGER
);
INSERT INTO PE_PE VALUES (
    "ddbd5fec-558a-4967-bd11-9b09a6c6c428", -- Element_ID : UNIQUE_ID
    1, -- Visibility : INTEGER
    "00000000-0000-0000-0000-000000000000", -- Package_ID : UNIQUE_ID
    "00000000-0000-0000-0000-000000000000", -- Component_ID : UNIQUE_ID
    7 -- type : INTEGER
);
INSERT INTO PE_PE VALUES (
    "168b328b-2af0-412b-bbf5-7e71f1fea433", -- Element_ID : UNIQUE_ID
    1, -- Visibility : INTEGER
    "27857a34-c690-49d3-a891-ae314dca5262", -- Package_ID : UNIQUE_ID
    "00000000-0000-0000-0000-000000000000", -- Component_ID : UNIQUE_ID
    3 -- type : INTEGER
);
INSERT INTO PE_PE VALUES (
    "0d542083-4531-45d6-8411-30f81c92d642", -- Element_ID : UNIQUE_ID
    1, -- Visibility : INTEGER
    "27857a34-c690-49d3-a891-ae314dca5262", -- Package_ID : UNIQUE_ID
    "00000000-0000-0000-0000-000000000000", -- Component_ID : UNIQUE_ID
    3 -- type : INTEGER
);
INSERT INTO PE_PE VALUES (
    "27857a34-c690-49d3-a891-ae314dca5262", -- Element_ID : UNIQUE_ID
    1, -- Visibility : INTEGER
    "00000000-0000-0000-0000-000000000000", -- Package_ID : UNIQUE_ID
    "00000000-0000-0000-0000-000000000000", -- Component_ID : UNIQUE_ID
    7 -- type : INTEGER
);
INSERT INTO PE_PE VALUES (
    "c26641d6-6bfe-4fa5-b78d-533f6fb8d396", -- Element_ID : UNIQUE_ID
    1, -- Visibility : INTEGER
    "00000000-0000-0000-0000-000000000000", -- Package_ID : UNIQUE_ID
    "00000000-0000-0000-0000-000000000000", -- Component_ID : UNIQUE_ID
    7 -- type : INTEGER
);
INSERT INTO PE_PE VALUES (
    "8e4782c3-9567-4154-87b3-67069634e7a5", -- Element_ID : UNIQUE_ID
    1, -- Visibility : INTEGER
    "c26641d6-6bfe-4fa5-b78d-533f6fb8d396", -- Package_ID : UNIQUE_ID
    "00000000-0000-0000-0000-000000000000", -- Component_ID : UNIQUE_ID
    2 -- type : INTEGER
);
INSERT INTO PE_PE VALUES (
    "51cda5d8-b9fa-4471-8c71-5014f092a96c", -- Element_ID : UNIQUE_ID
    1, -- Visibility : INTEGER
    "fdd8efa1-97d4-4adc-a67d-1fb0bd49373b", -- Package_ID : UNIQUE_ID
    "00000000-0000-0000-0000-000000000000", -- Component_ID : UNIQUE_ID
    3 -- type : INTEGER
);
INSERT INTO PE_PE VALUES (
    "fdd8efa1-97d4-4adc-a67d-1fb0bd49373b", -- Element_ID : UNIQUE_ID
    1, -- Visibility : INTEGER
    "00000000-0000-0000-0000-000000000000", -- Package_ID : UNIQUE_ID
    "8e4782c3-9567-4154-87b3-67069634e7a5", -- Component_ID : UNIQUE_ID
    7 -- type : INTEGER
);
INSERT INTO PE_PE VALUES (
    "d8528470-976c-421b-a087-1201ac24302f", -- Element_ID : UNIQUE_ID
    1, -- Visibility : INTEGER
    "fdd8efa1-97d4-4adc-a67d-1fb0bd49373b", -- Package_ID : UNIQUE_ID
    "00000000-0000-0000-0000-000000000000", -- Component_ID : UNIQUE_ID
    4 -- type : INTEGER
);
INSERT INTO PE_PE VALUES (
    "8e6515f0-ca9a-424d-b35b-60f69ec5dcc5", -- Element_ID : UNIQUE_ID
    1, -- Visibility : INTEGER
    "cabf7045-c6ff-41a5-afe9-032eec941581", -- Package_ID : UNIQUE_ID
    "00000000-0000-0000-0000-000000000000", -- Component_ID : UNIQUE_ID
    1 -- type : INTEGER
);
INSERT INTO PE_PE VALUES (
    "cabf7045-c6ff-41a5-afe9-032eec941581", -- Element_ID : UNIQUE_ID
    1, -- Visibility : INTEGER
    "00000000-0000-0000-0000-000000000000", -- Package_ID : UNIQUE_ID
    "d81dc79e-6692-4a39-b6d9-f5fc0b765726", -- Component_ID : UNIQUE_ID
    7 -- type : INTEGER
);
INSERT INTO PE_PE VALUES (
    "d81dc79e-6692-4a39-b6d9-f5fc0b765726", -- Element_ID : UNIQUE_ID
    1, -- Visibility : INTEGER
    "2ac1b93e-087c-4999-856e-c988c703dec6", -- Package_ID : UNIQUE_ID
    "00000000-0000-0000-0000-000000000000", -- Component_ID : UNIQUE_ID
    2 -- type : INTEGER
);
INSERT INTO PE_PE VALUES (
    "941213f0-4346-48d9-89fe-196761630487", -- Element_ID : UNIQUE_ID
    1, -- Visibility : INTEGER
    "2ac1b93e-087c-4999-856e-c988c703dec6", -- Package_ID : UNIQUE_ID
    "00000000-0000-0000-0000-000000000000", -- Component_ID : UNIQUE_ID
    7 -- type : INTEGER
);
INSERT INTO PE_PE VALUES (
    "102214df-1d03-428f-9eb8-5c5ce18bfdae", -- Element_ID : UNIQUE_ID
    1, -- Visibility : INTEGER
    "941213f0-4346-48d9-89fe-196761630487", -- Package_ID : UNIQUE_ID
    "00000000-0000-0000-0000-000000000000", -- Component_ID : UNIQUE_ID
    6 -- type : INTEGER
);
INSERT INTO PE_PE VALUES (
    "2ac1b93e-087c-4999-856e-c988c703dec6", -- Element_ID : UNIQUE_ID
    1, -- Visibility : INTEGER
    "00000000-0000-0000-0000-000000000000", -- Package_ID : UNIQUE_ID
    "00000000-0000-0000-0000-000000000000", -- Component_ID : UNIQUE_ID
    7 -- type : INTEGER
);
INSERT INTO PE_PE VALUES (
    "6aa4e315-9e4a-4187-afb6-075a37702da7", -- Element_ID : UNIQUE_ID
    1, -- Visibility : INTEGER
    "b4605ab7-f9f1-4427-9a8b-300116f87fe6", -- Package_ID : UNIQUE_ID
    "00000000-0000-0000-0000-000000000000", -- Component_ID : UNIQUE_ID
    21 -- type : INTEGER
);
INSERT INTO PE_PE VALUES (
    "61527127-c692-4baf-8c6a-7b3bd54f8db3", -- Element_ID : UNIQUE_ID
    1, -- Visibility : INTEGER
    "b4605ab7-f9f1-4427-9a8b-300116f87fe6", -- Package_ID : UNIQUE_ID
    "00000000-0000-0000-0000-000000000000", -- Component_ID : UNIQUE_ID
    21 -- type : INTEGER
);
INSERT INTO PE_PE VALUES (
    "93daa695-5c19-4584-b8ff-aeda570a0f03", -- Element_ID : UNIQUE_ID
    1, -- Visibility : INTEGER
    "b4605ab7-f9f1-4427-9a8b-300116f87fe6", -- Package_ID : UNIQUE_ID
    "00000000-0000-0000-0000-000000000000", -- Component_ID : UNIQUE_ID
    22 -- type : INTEGER
);
INSERT INTO PE_PE VALUES (
    "b4605ab7-f9f1-4427-9a8b-300116f87fe6", -- Element_ID : UNIQUE_ID
    1, -- Visibility : INTEGER
    "00000000-0000-0000-0000-000000000000", -- Package_ID : UNIQUE_ID
    "00000000-0000-0000-0000-000000000000", -- Component_ID : UNIQUE_ID
    7 -- type : INTEGER
);
INSERT INTO SM_ACT VALUES (
    "2453e957-c72c-4ed6-a1bc-d234c403269c", -- Act_ID : UNIQUE_ID
    "7b5f90bd-656f-4bc9-83bf-771ed45973b0", -- SM_ID : UNIQUE_ID
    1, -- Suc_Pars : INTEGER
    '//Assign attributes to the new employee
	FName =rcvd_evt.FName ;
	LName = rcvd_evt.LName;
	National_ID = rcvd_evt.National_ID;

LOG::LogInfo( message:"A new employee is added to the system:"+ FName + LName);
', -- Action_Semantics_internal : STRING
    '', -- Descrip : STRING
    0 -- Dialect : INTEGER
);
INSERT INTO SM_ACT VALUES (
    "ca45fe8f-dbad-455c-899f-ef40d219d806", -- Act_ID : UNIQUE_ID
    "7b5f90bd-656f-4bc9-83bf-771ed45973b0", -- SM_ID : UNIQUE_ID
    3, -- Suc_Pars : INTEGER
    '', -- Action_Semantics_internal : STRING
    '', -- Descrip : STRING
    0 -- Dialect : INTEGER
);
INSERT INTO SM_ACT VALUES (
    "afb84c0b-8b92-481f-b009-4ac610325ad2", -- Act_ID : UNIQUE_ID
    "7b5f90bd-656f-4bc9-83bf-771ed45973b0", -- SM_ID : UNIQUE_ID
    1, -- Suc_Pars : INTEGER
    '//add commencing date of a new employee
Start_Date = TIM::current_date(); //rcvd_evt.date;
LOG::LogInfo( message:"New employee has commenced" );

//LOG::LogInfo( message:"New employee has commenced");

', -- Action_Semantics_internal : STRING
    '', -- Descrip : STRING
    0 -- Dialect : INTEGER
);
INSERT INTO SM_ACT VALUES (
    "becd648f-4aa1-43ca-9b3a-d3fc35c0fd00", -- Act_ID : UNIQUE_ID
    "7b5f90bd-656f-4bc9-83bf-771ed45973b0", -- SM_ID : UNIQUE_ID
    3, -- Suc_Pars : INTEGER
    '', -- Action_Semantics_internal : STRING
    '', -- Descrip : STRING
    0 -- Dialect : INTEGER
);
INSERT INTO SM_AH VALUES (
    "2453e957-c72c-4ed6-a1bc-d234c403269c", -- Act_ID : UNIQUE_ID
    "7b5f90bd-656f-4bc9-83bf-771ed45973b0" -- SM_ID : UNIQUE_ID
);
INSERT INTO SM_AH VALUES (
    "ca45fe8f-dbad-455c-899f-ef40d219d806", -- Act_ID : UNIQUE_ID
    "7b5f90bd-656f-4bc9-83bf-771ed45973b0" -- SM_ID : UNIQUE_ID
);
INSERT INTO SM_AH VALUES (
    "afb84c0b-8b92-481f-b009-4ac610325ad2", -- Act_ID : UNIQUE_ID
    "7b5f90bd-656f-4bc9-83bf-771ed45973b0" -- SM_ID : UNIQUE_ID
);
INSERT INTO SM_AH VALUES (
    "becd648f-4aa1-43ca-9b3a-d3fc35c0fd00", -- Act_ID : UNIQUE_ID
    "7b5f90bd-656f-4bc9-83bf-771ed45973b0" -- SM_ID : UNIQUE_ID
);
INSERT INTO SM_CH VALUES (
    "d5537fcc-bc55-4cfb-8675-25a46ab91a01", -- SMstt_ID : UNIQUE_ID
    "291931bf-a34c-4717-94e5-c19b2a6bb5d3", -- SMevt_ID : UNIQUE_ID
    "7b5f90bd-656f-4bc9-83bf-771ed45973b0", -- SM_ID : UNIQUE_ID
    "00000000-0000-0000-0000-000000000000", -- SMspd_ID : UNIQUE_ID
    '' -- Descrip : STRING
);
INSERT INTO SM_CH VALUES (
    "7c656ab4-0ad9-4212-b7de-2ffb50ca75b4", -- SMstt_ID : UNIQUE_ID
    "291931bf-a34c-4717-94e5-c19b2a6bb5d3", -- SMevt_ID : UNIQUE_ID
    "7b5f90bd-656f-4bc9-83bf-771ed45973b0", -- SM_ID : UNIQUE_ID
    "00000000-0000-0000-0000-000000000000", -- SMspd_ID : UNIQUE_ID
    '' -- Descrip : STRING
);
INSERT INTO SM_CH VALUES (
    "7c656ab4-0ad9-4212-b7de-2ffb50ca75b4", -- SMstt_ID : UNIQUE_ID
    "4399bed0-4e99-4616-aa45-eb724333bc35", -- SMevt_ID : UNIQUE_ID
    "7b5f90bd-656f-4bc9-83bf-771ed45973b0", -- SM_ID : UNIQUE_ID
    "00000000-0000-0000-0000-000000000000", -- SMspd_ID : UNIQUE_ID
    '' -- Descrip : STRING
);
INSERT INTO SM_CRTXN VALUES (
    "292e5e93-2492-4c50-a140-f80cba136b89", -- Trans_ID : UNIQUE_ID
    "7b5f90bd-656f-4bc9-83bf-771ed45973b0", -- SM_ID : UNIQUE_ID
    "291931bf-a34c-4717-94e5-c19b2a6bb5d3", -- SMevt_ID : UNIQUE_ID
    "00000000-0000-0000-0000-000000000000" -- SMspd_ID : UNIQUE_ID
);
INSERT INTO SM_EVT VALUES (
    "291931bf-a34c-4717-94e5-c19b2a6bb5d3", -- SMevt_ID : UNIQUE_ID
    "7b5f90bd-656f-4bc9-83bf-771ed45973b0", -- SM_ID : UNIQUE_ID
    "00000000-0000-0000-0000-000000000000", -- SMspd_ID : UNIQUE_ID
    1, -- Numb : INTEGER
    'newEmployeeRcvd', -- Mning : STRING
    0, -- Is_Lbl_U : INTEGER
    '', -- Unq_Lbl : STRING
    'Employee1', -- Drv_Lbl : STRING
    '' -- Descrip : STRING
);
INSERT INTO SM_EVT VALUES (
    "4399bed0-4e99-4616-aa45-eb724333bc35", -- SMevt_ID : UNIQUE_ID
    "7b5f90bd-656f-4bc9-83bf-771ed45973b0", -- SM_ID : UNIQUE_ID
    "00000000-0000-0000-0000-000000000000", -- SMspd_ID : UNIQUE_ID
    2, -- Numb : INTEGER
    'commencedRcvd', -- Mning : STRING
    0, -- Is_Lbl_U : INTEGER
    '', -- Unq_Lbl : STRING
    'Employee2', -- Drv_Lbl : STRING
    '' -- Descrip : STRING
);
INSERT INTO SM_EVTDI VALUES (
    "1b4a66b0-5c23-4de8-9ae7-736c9f81c8b5", -- SMedi_ID : UNIQUE_ID
    "7b5f90bd-656f-4bc9-83bf-771ed45973b0", -- SM_ID : UNIQUE_ID
    'FName', -- Name : STRING
    '', -- Descrip : STRING
    "ba5eda7a-def5-0000-0000-000000000004", -- DT_ID : UNIQUE_ID
    '', -- Dimensions : STRING
    "291931bf-a34c-4717-94e5-c19b2a6bb5d3", -- SMevt_ID : UNIQUE_ID
    "00000000-0000-0000-0000-000000000000" -- Previous_SMedi_ID : UNIQUE_ID
);
INSERT INTO SM_EVTDI VALUES (
    "9b9b1fdb-7d5f-4288-b2ee-0d0fbd33bfec", -- SMedi_ID : UNIQUE_ID
    "7b5f90bd-656f-4bc9-83bf-771ed45973b0", -- SM_ID : UNIQUE_ID
    'National_ID', -- Name : STRING
    '', -- Descrip : STRING
    "ba5eda7a-def5-0000-0000-000000000002", -- DT_ID : UNIQUE_ID
    '', -- Dimensions : STRING
    "291931bf-a34c-4717-94e5-c19b2a6bb5d3", -- SMevt_ID : UNIQUE_ID
    "1b4a66b0-5c23-4de8-9ae7-736c9f81c8b5" -- Previous_SMedi_ID : UNIQUE_ID
);
INSERT INTO SM_EVTDI VALUES (
    "ae225fc1-9a11-41aa-8f79-514a33c9ec6a", -- SMedi_ID : UNIQUE_ID
    "7b5f90bd-656f-4bc9-83bf-771ed45973b0", -- SM_ID : UNIQUE_ID
    'LName', -- Name : STRING
    '', -- Descrip : STRING
    "ba5eda7a-def5-0000-0000-000000000004", -- DT_ID : UNIQUE_ID
    '', -- Dimensions : STRING
    "291931bf-a34c-4717-94e5-c19b2a6bb5d3", -- SMevt_ID : UNIQUE_ID
    "9b9b1fdb-7d5f-4288-b2ee-0d0fbd33bfec" -- Previous_SMedi_ID : UNIQUE_ID
);
INSERT INTO SM_ISM VALUES (
    "7b5f90bd-656f-4bc9-83bf-771ed45973b0", -- SM_ID : UNIQUE_ID
    "d8528470-976c-421b-a087-1201ac24302f" -- Obj_ID : UNIQUE_ID
);
INSERT INTO SM_LEVT VALUES (
    "291931bf-a34c-4717-94e5-c19b2a6bb5d3", -- SMevt_ID : UNIQUE_ID
    "7b5f90bd-656f-4bc9-83bf-771ed45973b0", -- SM_ID : UNIQUE_ID
    "00000000-0000-0000-0000-000000000000" -- SMspd_ID : UNIQUE_ID
);
INSERT INTO SM_LEVT VALUES (
    "4399bed0-4e99-4616-aa45-eb724333bc35", -- SMevt_ID : UNIQUE_ID
    "7b5f90bd-656f-4bc9-83bf-771ed45973b0", -- SM_ID : UNIQUE_ID
    "00000000-0000-0000-0000-000000000000" -- SMspd_ID : UNIQUE_ID
);
INSERT INTO SM_MOAH VALUES (
    "2453e957-c72c-4ed6-a1bc-d234c403269c", -- Act_ID : UNIQUE_ID
    "7b5f90bd-656f-4bc9-83bf-771ed45973b0", -- SM_ID : UNIQUE_ID
    "d5537fcc-bc55-4cfb-8675-25a46ab91a01" -- SMstt_ID : UNIQUE_ID
);
INSERT INTO SM_MOAH VALUES (
    "afb84c0b-8b92-481f-b009-4ac610325ad2", -- Act_ID : UNIQUE_ID
    "7b5f90bd-656f-4bc9-83bf-771ed45973b0", -- SM_ID : UNIQUE_ID
    "7c656ab4-0ad9-4212-b7de-2ffb50ca75b4" -- SMstt_ID : UNIQUE_ID
);
INSERT INTO SM_MOORE VALUES (
    "7b5f90bd-656f-4bc9-83bf-771ed45973b0" -- SM_ID : UNIQUE_ID
);
INSERT INTO SM_NSTXN VALUES (
    "e2bf3f31-2233-4fb0-9b43-3748dd5ec034", -- Trans_ID : UNIQUE_ID
    "7b5f90bd-656f-4bc9-83bf-771ed45973b0", -- SM_ID : UNIQUE_ID
    "d5537fcc-bc55-4cfb-8675-25a46ab91a01", -- SMstt_ID : UNIQUE_ID
    "4399bed0-4e99-4616-aa45-eb724333bc35", -- SMevt_ID : UNIQUE_ID
    "00000000-0000-0000-0000-000000000000" -- SMspd_ID : UNIQUE_ID
);
INSERT INTO SM_SEME VALUES (
    "d5537fcc-bc55-4cfb-8675-25a46ab91a01", -- SMstt_ID : UNIQUE_ID
    "291931bf-a34c-4717-94e5-c19b2a6bb5d3", -- SMevt_ID : UNIQUE_ID
    "7b5f90bd-656f-4bc9-83bf-771ed45973b0", -- SM_ID : UNIQUE_ID
    "00000000-0000-0000-0000-000000000000" -- SMspd_ID : UNIQUE_ID
);
INSERT INTO SM_SEME VALUES (
    "d5537fcc-bc55-4cfb-8675-25a46ab91a01", -- SMstt_ID : UNIQUE_ID
    "4399bed0-4e99-4616-aa45-eb724333bc35", -- SMevt_ID : UNIQUE_ID
    "7b5f90bd-656f-4bc9-83bf-771ed45973b0", -- SM_ID : UNIQUE_ID
    "00000000-0000-0000-0000-000000000000" -- SMspd_ID : UNIQUE_ID
);
INSERT INTO SM_SEME VALUES (
    "7c656ab4-0ad9-4212-b7de-2ffb50ca75b4", -- SMstt_ID : UNIQUE_ID
    "291931bf-a34c-4717-94e5-c19b2a6bb5d3", -- SMevt_ID : UNIQUE_ID
    "7b5f90bd-656f-4bc9-83bf-771ed45973b0", -- SM_ID : UNIQUE_ID
    "00000000-0000-0000-0000-000000000000" -- SMspd_ID : UNIQUE_ID
);
INSERT INTO SM_SEME VALUES (
    "7c656ab4-0ad9-4212-b7de-2ffb50ca75b4", -- SMstt_ID : UNIQUE_ID
    "4399bed0-4e99-4616-aa45-eb724333bc35", -- SMevt_ID : UNIQUE_ID
    "7b5f90bd-656f-4bc9-83bf-771ed45973b0", -- SM_ID : UNIQUE_ID
    "00000000-0000-0000-0000-000000000000" -- SMspd_ID : UNIQUE_ID
);
INSERT INTO SM_SEVT VALUES (
    "291931bf-a34c-4717-94e5-c19b2a6bb5d3", -- SMevt_ID : UNIQUE_ID
    "7b5f90bd-656f-4bc9-83bf-771ed45973b0", -- SM_ID : UNIQUE_ID
    "00000000-0000-0000-0000-000000000000" -- SMspd_ID : UNIQUE_ID
);
INSERT INTO SM_SEVT VALUES (
    "4399bed0-4e99-4616-aa45-eb724333bc35", -- SMevt_ID : UNIQUE_ID
    "7b5f90bd-656f-4bc9-83bf-771ed45973b0", -- SM_ID : UNIQUE_ID
    "00000000-0000-0000-0000-000000000000" -- SMspd_ID : UNIQUE_ID
);
INSERT INTO SM_SM VALUES (
    "7b5f90bd-656f-4bc9-83bf-771ed45973b0", -- SM_ID : UNIQUE_ID
    '', -- Descrip : STRING
    0 -- Config_ID : INTEGER
);
INSERT INTO SM_STATE VALUES (
    "d5537fcc-bc55-4cfb-8675-25a46ab91a01", -- SMstt_ID : UNIQUE_ID
    "7b5f90bd-656f-4bc9-83bf-771ed45973b0", -- SM_ID : UNIQUE_ID
    "00000000-0000-0000-0000-000000000000", -- SMspd_ID : UNIQUE_ID
    'Recruited', -- Name : STRING
    1, -- Numb : INTEGER
    0 -- Final : INTEGER
);
INSERT INTO SM_STATE VALUES (
    "7c656ab4-0ad9-4212-b7de-2ffb50ca75b4", -- SMstt_ID : UNIQUE_ID
    "7b5f90bd-656f-4bc9-83bf-771ed45973b0", -- SM_ID : UNIQUE_ID
    "00000000-0000-0000-0000-000000000000", -- SMspd_ID : UNIQUE_ID
    'Working', -- Name : STRING
    2, -- Numb : INTEGER
    0 -- Final : INTEGER
);
INSERT INTO SM_TAH VALUES (
    "ca45fe8f-dbad-455c-899f-ef40d219d806", -- Act_ID : UNIQUE_ID
    "7b5f90bd-656f-4bc9-83bf-771ed45973b0", -- SM_ID : UNIQUE_ID
    "292e5e93-2492-4c50-a140-f80cba136b89" -- Trans_ID : UNIQUE_ID
);
INSERT INTO SM_TAH VALUES (
    "becd648f-4aa1-43ca-9b3a-d3fc35c0fd00", -- Act_ID : UNIQUE_ID
    "7b5f90bd-656f-4bc9-83bf-771ed45973b0", -- SM_ID : UNIQUE_ID
    "e2bf3f31-2233-4fb0-9b43-3748dd5ec034" -- Trans_ID : UNIQUE_ID
);
INSERT INTO SM_TXN VALUES (
    "292e5e93-2492-4c50-a140-f80cba136b89", -- Trans_ID : UNIQUE_ID
    "7b5f90bd-656f-4bc9-83bf-771ed45973b0", -- SM_ID : UNIQUE_ID
    "d5537fcc-bc55-4cfb-8675-25a46ab91a01", -- SMstt_ID : UNIQUE_ID
    "00000000-0000-0000-0000-000000000000" -- SMspd_ID : UNIQUE_ID
);
INSERT INTO SM_TXN VALUES (
    "e2bf3f31-2233-4fb0-9b43-3748dd5ec034", -- Trans_ID : UNIQUE_ID
    "7b5f90bd-656f-4bc9-83bf-771ed45973b0", -- SM_ID : UNIQUE_ID
    "7c656ab4-0ad9-4212-b7de-2ffb50ca75b4", -- SMstt_ID : UNIQUE_ID
    "00000000-0000-0000-0000-000000000000" -- SMspd_ID : UNIQUE_ID
);
INSERT INTO SPR_PEP VALUES (
    "7582ba79-c063-4631-bcbe-dde14b231908", -- Id : UNIQUE_ID
    "be4e38a9-c84b-44ce-a173-d57405caeeca", -- ExecutableProperty_Id : UNIQUE_ID
    "e211a314-f4cf-4d96-ab5d-86594500f9c9" -- Provision_Id : UNIQUE_ID
);
INSERT INTO SPR_PEP VALUES (
    "fd447b6f-5a17-4d1f-8f3d-080eeeb6d3b5", -- Id : UNIQUE_ID
    "f83ecd5c-00bd-42d1-a795-2868eba34aec", -- ExecutableProperty_Id : UNIQUE_ID
    "e211a314-f4cf-4d96-ab5d-86594500f9c9" -- Provision_Id : UNIQUE_ID
);
INSERT INTO SPR_PEP VALUES (
    "8e12193a-4915-4e0c-8044-11c6b3eaf358", -- Id : UNIQUE_ID
    "dd791a09-c8bd-4868-8174-4726cea8e2d3", -- ExecutableProperty_Id : UNIQUE_ID
    "e211a314-f4cf-4d96-ab5d-86594500f9c9" -- Provision_Id : UNIQUE_ID
);
INSERT INTO SPR_PS VALUES (
    "7582ba79-c063-4631-bcbe-dde14b231908", -- Id : UNIQUE_ID
    'New', -- Name : STRING
    '', -- Descrip : STRING
    '//If there is not match for an employee, then create a new employee.
select any employee from instances of Employee where selected.FName==param.FName and selected.LName==param.LName and selected.National_ID==param.National_ID;
if ( empty employee )
	create object instance repeater of Employee;
	generate Employee1:newEmployeeRcvd(FName:param.FName, LName:param.LName, National_ID:param.National_ID) to employee;
	UI::Reply( msg:"Employee added successfully.", state:True);
else 
	LOG::LogInfo(message:"Employee already exists!" );	
	UI::Reply( msg:"Employee already exists", state:False);
end if;
', -- Action_Semantics_internal : STRING
    1, -- Suc_Pars : INTEGER
    0 -- Dialect : INTEGER
);
INSERT INTO SPR_PS VALUES (
    "fd447b6f-5a17-4d1f-8f3d-080eeeb6d3b5", -- Id : UNIQUE_ID
    'Reply', -- Name : STRING
    '', -- Descrip : STRING
    '//select many employee from instances of Employee;
//Employees emp = employee
//UI::Reply(emp);', -- Action_Semantics_internal : STRING
    1, -- Suc_Pars : INTEGER
    0 -- Dialect : INTEGER
);
INSERT INTO SPR_PS VALUES (
    "8e12193a-4915-4e0c-8044-11c6b3eaf358", -- Id : UNIQUE_ID
    'Start', -- Name : STRING
    '', -- Descrip : STRING
    '
select any employee from instances of Employee where selected.National_ID==param.National_ID;
if ( not empty employee )
	generate Employee2:commencedRcvd() to employee;
	UI::Reply( msg:"Employee has commenced ", state:True);

else 
	LOG::LogInfo(message:"Employee is not registered!" );
	UI::Reply( msg:"Employee is not found.", state:False);
end if;
', -- Action_Semantics_internal : STRING
    1, -- Suc_Pars : INTEGER
    0 -- Dialect : INTEGER
);
INSERT INTO SPR_REP VALUES (
    "4e8357dc-6003-4dae-b1c1-6f406f5216d6", -- Id : UNIQUE_ID
    "be4e38a9-c84b-44ce-a173-d57405caeeca", -- ExecutableProperty_Id : UNIQUE_ID
    "3c565891-207b-4f8f-906f-7a28c50fa9aa" -- Requirement_Id : UNIQUE_ID
);
INSERT INTO SPR_REP VALUES (
    "62adeee1-7ea3-43cd-a822-47447631b0f8", -- Id : UNIQUE_ID
    "f83ecd5c-00bd-42d1-a795-2868eba34aec", -- ExecutableProperty_Id : UNIQUE_ID
    "3c565891-207b-4f8f-906f-7a28c50fa9aa" -- Requirement_Id : UNIQUE_ID
);
INSERT INTO SPR_REP VALUES (
    "3c887575-84ca-40f7-8c2b-fb4a9c9c2d37", -- Id : UNIQUE_ID
    "dd791a09-c8bd-4868-8174-4726cea8e2d3", -- ExecutableProperty_Id : UNIQUE_ID
    "3c565891-207b-4f8f-906f-7a28c50fa9aa" -- Requirement_Id : UNIQUE_ID
);
INSERT INTO SPR_RS VALUES (
    "4e8357dc-6003-4dae-b1c1-6f406f5216d6", -- Id : UNIQUE_ID
    'New', -- Name : STRING
    '', -- Descrip : STRING
    '', -- Action_Semantics_internal : STRING
    3, -- Suc_Pars : INTEGER
    0 -- Dialect : INTEGER
);
INSERT INTO SPR_RS VALUES (
    "62adeee1-7ea3-43cd-a822-47447631b0f8", -- Id : UNIQUE_ID
    'Reply', -- Name : STRING
    '', -- Descrip : STRING
    '', -- Action_Semantics_internal : STRING
    3, -- Suc_Pars : INTEGER
    0 -- Dialect : INTEGER
);
INSERT INTO SPR_RS VALUES (
    "3c887575-84ca-40f7-8c2b-fb4a9c9c2d37", -- Id : UNIQUE_ID
    'Start', -- Name : STRING
    '', -- Descrip : STRING
    '', -- Action_Semantics_internal : STRING
    3, -- Suc_Pars : INTEGER
    0 -- Dialect : INTEGER
);
INSERT INTO S_BPARM VALUES (
    "e9c68522-20fa-4445-ab22-2abf9f8db971", -- BParm_ID : UNIQUE_ID
    "b34ec664-6dea-44bc-afbf-69645da52f0a", -- Brg_ID : UNIQUE_ID
    'd', -- Name : STRING
    "ba5eda7a-def5-0000-0000-00000000000e", -- DT_ID : UNIQUE_ID
    0, -- By_Ref : INTEGER
    '', -- Dimensions : STRING
    "00000000-0000-0000-0000-000000000000", -- Previous_BParm_ID : UNIQUE_ID
    '' -- Descrip : STRING
);
INSERT INTO S_BPARM VALUES (
    "0096da0d-b18b-4532-a1f3-6ca86fa459d2", -- BParm_ID : UNIQUE_ID
    "b34ec664-6dea-44bc-afbf-69645da52f0a", -- Brg_ID : UNIQUE_ID
    'message', -- Name : STRING
    "ba5eda7a-def5-0000-0000-000000000004", -- DT_ID : UNIQUE_ID
    0, -- By_Ref : INTEGER
    '', -- Dimensions : STRING
    "e9c68522-20fa-4445-ab22-2abf9f8db971", -- Previous_BParm_ID : UNIQUE_ID
    '' -- Descrip : STRING
);
INSERT INTO S_BPARM VALUES (
    "75ebdabf-e4e2-4133-8c3d-0e33be4c1f80", -- BParm_ID : UNIQUE_ID
    "2dcf3e84-1208-4e7f-a70c-a54d15f1ce77", -- Brg_ID : UNIQUE_ID
    'message', -- Name : STRING
    "ba5eda7a-def5-0000-0000-000000000004", -- DT_ID : UNIQUE_ID
    0, -- By_Ref : INTEGER
    '', -- Dimensions : STRING
    "00000000-0000-0000-0000-000000000000", -- Previous_BParm_ID : UNIQUE_ID
    '' -- Descrip : STRING
);
INSERT INTO S_BPARM VALUES (
    "b63b67af-56f4-4ea0-a7e4-10a0759fc2b9", -- BParm_ID : UNIQUE_ID
    "af615ef3-56dd-40b1-be6b-27e07023a829", -- Brg_ID : UNIQUE_ID
    'message', -- Name : STRING
    "ba5eda7a-def5-0000-0000-000000000004", -- DT_ID : UNIQUE_ID
    0, -- By_Ref : INTEGER
    '', -- Dimensions : STRING
    "00000000-0000-0000-0000-000000000000", -- Previous_BParm_ID : UNIQUE_ID
    '' -- Descrip : STRING
);
INSERT INTO S_BPARM VALUES (
    "ccdb7d2a-319c-4887-b31e-89e920b236fe", -- BParm_ID : UNIQUE_ID
    "474dc6f1-f8eb-4a43-8ae9-fd7ec3f494ce", -- Brg_ID : UNIQUE_ID
    'message', -- Name : STRING
    "ba5eda7a-def5-0000-0000-000000000002", -- DT_ID : UNIQUE_ID
    0, -- By_Ref : INTEGER
    '', -- Dimensions : STRING
    "00000000-0000-0000-0000-000000000000", -- Previous_BParm_ID : UNIQUE_ID
    '' -- Descrip : STRING
);
INSERT INTO S_BPARM VALUES (
    "dcd130d4-ee17-4be5-8b7e-6d847c7b3b19", -- BParm_ID : UNIQUE_ID
    "a9e838fb-4772-4822-aee6-57f775da6967", -- Brg_ID : UNIQUE_ID
    'r', -- Name : STRING
    "ba5eda7a-def5-0000-0000-000000000003", -- DT_ID : UNIQUE_ID
    0, -- By_Ref : INTEGER
    '', -- Dimensions : STRING
    "c0551359-a1b0-4e13-bde0-184892639b14", -- Previous_BParm_ID : UNIQUE_ID
    '' -- Descrip : STRING
);
INSERT INTO S_BPARM VALUES (
    "c0551359-a1b0-4e13-bde0-184892639b14", -- BParm_ID : UNIQUE_ID
    "a9e838fb-4772-4822-aee6-57f775da6967", -- Brg_ID : UNIQUE_ID
    'message', -- Name : STRING
    "ba5eda7a-def5-0000-0000-000000000004", -- DT_ID : UNIQUE_ID
    0, -- By_Ref : INTEGER
    '', -- Dimensions : STRING
    "00000000-0000-0000-0000-000000000000", -- Previous_BParm_ID : UNIQUE_ID
    '' -- Descrip : STRING
);
INSERT INTO S_BPARM VALUES (
    "062ab47d-832f-4c30-b495-e7e88749b61a", -- BParm_ID : UNIQUE_ID
    "c56d3597-5a54-4d78-8914-2dc2594c2af4", -- Brg_ID : UNIQUE_ID
    'message', -- Name : STRING
    "ba5eda7a-def5-0000-0000-000000000004", -- DT_ID : UNIQUE_ID
    0, -- By_Ref : INTEGER
    '', -- Dimensions : STRING
    "00000000-0000-0000-0000-000000000000", -- Previous_BParm_ID : UNIQUE_ID
    '' -- Descrip : STRING
);
INSERT INTO S_BPARM VALUES (
    "ddef5865-5c6c-48d0-ad1c-0ff53abaa403", -- BParm_ID : UNIQUE_ID
    "77300edb-b891-4e35-858b-9e8cb6437f19", -- Brg_ID : UNIQUE_ID
    't', -- Name : STRING
    "ba5eda7a-def5-0000-0000-000000000010", -- DT_ID : UNIQUE_ID
    0, -- By_Ref : INTEGER
    '', -- Dimensions : STRING
    "fa21667d-7b40-4f1e-8f18-bf2482852c21", -- Previous_BParm_ID : UNIQUE_ID
    '' -- Descrip : STRING
);
INSERT INTO S_BPARM VALUES (
    "fa21667d-7b40-4f1e-8f18-bf2482852c21", -- BParm_ID : UNIQUE_ID
    "77300edb-b891-4e35-858b-9e8cb6437f19", -- Brg_ID : UNIQUE_ID
    'message', -- Name : STRING
    "ba5eda7a-def5-0000-0000-000000000004", -- DT_ID : UNIQUE_ID
    0, -- By_Ref : INTEGER
    '', -- Dimensions : STRING
    "00000000-0000-0000-0000-000000000000", -- Previous_BParm_ID : UNIQUE_ID
    '' -- Descrip : STRING
);
INSERT INTO S_BPARM VALUES (
    "2ff84885-d9d8-4403-82b1-cf68d9f4c2ff", -- BParm_ID : UNIQUE_ID
    "e6bddfad-112a-4e3d-983c-17cf660f6a1d", -- Brg_ID : UNIQUE_ID
    'second', -- Name : STRING
    "ba5eda7a-def5-0000-0000-000000000002", -- DT_ID : UNIQUE_ID
    0, -- By_Ref : INTEGER
    '', -- Dimensions : STRING
    "b618c824-214f-496d-9f10-3fd50db9e512", -- Previous_BParm_ID : UNIQUE_ID
    '' -- Descrip : STRING
);
INSERT INTO S_BPARM VALUES (
    "b618c824-214f-496d-9f10-3fd50db9e512", -- BParm_ID : UNIQUE_ID
    "e6bddfad-112a-4e3d-983c-17cf660f6a1d", -- Brg_ID : UNIQUE_ID
    'minute', -- Name : STRING
    "ba5eda7a-def5-0000-0000-000000000002", -- DT_ID : UNIQUE_ID
    0, -- By_Ref : INTEGER
    '', -- Dimensions : STRING
    "aa1100ee-c7e5-4ecb-b21a-a458b9395f0f", -- Previous_BParm_ID : UNIQUE_ID
    '' -- Descrip : STRING
);
INSERT INTO S_BPARM VALUES (
    "aa1100ee-c7e5-4ecb-b21a-a458b9395f0f", -- BParm_ID : UNIQUE_ID
    "e6bddfad-112a-4e3d-983c-17cf660f6a1d", -- Brg_ID : UNIQUE_ID
    'hour', -- Name : STRING
    "ba5eda7a-def5-0000-0000-000000000002", -- DT_ID : UNIQUE_ID
    0, -- By_Ref : INTEGER
    '', -- Dimensions : STRING
    "076564bb-aa4b-45d4-a897-765cb7a7623d", -- Previous_BParm_ID : UNIQUE_ID
    '' -- Descrip : STRING
);
INSERT INTO S_BPARM VALUES (
    "076564bb-aa4b-45d4-a897-765cb7a7623d", -- BParm_ID : UNIQUE_ID
    "e6bddfad-112a-4e3d-983c-17cf660f6a1d", -- Brg_ID : UNIQUE_ID
    'day', -- Name : STRING
    "ba5eda7a-def5-0000-0000-000000000002", -- DT_ID : UNIQUE_ID
    0, -- By_Ref : INTEGER
    '', -- Dimensions : STRING
    "a8dc93e1-f7e2-4b96-ba42-d464e71e81dd", -- Previous_BParm_ID : UNIQUE_ID
    '' -- Descrip : STRING
);
INSERT INTO S_BPARM VALUES (
    "a8dc93e1-f7e2-4b96-ba42-d464e71e81dd", -- BParm_ID : UNIQUE_ID
    "e6bddfad-112a-4e3d-983c-17cf660f6a1d", -- Brg_ID : UNIQUE_ID
    'month', -- Name : STRING
    "ba5eda7a-def5-0000-0000-000000000002", -- DT_ID : UNIQUE_ID
    0, -- By_Ref : INTEGER
    '', -- Dimensions : STRING
    "bd9cb1eb-612c-4cf4-a5aa-5ba7f8820cc3", -- Previous_BParm_ID : UNIQUE_ID
    '' -- Descrip : STRING
);
INSERT INTO S_BPARM VALUES (
    "bd9cb1eb-612c-4cf4-a5aa-5ba7f8820cc3", -- BParm_ID : UNIQUE_ID
    "e6bddfad-112a-4e3d-983c-17cf660f6a1d", -- Brg_ID : UNIQUE_ID
    'year', -- Name : STRING
    "ba5eda7a-def5-0000-0000-000000000002", -- DT_ID : UNIQUE_ID
    0, -- By_Ref : INTEGER
    '', -- Dimensions : STRING
    "00000000-0000-0000-0000-000000000000", -- Previous_BParm_ID : UNIQUE_ID
    '' -- Descrip : STRING
);
INSERT INTO S_BPARM VALUES (
    "7521082d-9202-4338-9c55-6857f6eab728", -- BParm_ID : UNIQUE_ID
    "38a0bf36-f1fa-46ff-9ac5-30980dbf9ba0", -- Brg_ID : UNIQUE_ID
    'date', -- Name : STRING
    "ba5eda7a-def5-0000-0000-00000000000e", -- DT_ID : UNIQUE_ID
    0, -- By_Ref : INTEGER
    '', -- Dimensions : STRING
    "00000000-0000-0000-0000-000000000000", -- Previous_BParm_ID : UNIQUE_ID
    '' -- Descrip : STRING
);
INSERT INTO S_BPARM VALUES (
    "ec9a6f91-6a94-401e-a679-35130105b5ea", -- BParm_ID : UNIQUE_ID
    "2052aeb8-71a4-49e3-864d-b678d3906bed", -- Brg_ID : UNIQUE_ID
    'date', -- Name : STRING
    "ba5eda7a-def5-0000-0000-00000000000e", -- DT_ID : UNIQUE_ID
    0, -- By_Ref : INTEGER
    '', -- Dimensions : STRING
    "00000000-0000-0000-0000-000000000000", -- Previous_BParm_ID : UNIQUE_ID
    '' -- Descrip : STRING
);
INSERT INTO S_BPARM VALUES (
    "84d75bad-1e52-43aa-aa26-ca21bbf0a968", -- BParm_ID : UNIQUE_ID
    "ffe9b4a1-cf2d-46b7-9789-be3f258319ec", -- Brg_ID : UNIQUE_ID
    'date', -- Name : STRING
    "ba5eda7a-def5-0000-0000-00000000000e", -- DT_ID : UNIQUE_ID
    0, -- By_Ref : INTEGER
    '', -- Dimensions : STRING
    "00000000-0000-0000-0000-000000000000", -- Previous_BParm_ID : UNIQUE_ID
    '' -- Descrip : STRING
);
INSERT INTO S_BPARM VALUES (
    "4a4ba548-f47c-486b-8ef0-77ed20e6a45e", -- BParm_ID : UNIQUE_ID
    "cccf7316-ec6f-4823-ade0-eaab3e2435fc", -- Brg_ID : UNIQUE_ID
    'date', -- Name : STRING
    "ba5eda7a-def5-0000-0000-00000000000e", -- DT_ID : UNIQUE_ID
    0, -- By_Ref : INTEGER
    '', -- Dimensions : STRING
    "00000000-0000-0000-0000-000000000000", -- Previous_BParm_ID : UNIQUE_ID
    '' -- Descrip : STRING
);
INSERT INTO S_BPARM VALUES (
    "d40816f7-b76c-427b-b6d7-446d20d03ee3", -- BParm_ID : UNIQUE_ID
    "e4d7890a-c0ba-4e92-bb75-a89f7a1deb89", -- Brg_ID : UNIQUE_ID
    'date', -- Name : STRING
    "ba5eda7a-def5-0000-0000-00000000000e", -- DT_ID : UNIQUE_ID
    0, -- By_Ref : INTEGER
    '', -- Dimensions : STRING
    "00000000-0000-0000-0000-000000000000", -- Previous_BParm_ID : UNIQUE_ID
    '' -- Descrip : STRING
);
INSERT INTO S_BPARM VALUES (
    "5b29a6f6-08a1-4ddf-9107-136a053c0933", -- BParm_ID : UNIQUE_ID
    "cd04774e-daca-4924-8bf8-26acb2101a9a", -- Brg_ID : UNIQUE_ID
    'date', -- Name : STRING
    "ba5eda7a-def5-0000-0000-00000000000e", -- DT_ID : UNIQUE_ID
    0, -- By_Ref : INTEGER
    '', -- Dimensions : STRING
    "00000000-0000-0000-0000-000000000000", -- Previous_BParm_ID : UNIQUE_ID
    '' -- Descrip : STRING
);
INSERT INTO S_BPARM VALUES (
    "eebfd799-31fd-4ce8-a08a-9724a263b762", -- BParm_ID : UNIQUE_ID
    "0b4c485f-017d-40b6-9a7e-57fda5776da4", -- Brg_ID : UNIQUE_ID
    'microseconds', -- Name : STRING
    "ba5eda7a-def5-0000-0000-000000000002", -- DT_ID : UNIQUE_ID
    0, -- By_Ref : INTEGER
    '', -- Dimensions : STRING
    "9b715479-d702-47cb-8122-8620dc4ed902", -- Previous_BParm_ID : UNIQUE_ID
    '' -- Descrip : STRING
);
INSERT INTO S_BPARM VALUES (
    "9b715479-d702-47cb-8122-8620dc4ed902", -- BParm_ID : UNIQUE_ID
    "0b4c485f-017d-40b6-9a7e-57fda5776da4", -- Brg_ID : UNIQUE_ID
    'event_inst', -- Name : STRING
    "ba5eda7a-def5-0000-0000-00000000000a", -- DT_ID : UNIQUE_ID
    0, -- By_Ref : INTEGER
    '', -- Dimensions : STRING
    "00000000-0000-0000-0000-000000000000", -- Previous_BParm_ID : UNIQUE_ID
    '' -- Descrip : STRING
);
INSERT INTO S_BPARM VALUES (
    "f837dc1f-51c1-4f10-8f70-894551d66b04", -- BParm_ID : UNIQUE_ID
    "16322409-ab18-4a8a-8189-42924b6ad4c7", -- Brg_ID : UNIQUE_ID
    'microseconds', -- Name : STRING
    "ba5eda7a-def5-0000-0000-000000000002", -- DT_ID : UNIQUE_ID
    0, -- By_Ref : INTEGER
    '', -- Dimensions : STRING
    "d4bcf76d-bce4-4c9a-9fe9-5fd26309ed9a", -- Previous_BParm_ID : UNIQUE_ID
    '' -- Descrip : STRING
);
INSERT INTO S_BPARM VALUES (
    "d4bcf76d-bce4-4c9a-9fe9-5fd26309ed9a", -- BParm_ID : UNIQUE_ID
    "16322409-ab18-4a8a-8189-42924b6ad4c7", -- Brg_ID : UNIQUE_ID
    'event_inst', -- Name : STRING
    "ba5eda7a-def5-0000-0000-00000000000a", -- DT_ID : UNIQUE_ID
    0, -- By_Ref : INTEGER
    '', -- Dimensions : STRING
    "00000000-0000-0000-0000-000000000000", -- Previous_BParm_ID : UNIQUE_ID
    '' -- Descrip : STRING
);
INSERT INTO S_BPARM VALUES (
    "2acf22f9-c00d-4469-9fad-399b127eee5b", -- BParm_ID : UNIQUE_ID
    "724d498a-672c-4565-ade3-ad23463f9c4e", -- Brg_ID : UNIQUE_ID
    'timer_inst_ref', -- Name : STRING
    "ba5eda7a-def5-0000-0000-00000000000f", -- DT_ID : UNIQUE_ID
    0, -- By_Ref : INTEGER
    '', -- Dimensions : STRING
    "00000000-0000-0000-0000-000000000000", -- Previous_BParm_ID : UNIQUE_ID
    '' -- Descrip : STRING
);
INSERT INTO S_BPARM VALUES (
    "8c3b610d-cb43-431e-a887-f93a904a8d13", -- BParm_ID : UNIQUE_ID
    "587a5601-85c2-4712-9523-edb532578dab", -- Brg_ID : UNIQUE_ID
    'timer_inst_ref', -- Name : STRING
    "ba5eda7a-def5-0000-0000-00000000000f", -- DT_ID : UNIQUE_ID
    0, -- By_Ref : INTEGER
    '', -- Dimensions : STRING
    "f3102f1e-34e8-4504-bb2c-986aecdb906d", -- Previous_BParm_ID : UNIQUE_ID
    '' -- Descrip : STRING
);
INSERT INTO S_BPARM VALUES (
    "f3102f1e-34e8-4504-bb2c-986aecdb906d", -- BParm_ID : UNIQUE_ID
    "587a5601-85c2-4712-9523-edb532578dab", -- Brg_ID : UNIQUE_ID
    'microseconds', -- Name : STRING
    "ba5eda7a-def5-0000-0000-000000000002", -- DT_ID : UNIQUE_ID
    0, -- By_Ref : INTEGER
    '', -- Dimensions : STRING
    "00000000-0000-0000-0000-000000000000", -- Previous_BParm_ID : UNIQUE_ID
    '' -- Descrip : STRING
);
INSERT INTO S_BPARM VALUES (
    "468de39e-d4fc-4f30-accf-11eb27171171", -- BParm_ID : UNIQUE_ID
    "a160d621-7f28-44ee-b4d9-59b10ef2e404", -- Brg_ID : UNIQUE_ID
    'timer_inst_ref', -- Name : STRING
    "ba5eda7a-def5-0000-0000-00000000000f", -- DT_ID : UNIQUE_ID
    0, -- By_Ref : INTEGER
    '', -- Dimensions : STRING
    "d464f0b4-214d-40d1-87b3-f836b218ccaf", -- Previous_BParm_ID : UNIQUE_ID
    '' -- Descrip : STRING
);
INSERT INTO S_BPARM VALUES (
    "d464f0b4-214d-40d1-87b3-f836b218ccaf", -- BParm_ID : UNIQUE_ID
    "a160d621-7f28-44ee-b4d9-59b10ef2e404", -- Brg_ID : UNIQUE_ID
    'microseconds', -- Name : STRING
    "ba5eda7a-def5-0000-0000-000000000002", -- DT_ID : UNIQUE_ID
    0, -- By_Ref : INTEGER
    '', -- Dimensions : STRING
    "00000000-0000-0000-0000-000000000000", -- Previous_BParm_ID : UNIQUE_ID
    '' -- Descrip : STRING
);
INSERT INTO S_BPARM VALUES (
    "e74eb78d-a2ce-4224-bdad-cc900e1a843b", -- BParm_ID : UNIQUE_ID
    "b2f303f5-6e95-4731-a762-be0c0eb02ca7", -- Brg_ID : UNIQUE_ID
    'timer_inst_ref', -- Name : STRING
    "ba5eda7a-def5-0000-0000-00000000000f", -- DT_ID : UNIQUE_ID
    0, -- By_Ref : INTEGER
    '', -- Dimensions : STRING
    "00000000-0000-0000-0000-000000000000", -- Previous_BParm_ID : UNIQUE_ID
    '' -- Descrip : STRING
);
INSERT INTO S_BPARM VALUES (
    "c6e934fc-2ef0-40c1-a16c-0a06a0277880", -- BParm_ID : UNIQUE_ID
    "4c84eeef-580a-44c0-99a3-07b6a73452d7", -- Brg_ID : UNIQUE_ID
    'name', -- Name : STRING
    "ba5eda7a-def5-0000-0000-000000000004", -- DT_ID : UNIQUE_ID
    0, -- By_Ref : INTEGER
    '', -- Dimensions : STRING
    "00000000-0000-0000-0000-000000000000", -- Previous_BParm_ID : UNIQUE_ID
    '' -- Descrip : STRING
);
INSERT INTO S_BPARM VALUES (
    "aa97ca18-dd08-4372-a172-5fea79e99363", -- BParm_ID : UNIQUE_ID
    "4c84eeef-580a-44c0-99a3-07b6a73452d7", -- Brg_ID : UNIQUE_ID
    'usage', -- Name : STRING
    "ba5eda7a-def5-0000-0000-000000000004", -- DT_ID : UNIQUE_ID
    0, -- By_Ref : INTEGER
    '', -- Dimensions : STRING
    "c6e934fc-2ef0-40c1-a16c-0a06a0277880", -- Previous_BParm_ID : UNIQUE_ID
    '' -- Descrip : STRING
);
INSERT INTO S_BPARM VALUES (
    "fe6e347e-148c-41b0-93d2-103cb5b039c7", -- BParm_ID : UNIQUE_ID
    "552205ca-aa70-45be-9f6c-fed75e322243", -- Brg_ID : UNIQUE_ID
    'name', -- Name : STRING
    "ba5eda7a-def5-0000-0000-000000000004", -- DT_ID : UNIQUE_ID
    0, -- By_Ref : INTEGER
    '', -- Dimensions : STRING
    "00000000-0000-0000-0000-000000000000", -- Previous_BParm_ID : UNIQUE_ID
    '' -- Descrip : STRING
);
INSERT INTO S_BPARM VALUES (
    "aeafcd39-100f-4510-b577-b492a87341b4", -- BParm_ID : UNIQUE_ID
    "552205ca-aa70-45be-9f6c-fed75e322243", -- Brg_ID : UNIQUE_ID
    'usage', -- Name : STRING
    "ba5eda7a-def5-0000-0000-000000000004", -- DT_ID : UNIQUE_ID
    0, -- By_Ref : INTEGER
    '', -- Dimensions : STRING
    "de67d99a-f018-4c57-8c77-ae04092276d5", -- Previous_BParm_ID : UNIQUE_ID
    '' -- Descrip : STRING
);
INSERT INTO S_BPARM VALUES (
    "1116bbba-a679-4051-9499-b6b084b1ce4b", -- BParm_ID : UNIQUE_ID
    "552205ca-aa70-45be-9f6c-fed75e322243", -- Brg_ID : UNIQUE_ID
    'default_value', -- Name : STRING
    "ba5eda7a-def5-0000-0000-000000000004", -- DT_ID : UNIQUE_ID
    0, -- By_Ref : INTEGER
    '', -- Dimensions : STRING
    "aeafcd39-100f-4510-b577-b492a87341b4", -- Previous_BParm_ID : UNIQUE_ID
    '' -- Descrip : STRING
);
INSERT INTO S_BPARM VALUES (
    "de67d99a-f018-4c57-8c77-ae04092276d5", -- BParm_ID : UNIQUE_ID
    "552205ca-aa70-45be-9f6c-fed75e322243", -- Brg_ID : UNIQUE_ID
    'value_name', -- Name : STRING
    "ba5eda7a-def5-0000-0000-000000000004", -- DT_ID : UNIQUE_ID
    0, -- By_Ref : INTEGER
    '', -- Dimensions : STRING
    "fe6e347e-148c-41b0-93d2-103cb5b039c7", -- Previous_BParm_ID : UNIQUE_ID
    '' -- Descrip : STRING
);
INSERT INTO S_BPARM VALUES (
    "c0949355-b740-4feb-9f33-245a8ef01d3f", -- BParm_ID : UNIQUE_ID
    "552205ca-aa70-45be-9f6c-fed75e322243", -- Brg_ID : UNIQUE_ID
    'required', -- Name : STRING
    "ba5eda7a-def5-0000-0000-000000000001", -- DT_ID : UNIQUE_ID
    0, -- By_Ref : INTEGER
    '', -- Dimensions : STRING
    "1116bbba-a679-4051-9499-b6b084b1ce4b", -- Previous_BParm_ID : UNIQUE_ID
    '' -- Descrip : STRING
);
INSERT INTO S_BPARM VALUES (
    "0b5faa27-1c3c-451f-8cde-e5556fa72e6f", -- BParm_ID : UNIQUE_ID
    "e14dac49-6263-450c-a836-b0d18eb918ce", -- Brg_ID : UNIQUE_ID
    'name', -- Name : STRING
    "ba5eda7a-def5-0000-0000-000000000004", -- DT_ID : UNIQUE_ID
    0, -- By_Ref : INTEGER
    '', -- Dimensions : STRING
    "00000000-0000-0000-0000-000000000000", -- Previous_BParm_ID : UNIQUE_ID
    '' -- Descrip : STRING
);
INSERT INTO S_BPARM VALUES (
    "4c7c1c7f-d782-47de-94dc-8c16a0605a70", -- BParm_ID : UNIQUE_ID
    "48b8f9dc-e8f2-41f2-9b8e-d6b671643328", -- Brg_ID : UNIQUE_ID
    'name', -- Name : STRING
    "ba5eda7a-def5-0000-0000-000000000004", -- DT_ID : UNIQUE_ID
    0, -- By_Ref : INTEGER
    '', -- Dimensions : STRING
    "00000000-0000-0000-0000-000000000000", -- Previous_BParm_ID : UNIQUE_ID
    '' -- Descrip : STRING
);
INSERT INTO S_BPARM VALUES (
    "37ef52bb-354f-4080-951f-232d57d97550", -- BParm_ID : UNIQUE_ID
    "1f23e627-377e-4168-a4a2-bda0a5ec42eb", -- Brg_ID : UNIQUE_ID
    'i', -- Name : STRING
    "ba5eda7a-def5-0000-0000-000000000002", -- DT_ID : UNIQUE_ID
    0, -- By_Ref : INTEGER
    '', -- Dimensions : STRING
    "00000000-0000-0000-0000-000000000000", -- Previous_BParm_ID : UNIQUE_ID
    '' -- Descrip : STRING
);
INSERT INTO S_BPARM VALUES (
    "dcf08dfe-7a14-4dff-9610-adce1f97728c", -- BParm_ID : UNIQUE_ID
    "5f3c759c-6b7b-4ee8-8e47-370fb4a90427", -- Brg_ID : UNIQUE_ID
    's', -- Name : STRING
    "ba5eda7a-def5-0000-0000-000000000004", -- DT_ID : UNIQUE_ID
    0, -- By_Ref : INTEGER
    '', -- Dimensions : STRING
    "00000000-0000-0000-0000-000000000000", -- Previous_BParm_ID : UNIQUE_ID
    '' -- Descrip : STRING
);
INSERT INTO S_BPARM VALUES (
    "4d7b8f22-8059-47ca-a987-bb57179f7901", -- BParm_ID : UNIQUE_ID
    "89d596ad-2792-4523-b93e-7f73d50eaa81", -- Brg_ID : UNIQUE_ID
    's', -- Name : STRING
    "ba5eda7a-def5-0000-0000-000000000004", -- DT_ID : UNIQUE_ID
    0, -- By_Ref : INTEGER
    '', -- Dimensions : STRING
    "00000000-0000-0000-0000-000000000000", -- Previous_BParm_ID : UNIQUE_ID
    '' -- Descrip : STRING
);
INSERT INTO S_BPARM VALUES (
    "5672b300-8883-407f-b671-9972b79679ef", -- BParm_ID : UNIQUE_ID
    "89d596ad-2792-4523-b93e-7f73d50eaa81", -- Brg_ID : UNIQUE_ID
    'begin', -- Name : STRING
    "ba5eda7a-def5-0000-0000-000000000002", -- DT_ID : UNIQUE_ID
    0, -- By_Ref : INTEGER
    '', -- Dimensions : STRING
    "4d7b8f22-8059-47ca-a987-bb57179f7901", -- Previous_BParm_ID : UNIQUE_ID
    '' -- Descrip : STRING
);
INSERT INTO S_BPARM VALUES (
    "4d74bbb3-4555-4bb8-b43d-9c505332a21d", -- BParm_ID : UNIQUE_ID
    "89d596ad-2792-4523-b93e-7f73d50eaa81", -- Brg_ID : UNIQUE_ID
    'end', -- Name : STRING
    "ba5eda7a-def5-0000-0000-000000000002", -- DT_ID : UNIQUE_ID
    0, -- By_Ref : INTEGER
    '', -- Dimensions : STRING
    "5672b300-8883-407f-b671-9972b79679ef", -- Previous_BParm_ID : UNIQUE_ID
    '' -- Descrip : STRING
);
INSERT INTO S_BPARM VALUES (
    "fcac9711-b2b9-4b20-a255-28cd2024c9c5", -- BParm_ID : UNIQUE_ID
    "ffa333ae-485c-4095-8a9f-2ea460bbb53f", -- Brg_ID : UNIQUE_ID
    's', -- Name : STRING
    "ba5eda7a-def5-0000-0000-000000000004", -- DT_ID : UNIQUE_ID
    0, -- By_Ref : INTEGER
    '', -- Dimensions : STRING
    "00000000-0000-0000-0000-000000000000", -- Previous_BParm_ID : UNIQUE_ID
    '' -- Descrip : STRING
);
INSERT INTO S_BPARM VALUES (
    "03af71b0-2807-442d-9e88-c095ff2543ac", -- BParm_ID : UNIQUE_ID
    "7336eafe-bf7f-45cf-a139-f0fa44c5400e", -- Brg_ID : UNIQUE_ID
    'haystack', -- Name : STRING
    "ba5eda7a-def5-0000-0000-000000000004", -- DT_ID : UNIQUE_ID
    0, -- By_Ref : INTEGER
    '', -- Dimensions : STRING
    "00000000-0000-0000-0000-000000000000", -- Previous_BParm_ID : UNIQUE_ID
    '' -- Descrip : STRING
);
INSERT INTO S_BPARM VALUES (
    "42f61ab6-7e6f-4814-a9b2-e0b84a3f9187", -- BParm_ID : UNIQUE_ID
    "7336eafe-bf7f-45cf-a139-f0fa44c5400e", -- Brg_ID : UNIQUE_ID
    'needle', -- Name : STRING
    "ba5eda7a-def5-0000-0000-000000000004", -- DT_ID : UNIQUE_ID
    0, -- By_Ref : INTEGER
    '', -- Dimensions : STRING
    "03af71b0-2807-442d-9e88-c095ff2543ac", -- Previous_BParm_ID : UNIQUE_ID
    '' -- Descrip : STRING
);
INSERT INTO S_BPARM VALUES (
    "21d3e869-1404-48d5-a267-164cc9137af6", -- BParm_ID : UNIQUE_ID
    "d62c634b-74cc-4271-879d-bb16f8243125", -- Brg_ID : UNIQUE_ID
    's', -- Name : STRING
    "ba5eda7a-def5-0000-0000-000000000004", -- DT_ID : UNIQUE_ID
    0, -- By_Ref : INTEGER
    '', -- Dimensions : STRING
    "00000000-0000-0000-0000-000000000000", -- Previous_BParm_ID : UNIQUE_ID
    '' -- Descrip : STRING
);
INSERT INTO S_BPARM VALUES (
    "e87f42b4-d43e-43d5-ac81-caaa57626be5", -- BParm_ID : UNIQUE_ID
    "98d84f3d-005b-4259-a245-635911bfd6d9", -- Brg_ID : UNIQUE_ID
    's', -- Name : STRING
    "ba5eda7a-def5-0000-0000-000000000004", -- DT_ID : UNIQUE_ID
    0, -- By_Ref : INTEGER
    '', -- Dimensions : STRING
    "00000000-0000-0000-0000-000000000000", -- Previous_BParm_ID : UNIQUE_ID
    '' -- Descrip : STRING
);
INSERT INTO S_BPARM VALUES (
    "d5edd80c-223e-48c5-a69f-415ad3aaec87", -- BParm_ID : UNIQUE_ID
    "2d05e784-4e68-4ad9-b373-5583b0c79497", -- Brg_ID : UNIQUE_ID
    's', -- Name : STRING
    "ba5eda7a-def5-0000-0000-000000000004", -- DT_ID : UNIQUE_ID
    0, -- By_Ref : INTEGER
    '', -- Dimensions : STRING
    "00000000-0000-0000-0000-000000000000", -- Previous_BParm_ID : UNIQUE_ID
    '' -- Descrip : STRING
);
INSERT INTO S_BPARM VALUES (
    "95a61ef6-9dee-4090-a67d-d7662540764b", -- BParm_ID : UNIQUE_ID
    "7b593108-9200-42f0-86c7-49dfd1e5d704", -- Brg_ID : UNIQUE_ID
    'x', -- Name : STRING
    "ba5eda7a-def5-0000-0000-000000000003", -- DT_ID : UNIQUE_ID
    0, -- By_Ref : INTEGER
    '', -- Dimensions : STRING
    "00000000-0000-0000-0000-000000000000", -- Previous_BParm_ID : UNIQUE_ID
    '' -- Descrip : STRING
);
INSERT INTO S_BPARM VALUES (
    "a040d4f5-eff4-4e79-9892-bc6e87f12996", -- BParm_ID : UNIQUE_ID
    "c1f05ae4-a5cb-40a3-a774-d2cddaff579b", -- Brg_ID : UNIQUE_ID
    'attr', -- Name : STRING
    "ba5eda7a-def5-0000-0000-000000000004", -- DT_ID : UNIQUE_ID
    0, -- By_Ref : INTEGER
    '', -- Dimensions : STRING
    "00000000-0000-0000-0000-000000000000", -- Previous_BParm_ID : UNIQUE_ID
    '' -- Descrip : STRING
);
INSERT INTO S_BPARM VALUES (
    "59173bf2-34e1-49c0-82e9-647abc0e795c", -- BParm_ID : UNIQUE_ID
    "cc2b571f-54b2-4585-86b3-d879d5e34b3d", -- Brg_ID : UNIQUE_ID
    'attr', -- Name : STRING
    "ba5eda7a-def5-0000-0000-000000000004", -- DT_ID : UNIQUE_ID
    0, -- By_Ref : INTEGER
    '', -- Dimensions : STRING
    "00000000-0000-0000-0000-000000000000", -- Previous_BParm_ID : UNIQUE_ID
    '' -- Descrip : STRING
);
INSERT INTO S_BPARM VALUES (
    "7f80d22c-9adb-4f9b-8b1a-d20e9587a9ed", -- BParm_ID : UNIQUE_ID
    "3c5d78ee-496c-451e-bcc7-ad0d222c0e32", -- Brg_ID : UNIQUE_ID
    'java_class', -- Name : STRING
    "ba5eda7a-def5-0000-0000-000000000004", -- DT_ID : UNIQUE_ID
    0, -- By_Ref : INTEGER
    '', -- Dimensions : STRING
    "00000000-0000-0000-0000-000000000000", -- Previous_BParm_ID : UNIQUE_ID
    '' -- Descrip : STRING
);
INSERT INTO S_BPARM VALUES (
    "030b8ad4-05ad-415a-9745-c98c4f790575", -- BParm_ID : UNIQUE_ID
    "3c5d78ee-496c-451e-bcc7-ad0d222c0e32", -- Brg_ID : UNIQUE_ID
    'args', -- Name : STRING
    "ba5eda7a-def5-0000-0000-000000000004", -- DT_ID : UNIQUE_ID
    0, -- By_Ref : INTEGER
    '[]', -- Dimensions : STRING
    "7f80d22c-9adb-4f9b-8b1a-d20e9587a9ed", -- Previous_BParm_ID : UNIQUE_ID
    '' -- Descrip : STRING
);
INSERT INTO S_BPARM VALUES (
    "a08876d8-ddad-46b7-89ab-8191af6a9e1a", -- BParm_ID : UNIQUE_ID
    "e4340945-3812-4aa8-bc9b-e374d680118b", -- Brg_ID : UNIQUE_ID
    'key_letters', -- Name : STRING
    "ba5eda7a-def5-0000-0000-000000000004", -- DT_ID : UNIQUE_ID
    0, -- By_Ref : INTEGER
    '', -- Dimensions : STRING
    "00000000-0000-0000-0000-000000000000", -- Previous_BParm_ID : UNIQUE_ID
    '' -- Descrip : STRING
);
INSERT INTO S_BPARM VALUES (
    "7ef089be-a1ad-4b07-a0b2-d41f3588e7db", -- BParm_ID : UNIQUE_ID
    "5a5d5ceb-29f0-4209-aeba-150fb07052b7", -- Brg_ID : UNIQUE_ID
    'instance', -- Name : STRING
    "ba5eda7a-def5-0000-0000-000000000008", -- DT_ID : UNIQUE_ID
    0, -- By_Ref : INTEGER
    '', -- Dimensions : STRING
    "00000000-0000-0000-0000-000000000000", -- Previous_BParm_ID : UNIQUE_ID
    '' -- Descrip : STRING
);
INSERT INTO S_BPARM VALUES (
    "774a42db-19b4-4835-a8d7-6c145a107edb", -- BParm_ID : UNIQUE_ID
    "5a5d5ceb-29f0-4209-aeba-150fb07052b7", -- Brg_ID : UNIQUE_ID
    'attribute_name', -- Name : STRING
    "ba5eda7a-def5-0000-0000-000000000004", -- DT_ID : UNIQUE_ID
    0, -- By_Ref : INTEGER
    '', -- Dimensions : STRING
    "7ef089be-a1ad-4b07-a0b2-d41f3588e7db", -- Previous_BParm_ID : UNIQUE_ID
    '' -- Descrip : STRING
);
INSERT INTO S_BPARM VALUES (
    "dff6ad29-526a-4903-a715-d15a19113b1e", -- BParm_ID : UNIQUE_ID
    "5a5d5ceb-29f0-4209-aeba-150fb07052b7", -- Brg_ID : UNIQUE_ID
    'value', -- Name : STRING
    "ba5eda7a-def5-0000-0000-000000000008", -- DT_ID : UNIQUE_ID
    0, -- By_Ref : INTEGER
    '', -- Dimensions : STRING
    "774a42db-19b4-4835-a8d7-6c145a107edb", -- Previous_BParm_ID : UNIQUE_ID
    '' -- Descrip : STRING
);
INSERT INTO S_BPARM VALUES (
    "d501676f-5396-463c-92a3-1f34b8517ddc", -- BParm_ID : UNIQUE_ID
    "5dddfeb2-1f14-4aa5-ad63-8a909e0dec8c", -- Brg_ID : UNIQUE_ID
    'inst1', -- Name : STRING
    "ba5eda7a-def5-0000-0000-000000000008", -- DT_ID : UNIQUE_ID
    0, -- By_Ref : INTEGER
    '', -- Dimensions : STRING
    "00000000-0000-0000-0000-000000000000", -- Previous_BParm_ID : UNIQUE_ID
    '' -- Descrip : STRING
);
INSERT INTO S_BPARM VALUES (
    "decce6e5-3390-483a-9e44-25e7bcfcc192", -- BParm_ID : UNIQUE_ID
    "5dddfeb2-1f14-4aa5-ad63-8a909e0dec8c", -- Brg_ID : UNIQUE_ID
    'inst2', -- Name : STRING
    "ba5eda7a-def5-0000-0000-000000000008", -- DT_ID : UNIQUE_ID
    0, -- By_Ref : INTEGER
    '', -- Dimensions : STRING
    "d501676f-5396-463c-92a3-1f34b8517ddc", -- Previous_BParm_ID : UNIQUE_ID
    '' -- Descrip : STRING
);
INSERT INTO S_BPARM VALUES (
    "880ebbb6-b09f-4305-b214-46ccd127ac18", -- BParm_ID : UNIQUE_ID
    "5dddfeb2-1f14-4aa5-ad63-8a909e0dec8c", -- Brg_ID : UNIQUE_ID
    'rel_num', -- Name : STRING
    "ba5eda7a-def5-0000-0000-000000000002", -- DT_ID : UNIQUE_ID
    0, -- By_Ref : INTEGER
    '', -- Dimensions : STRING
    "decce6e5-3390-483a-9e44-25e7bcfcc192", -- Previous_BParm_ID : UNIQUE_ID
    '' -- Descrip : STRING
);
INSERT INTO S_BPARM VALUES (
    "470225d1-85e1-47fc-8375-99420dd21163", -- BParm_ID : UNIQUE_ID
    "5dddfeb2-1f14-4aa5-ad63-8a909e0dec8c", -- Brg_ID : UNIQUE_ID
    'phrase', -- Name : STRING
    "ba5eda7a-def5-0000-0000-000000000004", -- DT_ID : UNIQUE_ID
    0, -- By_Ref : INTEGER
    '', -- Dimensions : STRING
    "880ebbb6-b09f-4305-b214-46ccd127ac18", -- Previous_BParm_ID : UNIQUE_ID
    '' -- Descrip : STRING
);
INSERT INTO S_BPARM VALUES (
    "61fbe7a9-1ff1-4646-9036-699d8a77b4eb", -- BParm_ID : UNIQUE_ID
    "4d455ec0-5a4f-467f-bd96-0eda52082970", -- Brg_ID : UNIQUE_ID
    'inst1', -- Name : STRING
    "ba5eda7a-def5-0000-0000-000000000008", -- DT_ID : UNIQUE_ID
    0, -- By_Ref : INTEGER
    '', -- Dimensions : STRING
    "00000000-0000-0000-0000-000000000000", -- Previous_BParm_ID : UNIQUE_ID
    '' -- Descrip : STRING
);
INSERT INTO S_BPARM VALUES (
    "9853b7e4-33ce-4b17-9375-b3ba712c1769", -- BParm_ID : UNIQUE_ID
    "4d455ec0-5a4f-467f-bd96-0eda52082970", -- Brg_ID : UNIQUE_ID
    'inst2', -- Name : STRING
    "ba5eda7a-def5-0000-0000-000000000008", -- DT_ID : UNIQUE_ID
    0, -- By_Ref : INTEGER
    '', -- Dimensions : STRING
    "61fbe7a9-1ff1-4646-9036-699d8a77b4eb", -- Previous_BParm_ID : UNIQUE_ID
    '' -- Descrip : STRING
);
INSERT INTO S_BPARM VALUES (
    "b39dc106-616f-4e29-b6cd-364f1e935827", -- BParm_ID : UNIQUE_ID
    "4d455ec0-5a4f-467f-bd96-0eda52082970", -- Brg_ID : UNIQUE_ID
    'rel_num', -- Name : STRING
    "ba5eda7a-def5-0000-0000-000000000002", -- DT_ID : UNIQUE_ID
    0, -- By_Ref : INTEGER
    '', -- Dimensions : STRING
    "1012e3aa-873a-4131-8c05-a2dac7e250fe", -- Previous_BParm_ID : UNIQUE_ID
    '' -- Descrip : STRING
);
INSERT INTO S_BPARM VALUES (
    "2cadaa5f-0a37-40d6-bd78-846eb83a9235", -- BParm_ID : UNIQUE_ID
    "4d455ec0-5a4f-467f-bd96-0eda52082970", -- Brg_ID : UNIQUE_ID
    'phrase', -- Name : STRING
    "ba5eda7a-def5-0000-0000-000000000004", -- DT_ID : UNIQUE_ID
    0, -- By_Ref : INTEGER
    '', -- Dimensions : STRING
    "b39dc106-616f-4e29-b6cd-364f1e935827", -- Previous_BParm_ID : UNIQUE_ID
    '' -- Descrip : STRING
);
INSERT INTO S_BPARM VALUES (
    "1012e3aa-873a-4131-8c05-a2dac7e250fe", -- BParm_ID : UNIQUE_ID
    "4d455ec0-5a4f-467f-bd96-0eda52082970", -- Brg_ID : UNIQUE_ID
    'link', -- Name : STRING
    "ba5eda7a-def5-0000-0000-000000000008", -- DT_ID : UNIQUE_ID
    0, -- By_Ref : INTEGER
    '', -- Dimensions : STRING
    "9853b7e4-33ce-4b17-9375-b3ba712c1769", -- Previous_BParm_ID : UNIQUE_ID
    '' -- Descrip : STRING
);
INSERT INTO S_BPARM VALUES (
    "216fa774-c8d9-4dcb-82c8-d5a97e634c71", -- BParm_ID : UNIQUE_ID
    "b890cabd-de2c-4828-a8a5-d955fb7d67c4", -- Brg_ID : UNIQUE_ID
    'function_name', -- Name : STRING
    "ba5eda7a-def5-0000-0000-000000000004", -- DT_ID : UNIQUE_ID
    0, -- By_Ref : INTEGER
    '', -- Dimensions : STRING
    "00000000-0000-0000-0000-000000000000", -- Previous_BParm_ID : UNIQUE_ID
    '' -- Descrip : STRING
);
INSERT INTO S_BPARM VALUES (
    "9655860a-1775-4c02-bf88-60f28d3010cf", -- BParm_ID : UNIQUE_ID
    "b890cabd-de2c-4828-a8a5-d955fb7d67c4", -- Brg_ID : UNIQUE_ID
    'args', -- Name : STRING
    "ba5eda7a-def5-0000-0000-000000000008", -- DT_ID : UNIQUE_ID
    0, -- By_Ref : INTEGER
    '[]', -- Dimensions : STRING
    "216fa774-c8d9-4dcb-82c8-d5a97e634c71", -- Previous_BParm_ID : UNIQUE_ID
    '' -- Descrip : STRING
);
INSERT INTO S_BPARM VALUES (
    "cc59f84f-ad26-45ec-8f9d-fd87a49d1b24", -- BParm_ID : UNIQUE_ID
    "41ba132d-a1d1-4191-a09b-2557dff31e03", -- Brg_ID : UNIQUE_ID
    'file', -- Name : STRING
    "ba5eda7a-def5-0000-0000-000000000004", -- DT_ID : UNIQUE_ID
    0, -- By_Ref : INTEGER
    '', -- Dimensions : STRING
    "00000000-0000-0000-0000-000000000000", -- Previous_BParm_ID : UNIQUE_ID
    '' -- Descrip : STRING
);
INSERT INTO S_BPARM VALUES (
    "b44dee13-d04f-428c-9395-32ebe32a7438", -- BParm_ID : UNIQUE_ID
    "9c9ff561-0230-49c6-93a0-97e6e806f171", -- Brg_ID : UNIQUE_ID
    'file', -- Name : STRING
    "ba5eda7a-def5-0000-0000-000000000004", -- DT_ID : UNIQUE_ID
    0, -- By_Ref : INTEGER
    '', -- Dimensions : STRING
    "00000000-0000-0000-0000-000000000000", -- Previous_BParm_ID : UNIQUE_ID
    '' -- Descrip : STRING
);
INSERT INTO S_BPARM VALUES (
    "29a1bce9-53c7-4aa2-8b58-168e025fc45b", -- BParm_ID : UNIQUE_ID
    "f7a1de23-2e31-4e8a-988b-ace95920d6c0", -- Brg_ID : UNIQUE_ID
    's', -- Name : STRING
    "ba5eda7a-def5-0000-0000-000000000004", -- DT_ID : UNIQUE_ID
    0, -- By_Ref : INTEGER
    '', -- Dimensions : STRING
    "00000000-0000-0000-0000-000000000000", -- Previous_BParm_ID : UNIQUE_ID
    '' -- Descrip : STRING
);
INSERT INTO S_BPARM VALUES (
    "71abd594-35f7-47aa-a3fb-744f9cbe26b1", -- BParm_ID : UNIQUE_ID
    "56d78985-bd88-4f57-97f5-3a8479d36a75", -- Brg_ID : UNIQUE_ID
    'file', -- Name : STRING
    "ba5eda7a-def5-0000-0000-000000000004", -- DT_ID : UNIQUE_ID
    0, -- By_Ref : INTEGER
    '', -- Dimensions : STRING
    "00000000-0000-0000-0000-000000000000", -- Previous_BParm_ID : UNIQUE_ID
    '' -- Descrip : STRING
);
INSERT INTO S_BPARM VALUES (
    "d1ee6801-de07-4031-bd37-2a8ffd3f8473", -- BParm_ID : UNIQUE_ID
    "ad4f1248-1786-4a6c-9f24-575f1b7d5401", -- Brg_ID : UNIQUE_ID
    'file', -- Name : STRING
    "ba5eda7a-def5-0000-0000-000000000004", -- DT_ID : UNIQUE_ID
    0, -- By_Ref : INTEGER
    '', -- Dimensions : STRING
    "00000000-0000-0000-0000-000000000000", -- Previous_BParm_ID : UNIQUE_ID
    '' -- Descrip : STRING
);
INSERT INTO S_BPARM VALUES (
    "a7a80f0d-ee75-4ddb-a11f-c2ac2101f1e0", -- BParm_ID : UNIQUE_ID
    "387a0ac8-5355-48ef-a355-2676c1a68ecb", -- Brg_ID : UNIQUE_ID
    'format', -- Name : STRING
    "ba5eda7a-def5-0000-0000-000000000004", -- DT_ID : UNIQUE_ID
    0, -- By_Ref : INTEGER
    '', -- Dimensions : STRING
    "00000000-0000-0000-0000-000000000000", -- Previous_BParm_ID : UNIQUE_ID
    '' -- Descrip : STRING
);
INSERT INTO S_BPARM VALUES (
    "7ed56b5d-9bd9-499e-8848-be903121068c", -- BParm_ID : UNIQUE_ID
    "387a0ac8-5355-48ef-a355-2676c1a68ecb", -- Brg_ID : UNIQUE_ID
    's', -- Name : STRING
    "ba5eda7a-def5-0000-0000-000000000004", -- DT_ID : UNIQUE_ID
    0, -- By_Ref : INTEGER
    '', -- Dimensions : STRING
    "a7a80f0d-ee75-4ddb-a11f-c2ac2101f1e0", -- Previous_BParm_ID : UNIQUE_ID
    '' -- Descrip : STRING
);
INSERT INTO S_BPARM VALUES (
    "860f4a36-5e56-4945-80ba-9040088955af", -- BParm_ID : UNIQUE_ID
    "a4310342-37b4-4aa7-825b-a056e08718c5", -- Brg_ID : UNIQUE_ID
    'dir', -- Name : STRING
    "ba5eda7a-def5-0000-0000-000000000004", -- DT_ID : UNIQUE_ID
    0, -- By_Ref : INTEGER
    '', -- Dimensions : STRING
    "00000000-0000-0000-0000-000000000000", -- Previous_BParm_ID : UNIQUE_ID
    '' -- Descrip : STRING
);
INSERT INTO S_BRG VALUES (
    "112f319f-4c8e-482c-a552-276f1b56bc8d", -- Brg_ID : UNIQUE_ID
    "301ed0ee-cd6b-49d6-949f-df904baa862c", -- EE_ID : UNIQUE_ID
    'shutdown', -- Name : STRING
    '', -- Descrip : STRING
    0, -- Brg_Typ : INTEGER
    "ba5eda7a-def5-0000-0000-000000000000", -- DT_ID : UNIQUE_ID
    '//', -- Action_Semantics_internal : STRING
    1, -- Suc_Pars : INTEGER
    '', -- Return_Dimensions : STRING
    0 -- Dialect : INTEGER
);
INSERT INTO S_BRG VALUES (
    "b34ec664-6dea-44bc-afbf-69645da52f0a", -- Brg_ID : UNIQUE_ID
    "fb3760d2-2a3e-463f-bd24-66cd25fdba39", -- EE_ID : UNIQUE_ID
    'LogDate', -- Name : STRING
    '', -- Descrip : STRING
    0, -- Brg_Typ : INTEGER
    "ba5eda7a-def5-0000-0000-000000000000", -- DT_ID : UNIQUE_ID
    '', -- Action_Semantics_internal : STRING
    1, -- Suc_Pars : INTEGER
    '', -- Return_Dimensions : STRING
    0 -- Dialect : INTEGER
);
INSERT INTO S_BRG VALUES (
    "2dcf3e84-1208-4e7f-a70c-a54d15f1ce77", -- Brg_ID : UNIQUE_ID
    "fb3760d2-2a3e-463f-bd24-66cd25fdba39", -- EE_ID : UNIQUE_ID
    'LogFailure', -- Name : STRING
    '', -- Descrip : STRING
    0, -- Brg_Typ : INTEGER
    "ba5eda7a-def5-0000-0000-000000000000", -- DT_ID : UNIQUE_ID
    '', -- Action_Semantics_internal : STRING
    1, -- Suc_Pars : INTEGER
    '', -- Return_Dimensions : STRING
    0 -- Dialect : INTEGER
);
INSERT INTO S_BRG VALUES (
    "af615ef3-56dd-40b1-be6b-27e07023a829", -- Brg_ID : UNIQUE_ID
    "fb3760d2-2a3e-463f-bd24-66cd25fdba39", -- EE_ID : UNIQUE_ID
    'LogInfo', -- Name : STRING
    '', -- Descrip : STRING
    0, -- Brg_Typ : INTEGER
    "ba5eda7a-def5-0000-0000-000000000000", -- DT_ID : UNIQUE_ID
    '', -- Action_Semantics_internal : STRING
    1, -- Suc_Pars : INTEGER
    '', -- Return_Dimensions : STRING
    0 -- Dialect : INTEGER
);
INSERT INTO S_BRG VALUES (
    "474dc6f1-f8eb-4a43-8ae9-fd7ec3f494ce", -- Brg_ID : UNIQUE_ID
    "fb3760d2-2a3e-463f-bd24-66cd25fdba39", -- EE_ID : UNIQUE_ID
    'LogInteger', -- Name : STRING
    '', -- Descrip : STRING
    0, -- Brg_Typ : INTEGER
    "ba5eda7a-def5-0000-0000-000000000000", -- DT_ID : UNIQUE_ID
    '', -- Action_Semantics_internal : STRING
    0, -- Suc_Pars : INTEGER
    '', -- Return_Dimensions : STRING
    0 -- Dialect : INTEGER
);
INSERT INTO S_BRG VALUES (
    "a9e838fb-4772-4822-aee6-57f775da6967", -- Brg_ID : UNIQUE_ID
    "fb3760d2-2a3e-463f-bd24-66cd25fdba39", -- EE_ID : UNIQUE_ID
    'LogReal', -- Name : STRING
    '', -- Descrip : STRING
    0, -- Brg_Typ : INTEGER
    "ba5eda7a-def5-0000-0000-000000000000", -- DT_ID : UNIQUE_ID
    '', -- Action_Semantics_internal : STRING
    1, -- Suc_Pars : INTEGER
    '', -- Return_Dimensions : STRING
    0 -- Dialect : INTEGER
);
INSERT INTO S_BRG VALUES (
    "c56d3597-5a54-4d78-8914-2dc2594c2af4", -- Brg_ID : UNIQUE_ID
    "fb3760d2-2a3e-463f-bd24-66cd25fdba39", -- EE_ID : UNIQUE_ID
    'LogSuccess', -- Name : STRING
    '', -- Descrip : STRING
    0, -- Brg_Typ : INTEGER
    "ba5eda7a-def5-0000-0000-000000000000", -- DT_ID : UNIQUE_ID
    '', -- Action_Semantics_internal : STRING
    1, -- Suc_Pars : INTEGER
    '', -- Return_Dimensions : STRING
    0 -- Dialect : INTEGER
);
INSERT INTO S_BRG VALUES (
    "77300edb-b891-4e35-858b-9e8cb6437f19", -- Brg_ID : UNIQUE_ID
    "fb3760d2-2a3e-463f-bd24-66cd25fdba39", -- EE_ID : UNIQUE_ID
    'LogTime', -- Name : STRING
    '', -- Descrip : STRING
    0, -- Brg_Typ : INTEGER
    "ba5eda7a-def5-0000-0000-000000000000", -- DT_ID : UNIQUE_ID
    '', -- Action_Semantics_internal : STRING
    1, -- Suc_Pars : INTEGER
    '', -- Return_Dimensions : STRING
    0 -- Dialect : INTEGER
);
INSERT INTO S_BRG VALUES (
    "8a08e8b6-4de0-437f-968f-71d65464ceb7", -- Brg_ID : UNIQUE_ID
    "0cbe8000-b94e-43c0-a74e-b3d9f70bb59d", -- EE_ID : UNIQUE_ID
    'current_date', -- Name : STRING
    '', -- Descrip : STRING
    1, -- Brg_Typ : INTEGER
    "ba5eda7a-def5-0000-0000-00000000000e", -- DT_ID : UNIQUE_ID
    '', -- Action_Semantics_internal : STRING
    1, -- Suc_Pars : INTEGER
    '', -- Return_Dimensions : STRING
    0 -- Dialect : INTEGER
);
INSERT INTO S_BRG VALUES (
    "e6bddfad-112a-4e3d-983c-17cf660f6a1d", -- Brg_ID : UNIQUE_ID
    "0cbe8000-b94e-43c0-a74e-b3d9f70bb59d", -- EE_ID : UNIQUE_ID
    'create_date', -- Name : STRING
    '', -- Descrip : STRING
    1, -- Brg_Typ : INTEGER
    "ba5eda7a-def5-0000-0000-00000000000e", -- DT_ID : UNIQUE_ID
    '', -- Action_Semantics_internal : STRING
    1, -- Suc_Pars : INTEGER
    '', -- Return_Dimensions : STRING
    0 -- Dialect : INTEGER
);
INSERT INTO S_BRG VALUES (
    "38a0bf36-f1fa-46ff-9ac5-30980dbf9ba0", -- Brg_ID : UNIQUE_ID
    "0cbe8000-b94e-43c0-a74e-b3d9f70bb59d", -- EE_ID : UNIQUE_ID
    'get_second', -- Name : STRING
    '', -- Descrip : STRING
    1, -- Brg_Typ : INTEGER
    "ba5eda7a-def5-0000-0000-000000000002", -- DT_ID : UNIQUE_ID
    '', -- Action_Semantics_internal : STRING
    1, -- Suc_Pars : INTEGER
    '', -- Return_Dimensions : STRING
    0 -- Dialect : INTEGER
);
INSERT INTO S_BRG VALUES (
    "2052aeb8-71a4-49e3-864d-b678d3906bed", -- Brg_ID : UNIQUE_ID
    "0cbe8000-b94e-43c0-a74e-b3d9f70bb59d", -- EE_ID : UNIQUE_ID
    'get_minute', -- Name : STRING
    '', -- Descrip : STRING
    1, -- Brg_Typ : INTEGER
    "ba5eda7a-def5-0000-0000-000000000002", -- DT_ID : UNIQUE_ID
    '', -- Action_Semantics_internal : STRING
    1, -- Suc_Pars : INTEGER
    '', -- Return_Dimensions : STRING
    0 -- Dialect : INTEGER
);
INSERT INTO S_BRG VALUES (
    "ffe9b4a1-cf2d-46b7-9789-be3f258319ec", -- Brg_ID : UNIQUE_ID
    "0cbe8000-b94e-43c0-a74e-b3d9f70bb59d", -- EE_ID : UNIQUE_ID
    'get_hour', -- Name : STRING
    '', -- Descrip : STRING
    1, -- Brg_Typ : INTEGER
    "ba5eda7a-def5-0000-0000-000000000002", -- DT_ID : UNIQUE_ID
    '', -- Action_Semantics_internal : STRING
    1, -- Suc_Pars : INTEGER
    '', -- Return_Dimensions : STRING
    0 -- Dialect : INTEGER
);
INSERT INTO S_BRG VALUES (
    "cccf7316-ec6f-4823-ade0-eaab3e2435fc", -- Brg_ID : UNIQUE_ID
    "0cbe8000-b94e-43c0-a74e-b3d9f70bb59d", -- EE_ID : UNIQUE_ID
    'get_day', -- Name : STRING
    '', -- Descrip : STRING
    1, -- Brg_Typ : INTEGER
    "ba5eda7a-def5-0000-0000-000000000002", -- DT_ID : UNIQUE_ID
    '', -- Action_Semantics_internal : STRING
    1, -- Suc_Pars : INTEGER
    '', -- Return_Dimensions : STRING
    0 -- Dialect : INTEGER
);
INSERT INTO S_BRG VALUES (
    "e4d7890a-c0ba-4e92-bb75-a89f7a1deb89", -- Brg_ID : UNIQUE_ID
    "0cbe8000-b94e-43c0-a74e-b3d9f70bb59d", -- EE_ID : UNIQUE_ID
    'get_month', -- Name : STRING
    '', -- Descrip : STRING
    1, -- Brg_Typ : INTEGER
    "ba5eda7a-def5-0000-0000-000000000002", -- DT_ID : UNIQUE_ID
    '', -- Action_Semantics_internal : STRING
    1, -- Suc_Pars : INTEGER
    '', -- Return_Dimensions : STRING
    0 -- Dialect : INTEGER
);
INSERT INTO S_BRG VALUES (
    "cd04774e-daca-4924-8bf8-26acb2101a9a", -- Brg_ID : UNIQUE_ID
    "0cbe8000-b94e-43c0-a74e-b3d9f70bb59d", -- EE_ID : UNIQUE_ID
    'get_year', -- Name : STRING
    '', -- Descrip : STRING
    1, -- Brg_Typ : INTEGER
    "ba5eda7a-def5-0000-0000-000000000002", -- DT_ID : UNIQUE_ID
    '', -- Action_Semantics_internal : STRING
    1, -- Suc_Pars : INTEGER
    '', -- Return_Dimensions : STRING
    0 -- Dialect : INTEGER
);
INSERT INTO S_BRG VALUES (
    "f3a7f92c-3c6b-4d36-8f32-849ae8fce50a", -- Brg_ID : UNIQUE_ID
    "0cbe8000-b94e-43c0-a74e-b3d9f70bb59d", -- EE_ID : UNIQUE_ID
    'current_clock', -- Name : STRING
    '', -- Descrip : STRING
    1, -- Brg_Typ : INTEGER
    "ba5eda7a-def5-0000-0000-000000000010", -- DT_ID : UNIQUE_ID
    '', -- Action_Semantics_internal : STRING
    1, -- Suc_Pars : INTEGER
    '', -- Return_Dimensions : STRING
    0 -- Dialect : INTEGER
);
INSERT INTO S_BRG VALUES (
    "0b4c485f-017d-40b6-9a7e-57fda5776da4", -- Brg_ID : UNIQUE_ID
    "0cbe8000-b94e-43c0-a74e-b3d9f70bb59d", -- EE_ID : UNIQUE_ID
    'timer_start', -- Name : STRING
    'This bridge operation starts a timer set to expire in the specified number of
microseconds, generating the passed event upon expiration. Returns the instance
handle of the timer.', -- Descrip : STRING
    1, -- Brg_Typ : INTEGER
    "ba5eda7a-def5-0000-0000-00000000000f", -- DT_ID : UNIQUE_ID
    '', -- Action_Semantics_internal : STRING
    1, -- Suc_Pars : INTEGER
    '', -- Return_Dimensions : STRING
    0 -- Dialect : INTEGER
);
INSERT INTO S_BRG VALUES (
    "16322409-ab18-4a8a-8189-42924b6ad4c7", -- Brg_ID : UNIQUE_ID
    "0cbe8000-b94e-43c0-a74e-b3d9f70bb59d", -- EE_ID : UNIQUE_ID
    'timer_start_recurring', -- Name : STRING
    'This bridge operation starts a timer set to expire in the specified number of
microseconds, generating the passed event upon expiration. Upon expiration, the
timer will be restarted and fire again in the specified number of microseconds
generating the passed event. This bridge operation returns the instance handle
of the timer.', -- Descrip : STRING
    1, -- Brg_Typ : INTEGER
    "ba5eda7a-def5-0000-0000-00000000000f", -- DT_ID : UNIQUE_ID
    '', -- Action_Semantics_internal : STRING
    1, -- Suc_Pars : INTEGER
    '', -- Return_Dimensions : STRING
    0 -- Dialect : INTEGER
);
INSERT INTO S_BRG VALUES (
    "724d498a-672c-4565-ade3-ad23463f9c4e", -- Brg_ID : UNIQUE_ID
    "0cbe8000-b94e-43c0-a74e-b3d9f70bb59d", -- EE_ID : UNIQUE_ID
    'timer_remaining_time', -- Name : STRING
    'Returns the time remaining (in microseconds) for the passed timer instance. If
the timer has expired, a zero value is returned.', -- Descrip : STRING
    1, -- Brg_Typ : INTEGER
    "ba5eda7a-def5-0000-0000-000000000002", -- DT_ID : UNIQUE_ID
    '', -- Action_Semantics_internal : STRING
    1, -- Suc_Pars : INTEGER
    '', -- Return_Dimensions : STRING
    0 -- Dialect : INTEGER
);
INSERT INTO S_BRG VALUES (
    "587a5601-85c2-4712-9523-edb532578dab", -- Brg_ID : UNIQUE_ID
    "0cbe8000-b94e-43c0-a74e-b3d9f70bb59d", -- EE_ID : UNIQUE_ID
    'timer_reset_time', -- Name : STRING
    'This bridge operation attempts to set the passed existing timer to expire in
the specified number of microseconds. If the timer exists (that is, it has not
expired), a TRUE value is returned. If the timer no longer exists, a FALSE value
is returned.', -- Descrip : STRING
    1, -- Brg_Typ : INTEGER
    "ba5eda7a-def5-0000-0000-000000000001", -- DT_ID : UNIQUE_ID
    '', -- Action_Semantics_internal : STRING
    1, -- Suc_Pars : INTEGER
    '', -- Return_Dimensions : STRING
    0 -- Dialect : INTEGER
);
INSERT INTO S_BRG VALUES (
    "a160d621-7f28-44ee-b4d9-59b10ef2e404", -- Brg_ID : UNIQUE_ID
    "0cbe8000-b94e-43c0-a74e-b3d9f70bb59d", -- EE_ID : UNIQUE_ID
    'timer_add_time', -- Name : STRING
    'This bridge operation attempts to add the specified number of microseconds to a
passed existing timer. If the timer exists (that is, it has not expired), a TRUE
value is returned. If the timer no longer exists, a FALSE value is returned.', -- Descrip : STRING
    1, -- Brg_Typ : INTEGER
    "ba5eda7a-def5-0000-0000-000000000001", -- DT_ID : UNIQUE_ID
    '', -- Action_Semantics_internal : STRING
    1, -- Suc_Pars : INTEGER
    '', -- Return_Dimensions : STRING
    0 -- Dialect : INTEGER
);
INSERT INTO S_BRG VALUES (
    "b2f303f5-6e95-4731-a762-be0c0eb02ca7", -- Brg_ID : UNIQUE_ID
    "0cbe8000-b94e-43c0-a74e-b3d9f70bb59d", -- EE_ID : UNIQUE_ID
    'timer_cancel', -- Name : STRING
    'This bridge operation cancels and deletes the passed timer instance. If the
timer exists (that is, it had not expired), a TRUE value is returned. If the
timer no longer exists, a FALSE value is returned.', -- Descrip : STRING
    1, -- Brg_Typ : INTEGER
    "ba5eda7a-def5-0000-0000-000000000001", -- DT_ID : UNIQUE_ID
    '', -- Action_Semantics_internal : STRING
    1, -- Suc_Pars : INTEGER
    '', -- Return_Dimensions : STRING
    0 -- Dialect : INTEGER
);
INSERT INTO S_BRG VALUES (
    "4c84eeef-580a-44c0-99a3-07b6a73452d7", -- Brg_ID : UNIQUE_ID
    "2c85491d-6998-469c-bc26-d447450f7f85", -- EE_ID : UNIQUE_ID
    'register_flag', -- Name : STRING
    'Registers a command line option that may or may not be present. This option may not take a value.
  name: The name of the option. Values must be composed of uper and lowercase letters only.
  usage: Usage text to be displayed to the user.
  
Produces an error if:
  - The provided option name is invalid
  - The proivided option name has already been registered
  - It is invoked after ''read_command_line'' has been invoked', -- Descrip : STRING
    0, -- Brg_Typ : INTEGER
    "ba5eda7a-def5-0000-0000-000000000000", -- DT_ID : UNIQUE_ID
    '', -- Action_Semantics_internal : STRING
    1, -- Suc_Pars : INTEGER
    '', -- Return_Dimensions : STRING
    0 -- Dialect : INTEGER
);
INSERT INTO S_BRG VALUES (
    "552205ca-aa70-45be-9f6c-fed75e322243", -- Brg_ID : UNIQUE_ID
    "2c85491d-6998-469c-bc26-d447450f7f85", -- EE_ID : UNIQUE_ID
    'register_value', -- Name : STRING
    'Registers a command line option that is accompanied by a value.
  name: The name of the option. Values must be composed of uper and lowercase letters only.
  value_name: The name of the value to be printed in the usage information.
  usage: Usage text to be displayed to the user.
  default: The value to return if the option is not present.
  
Produces an error if:
  - The provided option name is invalid
  - The proivided option name has already been registered
  - It is invoked after ''read_command_line'' has been invoked', -- Descrip : STRING
    0, -- Brg_Typ : INTEGER
    "ba5eda7a-def5-0000-0000-000000000000", -- DT_ID : UNIQUE_ID
    '', -- Action_Semantics_internal : STRING
    1, -- Suc_Pars : INTEGER
    '', -- Return_Dimensions : STRING
    0 -- Dialect : INTEGER
);
INSERT INTO S_BRG VALUES (
    "e14dac49-6263-450c-a836-b0d18eb918ce", -- Brg_ID : UNIQUE_ID
    "2c85491d-6998-469c-bc26-d447450f7f85", -- EE_ID : UNIQUE_ID
    'get_flag', -- Name : STRING
    'Return true if the option is present.
  
Produces an error if:
  - The provided option name is invalid
  - The provided option name has not been registered
  - The provided option name has been registered as a value
  - It is invoked before ''read_command_line'' has been invoked', -- Descrip : STRING
    0, -- Brg_Typ : INTEGER
    "ba5eda7a-def5-0000-0000-000000000001", -- DT_ID : UNIQUE_ID
    '', -- Action_Semantics_internal : STRING
    1, -- Suc_Pars : INTEGER
    '', -- Return_Dimensions : STRING
    0 -- Dialect : INTEGER
);
INSERT INTO S_BRG VALUES (
    "48b8f9dc-e8f2-41f2-9b8e-d6b671643328", -- Brg_ID : UNIQUE_ID
    "2c85491d-6998-469c-bc26-d447450f7f85", -- EE_ID : UNIQUE_ID
    'get_value', -- Name : STRING
    'Get the value of a registered option.
  
Produces an error if:
  - The provided option name is invalid
  - The provided option name has not been registered
  - The provided option name has been registered as a flag
  - It is invoked before ''read_command_line'' has been invoked', -- Descrip : STRING
    0, -- Brg_Typ : INTEGER
    "ba5eda7a-def5-0000-0000-000000000004", -- DT_ID : UNIQUE_ID
    '', -- Action_Semantics_internal : STRING
    1, -- Suc_Pars : INTEGER
    '', -- Return_Dimensions : STRING
    0 -- Dialect : INTEGER
);
INSERT INTO S_BRG VALUES (
    "029dc98c-3010-43ac-9592-e46b263472fe", -- Brg_ID : UNIQUE_ID
    "2c85491d-6998-469c-bc26-d447450f7f85", -- EE_ID : UNIQUE_ID
    'read_command_line', -- Name : STRING
    'Parses the command line arguments and validates them based on the registered
options. This produces an error if it is called twice.', -- Descrip : STRING
    0, -- Brg_Typ : INTEGER
    "ba5eda7a-def5-0000-0000-000000000000", -- DT_ID : UNIQUE_ID
    '', -- Action_Semantics_internal : STRING
    1, -- Suc_Pars : INTEGER
    '', -- Return_Dimensions : STRING
    0 -- Dialect : INTEGER
);
INSERT INTO S_BRG VALUES (
    "1f23e627-377e-4168-a4a2-bda0a5ec42eb", -- Brg_ID : UNIQUE_ID
    "33d21480-69a2-4ed7-9fd6-4b0d734cf2a9", -- EE_ID : UNIQUE_ID
    'itoa', -- Name : STRING
    '', -- Descrip : STRING
    0, -- Brg_Typ : INTEGER
    "ba5eda7a-def5-0000-0000-000000000004", -- DT_ID : UNIQUE_ID
    'mapping[9]="9"; mapping[8]="8"; mapping[7]="7"; mapping[6]="6"; mapping[5]="5";
mapping[4]="4"; mapping[3]="3"; mapping[2]="2"; mapping[1]="1"; mapping[0]="0";

i = param.i; s = "";
while ( i >= 1 )
  d = i % 10;
  i = i / 10;
  s = mapping[ d ] + s;
end while;

return s;', -- Action_Semantics_internal : STRING
    1, -- Suc_Pars : INTEGER
    '', -- Return_Dimensions : STRING
    0 -- Dialect : INTEGER
);
INSERT INTO S_BRG VALUES (
    "5f3c759c-6b7b-4ee8-8e47-370fb4a90427", -- Brg_ID : UNIQUE_ID
    "33d21480-69a2-4ed7-9fd6-4b0d734cf2a9", -- EE_ID : UNIQUE_ID
    'atoi', -- Name : STRING
    '', -- Descrip : STRING
    0, -- Brg_Typ : INTEGER
    "ba5eda7a-def5-0000-0000-000000000002", -- DT_ID : UNIQUE_ID
    'return 0;', -- Action_Semantics_internal : STRING
    1, -- Suc_Pars : INTEGER
    '', -- Return_Dimensions : STRING
    0 -- Dialect : INTEGER
);
INSERT INTO S_BRG VALUES (
    "89d596ad-2792-4523-b93e-7f73d50eaa81", -- Brg_ID : UNIQUE_ID
    "33d21480-69a2-4ed7-9fd6-4b0d734cf2a9", -- EE_ID : UNIQUE_ID
    'substr', -- Name : STRING
    'returns a substring of the given string s starting at the index begin and ending at the index end - 1.
if begin < 0, returns a substring starting at the beginning of s
if begin > the length of s - 1, returns an empty string
if end < 0 or > the length of s, returns a substring starting at begin to the end of s
if end <= begin, returns empty string

usage examples:
foo = substr( s:"Hello, World!", 4, 8 );	// foo == "o, Wo"
bar = substr( s:"Hello, World!", 2, -1 );	// bar == "llo, World!"', -- Descrip : STRING
    0, -- Brg_Typ : INTEGER
    "ba5eda7a-def5-0000-0000-000000000004", -- DT_ID : UNIQUE_ID
    '', -- Action_Semantics_internal : STRING
    1, -- Suc_Pars : INTEGER
    '', -- Return_Dimensions : STRING
    0 -- Dialect : INTEGER
);
INSERT INTO S_BRG VALUES (
    "ffa333ae-485c-4095-8a9f-2ea460bbb53f", -- Brg_ID : UNIQUE_ID
    "33d21480-69a2-4ed7-9fd6-4b0d734cf2a9", -- EE_ID : UNIQUE_ID
    'strlen', -- Name : STRING
    '', -- Descrip : STRING
    0, -- Brg_Typ : INTEGER
    "ba5eda7a-def5-0000-0000-000000000002", -- DT_ID : UNIQUE_ID
    '', -- Action_Semantics_internal : STRING
    1, -- Suc_Pars : INTEGER
    '', -- Return_Dimensions : STRING
    0 -- Dialect : INTEGER
);
INSERT INTO S_BRG VALUES (
    "7336eafe-bf7f-45cf-a139-f0fa44c5400e", -- Brg_ID : UNIQUE_ID
    "33d21480-69a2-4ed7-9fd6-4b0d734cf2a9", -- EE_ID : UNIQUE_ID
    'indexof', -- Name : STRING
    'Returns the index of the first occurence of needle in haystack. Returns -1 if no match is found.', -- Descrip : STRING
    0, -- Brg_Typ : INTEGER
    "ba5eda7a-def5-0000-0000-000000000002", -- DT_ID : UNIQUE_ID
    '', -- Action_Semantics_internal : STRING
    1, -- Suc_Pars : INTEGER
    '', -- Return_Dimensions : STRING
    0 -- Dialect : INTEGER
);
INSERT INTO S_BRG VALUES (
    "d62c634b-74cc-4271-879d-bb16f8243125", -- Brg_ID : UNIQUE_ID
    "33d21480-69a2-4ed7-9fd6-4b0d734cf2a9", -- EE_ID : UNIQUE_ID
    'trim', -- Name : STRING
    'Returns the input string with whitespace ( '' '', ''\r'', ''\t'', and ''\n'' ) trimmed from the beginning
and the end of the string. If the input string is only whitespace, empty string is returned', -- Descrip : STRING
    0, -- Brg_Typ : INTEGER
    "ba5eda7a-def5-0000-0000-000000000004", -- DT_ID : UNIQUE_ID
    '', -- Action_Semantics_internal : STRING
    1, -- Suc_Pars : INTEGER
    '', -- Return_Dimensions : STRING
    0 -- Dialect : INTEGER
);
INSERT INTO S_BRG VALUES (
    "bdfbe284-fdf5-4d84-b868-24a4494b1eed", -- Brg_ID : UNIQUE_ID
    "33d21480-69a2-4ed7-9fd6-4b0d734cf2a9", -- EE_ID : UNIQUE_ID
    'quote', -- Name : STRING
    'Returns a literal double quote character as a string', -- Descrip : STRING
    0, -- Brg_Typ : INTEGER
    "ba5eda7a-def5-0000-0000-000000000004", -- DT_ID : UNIQUE_ID
    '', -- Action_Semantics_internal : STRING
    1, -- Suc_Pars : INTEGER
    '', -- Return_Dimensions : STRING
    0 -- Dialect : INTEGER
);
INSERT INTO S_BRG VALUES (
    "98d84f3d-005b-4259-a245-635911bfd6d9", -- Brg_ID : UNIQUE_ID
    "33d21480-69a2-4ed7-9fd6-4b0d734cf2a9", -- EE_ID : UNIQUE_ID
    'escapetics', -- Name : STRING
    'replaces all instances of '' with '''' to escape the tics for SQL. Assumes that the result will still fit in the max
string', -- Descrip : STRING
    0, -- Brg_Typ : INTEGER
    "ba5eda7a-def5-0000-0000-000000000004", -- DT_ID : UNIQUE_ID
    '', -- Action_Semantics_internal : STRING
    1, -- Suc_Pars : INTEGER
    '', -- Return_Dimensions : STRING
    0 -- Dialect : INTEGER
);
INSERT INTO S_BRG VALUES (
    "2d05e784-4e68-4ad9-b373-5583b0c79497", -- Brg_ID : UNIQUE_ID
    "33d21480-69a2-4ed7-9fd6-4b0d734cf2a9", -- EE_ID : UNIQUE_ID
    'unescapetics', -- Name : STRING
    'replaces all instances of '''' with '' to un-escape the tics for SQL', -- Descrip : STRING
    0, -- Brg_Typ : INTEGER
    "ba5eda7a-def5-0000-0000-000000000004", -- DT_ID : UNIQUE_ID
    '', -- Action_Semantics_internal : STRING
    1, -- Suc_Pars : INTEGER
    '', -- Return_Dimensions : STRING
    0 -- Dialect : INTEGER
);
INSERT INTO S_BRG VALUES (
    "7b593108-9200-42f0-86c7-49dfd1e5d704", -- Brg_ID : UNIQUE_ID
    "445e6cf8-2b35-4c6d-b9ff-1db8125259dc", -- EE_ID : UNIQUE_ID
    'sqrt', -- Name : STRING
    '', -- Descrip : STRING
    0, -- Brg_Typ : INTEGER
    "ba5eda7a-def5-0000-0000-000000000003", -- DT_ID : UNIQUE_ID
    '', -- Action_Semantics_internal : STRING
    1, -- Suc_Pars : INTEGER
    '', -- Return_Dimensions : STRING
    0 -- Dialect : INTEGER
);
INSERT INTO S_BRG VALUES (
    "c1f05ae4-a5cb-40a3-a774-d2cddaff579b", -- Brg_ID : UNIQUE_ID
    "c9877e9a-7dfe-4912-b126-3e0d533cabd5", -- EE_ID : UNIQUE_ID
    'ascending', -- Name : STRING
    '', -- Descrip : STRING
    0, -- Brg_Typ : INTEGER
    "ba5eda7a-def5-0000-0000-000000000001", -- DT_ID : UNIQUE_ID
    'return true;', -- Action_Semantics_internal : STRING
    1, -- Suc_Pars : INTEGER
    '', -- Return_Dimensions : STRING
    0 -- Dialect : INTEGER
);
INSERT INTO S_BRG VALUES (
    "cc2b571f-54b2-4585-86b3-d879d5e34b3d", -- Brg_ID : UNIQUE_ID
    "c9877e9a-7dfe-4912-b126-3e0d533cabd5", -- EE_ID : UNIQUE_ID
    'descending', -- Name : STRING
    '', -- Descrip : STRING
    0, -- Brg_Typ : INTEGER
    "ba5eda7a-def5-0000-0000-000000000001", -- DT_ID : UNIQUE_ID
    'return true;', -- Action_Semantics_internal : STRING
    1, -- Suc_Pars : INTEGER
    '', -- Return_Dimensions : STRING
    0 -- Dialect : INTEGER
);
INSERT INTO S_BRG VALUES (
    "3c5d78ee-496c-451e-bcc7-ad0d222c0e32", -- Brg_ID : UNIQUE_ID
    "4525dfcd-89bc-4810-bceb-c727b8c25e05", -- EE_ID : UNIQUE_ID
    'load', -- Name : STRING
    '', -- Descrip : STRING
    0, -- Brg_Typ : INTEGER
    "ba5eda7a-def5-0000-0000-000000000000", -- DT_ID : UNIQUE_ID
    '', -- Action_Semantics_internal : STRING
    1, -- Suc_Pars : INTEGER
    '', -- Return_Dimensions : STRING
    0 -- Dialect : INTEGER
);
INSERT INTO S_BRG VALUES (
    "e4340945-3812-4aa8-bc9b-e374d680118b", -- Brg_ID : UNIQUE_ID
    "4525dfcd-89bc-4810-bceb-c727b8c25e05", -- EE_ID : UNIQUE_ID
    'create', -- Name : STRING
    '', -- Descrip : STRING
    0, -- Brg_Typ : INTEGER
    "ba5eda7a-def5-0000-0000-000000000008", -- DT_ID : UNIQUE_ID
    '', -- Action_Semantics_internal : STRING
    1, -- Suc_Pars : INTEGER
    '', -- Return_Dimensions : STRING
    0 -- Dialect : INTEGER
);
INSERT INTO S_BRG VALUES (
    "5a5d5ceb-29f0-4209-aeba-150fb07052b7", -- Brg_ID : UNIQUE_ID
    "4525dfcd-89bc-4810-bceb-c727b8c25e05", -- EE_ID : UNIQUE_ID
    'set_attribute', -- Name : STRING
    '', -- Descrip : STRING
    0, -- Brg_Typ : INTEGER
    "ba5eda7a-def5-0000-0000-000000000000", -- DT_ID : UNIQUE_ID
    '', -- Action_Semantics_internal : STRING
    1, -- Suc_Pars : INTEGER
    '', -- Return_Dimensions : STRING
    0 -- Dialect : INTEGER
);
INSERT INTO S_BRG VALUES (
    "5dddfeb2-1f14-4aa5-ad63-8a909e0dec8c", -- Brg_ID : UNIQUE_ID
    "4525dfcd-89bc-4810-bceb-c727b8c25e05", -- EE_ID : UNIQUE_ID
    'relate', -- Name : STRING
    '', -- Descrip : STRING
    0, -- Brg_Typ : INTEGER
    "ba5eda7a-def5-0000-0000-000000000000", -- DT_ID : UNIQUE_ID
    '', -- Action_Semantics_internal : STRING
    1, -- Suc_Pars : INTEGER
    '', -- Return_Dimensions : STRING
    0 -- Dialect : INTEGER
);
INSERT INTO S_BRG VALUES (
    "4d455ec0-5a4f-467f-bd96-0eda52082970", -- Brg_ID : UNIQUE_ID
    "4525dfcd-89bc-4810-bceb-c727b8c25e05", -- EE_ID : UNIQUE_ID
    'relate_using', -- Name : STRING
    '', -- Descrip : STRING
    0, -- Brg_Typ : INTEGER
    "ba5eda7a-def5-0000-0000-000000000000", -- DT_ID : UNIQUE_ID
    '', -- Action_Semantics_internal : STRING
    1, -- Suc_Pars : INTEGER
    '', -- Return_Dimensions : STRING
    0 -- Dialect : INTEGER
);
INSERT INTO S_BRG VALUES (
    "b890cabd-de2c-4828-a8a5-d955fb7d67c4", -- Brg_ID : UNIQUE_ID
    "4525dfcd-89bc-4810-bceb-c727b8c25e05", -- EE_ID : UNIQUE_ID
    'call_function', -- Name : STRING
    '', -- Descrip : STRING
    0, -- Brg_Typ : INTEGER
    "ba5eda7a-def5-0000-0000-000000000008", -- DT_ID : UNIQUE_ID
    '', -- Action_Semantics_internal : STRING
    1, -- Suc_Pars : INTEGER
    '', -- Return_Dimensions : STRING
    0 -- Dialect : INTEGER
);
INSERT INTO S_BRG VALUES (
    "41ba132d-a1d1-4191-a09b-2557dff31e03", -- Brg_ID : UNIQUE_ID
    "3c9187e2-faac-4b05-986d-04c751e1632b", -- EE_ID : UNIQUE_ID
    'load_file', -- Name : STRING
    '', -- Descrip : STRING
    0, -- Brg_Typ : INTEGER
    "ba5eda7a-def5-0000-0000-000000000000", -- DT_ID : UNIQUE_ID
    '', -- Action_Semantics_internal : STRING
    1, -- Suc_Pars : INTEGER
    '', -- Return_Dimensions : STRING
    0 -- Dialect : INTEGER
);
INSERT INTO S_BRG VALUES (
    "9c9ff561-0230-49c6-93a0-97e6e806f171", -- Brg_ID : UNIQUE_ID
    "3c9187e2-faac-4b05-986d-04c751e1632b", -- EE_ID : UNIQUE_ID
    'serialize_file', -- Name : STRING
    '', -- Descrip : STRING
    0, -- Brg_Typ : INTEGER
    "ba5eda7a-def5-0000-0000-000000000000", -- DT_ID : UNIQUE_ID
    '', -- Action_Semantics_internal : STRING
    1, -- Suc_Pars : INTEGER
    '', -- Return_Dimensions : STRING
    0 -- Dialect : INTEGER
);
INSERT INTO S_BRG VALUES (
    "40eaec44-eb8d-4cae-959a-880b94c28c05", -- Brg_ID : UNIQUE_ID
    "3c9187e2-faac-4b05-986d-04c751e1632b", -- EE_ID : UNIQUE_ID
    'load', -- Name : STRING
    '', -- Descrip : STRING
    0, -- Brg_Typ : INTEGER
    "ba5eda7a-def5-0000-0000-000000000000", -- DT_ID : UNIQUE_ID
    '', -- Action_Semantics_internal : STRING
    1, -- Suc_Pars : INTEGER
    '', -- Return_Dimensions : STRING
    0 -- Dialect : INTEGER
);
INSERT INTO S_BRG VALUES (
    "a024f801-c9ad-4451-9c66-573aa528f182", -- Brg_ID : UNIQUE_ID
    "3c9187e2-faac-4b05-986d-04c751e1632b", -- EE_ID : UNIQUE_ID
    'serialize', -- Name : STRING
    '', -- Descrip : STRING
    0, -- Brg_Typ : INTEGER
    "ba5eda7a-def5-0000-0000-000000000000", -- DT_ID : UNIQUE_ID
    '', -- Action_Semantics_internal : STRING
    1, -- Suc_Pars : INTEGER
    '', -- Return_Dimensions : STRING
    0 -- Dialect : INTEGER
);
INSERT INTO S_BRG VALUES (
    "a83f64fc-8677-4fde-aa38-99aab40c8d1a", -- Brg_ID : UNIQUE_ID
    "d6db4b3d-c6a5-400a-92b9-6a391237afbb", -- EE_ID : UNIQUE_ID
    'body', -- Name : STRING
    '', -- Descrip : STRING
    0, -- Brg_Typ : INTEGER
    "ba5eda7a-def5-0000-0000-000000000004", -- DT_ID : UNIQUE_ID
    '', -- Action_Semantics_internal : STRING
    1, -- Suc_Pars : INTEGER
    '', -- Return_Dimensions : STRING
    0 -- Dialect : INTEGER
);
INSERT INTO S_BRG VALUES (
    "025ceff5-1023-427c-bbb0-750a3f4e97dc", -- Brg_ID : UNIQUE_ID
    "d6db4b3d-c6a5-400a-92b9-6a391237afbb", -- EE_ID : UNIQUE_ID
    'clear', -- Name : STRING
    '', -- Descrip : STRING
    0, -- Brg_Typ : INTEGER
    "ba5eda7a-def5-0000-0000-000000000000", -- DT_ID : UNIQUE_ID
    '', -- Action_Semantics_internal : STRING
    1, -- Suc_Pars : INTEGER
    '', -- Return_Dimensions : STRING
    0 -- Dialect : INTEGER
);
INSERT INTO S_BRG VALUES (
    "f7a1de23-2e31-4e8a-988b-ace95920d6c0", -- Brg_ID : UNIQUE_ID
    "d6db4b3d-c6a5-400a-92b9-6a391237afbb", -- EE_ID : UNIQUE_ID
    'append', -- Name : STRING
    '', -- Descrip : STRING
    0, -- Brg_Typ : INTEGER
    "ba5eda7a-def5-0000-0000-000000000000", -- DT_ID : UNIQUE_ID
    '', -- Action_Semantics_internal : STRING
    1, -- Suc_Pars : INTEGER
    '', -- Return_Dimensions : STRING
    0 -- Dialect : INTEGER
);
INSERT INTO S_BRG VALUES (
    "56d78985-bd88-4f57-97f5-3a8479d36a75", -- Brg_ID : UNIQUE_ID
    "d6db4b3d-c6a5-400a-92b9-6a391237afbb", -- EE_ID : UNIQUE_ID
    'include', -- Name : STRING
    '', -- Descrip : STRING
    0, -- Brg_Typ : INTEGER
    "ba5eda7a-def5-0000-0000-000000000000", -- DT_ID : UNIQUE_ID
    '', -- Action_Semantics_internal : STRING
    1, -- Suc_Pars : INTEGER
    '', -- Return_Dimensions : STRING
    0 -- Dialect : INTEGER
);
INSERT INTO S_BRG VALUES (
    "ad4f1248-1786-4a6c-9f24-575f1b7d5401", -- Brg_ID : UNIQUE_ID
    "d6db4b3d-c6a5-400a-92b9-6a391237afbb", -- EE_ID : UNIQUE_ID
    'emit', -- Name : STRING
    '', -- Descrip : STRING
    0, -- Brg_Typ : INTEGER
    "ba5eda7a-def5-0000-0000-000000000000", -- DT_ID : UNIQUE_ID
    '', -- Action_Semantics_internal : STRING
    1, -- Suc_Pars : INTEGER
    '', -- Return_Dimensions : STRING
    0 -- Dialect : INTEGER
);
INSERT INTO S_BRG VALUES (
    "387a0ac8-5355-48ef-a355-2676c1a68ecb", -- Brg_ID : UNIQUE_ID
    "d6db4b3d-c6a5-400a-92b9-6a391237afbb", -- EE_ID : UNIQUE_ID
    'sub', -- Name : STRING
    '', -- Descrip : STRING
    0, -- Brg_Typ : INTEGER
    "ba5eda7a-def5-0000-0000-000000000004", -- DT_ID : UNIQUE_ID
    '', -- Action_Semantics_internal : STRING
    1, -- Suc_Pars : INTEGER
    '', -- Return_Dimensions : STRING
    0 -- Dialect : INTEGER
);
INSERT INTO S_BRG VALUES (
    "a4310342-37b4-4aa7-825b-a056e08718c5", -- Brg_ID : UNIQUE_ID
    "d6db4b3d-c6a5-400a-92b9-6a391237afbb", -- EE_ID : UNIQUE_ID
    'set_output_directory', -- Name : STRING
    '', -- Descrip : STRING
    0, -- Brg_Typ : INTEGER
    "ba5eda7a-def5-0000-0000-000000000000", -- DT_ID : UNIQUE_ID
    '', -- Action_Semantics_internal : STRING
    1, -- Suc_Pars : INTEGER
    '', -- Return_Dimensions : STRING
    0 -- Dialect : INTEGER
);
INSERT INTO S_BRG VALUES (
    "3f74c1fa-616b-4b2a-aa3b-491d0b671973", -- Brg_ID : UNIQUE_ID
    "d6db4b3d-c6a5-400a-92b9-6a391237afbb", -- EE_ID : UNIQUE_ID
    'push_buffer', -- Name : STRING
    '', -- Descrip : STRING
    0, -- Brg_Typ : INTEGER
    "ba5eda7a-def5-0000-0000-000000000000", -- DT_ID : UNIQUE_ID
    '', -- Action_Semantics_internal : STRING
    1, -- Suc_Pars : INTEGER
    '', -- Return_Dimensions : STRING
    0 -- Dialect : INTEGER
);
INSERT INTO S_BRG VALUES (
    "62c9655c-04ce-4730-add9-3f1212865a27", -- Brg_ID : UNIQUE_ID
    "d6db4b3d-c6a5-400a-92b9-6a391237afbb", -- EE_ID : UNIQUE_ID
    'pop_buffer', -- Name : STRING
    '', -- Descrip : STRING
    0, -- Brg_Typ : INTEGER
    "ba5eda7a-def5-0000-0000-000000000000", -- DT_ID : UNIQUE_ID
    '', -- Action_Semantics_internal : STRING
    1, -- Suc_Pars : INTEGER
    '', -- Return_Dimensions : STRING
    0 -- Dialect : INTEGER
);
INSERT INTO S_BRG VALUES (
    "c7c7b56a-16b4-47d8-a682-c148ba0ff869", -- Brg_ID : UNIQUE_ID
    "c03ccce5-cb73-48ca-b676-b00270c95839", -- EE_ID : UNIQUE_ID
    'load', -- Name : STRING
    '', -- Descrip : STRING
    0, -- Brg_Typ : INTEGER
    "ba5eda7a-def5-0000-0000-000000000000", -- DT_ID : UNIQUE_ID
    '', -- Action_Semantics_internal : STRING
    1, -- Suc_Pars : INTEGER
    '', -- Return_Dimensions : STRING
    0 -- Dialect : INTEGER
);
INSERT INTO S_BRG VALUES (
    "bdc9cf61-1955-40c9-9744-9b3004874cc6", -- Brg_ID : UNIQUE_ID
    "c03ccce5-cb73-48ca-b676-b00270c95839", -- EE_ID : UNIQUE_ID
    'serialize', -- Name : STRING
    '', -- Descrip : STRING
    0, -- Brg_Typ : INTEGER
    "ba5eda7a-def5-0000-0000-000000000000", -- DT_ID : UNIQUE_ID
    '', -- Action_Semantics_internal : STRING
    1, -- Suc_Pars : INTEGER
    '', -- Return_Dimensions : STRING
    0 -- Dialect : INTEGER
);
INSERT INTO S_BRG VALUES (
    "5bd13bba-debc-4b14-b39f-b6d284c5b08d", -- Brg_ID : UNIQUE_ID
    "c03ccce5-cb73-48ca-b676-b00270c95839", -- EE_ID : UNIQUE_ID
    'initialize', -- Name : STRING
    '', -- Descrip : STRING
    0, -- Brg_Typ : INTEGER
    "ba5eda7a-def5-0000-0000-000000000000", -- DT_ID : UNIQUE_ID
    '', -- Action_Semantics_internal : STRING
    1, -- Suc_Pars : INTEGER
    '', -- Return_Dimensions : STRING
    0 -- Dialect : INTEGER
);
INSERT INTO S_CDT VALUES (
    "ba5eda7a-def5-0000-0000-000000000000", -- DT_ID : UNIQUE_ID
    0 -- Core_Typ : INTEGER
);
INSERT INTO S_CDT VALUES (
    "ba5eda7a-def5-0000-0000-000000000001", -- DT_ID : UNIQUE_ID
    1 -- Core_Typ : INTEGER
);
INSERT INTO S_CDT VALUES (
    "ba5eda7a-def5-0000-0000-000000000002", -- DT_ID : UNIQUE_ID
    2 -- Core_Typ : INTEGER
);
INSERT INTO S_CDT VALUES (
    "ba5eda7a-def5-0000-0000-000000000003", -- DT_ID : UNIQUE_ID
    3 -- Core_Typ : INTEGER
);
INSERT INTO S_CDT VALUES (
    "ba5eda7a-def5-0000-0000-000000000004", -- DT_ID : UNIQUE_ID
    4 -- Core_Typ : INTEGER
);
INSERT INTO S_CDT VALUES (
    "ba5eda7a-def5-0000-0000-000000000005", -- DT_ID : UNIQUE_ID
    5 -- Core_Typ : INTEGER
);
INSERT INTO S_CDT VALUES (
    "ba5eda7a-def5-0000-0000-000000000006", -- DT_ID : UNIQUE_ID
    6 -- Core_Typ : INTEGER
);
INSERT INTO S_CDT VALUES (
    "ba5eda7a-def5-0000-0000-000000000007", -- DT_ID : UNIQUE_ID
    7 -- Core_Typ : INTEGER
);
INSERT INTO S_CDT VALUES (
    "ba5eda7a-def5-0000-0000-000000000008", -- DT_ID : UNIQUE_ID
    8 -- Core_Typ : INTEGER
);
INSERT INTO S_CDT VALUES (
    "ba5eda7a-def5-0000-0000-000000000009", -- DT_ID : UNIQUE_ID
    9 -- Core_Typ : INTEGER
);
INSERT INTO S_CDT VALUES (
    "ba5eda7a-def5-0000-0000-00000000000a", -- DT_ID : UNIQUE_ID
    10 -- Core_Typ : INTEGER
);
INSERT INTO S_CDT VALUES (
    "ba5eda7a-def5-0000-0000-00000000000b", -- DT_ID : UNIQUE_ID
    11 -- Core_Typ : INTEGER
);
INSERT INTO S_CDT VALUES (
    "ba5eda7a-def5-0000-0000-00000000000c", -- DT_ID : UNIQUE_ID
    12 -- Core_Typ : INTEGER
);
INSERT INTO S_CDT VALUES (
    "ba5eda7a-def5-0000-0000-00000000000d", -- DT_ID : UNIQUE_ID
    13 -- Core_Typ : INTEGER
);
INSERT INTO S_DIM VALUES (
    0, -- elementCount : INTEGER
    0, -- dimensionCount : INTEGER
    "00000000-0000-0000-0000-000000000000", -- Sync_ID : UNIQUE_ID
    "00000000-0000-0000-0000-000000000000", -- SParm_ID : UNIQUE_ID
    "030b8ad4-05ad-415a-9745-c98c4f790575", -- BParm_ID : UNIQUE_ID
    "00000000-0000-0000-0000-000000000000", -- Brg_ID : UNIQUE_ID
    "00000000-0000-0000-0000-000000000000", -- Id : UNIQUE_ID
    "00000000-0000-0000-0000-000000000000", -- Obj_ID : UNIQUE_ID
    "00000000-0000-0000-0000-000000000000", -- Attr_ID : UNIQUE_ID
    "00000000-0000-0000-0000-000000000000", -- TParm_ID : UNIQUE_ID
    "00000000-0000-0000-0000-000000000000", -- Tfr_ID : UNIQUE_ID
    "00000000-0000-0000-0000-000000000000", -- Member_ID : UNIQUE_ID
    "00000000-0000-0000-0000-000000000000", -- DT_ID : UNIQUE_ID
    "00000000-0000-0000-0000-000000000000", -- PP_Id : UNIQUE_ID
    "00000000-0000-0000-0000-000000000000", -- SM_ID : UNIQUE_ID
    "00000000-0000-0000-0000-000000000000", -- SMedi_ID : UNIQUE_ID
    "8c0259e0-95ff-4d01-8783-8bb80f72108d", -- DIM_ID : UNIQUE_ID
    "00000000-0000-0000-0000-000000000000", -- Var_ID : UNIQUE_ID
    "00000000-0000-0000-0000-000000000000", -- TSParm_ID : UNIQUE_ID
    "00000000-0000-0000-0000-000000000000" -- Svc_ID : UNIQUE_ID
);
INSERT INTO S_DIM VALUES (
    0, -- elementCount : INTEGER
    0, -- dimensionCount : INTEGER
    "00000000-0000-0000-0000-000000000000", -- Sync_ID : UNIQUE_ID
    "00000000-0000-0000-0000-000000000000", -- SParm_ID : UNIQUE_ID
    "9655860a-1775-4c02-bf88-60f28d3010cf", -- BParm_ID : UNIQUE_ID
    "00000000-0000-0000-0000-000000000000", -- Brg_ID : UNIQUE_ID
    "00000000-0000-0000-0000-000000000000", -- Id : UNIQUE_ID
    "00000000-0000-0000-0000-000000000000", -- Obj_ID : UNIQUE_ID
    "00000000-0000-0000-0000-000000000000", -- Attr_ID : UNIQUE_ID
    "00000000-0000-0000-0000-000000000000", -- TParm_ID : UNIQUE_ID
    "00000000-0000-0000-0000-000000000000", -- Tfr_ID : UNIQUE_ID
    "00000000-0000-0000-0000-000000000000", -- Member_ID : UNIQUE_ID
    "00000000-0000-0000-0000-000000000000", -- DT_ID : UNIQUE_ID
    "00000000-0000-0000-0000-000000000000", -- PP_Id : UNIQUE_ID
    "00000000-0000-0000-0000-000000000000", -- SM_ID : UNIQUE_ID
    "00000000-0000-0000-0000-000000000000", -- SMedi_ID : UNIQUE_ID
    "520d3a81-54a2-4c9a-b2b6-72a3b5d856b5", -- DIM_ID : UNIQUE_ID
    "00000000-0000-0000-0000-000000000000", -- Var_ID : UNIQUE_ID
    "00000000-0000-0000-0000-000000000000", -- TSParm_ID : UNIQUE_ID
    "00000000-0000-0000-0000-000000000000" -- Svc_ID : UNIQUE_ID
);
INSERT INTO S_DIM VALUES (
    10, -- elementCount : INTEGER
    0, -- dimensionCount : INTEGER
    "00000000-0000-0000-0000-000000000000", -- Sync_ID : UNIQUE_ID
    "00000000-0000-0000-0000-000000000000", -- SParm_ID : UNIQUE_ID
    "00000000-0000-0000-0000-000000000000", -- BParm_ID : UNIQUE_ID
    "00000000-0000-0000-0000-000000000000", -- Brg_ID : UNIQUE_ID
    "00000000-0000-0000-0000-000000000000", -- Id : UNIQUE_ID
    "00000000-0000-0000-0000-000000000000", -- Obj_ID : UNIQUE_ID
    "00000000-0000-0000-0000-000000000000", -- Attr_ID : UNIQUE_ID
    "00000000-0000-0000-0000-000000000000", -- TParm_ID : UNIQUE_ID
    "00000000-0000-0000-0000-000000000000", -- Tfr_ID : UNIQUE_ID
    "00000000-0000-0000-0000-000000000000", -- Member_ID : UNIQUE_ID
    "00000000-0000-0000-0000-000000000000", -- DT_ID : UNIQUE_ID
    "00000000-0000-0000-0000-000000000000", -- PP_Id : UNIQUE_ID
    "00000000-0000-0000-0000-000000000000", -- SM_ID : UNIQUE_ID
    "00000000-0000-0000-0000-000000000000", -- SMedi_ID : UNIQUE_ID
    "533483e4-4307-4aa1-98b8-1605b564db5a", -- DIM_ID : UNIQUE_ID
    "28964b1e-e277-4e9e-9a4b-af15881eb4da", -- Var_ID : UNIQUE_ID
    "00000000-0000-0000-0000-000000000000", -- TSParm_ID : UNIQUE_ID
    "00000000-0000-0000-0000-000000000000" -- Svc_ID : UNIQUE_ID
);
INSERT INTO S_DT VALUES (
    "ba5eda7a-def5-0000-0000-000000000000", -- DT_ID : UNIQUE_ID
    "00000000-0000-0000-0000-000000000000", -- Dom_ID : UNIQUE_ID
    'void', -- Name : STRING
    '', -- Descrip : STRING
    '' -- DefaultValue : STRING
);
INSERT INTO S_DT VALUES (
    "ba5eda7a-def5-0000-0000-000000000001", -- DT_ID : UNIQUE_ID
    "00000000-0000-0000-0000-000000000000", -- Dom_ID : UNIQUE_ID
    'boolean', -- Name : STRING
    '', -- Descrip : STRING
    '' -- DefaultValue : STRING
);
INSERT INTO S_DT VALUES (
    "ba5eda7a-def5-0000-0000-000000000002", -- DT_ID : UNIQUE_ID
    "00000000-0000-0000-0000-000000000000", -- Dom_ID : UNIQUE_ID
    'integer', -- Name : STRING
    '', -- Descrip : STRING
    '' -- DefaultValue : STRING
);
INSERT INTO S_DT VALUES (
    "ba5eda7a-def5-0000-0000-000000000003", -- DT_ID : UNIQUE_ID
    "00000000-0000-0000-0000-000000000000", -- Dom_ID : UNIQUE_ID
    'real', -- Name : STRING
    '', -- Descrip : STRING
    '' -- DefaultValue : STRING
);
INSERT INTO S_DT VALUES (
    "ba5eda7a-def5-0000-0000-000000000004", -- DT_ID : UNIQUE_ID
    "00000000-0000-0000-0000-000000000000", -- Dom_ID : UNIQUE_ID
    'string', -- Name : STRING
    '', -- Descrip : STRING
    '' -- DefaultValue : STRING
);
INSERT INTO S_DT VALUES (
    "ba5eda7a-def5-0000-0000-000000000005", -- DT_ID : UNIQUE_ID
    "00000000-0000-0000-0000-000000000000", -- Dom_ID : UNIQUE_ID
    'unique_id', -- Name : STRING
    '', -- Descrip : STRING
    '' -- DefaultValue : STRING
);
INSERT INTO S_DT VALUES (
    "ba5eda7a-def5-0000-0000-000000000006", -- DT_ID : UNIQUE_ID
    "00000000-0000-0000-0000-000000000000", -- Dom_ID : UNIQUE_ID
    'state<State_Model>', -- Name : STRING
    '', -- Descrip : STRING
    '' -- DefaultValue : STRING
);
INSERT INTO S_DT VALUES (
    "ba5eda7a-def5-0000-0000-000000000007", -- DT_ID : UNIQUE_ID
    "00000000-0000-0000-0000-000000000000", -- Dom_ID : UNIQUE_ID
    'same_as<Base_Attribute>', -- Name : STRING
    '', -- Descrip : STRING
    '' -- DefaultValue : STRING
);
INSERT INTO S_DT VALUES (
    "ba5eda7a-def5-0000-0000-000000000008", -- DT_ID : UNIQUE_ID
    "00000000-0000-0000-0000-000000000000", -- Dom_ID : UNIQUE_ID
    'inst_ref<Object>', -- Name : STRING
    '', -- Descrip : STRING
    '' -- DefaultValue : STRING
);
INSERT INTO S_DT VALUES (
    "ba5eda7a-def5-0000-0000-000000000009", -- DT_ID : UNIQUE_ID
    "00000000-0000-0000-0000-000000000000", -- Dom_ID : UNIQUE_ID
    'inst_ref_set<Object>', -- Name : STRING
    '', -- Descrip : STRING
    '' -- DefaultValue : STRING
);
INSERT INTO S_DT VALUES (
    "ba5eda7a-def5-0000-0000-00000000000a", -- DT_ID : UNIQUE_ID
    "00000000-0000-0000-0000-000000000000", -- Dom_ID : UNIQUE_ID
    'inst<Event>', -- Name : STRING
    '', -- Descrip : STRING
    '' -- DefaultValue : STRING
);
INSERT INTO S_DT VALUES (
    "ba5eda7a-def5-0000-0000-00000000000b", -- DT_ID : UNIQUE_ID
    "00000000-0000-0000-0000-000000000000", -- Dom_ID : UNIQUE_ID
    'inst<Mapping>', -- Name : STRING
    '', -- Descrip : STRING
    '' -- DefaultValue : STRING
);
INSERT INTO S_DT VALUES (
    "ba5eda7a-def5-0000-0000-00000000000c", -- DT_ID : UNIQUE_ID
    "00000000-0000-0000-0000-000000000000", -- Dom_ID : UNIQUE_ID
    'inst_ref<Mapping>', -- Name : STRING
    '', -- Descrip : STRING
    '' -- DefaultValue : STRING
);
INSERT INTO S_DT VALUES (
    "ba5eda7a-def5-0000-0000-00000000000d", -- DT_ID : UNIQUE_ID
    "00000000-0000-0000-0000-000000000000", -- Dom_ID : UNIQUE_ID
    'component_ref', -- Name : STRING
    '', -- Descrip : STRING
    '' -- DefaultValue : STRING
);
INSERT INTO S_DT VALUES (
    "ba5eda7a-def5-0000-0000-00000000000e", -- DT_ID : UNIQUE_ID
    "00000000-0000-0000-0000-000000000000", -- Dom_ID : UNIQUE_ID
    'date', -- Name : STRING
    '', -- Descrip : STRING
    '' -- DefaultValue : STRING
);
INSERT INTO S_DT VALUES (
    "ba5eda7a-def5-0000-0000-00000000000f", -- DT_ID : UNIQUE_ID
    "00000000-0000-0000-0000-000000000000", -- Dom_ID : UNIQUE_ID
    'inst_ref<Timer>', -- Name : STRING
    '', -- Descrip : STRING
    '' -- DefaultValue : STRING
);
INSERT INTO S_DT VALUES (
    "ba5eda7a-def5-0000-0000-000000000010", -- DT_ID : UNIQUE_ID
    "00000000-0000-0000-0000-000000000000", -- Dom_ID : UNIQUE_ID
    'timestamp', -- Name : STRING
    '', -- Descrip : STRING
    '' -- DefaultValue : STRING
);
INSERT INTO S_DT VALUES (
    "168b328b-2af0-412b-bbf5-7e71f1fea433", -- DT_ID : UNIQUE_ID
    "00000000-0000-0000-0000-000000000000", -- Dom_ID : UNIQUE_ID
    'Employees', -- Name : STRING
    '', -- Descrip : STRING
    '' -- DefaultValue : STRING
);
INSERT INTO S_DT VALUES (
    "0d542083-4531-45d6-8411-30f81c92d642", -- DT_ID : UNIQUE_ID
    "00000000-0000-0000-0000-000000000000", -- Dom_ID : UNIQUE_ID
    'structureData', -- Name : STRING
    '', -- Descrip : STRING
    '' -- DefaultValue : STRING
);
INSERT INTO S_DT VALUES (
    "51cda5d8-b9fa-4471-8c71-5014f092a96c", -- DT_ID : UNIQUE_ID
    "00000000-0000-0000-0000-000000000000", -- Dom_ID : UNIQUE_ID
    'Employees', -- Name : STRING
    '', -- Descrip : STRING
    '' -- DefaultValue : STRING
);
INSERT INTO S_EE VALUES (
    "301ed0ee-cd6b-49d6-949f-df904baa862c", -- EE_ID : UNIQUE_ID
    'Architecture', -- Name : STRING
    '', -- Descrip : STRING
    'ARCH', -- Key_Lett : STRING
    "00000000-0000-0000-0000-000000000000", -- Dom_ID : UNIQUE_ID
    '', -- Realized_Class_Path : STRING
    'Architecture', -- Label : STRING
    1 -- isRealized : BOOLEAN
);
INSERT INTO S_EE VALUES (
    "fb3760d2-2a3e-463f-bd24-66cd25fdba39", -- EE_ID : UNIQUE_ID
    'Logging', -- Name : STRING
    '', -- Descrip : STRING
    'LOG', -- Key_Lett : STRING
    "00000000-0000-0000-0000-000000000000", -- Dom_ID : UNIQUE_ID
    '', -- Realized_Class_Path : STRING
    'Logging', -- Label : STRING
    1 -- isRealized : BOOLEAN
);
INSERT INTO S_EE VALUES (
    "0cbe8000-b94e-43c0-a74e-b3d9f70bb59d", -- EE_ID : UNIQUE_ID
    'Time', -- Name : STRING
    'The Time external entity provides date, timestamp, and timer related operations.', -- Descrip : STRING
    'TIM', -- Key_Lett : STRING
    "00000000-0000-0000-0000-000000000000", -- Dom_ID : UNIQUE_ID
    '', -- Realized_Class_Path : STRING
    'Time', -- Label : STRING
    1 -- isRealized : BOOLEAN
);
INSERT INTO S_EE VALUES (
    "2c85491d-6998-469c-bc26-d447450f7f85", -- EE_ID : UNIQUE_ID
    'Command Line', -- Name : STRING
    'This utility provides an interface to the command line arguements of the
application. ''register_flag'' and ''register_value'' are used to set up possible
options that may be queried. ''read_command_line'' signals the tool to parse
the command line arguments based on the registered options. ''get_flag'' and
''get_value'' query the loaded command line options. The ''register_*'' bridges
are intended to be called in the initializaion routine for a component. After
all options, are registered, ''read_command_line'' should be called to load
and validate the options. At this point, if the command line options do not
match the requirements of the registered options, the application will terminate.
Once ''read_command_line'' is invoked, no more options may be registered. The
''get_*'' bridges may be called any number of times afterwards to query the
command line.', -- Descrip : STRING
    'CMD', -- Key_Lett : STRING
    "00000000-0000-0000-0000-000000000000", -- Dom_ID : UNIQUE_ID
    '', -- Realized_Class_Path : STRING
    'Command Line', -- Label : STRING
    1 -- isRealized : BOOLEAN
);
INSERT INTO S_EE VALUES (
    "33d21480-69a2-4ed7-9fd6-4b0d734cf2a9", -- EE_ID : UNIQUE_ID
    'string', -- Name : STRING
    '', -- Descrip : STRING
    'STRING', -- Key_Lett : STRING
    "00000000-0000-0000-0000-000000000000", -- Dom_ID : UNIQUE_ID
    '', -- Realized_Class_Path : STRING
    'string', -- Label : STRING
    1 -- isRealized : BOOLEAN
);
INSERT INTO S_EE VALUES (
    "445e6cf8-2b35-4c6d-b9ff-1db8125259dc", -- EE_ID : UNIQUE_ID
    'math', -- Name : STRING
    '', -- Descrip : STRING
    'MATH', -- Key_Lett : STRING
    "00000000-0000-0000-0000-000000000000", -- Dom_ID : UNIQUE_ID
    '', -- Realized_Class_Path : STRING
    'math', -- Label : STRING
    1 -- isRealized : BOOLEAN
);
INSERT INTO S_EE VALUES (
    "c9877e9a-7dfe-4912-b126-3e0d533cabd5", -- EE_ID : UNIQUE_ID
    'sorting', -- Name : STRING
    '', -- Descrip : STRING
    'SORT', -- Key_Lett : STRING
    "00000000-0000-0000-0000-000000000000", -- Dom_ID : UNIQUE_ID
    '', -- Realized_Class_Path : STRING
    'sorting', -- Label : STRING
    1 -- isRealized : BOOLEAN
);
INSERT INTO S_EE VALUES (
    "4525dfcd-89bc-4810-bceb-c727b8c25e05", -- EE_ID : UNIQUE_ID
    'Load', -- Name : STRING
    '', -- Descrip : STRING
    'LOAD', -- Key_Lett : STRING
    "00000000-0000-0000-0000-000000000000", -- Dom_ID : UNIQUE_ID
    '', -- Realized_Class_Path : STRING
    'Load', -- Label : STRING
    1 -- isRealized : BOOLEAN
);
INSERT INTO S_EE VALUES (
    "3c9187e2-faac-4b05-986d-04c751e1632b", -- EE_ID : UNIQUE_ID
    'SQL', -- Name : STRING
    '', -- Descrip : STRING
    'SQL', -- Key_Lett : STRING
    "00000000-0000-0000-0000-000000000000", -- Dom_ID : UNIQUE_ID
    '', -- Realized_Class_Path : STRING
    'SQL', -- Label : STRING
    1 -- isRealized : BOOLEAN
);
INSERT INTO S_EE VALUES (
    "d6db4b3d-c6a5-400a-92b9-6a391237afbb", -- EE_ID : UNIQUE_ID
    'templating', -- Name : STRING
    '', -- Descrip : STRING
    'T', -- Key_Lett : STRING
    "00000000-0000-0000-0000-000000000000", -- Dom_ID : UNIQUE_ID
    '', -- Realized_Class_Path : STRING
    'templating', -- Label : STRING
    1 -- isRealized : BOOLEAN
);
INSERT INTO S_EE VALUES (
    "c03ccce5-cb73-48ca-b676-b00270c95839", -- EE_ID : UNIQUE_ID
    'DynamoDB', -- Name : STRING
    '', -- Descrip : STRING
    'DynamoDB', -- Key_Lett : STRING
    "00000000-0000-0000-0000-000000000000", -- Dom_ID : UNIQUE_ID
    '', -- Realized_Class_Path : STRING
    'DynamoDB', -- Label : STRING
    1 -- isRealized : BOOLEAN
);
INSERT INTO S_MBR VALUES (
    "630a0855-b5dd-4017-82e8-5fc7a27cba26", -- Member_ID : UNIQUE_ID
    'what', -- Name : STRING
    '', -- Descrip : STRING
    "0d542083-4531-45d6-8411-30f81c92d642", -- Parent_DT_DT_ID : UNIQUE_ID
    "ba5eda7a-def5-0000-0000-000000000002", -- DT_ID : UNIQUE_ID
    "00000000-0000-0000-0000-000000000000", -- Previous_Member_ID : UNIQUE_ID
    '' -- Dimensions : STRING
);
INSERT INTO S_SDT VALUES (
    "0d542083-4531-45d6-8411-30f81c92d642" -- DT_ID : UNIQUE_ID
);
INSERT INTO S_SPARM VALUES (
    "3a8c0fe8-12a7-4d09-8b8f-b61c254b15f4", -- SParm_ID : UNIQUE_ID
    "8e6515f0-ca9a-424d-b35b-60f69ec5dcc5", -- Sync_ID : UNIQUE_ID
    'msg', -- Name : STRING
    "ba5eda7a-def5-0000-0000-000000000002", -- DT_ID : UNIQUE_ID
    0, -- By_Ref : INTEGER
    '', -- Dimensions : STRING
    "00000000-0000-0000-0000-000000000000", -- Previous_SParm_ID : UNIQUE_ID
    '' -- Descrip : STRING
);
INSERT INTO S_SYNC VALUES (
    "8e6515f0-ca9a-424d-b35b-60f69ec5dcc5", -- Sync_ID : UNIQUE_ID
    "00000000-0000-0000-0000-000000000000", -- Dom_ID : UNIQUE_ID
    'Reply', -- Name : STRING
    '', -- Descrip : STRING
    '', -- Action_Semantics_internal : STRING
    "ba5eda7a-def5-0000-0000-000000000000", -- DT_ID : UNIQUE_ID
    3, -- Suc_Pars : INTEGER
    '', -- Return_Dimensions : STRING
    0 -- Dialect : INTEGER
);
INSERT INTO S_SYS VALUES (
    "7fdc406f-2939-49c0-8fab-99de27b70193", -- Sys_ID : UNIQUE_ID
    'runtime', -- Name : STRING
    1 -- useGlobals : BOOLEAN
);
INSERT INTO S_SYS VALUES (
    "ccdb2e52-76fc-4422-936f-a0239fd9d106", -- Sys_ID : UNIQUE_ID
    'hrm', -- Name : STRING
    1 -- useGlobals : BOOLEAN
);
INSERT INTO S_SYS VALUES (
    "46564f98-385d-43d9-876a-ca551a77e802", -- Sys_ID : UNIQUE_ID
    'HRUI', -- Name : STRING
    1 -- useGlobals : BOOLEAN
);
INSERT INTO S_SYS VALUES (
    "a31b98b3-80c6-4eea-80cb-d84755441c10", -- Sys_ID : UNIQUE_ID
    'HRsystem', -- Name : STRING
    1 -- useGlobals : BOOLEAN
);
INSERT INTO S_UDT VALUES (
    "ba5eda7a-def5-0000-0000-00000000000e", -- DT_ID : UNIQUE_ID
    "ba5eda7a-def5-0000-0000-00000000000b", -- CDT_DT_ID : UNIQUE_ID
    1, -- Gen_Type : INTEGER
    '' -- Definition : STRING
);
INSERT INTO S_UDT VALUES (
    "ba5eda7a-def5-0000-0000-00000000000f", -- DT_ID : UNIQUE_ID
    "ba5eda7a-def5-0000-0000-00000000000c", -- CDT_DT_ID : UNIQUE_ID
    3, -- Gen_Type : INTEGER
    '' -- Definition : STRING
);
INSERT INTO S_UDT VALUES (
    "ba5eda7a-def5-0000-0000-000000000010", -- DT_ID : UNIQUE_ID
    "ba5eda7a-def5-0000-0000-00000000000b", -- CDT_DT_ID : UNIQUE_ID
    2, -- Gen_Type : INTEGER
    '' -- Definition : STRING
);
INSERT INTO S_UDT VALUES (
    "168b328b-2af0-412b-bbf5-7e71f1fea433", -- DT_ID : UNIQUE_ID
    "ba5eda7a-def5-0000-0000-00000000000b", -- CDT_DT_ID : UNIQUE_ID
    0, -- Gen_Type : INTEGER
    '' -- Definition : STRING
);
INSERT INTO S_UDT VALUES (
    "51cda5d8-b9fa-4471-8c71-5014f092a96c", -- DT_ID : UNIQUE_ID
    "ba5eda7a-def5-0000-0000-00000000000b", -- CDT_DT_ID : UNIQUE_ID
    0, -- Gen_Type : INTEGER
    '' -- Definition : STRING
);
INSERT INTO V_AER VALUES (
    "dab23d83-fea5-4cc6-b013-da63a0f6138e", -- Value_ID : UNIQUE_ID
    "73d64993-a795-4a21-a20c-516a0e49558a", -- Root_Value_ID : UNIQUE_ID
    "827544d1-c5ab-4fce-ab96-41417a20d805" -- Index_Value_ID : UNIQUE_ID
);
INSERT INTO V_AER VALUES (
    "81f8dd9c-be27-43ed-8eaa-20b7dba86929", -- Value_ID : UNIQUE_ID
    "3cc9fb0f-65b1-4d84-9599-9247fae75870", -- Root_Value_ID : UNIQUE_ID
    "bd70118d-4b5a-4418-a6fb-def0f2bc69a5" -- Index_Value_ID : UNIQUE_ID
);
INSERT INTO V_AER VALUES (
    "83e4999b-4e8b-4b06-b0ee-557e746575eb", -- Value_ID : UNIQUE_ID
    "8be795cd-ded8-4071-a378-6d94c21c830a", -- Root_Value_ID : UNIQUE_ID
    "5b700e4e-90d6-4920-92d3-2750aeb6fbe8" -- Index_Value_ID : UNIQUE_ID
);
INSERT INTO V_AER VALUES (
    "bd6d4a69-b02a-41cd-9792-76a392851614", -- Value_ID : UNIQUE_ID
    "bbb1e6ca-8978-4b31-86df-589c27b6ffb8", -- Root_Value_ID : UNIQUE_ID
    "df58caf4-a514-4e6c-b05b-d60edbf6bd7b" -- Index_Value_ID : UNIQUE_ID
);
INSERT INTO V_AER VALUES (
    "2fed096a-91c0-485e-8634-ce056c319de9", -- Value_ID : UNIQUE_ID
    "ed24aa1b-f63c-4dcd-8965-b46f6b0b10fd", -- Root_Value_ID : UNIQUE_ID
    "f6dbf279-6ebf-4e85-8c27-6e1d4c6f122e" -- Index_Value_ID : UNIQUE_ID
);
INSERT INTO V_AER VALUES (
    "6f656d2b-e30e-4e7d-8ff2-5aea2bcd81ab", -- Value_ID : UNIQUE_ID
    "32c29b8f-27d4-4ea7-8d30-8103bd3d3e3c", -- Root_Value_ID : UNIQUE_ID
    "6bbf1b0d-4e91-4d09-a9db-92327c58fffe" -- Index_Value_ID : UNIQUE_ID
);
INSERT INTO V_AER VALUES (
    "1f459c15-c028-49cf-b1de-8548b2a3cbbb", -- Value_ID : UNIQUE_ID
    "8d71fb02-deb2-4956-9227-2c4cb66abfde", -- Root_Value_ID : UNIQUE_ID
    "e8a8741c-a1f8-4468-84f9-a3e5f31f1c28" -- Index_Value_ID : UNIQUE_ID
);
INSERT INTO V_AER VALUES (
    "dedab40b-0b1d-4812-96b0-83a861d71a95", -- Value_ID : UNIQUE_ID
    "81e437ae-ae8a-4939-ab88-7d659552bbed", -- Root_Value_ID : UNIQUE_ID
    "286d5735-84bd-4231-8c85-90c14d5b5adc" -- Index_Value_ID : UNIQUE_ID
);
INSERT INTO V_AER VALUES (
    "25c97d78-02d9-44c1-bde3-c079f67ecf16", -- Value_ID : UNIQUE_ID
    "fa3a7fcb-314f-4ba4-be11-3d063129b6cc", -- Root_Value_ID : UNIQUE_ID
    "602e9bcb-64df-468c-8238-cbda35dadd6d" -- Index_Value_ID : UNIQUE_ID
);
INSERT INTO V_AER VALUES (
    "037ffc59-8571-4e3a-b709-9a2d17cfb8e8", -- Value_ID : UNIQUE_ID
    "ac8330c9-af24-401d-a8ad-c01afe7635aa", -- Root_Value_ID : UNIQUE_ID
    "3c83911e-021a-4056-900b-69f451844b21" -- Index_Value_ID : UNIQUE_ID
);
INSERT INTO V_AER VALUES (
    "9ed521fa-1767-4fe2-99cb-ca1e82d41379", -- Value_ID : UNIQUE_ID
    "6c81894a-e7e6-4cff-ae54-dd28ba473919", -- Root_Value_ID : UNIQUE_ID
    "9c33ab99-1ba7-4961-b1ad-b280e3ad0130" -- Index_Value_ID : UNIQUE_ID
);
INSERT INTO V_AVL VALUES (
    "7698dac0-ae92-463f-818c-d346c919db7e", -- Value_ID : UNIQUE_ID
    "29ac6487-54bd-4cdb-80be-a9432fc49698", -- Root_Value_ID : UNIQUE_ID
    "d8528470-976c-421b-a087-1201ac24302f", -- Obj_ID : UNIQUE_ID
    "7e42a956-78c5-4651-8efb-01820a985edd" -- Attr_ID : UNIQUE_ID
);
INSERT INTO V_AVL VALUES (
    "964e782d-42d2-4fe3-99d6-162aef2e3c84", -- Value_ID : UNIQUE_ID
    "9abc2aa4-3d8a-4bc0-9e4e-f708e21f9b50", -- Root_Value_ID : UNIQUE_ID
    "d8528470-976c-421b-a087-1201ac24302f", -- Obj_ID : UNIQUE_ID
    "af90ebd4-1702-491f-85cd-2d5dbfad46bb" -- Attr_ID : UNIQUE_ID
);
INSERT INTO V_AVL VALUES (
    "081a4fe7-648c-461b-af39-577337c97712", -- Value_ID : UNIQUE_ID
    "0bdc8683-304f-42af-8575-1ec0a28a68ac", -- Root_Value_ID : UNIQUE_ID
    "d8528470-976c-421b-a087-1201ac24302f", -- Obj_ID : UNIQUE_ID
    "9066db86-0565-4761-9920-bcf2a1cd02d9" -- Attr_ID : UNIQUE_ID
);
INSERT INTO V_AVL VALUES (
    "792d21a4-5c52-4908-b7dc-f8357d7756a0", -- Value_ID : UNIQUE_ID
    "b52526ff-58a3-4644-b267-d7bfe28a11d6", -- Root_Value_ID : UNIQUE_ID
    "d8528470-976c-421b-a087-1201ac24302f", -- Obj_ID : UNIQUE_ID
    "9066db86-0565-4761-9920-bcf2a1cd02d9" -- Attr_ID : UNIQUE_ID
);
INSERT INTO V_BIN VALUES (
    "814dc5bd-6d39-41fb-97f6-471931b1448c", -- Value_ID : UNIQUE_ID
    "8d1ec90c-2eb6-4f77-a715-b6c6c5b54c10", -- Right_Value_ID : UNIQUE_ID
    "0907a8bf-8155-4835-a86a-99a2e9cc9fba", -- Left_Value_ID : UNIQUE_ID
    '>=' -- Operator : STRING
);
INSERT INTO V_BIN VALUES (
    "946a103d-6793-4501-b7db-fada463055df", -- Value_ID : UNIQUE_ID
    "20340651-00ed-4b38-8f2f-e4ccc148313a", -- Right_Value_ID : UNIQUE_ID
    "34802c63-a914-4c5a-9d6a-9cc4943c62cd", -- Left_Value_ID : UNIQUE_ID
    '%' -- Operator : STRING
);
INSERT INTO V_BIN VALUES (
    "60ac6314-3279-4cab-9eb5-58b17eec63a4", -- Value_ID : UNIQUE_ID
    "37aa9bf1-a6f1-473d-a7c3-3a8ae668f4d1", -- Right_Value_ID : UNIQUE_ID
    "3a7fad93-737d-4618-b363-a4988e7bce2f", -- Left_Value_ID : UNIQUE_ID
    '/' -- Operator : STRING
);
INSERT INTO V_BIN VALUES (
    "46838f31-7915-43b9-bb61-79467a8ac5f0", -- Value_ID : UNIQUE_ID
    "f8759601-bbdc-4e49-9a8d-768d185b90ab", -- Right_Value_ID : UNIQUE_ID
    "9ed521fa-1767-4fe2-99cb-ca1e82d41379", -- Left_Value_ID : UNIQUE_ID
    '+' -- Operator : STRING
);
INSERT INTO V_BIN VALUES (
    "f093728d-9135-4047-956f-9bd7d835a15d", -- Value_ID : UNIQUE_ID
    "de03268d-a2cc-42eb-8876-8f6bb43ee065", -- Right_Value_ID : UNIQUE_ID
    "0df91d55-505c-4a29-ba65-09a3ef66eb09", -- Left_Value_ID : UNIQUE_ID
    '+' -- Operator : STRING
);
INSERT INTO V_BIN VALUES (
    "d2ade1ad-75d7-43b8-8e19-98049ebbe7de", -- Value_ID : UNIQUE_ID
    "188f66b2-2e73-421b-8d0c-5d86875f12f0", -- Right_Value_ID : UNIQUE_ID
    "f093728d-9135-4047-956f-9bd7d835a15d", -- Left_Value_ID : UNIQUE_ID
    '+' -- Operator : STRING
);
INSERT INTO V_BIN VALUES (
    "b2b70286-d41f-4081-a761-578e4ad9713f", -- Value_ID : UNIQUE_ID
    "31d4cc99-9b70-4ba4-950a-3a782bb588ec", -- Right_Value_ID : UNIQUE_ID
    "7698dac0-ae92-463f-818c-d346c919db7e", -- Left_Value_ID : UNIQUE_ID
    '==' -- Operator : STRING
);
INSERT INTO V_BIN VALUES (
    "106a5845-5075-45d3-928c-2a39774ab8e2", -- Value_ID : UNIQUE_ID
    "f3095759-4b5a-4f66-9aec-a2bf98e01683", -- Right_Value_ID : UNIQUE_ID
    "964e782d-42d2-4fe3-99d6-162aef2e3c84", -- Left_Value_ID : UNIQUE_ID
    '==' -- Operator : STRING
);
INSERT INTO V_BIN VALUES (
    "db7d7577-f0fe-47bd-996e-ff2fd5f29b9d", -- Value_ID : UNIQUE_ID
    "106a5845-5075-45d3-928c-2a39774ab8e2", -- Right_Value_ID : UNIQUE_ID
    "b2b70286-d41f-4081-a761-578e4ad9713f", -- Left_Value_ID : UNIQUE_ID
    'and' -- Operator : STRING
);
INSERT INTO V_BIN VALUES (
    "e0b156d2-7938-44ae-b55d-ba525b7bff58", -- Value_ID : UNIQUE_ID
    "8ef673a0-dd0c-4f29-9425-ec22896196d8", -- Right_Value_ID : UNIQUE_ID
    "081a4fe7-648c-461b-af39-577337c97712", -- Left_Value_ID : UNIQUE_ID
    '==' -- Operator : STRING
);
INSERT INTO V_BIN VALUES (
    "377ce250-979e-4bc3-bd2f-b10df6e7a440", -- Value_ID : UNIQUE_ID
    "e0b156d2-7938-44ae-b55d-ba525b7bff58", -- Right_Value_ID : UNIQUE_ID
    "db7d7577-f0fe-47bd-996e-ff2fd5f29b9d", -- Left_Value_ID : UNIQUE_ID
    'and' -- Operator : STRING
);
INSERT INTO V_BIN VALUES (
    "8af4e5e2-f08d-432d-8f5f-ee0352fcc0d1", -- Value_ID : UNIQUE_ID
    "e2417d8d-0278-4774-930a-9b88f5a40057", -- Right_Value_ID : UNIQUE_ID
    "792d21a4-5c52-4908-b7dc-f8357d7756a0", -- Left_Value_ID : UNIQUE_ID
    '==' -- Operator : STRING
);
INSERT INTO V_BRV VALUES (
    "5960639d-dd99-43d2-883a-b41d74be22f2", -- Value_ID : UNIQUE_ID
    "af615ef3-56dd-40b1-be6b-27e07023a829", -- Brg_ID : UNIQUE_ID
    1, -- ParmListOK : BOOLEAN
    0, -- externalEntityKeyLettersLineNumber : INTEGER
    0 -- externalEntityKeyLettersColumn : INTEGER
);
INSERT INTO V_BRV VALUES (
    "1f3220fb-b218-43f4-935e-09af09567836", -- Value_ID : UNIQUE_ID
    "8a08e8b6-4de0-437f-968f-71d65464ceb7", -- Brg_ID : UNIQUE_ID
    1, -- ParmListOK : BOOLEAN
    0, -- externalEntityKeyLettersLineNumber : INTEGER
    0 -- externalEntityKeyLettersColumn : INTEGER
);
INSERT INTO V_BRV VALUES (
    "4ff95923-1ec7-4d23-a34c-04dc10a0a10d", -- Value_ID : UNIQUE_ID
    "af615ef3-56dd-40b1-be6b-27e07023a829", -- Brg_ID : UNIQUE_ID
    1, -- ParmListOK : BOOLEAN
    0, -- externalEntityKeyLettersLineNumber : INTEGER
    0 -- externalEntityKeyLettersColumn : INTEGER
);
INSERT INTO V_BRV VALUES (
    "326ed912-9b45-462b-92ae-6bb576e95b94", -- Value_ID : UNIQUE_ID
    "af615ef3-56dd-40b1-be6b-27e07023a829", -- Brg_ID : UNIQUE_ID
    1, -- ParmListOK : BOOLEAN
    0, -- externalEntityKeyLettersLineNumber : INTEGER
    0 -- externalEntityKeyLettersColumn : INTEGER
);
INSERT INTO V_BRV VALUES (
    "a471fe75-14bd-4861-84ce-29ceaccb31e5", -- Value_ID : UNIQUE_ID
    "af615ef3-56dd-40b1-be6b-27e07023a829", -- Brg_ID : UNIQUE_ID
    1, -- ParmListOK : BOOLEAN
    0, -- externalEntityKeyLettersLineNumber : INTEGER
    0 -- externalEntityKeyLettersColumn : INTEGER
);
INSERT INTO V_EDV VALUES (
    "8be5a86d-0c8a-4576-9ed4-5e413cf05199" -- Value_ID : UNIQUE_ID
);
INSERT INTO V_EDV VALUES (
    "8e6fad88-aa78-4019-b235-dd10e90655eb" -- Value_ID : UNIQUE_ID
);
INSERT INTO V_EDV VALUES (
    "5b605618-2d21-411f-98e8-29f94f3fe288" -- Value_ID : UNIQUE_ID
);
INSERT INTO V_EPR VALUES (
    "8be5a86d-0c8a-4576-9ed4-5e413cf05199", -- Value_ID : UNIQUE_ID
    "7b5f90bd-656f-4bc9-83bf-771ed45973b0", -- SM_ID : UNIQUE_ID
    "1b4a66b0-5c23-4de8-9ae7-736c9f81c8b5", -- SMedi_ID : UNIQUE_ID
    "00000000-0000-0000-0000-000000000000" -- PP_Id : UNIQUE_ID
);
INSERT INTO V_EPR VALUES (
    "8e6fad88-aa78-4019-b235-dd10e90655eb", -- Value_ID : UNIQUE_ID
    "7b5f90bd-656f-4bc9-83bf-771ed45973b0", -- SM_ID : UNIQUE_ID
    "ae225fc1-9a11-41aa-8f79-514a33c9ec6a", -- SMedi_ID : UNIQUE_ID
    "00000000-0000-0000-0000-000000000000" -- PP_Id : UNIQUE_ID
);
INSERT INTO V_EPR VALUES (
    "5b605618-2d21-411f-98e8-29f94f3fe288", -- Value_ID : UNIQUE_ID
    "7b5f90bd-656f-4bc9-83bf-771ed45973b0", -- SM_ID : UNIQUE_ID
    "9b9b1fdb-7d5f-4288-b2ee-0d0fbd33bfec", -- SMedi_ID : UNIQUE_ID
    "00000000-0000-0000-0000-000000000000" -- PP_Id : UNIQUE_ID
);
INSERT INTO V_INT VALUES (
    "3fe6dbc5-22e9-4f0f-8d89-c34b615171e0", -- Var_ID : UNIQUE_ID
    0, -- IsImplicitInFor : BOOLEAN
    "d8528470-976c-421b-a087-1201ac24302f" -- Obj_ID : UNIQUE_ID
);
INSERT INTO V_INT VALUES (
    "db0de05a-2e03-45fd-8d31-96abce8b2298", -- Var_ID : UNIQUE_ID
    0, -- IsImplicitInFor : BOOLEAN
    "d8528470-976c-421b-a087-1201ac24302f" -- Obj_ID : UNIQUE_ID
);
INSERT INTO V_INT VALUES (
    "f1ab3e41-f5b1-4409-923c-0fa032a2dfe4", -- Var_ID : UNIQUE_ID
    0, -- IsImplicitInFor : BOOLEAN
    "d8528470-976c-421b-a087-1201ac24302f" -- Obj_ID : UNIQUE_ID
);
INSERT INTO V_IRF VALUES (
    "cbe72fc4-7592-4632-915f-64a397d55cb7", -- Value_ID : UNIQUE_ID
    "3fe6dbc5-22e9-4f0f-8d89-c34b615171e0" -- Var_ID : UNIQUE_ID
);
INSERT INTO V_IRF VALUES (
    "b2dffc4f-9352-4374-93c6-39a5f8e12ff0", -- Value_ID : UNIQUE_ID
    "f1ab3e41-f5b1-4409-923c-0fa032a2dfe4" -- Var_ID : UNIQUE_ID
);
INSERT INTO V_LBO VALUES (
    "451f2af6-45a9-4713-93d4-dfc9b63edfa9", -- Value_ID : UNIQUE_ID
    'TRUE' -- Value : STRING
);
INSERT INTO V_LBO VALUES (
    "d3b0d200-33ae-40e0-bf23-94439e355966", -- Value_ID : UNIQUE_ID
    'TRUE' -- Value : STRING
);
INSERT INTO V_LBO VALUES (
    "df3b46da-1ce5-48f4-8f70-da0db59f645b", -- Value_ID : UNIQUE_ID
    'TRUE' -- Value : STRING
);
INSERT INTO V_LBO VALUES (
    "ae9c812f-1f66-4033-aaa2-e96f4c81bb25", -- Value_ID : UNIQUE_ID
    'FALSE' -- Value : STRING
);
INSERT INTO V_LBO VALUES (
    "d39a477a-2134-4bd3-8b1c-cf751b3ebf3e", -- Value_ID : UNIQUE_ID
    'TRUE' -- Value : STRING
);
INSERT INTO V_LBO VALUES (
    "0ccc9f23-1922-48f7-9c7d-6c741fe368d8", -- Value_ID : UNIQUE_ID
    'FALSE' -- Value : STRING
);
INSERT INTO V_LIN VALUES (
    "827544d1-c5ab-4fce-ab96-41417a20d805", -- Value_ID : UNIQUE_ID
    '9' -- Value : STRING
);
INSERT INTO V_LIN VALUES (
    "bd70118d-4b5a-4418-a6fb-def0f2bc69a5", -- Value_ID : UNIQUE_ID
    '8' -- Value : STRING
);
INSERT INTO V_LIN VALUES (
    "5b700e4e-90d6-4920-92d3-2750aeb6fbe8", -- Value_ID : UNIQUE_ID
    '7' -- Value : STRING
);
INSERT INTO V_LIN VALUES (
    "df58caf4-a514-4e6c-b05b-d60edbf6bd7b", -- Value_ID : UNIQUE_ID
    '6' -- Value : STRING
);
INSERT INTO V_LIN VALUES (
    "f6dbf279-6ebf-4e85-8c27-6e1d4c6f122e", -- Value_ID : UNIQUE_ID
    '5' -- Value : STRING
);
INSERT INTO V_LIN VALUES (
    "6bbf1b0d-4e91-4d09-a9db-92327c58fffe", -- Value_ID : UNIQUE_ID
    '4' -- Value : STRING
);
INSERT INTO V_LIN VALUES (
    "e8a8741c-a1f8-4468-84f9-a3e5f31f1c28", -- Value_ID : UNIQUE_ID
    '3' -- Value : STRING
);
INSERT INTO V_LIN VALUES (
    "286d5735-84bd-4231-8c85-90c14d5b5adc", -- Value_ID : UNIQUE_ID
    '2' -- Value : STRING
);
INSERT INTO V_LIN VALUES (
    "602e9bcb-64df-468c-8238-cbda35dadd6d", -- Value_ID : UNIQUE_ID
    '1' -- Value : STRING
);
INSERT INTO V_LIN VALUES (
    "3c83911e-021a-4056-900b-69f451844b21", -- Value_ID : UNIQUE_ID
    '0' -- Value : STRING
);
INSERT INTO V_LIN VALUES (
    "8d1ec90c-2eb6-4f77-a715-b6c6c5b54c10", -- Value_ID : UNIQUE_ID
    '1' -- Value : STRING
);
INSERT INTO V_LIN VALUES (
    "20340651-00ed-4b38-8f2f-e4ccc148313a", -- Value_ID : UNIQUE_ID
    '10' -- Value : STRING
);
INSERT INTO V_LIN VALUES (
    "37aa9bf1-a6f1-473d-a7c3-3a8ae668f4d1", -- Value_ID : UNIQUE_ID
    '10' -- Value : STRING
);
INSERT INTO V_LIN VALUES (
    "f8258cbc-ff92-4b3a-b510-7fb5a049938d", -- Value_ID : UNIQUE_ID
    '0' -- Value : STRING
);
INSERT INTO V_LOC VALUES (
    "fc704df4-7796-40fe-a253-9aef48664ebd", -- Id : UNIQUE_ID
    1, -- LineNumber : INTEGER
    1, -- StartPosition : INTEGER
    7, -- EndPosition : INTEGER
    "28964b1e-e277-4e9e-9a4b-af15881eb4da" -- Var_ID : UNIQUE_ID
);
INSERT INTO V_LOC VALUES (
    "dba2078c-920c-4a11-9c68-c49e5f9be951", -- Id : UNIQUE_ID
    4, -- LineNumber : INTEGER
    1, -- StartPosition : INTEGER
    1, -- EndPosition : INTEGER
    "2b54c56c-93a9-4c1c-bb0f-de906ac50a69" -- Var_ID : UNIQUE_ID
);
INSERT INTO V_LOC VALUES (
    "ffcf5e3a-8649-474b-9849-701dcfa0f8e3", -- Id : UNIQUE_ID
    4, -- LineNumber : INTEGER
    14, -- StartPosition : INTEGER
    14, -- EndPosition : INTEGER
    "54cac6f5-066e-4dea-82c6-aae3ad269f8a" -- Var_ID : UNIQUE_ID
);
INSERT INTO V_LOC VALUES (
    "d82371e8-417d-4158-8e20-d9571301dc0d", -- Id : UNIQUE_ID
    6, -- LineNumber : INTEGER
    3, -- StartPosition : INTEGER
    3, -- EndPosition : INTEGER
    "85dcf64e-68d2-4568-9af5-c78836c5089d" -- Var_ID : UNIQUE_ID
);
INSERT INTO V_LOC VALUES (
    "cbe30a95-211b-4be8-a5cb-900ef9480ad5", -- Id : UNIQUE_ID
    2, -- LineNumber : INTEGER
    2, -- StartPosition : INTEGER
    6, -- EndPosition : INTEGER
    "e4575244-0b66-4211-a3e5-bef038a20cd8" -- Var_ID : UNIQUE_ID
);
INSERT INTO V_LOC VALUES (
    "88ed0f3c-7848-4786-af27-40961938a581", -- Id : UNIQUE_ID
    3, -- LineNumber : INTEGER
    2, -- StartPosition : INTEGER
    6, -- EndPosition : INTEGER
    "f914ef58-4459-4f60-a779-84605349ab13" -- Var_ID : UNIQUE_ID
);
INSERT INTO V_LOC VALUES (
    "bf69cfaf-9ad6-435e-8652-eacc59b856df", -- Id : UNIQUE_ID
    4, -- LineNumber : INTEGER
    2, -- StartPosition : INTEGER
    12, -- EndPosition : INTEGER
    "5ce0d66f-9070-4831-a5ef-fadfbd904049" -- Var_ID : UNIQUE_ID
);
INSERT INTO V_LOC VALUES (
    "de1681a0-dd4e-4480-ab54-8a807533bfa4", -- Id : UNIQUE_ID
    2, -- LineNumber : INTEGER
    1, -- StartPosition : INTEGER
    10, -- EndPosition : INTEGER
    "52be1729-fb84-4b4d-9527-aed29b3725af" -- Var_ID : UNIQUE_ID
);
INSERT INTO V_LOC VALUES (
    "87c3149f-d860-4bec-82ee-99dc0c06f087", -- Id : UNIQUE_ID
    2, -- LineNumber : INTEGER
    1, -- StartPosition : INTEGER
    156, -- EndPosition : INTEGER
    "3fe6dbc5-22e9-4f0f-8d89-c34b615171e0" -- Var_ID : UNIQUE_ID
);
INSERT INTO V_LOC VALUES (
    "7e26f831-798c-4a78-a5db-facdc3734898", -- Id : UNIQUE_ID
    4, -- LineNumber : INTEGER
    2, -- StartPosition : INTEGER
    44, -- EndPosition : INTEGER
    "db0de05a-2e03-45fd-8d31-96abce8b2298" -- Var_ID : UNIQUE_ID
);
INSERT INTO V_LOC VALUES (
    "c8e272a5-30a5-4087-90f7-c862af5db68f", -- Id : UNIQUE_ID
    2, -- LineNumber : INTEGER
    1, -- StartPosition : INTEGER
    92, -- EndPosition : INTEGER
    "f1ab3e41-f5b1-4409-923c-0fa032a2dfe4" -- Var_ID : UNIQUE_ID
);
INSERT INTO V_LST VALUES (
    "968ae3bb-f8d5-4568-8eaa-1a67ba0236b7", -- Value_ID : UNIQUE_ID
    '9' -- Value : STRING
);
INSERT INTO V_LST VALUES (
    "22b87611-6f78-40b0-a151-cf18c8cd97a1", -- Value_ID : UNIQUE_ID
    '8' -- Value : STRING
);
INSERT INTO V_LST VALUES (
    "2ba9078e-8469-4845-93db-9c0a29144d3c", -- Value_ID : UNIQUE_ID
    '7' -- Value : STRING
);
INSERT INTO V_LST VALUES (
    "3278ca48-42d1-4a3b-b7fb-f0978e14b908", -- Value_ID : UNIQUE_ID
    '6' -- Value : STRING
);
INSERT INTO V_LST VALUES (
    "d9855f9a-83dd-4489-97eb-c8e5f1d63d25", -- Value_ID : UNIQUE_ID
    '5' -- Value : STRING
);
INSERT INTO V_LST VALUES (
    "fcf90c11-c3a8-43c4-8d66-5ff91896d03e", -- Value_ID : UNIQUE_ID
    '4' -- Value : STRING
);
INSERT INTO V_LST VALUES (
    "bebd2b1d-6ab9-41bd-bceb-ea781beefcef", -- Value_ID : UNIQUE_ID
    '3' -- Value : STRING
);
INSERT INTO V_LST VALUES (
    "8121df0d-632f-49e3-9fef-80300da2bd24", -- Value_ID : UNIQUE_ID
    '2' -- Value : STRING
);
INSERT INTO V_LST VALUES (
    "40f7479d-e057-4130-b30b-5199e16d2e30", -- Value_ID : UNIQUE_ID
    '1' -- Value : STRING
);
INSERT INTO V_LST VALUES (
    "de6fcb98-6f91-4e2f-ab66-01b0677b88f6", -- Value_ID : UNIQUE_ID
    '0' -- Value : STRING
);
INSERT INTO V_LST VALUES (
    "748f5e16-b88a-41c5-81cf-3c9dec446404", -- Value_ID : UNIQUE_ID
    '' -- Value : STRING
);
INSERT INTO V_LST VALUES (
    "0df91d55-505c-4a29-ba65-09a3ef66eb09", -- Value_ID : UNIQUE_ID
    'A new employee is added to the system:' -- Value : STRING
);
INSERT INTO V_LST VALUES (
    "4d240129-8a48-4451-992c-a04c028d473d", -- Value_ID : UNIQUE_ID
    'New employee has commenced' -- Value : STRING
);
INSERT INTO V_LST VALUES (
    "e9c4d6d3-d45e-4b46-a35e-22809d30669c", -- Value_ID : UNIQUE_ID
    'Employee added successfully.' -- Value : STRING
);
INSERT INTO V_LST VALUES (
    "55b5f379-944d-461c-a1c4-3ece99f7aee9", -- Value_ID : UNIQUE_ID
    'Employee already exists!' -- Value : STRING
);
INSERT INTO V_LST VALUES (
    "edf5c73e-a807-410e-9341-26c4dcbea901", -- Value_ID : UNIQUE_ID
    'Employee already exists' -- Value : STRING
);
INSERT INTO V_LST VALUES (
    "a28d5d4a-7775-47df-bd63-4576661c7529", -- Value_ID : UNIQUE_ID
    'Employee has commenced ' -- Value : STRING
);
INSERT INTO V_LST VALUES (
    "0e479c29-c8da-4f93-944d-5dbec8a94c14", -- Value_ID : UNIQUE_ID
    'Employee is not registered!' -- Value : STRING
);
INSERT INTO V_LST VALUES (
    "efd9ae88-276f-4fea-9c88-1e03c01e967a", -- Value_ID : UNIQUE_ID
    'Employee is not found.' -- Value : STRING
);
INSERT INTO V_PAR VALUES (
    "d2ade1ad-75d7-43b8-8e19-98049ebbe7de", -- Value_ID : UNIQUE_ID
    "ba23f4da-0501-445f-b846-15bc3a9d88d3", -- Statement_ID : UNIQUE_ID
    "5960639d-dd99-43d2-883a-b41d74be22f2", -- Invocation_Value_ID : UNIQUE_ID
    'message', -- Name : STRING
    "00000000-0000-0000-0000-000000000000", -- Next_Value_ID : UNIQUE_ID
    0, -- labelLineNumber : INTEGER
    0 -- labelColumn : INTEGER
);
INSERT INTO V_PAR VALUES (
    "4d240129-8a48-4451-992c-a04c028d473d", -- Value_ID : UNIQUE_ID
    "791b01dd-5137-4e8a-b6e0-98d0b189143a", -- Statement_ID : UNIQUE_ID
    "4ff95923-1ec7-4d23-a34c-04dc10a0a10d", -- Invocation_Value_ID : UNIQUE_ID
    'message', -- Name : STRING
    "00000000-0000-0000-0000-000000000000", -- Next_Value_ID : UNIQUE_ID
    0, -- labelLineNumber : INTEGER
    0 -- labelColumn : INTEGER
);
INSERT INTO V_PAR VALUES (
    "1af418e2-8388-4e4c-9b0a-ff34da3860bc", -- Value_ID : UNIQUE_ID
    "0cbd337f-082b-47ce-84b2-8071ccaaa37a", -- Statement_ID : UNIQUE_ID
    "00000000-0000-0000-0000-000000000000", -- Invocation_Value_ID : UNIQUE_ID
    'FName', -- Name : STRING
    "00000000-0000-0000-0000-000000000000", -- Next_Value_ID : UNIQUE_ID
    0, -- labelLineNumber : INTEGER
    0 -- labelColumn : INTEGER
);
INSERT INTO V_PAR VALUES (
    "7897c93c-dd1e-4c43-806b-00a599c7f559", -- Value_ID : UNIQUE_ID
    "0cbd337f-082b-47ce-84b2-8071ccaaa37a", -- Statement_ID : UNIQUE_ID
    "00000000-0000-0000-0000-000000000000", -- Invocation_Value_ID : UNIQUE_ID
    'LName', -- Name : STRING
    "1af418e2-8388-4e4c-9b0a-ff34da3860bc", -- Next_Value_ID : UNIQUE_ID
    0, -- labelLineNumber : INTEGER
    0 -- labelColumn : INTEGER
);
INSERT INTO V_PAR VALUES (
    "819e196d-7097-435b-8d5f-9a582ff833e0", -- Value_ID : UNIQUE_ID
    "0cbd337f-082b-47ce-84b2-8071ccaaa37a", -- Statement_ID : UNIQUE_ID
    "00000000-0000-0000-0000-000000000000", -- Invocation_Value_ID : UNIQUE_ID
    'National_ID', -- Name : STRING
    "7897c93c-dd1e-4c43-806b-00a599c7f559", -- Next_Value_ID : UNIQUE_ID
    0, -- labelLineNumber : INTEGER
    0 -- labelColumn : INTEGER
);
INSERT INTO V_PAR VALUES (
    "df3b46da-1ce5-48f4-8f70-da0db59f645b", -- Value_ID : UNIQUE_ID
    "42edddfd-40f3-4f44-91cb-aee4f43e89e1", -- Statement_ID : UNIQUE_ID
    "00000000-0000-0000-0000-000000000000", -- Invocation_Value_ID : UNIQUE_ID
    'state', -- Name : STRING
    "e9c4d6d3-d45e-4b46-a35e-22809d30669c", -- Next_Value_ID : UNIQUE_ID
    0, -- labelLineNumber : INTEGER
    0 -- labelColumn : INTEGER
);
INSERT INTO V_PAR VALUES (
    "e9c4d6d3-d45e-4b46-a35e-22809d30669c", -- Value_ID : UNIQUE_ID
    "42edddfd-40f3-4f44-91cb-aee4f43e89e1", -- Statement_ID : UNIQUE_ID
    "00000000-0000-0000-0000-000000000000", -- Invocation_Value_ID : UNIQUE_ID
    'msg', -- Name : STRING
    "00000000-0000-0000-0000-000000000000", -- Next_Value_ID : UNIQUE_ID
    0, -- labelLineNumber : INTEGER
    0 -- labelColumn : INTEGER
);
INSERT INTO V_PAR VALUES (
    "55b5f379-944d-461c-a1c4-3ece99f7aee9", -- Value_ID : UNIQUE_ID
    "235be50d-e6c8-4258-919a-f1a1960b43fc", -- Statement_ID : UNIQUE_ID
    "326ed912-9b45-462b-92ae-6bb576e95b94", -- Invocation_Value_ID : UNIQUE_ID
    'message', -- Name : STRING
    "00000000-0000-0000-0000-000000000000", -- Next_Value_ID : UNIQUE_ID
    0, -- labelLineNumber : INTEGER
    0 -- labelColumn : INTEGER
);
INSERT INTO V_PAR VALUES (
    "ae9c812f-1f66-4033-aaa2-e96f4c81bb25", -- Value_ID : UNIQUE_ID
    "a61951f3-f9f2-4467-b310-6065627108d5", -- Statement_ID : UNIQUE_ID
    "00000000-0000-0000-0000-000000000000", -- Invocation_Value_ID : UNIQUE_ID
    'state', -- Name : STRING
    "edf5c73e-a807-410e-9341-26c4dcbea901", -- Next_Value_ID : UNIQUE_ID
    0, -- labelLineNumber : INTEGER
    0 -- labelColumn : INTEGER
);
INSERT INTO V_PAR VALUES (
    "edf5c73e-a807-410e-9341-26c4dcbea901", -- Value_ID : UNIQUE_ID
    "a61951f3-f9f2-4467-b310-6065627108d5", -- Statement_ID : UNIQUE_ID
    "00000000-0000-0000-0000-000000000000", -- Invocation_Value_ID : UNIQUE_ID
    'msg', -- Name : STRING
    "00000000-0000-0000-0000-000000000000", -- Next_Value_ID : UNIQUE_ID
    0, -- labelLineNumber : INTEGER
    0 -- labelColumn : INTEGER
);
INSERT INTO V_PAR VALUES (
    "d39a477a-2134-4bd3-8b1c-cf751b3ebf3e", -- Value_ID : UNIQUE_ID
    "1cd8a7f6-93a2-4adf-87fe-79a3ca9e2f21", -- Statement_ID : UNIQUE_ID
    "00000000-0000-0000-0000-000000000000", -- Invocation_Value_ID : UNIQUE_ID
    'state', -- Name : STRING
    "a28d5d4a-7775-47df-bd63-4576661c7529", -- Next_Value_ID : UNIQUE_ID
    0, -- labelLineNumber : INTEGER
    0 -- labelColumn : INTEGER
);
INSERT INTO V_PAR VALUES (
    "a28d5d4a-7775-47df-bd63-4576661c7529", -- Value_ID : UNIQUE_ID
    "1cd8a7f6-93a2-4adf-87fe-79a3ca9e2f21", -- Statement_ID : UNIQUE_ID
    "00000000-0000-0000-0000-000000000000", -- Invocation_Value_ID : UNIQUE_ID
    'msg', -- Name : STRING
    "00000000-0000-0000-0000-000000000000", -- Next_Value_ID : UNIQUE_ID
    0, -- labelLineNumber : INTEGER
    0 -- labelColumn : INTEGER
);
INSERT INTO V_PAR VALUES (
    "0e479c29-c8da-4f93-944d-5dbec8a94c14", -- Value_ID : UNIQUE_ID
    "4a459436-c306-4a89-b747-57563b15155d", -- Statement_ID : UNIQUE_ID
    "a471fe75-14bd-4861-84ce-29ceaccb31e5", -- Invocation_Value_ID : UNIQUE_ID
    'message', -- Name : STRING
    "00000000-0000-0000-0000-000000000000", -- Next_Value_ID : UNIQUE_ID
    0, -- labelLineNumber : INTEGER
    0 -- labelColumn : INTEGER
);
INSERT INTO V_PAR VALUES (
    "0ccc9f23-1922-48f7-9c7d-6c741fe368d8", -- Value_ID : UNIQUE_ID
    "6a54bd9b-bda5-451b-9a0a-eb8304eaafd6", -- Statement_ID : UNIQUE_ID
    "00000000-0000-0000-0000-000000000000", -- Invocation_Value_ID : UNIQUE_ID
    'state', -- Name : STRING
    "efd9ae88-276f-4fea-9c88-1e03c01e967a", -- Next_Value_ID : UNIQUE_ID
    0, -- labelLineNumber : INTEGER
    0 -- labelColumn : INTEGER
);
INSERT INTO V_PAR VALUES (
    "efd9ae88-276f-4fea-9c88-1e03c01e967a", -- Value_ID : UNIQUE_ID
    "6a54bd9b-bda5-451b-9a0a-eb8304eaafd6", -- Statement_ID : UNIQUE_ID
    "00000000-0000-0000-0000-000000000000", -- Invocation_Value_ID : UNIQUE_ID
    'msg', -- Name : STRING
    "00000000-0000-0000-0000-000000000000", -- Next_Value_ID : UNIQUE_ID
    0, -- labelLineNumber : INTEGER
    0 -- labelColumn : INTEGER
);
INSERT INTO V_PVL VALUES (
    "45b80ede-29fd-40bd-87a9-f6140a2de97c", -- Value_ID : UNIQUE_ID
    "37ef52bb-354f-4080-951f-232d57d97550", -- BParm_ID : UNIQUE_ID
    "00000000-0000-0000-0000-000000000000", -- SParm_ID : UNIQUE_ID
    "00000000-0000-0000-0000-000000000000", -- TParm_ID : UNIQUE_ID
    "00000000-0000-0000-0000-000000000000" -- PP_Id : UNIQUE_ID
);
INSERT INTO V_PVL VALUES (
    "31d4cc99-9b70-4ba4-950a-3a782bb588ec", -- Value_ID : UNIQUE_ID
    "00000000-0000-0000-0000-000000000000", -- BParm_ID : UNIQUE_ID
    "00000000-0000-0000-0000-000000000000", -- SParm_ID : UNIQUE_ID
    "00000000-0000-0000-0000-000000000000", -- TParm_ID : UNIQUE_ID
    "8d5bd5a6-f248-4b87-a4bb-eb772b2397d8" -- PP_Id : UNIQUE_ID
);
INSERT INTO V_PVL VALUES (
    "f3095759-4b5a-4f66-9aec-a2bf98e01683", -- Value_ID : UNIQUE_ID
    "00000000-0000-0000-0000-000000000000", -- BParm_ID : UNIQUE_ID
    "00000000-0000-0000-0000-000000000000", -- SParm_ID : UNIQUE_ID
    "00000000-0000-0000-0000-000000000000", -- TParm_ID : UNIQUE_ID
    "b1170977-7e1a-4e1e-8ec1-9e9ef2712f79" -- PP_Id : UNIQUE_ID
);
INSERT INTO V_PVL VALUES (
    "8ef673a0-dd0c-4f29-9425-ec22896196d8", -- Value_ID : UNIQUE_ID
    "00000000-0000-0000-0000-000000000000", -- BParm_ID : UNIQUE_ID
    "00000000-0000-0000-0000-000000000000", -- SParm_ID : UNIQUE_ID
    "00000000-0000-0000-0000-000000000000", -- TParm_ID : UNIQUE_ID
    "28761f9b-5da3-4284-aa06-53a1471a18fd" -- PP_Id : UNIQUE_ID
);
INSERT INTO V_PVL VALUES (
    "1af418e2-8388-4e4c-9b0a-ff34da3860bc", -- Value_ID : UNIQUE_ID
    "00000000-0000-0000-0000-000000000000", -- BParm_ID : UNIQUE_ID
    "00000000-0000-0000-0000-000000000000", -- SParm_ID : UNIQUE_ID
    "00000000-0000-0000-0000-000000000000", -- TParm_ID : UNIQUE_ID
    "8d5bd5a6-f248-4b87-a4bb-eb772b2397d8" -- PP_Id : UNIQUE_ID
);
INSERT INTO V_PVL VALUES (
    "7897c93c-dd1e-4c43-806b-00a599c7f559", -- Value_ID : UNIQUE_ID
    "00000000-0000-0000-0000-000000000000", -- BParm_ID : UNIQUE_ID
    "00000000-0000-0000-0000-000000000000", -- SParm_ID : UNIQUE_ID
    "00000000-0000-0000-0000-000000000000", -- TParm_ID : UNIQUE_ID
    "b1170977-7e1a-4e1e-8ec1-9e9ef2712f79" -- PP_Id : UNIQUE_ID
);
INSERT INTO V_PVL VALUES (
    "819e196d-7097-435b-8d5f-9a582ff833e0", -- Value_ID : UNIQUE_ID
    "00000000-0000-0000-0000-000000000000", -- BParm_ID : UNIQUE_ID
    "00000000-0000-0000-0000-000000000000", -- SParm_ID : UNIQUE_ID
    "00000000-0000-0000-0000-000000000000", -- TParm_ID : UNIQUE_ID
    "28761f9b-5da3-4284-aa06-53a1471a18fd" -- PP_Id : UNIQUE_ID
);
INSERT INTO V_PVL VALUES (
    "e2417d8d-0278-4774-930a-9b88f5a40057", -- Value_ID : UNIQUE_ID
    "00000000-0000-0000-0000-000000000000", -- BParm_ID : UNIQUE_ID
    "00000000-0000-0000-0000-000000000000", -- SParm_ID : UNIQUE_ID
    "00000000-0000-0000-0000-000000000000", -- TParm_ID : UNIQUE_ID
    "665d0f46-1f6b-4469-b345-11ad3a35684e" -- PP_Id : UNIQUE_ID
);
INSERT INTO V_SLR VALUES (
    "29ac6487-54bd-4cdb-80be-a9432fc49698", -- Value_ID : UNIQUE_ID
    "00000000-0000-0000-0000-000000000000", -- Obj_ID : UNIQUE_ID
    "00000000-0000-0000-0000-000000000000", -- Attr_ID : UNIQUE_ID
    "00000000-0000-0000-0000-000000000000" -- Op_Value_ID : UNIQUE_ID
);
INSERT INTO V_SLR VALUES (
    "9abc2aa4-3d8a-4bc0-9e4e-f708e21f9b50", -- Value_ID : UNIQUE_ID
    "00000000-0000-0000-0000-000000000000", -- Obj_ID : UNIQUE_ID
    "00000000-0000-0000-0000-000000000000", -- Attr_ID : UNIQUE_ID
    "00000000-0000-0000-0000-000000000000" -- Op_Value_ID : UNIQUE_ID
);
INSERT INTO V_SLR VALUES (
    "0bdc8683-304f-42af-8575-1ec0a28a68ac", -- Value_ID : UNIQUE_ID
    "00000000-0000-0000-0000-000000000000", -- Obj_ID : UNIQUE_ID
    "00000000-0000-0000-0000-000000000000", -- Attr_ID : UNIQUE_ID
    "00000000-0000-0000-0000-000000000000" -- Op_Value_ID : UNIQUE_ID
);
INSERT INTO V_SLR VALUES (
    "b52526ff-58a3-4644-b267-d7bfe28a11d6", -- Value_ID : UNIQUE_ID
    "00000000-0000-0000-0000-000000000000", -- Obj_ID : UNIQUE_ID
    "00000000-0000-0000-0000-000000000000", -- Attr_ID : UNIQUE_ID
    "00000000-0000-0000-0000-000000000000" -- Op_Value_ID : UNIQUE_ID
);
INSERT INTO V_TRN VALUES (
    "28964b1e-e277-4e9e-9a4b-af15881eb4da", -- Var_ID : UNIQUE_ID
    "00000000-0000-0000-0000-000000000000", -- DT_ID : UNIQUE_ID
    '' -- Dimensions : STRING
);
INSERT INTO V_TRN VALUES (
    "2b54c56c-93a9-4c1c-bb0f-de906ac50a69", -- Var_ID : UNIQUE_ID
    "00000000-0000-0000-0000-000000000000", -- DT_ID : UNIQUE_ID
    '' -- Dimensions : STRING
);
INSERT INTO V_TRN VALUES (
    "54cac6f5-066e-4dea-82c6-aae3ad269f8a", -- Var_ID : UNIQUE_ID
    "00000000-0000-0000-0000-000000000000", -- DT_ID : UNIQUE_ID
    '' -- Dimensions : STRING
);
INSERT INTO V_TRN VALUES (
    "85dcf64e-68d2-4568-9af5-c78836c5089d", -- Var_ID : UNIQUE_ID
    "00000000-0000-0000-0000-000000000000", -- DT_ID : UNIQUE_ID
    '' -- Dimensions : STRING
);
INSERT INTO V_TRN VALUES (
    "e4575244-0b66-4211-a3e5-bef038a20cd8", -- Var_ID : UNIQUE_ID
    "00000000-0000-0000-0000-000000000000", -- DT_ID : UNIQUE_ID
    '' -- Dimensions : STRING
);
INSERT INTO V_TRN VALUES (
    "f914ef58-4459-4f60-a779-84605349ab13", -- Var_ID : UNIQUE_ID
    "00000000-0000-0000-0000-000000000000", -- DT_ID : UNIQUE_ID
    '' -- Dimensions : STRING
);
INSERT INTO V_TRN VALUES (
    "5ce0d66f-9070-4831-a5ef-fadfbd904049", -- Var_ID : UNIQUE_ID
    "00000000-0000-0000-0000-000000000000", -- DT_ID : UNIQUE_ID
    '' -- Dimensions : STRING
);
INSERT INTO V_TRN VALUES (
    "52be1729-fb84-4b4d-9527-aed29b3725af", -- Var_ID : UNIQUE_ID
    "00000000-0000-0000-0000-000000000000", -- DT_ID : UNIQUE_ID
    '' -- Dimensions : STRING
);
INSERT INTO V_TVL VALUES (
    "73d64993-a795-4a21-a20c-516a0e49558a", -- Value_ID : UNIQUE_ID
    "28964b1e-e277-4e9e-9a4b-af15881eb4da" -- Var_ID : UNIQUE_ID
);
INSERT INTO V_TVL VALUES (
    "3cc9fb0f-65b1-4d84-9599-9247fae75870", -- Value_ID : UNIQUE_ID
    "28964b1e-e277-4e9e-9a4b-af15881eb4da" -- Var_ID : UNIQUE_ID
);
INSERT INTO V_TVL VALUES (
    "8be795cd-ded8-4071-a378-6d94c21c830a", -- Value_ID : UNIQUE_ID
    "28964b1e-e277-4e9e-9a4b-af15881eb4da" -- Var_ID : UNIQUE_ID
);
INSERT INTO V_TVL VALUES (
    "bbb1e6ca-8978-4b31-86df-589c27b6ffb8", -- Value_ID : UNIQUE_ID
    "28964b1e-e277-4e9e-9a4b-af15881eb4da" -- Var_ID : UNIQUE_ID
);
INSERT INTO V_TVL VALUES (
    "ed24aa1b-f63c-4dcd-8965-b46f6b0b10fd", -- Value_ID : UNIQUE_ID
    "28964b1e-e277-4e9e-9a4b-af15881eb4da" -- Var_ID : UNIQUE_ID
);
INSERT INTO V_TVL VALUES (
    "32c29b8f-27d4-4ea7-8d30-8103bd3d3e3c", -- Value_ID : UNIQUE_ID
    "28964b1e-e277-4e9e-9a4b-af15881eb4da" -- Var_ID : UNIQUE_ID
);
INSERT INTO V_TVL VALUES (
    "8d71fb02-deb2-4956-9227-2c4cb66abfde", -- Value_ID : UNIQUE_ID
    "28964b1e-e277-4e9e-9a4b-af15881eb4da" -- Var_ID : UNIQUE_ID
);
INSERT INTO V_TVL VALUES (
    "81e437ae-ae8a-4939-ab88-7d659552bbed", -- Value_ID : UNIQUE_ID
    "28964b1e-e277-4e9e-9a4b-af15881eb4da" -- Var_ID : UNIQUE_ID
);
INSERT INTO V_TVL VALUES (
    "fa3a7fcb-314f-4ba4-be11-3d063129b6cc", -- Value_ID : UNIQUE_ID
    "28964b1e-e277-4e9e-9a4b-af15881eb4da" -- Var_ID : UNIQUE_ID
);
INSERT INTO V_TVL VALUES (
    "ac8330c9-af24-401d-a8ad-c01afe7635aa", -- Value_ID : UNIQUE_ID
    "28964b1e-e277-4e9e-9a4b-af15881eb4da" -- Var_ID : UNIQUE_ID
);
INSERT INTO V_TVL VALUES (
    "bcddb9ac-fe3a-4f0c-a57a-753069bf9d46", -- Value_ID : UNIQUE_ID
    "2b54c56c-93a9-4c1c-bb0f-de906ac50a69" -- Var_ID : UNIQUE_ID
);
INSERT INTO V_TVL VALUES (
    "e07e82a9-6131-42a4-873d-47bc7a6f4b91", -- Value_ID : UNIQUE_ID
    "54cac6f5-066e-4dea-82c6-aae3ad269f8a" -- Var_ID : UNIQUE_ID
);
INSERT INTO V_TVL VALUES (
    "0907a8bf-8155-4835-a86a-99a2e9cc9fba", -- Value_ID : UNIQUE_ID
    "2b54c56c-93a9-4c1c-bb0f-de906ac50a69" -- Var_ID : UNIQUE_ID
);
INSERT INTO V_TVL VALUES (
    "34802c63-a914-4c5a-9d6a-9cc4943c62cd", -- Value_ID : UNIQUE_ID
    "2b54c56c-93a9-4c1c-bb0f-de906ac50a69" -- Var_ID : UNIQUE_ID
);
INSERT INTO V_TVL VALUES (
    "0758e3b2-1acd-400c-975d-899d3e615949", -- Value_ID : UNIQUE_ID
    "85dcf64e-68d2-4568-9af5-c78836c5089d" -- Var_ID : UNIQUE_ID
);
INSERT INTO V_TVL VALUES (
    "3a7fad93-737d-4618-b363-a4988e7bce2f", -- Value_ID : UNIQUE_ID
    "2b54c56c-93a9-4c1c-bb0f-de906ac50a69" -- Var_ID : UNIQUE_ID
);
INSERT INTO V_TVL VALUES (
    "74583282-fe58-42ff-bfb0-50982b601bad", -- Value_ID : UNIQUE_ID
    "2b54c56c-93a9-4c1c-bb0f-de906ac50a69" -- Var_ID : UNIQUE_ID
);
INSERT INTO V_TVL VALUES (
    "6c81894a-e7e6-4cff-ae54-dd28ba473919", -- Value_ID : UNIQUE_ID
    "28964b1e-e277-4e9e-9a4b-af15881eb4da" -- Var_ID : UNIQUE_ID
);
INSERT INTO V_TVL VALUES (
    "9c33ab99-1ba7-4961-b1ad-b280e3ad0130", -- Value_ID : UNIQUE_ID
    "85dcf64e-68d2-4568-9af5-c78836c5089d" -- Var_ID : UNIQUE_ID
);
INSERT INTO V_TVL VALUES (
    "f8759601-bbdc-4e49-9a8d-768d185b90ab", -- Value_ID : UNIQUE_ID
    "54cac6f5-066e-4dea-82c6-aae3ad269f8a" -- Var_ID : UNIQUE_ID
);
INSERT INTO V_TVL VALUES (
    "859ebe88-0f2c-4d74-8e16-9a09f7a7d621", -- Value_ID : UNIQUE_ID
    "54cac6f5-066e-4dea-82c6-aae3ad269f8a" -- Var_ID : UNIQUE_ID
);
INSERT INTO V_TVL VALUES (
    "c64b9939-5ed4-480c-b8eb-65641f2ecbb6", -- Value_ID : UNIQUE_ID
    "54cac6f5-066e-4dea-82c6-aae3ad269f8a" -- Var_ID : UNIQUE_ID
);
INSERT INTO V_TVL VALUES (
    "3f727d70-522b-451c-8d4c-d1272de9f1bb", -- Value_ID : UNIQUE_ID
    "e4575244-0b66-4211-a3e5-bef038a20cd8" -- Var_ID : UNIQUE_ID
);
INSERT INTO V_TVL VALUES (
    "3e33c4ad-5fa7-4054-8c22-e0307cdcb6e6", -- Value_ID : UNIQUE_ID
    "f914ef58-4459-4f60-a779-84605349ab13" -- Var_ID : UNIQUE_ID
);
INSERT INTO V_TVL VALUES (
    "f2a2a559-0b15-405a-b420-b187ebd95c02", -- Value_ID : UNIQUE_ID
    "5ce0d66f-9070-4831-a5ef-fadfbd904049" -- Var_ID : UNIQUE_ID
);
INSERT INTO V_TVL VALUES (
    "de03268d-a2cc-42eb-8876-8f6bb43ee065", -- Value_ID : UNIQUE_ID
    "e4575244-0b66-4211-a3e5-bef038a20cd8" -- Var_ID : UNIQUE_ID
);
INSERT INTO V_TVL VALUES (
    "188f66b2-2e73-421b-8d0c-5d86875f12f0", -- Value_ID : UNIQUE_ID
    "f914ef58-4459-4f60-a779-84605349ab13" -- Var_ID : UNIQUE_ID
);
INSERT INTO V_TVL VALUES (
    "18ae78ae-8730-486e-add0-6135b6b0456b", -- Value_ID : UNIQUE_ID
    "52be1729-fb84-4b4d-9527-aed29b3725af" -- Var_ID : UNIQUE_ID
);
INSERT INTO V_UNY VALUES (
    "dd4b8622-f9c3-4dd9-b51c-e1236faab8a0", -- Value_ID : UNIQUE_ID
    "cbe72fc4-7592-4632-915f-64a397d55cb7", -- Operand_Value_ID : UNIQUE_ID
    'empty' -- Operator : STRING
);
INSERT INTO V_UNY VALUES (
    "07226e6c-b964-4e2d-95cf-d0558461f6e2", -- Value_ID : UNIQUE_ID
    "b2dffc4f-9352-4374-93c6-39a5f8e12ff0", -- Operand_Value_ID : UNIQUE_ID
    'empty' -- Operator : STRING
);
INSERT INTO V_UNY VALUES (
    "4cc45c4d-fe00-4955-8e78-cac5d1c1d451", -- Value_ID : UNIQUE_ID
    "07226e6c-b964-4e2d-95cf-d0558461f6e2", -- Operand_Value_ID : UNIQUE_ID
    'not' -- Operator : STRING
);
INSERT INTO V_VAL VALUES (
    "968ae3bb-f8d5-4568-8eaa-1a67ba0236b7", -- Value_ID : UNIQUE_ID
    0, -- isLValue : BOOLEAN
    0, -- isImplicit : BOOLEAN
    1, -- LineNumber : INTEGER
    12, -- StartPosition : INTEGER
    14, -- EndPosition : INTEGER
    0, -- firstParameterLabelLineNumber : INTEGER
    0, -- firstParameterLabelColumn : INTEGER
    0, -- currentLaterParameterLabelLineNumber : INTEGER
    0, -- currentLaterParameterLabelColumn : INTEGER
    "ba5eda7a-def5-0000-0000-000000000004", -- DT_ID : UNIQUE_ID
    "422008ca-1c0f-4218-b2ea-2245b091b5c5" -- Block_ID : UNIQUE_ID
);
INSERT INTO V_VAL VALUES (
    "73d64993-a795-4a21-a20c-516a0e49558a", -- Value_ID : UNIQUE_ID
    0, -- isLValue : BOOLEAN
    1, -- isImplicit : BOOLEAN
    1, -- LineNumber : INTEGER
    1, -- StartPosition : INTEGER
    7, -- EndPosition : INTEGER
    0, -- firstParameterLabelLineNumber : INTEGER
    0, -- firstParameterLabelColumn : INTEGER
    0, -- currentLaterParameterLabelLineNumber : INTEGER
    0, -- currentLaterParameterLabelColumn : INTEGER
    "ba5eda7a-def5-0000-0000-000000000004", -- DT_ID : UNIQUE_ID
    "422008ca-1c0f-4218-b2ea-2245b091b5c5" -- Block_ID : UNIQUE_ID
);
INSERT INTO V_VAL VALUES (
    "827544d1-c5ab-4fce-ab96-41417a20d805", -- Value_ID : UNIQUE_ID
    0, -- isLValue : BOOLEAN
    0, -- isImplicit : BOOLEAN
    1, -- LineNumber : INTEGER
    9, -- StartPosition : INTEGER
    9, -- EndPosition : INTEGER
    0, -- firstParameterLabelLineNumber : INTEGER
    0, -- firstParameterLabelColumn : INTEGER
    0, -- currentLaterParameterLabelLineNumber : INTEGER
    0, -- currentLaterParameterLabelColumn : INTEGER
    "ba5eda7a-def5-0000-0000-000000000002", -- DT_ID : UNIQUE_ID
    "422008ca-1c0f-4218-b2ea-2245b091b5c5" -- Block_ID : UNIQUE_ID
);
INSERT INTO V_VAL VALUES (
    "dab23d83-fea5-4cc6-b013-da63a0f6138e", -- Value_ID : UNIQUE_ID
    1, -- isLValue : BOOLEAN
    0, -- isImplicit : BOOLEAN
    1, -- LineNumber : INTEGER
    1, -- StartPosition : INTEGER
    10, -- EndPosition : INTEGER
    0, -- firstParameterLabelLineNumber : INTEGER
    0, -- firstParameterLabelColumn : INTEGER
    0, -- currentLaterParameterLabelLineNumber : INTEGER
    0, -- currentLaterParameterLabelColumn : INTEGER
    "ba5eda7a-def5-0000-0000-000000000004", -- DT_ID : UNIQUE_ID
    "422008ca-1c0f-4218-b2ea-2245b091b5c5" -- Block_ID : UNIQUE_ID
);
INSERT INTO V_VAL VALUES (
    "22b87611-6f78-40b0-a151-cf18c8cd97a1", -- Value_ID : UNIQUE_ID
    0, -- isLValue : BOOLEAN
    0, -- isImplicit : BOOLEAN
    1, -- LineNumber : INTEGER
    28, -- StartPosition : INTEGER
    30, -- EndPosition : INTEGER
    0, -- firstParameterLabelLineNumber : INTEGER
    0, -- firstParameterLabelColumn : INTEGER
    0, -- currentLaterParameterLabelLineNumber : INTEGER
    0, -- currentLaterParameterLabelColumn : INTEGER
    "ba5eda7a-def5-0000-0000-000000000004", -- DT_ID : UNIQUE_ID
    "422008ca-1c0f-4218-b2ea-2245b091b5c5" -- Block_ID : UNIQUE_ID
);
INSERT INTO V_VAL VALUES (
    "3cc9fb0f-65b1-4d84-9599-9247fae75870", -- Value_ID : UNIQUE_ID
    0, -- isLValue : BOOLEAN
    0, -- isImplicit : BOOLEAN
    1, -- LineNumber : INTEGER
    17, -- StartPosition : INTEGER
    23, -- EndPosition : INTEGER
    0, -- firstParameterLabelLineNumber : INTEGER
    0, -- firstParameterLabelColumn : INTEGER
    0, -- currentLaterParameterLabelLineNumber : INTEGER
    0, -- currentLaterParameterLabelColumn : INTEGER
    "ba5eda7a-def5-0000-0000-000000000004", -- DT_ID : UNIQUE_ID
    "422008ca-1c0f-4218-b2ea-2245b091b5c5" -- Block_ID : UNIQUE_ID
);
INSERT INTO V_VAL VALUES (
    "bd70118d-4b5a-4418-a6fb-def0f2bc69a5", -- Value_ID : UNIQUE_ID
    0, -- isLValue : BOOLEAN
    0, -- isImplicit : BOOLEAN
    1, -- LineNumber : INTEGER
    25, -- StartPosition : INTEGER
    25, -- EndPosition : INTEGER
    0, -- firstParameterLabelLineNumber : INTEGER
    0, -- firstParameterLabelColumn : INTEGER
    0, -- currentLaterParameterLabelLineNumber : INTEGER
    0, -- currentLaterParameterLabelColumn : INTEGER
    "ba5eda7a-def5-0000-0000-000000000002", -- DT_ID : UNIQUE_ID
    "422008ca-1c0f-4218-b2ea-2245b091b5c5" -- Block_ID : UNIQUE_ID
);
INSERT INTO V_VAL VALUES (
    "81f8dd9c-be27-43ed-8eaa-20b7dba86929", -- Value_ID : UNIQUE_ID
    1, -- isLValue : BOOLEAN
    0, -- isImplicit : BOOLEAN
    1, -- LineNumber : INTEGER
    17, -- StartPosition : INTEGER
    26, -- EndPosition : INTEGER
    0, -- firstParameterLabelLineNumber : INTEGER
    0, -- firstParameterLabelColumn : INTEGER
    0, -- currentLaterParameterLabelLineNumber : INTEGER
    0, -- currentLaterParameterLabelColumn : INTEGER
    "ba5eda7a-def5-0000-0000-000000000004", -- DT_ID : UNIQUE_ID
    "422008ca-1c0f-4218-b2ea-2245b091b5c5" -- Block_ID : UNIQUE_ID
);
INSERT INTO V_VAL VALUES (
    "2ba9078e-8469-4845-93db-9c0a29144d3c", -- Value_ID : UNIQUE_ID
    0, -- isLValue : BOOLEAN
    0, -- isImplicit : BOOLEAN
    1, -- LineNumber : INTEGER
    44, -- StartPosition : INTEGER
    46, -- EndPosition : INTEGER
    0, -- firstParameterLabelLineNumber : INTEGER
    0, -- firstParameterLabelColumn : INTEGER
    0, -- currentLaterParameterLabelLineNumber : INTEGER
    0, -- currentLaterParameterLabelColumn : INTEGER
    "ba5eda7a-def5-0000-0000-000000000004", -- DT_ID : UNIQUE_ID
    "422008ca-1c0f-4218-b2ea-2245b091b5c5" -- Block_ID : UNIQUE_ID
);
INSERT INTO V_VAL VALUES (
    "8be795cd-ded8-4071-a378-6d94c21c830a", -- Value_ID : UNIQUE_ID
    0, -- isLValue : BOOLEAN
    0, -- isImplicit : BOOLEAN
    1, -- LineNumber : INTEGER
    33, -- StartPosition : INTEGER
    39, -- EndPosition : INTEGER
    0, -- firstParameterLabelLineNumber : INTEGER
    0, -- firstParameterLabelColumn : INTEGER
    0, -- currentLaterParameterLabelLineNumber : INTEGER
    0, -- currentLaterParameterLabelColumn : INTEGER
    "ba5eda7a-def5-0000-0000-000000000004", -- DT_ID : UNIQUE_ID
    "422008ca-1c0f-4218-b2ea-2245b091b5c5" -- Block_ID : UNIQUE_ID
);
INSERT INTO V_VAL VALUES (
    "5b700e4e-90d6-4920-92d3-2750aeb6fbe8", -- Value_ID : UNIQUE_ID
    0, -- isLValue : BOOLEAN
    0, -- isImplicit : BOOLEAN
    1, -- LineNumber : INTEGER
    41, -- StartPosition : INTEGER
    41, -- EndPosition : INTEGER
    0, -- firstParameterLabelLineNumber : INTEGER
    0, -- firstParameterLabelColumn : INTEGER
    0, -- currentLaterParameterLabelLineNumber : INTEGER
    0, -- currentLaterParameterLabelColumn : INTEGER
    "ba5eda7a-def5-0000-0000-000000000002", -- DT_ID : UNIQUE_ID
    "422008ca-1c0f-4218-b2ea-2245b091b5c5" -- Block_ID : UNIQUE_ID
);
INSERT INTO V_VAL VALUES (
    "83e4999b-4e8b-4b06-b0ee-557e746575eb", -- Value_ID : UNIQUE_ID
    1, -- isLValue : BOOLEAN
    0, -- isImplicit : BOOLEAN
    1, -- LineNumber : INTEGER
    33, -- StartPosition : INTEGER
    42, -- EndPosition : INTEGER
    0, -- firstParameterLabelLineNumber : INTEGER
    0, -- firstParameterLabelColumn : INTEGER
    0, -- currentLaterParameterLabelLineNumber : INTEGER
    0, -- currentLaterParameterLabelColumn : INTEGER
    "ba5eda7a-def5-0000-0000-000000000004", -- DT_ID : UNIQUE_ID
    "422008ca-1c0f-4218-b2ea-2245b091b5c5" -- Block_ID : UNIQUE_ID
);
INSERT INTO V_VAL VALUES (
    "3278ca48-42d1-4a3b-b7fb-f0978e14b908", -- Value_ID : UNIQUE_ID
    0, -- isLValue : BOOLEAN
    0, -- isImplicit : BOOLEAN
    1, -- LineNumber : INTEGER
    60, -- StartPosition : INTEGER
    62, -- EndPosition : INTEGER
    0, -- firstParameterLabelLineNumber : INTEGER
    0, -- firstParameterLabelColumn : INTEGER
    0, -- currentLaterParameterLabelLineNumber : INTEGER
    0, -- currentLaterParameterLabelColumn : INTEGER
    "ba5eda7a-def5-0000-0000-000000000004", -- DT_ID : UNIQUE_ID
    "422008ca-1c0f-4218-b2ea-2245b091b5c5" -- Block_ID : UNIQUE_ID
);
INSERT INTO V_VAL VALUES (
    "bbb1e6ca-8978-4b31-86df-589c27b6ffb8", -- Value_ID : UNIQUE_ID
    0, -- isLValue : BOOLEAN
    0, -- isImplicit : BOOLEAN
    1, -- LineNumber : INTEGER
    49, -- StartPosition : INTEGER
    55, -- EndPosition : INTEGER
    0, -- firstParameterLabelLineNumber : INTEGER
    0, -- firstParameterLabelColumn : INTEGER
    0, -- currentLaterParameterLabelLineNumber : INTEGER
    0, -- currentLaterParameterLabelColumn : INTEGER
    "ba5eda7a-def5-0000-0000-000000000004", -- DT_ID : UNIQUE_ID
    "422008ca-1c0f-4218-b2ea-2245b091b5c5" -- Block_ID : UNIQUE_ID
);
INSERT INTO V_VAL VALUES (
    "df58caf4-a514-4e6c-b05b-d60edbf6bd7b", -- Value_ID : UNIQUE_ID
    0, -- isLValue : BOOLEAN
    0, -- isImplicit : BOOLEAN
    1, -- LineNumber : INTEGER
    57, -- StartPosition : INTEGER
    57, -- EndPosition : INTEGER
    0, -- firstParameterLabelLineNumber : INTEGER
    0, -- firstParameterLabelColumn : INTEGER
    0, -- currentLaterParameterLabelLineNumber : INTEGER
    0, -- currentLaterParameterLabelColumn : INTEGER
    "ba5eda7a-def5-0000-0000-000000000002", -- DT_ID : UNIQUE_ID
    "422008ca-1c0f-4218-b2ea-2245b091b5c5" -- Block_ID : UNIQUE_ID
);
INSERT INTO V_VAL VALUES (
    "bd6d4a69-b02a-41cd-9792-76a392851614", -- Value_ID : UNIQUE_ID
    1, -- isLValue : BOOLEAN
    0, -- isImplicit : BOOLEAN
    1, -- LineNumber : INTEGER
    49, -- StartPosition : INTEGER
    58, -- EndPosition : INTEGER
    0, -- firstParameterLabelLineNumber : INTEGER
    0, -- firstParameterLabelColumn : INTEGER
    0, -- currentLaterParameterLabelLineNumber : INTEGER
    0, -- currentLaterParameterLabelColumn : INTEGER
    "ba5eda7a-def5-0000-0000-000000000004", -- DT_ID : UNIQUE_ID
    "422008ca-1c0f-4218-b2ea-2245b091b5c5" -- Block_ID : UNIQUE_ID
);
INSERT INTO V_VAL VALUES (
    "d9855f9a-83dd-4489-97eb-c8e5f1d63d25", -- Value_ID : UNIQUE_ID
    0, -- isLValue : BOOLEAN
    0, -- isImplicit : BOOLEAN
    1, -- LineNumber : INTEGER
    76, -- StartPosition : INTEGER
    78, -- EndPosition : INTEGER
    0, -- firstParameterLabelLineNumber : INTEGER
    0, -- firstParameterLabelColumn : INTEGER
    0, -- currentLaterParameterLabelLineNumber : INTEGER
    0, -- currentLaterParameterLabelColumn : INTEGER
    "ba5eda7a-def5-0000-0000-000000000004", -- DT_ID : UNIQUE_ID
    "422008ca-1c0f-4218-b2ea-2245b091b5c5" -- Block_ID : UNIQUE_ID
);
INSERT INTO V_VAL VALUES (
    "ed24aa1b-f63c-4dcd-8965-b46f6b0b10fd", -- Value_ID : UNIQUE_ID
    0, -- isLValue : BOOLEAN
    0, -- isImplicit : BOOLEAN
    1, -- LineNumber : INTEGER
    65, -- StartPosition : INTEGER
    71, -- EndPosition : INTEGER
    0, -- firstParameterLabelLineNumber : INTEGER
    0, -- firstParameterLabelColumn : INTEGER
    0, -- currentLaterParameterLabelLineNumber : INTEGER
    0, -- currentLaterParameterLabelColumn : INTEGER
    "ba5eda7a-def5-0000-0000-000000000004", -- DT_ID : UNIQUE_ID
    "422008ca-1c0f-4218-b2ea-2245b091b5c5" -- Block_ID : UNIQUE_ID
);
INSERT INTO V_VAL VALUES (
    "f6dbf279-6ebf-4e85-8c27-6e1d4c6f122e", -- Value_ID : UNIQUE_ID
    0, -- isLValue : BOOLEAN
    0, -- isImplicit : BOOLEAN
    1, -- LineNumber : INTEGER
    73, -- StartPosition : INTEGER
    73, -- EndPosition : INTEGER
    0, -- firstParameterLabelLineNumber : INTEGER
    0, -- firstParameterLabelColumn : INTEGER
    0, -- currentLaterParameterLabelLineNumber : INTEGER
    0, -- currentLaterParameterLabelColumn : INTEGER
    "ba5eda7a-def5-0000-0000-000000000002", -- DT_ID : UNIQUE_ID
    "422008ca-1c0f-4218-b2ea-2245b091b5c5" -- Block_ID : UNIQUE_ID
);
INSERT INTO V_VAL VALUES (
    "2fed096a-91c0-485e-8634-ce056c319de9", -- Value_ID : UNIQUE_ID
    1, -- isLValue : BOOLEAN
    0, -- isImplicit : BOOLEAN
    1, -- LineNumber : INTEGER
    65, -- StartPosition : INTEGER
    74, -- EndPosition : INTEGER
    0, -- firstParameterLabelLineNumber : INTEGER
    0, -- firstParameterLabelColumn : INTEGER
    0, -- currentLaterParameterLabelLineNumber : INTEGER
    0, -- currentLaterParameterLabelColumn : INTEGER
    "ba5eda7a-def5-0000-0000-000000000004", -- DT_ID : UNIQUE_ID
    "422008ca-1c0f-4218-b2ea-2245b091b5c5" -- Block_ID : UNIQUE_ID
);
INSERT INTO V_VAL VALUES (
    "fcf90c11-c3a8-43c4-8d66-5ff91896d03e", -- Value_ID : UNIQUE_ID
    0, -- isLValue : BOOLEAN
    0, -- isImplicit : BOOLEAN
    2, -- LineNumber : INTEGER
    12, -- StartPosition : INTEGER
    14, -- EndPosition : INTEGER
    0, -- firstParameterLabelLineNumber : INTEGER
    0, -- firstParameterLabelColumn : INTEGER
    0, -- currentLaterParameterLabelLineNumber : INTEGER
    0, -- currentLaterParameterLabelColumn : INTEGER
    "ba5eda7a-def5-0000-0000-000000000004", -- DT_ID : UNIQUE_ID
    "422008ca-1c0f-4218-b2ea-2245b091b5c5" -- Block_ID : UNIQUE_ID
);
INSERT INTO V_VAL VALUES (
    "32c29b8f-27d4-4ea7-8d30-8103bd3d3e3c", -- Value_ID : UNIQUE_ID
    0, -- isLValue : BOOLEAN
    0, -- isImplicit : BOOLEAN
    2, -- LineNumber : INTEGER
    1, -- StartPosition : INTEGER
    7, -- EndPosition : INTEGER
    0, -- firstParameterLabelLineNumber : INTEGER
    0, -- firstParameterLabelColumn : INTEGER
    0, -- currentLaterParameterLabelLineNumber : INTEGER
    0, -- currentLaterParameterLabelColumn : INTEGER
    "ba5eda7a-def5-0000-0000-000000000004", -- DT_ID : UNIQUE_ID
    "422008ca-1c0f-4218-b2ea-2245b091b5c5" -- Block_ID : UNIQUE_ID
);
INSERT INTO V_VAL VALUES (
    "6bbf1b0d-4e91-4d09-a9db-92327c58fffe", -- Value_ID : UNIQUE_ID
    0, -- isLValue : BOOLEAN
    0, -- isImplicit : BOOLEAN
    2, -- LineNumber : INTEGER
    9, -- StartPosition : INTEGER
    9, -- EndPosition : INTEGER
    0, -- firstParameterLabelLineNumber : INTEGER
    0, -- firstParameterLabelColumn : INTEGER
    0, -- currentLaterParameterLabelLineNumber : INTEGER
    0, -- currentLaterParameterLabelColumn : INTEGER
    "ba5eda7a-def5-0000-0000-000000000002", -- DT_ID : UNIQUE_ID
    "422008ca-1c0f-4218-b2ea-2245b091b5c5" -- Block_ID : UNIQUE_ID
);
INSERT INTO V_VAL VALUES (
    "6f656d2b-e30e-4e7d-8ff2-5aea2bcd81ab", -- Value_ID : UNIQUE_ID
    1, -- isLValue : BOOLEAN
    0, -- isImplicit : BOOLEAN
    2, -- LineNumber : INTEGER
    1, -- StartPosition : INTEGER
    10, -- EndPosition : INTEGER
    0, -- firstParameterLabelLineNumber : INTEGER
    0, -- firstParameterLabelColumn : INTEGER
    0, -- currentLaterParameterLabelLineNumber : INTEGER
    0, -- currentLaterParameterLabelColumn : INTEGER
    "ba5eda7a-def5-0000-0000-000000000004", -- DT_ID : UNIQUE_ID
    "422008ca-1c0f-4218-b2ea-2245b091b5c5" -- Block_ID : UNIQUE_ID
);
INSERT INTO V_VAL VALUES (
    "bebd2b1d-6ab9-41bd-bceb-ea781beefcef", -- Value_ID : UNIQUE_ID
    0, -- isLValue : BOOLEAN
    0, -- isImplicit : BOOLEAN
    2, -- LineNumber : INTEGER
    28, -- StartPosition : INTEGER
    30, -- EndPosition : INTEGER
    0, -- firstParameterLabelLineNumber : INTEGER
    0, -- firstParameterLabelColumn : INTEGER
    0, -- currentLaterParameterLabelLineNumber : INTEGER
    0, -- currentLaterParameterLabelColumn : INTEGER
    "ba5eda7a-def5-0000-0000-000000000004", -- DT_ID : UNIQUE_ID
    "422008ca-1c0f-4218-b2ea-2245b091b5c5" -- Block_ID : UNIQUE_ID
);
INSERT INTO V_VAL VALUES (
    "8d71fb02-deb2-4956-9227-2c4cb66abfde", -- Value_ID : UNIQUE_ID
    0, -- isLValue : BOOLEAN
    0, -- isImplicit : BOOLEAN
    2, -- LineNumber : INTEGER
    17, -- StartPosition : INTEGER
    23, -- EndPosition : INTEGER
    0, -- firstParameterLabelLineNumber : INTEGER
    0, -- firstParameterLabelColumn : INTEGER
    0, -- currentLaterParameterLabelLineNumber : INTEGER
    0, -- currentLaterParameterLabelColumn : INTEGER
    "ba5eda7a-def5-0000-0000-000000000004", -- DT_ID : UNIQUE_ID
    "422008ca-1c0f-4218-b2ea-2245b091b5c5" -- Block_ID : UNIQUE_ID
);
INSERT INTO V_VAL VALUES (
    "e8a8741c-a1f8-4468-84f9-a3e5f31f1c28", -- Value_ID : UNIQUE_ID
    0, -- isLValue : BOOLEAN
    0, -- isImplicit : BOOLEAN
    2, -- LineNumber : INTEGER
    25, -- StartPosition : INTEGER
    25, -- EndPosition : INTEGER
    0, -- firstParameterLabelLineNumber : INTEGER
    0, -- firstParameterLabelColumn : INTEGER
    0, -- currentLaterParameterLabelLineNumber : INTEGER
    0, -- currentLaterParameterLabelColumn : INTEGER
    "ba5eda7a-def5-0000-0000-000000000002", -- DT_ID : UNIQUE_ID
    "422008ca-1c0f-4218-b2ea-2245b091b5c5" -- Block_ID : UNIQUE_ID
);
INSERT INTO V_VAL VALUES (
    "1f459c15-c028-49cf-b1de-8548b2a3cbbb", -- Value_ID : UNIQUE_ID
    1, -- isLValue : BOOLEAN
    0, -- isImplicit : BOOLEAN
    2, -- LineNumber : INTEGER
    17, -- StartPosition : INTEGER
    26, -- EndPosition : INTEGER
    0, -- firstParameterLabelLineNumber : INTEGER
    0, -- firstParameterLabelColumn : INTEGER
    0, -- currentLaterParameterLabelLineNumber : INTEGER
    0, -- currentLaterParameterLabelColumn : INTEGER
    "ba5eda7a-def5-0000-0000-000000000004", -- DT_ID : UNIQUE_ID
    "422008ca-1c0f-4218-b2ea-2245b091b5c5" -- Block_ID : UNIQUE_ID
);
INSERT INTO V_VAL VALUES (
    "8121df0d-632f-49e3-9fef-80300da2bd24", -- Value_ID : UNIQUE_ID
    0, -- isLValue : BOOLEAN
    0, -- isImplicit : BOOLEAN
    2, -- LineNumber : INTEGER
    44, -- StartPosition : INTEGER
    46, -- EndPosition : INTEGER
    0, -- firstParameterLabelLineNumber : INTEGER
    0, -- firstParameterLabelColumn : INTEGER
    0, -- currentLaterParameterLabelLineNumber : INTEGER
    0, -- currentLaterParameterLabelColumn : INTEGER
    "ba5eda7a-def5-0000-0000-000000000004", -- DT_ID : UNIQUE_ID
    "422008ca-1c0f-4218-b2ea-2245b091b5c5" -- Block_ID : UNIQUE_ID
);
INSERT INTO V_VAL VALUES (
    "81e437ae-ae8a-4939-ab88-7d659552bbed", -- Value_ID : UNIQUE_ID
    0, -- isLValue : BOOLEAN
    0, -- isImplicit : BOOLEAN
    2, -- LineNumber : INTEGER
    33, -- StartPosition : INTEGER
    39, -- EndPosition : INTEGER
    0, -- firstParameterLabelLineNumber : INTEGER
    0, -- firstParameterLabelColumn : INTEGER
    0, -- currentLaterParameterLabelLineNumber : INTEGER
    0, -- currentLaterParameterLabelColumn : INTEGER
    "ba5eda7a-def5-0000-0000-000000000004", -- DT_ID : UNIQUE_ID
    "422008ca-1c0f-4218-b2ea-2245b091b5c5" -- Block_ID : UNIQUE_ID
);
INSERT INTO V_VAL VALUES (
    "286d5735-84bd-4231-8c85-90c14d5b5adc", -- Value_ID : UNIQUE_ID
    0, -- isLValue : BOOLEAN
    0, -- isImplicit : BOOLEAN
    2, -- LineNumber : INTEGER
    41, -- StartPosition : INTEGER
    41, -- EndPosition : INTEGER
    0, -- firstParameterLabelLineNumber : INTEGER
    0, -- firstParameterLabelColumn : INTEGER
    0, -- currentLaterParameterLabelLineNumber : INTEGER
    0, -- currentLaterParameterLabelColumn : INTEGER
    "ba5eda7a-def5-0000-0000-000000000002", -- DT_ID : UNIQUE_ID
    "422008ca-1c0f-4218-b2ea-2245b091b5c5" -- Block_ID : UNIQUE_ID
);
INSERT INTO V_VAL VALUES (
    "dedab40b-0b1d-4812-96b0-83a861d71a95", -- Value_ID : UNIQUE_ID
    1, -- isLValue : BOOLEAN
    0, -- isImplicit : BOOLEAN
    2, -- LineNumber : INTEGER
    33, -- StartPosition : INTEGER
    42, -- EndPosition : INTEGER
    0, -- firstParameterLabelLineNumber : INTEGER
    0, -- firstParameterLabelColumn : INTEGER
    0, -- currentLaterParameterLabelLineNumber : INTEGER
    0, -- currentLaterParameterLabelColumn : INTEGER
    "ba5eda7a-def5-0000-0000-000000000004", -- DT_ID : UNIQUE_ID
    "422008ca-1c0f-4218-b2ea-2245b091b5c5" -- Block_ID : UNIQUE_ID
);
INSERT INTO V_VAL VALUES (
    "40f7479d-e057-4130-b30b-5199e16d2e30", -- Value_ID : UNIQUE_ID
    0, -- isLValue : BOOLEAN
    0, -- isImplicit : BOOLEAN
    2, -- LineNumber : INTEGER
    60, -- StartPosition : INTEGER
    62, -- EndPosition : INTEGER
    0, -- firstParameterLabelLineNumber : INTEGER
    0, -- firstParameterLabelColumn : INTEGER
    0, -- currentLaterParameterLabelLineNumber : INTEGER
    0, -- currentLaterParameterLabelColumn : INTEGER
    "ba5eda7a-def5-0000-0000-000000000004", -- DT_ID : UNIQUE_ID
    "422008ca-1c0f-4218-b2ea-2245b091b5c5" -- Block_ID : UNIQUE_ID
);
INSERT INTO V_VAL VALUES (
    "fa3a7fcb-314f-4ba4-be11-3d063129b6cc", -- Value_ID : UNIQUE_ID
    0, -- isLValue : BOOLEAN
    0, -- isImplicit : BOOLEAN
    2, -- LineNumber : INTEGER
    49, -- StartPosition : INTEGER
    55, -- EndPosition : INTEGER
    0, -- firstParameterLabelLineNumber : INTEGER
    0, -- firstParameterLabelColumn : INTEGER
    0, -- currentLaterParameterLabelLineNumber : INTEGER
    0, -- currentLaterParameterLabelColumn : INTEGER
    "ba5eda7a-def5-0000-0000-000000000004", -- DT_ID : UNIQUE_ID
    "422008ca-1c0f-4218-b2ea-2245b091b5c5" -- Block_ID : UNIQUE_ID
);
INSERT INTO V_VAL VALUES (
    "602e9bcb-64df-468c-8238-cbda35dadd6d", -- Value_ID : UNIQUE_ID
    0, -- isLValue : BOOLEAN
    0, -- isImplicit : BOOLEAN
    2, -- LineNumber : INTEGER
    57, -- StartPosition : INTEGER
    57, -- EndPosition : INTEGER
    0, -- firstParameterLabelLineNumber : INTEGER
    0, -- firstParameterLabelColumn : INTEGER
    0, -- currentLaterParameterLabelLineNumber : INTEGER
    0, -- currentLaterParameterLabelColumn : INTEGER
    "ba5eda7a-def5-0000-0000-000000000002", -- DT_ID : UNIQUE_ID
    "422008ca-1c0f-4218-b2ea-2245b091b5c5" -- Block_ID : UNIQUE_ID
);
INSERT INTO V_VAL VALUES (
    "25c97d78-02d9-44c1-bde3-c079f67ecf16", -- Value_ID : UNIQUE_ID
    1, -- isLValue : BOOLEAN
    0, -- isImplicit : BOOLEAN
    2, -- LineNumber : INTEGER
    49, -- StartPosition : INTEGER
    58, -- EndPosition : INTEGER
    0, -- firstParameterLabelLineNumber : INTEGER
    0, -- firstParameterLabelColumn : INTEGER
    0, -- currentLaterParameterLabelLineNumber : INTEGER
    0, -- currentLaterParameterLabelColumn : INTEGER
    "ba5eda7a-def5-0000-0000-000000000004", -- DT_ID : UNIQUE_ID
    "422008ca-1c0f-4218-b2ea-2245b091b5c5" -- Block_ID : UNIQUE_ID
);
INSERT INTO V_VAL VALUES (
    "de6fcb98-6f91-4e2f-ab66-01b0677b88f6", -- Value_ID : UNIQUE_ID
    0, -- isLValue : BOOLEAN
    0, -- isImplicit : BOOLEAN
    2, -- LineNumber : INTEGER
    76, -- StartPosition : INTEGER
    78, -- EndPosition : INTEGER
    0, -- firstParameterLabelLineNumber : INTEGER
    0, -- firstParameterLabelColumn : INTEGER
    0, -- currentLaterParameterLabelLineNumber : INTEGER
    0, -- currentLaterParameterLabelColumn : INTEGER
    "ba5eda7a-def5-0000-0000-000000000004", -- DT_ID : UNIQUE_ID
    "422008ca-1c0f-4218-b2ea-2245b091b5c5" -- Block_ID : UNIQUE_ID
);
INSERT INTO V_VAL VALUES (
    "ac8330c9-af24-401d-a8ad-c01afe7635aa", -- Value_ID : UNIQUE_ID
    0, -- isLValue : BOOLEAN
    0, -- isImplicit : BOOLEAN
    2, -- LineNumber : INTEGER
    65, -- StartPosition : INTEGER
    71, -- EndPosition : INTEGER
    0, -- firstParameterLabelLineNumber : INTEGER
    0, -- firstParameterLabelColumn : INTEGER
    0, -- currentLaterParameterLabelLineNumber : INTEGER
    0, -- currentLaterParameterLabelColumn : INTEGER
    "ba5eda7a-def5-0000-0000-000000000004", -- DT_ID : UNIQUE_ID
    "422008ca-1c0f-4218-b2ea-2245b091b5c5" -- Block_ID : UNIQUE_ID
);
INSERT INTO V_VAL VALUES (
    "3c83911e-021a-4056-900b-69f451844b21", -- Value_ID : UNIQUE_ID
    0, -- isLValue : BOOLEAN
    0, -- isImplicit : BOOLEAN
    2, -- LineNumber : INTEGER
    73, -- StartPosition : INTEGER
    73, -- EndPosition : INTEGER
    0, -- firstParameterLabelLineNumber : INTEGER
    0, -- firstParameterLabelColumn : INTEGER
    0, -- currentLaterParameterLabelLineNumber : INTEGER
    0, -- currentLaterParameterLabelColumn : INTEGER
    "ba5eda7a-def5-0000-0000-000000000002", -- DT_ID : UNIQUE_ID
    "422008ca-1c0f-4218-b2ea-2245b091b5c5" -- Block_ID : UNIQUE_ID
);
INSERT INTO V_VAL VALUES (
    "037ffc59-8571-4e3a-b709-9a2d17cfb8e8", -- Value_ID : UNIQUE_ID
    1, -- isLValue : BOOLEAN
    0, -- isImplicit : BOOLEAN
    2, -- LineNumber : INTEGER
    65, -- StartPosition : INTEGER
    74, -- EndPosition : INTEGER
    0, -- firstParameterLabelLineNumber : INTEGER
    0, -- firstParameterLabelColumn : INTEGER
    0, -- currentLaterParameterLabelLineNumber : INTEGER
    0, -- currentLaterParameterLabelColumn : INTEGER
    "ba5eda7a-def5-0000-0000-000000000004", -- DT_ID : UNIQUE_ID
    "422008ca-1c0f-4218-b2ea-2245b091b5c5" -- Block_ID : UNIQUE_ID
);
INSERT INTO V_VAL VALUES (
    "45b80ede-29fd-40bd-87a9-f6140a2de97c", -- Value_ID : UNIQUE_ID
    0, -- isLValue : BOOLEAN
    0, -- isImplicit : BOOLEAN
    4, -- LineNumber : INTEGER
    5, -- StartPosition : INTEGER
    11, -- EndPosition : INTEGER
    0, -- firstParameterLabelLineNumber : INTEGER
    0, -- firstParameterLabelColumn : INTEGER
    0, -- currentLaterParameterLabelLineNumber : INTEGER
    0, -- currentLaterParameterLabelColumn : INTEGER
    "ba5eda7a-def5-0000-0000-000000000002", -- DT_ID : UNIQUE_ID
    "422008ca-1c0f-4218-b2ea-2245b091b5c5" -- Block_ID : UNIQUE_ID
);
INSERT INTO V_VAL VALUES (
    "bcddb9ac-fe3a-4f0c-a57a-753069bf9d46", -- Value_ID : UNIQUE_ID
    1, -- isLValue : BOOLEAN
    1, -- isImplicit : BOOLEAN
    4, -- LineNumber : INTEGER
    1, -- StartPosition : INTEGER
    1, -- EndPosition : INTEGER
    0, -- firstParameterLabelLineNumber : INTEGER
    0, -- firstParameterLabelColumn : INTEGER
    0, -- currentLaterParameterLabelLineNumber : INTEGER
    0, -- currentLaterParameterLabelColumn : INTEGER
    "ba5eda7a-def5-0000-0000-000000000002", -- DT_ID : UNIQUE_ID
    "422008ca-1c0f-4218-b2ea-2245b091b5c5" -- Block_ID : UNIQUE_ID
);
INSERT INTO V_VAL VALUES (
    "748f5e16-b88a-41c5-81cf-3c9dec446404", -- Value_ID : UNIQUE_ID
    0, -- isLValue : BOOLEAN
    0, -- isImplicit : BOOLEAN
    4, -- LineNumber : INTEGER
    18, -- StartPosition : INTEGER
    19, -- EndPosition : INTEGER
    0, -- firstParameterLabelLineNumber : INTEGER
    0, -- firstParameterLabelColumn : INTEGER
    0, -- currentLaterParameterLabelLineNumber : INTEGER
    0, -- currentLaterParameterLabelColumn : INTEGER
    "ba5eda7a-def5-0000-0000-000000000004", -- DT_ID : UNIQUE_ID
    "422008ca-1c0f-4218-b2ea-2245b091b5c5" -- Block_ID : UNIQUE_ID
);
INSERT INTO V_VAL VALUES (
    "e07e82a9-6131-42a4-873d-47bc7a6f4b91", -- Value_ID : UNIQUE_ID
    1, -- isLValue : BOOLEAN
    1, -- isImplicit : BOOLEAN
    4, -- LineNumber : INTEGER
    14, -- StartPosition : INTEGER
    14, -- EndPosition : INTEGER
    0, -- firstParameterLabelLineNumber : INTEGER
    0, -- firstParameterLabelColumn : INTEGER
    0, -- currentLaterParameterLabelLineNumber : INTEGER
    0, -- currentLaterParameterLabelColumn : INTEGER
    "ba5eda7a-def5-0000-0000-000000000004", -- DT_ID : UNIQUE_ID
    "422008ca-1c0f-4218-b2ea-2245b091b5c5" -- Block_ID : UNIQUE_ID
);
INSERT INTO V_VAL VALUES (
    "0907a8bf-8155-4835-a86a-99a2e9cc9fba", -- Value_ID : UNIQUE_ID
    0, -- isLValue : BOOLEAN
    0, -- isImplicit : BOOLEAN
    5, -- LineNumber : INTEGER
    9, -- StartPosition : INTEGER
    9, -- EndPosition : INTEGER
    0, -- firstParameterLabelLineNumber : INTEGER
    0, -- firstParameterLabelColumn : INTEGER
    0, -- currentLaterParameterLabelLineNumber : INTEGER
    0, -- currentLaterParameterLabelColumn : INTEGER
    "ba5eda7a-def5-0000-0000-000000000002", -- DT_ID : UNIQUE_ID
    "422008ca-1c0f-4218-b2ea-2245b091b5c5" -- Block_ID : UNIQUE_ID
);
INSERT INTO V_VAL VALUES (
    "8d1ec90c-2eb6-4f77-a715-b6c6c5b54c10", -- Value_ID : UNIQUE_ID
    0, -- isLValue : BOOLEAN
    0, -- isImplicit : BOOLEAN
    5, -- LineNumber : INTEGER
    14, -- StartPosition : INTEGER
    14, -- EndPosition : INTEGER
    0, -- firstParameterLabelLineNumber : INTEGER
    0, -- firstParameterLabelColumn : INTEGER
    0, -- currentLaterParameterLabelLineNumber : INTEGER
    0, -- currentLaterParameterLabelColumn : INTEGER
    "ba5eda7a-def5-0000-0000-000000000002", -- DT_ID : UNIQUE_ID
    "422008ca-1c0f-4218-b2ea-2245b091b5c5" -- Block_ID : UNIQUE_ID
);
INSERT INTO V_VAL VALUES (
    "814dc5bd-6d39-41fb-97f6-471931b1448c", -- Value_ID : UNIQUE_ID
    0, -- isLValue : BOOLEAN
    0, -- isImplicit : BOOLEAN
    5, -- LineNumber : INTEGER
    7, -- StartPosition : INTEGER
    16, -- EndPosition : INTEGER
    0, -- firstParameterLabelLineNumber : INTEGER
    0, -- firstParameterLabelColumn : INTEGER
    0, -- currentLaterParameterLabelLineNumber : INTEGER
    0, -- currentLaterParameterLabelColumn : INTEGER
    "ba5eda7a-def5-0000-0000-000000000001", -- DT_ID : UNIQUE_ID
    "422008ca-1c0f-4218-b2ea-2245b091b5c5" -- Block_ID : UNIQUE_ID
);
INSERT INTO V_VAL VALUES (
    "34802c63-a914-4c5a-9d6a-9cc4943c62cd", -- Value_ID : UNIQUE_ID
    0, -- isLValue : BOOLEAN
    0, -- isImplicit : BOOLEAN
    6, -- LineNumber : INTEGER
    7, -- StartPosition : INTEGER
    7, -- EndPosition : INTEGER
    0, -- firstParameterLabelLineNumber : INTEGER
    0, -- firstParameterLabelColumn : INTEGER
    0, -- currentLaterParameterLabelLineNumber : INTEGER
    0, -- currentLaterParameterLabelColumn : INTEGER
    "ba5eda7a-def5-0000-0000-000000000002", -- DT_ID : UNIQUE_ID
    "cdb5a962-2f82-46e7-8199-76d53cc946fc" -- Block_ID : UNIQUE_ID
);
INSERT INTO V_VAL VALUES (
    "20340651-00ed-4b38-8f2f-e4ccc148313a", -- Value_ID : UNIQUE_ID
    0, -- isLValue : BOOLEAN
    0, -- isImplicit : BOOLEAN
    6, -- LineNumber : INTEGER
    11, -- StartPosition : INTEGER
    12, -- EndPosition : INTEGER
    0, -- firstParameterLabelLineNumber : INTEGER
    0, -- firstParameterLabelColumn : INTEGER
    0, -- currentLaterParameterLabelLineNumber : INTEGER
    0, -- currentLaterParameterLabelColumn : INTEGER
    "ba5eda7a-def5-0000-0000-000000000002", -- DT_ID : UNIQUE_ID
    "cdb5a962-2f82-46e7-8199-76d53cc946fc" -- Block_ID : UNIQUE_ID
);
INSERT INTO V_VAL VALUES (
    "946a103d-6793-4501-b7db-fada463055df", -- Value_ID : UNIQUE_ID
    0, -- isLValue : BOOLEAN
    0, -- isImplicit : BOOLEAN
    6, -- LineNumber : INTEGER
    7, -- StartPosition : INTEGER
    12, -- EndPosition : INTEGER
    0, -- firstParameterLabelLineNumber : INTEGER
    0, -- firstParameterLabelColumn : INTEGER
    0, -- currentLaterParameterLabelLineNumber : INTEGER
    0, -- currentLaterParameterLabelColumn : INTEGER
    "ba5eda7a-def5-0000-0000-000000000002", -- DT_ID : UNIQUE_ID
    "cdb5a962-2f82-46e7-8199-76d53cc946fc" -- Block_ID : UNIQUE_ID
);
INSERT INTO V_VAL VALUES (
    "0758e3b2-1acd-400c-975d-899d3e615949", -- Value_ID : UNIQUE_ID
    1, -- isLValue : BOOLEAN
    1, -- isImplicit : BOOLEAN
    6, -- LineNumber : INTEGER
    3, -- StartPosition : INTEGER
    3, -- EndPosition : INTEGER
    0, -- firstParameterLabelLineNumber : INTEGER
    0, -- firstParameterLabelColumn : INTEGER
    0, -- currentLaterParameterLabelLineNumber : INTEGER
    0, -- currentLaterParameterLabelColumn : INTEGER
    "ba5eda7a-def5-0000-0000-000000000002", -- DT_ID : UNIQUE_ID
    "cdb5a962-2f82-46e7-8199-76d53cc946fc" -- Block_ID : UNIQUE_ID
);
INSERT INTO V_VAL VALUES (
    "3a7fad93-737d-4618-b363-a4988e7bce2f", -- Value_ID : UNIQUE_ID
    0, -- isLValue : BOOLEAN
    0, -- isImplicit : BOOLEAN
    7, -- LineNumber : INTEGER
    7, -- StartPosition : INTEGER
    7, -- EndPosition : INTEGER
    0, -- firstParameterLabelLineNumber : INTEGER
    0, -- firstParameterLabelColumn : INTEGER
    0, -- currentLaterParameterLabelLineNumber : INTEGER
    0, -- currentLaterParameterLabelColumn : INTEGER
    "ba5eda7a-def5-0000-0000-000000000002", -- DT_ID : UNIQUE_ID
    "cdb5a962-2f82-46e7-8199-76d53cc946fc" -- Block_ID : UNIQUE_ID
);
INSERT INTO V_VAL VALUES (
    "37aa9bf1-a6f1-473d-a7c3-3a8ae668f4d1", -- Value_ID : UNIQUE_ID
    0, -- isLValue : BOOLEAN
    0, -- isImplicit : BOOLEAN
    7, -- LineNumber : INTEGER
    11, -- StartPosition : INTEGER
    12, -- EndPosition : INTEGER
    0, -- firstParameterLabelLineNumber : INTEGER
    0, -- firstParameterLabelColumn : INTEGER
    0, -- currentLaterParameterLabelLineNumber : INTEGER
    0, -- currentLaterParameterLabelColumn : INTEGER
    "ba5eda7a-def5-0000-0000-000000000002", -- DT_ID : UNIQUE_ID
    "cdb5a962-2f82-46e7-8199-76d53cc946fc" -- Block_ID : UNIQUE_ID
);
INSERT INTO V_VAL VALUES (
    "60ac6314-3279-4cab-9eb5-58b17eec63a4", -- Value_ID : UNIQUE_ID
    0, -- isLValue : BOOLEAN
    0, -- isImplicit : BOOLEAN
    7, -- LineNumber : INTEGER
    7, -- StartPosition : INTEGER
    12, -- EndPosition : INTEGER
    0, -- firstParameterLabelLineNumber : INTEGER
    0, -- firstParameterLabelColumn : INTEGER
    0, -- currentLaterParameterLabelLineNumber : INTEGER
    0, -- currentLaterParameterLabelColumn : INTEGER
    "ba5eda7a-def5-0000-0000-000000000002", -- DT_ID : UNIQUE_ID
    "cdb5a962-2f82-46e7-8199-76d53cc946fc" -- Block_ID : UNIQUE_ID
);
INSERT INTO V_VAL VALUES (
    "74583282-fe58-42ff-bfb0-50982b601bad", -- Value_ID : UNIQUE_ID
    1, -- isLValue : BOOLEAN
    0, -- isImplicit : BOOLEAN
    7, -- LineNumber : INTEGER
    3, -- StartPosition : INTEGER
    3, -- EndPosition : INTEGER
    0, -- firstParameterLabelLineNumber : INTEGER
    0, -- firstParameterLabelColumn : INTEGER
    0, -- currentLaterParameterLabelLineNumber : INTEGER
    0, -- currentLaterParameterLabelColumn : INTEGER
    "ba5eda7a-def5-0000-0000-000000000002", -- DT_ID : UNIQUE_ID
    "cdb5a962-2f82-46e7-8199-76d53cc946fc" -- Block_ID : UNIQUE_ID
);
INSERT INTO V_VAL VALUES (
    "6c81894a-e7e6-4cff-ae54-dd28ba473919", -- Value_ID : UNIQUE_ID
    0, -- isLValue : BOOLEAN
    0, -- isImplicit : BOOLEAN
    8, -- LineNumber : INTEGER
    7, -- StartPosition : INTEGER
    13, -- EndPosition : INTEGER
    0, -- firstParameterLabelLineNumber : INTEGER
    0, -- firstParameterLabelColumn : INTEGER
    0, -- currentLaterParameterLabelLineNumber : INTEGER
    0, -- currentLaterParameterLabelColumn : INTEGER
    "ba5eda7a-def5-0000-0000-000000000004", -- DT_ID : UNIQUE_ID
    "cdb5a962-2f82-46e7-8199-76d53cc946fc" -- Block_ID : UNIQUE_ID
);
INSERT INTO V_VAL VALUES (
    "9c33ab99-1ba7-4961-b1ad-b280e3ad0130", -- Value_ID : UNIQUE_ID
    0, -- isLValue : BOOLEAN
    0, -- isImplicit : BOOLEAN
    8, -- LineNumber : INTEGER
    16, -- StartPosition : INTEGER
    16, -- EndPosition : INTEGER
    0, -- firstParameterLabelLineNumber : INTEGER
    0, -- firstParameterLabelColumn : INTEGER
    0, -- currentLaterParameterLabelLineNumber : INTEGER
    0, -- currentLaterParameterLabelColumn : INTEGER
    "ba5eda7a-def5-0000-0000-000000000002", -- DT_ID : UNIQUE_ID
    "cdb5a962-2f82-46e7-8199-76d53cc946fc" -- Block_ID : UNIQUE_ID
);
INSERT INTO V_VAL VALUES (
    "9ed521fa-1767-4fe2-99cb-ca1e82d41379", -- Value_ID : UNIQUE_ID
    0, -- isLValue : BOOLEAN
    0, -- isImplicit : BOOLEAN
    8, -- LineNumber : INTEGER
    7, -- StartPosition : INTEGER
    18, -- EndPosition : INTEGER
    0, -- firstParameterLabelLineNumber : INTEGER
    0, -- firstParameterLabelColumn : INTEGER
    0, -- currentLaterParameterLabelLineNumber : INTEGER
    0, -- currentLaterParameterLabelColumn : INTEGER
    "ba5eda7a-def5-0000-0000-000000000004", -- DT_ID : UNIQUE_ID
    "cdb5a962-2f82-46e7-8199-76d53cc946fc" -- Block_ID : UNIQUE_ID
);
INSERT INTO V_VAL VALUES (
    "f8759601-bbdc-4e49-9a8d-768d185b90ab", -- Value_ID : UNIQUE_ID
    0, -- isLValue : BOOLEAN
    0, -- isImplicit : BOOLEAN
    8, -- LineNumber : INTEGER
    22, -- StartPosition : INTEGER
    22, -- EndPosition : INTEGER
    0, -- firstParameterLabelLineNumber : INTEGER
    0, -- firstParameterLabelColumn : INTEGER
    0, -- currentLaterParameterLabelLineNumber : INTEGER
    0, -- currentLaterParameterLabelColumn : INTEGER
    "ba5eda7a-def5-0000-0000-000000000004", -- DT_ID : UNIQUE_ID
    "cdb5a962-2f82-46e7-8199-76d53cc946fc" -- Block_ID : UNIQUE_ID
);
INSERT INTO V_VAL VALUES (
    "46838f31-7915-43b9-bb61-79467a8ac5f0", -- Value_ID : UNIQUE_ID
    0, -- isLValue : BOOLEAN
    0, -- isImplicit : BOOLEAN
    8, -- LineNumber : INTEGER
    7, -- StartPosition : INTEGER
    22, -- EndPosition : INTEGER
    0, -- firstParameterLabelLineNumber : INTEGER
    0, -- firstParameterLabelColumn : INTEGER
    0, -- currentLaterParameterLabelLineNumber : INTEGER
    0, -- currentLaterParameterLabelColumn : INTEGER
    "ba5eda7a-def5-0000-0000-000000000004", -- DT_ID : UNIQUE_ID
    "cdb5a962-2f82-46e7-8199-76d53cc946fc" -- Block_ID : UNIQUE_ID
);
INSERT INTO V_VAL VALUES (
    "859ebe88-0f2c-4d74-8e16-9a09f7a7d621", -- Value_ID : UNIQUE_ID
    1, -- isLValue : BOOLEAN
    0, -- isImplicit : BOOLEAN
    8, -- LineNumber : INTEGER
    3, -- StartPosition : INTEGER
    3, -- EndPosition : INTEGER
    0, -- firstParameterLabelLineNumber : INTEGER
    0, -- firstParameterLabelColumn : INTEGER
    0, -- currentLaterParameterLabelLineNumber : INTEGER
    0, -- currentLaterParameterLabelColumn : INTEGER
    "ba5eda7a-def5-0000-0000-000000000004", -- DT_ID : UNIQUE_ID
    "cdb5a962-2f82-46e7-8199-76d53cc946fc" -- Block_ID : UNIQUE_ID
);
INSERT INTO V_VAL VALUES (
    "c64b9939-5ed4-480c-b8eb-65641f2ecbb6", -- Value_ID : UNIQUE_ID
    0, -- isLValue : BOOLEAN
    0, -- isImplicit : BOOLEAN
    11, -- LineNumber : INTEGER
    8, -- StartPosition : INTEGER
    8, -- EndPosition : INTEGER
    0, -- firstParameterLabelLineNumber : INTEGER
    0, -- firstParameterLabelColumn : INTEGER
    0, -- currentLaterParameterLabelLineNumber : INTEGER
    0, -- currentLaterParameterLabelColumn : INTEGER
    "ba5eda7a-def5-0000-0000-000000000004", -- DT_ID : UNIQUE_ID
    "422008ca-1c0f-4218-b2ea-2245b091b5c5" -- Block_ID : UNIQUE_ID
);
INSERT INTO V_VAL VALUES (
    "f8258cbc-ff92-4b3a-b510-7fb5a049938d", -- Value_ID : UNIQUE_ID
    0, -- isLValue : BOOLEAN
    0, -- isImplicit : BOOLEAN
    1, -- LineNumber : INTEGER
    8, -- StartPosition : INTEGER
    8, -- EndPosition : INTEGER
    0, -- firstParameterLabelLineNumber : INTEGER
    0, -- firstParameterLabelColumn : INTEGER
    0, -- currentLaterParameterLabelLineNumber : INTEGER
    0, -- currentLaterParameterLabelColumn : INTEGER
    "ba5eda7a-def5-0000-0000-000000000002", -- DT_ID : UNIQUE_ID
    "9a21fef8-0491-46eb-a312-bfb3974f7ef7" -- Block_ID : UNIQUE_ID
);
INSERT INTO V_VAL VALUES (
    "451f2af6-45a9-4713-93d4-dfc9b63edfa9", -- Value_ID : UNIQUE_ID
    0, -- isLValue : BOOLEAN
    0, -- isImplicit : BOOLEAN
    1, -- LineNumber : INTEGER
    8, -- StartPosition : INTEGER
    11, -- EndPosition : INTEGER
    0, -- firstParameterLabelLineNumber : INTEGER
    0, -- firstParameterLabelColumn : INTEGER
    0, -- currentLaterParameterLabelLineNumber : INTEGER
    0, -- currentLaterParameterLabelColumn : INTEGER
    "ba5eda7a-def5-0000-0000-000000000001", -- DT_ID : UNIQUE_ID
    "0ac1cf28-52ed-43ef-b29e-2264d8943783" -- Block_ID : UNIQUE_ID
);
INSERT INTO V_VAL VALUES (
    "d3b0d200-33ae-40e0-bf23-94439e355966", -- Value_ID : UNIQUE_ID
    0, -- isLValue : BOOLEAN
    0, -- isImplicit : BOOLEAN
    1, -- LineNumber : INTEGER
    8, -- StartPosition : INTEGER
    11, -- EndPosition : INTEGER
    0, -- firstParameterLabelLineNumber : INTEGER
    0, -- firstParameterLabelColumn : INTEGER
    0, -- currentLaterParameterLabelLineNumber : INTEGER
    0, -- currentLaterParameterLabelColumn : INTEGER
    "ba5eda7a-def5-0000-0000-000000000001", -- DT_ID : UNIQUE_ID
    "a43d8784-de73-45a5-9bbd-f46c4f709d4c" -- Block_ID : UNIQUE_ID
);
INSERT INTO V_VAL VALUES (
    "8be5a86d-0c8a-4576-9ed4-5e413cf05199", -- Value_ID : UNIQUE_ID
    0, -- isLValue : BOOLEAN
    0, -- isImplicit : BOOLEAN
    2, -- LineNumber : INTEGER
    9, -- StartPosition : INTEGER
    22, -- EndPosition : INTEGER
    0, -- firstParameterLabelLineNumber : INTEGER
    0, -- firstParameterLabelColumn : INTEGER
    0, -- currentLaterParameterLabelLineNumber : INTEGER
    0, -- currentLaterParameterLabelColumn : INTEGER
    "ba5eda7a-def5-0000-0000-000000000004", -- DT_ID : UNIQUE_ID
    "f7a2fee9-9693-4626-9061-80c47757f998" -- Block_ID : UNIQUE_ID
);
INSERT INTO V_VAL VALUES (
    "3f727d70-522b-451c-8d4c-d1272de9f1bb", -- Value_ID : UNIQUE_ID
    1, -- isLValue : BOOLEAN
    1, -- isImplicit : BOOLEAN
    2, -- LineNumber : INTEGER
    2, -- StartPosition : INTEGER
    6, -- EndPosition : INTEGER
    0, -- firstParameterLabelLineNumber : INTEGER
    0, -- firstParameterLabelColumn : INTEGER
    0, -- currentLaterParameterLabelLineNumber : INTEGER
    0, -- currentLaterParameterLabelColumn : INTEGER
    "ba5eda7a-def5-0000-0000-000000000004", -- DT_ID : UNIQUE_ID
    "f7a2fee9-9693-4626-9061-80c47757f998" -- Block_ID : UNIQUE_ID
);
INSERT INTO V_VAL VALUES (
    "8e6fad88-aa78-4019-b235-dd10e90655eb", -- Value_ID : UNIQUE_ID
    0, -- isLValue : BOOLEAN
    0, -- isImplicit : BOOLEAN
    3, -- LineNumber : INTEGER
    10, -- StartPosition : INTEGER
    23, -- EndPosition : INTEGER
    0, -- firstParameterLabelLineNumber : INTEGER
    0, -- firstParameterLabelColumn : INTEGER
    0, -- currentLaterParameterLabelLineNumber : INTEGER
    0, -- currentLaterParameterLabelColumn : INTEGER
    "ba5eda7a-def5-0000-0000-000000000004", -- DT_ID : UNIQUE_ID
    "f7a2fee9-9693-4626-9061-80c47757f998" -- Block_ID : UNIQUE_ID
);
INSERT INTO V_VAL VALUES (
    "3e33c4ad-5fa7-4054-8c22-e0307cdcb6e6", -- Value_ID : UNIQUE_ID
    1, -- isLValue : BOOLEAN
    1, -- isImplicit : BOOLEAN
    3, -- LineNumber : INTEGER
    2, -- StartPosition : INTEGER
    6, -- EndPosition : INTEGER
    0, -- firstParameterLabelLineNumber : INTEGER
    0, -- firstParameterLabelColumn : INTEGER
    0, -- currentLaterParameterLabelLineNumber : INTEGER
    0, -- currentLaterParameterLabelColumn : INTEGER
    "ba5eda7a-def5-0000-0000-000000000004", -- DT_ID : UNIQUE_ID
    "f7a2fee9-9693-4626-9061-80c47757f998" -- Block_ID : UNIQUE_ID
);
INSERT INTO V_VAL VALUES (
    "5b605618-2d21-411f-98e8-29f94f3fe288", -- Value_ID : UNIQUE_ID
    0, -- isLValue : BOOLEAN
    0, -- isImplicit : BOOLEAN
    4, -- LineNumber : INTEGER
    16, -- StartPosition : INTEGER
    35, -- EndPosition : INTEGER
    0, -- firstParameterLabelLineNumber : INTEGER
    0, -- firstParameterLabelColumn : INTEGER
    0, -- currentLaterParameterLabelLineNumber : INTEGER
    0, -- currentLaterParameterLabelColumn : INTEGER
    "ba5eda7a-def5-0000-0000-000000000002", -- DT_ID : UNIQUE_ID
    "f7a2fee9-9693-4626-9061-80c47757f998" -- Block_ID : UNIQUE_ID
);
INSERT INTO V_VAL VALUES (
    "f2a2a559-0b15-405a-b420-b187ebd95c02", -- Value_ID : UNIQUE_ID
    1, -- isLValue : BOOLEAN
    1, -- isImplicit : BOOLEAN
    4, -- LineNumber : INTEGER
    2, -- StartPosition : INTEGER
    12, -- EndPosition : INTEGER
    0, -- firstParameterLabelLineNumber : INTEGER
    0, -- firstParameterLabelColumn : INTEGER
    0, -- currentLaterParameterLabelLineNumber : INTEGER
    0, -- currentLaterParameterLabelColumn : INTEGER
    "ba5eda7a-def5-0000-0000-000000000002", -- DT_ID : UNIQUE_ID
    "f7a2fee9-9693-4626-9061-80c47757f998" -- Block_ID : UNIQUE_ID
);
INSERT INTO V_VAL VALUES (
    "5960639d-dd99-43d2-883a-b41d74be22f2", -- Value_ID : UNIQUE_ID
    0, -- isLValue : BOOLEAN
    0, -- isImplicit : BOOLEAN
    6, -- LineNumber : INTEGER
    1, -- StartPosition : INTEGER
    78, -- EndPosition : INTEGER
    0, -- firstParameterLabelLineNumber : INTEGER
    0, -- firstParameterLabelColumn : INTEGER
    0, -- currentLaterParameterLabelLineNumber : INTEGER
    0, -- currentLaterParameterLabelColumn : INTEGER
    "ba5eda7a-def5-0000-0000-000000000000", -- DT_ID : UNIQUE_ID
    "f7a2fee9-9693-4626-9061-80c47757f998" -- Block_ID : UNIQUE_ID
);
INSERT INTO V_VAL VALUES (
    "0df91d55-505c-4a29-ba65-09a3ef66eb09", -- Value_ID : UNIQUE_ID
    0, -- isLValue : BOOLEAN
    0, -- isImplicit : BOOLEAN
    6, -- LineNumber : INTEGER
    23, -- StartPosition : INTEGER
    62, -- EndPosition : INTEGER
    0, -- firstParameterLabelLineNumber : INTEGER
    0, -- firstParameterLabelColumn : INTEGER
    0, -- currentLaterParameterLabelLineNumber : INTEGER
    0, -- currentLaterParameterLabelColumn : INTEGER
    "ba5eda7a-def5-0000-0000-000000000004", -- DT_ID : UNIQUE_ID
    "f7a2fee9-9693-4626-9061-80c47757f998" -- Block_ID : UNIQUE_ID
);
INSERT INTO V_VAL VALUES (
    "de03268d-a2cc-42eb-8876-8f6bb43ee065", -- Value_ID : UNIQUE_ID
    0, -- isLValue : BOOLEAN
    0, -- isImplicit : BOOLEAN
    6, -- LineNumber : INTEGER
    65, -- StartPosition : INTEGER
    69, -- EndPosition : INTEGER
    0, -- firstParameterLabelLineNumber : INTEGER
    0, -- firstParameterLabelColumn : INTEGER
    0, -- currentLaterParameterLabelLineNumber : INTEGER
    0, -- currentLaterParameterLabelColumn : INTEGER
    "ba5eda7a-def5-0000-0000-000000000004", -- DT_ID : UNIQUE_ID
    "f7a2fee9-9693-4626-9061-80c47757f998" -- Block_ID : UNIQUE_ID
);
INSERT INTO V_VAL VALUES (
    "f093728d-9135-4047-956f-9bd7d835a15d", -- Value_ID : UNIQUE_ID
    0, -- isLValue : BOOLEAN
    0, -- isImplicit : BOOLEAN
    6, -- LineNumber : INTEGER
    23, -- StartPosition : INTEGER
    69, -- EndPosition : INTEGER
    0, -- firstParameterLabelLineNumber : INTEGER
    0, -- firstParameterLabelColumn : INTEGER
    0, -- currentLaterParameterLabelLineNumber : INTEGER
    0, -- currentLaterParameterLabelColumn : INTEGER
    "ba5eda7a-def5-0000-0000-000000000004", -- DT_ID : UNIQUE_ID
    "f7a2fee9-9693-4626-9061-80c47757f998" -- Block_ID : UNIQUE_ID
);
INSERT INTO V_VAL VALUES (
    "188f66b2-2e73-421b-8d0c-5d86875f12f0", -- Value_ID : UNIQUE_ID
    0, -- isLValue : BOOLEAN
    0, -- isImplicit : BOOLEAN
    6, -- LineNumber : INTEGER
    73, -- StartPosition : INTEGER
    77, -- EndPosition : INTEGER
    0, -- firstParameterLabelLineNumber : INTEGER
    0, -- firstParameterLabelColumn : INTEGER
    0, -- currentLaterParameterLabelLineNumber : INTEGER
    0, -- currentLaterParameterLabelColumn : INTEGER
    "ba5eda7a-def5-0000-0000-000000000004", -- DT_ID : UNIQUE_ID
    "f7a2fee9-9693-4626-9061-80c47757f998" -- Block_ID : UNIQUE_ID
);
INSERT INTO V_VAL VALUES (
    "d2ade1ad-75d7-43b8-8e19-98049ebbe7de", -- Value_ID : UNIQUE_ID
    0, -- isLValue : BOOLEAN
    0, -- isImplicit : BOOLEAN
    6, -- LineNumber : INTEGER
    23, -- StartPosition : INTEGER
    77, -- EndPosition : INTEGER
    0, -- firstParameterLabelLineNumber : INTEGER
    0, -- firstParameterLabelColumn : INTEGER
    0, -- currentLaterParameterLabelLineNumber : INTEGER
    0, -- currentLaterParameterLabelColumn : INTEGER
    "ba5eda7a-def5-0000-0000-000000000004", -- DT_ID : UNIQUE_ID
    "f7a2fee9-9693-4626-9061-80c47757f998" -- Block_ID : UNIQUE_ID
);
INSERT INTO V_VAL VALUES (
    "1f3220fb-b218-43f4-935e-09af09567836", -- Value_ID : UNIQUE_ID
    0, -- isLValue : BOOLEAN
    0, -- isImplicit : BOOLEAN
    2, -- LineNumber : INTEGER
    14, -- StartPosition : INTEGER
    32, -- EndPosition : INTEGER
    0, -- firstParameterLabelLineNumber : INTEGER
    0, -- firstParameterLabelColumn : INTEGER
    0, -- currentLaterParameterLabelLineNumber : INTEGER
    0, -- currentLaterParameterLabelColumn : INTEGER
    "ba5eda7a-def5-0000-0000-00000000000e", -- DT_ID : UNIQUE_ID
    "b539ffc3-34e0-4bdf-801f-4fcd48d1dbe8" -- Block_ID : UNIQUE_ID
);
INSERT INTO V_VAL VALUES (
    "18ae78ae-8730-486e-add0-6135b6b0456b", -- Value_ID : UNIQUE_ID
    1, -- isLValue : BOOLEAN
    1, -- isImplicit : BOOLEAN
    2, -- LineNumber : INTEGER
    1, -- StartPosition : INTEGER
    10, -- EndPosition : INTEGER
    0, -- firstParameterLabelLineNumber : INTEGER
    0, -- firstParameterLabelColumn : INTEGER
    0, -- currentLaterParameterLabelLineNumber : INTEGER
    0, -- currentLaterParameterLabelColumn : INTEGER
    "ba5eda7a-def5-0000-0000-00000000000e", -- DT_ID : UNIQUE_ID
    "b539ffc3-34e0-4bdf-801f-4fcd48d1dbe8" -- Block_ID : UNIQUE_ID
);
INSERT INTO V_VAL VALUES (
    "4ff95923-1ec7-4d23-a34c-04dc10a0a10d", -- Value_ID : UNIQUE_ID
    0, -- isLValue : BOOLEAN
    0, -- isImplicit : BOOLEAN
    3, -- LineNumber : INTEGER
    1, -- StartPosition : INTEGER
    52, -- EndPosition : INTEGER
    0, -- firstParameterLabelLineNumber : INTEGER
    0, -- firstParameterLabelColumn : INTEGER
    0, -- currentLaterParameterLabelLineNumber : INTEGER
    0, -- currentLaterParameterLabelColumn : INTEGER
    "ba5eda7a-def5-0000-0000-000000000000", -- DT_ID : UNIQUE_ID
    "b539ffc3-34e0-4bdf-801f-4fcd48d1dbe8" -- Block_ID : UNIQUE_ID
);
INSERT INTO V_VAL VALUES (
    "4d240129-8a48-4451-992c-a04c028d473d", -- Value_ID : UNIQUE_ID
    0, -- isLValue : BOOLEAN
    0, -- isImplicit : BOOLEAN
    3, -- LineNumber : INTEGER
    23, -- StartPosition : INTEGER
    50, -- EndPosition : INTEGER
    0, -- firstParameterLabelLineNumber : INTEGER
    0, -- firstParameterLabelColumn : INTEGER
    0, -- currentLaterParameterLabelLineNumber : INTEGER
    0, -- currentLaterParameterLabelColumn : INTEGER
    "ba5eda7a-def5-0000-0000-000000000004", -- DT_ID : UNIQUE_ID
    "b539ffc3-34e0-4bdf-801f-4fcd48d1dbe8" -- Block_ID : UNIQUE_ID
);
INSERT INTO V_VAL VALUES (
    "29ac6487-54bd-4cdb-80be-a9432fc49698", -- Value_ID : UNIQUE_ID
    0, -- isLValue : BOOLEAN
    0, -- isImplicit : BOOLEAN
    2, -- LineNumber : INTEGER
    54, -- StartPosition : INTEGER
    61, -- EndPosition : INTEGER
    0, -- firstParameterLabelLineNumber : INTEGER
    0, -- firstParameterLabelColumn : INTEGER
    0, -- currentLaterParameterLabelLineNumber : INTEGER
    0, -- currentLaterParameterLabelColumn : INTEGER
    "ba5eda7a-def5-0000-0000-000000000008", -- DT_ID : UNIQUE_ID
    "5afae02f-2be6-4a0b-9ee6-f07a0d3c4495" -- Block_ID : UNIQUE_ID
);
INSERT INTO V_VAL VALUES (
    "7698dac0-ae92-463f-818c-d346c919db7e", -- Value_ID : UNIQUE_ID
    0, -- isLValue : BOOLEAN
    0, -- isImplicit : BOOLEAN
    2, -- LineNumber : INTEGER
    54, -- StartPosition : INTEGER
    67, -- EndPosition : INTEGER
    0, -- firstParameterLabelLineNumber : INTEGER
    0, -- firstParameterLabelColumn : INTEGER
    0, -- currentLaterParameterLabelLineNumber : INTEGER
    0, -- currentLaterParameterLabelColumn : INTEGER
    "ba5eda7a-def5-0000-0000-000000000004", -- DT_ID : UNIQUE_ID
    "5afae02f-2be6-4a0b-9ee6-f07a0d3c4495" -- Block_ID : UNIQUE_ID
);
INSERT INTO V_VAL VALUES (
    "31d4cc99-9b70-4ba4-950a-3a782bb588ec", -- Value_ID : UNIQUE_ID
    0, -- isLValue : BOOLEAN
    0, -- isImplicit : BOOLEAN
    2, -- LineNumber : INTEGER
    70, -- StartPosition : INTEGER
    80, -- EndPosition : INTEGER
    0, -- firstParameterLabelLineNumber : INTEGER
    0, -- firstParameterLabelColumn : INTEGER
    0, -- currentLaterParameterLabelLineNumber : INTEGER
    0, -- currentLaterParameterLabelColumn : INTEGER
    "ba5eda7a-def5-0000-0000-000000000004", -- DT_ID : UNIQUE_ID
    "5afae02f-2be6-4a0b-9ee6-f07a0d3c4495" -- Block_ID : UNIQUE_ID
);
INSERT INTO V_VAL VALUES (
    "b2b70286-d41f-4081-a761-578e4ad9713f", -- Value_ID : UNIQUE_ID
    0, -- isLValue : BOOLEAN
    0, -- isImplicit : BOOLEAN
    2, -- LineNumber : INTEGER
    54, -- StartPosition : INTEGER
    80, -- EndPosition : INTEGER
    0, -- firstParameterLabelLineNumber : INTEGER
    0, -- firstParameterLabelColumn : INTEGER
    0, -- currentLaterParameterLabelLineNumber : INTEGER
    0, -- currentLaterParameterLabelColumn : INTEGER
    "ba5eda7a-def5-0000-0000-000000000001", -- DT_ID : UNIQUE_ID
    "5afae02f-2be6-4a0b-9ee6-f07a0d3c4495" -- Block_ID : UNIQUE_ID
);
INSERT INTO V_VAL VALUES (
    "9abc2aa4-3d8a-4bc0-9e4e-f708e21f9b50", -- Value_ID : UNIQUE_ID
    0, -- isLValue : BOOLEAN
    0, -- isImplicit : BOOLEAN
    2, -- LineNumber : INTEGER
    86, -- StartPosition : INTEGER
    93, -- EndPosition : INTEGER
    0, -- firstParameterLabelLineNumber : INTEGER
    0, -- firstParameterLabelColumn : INTEGER
    0, -- currentLaterParameterLabelLineNumber : INTEGER
    0, -- currentLaterParameterLabelColumn : INTEGER
    "ba5eda7a-def5-0000-0000-000000000008", -- DT_ID : UNIQUE_ID
    "5afae02f-2be6-4a0b-9ee6-f07a0d3c4495" -- Block_ID : UNIQUE_ID
);
INSERT INTO V_VAL VALUES (
    "964e782d-42d2-4fe3-99d6-162aef2e3c84", -- Value_ID : UNIQUE_ID
    0, -- isLValue : BOOLEAN
    0, -- isImplicit : BOOLEAN
    2, -- LineNumber : INTEGER
    86, -- StartPosition : INTEGER
    99, -- EndPosition : INTEGER
    0, -- firstParameterLabelLineNumber : INTEGER
    0, -- firstParameterLabelColumn : INTEGER
    0, -- currentLaterParameterLabelLineNumber : INTEGER
    0, -- currentLaterParameterLabelColumn : INTEGER
    "ba5eda7a-def5-0000-0000-000000000004", -- DT_ID : UNIQUE_ID
    "5afae02f-2be6-4a0b-9ee6-f07a0d3c4495" -- Block_ID : UNIQUE_ID
);
INSERT INTO V_VAL VALUES (
    "f3095759-4b5a-4f66-9aec-a2bf98e01683", -- Value_ID : UNIQUE_ID
    0, -- isLValue : BOOLEAN
    0, -- isImplicit : BOOLEAN
    2, -- LineNumber : INTEGER
    102, -- StartPosition : INTEGER
    112, -- EndPosition : INTEGER
    0, -- firstParameterLabelLineNumber : INTEGER
    0, -- firstParameterLabelColumn : INTEGER
    0, -- currentLaterParameterLabelLineNumber : INTEGER
    0, -- currentLaterParameterLabelColumn : INTEGER
    "ba5eda7a-def5-0000-0000-000000000004", -- DT_ID : UNIQUE_ID
    "5afae02f-2be6-4a0b-9ee6-f07a0d3c4495" -- Block_ID : UNIQUE_ID
);
INSERT INTO V_VAL VALUES (
    "106a5845-5075-45d3-928c-2a39774ab8e2", -- Value_ID : UNIQUE_ID
    0, -- isLValue : BOOLEAN
    0, -- isImplicit : BOOLEAN
    2, -- LineNumber : INTEGER
    86, -- StartPosition : INTEGER
    112, -- EndPosition : INTEGER
    0, -- firstParameterLabelLineNumber : INTEGER
    0, -- firstParameterLabelColumn : INTEGER
    0, -- currentLaterParameterLabelLineNumber : INTEGER
    0, -- currentLaterParameterLabelColumn : INTEGER
    "ba5eda7a-def5-0000-0000-000000000001", -- DT_ID : UNIQUE_ID
    "5afae02f-2be6-4a0b-9ee6-f07a0d3c4495" -- Block_ID : UNIQUE_ID
);
INSERT INTO V_VAL VALUES (
    "db7d7577-f0fe-47bd-996e-ff2fd5f29b9d", -- Value_ID : UNIQUE_ID
    0, -- isLValue : BOOLEAN
    0, -- isImplicit : BOOLEAN
    2, -- LineNumber : INTEGER
    54, -- StartPosition : INTEGER
    112, -- EndPosition : INTEGER
    0, -- firstParameterLabelLineNumber : INTEGER
    0, -- firstParameterLabelColumn : INTEGER
    0, -- currentLaterParameterLabelLineNumber : INTEGER
    0, -- currentLaterParameterLabelColumn : INTEGER
    "ba5eda7a-def5-0000-0000-000000000001", -- DT_ID : UNIQUE_ID
    "5afae02f-2be6-4a0b-9ee6-f07a0d3c4495" -- Block_ID : UNIQUE_ID
);
INSERT INTO V_VAL VALUES (
    "0bdc8683-304f-42af-8575-1ec0a28a68ac", -- Value_ID : UNIQUE_ID
    0, -- isLValue : BOOLEAN
    0, -- isImplicit : BOOLEAN
    2, -- LineNumber : INTEGER
    118, -- StartPosition : INTEGER
    125, -- EndPosition : INTEGER
    0, -- firstParameterLabelLineNumber : INTEGER
    0, -- firstParameterLabelColumn : INTEGER
    0, -- currentLaterParameterLabelLineNumber : INTEGER
    0, -- currentLaterParameterLabelColumn : INTEGER
    "ba5eda7a-def5-0000-0000-000000000008", -- DT_ID : UNIQUE_ID
    "5afae02f-2be6-4a0b-9ee6-f07a0d3c4495" -- Block_ID : UNIQUE_ID
);
INSERT INTO V_VAL VALUES (
    "081a4fe7-648c-461b-af39-577337c97712", -- Value_ID : UNIQUE_ID
    0, -- isLValue : BOOLEAN
    0, -- isImplicit : BOOLEAN
    2, -- LineNumber : INTEGER
    118, -- StartPosition : INTEGER
    137, -- EndPosition : INTEGER
    0, -- firstParameterLabelLineNumber : INTEGER
    0, -- firstParameterLabelColumn : INTEGER
    0, -- currentLaterParameterLabelLineNumber : INTEGER
    0, -- currentLaterParameterLabelColumn : INTEGER
    "ba5eda7a-def5-0000-0000-000000000002", -- DT_ID : UNIQUE_ID
    "5afae02f-2be6-4a0b-9ee6-f07a0d3c4495" -- Block_ID : UNIQUE_ID
);
INSERT INTO V_VAL VALUES (
    "8ef673a0-dd0c-4f29-9425-ec22896196d8", -- Value_ID : UNIQUE_ID
    0, -- isLValue : BOOLEAN
    0, -- isImplicit : BOOLEAN
    2, -- LineNumber : INTEGER
    140, -- StartPosition : INTEGER
    156, -- EndPosition : INTEGER
    0, -- firstParameterLabelLineNumber : INTEGER
    0, -- firstParameterLabelColumn : INTEGER
    0, -- currentLaterParameterLabelLineNumber : INTEGER
    0, -- currentLaterParameterLabelColumn : INTEGER
    "ba5eda7a-def5-0000-0000-000000000002", -- DT_ID : UNIQUE_ID
    "5afae02f-2be6-4a0b-9ee6-f07a0d3c4495" -- Block_ID : UNIQUE_ID
);
INSERT INTO V_VAL VALUES (
    "e0b156d2-7938-44ae-b55d-ba525b7bff58", -- Value_ID : UNIQUE_ID
    0, -- isLValue : BOOLEAN
    0, -- isImplicit : BOOLEAN
    2, -- LineNumber : INTEGER
    118, -- StartPosition : INTEGER
    156, -- EndPosition : INTEGER
    0, -- firstParameterLabelLineNumber : INTEGER
    0, -- firstParameterLabelColumn : INTEGER
    0, -- currentLaterParameterLabelLineNumber : INTEGER
    0, -- currentLaterParameterLabelColumn : INTEGER
    "ba5eda7a-def5-0000-0000-000000000001", -- DT_ID : UNIQUE_ID
    "5afae02f-2be6-4a0b-9ee6-f07a0d3c4495" -- Block_ID : UNIQUE_ID
);
INSERT INTO V_VAL VALUES (
    "377ce250-979e-4bc3-bd2f-b10df6e7a440", -- Value_ID : UNIQUE_ID
    0, -- isLValue : BOOLEAN
    0, -- isImplicit : BOOLEAN
    2, -- LineNumber : INTEGER
    54, -- StartPosition : INTEGER
    156, -- EndPosition : INTEGER
    0, -- firstParameterLabelLineNumber : INTEGER
    0, -- firstParameterLabelColumn : INTEGER
    0, -- currentLaterParameterLabelLineNumber : INTEGER
    0, -- currentLaterParameterLabelColumn : INTEGER
    "ba5eda7a-def5-0000-0000-000000000001", -- DT_ID : UNIQUE_ID
    "5afae02f-2be6-4a0b-9ee6-f07a0d3c4495" -- Block_ID : UNIQUE_ID
);
INSERT INTO V_VAL VALUES (
    "cbe72fc4-7592-4632-915f-64a397d55cb7", -- Value_ID : UNIQUE_ID
    0, -- isLValue : BOOLEAN
    0, -- isImplicit : BOOLEAN
    3, -- LineNumber : INTEGER
    12, -- StartPosition : INTEGER
    19, -- EndPosition : INTEGER
    0, -- firstParameterLabelLineNumber : INTEGER
    0, -- firstParameterLabelColumn : INTEGER
    0, -- currentLaterParameterLabelLineNumber : INTEGER
    0, -- currentLaterParameterLabelColumn : INTEGER
    "ba5eda7a-def5-0000-0000-000000000008", -- DT_ID : UNIQUE_ID
    "5afae02f-2be6-4a0b-9ee6-f07a0d3c4495" -- Block_ID : UNIQUE_ID
);
INSERT INTO V_VAL VALUES (
    "dd4b8622-f9c3-4dd9-b51c-e1236faab8a0", -- Value_ID : UNIQUE_ID
    0, -- isLValue : BOOLEAN
    0, -- isImplicit : BOOLEAN
    3, -- LineNumber : INTEGER
    4, -- StartPosition : INTEGER
    21, -- EndPosition : INTEGER
    0, -- firstParameterLabelLineNumber : INTEGER
    0, -- firstParameterLabelColumn : INTEGER
    0, -- currentLaterParameterLabelLineNumber : INTEGER
    0, -- currentLaterParameterLabelColumn : INTEGER
    "ba5eda7a-def5-0000-0000-000000000001", -- DT_ID : UNIQUE_ID
    "5afae02f-2be6-4a0b-9ee6-f07a0d3c4495" -- Block_ID : UNIQUE_ID
);
INSERT INTO V_VAL VALUES (
    "1af418e2-8388-4e4c-9b0a-ff34da3860bc", -- Value_ID : UNIQUE_ID
    0, -- isLValue : BOOLEAN
    0, -- isImplicit : BOOLEAN
    5, -- LineNumber : INTEGER
    43, -- StartPosition : INTEGER
    53, -- EndPosition : INTEGER
    0, -- firstParameterLabelLineNumber : INTEGER
    0, -- firstParameterLabelColumn : INTEGER
    0, -- currentLaterParameterLabelLineNumber : INTEGER
    0, -- currentLaterParameterLabelColumn : INTEGER
    "ba5eda7a-def5-0000-0000-000000000004", -- DT_ID : UNIQUE_ID
    "cc90bf5d-91df-431b-86ca-23189057ce50" -- Block_ID : UNIQUE_ID
);
INSERT INTO V_VAL VALUES (
    "7897c93c-dd1e-4c43-806b-00a599c7f559", -- Value_ID : UNIQUE_ID
    0, -- isLValue : BOOLEAN
    0, -- isImplicit : BOOLEAN
    5, -- LineNumber : INTEGER
    62, -- StartPosition : INTEGER
    72, -- EndPosition : INTEGER
    0, -- firstParameterLabelLineNumber : INTEGER
    0, -- firstParameterLabelColumn : INTEGER
    0, -- currentLaterParameterLabelLineNumber : INTEGER
    0, -- currentLaterParameterLabelColumn : INTEGER
    "ba5eda7a-def5-0000-0000-000000000004", -- DT_ID : UNIQUE_ID
    "cc90bf5d-91df-431b-86ca-23189057ce50" -- Block_ID : UNIQUE_ID
);
INSERT INTO V_VAL VALUES (
    "819e196d-7097-435b-8d5f-9a582ff833e0", -- Value_ID : UNIQUE_ID
    0, -- isLValue : BOOLEAN
    0, -- isImplicit : BOOLEAN
    5, -- LineNumber : INTEGER
    87, -- StartPosition : INTEGER
    103, -- EndPosition : INTEGER
    0, -- firstParameterLabelLineNumber : INTEGER
    0, -- firstParameterLabelColumn : INTEGER
    0, -- currentLaterParameterLabelLineNumber : INTEGER
    0, -- currentLaterParameterLabelColumn : INTEGER
    "ba5eda7a-def5-0000-0000-000000000002", -- DT_ID : UNIQUE_ID
    "cc90bf5d-91df-431b-86ca-23189057ce50" -- Block_ID : UNIQUE_ID
);
INSERT INTO V_VAL VALUES (
    "df3b46da-1ce5-48f4-8f70-da0db59f645b", -- Value_ID : UNIQUE_ID
    0, -- isLValue : BOOLEAN
    0, -- isImplicit : BOOLEAN
    6, -- LineNumber : INTEGER
    55, -- StartPosition : INTEGER
    58, -- EndPosition : INTEGER
    0, -- firstParameterLabelLineNumber : INTEGER
    0, -- firstParameterLabelColumn : INTEGER
    0, -- currentLaterParameterLabelLineNumber : INTEGER
    0, -- currentLaterParameterLabelColumn : INTEGER
    "ba5eda7a-def5-0000-0000-000000000001", -- DT_ID : UNIQUE_ID
    "cc90bf5d-91df-431b-86ca-23189057ce50" -- Block_ID : UNIQUE_ID
);
INSERT INTO V_VAL VALUES (
    "e9c4d6d3-d45e-4b46-a35e-22809d30669c", -- Value_ID : UNIQUE_ID
    0, -- isLValue : BOOLEAN
    0, -- isImplicit : BOOLEAN
    6, -- LineNumber : INTEGER
    17, -- StartPosition : INTEGER
    46, -- EndPosition : INTEGER
    0, -- firstParameterLabelLineNumber : INTEGER
    0, -- firstParameterLabelColumn : INTEGER
    0, -- currentLaterParameterLabelLineNumber : INTEGER
    0, -- currentLaterParameterLabelColumn : INTEGER
    "ba5eda7a-def5-0000-0000-000000000004", -- DT_ID : UNIQUE_ID
    "cc90bf5d-91df-431b-86ca-23189057ce50" -- Block_ID : UNIQUE_ID
);
INSERT INTO V_VAL VALUES (
    "326ed912-9b45-462b-92ae-6bb576e95b94", -- Value_ID : UNIQUE_ID
    0, -- isLValue : BOOLEAN
    0, -- isImplicit : BOOLEAN
    8, -- LineNumber : INTEGER
    2, -- StartPosition : INTEGER
    50, -- EndPosition : INTEGER
    0, -- firstParameterLabelLineNumber : INTEGER
    0, -- firstParameterLabelColumn : INTEGER
    0, -- currentLaterParameterLabelLineNumber : INTEGER
    0, -- currentLaterParameterLabelColumn : INTEGER
    "ba5eda7a-def5-0000-0000-000000000000", -- DT_ID : UNIQUE_ID
    "ed363a5a-f327-4e6a-9aa7-310407a7fdf2" -- Block_ID : UNIQUE_ID
);
INSERT INTO V_VAL VALUES (
    "55b5f379-944d-461c-a1c4-3ece99f7aee9", -- Value_ID : UNIQUE_ID
    0, -- isLValue : BOOLEAN
    0, -- isImplicit : BOOLEAN
    8, -- LineNumber : INTEGER
    23, -- StartPosition : INTEGER
    48, -- EndPosition : INTEGER
    0, -- firstParameterLabelLineNumber : INTEGER
    0, -- firstParameterLabelColumn : INTEGER
    0, -- currentLaterParameterLabelLineNumber : INTEGER
    0, -- currentLaterParameterLabelColumn : INTEGER
    "ba5eda7a-def5-0000-0000-000000000004", -- DT_ID : UNIQUE_ID
    "ed363a5a-f327-4e6a-9aa7-310407a7fdf2" -- Block_ID : UNIQUE_ID
);
INSERT INTO V_VAL VALUES (
    "ae9c812f-1f66-4033-aaa2-e96f4c81bb25", -- Value_ID : UNIQUE_ID
    0, -- isLValue : BOOLEAN
    0, -- isImplicit : BOOLEAN
    9, -- LineNumber : INTEGER
    50, -- StartPosition : INTEGER
    54, -- EndPosition : INTEGER
    0, -- firstParameterLabelLineNumber : INTEGER
    0, -- firstParameterLabelColumn : INTEGER
    0, -- currentLaterParameterLabelLineNumber : INTEGER
    0, -- currentLaterParameterLabelColumn : INTEGER
    "ba5eda7a-def5-0000-0000-000000000001", -- DT_ID : UNIQUE_ID
    "ed363a5a-f327-4e6a-9aa7-310407a7fdf2" -- Block_ID : UNIQUE_ID
);
INSERT INTO V_VAL VALUES (
    "edf5c73e-a807-410e-9341-26c4dcbea901", -- Value_ID : UNIQUE_ID
    0, -- isLValue : BOOLEAN
    0, -- isImplicit : BOOLEAN
    9, -- LineNumber : INTEGER
    17, -- StartPosition : INTEGER
    41, -- EndPosition : INTEGER
    0, -- firstParameterLabelLineNumber : INTEGER
    0, -- firstParameterLabelColumn : INTEGER
    0, -- currentLaterParameterLabelLineNumber : INTEGER
    0, -- currentLaterParameterLabelColumn : INTEGER
    "ba5eda7a-def5-0000-0000-000000000004", -- DT_ID : UNIQUE_ID
    "ed363a5a-f327-4e6a-9aa7-310407a7fdf2" -- Block_ID : UNIQUE_ID
);
INSERT INTO V_VAL VALUES (
    "b52526ff-58a3-4644-b267-d7bfe28a11d6", -- Value_ID : UNIQUE_ID
    0, -- isLValue : BOOLEAN
    0, -- isImplicit : BOOLEAN
    2, -- LineNumber : INTEGER
    54, -- StartPosition : INTEGER
    61, -- EndPosition : INTEGER
    0, -- firstParameterLabelLineNumber : INTEGER
    0, -- firstParameterLabelColumn : INTEGER
    0, -- currentLaterParameterLabelLineNumber : INTEGER
    0, -- currentLaterParameterLabelColumn : INTEGER
    "ba5eda7a-def5-0000-0000-000000000008", -- DT_ID : UNIQUE_ID
    "3d901a1e-ec8b-46b1-8d70-a500bc9c1c6b" -- Block_ID : UNIQUE_ID
);
INSERT INTO V_VAL VALUES (
    "792d21a4-5c52-4908-b7dc-f8357d7756a0", -- Value_ID : UNIQUE_ID
    0, -- isLValue : BOOLEAN
    0, -- isImplicit : BOOLEAN
    2, -- LineNumber : INTEGER
    54, -- StartPosition : INTEGER
    73, -- EndPosition : INTEGER
    0, -- firstParameterLabelLineNumber : INTEGER
    0, -- firstParameterLabelColumn : INTEGER
    0, -- currentLaterParameterLabelLineNumber : INTEGER
    0, -- currentLaterParameterLabelColumn : INTEGER
    "ba5eda7a-def5-0000-0000-000000000002", -- DT_ID : UNIQUE_ID
    "3d901a1e-ec8b-46b1-8d70-a500bc9c1c6b" -- Block_ID : UNIQUE_ID
);
INSERT INTO V_VAL VALUES (
    "e2417d8d-0278-4774-930a-9b88f5a40057", -- Value_ID : UNIQUE_ID
    0, -- isLValue : BOOLEAN
    0, -- isImplicit : BOOLEAN
    2, -- LineNumber : INTEGER
    76, -- StartPosition : INTEGER
    92, -- EndPosition : INTEGER
    0, -- firstParameterLabelLineNumber : INTEGER
    0, -- firstParameterLabelColumn : INTEGER
    0, -- currentLaterParameterLabelLineNumber : INTEGER
    0, -- currentLaterParameterLabelColumn : INTEGER
    "ba5eda7a-def5-0000-0000-000000000002", -- DT_ID : UNIQUE_ID
    "3d901a1e-ec8b-46b1-8d70-a500bc9c1c6b" -- Block_ID : UNIQUE_ID
);
INSERT INTO V_VAL VALUES (
    "8af4e5e2-f08d-432d-8f5f-ee0352fcc0d1", -- Value_ID : UNIQUE_ID
    0, -- isLValue : BOOLEAN
    0, -- isImplicit : BOOLEAN
    2, -- LineNumber : INTEGER
    54, -- StartPosition : INTEGER
    92, -- EndPosition : INTEGER
    0, -- firstParameterLabelLineNumber : INTEGER
    0, -- firstParameterLabelColumn : INTEGER
    0, -- currentLaterParameterLabelLineNumber : INTEGER
    0, -- currentLaterParameterLabelColumn : INTEGER
    "ba5eda7a-def5-0000-0000-000000000001", -- DT_ID : UNIQUE_ID
    "3d901a1e-ec8b-46b1-8d70-a500bc9c1c6b" -- Block_ID : UNIQUE_ID
);
INSERT INTO V_VAL VALUES (
    "b2dffc4f-9352-4374-93c6-39a5f8e12ff0", -- Value_ID : UNIQUE_ID
    0, -- isLValue : BOOLEAN
    0, -- isImplicit : BOOLEAN
    3, -- LineNumber : INTEGER
    16, -- StartPosition : INTEGER
    23, -- EndPosition : INTEGER
    0, -- firstParameterLabelLineNumber : INTEGER
    0, -- firstParameterLabelColumn : INTEGER
    0, -- currentLaterParameterLabelLineNumber : INTEGER
    0, -- currentLaterParameterLabelColumn : INTEGER
    "ba5eda7a-def5-0000-0000-000000000008", -- DT_ID : UNIQUE_ID
    "3d901a1e-ec8b-46b1-8d70-a500bc9c1c6b" -- Block_ID : UNIQUE_ID
);
INSERT INTO V_VAL VALUES (
    "07226e6c-b964-4e2d-95cf-d0558461f6e2", -- Value_ID : UNIQUE_ID
    0, -- isLValue : BOOLEAN
    0, -- isImplicit : BOOLEAN
    3, -- LineNumber : INTEGER
    10, -- StartPosition : INTEGER
    23, -- EndPosition : INTEGER
    0, -- firstParameterLabelLineNumber : INTEGER
    0, -- firstParameterLabelColumn : INTEGER
    0, -- currentLaterParameterLabelLineNumber : INTEGER
    0, -- currentLaterParameterLabelColumn : INTEGER
    "ba5eda7a-def5-0000-0000-000000000001", -- DT_ID : UNIQUE_ID
    "3d901a1e-ec8b-46b1-8d70-a500bc9c1c6b" -- Block_ID : UNIQUE_ID
);
INSERT INTO V_VAL VALUES (
    "4cc45c4d-fe00-4955-8e78-cac5d1c1d451", -- Value_ID : UNIQUE_ID
    0, -- isLValue : BOOLEAN
    0, -- isImplicit : BOOLEAN
    3, -- LineNumber : INTEGER
    4, -- StartPosition : INTEGER
    25, -- EndPosition : INTEGER
    0, -- firstParameterLabelLineNumber : INTEGER
    0, -- firstParameterLabelColumn : INTEGER
    0, -- currentLaterParameterLabelLineNumber : INTEGER
    0, -- currentLaterParameterLabelColumn : INTEGER
    "ba5eda7a-def5-0000-0000-000000000001", -- DT_ID : UNIQUE_ID
    "3d901a1e-ec8b-46b1-8d70-a500bc9c1c6b" -- Block_ID : UNIQUE_ID
);
INSERT INTO V_VAL VALUES (
    "d39a477a-2134-4bd3-8b1c-cf751b3ebf3e", -- Value_ID : UNIQUE_ID
    0, -- isLValue : BOOLEAN
    0, -- isImplicit : BOOLEAN
    5, -- LineNumber : INTEGER
    50, -- StartPosition : INTEGER
    53, -- EndPosition : INTEGER
    0, -- firstParameterLabelLineNumber : INTEGER
    0, -- firstParameterLabelColumn : INTEGER
    0, -- currentLaterParameterLabelLineNumber : INTEGER
    0, -- currentLaterParameterLabelColumn : INTEGER
    "ba5eda7a-def5-0000-0000-000000000001", -- DT_ID : UNIQUE_ID
    "d024b9f4-5d5d-4b73-b366-1fe18bbcf0ae" -- Block_ID : UNIQUE_ID
);
INSERT INTO V_VAL VALUES (
    "a28d5d4a-7775-47df-bd63-4576661c7529", -- Value_ID : UNIQUE_ID
    0, -- isLValue : BOOLEAN
    0, -- isImplicit : BOOLEAN
    5, -- LineNumber : INTEGER
    17, -- StartPosition : INTEGER
    41, -- EndPosition : INTEGER
    0, -- firstParameterLabelLineNumber : INTEGER
    0, -- firstParameterLabelColumn : INTEGER
    0, -- currentLaterParameterLabelLineNumber : INTEGER
    0, -- currentLaterParameterLabelColumn : INTEGER
    "ba5eda7a-def5-0000-0000-000000000004", -- DT_ID : UNIQUE_ID
    "d024b9f4-5d5d-4b73-b366-1fe18bbcf0ae" -- Block_ID : UNIQUE_ID
);
INSERT INTO V_VAL VALUES (
    "a471fe75-14bd-4861-84ce-29ceaccb31e5", -- Value_ID : UNIQUE_ID
    0, -- isLValue : BOOLEAN
    0, -- isImplicit : BOOLEAN
    8, -- LineNumber : INTEGER
    2, -- StartPosition : INTEGER
    53, -- EndPosition : INTEGER
    0, -- firstParameterLabelLineNumber : INTEGER
    0, -- firstParameterLabelColumn : INTEGER
    0, -- currentLaterParameterLabelLineNumber : INTEGER
    0, -- currentLaterParameterLabelColumn : INTEGER
    "ba5eda7a-def5-0000-0000-000000000000", -- DT_ID : UNIQUE_ID
    "f2a25b39-6ead-43ab-8307-b8c2c0fc4290" -- Block_ID : UNIQUE_ID
);
INSERT INTO V_VAL VALUES (
    "0e479c29-c8da-4f93-944d-5dbec8a94c14", -- Value_ID : UNIQUE_ID
    0, -- isLValue : BOOLEAN
    0, -- isImplicit : BOOLEAN
    8, -- LineNumber : INTEGER
    23, -- StartPosition : INTEGER
    51, -- EndPosition : INTEGER
    0, -- firstParameterLabelLineNumber : INTEGER
    0, -- firstParameterLabelColumn : INTEGER
    0, -- currentLaterParameterLabelLineNumber : INTEGER
    0, -- currentLaterParameterLabelColumn : INTEGER
    "ba5eda7a-def5-0000-0000-000000000004", -- DT_ID : UNIQUE_ID
    "f2a25b39-6ead-43ab-8307-b8c2c0fc4290" -- Block_ID : UNIQUE_ID
);
INSERT INTO V_VAL VALUES (
    "0ccc9f23-1922-48f7-9c7d-6c741fe368d8", -- Value_ID : UNIQUE_ID
    0, -- isLValue : BOOLEAN
    0, -- isImplicit : BOOLEAN
    9, -- LineNumber : INTEGER
    49, -- StartPosition : INTEGER
    53, -- EndPosition : INTEGER
    0, -- firstParameterLabelLineNumber : INTEGER
    0, -- firstParameterLabelColumn : INTEGER
    0, -- currentLaterParameterLabelLineNumber : INTEGER
    0, -- currentLaterParameterLabelColumn : INTEGER
    "ba5eda7a-def5-0000-0000-000000000001", -- DT_ID : UNIQUE_ID
    "f2a25b39-6ead-43ab-8307-b8c2c0fc4290" -- Block_ID : UNIQUE_ID
);
INSERT INTO V_VAL VALUES (
    "efd9ae88-276f-4fea-9c88-1e03c01e967a", -- Value_ID : UNIQUE_ID
    0, -- isLValue : BOOLEAN
    0, -- isImplicit : BOOLEAN
    9, -- LineNumber : INTEGER
    17, -- StartPosition : INTEGER
    40, -- EndPosition : INTEGER
    0, -- firstParameterLabelLineNumber : INTEGER
    0, -- firstParameterLabelColumn : INTEGER
    0, -- currentLaterParameterLabelLineNumber : INTEGER
    0, -- currentLaterParameterLabelColumn : INTEGER
    "ba5eda7a-def5-0000-0000-000000000004", -- DT_ID : UNIQUE_ID
    "f2a25b39-6ead-43ab-8307-b8c2c0fc4290" -- Block_ID : UNIQUE_ID
);
INSERT INTO V_VAR VALUES (
    "28964b1e-e277-4e9e-9a4b-af15881eb4da", -- Var_ID : UNIQUE_ID
    "422008ca-1c0f-4218-b2ea-2245b091b5c5", -- Block_ID : UNIQUE_ID
    'mapping', -- Name : STRING
    1, -- Declared : BOOLEAN
    "ba5eda7a-def5-0000-0000-000000000004" -- DT_ID : UNIQUE_ID
);
INSERT INTO V_VAR VALUES (
    "2b54c56c-93a9-4c1c-bb0f-de906ac50a69", -- Var_ID : UNIQUE_ID
    "422008ca-1c0f-4218-b2ea-2245b091b5c5", -- Block_ID : UNIQUE_ID
    'i', -- Name : STRING
    1, -- Declared : BOOLEAN
    "ba5eda7a-def5-0000-0000-000000000002" -- DT_ID : UNIQUE_ID
);
INSERT INTO V_VAR VALUES (
    "54cac6f5-066e-4dea-82c6-aae3ad269f8a", -- Var_ID : UNIQUE_ID
    "422008ca-1c0f-4218-b2ea-2245b091b5c5", -- Block_ID : UNIQUE_ID
    's', -- Name : STRING
    1, -- Declared : BOOLEAN
    "ba5eda7a-def5-0000-0000-000000000004" -- DT_ID : UNIQUE_ID
);
INSERT INTO V_VAR VALUES (
    "85dcf64e-68d2-4568-9af5-c78836c5089d", -- Var_ID : UNIQUE_ID
    "cdb5a962-2f82-46e7-8199-76d53cc946fc", -- Block_ID : UNIQUE_ID
    'd', -- Name : STRING
    1, -- Declared : BOOLEAN
    "ba5eda7a-def5-0000-0000-000000000002" -- DT_ID : UNIQUE_ID
);
INSERT INTO V_VAR VALUES (
    "e4575244-0b66-4211-a3e5-bef038a20cd8", -- Var_ID : UNIQUE_ID
    "f7a2fee9-9693-4626-9061-80c47757f998", -- Block_ID : UNIQUE_ID
    'FName', -- Name : STRING
    1, -- Declared : BOOLEAN
    "ba5eda7a-def5-0000-0000-000000000004" -- DT_ID : UNIQUE_ID
);
INSERT INTO V_VAR VALUES (
    "f914ef58-4459-4f60-a779-84605349ab13", -- Var_ID : UNIQUE_ID
    "f7a2fee9-9693-4626-9061-80c47757f998", -- Block_ID : UNIQUE_ID
    'LName', -- Name : STRING
    1, -- Declared : BOOLEAN
    "ba5eda7a-def5-0000-0000-000000000004" -- DT_ID : UNIQUE_ID
);
INSERT INTO V_VAR VALUES (
    "5ce0d66f-9070-4831-a5ef-fadfbd904049", -- Var_ID : UNIQUE_ID
    "f7a2fee9-9693-4626-9061-80c47757f998", -- Block_ID : UNIQUE_ID
    'National_ID', -- Name : STRING
    1, -- Declared : BOOLEAN
    "ba5eda7a-def5-0000-0000-000000000002" -- DT_ID : UNIQUE_ID
);
INSERT INTO V_VAR VALUES (
    "52be1729-fb84-4b4d-9527-aed29b3725af", -- Var_ID : UNIQUE_ID
    "b539ffc3-34e0-4bdf-801f-4fcd48d1dbe8", -- Block_ID : UNIQUE_ID
    'Start_Date', -- Name : STRING
    1, -- Declared : BOOLEAN
    "ba5eda7a-def5-0000-0000-00000000000e" -- DT_ID : UNIQUE_ID
);
INSERT INTO V_VAR VALUES (
    "3fe6dbc5-22e9-4f0f-8d89-c34b615171e0", -- Var_ID : UNIQUE_ID
    "5afae02f-2be6-4a0b-9ee6-f07a0d3c4495", -- Block_ID : UNIQUE_ID
    'employee', -- Name : STRING
    0, -- Declared : BOOLEAN
    "ba5eda7a-def5-0000-0000-000000000008" -- DT_ID : UNIQUE_ID
);
INSERT INTO V_VAR VALUES (
    "db0de05a-2e03-45fd-8d31-96abce8b2298", -- Var_ID : UNIQUE_ID
    "cc90bf5d-91df-431b-86ca-23189057ce50", -- Block_ID : UNIQUE_ID
    'repeater', -- Name : STRING
    0, -- Declared : BOOLEAN
    "ba5eda7a-def5-0000-0000-000000000008" -- DT_ID : UNIQUE_ID
);
INSERT INTO V_VAR VALUES (
    "f1ab3e41-f5b1-4409-923c-0fa032a2dfe4", -- Var_ID : UNIQUE_ID
    "3d901a1e-ec8b-46b1-8d70-a500bc9c1c6b", -- Block_ID : UNIQUE_ID
    'employee', -- Name : STRING
    0, -- Declared : BOOLEAN
    "ba5eda7a-def5-0000-0000-000000000008" -- DT_ID : UNIQUE_ID
);
INSERT INTO S_SYS_PROXY VALUES (
    "7fdc406f-2939-49c0-8fab-99de27b70193", -- _0 : UNIQUE_ID
    'runtime', -- _1 : STRING
    1, -- _2 : INTEGER
    '../runtime.xtuml' -- _3 : STRING
);
INSERT INTO S_SYS_PROXY VALUES (
    "7fdc406f-2939-49c0-8fab-99de27b70193", -- _0 : UNIQUE_ID
    'runtime', -- _1 : STRING
    1, -- _2 : INTEGER
    '../runtime.xtuml' -- _3 : STRING
);
INSERT INTO S_SYS_PROXY VALUES (
    "7fdc406f-2939-49c0-8fab-99de27b70193", -- _0 : UNIQUE_ID
    'runtime', -- _1 : STRING
    1, -- _2 : INTEGER
    '../runtime.xtuml' -- _3 : STRING
);
INSERT INTO S_SYS_PROXY VALUES (
    "7fdc406f-2939-49c0-8fab-99de27b70193", -- _0 : UNIQUE_ID
    'runtime', -- _1 : STRING
    1, -- _2 : INTEGER
    '../runtime.xtuml' -- _3 : STRING
);
INSERT INTO S_SYS_PROXY VALUES (
    "7fdc406f-2939-49c0-8fab-99de27b70193", -- _0 : UNIQUE_ID
    'runtime', -- _1 : STRING
    1, -- _2 : INTEGER
    '../runtime.xtuml' -- _3 : STRING
);
INSERT INTO S_SYS_PROXY VALUES (
    "ccdb2e52-76fc-4422-936f-a0239fd9d106", -- _0 : UNIQUE_ID
    'hrm', -- _1 : STRING
    1, -- _2 : INTEGER
    '../hrm.xtuml' -- _3 : STRING
);
INSERT INTO S_SYS_PROXY VALUES (
    "ccdb2e52-76fc-4422-936f-a0239fd9d106", -- _0 : UNIQUE_ID
    'hrm', -- _1 : STRING
    1, -- _2 : INTEGER
    '../hrm.xtuml' -- _3 : STRING
);
INSERT INTO S_SYS_PROXY VALUES (
    "ccdb2e52-76fc-4422-936f-a0239fd9d106", -- _0 : UNIQUE_ID
    'hrm', -- _1 : STRING
    1, -- _2 : INTEGER
    '../../../hrm.xtuml' -- _3 : STRING
);
INSERT INTO S_SYS_PROXY VALUES (
    "46564f98-385d-43d9-876a-ca551a77e802", -- _0 : UNIQUE_ID
    'HRUI', -- _1 : STRING
    1, -- _2 : INTEGER
    '../../../HRUI.xtuml' -- _3 : STRING
);
INSERT INTO S_SYS_PROXY VALUES (
    "46564f98-385d-43d9-876a-ca551a77e802", -- _0 : UNIQUE_ID
    'HRUI', -- _1 : STRING
    1, -- _2 : INTEGER
    '../../HRUI.xtuml' -- _3 : STRING
);
INSERT INTO S_SYS_PROXY VALUES (
    "46564f98-385d-43d9-876a-ca551a77e802", -- _0 : UNIQUE_ID
    'HRUI', -- _1 : STRING
    1, -- _2 : INTEGER
    '../HRUI.xtuml' -- _3 : STRING
);
INSERT INTO S_SYS_PROXY VALUES (
    "a31b98b3-80c6-4eea-80cb-d84755441c10", -- _0 : UNIQUE_ID
    'HRsystem', -- _1 : STRING
    1, -- _2 : INTEGER
    '../HRsystem.xtuml' -- _3 : STRING
);
INSERT INTO GD_MD VALUES (
    "2f6a7c9c-29f6-4d07-bc99-3518dd2d5fa1", -- _0 : UNIQUE_ID
    112, -- _1 : INTEGER
    "12c213af-4b2d-4e49-890c-453aa4660620", -- _2 : UNIQUE_ID
    108, -- _3 : INTEGER
    0, -- _4 : INTEGER
    0, -- _5 : INTEGER
    1, -- _6 : INTEGER
    1, -- _7 : INTEGER
    1, -- _8 : INTEGER
    12, -- _9 : INTEGER
    1, -- _10 : INTEGER
    0, -- _11 : INTEGER
    0, -- _12 : INTEGER
    200, -- _13 : INTEGER
    150, -- _14 : INTEGER
    0, -- _15 : INTEGER
    '', -- _16 : STRING
    'runtime::io.ciera.runtime.instanceloading.generic.util' -- _17 : STRING
);
INSERT INTO GD_MD VALUES (
    "c583e9a1-e3ff-44b5-9b35-322ca643e77c", -- _0 : UNIQUE_ID
    112, -- _1 : INTEGER
    "78fb3e55-9840-4511-a824-62393e628058", -- _2 : UNIQUE_ID
    108, -- _3 : INTEGER
    0, -- _4 : INTEGER
    0, -- _5 : INTEGER
    1, -- _6 : INTEGER
    1, -- _7 : INTEGER
    1, -- _8 : INTEGER
    12, -- _9 : INTEGER
    1, -- _10 : INTEGER
    0, -- _11 : INTEGER
    0, -- _12 : INTEGER
    0, -- _13 : INTEGER
    0, -- _14 : INTEGER
    0, -- _15 : INTEGER
    '', -- _16 : STRING
    'runtime::io.ciera.runtime.instanceloading.sql.util' -- _17 : STRING
);
INSERT INTO GD_MD VALUES (
    "aad0165c-b18e-4b9c-a99d-445fb7a93215", -- _0 : UNIQUE_ID
    108, -- _1 : INTEGER
    "7fdc406f-2939-49c0-8fab-99de27b70193", -- _2 : UNIQUE_ID
    92, -- _3 : INTEGER
    0, -- _4 : INTEGER
    0, -- _5 : INTEGER
    1, -- _6 : INTEGER
    1, -- _7 : INTEGER
    1, -- _8 : INTEGER
    12, -- _9 : INTEGER
    1, -- _10 : INTEGER
    0, -- _11 : INTEGER
    0, -- _12 : INTEGER
    200, -- _13 : INTEGER
    150, -- _14 : INTEGER
    0, -- _15 : INTEGER
    '4.1.17', -- _16 : STRING
    'runtime' -- _17 : STRING
);
INSERT INTO GD_MD VALUES (
    "5d4f79b5-79fc-4c52-b971-fa73cdd5585e", -- _0 : UNIQUE_ID
    112, -- _1 : INTEGER
    "1df09104-1fdb-48ee-9ae7-06cc055c5770", -- _2 : UNIQUE_ID
    108, -- _3 : INTEGER
    0, -- _4 : INTEGER
    0, -- _5 : INTEGER
    1, -- _6 : INTEGER
    1, -- _7 : INTEGER
    1, -- _8 : INTEGER
    12, -- _9 : INTEGER
    1, -- _10 : INTEGER
    0, -- _11 : INTEGER
    0, -- _12 : INTEGER
    0, -- _13 : INTEGER
    0, -- _14 : INTEGER
    0, -- _15 : INTEGER
    '', -- _16 : STRING
    'runtime::io.ciera.runtime.template.util' -- _17 : STRING
);
INSERT INTO GD_MD VALUES (
    "59c17cd3-57f0-44ba-80bc-4fd79c863941", -- _0 : UNIQUE_ID
    112, -- _1 : INTEGER
    "ddbd5fec-558a-4967-bd11-9b09a6c6c428", -- _2 : UNIQUE_ID
    108, -- _3 : INTEGER
    0, -- _4 : INTEGER
    0, -- _5 : INTEGER
    1, -- _6 : INTEGER
    1, -- _7 : INTEGER
    1, -- _8 : INTEGER
    12, -- _9 : INTEGER
    1, -- _10 : INTEGER
    0, -- _11 : INTEGER
    0, -- _12 : INTEGER
    0, -- _13 : INTEGER
    0, -- _14 : INTEGER
    0, -- _15 : INTEGER
    '', -- _16 : STRING
    'runtime::io.ciera.runtime.instanceloading.dynamodb.util' -- _17 : STRING
);
INSERT INTO GD_MD VALUES (
    "192d2bad-eea3-4a0b-8334-4b7934242c6b", -- _0 : UNIQUE_ID
    112, -- _1 : INTEGER
    "27857a34-c690-49d3-a891-ae314dca5262", -- _2 : UNIQUE_ID
    108, -- _3 : INTEGER
    0, -- _4 : INTEGER
    0, -- _5 : INTEGER
    1, -- _6 : INTEGER
    1, -- _7 : INTEGER
    1, -- _8 : INTEGER
    12, -- _9 : INTEGER
    1, -- _10 : INTEGER
    0, -- _11 : INTEGER
    0, -- _12 : INTEGER
    0, -- _13 : INTEGER
    0, -- _14 : INTEGER
    0, -- _15 : INTEGER
    '4.1.17', -- _16 : STRING
    'hrm::hr_datatypes' -- _17 : STRING
);
INSERT INTO GD_MD VALUES (
    "8458b4a8-d1ae-46e5-8dd3-03126e082c37", -- _0 : UNIQUE_ID
    112, -- _1 : INTEGER
    "c26641d6-6bfe-4fa5-b78d-533f6fb8d396", -- _2 : UNIQUE_ID
    108, -- _3 : INTEGER
    0, -- _4 : INTEGER
    0, -- _5 : INTEGER
    1, -- _6 : INTEGER
    1, -- _7 : INTEGER
    1, -- _8 : INTEGER
    12, -- _9 : INTEGER
    1, -- _10 : INTEGER
    0, -- _11 : INTEGER
    0, -- _12 : INTEGER
    200, -- _13 : INTEGER
    150, -- _14 : INTEGER
    0, -- _15 : INTEGER
    '', -- _16 : STRING
    'hrm::hrm' -- _17 : STRING
);
INSERT INTO GD_MD VALUES (
    "ee86ddd2-4d3a-47ec-8131-c5225c1bb12b", -- _0 : UNIQUE_ID
    111, -- _1 : INTEGER
    "8e4782c3-9567-4154-87b3-67069634e7a5", -- _2 : UNIQUE_ID
    98, -- _3 : INTEGER
    0, -- _4 : INTEGER
    0, -- _5 : INTEGER
    1, -- _6 : INTEGER
    1, -- _7 : INTEGER
    1, -- _8 : INTEGER
    12, -- _9 : INTEGER
    1, -- _10 : INTEGER
    0, -- _11 : INTEGER
    0, -- _12 : INTEGER
    200, -- _13 : INTEGER
    150, -- _14 : INTEGER
    0, -- _15 : INTEGER
    '4.1.17', -- _16 : STRING
    'hrm::hrm::hr' -- _17 : STRING
);
INSERT INTO GD_MD VALUES (
    "99029f38-611e-4958-a86d-3e9e4ee3f7fc", -- _0 : UNIQUE_ID
    112, -- _1 : INTEGER
    "fdd8efa1-97d4-4adc-a67d-1fb0bd49373b", -- _2 : UNIQUE_ID
    108, -- _3 : INTEGER
    0, -- _4 : INTEGER
    0, -- _5 : INTEGER
    1, -- _6 : INTEGER
    1, -- _7 : INTEGER
    1, -- _8 : INTEGER
    12, -- _9 : INTEGER
    1, -- _10 : INTEGER
    0, -- _11 : INTEGER
    0, -- _12 : INTEGER
    200, -- _13 : INTEGER
    150, -- _14 : INTEGER
    0, -- _15 : INTEGER
    '4.1.17', -- _16 : STRING
    'hrm::hrm::hr::main' -- _17 : STRING
);
INSERT INTO GD_MD VALUES (
    "704fdc3f-4d4e-4da3-b3b7-7544b6f5fab6", -- _0 : UNIQUE_ID
    8, -- _1 : INTEGER
    "7b5f90bd-656f-4bc9-83bf-771ed45973b0", -- _2 : UNIQUE_ID
    40, -- _3 : INTEGER
    0, -- _4 : INTEGER
    0, -- _5 : INTEGER
    1, -- _6 : INTEGER
    1, -- _7 : INTEGER
    1, -- _8 : INTEGER
    12, -- _9 : INTEGER
    1, -- _10 : INTEGER
    0, -- _11 : INTEGER
    0, -- _12 : INTEGER
    0, -- _13 : INTEGER
    0, -- _14 : INTEGER
    0, -- _15 : INTEGER
    '4.1.17', -- _16 : STRING
    'hrm::hrm::hr::main::Employee::Instance State Machine' -- _17 : STRING
);
INSERT INTO GD_MD VALUES (
    "d2c8956e-9205-4462-9c1a-506047c0b912", -- _0 : UNIQUE_ID
    108, -- _1 : INTEGER
    "ccdb2e52-76fc-4422-936f-a0239fd9d106", -- _2 : UNIQUE_ID
    92, -- _3 : INTEGER
    0, -- _4 : INTEGER
    0, -- _5 : INTEGER
    1, -- _6 : INTEGER
    1, -- _7 : INTEGER
    1, -- _8 : INTEGER
    12, -- _9 : INTEGER
    1, -- _10 : INTEGER
    0, -- _11 : INTEGER
    0, -- _12 : INTEGER
    200, -- _13 : INTEGER
    150, -- _14 : INTEGER
    0, -- _15 : INTEGER
    '', -- _16 : STRING
    'hrm' -- _17 : STRING
);
INSERT INTO GD_MD VALUES (
    "46a50ca9-1f9d-4de6-88c7-b09ee7ee7391", -- _0 : UNIQUE_ID
    112, -- _1 : INTEGER
    "cabf7045-c6ff-41a5-afe9-032eec941581", -- _2 : UNIQUE_ID
    108, -- _3 : INTEGER
    0, -- _4 : INTEGER
    0, -- _5 : INTEGER
    1, -- _6 : INTEGER
    1, -- _7 : INTEGER
    1, -- _8 : INTEGER
    12, -- _9 : INTEGER
    1, -- _10 : INTEGER
    0, -- _11 : INTEGER
    0, -- _12 : INTEGER
    0, -- _13 : INTEGER
    0, -- _14 : INTEGER
    0, -- _15 : INTEGER
    '', -- _16 : STRING
    'HRUI::UI::UI::UI' -- _17 : STRING
);
INSERT INTO GD_MD VALUES (
    "41125cbf-38a6-44de-a9ab-3fa10c459399", -- _0 : UNIQUE_ID
    111, -- _1 : INTEGER
    "d81dc79e-6692-4a39-b6d9-f5fc0b765726", -- _2 : UNIQUE_ID
    98, -- _3 : INTEGER
    0, -- _4 : INTEGER
    0, -- _5 : INTEGER
    1, -- _6 : INTEGER
    1, -- _7 : INTEGER
    1, -- _8 : INTEGER
    12, -- _9 : INTEGER
    1, -- _10 : INTEGER
    0, -- _11 : INTEGER
    0, -- _12 : INTEGER
    200, -- _13 : INTEGER
    150, -- _14 : INTEGER
    0, -- _15 : INTEGER
    '4.1.17', -- _16 : STRING
    'HRUI::UI::UI' -- _17 : STRING
);
INSERT INTO GD_MD VALUES (
    "d6bffb76-b36d-41e2-9be7-8aff2f37cd03", -- _0 : UNIQUE_ID
    112, -- _1 : INTEGER
    "941213f0-4346-48d9-89fe-196761630487", -- _2 : UNIQUE_ID
    108, -- _3 : INTEGER
    0, -- _4 : INTEGER
    0, -- _5 : INTEGER
    1, -- _6 : INTEGER
    1, -- _7 : INTEGER
    1, -- _8 : INTEGER
    12, -- _9 : INTEGER
    1, -- _10 : INTEGER
    0, -- _11 : INTEGER
    0, -- _12 : INTEGER
    200, -- _13 : INTEGER
    150, -- _14 : INTEGER
    0, -- _15 : INTEGER
    '', -- _16 : STRING
    'HRUI::UI::Shared' -- _17 : STRING
);
INSERT INTO GD_MD VALUES (
    "71b186b2-dcea-423f-839e-9b6a25f3e5b2", -- _0 : UNIQUE_ID
    112, -- _1 : INTEGER
    "2ac1b93e-087c-4999-856e-c988c703dec6", -- _2 : UNIQUE_ID
    108, -- _3 : INTEGER
    0, -- _4 : INTEGER
    0, -- _5 : INTEGER
    1, -- _6 : INTEGER
    1, -- _7 : INTEGER
    1, -- _8 : INTEGER
    12, -- _9 : INTEGER
    1, -- _10 : INTEGER
    0, -- _11 : INTEGER
    0, -- _12 : INTEGER
    200, -- _13 : INTEGER
    150, -- _14 : INTEGER
    0, -- _15 : INTEGER
    '', -- _16 : STRING
    'HRUI::UI' -- _17 : STRING
);
INSERT INTO GD_MD VALUES (
    "1a44f04b-948a-4e43-9b12-e4439172ae27", -- _0 : UNIQUE_ID
    108, -- _1 : INTEGER
    "46564f98-385d-43d9-876a-ca551a77e802", -- _2 : UNIQUE_ID
    92, -- _3 : INTEGER
    0, -- _4 : INTEGER
    0, -- _5 : INTEGER
    1, -- _6 : INTEGER
    1, -- _7 : INTEGER
    1, -- _8 : INTEGER
    12, -- _9 : INTEGER
    1, -- _10 : INTEGER
    0, -- _11 : INTEGER
    0, -- _12 : INTEGER
    200, -- _13 : INTEGER
    150, -- _14 : INTEGER
    0, -- _15 : INTEGER
    '', -- _16 : STRING
    'HRUI' -- _17 : STRING
);
INSERT INTO GD_MD VALUES (
    "e16f3bab-481a-46b0-8b83-4541aeed00e9", -- _0 : UNIQUE_ID
    108, -- _1 : INTEGER
    "a31b98b3-80c6-4eea-80cb-d84755441c10", -- _2 : UNIQUE_ID
    92, -- _3 : INTEGER
    0, -- _4 : INTEGER
    0, -- _5 : INTEGER
    1, -- _6 : INTEGER
    1, -- _7 : INTEGER
    1, -- _8 : INTEGER
    12, -- _9 : INTEGER
    1, -- _10 : INTEGER
    0, -- _11 : INTEGER
    0, -- _12 : INTEGER
    200, -- _13 : INTEGER
    150, -- _14 : INTEGER
    0, -- _15 : INTEGER
    '', -- _16 : STRING
    'HRsystem' -- _17 : STRING
);
INSERT INTO GD_MD VALUES (
    "fdf02ff5-476f-4d4e-8467-c6902cdf72f0", -- _0 : UNIQUE_ID
    112, -- _1 : INTEGER
    "b4605ab7-f9f1-4427-9a8b-300116f87fe6", -- _2 : UNIQUE_ID
    108, -- _3 : INTEGER
    0, -- _4 : INTEGER
    0, -- _5 : INTEGER
    1, -- _6 : INTEGER
    1, -- _7 : INTEGER
    1, -- _8 : INTEGER
    12, -- _9 : INTEGER
    1, -- _10 : INTEGER
    0, -- _11 : INTEGER
    0, -- _12 : INTEGER
    0, -- _13 : INTEGER
    0, -- _14 : INTEGER
    0, -- _15 : INTEGER
    '4.1.17', -- _16 : STRING
    'HRsystem::HRsystem' -- _17 : STRING
);
INSERT INTO GD_GE VALUES (
    "47e73ee7-a7e4-4834-ab20-8dbe8067b245", -- _0 : UNIQUE_ID
    "2f6a7c9c-29f6-4d07-bc99-3518dd2d5fa1", -- _1 : UNIQUE_ID
    "4525dfcd-89bc-4810-bceb-c727b8c25e05", -- _2 : UNIQUE_ID
    12, -- _3 : INTEGER
    0, -- _4 : INTEGER
    'runtime::io.ciera.runtime.instanceloading.generic.util::Load' -- _5 : STRING
);
INSERT INTO GD_GE VALUES (
    "2a79e99f-8d48-4840-a9af-963c816e64cf", -- _0 : UNIQUE_ID
    "c583e9a1-e3ff-44b5-9b35-322ca643e77c", -- _1 : UNIQUE_ID
    "3c9187e2-faac-4b05-986d-04c751e1632b", -- _2 : UNIQUE_ID
    12, -- _3 : INTEGER
    0, -- _4 : INTEGER
    'runtime::io.ciera.runtime.instanceloading.sql.util::SQL' -- _5 : STRING
);
INSERT INTO GD_GE VALUES (
    "b338d10f-5ead-401b-a7be-1593614ec0df", -- _0 : UNIQUE_ID
    "aad0165c-b18e-4b9c-a99d-445fb7a93215", -- _1 : UNIQUE_ID
    "63980537-a12c-49e3-a1f9-8bd1a2489218", -- _2 : UNIQUE_ID
    108, -- _3 : INTEGER
    0, -- _4 : INTEGER
    'runtime::io.ciera.runtime.summit.util' -- _5 : STRING
);
INSERT INTO GD_GE VALUES (
    "0f471f9f-a938-4191-a624-af30b406b49a", -- _0 : UNIQUE_ID
    "aad0165c-b18e-4b9c-a99d-445fb7a93215", -- _1 : UNIQUE_ID
    "78fb3e55-9840-4511-a824-62393e628058", -- _2 : UNIQUE_ID
    108, -- _3 : INTEGER
    0, -- _4 : INTEGER
    'runtime::io.ciera.runtime.instanceloading.sql.util' -- _5 : STRING
);
INSERT INTO GD_GE VALUES (
    "9bbac918-642f-4bf0-9460-5e8fcaed8580", -- _0 : UNIQUE_ID
    "aad0165c-b18e-4b9c-a99d-445fb7a93215", -- _1 : UNIQUE_ID
    "1df09104-1fdb-48ee-9ae7-06cc055c5770", -- _2 : UNIQUE_ID
    108, -- _3 : INTEGER
    0, -- _4 : INTEGER
    'runtime::io.ciera.runtime.template.util' -- _5 : STRING
);
INSERT INTO GD_GE VALUES (
    "99f0c301-009f-4de1-8719-28c038e63959", -- _0 : UNIQUE_ID
    "aad0165c-b18e-4b9c-a99d-445fb7a93215", -- _1 : UNIQUE_ID
    "ddbd5fec-558a-4967-bd11-9b09a6c6c428", -- _2 : UNIQUE_ID
    108, -- _3 : INTEGER
    0, -- _4 : INTEGER
    'runtime::io.ciera.runtime.instanceloading.dynamodb.util' -- _5 : STRING
);
INSERT INTO GD_GE VALUES (
    "6d2f1dfa-1460-4d30-9c6d-27930f9432d6", -- _0 : UNIQUE_ID
    "aad0165c-b18e-4b9c-a99d-445fb7a93215", -- _1 : UNIQUE_ID
    "12c213af-4b2d-4e49-890c-453aa4660620", -- _2 : UNIQUE_ID
    108, -- _3 : INTEGER
    0, -- _4 : INTEGER
    'runtime::io.ciera.runtime.instanceloading.generic.util' -- _5 : STRING
);
INSERT INTO GD_GE VALUES (
    "aa81864f-4650-4fac-a858-94602d7f45e1", -- _0 : UNIQUE_ID
    "5d4f79b5-79fc-4c52-b971-fa73cdd5585e", -- _1 : UNIQUE_ID
    "d6db4b3d-c6a5-400a-92b9-6a391237afbb", -- _2 : UNIQUE_ID
    12, -- _3 : INTEGER
    0, -- _4 : INTEGER
    'runtime::io.ciera.runtime.template.util::templating' -- _5 : STRING
);
INSERT INTO GD_GE VALUES (
    "cd19f362-e320-4e99-9086-14abdeed993e", -- _0 : UNIQUE_ID
    "59c17cd3-57f0-44ba-80bc-4fd79c863941", -- _1 : UNIQUE_ID
    "c03ccce5-cb73-48ca-b676-b00270c95839", -- _2 : UNIQUE_ID
    12, -- _3 : INTEGER
    0, -- _4 : INTEGER
    'runtime::io.ciera.runtime.instanceloading.dynamodb.util::DynamoDB' -- _5 : STRING
);
INSERT INTO GD_GE VALUES (
    "02184012-d96b-4d11-b529-6c6ad43a4969", -- _0 : UNIQUE_ID
    "192d2bad-eea3-4a0b-8334-4b7934242c6b", -- _1 : UNIQUE_ID
    "168b328b-2af0-412b-bbf5-7e71f1fea433", -- _2 : UNIQUE_ID
    51, -- _3 : INTEGER
    0, -- _4 : INTEGER
    'hrm::hr_datatypes::Employees' -- _5 : STRING
);
INSERT INTO GD_GE VALUES (
    "75315f47-767f-4cf5-9e10-41a01d18c3b6", -- _0 : UNIQUE_ID
    "192d2bad-eea3-4a0b-8334-4b7934242c6b", -- _1 : UNIQUE_ID
    "0d542083-4531-45d6-8411-30f81c92d642", -- _2 : UNIQUE_ID
    101, -- _3 : INTEGER
    0, -- _4 : INTEGER
    'hrm::hr_datatypes::structureData' -- _5 : STRING
);
INSERT INTO GD_GE VALUES (
    "f5739c23-9126-43ad-9a1b-0f37c7e1dd94", -- _0 : UNIQUE_ID
    "8458b4a8-d1ae-46e5-8dd3-03126e082c37", -- _1 : UNIQUE_ID
    "8e4782c3-9567-4154-87b3-67069634e7a5", -- _2 : UNIQUE_ID
    98, -- _3 : INTEGER
    0, -- _4 : INTEGER
    'hrm::hrm::hr' -- _5 : STRING
);
INSERT INTO GD_GE VALUES (
    "b7208601-6c1d-4a70-9874-af630427b85c", -- _0 : UNIQUE_ID
    "8458b4a8-d1ae-46e5-8dd3-03126e082c37", -- _1 : UNIQUE_ID
    "e211a314-f4cf-4d96-ab5d-86594500f9c9", -- _2 : UNIQUE_ID
    94, -- _3 : INTEGER
    0, -- _4 : INTEGER
    'hrm::hrm::hr::UI::EP' -- _5 : STRING
);
INSERT INTO GD_GE VALUES (
    "26ab6a35-97f1-49d5-ae78-5b9e619b0c16", -- _0 : UNIQUE_ID
    "ee86ddd2-4d3a-47ec-8131-c5225c1bb12b", -- _1 : UNIQUE_ID
    "8e4782c3-9567-4154-87b3-67069634e7a5", -- _2 : UNIQUE_ID
    103, -- _3 : INTEGER
    0, -- _4 : INTEGER
    'hrm::hrm::hr' -- _5 : STRING
);
INSERT INTO GD_GE VALUES (
    "909ab02b-31c7-429f-b99a-d940860bd6d2", -- _0 : UNIQUE_ID
    "ee86ddd2-4d3a-47ec-8131-c5225c1bb12b", -- _1 : UNIQUE_ID
    "fdd8efa1-97d4-4adc-a67d-1fb0bd49373b", -- _2 : UNIQUE_ID
    108, -- _3 : INTEGER
    0, -- _4 : INTEGER
    'hrm::hrm::hr::main' -- _5 : STRING
);
INSERT INTO GD_GE VALUES (
    "b982d6cf-9550-416f-8b35-312dcfff4b27", -- _0 : UNIQUE_ID
    "ee86ddd2-4d3a-47ec-8131-c5225c1bb12b", -- _1 : UNIQUE_ID
    "e211a314-f4cf-4d96-ab5d-86594500f9c9", -- _2 : UNIQUE_ID
    94, -- _3 : INTEGER
    0, -- _4 : INTEGER
    'hrm::hrm::hr::UI::EP' -- _5 : STRING
);
INSERT INTO GD_GE VALUES (
    "ed420ffb-23fe-4148-864b-a72d054bd0af", -- _0 : UNIQUE_ID
    "99029f38-611e-4958-a86d-3e9e4ee3f7fc", -- _1 : UNIQUE_ID
    "d8528470-976c-421b-a087-1201ac24302f", -- _2 : UNIQUE_ID
    21, -- _3 : INTEGER
    0, -- _4 : INTEGER
    'hrm::hrm::hr::main::Employee' -- _5 : STRING
);
INSERT INTO GD_GE VALUES (
    "cc06369f-91cf-4f2e-a482-03645919fd13", -- _0 : UNIQUE_ID
    "99029f38-611e-4958-a86d-3e9e4ee3f7fc", -- _1 : UNIQUE_ID
    "51cda5d8-b9fa-4471-8c71-5014f092a96c", -- _2 : UNIQUE_ID
    51, -- _3 : INTEGER
    0, -- _4 : INTEGER
    'hrm::hrm::hr::main::Employees' -- _5 : STRING
);
INSERT INTO GD_GE VALUES (
    "35340b72-a698-43a9-950c-8ff984a45719", -- _0 : UNIQUE_ID
    "704fdc3f-4d4e-4da3-b3b7-7544b6f5fab6", -- _1 : UNIQUE_ID
    "d5537fcc-bc55-4cfb-8675-25a46ab91a01", -- _2 : UNIQUE_ID
    41, -- _3 : INTEGER
    0, -- _4 : INTEGER
    'hrm::hrm::hr::main::Employee::Instance State Machine::Recruited' -- _5 : STRING
);
INSERT INTO GD_GE VALUES (
    "08d89651-9bdd-4e26-b02a-e04f7b6e5cf9", -- _0 : UNIQUE_ID
    "704fdc3f-4d4e-4da3-b3b7-7544b6f5fab6", -- _1 : UNIQUE_ID
    "292e5e93-2492-4c50-a140-f80cba136b89", -- _2 : UNIQUE_ID
    49, -- _3 : INTEGER
    0, -- _4 : INTEGER
    'Employee1: newEmployeeRcvd(FName, National_ID, LName)' -- _5 : STRING
);
INSERT INTO GD_GE VALUES (
    "5a08134b-a95f-4abb-aa2d-4518a032e798", -- _0 : UNIQUE_ID
    "704fdc3f-4d4e-4da3-b3b7-7544b6f5fab6", -- _1 : UNIQUE_ID
    "7c656ab4-0ad9-4212-b7de-2ffb50ca75b4", -- _2 : UNIQUE_ID
    41, -- _3 : INTEGER
    0, -- _4 : INTEGER
    'hrm::hrm::hr::main::Employee::Instance State Machine::Working' -- _5 : STRING
);
INSERT INTO GD_GE VALUES (
    "f84eae49-c82d-45b4-8c15-f2d7416b1878", -- _0 : UNIQUE_ID
    "704fdc3f-4d4e-4da3-b3b7-7544b6f5fab6", -- _1 : UNIQUE_ID
    "e2bf3f31-2233-4fb0-9b43-3748dd5ec034", -- _2 : UNIQUE_ID
    42, -- _3 : INTEGER
    0, -- _4 : INTEGER
    'hrm::hrm::hr::main::Employee::Instance State Machine::Recruited::Employee2: commencedRcvd' -- _5 : STRING
);
INSERT INTO GD_GE VALUES (
    "71c66339-3e2d-4499-8f00-c89dfd4dfc8c", -- _0 : UNIQUE_ID
    "d2c8956e-9205-4462-9c1a-506047c0b912", -- _1 : UNIQUE_ID
    "c26641d6-6bfe-4fa5-b78d-533f6fb8d396", -- _2 : UNIQUE_ID
    108, -- _3 : INTEGER
    0, -- _4 : INTEGER
    'hrm::hrm' -- _5 : STRING
);
INSERT INTO GD_GE VALUES (
    "440ae350-84b2-46a8-8c8a-2ec5bc3bc426", -- _0 : UNIQUE_ID
    "d2c8956e-9205-4462-9c1a-506047c0b912", -- _1 : UNIQUE_ID
    "27857a34-c690-49d3-a891-ae314dca5262", -- _2 : UNIQUE_ID
    108, -- _3 : INTEGER
    0, -- _4 : INTEGER
    'hrm::hr_datatypes' -- _5 : STRING
);
INSERT INTO GD_GE VALUES (
    "eddfd0d8-cb75-47d8-99ce-5cdb9e99e5a1", -- _0 : UNIQUE_ID
    "41125cbf-38a6-44de-a9ab-3fa10c459399", -- _1 : UNIQUE_ID
    "d81dc79e-6692-4a39-b6d9-f5fc0b765726", -- _2 : UNIQUE_ID
    103, -- _3 : INTEGER
    0, -- _4 : INTEGER
    'HRUI::UI::UI' -- _5 : STRING
);
INSERT INTO GD_GE VALUES (
    "bb11508d-4888-4ca5-a0a8-c353cfcf0e3f", -- _0 : UNIQUE_ID
    "41125cbf-38a6-44de-a9ab-3fa10c459399", -- _1 : UNIQUE_ID
    "cabf7045-c6ff-41a5-afe9-032eec941581", -- _2 : UNIQUE_ID
    108, -- _3 : INTEGER
    0, -- _4 : INTEGER
    'HRUI::UI::UI::UI' -- _5 : STRING
);
INSERT INTO GD_GE VALUES (
    "432cc52d-be9e-4ae8-95dc-458429c448f9", -- _0 : UNIQUE_ID
    "41125cbf-38a6-44de-a9ab-3fa10c459399", -- _1 : UNIQUE_ID
    "3c565891-207b-4f8f-906f-7a28c50fa9aa", -- _2 : UNIQUE_ID
    93, -- _3 : INTEGER
    0, -- _4 : INTEGER
    'HRUI::UI::UI::App::EP' -- _5 : STRING
);
INSERT INTO GD_GE VALUES (
    "927331ad-d65e-4e2c-8275-799133855e3a", -- _0 : UNIQUE_ID
    "d6bffb76-b36d-41e2-9be7-8aff2f37cd03", -- _1 : UNIQUE_ID
    "102214df-1d03-428f-9eb8-5c5ce18bfdae", -- _2 : UNIQUE_ID
    96, -- _3 : INTEGER
    0, -- _4 : INTEGER
    'HRUI::UI::Shared::EP' -- _5 : STRING
);
INSERT INTO GD_GE VALUES (
    "f4b5fb62-5881-41fe-a7aa-362c0a83fbaf", -- _0 : UNIQUE_ID
    "71b186b2-dcea-423f-839e-9b6a25f3e5b2", -- _1 : UNIQUE_ID
    "d81dc79e-6692-4a39-b6d9-f5fc0b765726", -- _2 : UNIQUE_ID
    98, -- _3 : INTEGER
    0, -- _4 : INTEGER
    'HRUI::UI::UI' -- _5 : STRING
);
INSERT INTO GD_GE VALUES (
    "e43671e1-17ed-4f7e-8d09-750416b4fc30", -- _0 : UNIQUE_ID
    "71b186b2-dcea-423f-839e-9b6a25f3e5b2", -- _1 : UNIQUE_ID
    "941213f0-4346-48d9-89fe-196761630487", -- _2 : UNIQUE_ID
    108, -- _3 : INTEGER
    0, -- _4 : INTEGER
    'HRUI::UI::Shared' -- _5 : STRING
);
INSERT INTO GD_GE VALUES (
    "c36dcfd8-6128-4ea6-8ada-504c4809dfa0", -- _0 : UNIQUE_ID
    "71b186b2-dcea-423f-839e-9b6a25f3e5b2", -- _1 : UNIQUE_ID
    "3c565891-207b-4f8f-906f-7a28c50fa9aa", -- _2 : UNIQUE_ID
    93, -- _3 : INTEGER
    0, -- _4 : INTEGER
    'HRUI::UI::UI::App::EP' -- _5 : STRING
);
INSERT INTO GD_GE VALUES (
    "e857f929-02d5-44f6-8679-6e70b8701630", -- _0 : UNIQUE_ID
    "1a44f04b-948a-4e43-9b12-e4439172ae27", -- _1 : UNIQUE_ID
    "2ac1b93e-087c-4999-856e-c988c703dec6", -- _2 : UNIQUE_ID
    108, -- _3 : INTEGER
    0, -- _4 : INTEGER
    'HRUI::UIHR' -- _5 : STRING
);
INSERT INTO GD_GE VALUES (
    "f0c15f86-db3b-40f5-889a-dff0c21c156f", -- _0 : UNIQUE_ID
    "e16f3bab-481a-46b0-8b83-4541aeed00e9", -- _1 : UNIQUE_ID
    "b4605ab7-f9f1-4427-9a8b-300116f87fe6", -- _2 : UNIQUE_ID
    108, -- _3 : INTEGER
    0, -- _4 : INTEGER
    'HRsystem::HRsystem' -- _5 : STRING
);
INSERT INTO GD_GE VALUES (
    "92ffb006-7e74-497e-b004-9458a6871f92", -- _0 : UNIQUE_ID
    "fdf02ff5-476f-4d4e-8467-c6902cdf72f0", -- _1 : UNIQUE_ID
    "6aa4e315-9e4a-4187-afb6-075a37702da7", -- _2 : UNIQUE_ID
    100, -- _3 : INTEGER
    0, -- _4 : INTEGER
    'HRsystem::HRsystem::dhrm::hrm::hr' -- _5 : STRING
);
INSERT INTO GD_GE VALUES (
    "adabfe16-42c0-4cd5-b08c-ee19f02b4594", -- _0 : UNIQUE_ID
    "fdf02ff5-476f-4d4e-8467-c6902cdf72f0", -- _1 : UNIQUE_ID
    "61527127-c692-4baf-8c6a-7b3bd54f8db3", -- _2 : UNIQUE_ID
    100, -- _3 : INTEGER
    0, -- _4 : INTEGER
    'HRsystem::HRsystem::UIHR::UIHR::UI' -- _5 : STRING
);
INSERT INTO GD_GE VALUES (
    "eebc4a6a-cf5b-452d-a523-b9536407fb18", -- _0 : UNIQUE_ID
    "fdf02ff5-476f-4d4e-8467-c6902cdf72f0", -- _1 : UNIQUE_ID
    "0d0011e5-9d08-4213-96c8-a4130d610109", -- _2 : UNIQUE_ID
    105, -- _3 : INTEGER
    0, -- _4 : INTEGER
    'HRsystem::HRsystem::dhrm::hrm::hr::UI::EP' -- _5 : STRING
);
INSERT INTO GD_GE VALUES (
    "c3a89d2e-fa90-4439-8ce1-f2f3990190fe", -- _0 : UNIQUE_ID
    "fdf02ff5-476f-4d4e-8467-c6902cdf72f0", -- _1 : UNIQUE_ID
    "451e40ae-b2bc-4182-972d-e7cd49ffef97", -- _2 : UNIQUE_ID
    106, -- _3 : INTEGER
    0, -- _4 : INTEGER
    'HRsystem::HRsystem::UIHR::UIHR::UI::App::EP' -- _5 : STRING
);
INSERT INTO GD_SHP VALUES (
    "47e73ee7-a7e4-4834-ab20-8dbe8067b245" -- _0 : UNIQUE_ID
);
INSERT INTO GD_SHP VALUES (
    "2a79e99f-8d48-4840-a9af-963c816e64cf" -- _0 : UNIQUE_ID
);
INSERT INTO GD_SHP VALUES (
    "b338d10f-5ead-401b-a7be-1593614ec0df" -- _0 : UNIQUE_ID
);
INSERT INTO GD_SHP VALUES (
    "0f471f9f-a938-4191-a624-af30b406b49a" -- _0 : UNIQUE_ID
);
INSERT INTO GD_SHP VALUES (
    "9bbac918-642f-4bf0-9460-5e8fcaed8580" -- _0 : UNIQUE_ID
);
INSERT INTO GD_SHP VALUES (
    "99f0c301-009f-4de1-8719-28c038e63959" -- _0 : UNIQUE_ID
);
INSERT INTO GD_SHP VALUES (
    "6d2f1dfa-1460-4d30-9c6d-27930f9432d6" -- _0 : UNIQUE_ID
);
INSERT INTO GD_SHP VALUES (
    "aa81864f-4650-4fac-a858-94602d7f45e1" -- _0 : UNIQUE_ID
);
INSERT INTO GD_SHP VALUES (
    "cd19f362-e320-4e99-9086-14abdeed993e" -- _0 : UNIQUE_ID
);
INSERT INTO GD_SHP VALUES (
    "02184012-d96b-4d11-b529-6c6ad43a4969" -- _0 : UNIQUE_ID
);
INSERT INTO GD_SHP VALUES (
    "75315f47-767f-4cf5-9e10-41a01d18c3b6" -- _0 : UNIQUE_ID
);
INSERT INTO GD_SHP VALUES (
    "f5739c23-9126-43ad-9a1b-0f37c7e1dd94" -- _0 : UNIQUE_ID
);
INSERT INTO GD_SHP VALUES (
    "26ab6a35-97f1-49d5-ae78-5b9e619b0c16" -- _0 : UNIQUE_ID
);
INSERT INTO GD_SHP VALUES (
    "909ab02b-31c7-429f-b99a-d940860bd6d2" -- _0 : UNIQUE_ID
);
INSERT INTO GD_SHP VALUES (
    "ed420ffb-23fe-4148-864b-a72d054bd0af" -- _0 : UNIQUE_ID
);
INSERT INTO GD_SHP VALUES (
    "cc06369f-91cf-4f2e-a482-03645919fd13" -- _0 : UNIQUE_ID
);
INSERT INTO GD_SHP VALUES (
    "35340b72-a698-43a9-950c-8ff984a45719" -- _0 : UNIQUE_ID
);
INSERT INTO GD_SHP VALUES (
    "5a08134b-a95f-4abb-aa2d-4518a032e798" -- _0 : UNIQUE_ID
);
INSERT INTO GD_SHP VALUES (
    "71c66339-3e2d-4499-8f00-c89dfd4dfc8c" -- _0 : UNIQUE_ID
);
INSERT INTO GD_SHP VALUES (
    "440ae350-84b2-46a8-8c8a-2ec5bc3bc426" -- _0 : UNIQUE_ID
);
INSERT INTO GD_SHP VALUES (
    "eddfd0d8-cb75-47d8-99ce-5cdb9e99e5a1" -- _0 : UNIQUE_ID
);
INSERT INTO GD_SHP VALUES (
    "bb11508d-4888-4ca5-a0a8-c353cfcf0e3f" -- _0 : UNIQUE_ID
);
INSERT INTO GD_SHP VALUES (
    "927331ad-d65e-4e2c-8275-799133855e3a" -- _0 : UNIQUE_ID
);
INSERT INTO GD_SHP VALUES (
    "f4b5fb62-5881-41fe-a7aa-362c0a83fbaf" -- _0 : UNIQUE_ID
);
INSERT INTO GD_SHP VALUES (
    "e43671e1-17ed-4f7e-8d09-750416b4fc30" -- _0 : UNIQUE_ID
);
INSERT INTO GD_SHP VALUES (
    "e857f929-02d5-44f6-8679-6e70b8701630" -- _0 : UNIQUE_ID
);
INSERT INTO GD_SHP VALUES (
    "f0c15f86-db3b-40f5-889a-dff0c21c156f" -- _0 : UNIQUE_ID
);
INSERT INTO GD_SHP VALUES (
    "92ffb006-7e74-497e-b004-9458a6871f92" -- _0 : UNIQUE_ID
);
INSERT INTO GD_SHP VALUES (
    "adabfe16-42c0-4cd5-b08c-ee19f02b4594" -- _0 : UNIQUE_ID
);
INSERT INTO GD_NCS VALUES (
    "47e73ee7-a7e4-4834-ab20-8dbe8067b245" -- _0 : UNIQUE_ID
);
INSERT INTO GD_NCS VALUES (
    "2a79e99f-8d48-4840-a9af-963c816e64cf" -- _0 : UNIQUE_ID
);
INSERT INTO GD_NCS VALUES (
    "b338d10f-5ead-401b-a7be-1593614ec0df" -- _0 : UNIQUE_ID
);
INSERT INTO GD_NCS VALUES (
    "0f471f9f-a938-4191-a624-af30b406b49a" -- _0 : UNIQUE_ID
);
INSERT INTO GD_NCS VALUES (
    "9bbac918-642f-4bf0-9460-5e8fcaed8580" -- _0 : UNIQUE_ID
);
INSERT INTO GD_NCS VALUES (
    "99f0c301-009f-4de1-8719-28c038e63959" -- _0 : UNIQUE_ID
);
INSERT INTO GD_NCS VALUES (
    "6d2f1dfa-1460-4d30-9c6d-27930f9432d6" -- _0 : UNIQUE_ID
);
INSERT INTO GD_NCS VALUES (
    "aa81864f-4650-4fac-a858-94602d7f45e1" -- _0 : UNIQUE_ID
);
INSERT INTO GD_NCS VALUES (
    "cd19f362-e320-4e99-9086-14abdeed993e" -- _0 : UNIQUE_ID
);
INSERT INTO GD_NCS VALUES (
    "02184012-d96b-4d11-b529-6c6ad43a4969" -- _0 : UNIQUE_ID
);
INSERT INTO GD_NCS VALUES (
    "75315f47-767f-4cf5-9e10-41a01d18c3b6" -- _0 : UNIQUE_ID
);
INSERT INTO GD_NCS VALUES (
    "f5739c23-9126-43ad-9a1b-0f37c7e1dd94" -- _0 : UNIQUE_ID
);
INSERT INTO GD_NCS VALUES (
    "909ab02b-31c7-429f-b99a-d940860bd6d2" -- _0 : UNIQUE_ID
);
INSERT INTO GD_NCS VALUES (
    "ed420ffb-23fe-4148-864b-a72d054bd0af" -- _0 : UNIQUE_ID
);
INSERT INTO GD_NCS VALUES (
    "cc06369f-91cf-4f2e-a482-03645919fd13" -- _0 : UNIQUE_ID
);
INSERT INTO GD_NCS VALUES (
    "35340b72-a698-43a9-950c-8ff984a45719" -- _0 : UNIQUE_ID
);
INSERT INTO GD_NCS VALUES (
    "5a08134b-a95f-4abb-aa2d-4518a032e798" -- _0 : UNIQUE_ID
);
INSERT INTO GD_NCS VALUES (
    "71c66339-3e2d-4499-8f00-c89dfd4dfc8c" -- _0 : UNIQUE_ID
);
INSERT INTO GD_NCS VALUES (
    "440ae350-84b2-46a8-8c8a-2ec5bc3bc426" -- _0 : UNIQUE_ID
);
INSERT INTO GD_NCS VALUES (
    "bb11508d-4888-4ca5-a0a8-c353cfcf0e3f" -- _0 : UNIQUE_ID
);
INSERT INTO GD_NCS VALUES (
    "927331ad-d65e-4e2c-8275-799133855e3a" -- _0 : UNIQUE_ID
);
INSERT INTO GD_NCS VALUES (
    "f4b5fb62-5881-41fe-a7aa-362c0a83fbaf" -- _0 : UNIQUE_ID
);
INSERT INTO GD_NCS VALUES (
    "e43671e1-17ed-4f7e-8d09-750416b4fc30" -- _0 : UNIQUE_ID
);
INSERT INTO GD_NCS VALUES (
    "e857f929-02d5-44f6-8679-6e70b8701630" -- _0 : UNIQUE_ID
);
INSERT INTO GD_NCS VALUES (
    "f0c15f86-db3b-40f5-889a-dff0c21c156f" -- _0 : UNIQUE_ID
);
INSERT INTO GD_NCS VALUES (
    "92ffb006-7e74-497e-b004-9458a6871f92" -- _0 : UNIQUE_ID
);
INSERT INTO GD_NCS VALUES (
    "adabfe16-42c0-4cd5-b08c-ee19f02b4594" -- _0 : UNIQUE_ID
);
INSERT INTO DIM_ND VALUES (
    200.000000, -- _0 : REAL
    150.000000, -- _1 : REAL
    "47e73ee7-a7e4-4834-ab20-8dbe8067b245" -- _2 : UNIQUE_ID
);
INSERT INTO DIM_ND VALUES (
    200.000000, -- _0 : REAL
    150.000000, -- _1 : REAL
    "2a79e99f-8d48-4840-a9af-963c816e64cf" -- _2 : UNIQUE_ID
);
INSERT INTO DIM_ND VALUES (
    200.000000, -- _0 : REAL
    150.000000, -- _1 : REAL
    "b338d10f-5ead-401b-a7be-1593614ec0df" -- _2 : UNIQUE_ID
);
INSERT INTO DIM_ND VALUES (
    200.000000, -- _0 : REAL
    150.000000, -- _1 : REAL
    "0f471f9f-a938-4191-a624-af30b406b49a" -- _2 : UNIQUE_ID
);
INSERT INTO DIM_ND VALUES (
    200.000000, -- _0 : REAL
    150.000000, -- _1 : REAL
    "9bbac918-642f-4bf0-9460-5e8fcaed8580" -- _2 : UNIQUE_ID
);
INSERT INTO DIM_ND VALUES (
    200.000000, -- _0 : REAL
    150.000000, -- _1 : REAL
    "99f0c301-009f-4de1-8719-28c038e63959" -- _2 : UNIQUE_ID
);
INSERT INTO DIM_ND VALUES (
    200.000000, -- _0 : REAL
    150.000000, -- _1 : REAL
    "6d2f1dfa-1460-4d30-9c6d-27930f9432d6" -- _2 : UNIQUE_ID
);
INSERT INTO DIM_ND VALUES (
    200.000000, -- _0 : REAL
    150.000000, -- _1 : REAL
    "aa81864f-4650-4fac-a858-94602d7f45e1" -- _2 : UNIQUE_ID
);
INSERT INTO DIM_ND VALUES (
    200.000000, -- _0 : REAL
    150.000000, -- _1 : REAL
    "cd19f362-e320-4e99-9086-14abdeed993e" -- _2 : UNIQUE_ID
);
INSERT INTO DIM_ND VALUES (
    204.000000, -- _0 : REAL
    144.000000, -- _1 : REAL
    "02184012-d96b-4d11-b529-6c6ad43a4969" -- _2 : UNIQUE_ID
);
INSERT INTO DIM_ND VALUES (
    204.000000, -- _0 : REAL
    144.000000, -- _1 : REAL
    "75315f47-767f-4cf5-9e10-41a01d18c3b6" -- _2 : UNIQUE_ID
);
INSERT INTO DIM_ND VALUES (
    200.000000, -- _0 : REAL
    150.000000, -- _1 : REAL
    "f5739c23-9126-43ad-9a1b-0f37c7e1dd94" -- _2 : UNIQUE_ID
);
INSERT INTO DIM_ND VALUES (
    0.000000, -- _0 : REAL
    0.000000, -- _1 : REAL
    "590f870e-b7ca-46f8-8500-ea6abcbb3010" -- _2 : UNIQUE_ID
);
INSERT INTO DIM_ND VALUES (
    0.000000, -- _0 : REAL
    0.000000, -- _1 : REAL
    "86402be8-bb4b-4376-a115-e699b0a52f11" -- _2 : UNIQUE_ID
);
INSERT INTO DIM_ND VALUES (
    0.000000, -- _0 : REAL
    0.000000, -- _1 : REAL
    "29676bb3-3870-4ca6-9e12-5289bcd5ae93" -- _2 : UNIQUE_ID
);
INSERT INTO DIM_ND VALUES (
    1032.000000, -- _0 : REAL
    800.000000, -- _1 : REAL
    "26ab6a35-97f1-49d5-ae78-5b9e619b0c16" -- _2 : UNIQUE_ID
);
INSERT INTO DIM_ND VALUES (
    200.000000, -- _0 : REAL
    150.000000, -- _1 : REAL
    "909ab02b-31c7-429f-b99a-d940860bd6d2" -- _2 : UNIQUE_ID
);
INSERT INTO DIM_ND VALUES (
    0.000000, -- _0 : REAL
    0.000000, -- _1 : REAL
    "dd27e626-43d7-4efd-a5c2-8d0834432a8c" -- _2 : UNIQUE_ID
);
INSERT INTO DIM_ND VALUES (
    0.000000, -- _0 : REAL
    0.000000, -- _1 : REAL
    "5d418687-f480-4153-b7b2-76bb769b9fc0" -- _2 : UNIQUE_ID
);
INSERT INTO DIM_ND VALUES (
    0.000000, -- _0 : REAL
    0.000000, -- _1 : REAL
    "efaa4664-7a69-4f7b-83fc-13965abcd008" -- _2 : UNIQUE_ID
);
INSERT INTO DIM_ND VALUES (
    200.000000, -- _0 : REAL
    150.000000, -- _1 : REAL
    "ed420ffb-23fe-4148-864b-a72d054bd0af" -- _2 : UNIQUE_ID
);
INSERT INTO DIM_ND VALUES (
    145.000000, -- _0 : REAL
    109.000000, -- _1 : REAL
    "cc06369f-91cf-4f2e-a482-03645919fd13" -- _2 : UNIQUE_ID
);
INSERT INTO DIM_ND VALUES (
    204.000000, -- _0 : REAL
    144.000000, -- _1 : REAL
    "35340b72-a698-43a9-950c-8ff984a45719" -- _2 : UNIQUE_ID
);
INSERT INTO DIM_ND VALUES (
    0.000000, -- _0 : REAL
    0.000000, -- _1 : REAL
    "657f63f8-e1d0-4a1e-abfb-6a9cfea8d373" -- _2 : UNIQUE_ID
);
INSERT INTO DIM_ND VALUES (
    0.000000, -- _0 : REAL
    0.000000, -- _1 : REAL
    "b9fdc610-f254-42f6-ae7f-4805a06e893c" -- _2 : UNIQUE_ID
);
INSERT INTO DIM_ND VALUES (
    0.000000, -- _0 : REAL
    0.000000, -- _1 : REAL
    "b8e0f031-4317-4598-b83f-046de471eeb7" -- _2 : UNIQUE_ID
);
INSERT INTO DIM_ND VALUES (
    204.000000, -- _0 : REAL
    144.000000, -- _1 : REAL
    "5a08134b-a95f-4abb-aa2d-4518a032e798" -- _2 : UNIQUE_ID
);
INSERT INTO DIM_ND VALUES (
    0.000000, -- _0 : REAL
    0.000000, -- _1 : REAL
    "b104e90c-22a4-4384-ae44-fa9fd90e0427" -- _2 : UNIQUE_ID
);
INSERT INTO DIM_ND VALUES (
    0.000000, -- _0 : REAL
    0.000000, -- _1 : REAL
    "32905cb4-f5ac-4f79-b6f5-2be5d4b5281f" -- _2 : UNIQUE_ID
);
INSERT INTO DIM_ND VALUES (
    0.000000, -- _0 : REAL
    0.000000, -- _1 : REAL
    "410044bf-19d9-45a8-b93f-69d0ee61b173" -- _2 : UNIQUE_ID
);
INSERT INTO DIM_ND VALUES (
    200.000000, -- _0 : REAL
    150.000000, -- _1 : REAL
    "71c66339-3e2d-4499-8f00-c89dfd4dfc8c" -- _2 : UNIQUE_ID
);
INSERT INTO DIM_ND VALUES (
    200.000000, -- _0 : REAL
    150.000000, -- _1 : REAL
    "440ae350-84b2-46a8-8c8a-2ec5bc3bc426" -- _2 : UNIQUE_ID
);
INSERT INTO DIM_ND VALUES (
    522.000000, -- _0 : REAL
    162.000000, -- _1 : REAL
    "eddfd0d8-cb75-47d8-99ce-5cdb9e99e5a1" -- _2 : UNIQUE_ID
);
INSERT INTO DIM_ND VALUES (
    200.000000, -- _0 : REAL
    150.000000, -- _1 : REAL
    "bb11508d-4888-4ca5-a0a8-c353cfcf0e3f" -- _2 : UNIQUE_ID
);
INSERT INTO DIM_ND VALUES (
    0.000000, -- _0 : REAL
    0.000000, -- _1 : REAL
    "8d496faf-0f8e-45af-8581-e81ee4bb69b1" -- _2 : UNIQUE_ID
);
INSERT INTO DIM_ND VALUES (
    0.000000, -- _0 : REAL
    0.000000, -- _1 : REAL
    "22e09dc6-f6a7-4be9-aecf-b6a614fd9b11" -- _2 : UNIQUE_ID
);
INSERT INTO DIM_ND VALUES (
    0.000000, -- _0 : REAL
    0.000000, -- _1 : REAL
    "2b6dbeea-9dc2-420f-9501-a507c9568a2c" -- _2 : UNIQUE_ID
);
INSERT INTO DIM_ND VALUES (
    200.000000, -- _0 : REAL
    150.000000, -- _1 : REAL
    "927331ad-d65e-4e2c-8275-799133855e3a" -- _2 : UNIQUE_ID
);
INSERT INTO DIM_ND VALUES (
    200.000000, -- _0 : REAL
    150.000000, -- _1 : REAL
    "f4b5fb62-5881-41fe-a7aa-362c0a83fbaf" -- _2 : UNIQUE_ID
);
INSERT INTO DIM_ND VALUES (
    200.000000, -- _0 : REAL
    150.000000, -- _1 : REAL
    "e43671e1-17ed-4f7e-8d09-750416b4fc30" -- _2 : UNIQUE_ID
);
INSERT INTO DIM_ND VALUES (
    0.000000, -- _0 : REAL
    0.000000, -- _1 : REAL
    "e0078476-c9af-443d-a1ed-8e1dbda2db02" -- _2 : UNIQUE_ID
);
INSERT INTO DIM_ND VALUES (
    0.000000, -- _0 : REAL
    0.000000, -- _1 : REAL
    "d00d3a6b-a2cb-4ddd-b4c9-6a9646574955" -- _2 : UNIQUE_ID
);
INSERT INTO DIM_ND VALUES (
    0.000000, -- _0 : REAL
    0.000000, -- _1 : REAL
    "c0df5eaf-b872-434c-becc-ca967e6b1904" -- _2 : UNIQUE_ID
);
INSERT INTO DIM_ND VALUES (
    200.000000, -- _0 : REAL
    150.000000, -- _1 : REAL
    "e857f929-02d5-44f6-8679-6e70b8701630" -- _2 : UNIQUE_ID
);
INSERT INTO DIM_ND VALUES (
    200.000000, -- _0 : REAL
    150.000000, -- _1 : REAL
    "f0c15f86-db3b-40f5-889a-dff0c21c156f" -- _2 : UNIQUE_ID
);
INSERT INTO DIM_ND VALUES (
    204.000000, -- _0 : REAL
    144.000000, -- _1 : REAL
    "92ffb006-7e74-497e-b004-9458a6871f92" -- _2 : UNIQUE_ID
);
INSERT INTO DIM_ND VALUES (
    204.000000, -- _0 : REAL
    144.000000, -- _1 : REAL
    "adabfe16-42c0-4cd5-b08c-ee19f02b4594" -- _2 : UNIQUE_ID
);
INSERT INTO DIM_ND VALUES (
    0.000000, -- _0 : REAL
    0.000000, -- _1 : REAL
    "594d4f9b-9f7e-4f37-bfe3-c6ca309b2716" -- _2 : UNIQUE_ID
);
INSERT INTO DIM_ND VALUES (
    0.000000, -- _0 : REAL
    0.000000, -- _1 : REAL
    "665b84fa-f37e-4d1d-92ab-956821094a11" -- _2 : UNIQUE_ID
);
INSERT INTO DIM_ND VALUES (
    0.000000, -- _0 : REAL
    0.000000, -- _1 : REAL
    "92685918-1ab6-4a74-986e-8393ba8bf6b5" -- _2 : UNIQUE_ID
);
INSERT INTO DIM_ND VALUES (
    0.000000, -- _0 : REAL
    0.000000, -- _1 : REAL
    "ce6d8f53-1a3a-4ac1-bbda-f29ac3475992" -- _2 : UNIQUE_ID
);
INSERT INTO DIM_ND VALUES (
    0.000000, -- _0 : REAL
    0.000000, -- _1 : REAL
    "246f54b4-7a6f-4630-8c44-3d9cdf95e495" -- _2 : UNIQUE_ID
);
INSERT INTO DIM_ND VALUES (
    0.000000, -- _0 : REAL
    0.000000, -- _1 : REAL
    "6e85febf-a3f2-4df7-8712-a171a4921fd0" -- _2 : UNIQUE_ID
);
INSERT INTO DIM_GE VALUES (
    0.000000, -- _0 : REAL
    0.000000, -- _1 : REAL
    "47e73ee7-a7e4-4834-ab20-8dbe8067b245", -- _2 : UNIQUE_ID
    "00000000-0000-0000-0000-000000000000" -- _3 : UNIQUE_ID
);
INSERT INTO DIM_GE VALUES (
    250.000000, -- _0 : REAL
    0.000000, -- _1 : REAL
    "2a79e99f-8d48-4840-a9af-963c816e64cf", -- _2 : UNIQUE_ID
    "00000000-0000-0000-0000-000000000000" -- _3 : UNIQUE_ID
);
INSERT INTO DIM_GE VALUES (
    250.000000, -- _0 : REAL
    0.000000, -- _1 : REAL
    "b338d10f-5ead-401b-a7be-1593614ec0df", -- _2 : UNIQUE_ID
    "00000000-0000-0000-0000-000000000000" -- _3 : UNIQUE_ID
);
INSERT INTO DIM_GE VALUES (
    0.000000, -- _0 : REAL
    0.000000, -- _1 : REAL
    "0f471f9f-a938-4191-a624-af30b406b49a", -- _2 : UNIQUE_ID
    "00000000-0000-0000-0000-000000000000" -- _3 : UNIQUE_ID
);
INSERT INTO DIM_GE VALUES (
    0.000000, -- _0 : REAL
    0.000000, -- _1 : REAL
    "9bbac918-642f-4bf0-9460-5e8fcaed8580", -- _2 : UNIQUE_ID
    "00000000-0000-0000-0000-000000000000" -- _3 : UNIQUE_ID
);
INSERT INTO DIM_GE VALUES (
    0.000000, -- _0 : REAL
    0.000000, -- _1 : REAL
    "99f0c301-009f-4de1-8719-28c038e63959", -- _2 : UNIQUE_ID
    "00000000-0000-0000-0000-000000000000" -- _3 : UNIQUE_ID
);
INSERT INTO DIM_GE VALUES (
    0.000000, -- _0 : REAL
    0.000000, -- _1 : REAL
    "6d2f1dfa-1460-4d30-9c6d-27930f9432d6", -- _2 : UNIQUE_ID
    "00000000-0000-0000-0000-000000000000" -- _3 : UNIQUE_ID
);
INSERT INTO DIM_GE VALUES (
    970.000000, -- _0 : REAL
    0.000000, -- _1 : REAL
    "aa81864f-4650-4fac-a858-94602d7f45e1", -- _2 : UNIQUE_ID
    "00000000-0000-0000-0000-000000000000" -- _3 : UNIQUE_ID
);
INSERT INTO DIM_GE VALUES (
    250.000000, -- _0 : REAL
    0.000000, -- _1 : REAL
    "cd19f362-e320-4e99-9086-14abdeed993e", -- _2 : UNIQUE_ID
    "00000000-0000-0000-0000-000000000000" -- _3 : UNIQUE_ID
);
INSERT INTO DIM_GE VALUES (
    4140.000000, -- _0 : REAL
    3096.000000, -- _1 : REAL
    "02184012-d96b-4d11-b529-6c6ad43a4969", -- _2 : UNIQUE_ID
    "00000000-0000-0000-0000-000000000000" -- _3 : UNIQUE_ID
);
INSERT INTO DIM_GE VALUES (
    4464.000000, -- _0 : REAL
    3120.000000, -- _1 : REAL
    "75315f47-767f-4cf5-9e10-41a01d18c3b6", -- _2 : UNIQUE_ID
    "00000000-0000-0000-0000-000000000000" -- _3 : UNIQUE_ID
);
INSERT INTO DIM_GE VALUES (
    0.000000, -- _0 : REAL
    0.000000, -- _1 : REAL
    "f5739c23-9126-43ad-9a1b-0f37c7e1dd94", -- _2 : UNIQUE_ID
    "00000000-0000-0000-0000-000000000000" -- _3 : UNIQUE_ID
);
INSERT INTO DIM_GE VALUES (
    0.000000, -- _0 : REAL
    0.000000, -- _1 : REAL
    "590f870e-b7ca-46f8-8500-ea6abcbb3010", -- _2 : UNIQUE_ID
    "00000000-0000-0000-0000-000000000000" -- _3 : UNIQUE_ID
);
INSERT INTO DIM_GE VALUES (
    0.000000, -- _0 : REAL
    0.000000, -- _1 : REAL
    "86402be8-bb4b-4376-a115-e699b0a52f11", -- _2 : UNIQUE_ID
    "00000000-0000-0000-0000-000000000000" -- _3 : UNIQUE_ID
);
INSERT INTO DIM_GE VALUES (
    0.000000, -- _0 : REAL
    0.000000, -- _1 : REAL
    "29676bb3-3870-4ca6-9e12-5289bcd5ae93", -- _2 : UNIQUE_ID
    "00000000-0000-0000-0000-000000000000" -- _3 : UNIQUE_ID
);
INSERT INTO DIM_GE VALUES (
    0.000000, -- _0 : REAL
    0.000000, -- _1 : REAL
    "b7208601-6c1d-4a70-9874-af630427b85c", -- _2 : UNIQUE_ID
    "00000000-0000-0000-0000-000000000000" -- _3 : UNIQUE_ID
);
INSERT INTO DIM_GE VALUES (
    4100.000000, -- _0 : REAL
    3100.000000, -- _1 : REAL
    "26ab6a35-97f1-49d5-ae78-5b9e619b0c16", -- _2 : UNIQUE_ID
    "00000000-0000-0000-0000-000000000000" -- _3 : UNIQUE_ID
);
INSERT INTO DIM_GE VALUES (
    4920.000000, -- _0 : REAL
    3100.000000, -- _1 : REAL
    "909ab02b-31c7-429f-b99a-d940860bd6d2", -- _2 : UNIQUE_ID
    "00000000-0000-0000-0000-000000000000" -- _3 : UNIQUE_ID
);
INSERT INTO DIM_GE VALUES (
    0.000000, -- _0 : REAL
    0.000000, -- _1 : REAL
    "dd27e626-43d7-4efd-a5c2-8d0834432a8c", -- _2 : UNIQUE_ID
    "00000000-0000-0000-0000-000000000000" -- _3 : UNIQUE_ID
);
INSERT INTO DIM_GE VALUES (
    5119.000000, -- _0 : REAL
    3512.000000, -- _1 : REAL
    "5d418687-f480-4153-b7b2-76bb769b9fc0", -- _2 : UNIQUE_ID
    "00000000-0000-0000-0000-000000000000" -- _3 : UNIQUE_ID
);
INSERT INTO DIM_GE VALUES (
    0.000000, -- _0 : REAL
    0.000000, -- _1 : REAL
    "efaa4664-7a69-4f7b-83fc-13965abcd008", -- _2 : UNIQUE_ID
    "00000000-0000-0000-0000-000000000000" -- _3 : UNIQUE_ID
);
INSERT INTO DIM_GE VALUES (
    0.000000, -- _0 : REAL
    0.000000, -- _1 : REAL
    "b982d6cf-9550-416f-8b35-312dcfff4b27", -- _2 : UNIQUE_ID
    "00000000-0000-0000-0000-000000000000" -- _3 : UNIQUE_ID
);
INSERT INTO DIM_GE VALUES (
    0.000000, -- _0 : REAL
    0.000000, -- _1 : REAL
    "ed420ffb-23fe-4148-864b-a72d054bd0af", -- _2 : UNIQUE_ID
    "00000000-0000-0000-0000-000000000000" -- _3 : UNIQUE_ID
);
INSERT INTO DIM_GE VALUES (
    288.000000, -- _0 : REAL
    96.000000, -- _1 : REAL
    "cc06369f-91cf-4f2e-a482-03645919fd13", -- _2 : UNIQUE_ID
    "00000000-0000-0000-0000-000000000000" -- _3 : UNIQUE_ID
);
INSERT INTO DIM_GE VALUES (
    4116.000000, -- _0 : REAL
    3120.000000, -- _1 : REAL
    "35340b72-a698-43a9-950c-8ff984a45719", -- _2 : UNIQUE_ID
    "00000000-0000-0000-0000-000000000000" -- _3 : UNIQUE_ID
);
INSERT INTO DIM_GE VALUES (
    0.000000, -- _0 : REAL
    0.000000, -- _1 : REAL
    "657f63f8-e1d0-4a1e-abfb-6a9cfea8d373", -- _2 : UNIQUE_ID
    "00000000-0000-0000-0000-000000000000" -- _3 : UNIQUE_ID
);
INSERT INTO DIM_GE VALUES (
    4140.000000, -- _0 : REAL
    3081.000000, -- _1 : REAL
    "b9fdc610-f254-42f6-ae7f-4805a06e893c", -- _2 : UNIQUE_ID
    "00000000-0000-0000-0000-000000000000" -- _3 : UNIQUE_ID
);
INSERT INTO DIM_GE VALUES (
    0.000000, -- _0 : REAL
    0.000000, -- _1 : REAL
    "b8e0f031-4317-4598-b83f-046de471eeb7", -- _2 : UNIQUE_ID
    "00000000-0000-0000-0000-000000000000" -- _3 : UNIQUE_ID
);
INSERT INTO DIM_GE VALUES (
    0.000000, -- _0 : REAL
    0.000000, -- _1 : REAL
    "08d89651-9bdd-4e26-b02a-e04f7b6e5cf9", -- _2 : UNIQUE_ID
    "00000000-0000-0000-0000-000000000000" -- _3 : UNIQUE_ID
);
INSERT INTO DIM_GE VALUES (
    4116.000000, -- _0 : REAL
    3324.000000, -- _1 : REAL
    "5a08134b-a95f-4abb-aa2d-4518a032e798", -- _2 : UNIQUE_ID
    "00000000-0000-0000-0000-000000000000" -- _3 : UNIQUE_ID
);
INSERT INTO DIM_GE VALUES (
    0.000000, -- _0 : REAL
    0.000000, -- _1 : REAL
    "b104e90c-22a4-4384-ae44-fa9fd90e0427", -- _2 : UNIQUE_ID
    "00000000-0000-0000-0000-000000000000" -- _3 : UNIQUE_ID
);
INSERT INTO DIM_GE VALUES (
    4015.000000, -- _0 : REAL
    3285.000000, -- _1 : REAL
    "32905cb4-f5ac-4f79-b6f5-2be5d4b5281f", -- _2 : UNIQUE_ID
    "00000000-0000-0000-0000-000000000000" -- _3 : UNIQUE_ID
);
INSERT INTO DIM_GE VALUES (
    0.000000, -- _0 : REAL
    0.000000, -- _1 : REAL
    "410044bf-19d9-45a8-b93f-69d0ee61b173", -- _2 : UNIQUE_ID
    "00000000-0000-0000-0000-000000000000" -- _3 : UNIQUE_ID
);
INSERT INTO DIM_GE VALUES (
    0.000000, -- _0 : REAL
    0.000000, -- _1 : REAL
    "f84eae49-c82d-45b4-8c15-f2d7416b1878", -- _2 : UNIQUE_ID
    "00000000-0000-0000-0000-000000000000" -- _3 : UNIQUE_ID
);
INSERT INTO DIM_GE VALUES (
    0.000000, -- _0 : REAL
    0.000000, -- _1 : REAL
    "71c66339-3e2d-4499-8f00-c89dfd4dfc8c", -- _2 : UNIQUE_ID
    "00000000-0000-0000-0000-000000000000" -- _3 : UNIQUE_ID
);
INSERT INTO DIM_GE VALUES (
    220.000000, -- _0 : REAL
    0.000000, -- _1 : REAL
    "440ae350-84b2-46a8-8c8a-2ec5bc3bc426", -- _2 : UNIQUE_ID
    "00000000-0000-0000-0000-000000000000" -- _3 : UNIQUE_ID
);
INSERT INTO DIM_GE VALUES (
    4100.000000, -- _0 : REAL
    3100.000000, -- _1 : REAL
    "eddfd0d8-cb75-47d8-99ce-5cdb9e99e5a1", -- _2 : UNIQUE_ID
    "00000000-0000-0000-0000-000000000000" -- _3 : UNIQUE_ID
);
INSERT INTO DIM_GE VALUES (
    4410.000000, -- _0 : REAL
    3100.000000, -- _1 : REAL
    "bb11508d-4888-4ca5-a0a8-c353cfcf0e3f", -- _2 : UNIQUE_ID
    "00000000-0000-0000-0000-000000000000" -- _3 : UNIQUE_ID
);
INSERT INTO DIM_GE VALUES (
    0.000000, -- _0 : REAL
    0.000000, -- _1 : REAL
    "8d496faf-0f8e-45af-8581-e81ee4bb69b1", -- _2 : UNIQUE_ID
    "00000000-0000-0000-0000-000000000000" -- _3 : UNIQUE_ID
);
INSERT INTO DIM_GE VALUES (
    4613.000000, -- _0 : REAL
    3178.000000, -- _1 : REAL
    "22e09dc6-f6a7-4be9-aecf-b6a614fd9b11", -- _2 : UNIQUE_ID
    "00000000-0000-0000-0000-000000000000" -- _3 : UNIQUE_ID
);
INSERT INTO DIM_GE VALUES (
    0.000000, -- _0 : REAL
    0.000000, -- _1 : REAL
    "2b6dbeea-9dc2-420f-9501-a507c9568a2c", -- _2 : UNIQUE_ID
    "00000000-0000-0000-0000-000000000000" -- _3 : UNIQUE_ID
);
INSERT INTO DIM_GE VALUES (
    0.000000, -- _0 : REAL
    0.000000, -- _1 : REAL
    "432cc52d-be9e-4ae8-95dc-458429c448f9", -- _2 : UNIQUE_ID
    "00000000-0000-0000-0000-000000000000" -- _3 : UNIQUE_ID
);
INSERT INTO DIM_GE VALUES (
    0.000000, -- _0 : REAL
    0.000000, -- _1 : REAL
    "927331ad-d65e-4e2c-8275-799133855e3a", -- _2 : UNIQUE_ID
    "00000000-0000-0000-0000-000000000000" -- _3 : UNIQUE_ID
);
INSERT INTO DIM_GE VALUES (
    0.000000, -- _0 : REAL
    0.000000, -- _1 : REAL
    "f4b5fb62-5881-41fe-a7aa-362c0a83fbaf", -- _2 : UNIQUE_ID
    "00000000-0000-0000-0000-000000000000" -- _3 : UNIQUE_ID
);
INSERT INTO DIM_GE VALUES (
    220.000000, -- _0 : REAL
    0.000000, -- _1 : REAL
    "e43671e1-17ed-4f7e-8d09-750416b4fc30", -- _2 : UNIQUE_ID
    "00000000-0000-0000-0000-000000000000" -- _3 : UNIQUE_ID
);
INSERT INTO DIM_GE VALUES (
    0.000000, -- _0 : REAL
    0.000000, -- _1 : REAL
    "e0078476-c9af-443d-a1ed-8e1dbda2db02", -- _2 : UNIQUE_ID
    "00000000-0000-0000-0000-000000000000" -- _3 : UNIQUE_ID
);
INSERT INTO DIM_GE VALUES (
    0.000000, -- _0 : REAL
    0.000000, -- _1 : REAL
    "d00d3a6b-a2cb-4ddd-b4c9-6a9646574955", -- _2 : UNIQUE_ID
    "00000000-0000-0000-0000-000000000000" -- _3 : UNIQUE_ID
);
INSERT INTO DIM_GE VALUES (
    0.000000, -- _0 : REAL
    0.000000, -- _1 : REAL
    "c0df5eaf-b872-434c-becc-ca967e6b1904", -- _2 : UNIQUE_ID
    "00000000-0000-0000-0000-000000000000" -- _3 : UNIQUE_ID
);
INSERT INTO DIM_GE VALUES (
    0.000000, -- _0 : REAL
    0.000000, -- _1 : REAL
    "c36dcfd8-6128-4ea6-8ada-504c4809dfa0", -- _2 : UNIQUE_ID
    "00000000-0000-0000-0000-000000000000" -- _3 : UNIQUE_ID
);
INSERT INTO DIM_GE VALUES (
    0.000000, -- _0 : REAL
    0.000000, -- _1 : REAL
    "e857f929-02d5-44f6-8679-6e70b8701630", -- _2 : UNIQUE_ID
    "00000000-0000-0000-0000-000000000000" -- _3 : UNIQUE_ID
);
INSERT INTO DIM_GE VALUES (
    0.000000, -- _0 : REAL
    0.000000, -- _1 : REAL
    "f0c15f86-db3b-40f5-889a-dff0c21c156f", -- _2 : UNIQUE_ID
    "00000000-0000-0000-0000-000000000000" -- _3 : UNIQUE_ID
);
INSERT INTO DIM_GE VALUES (
    4020.000000, -- _0 : REAL
    3144.000000, -- _1 : REAL
    "92ffb006-7e74-497e-b004-9458a6871f92", -- _2 : UNIQUE_ID
    "00000000-0000-0000-0000-000000000000" -- _3 : UNIQUE_ID
);
INSERT INTO DIM_GE VALUES (
    4416.000000, -- _0 : REAL
    3144.000000, -- _1 : REAL
    "adabfe16-42c0-4cd5-b08c-ee19f02b4594", -- _2 : UNIQUE_ID
    "00000000-0000-0000-0000-000000000000" -- _3 : UNIQUE_ID
);
INSERT INTO DIM_GE VALUES (
    0.000000, -- _0 : REAL
    0.000000, -- _1 : REAL
    "594d4f9b-9f7e-4f37-bfe3-c6ca309b2716", -- _2 : UNIQUE_ID
    "00000000-0000-0000-0000-000000000000" -- _3 : UNIQUE_ID
);
INSERT INTO DIM_GE VALUES (
    4259.000000, -- _0 : REAL
    3190.000000, -- _1 : REAL
    "665b84fa-f37e-4d1d-92ab-956821094a11", -- _2 : UNIQUE_ID
    "00000000-0000-0000-0000-000000000000" -- _3 : UNIQUE_ID
);
INSERT INTO DIM_GE VALUES (
    0.000000, -- _0 : REAL
    0.000000, -- _1 : REAL
    "92685918-1ab6-4a74-986e-8393ba8bf6b5", -- _2 : UNIQUE_ID
    "00000000-0000-0000-0000-000000000000" -- _3 : UNIQUE_ID
);
INSERT INTO DIM_GE VALUES (
    0.000000, -- _0 : REAL
    0.000000, -- _1 : REAL
    "eebc4a6a-cf5b-452d-a523-b9536407fb18", -- _2 : UNIQUE_ID
    "00000000-0000-0000-0000-000000000000" -- _3 : UNIQUE_ID
);
INSERT INTO DIM_GE VALUES (
    0.000000, -- _0 : REAL
    0.000000, -- _1 : REAL
    "ce6d8f53-1a3a-4ac1-bbda-f29ac3475992", -- _2 : UNIQUE_ID
    "00000000-0000-0000-0000-000000000000" -- _3 : UNIQUE_ID
);
INSERT INTO DIM_GE VALUES (
    4374.000000, -- _0 : REAL
    3190.000000, -- _1 : REAL
    "246f54b4-7a6f-4630-8c44-3d9cdf95e495", -- _2 : UNIQUE_ID
    "00000000-0000-0000-0000-000000000000" -- _3 : UNIQUE_ID
);
INSERT INTO DIM_GE VALUES (
    0.000000, -- _0 : REAL
    0.000000, -- _1 : REAL
    "6e85febf-a3f2-4df7-8712-a171a4921fd0", -- _2 : UNIQUE_ID
    "00000000-0000-0000-0000-000000000000" -- _3 : UNIQUE_ID
);
INSERT INTO DIM_GE VALUES (
    0.000000, -- _0 : REAL
    0.000000, -- _1 : REAL
    "c3a89d2e-fa90-4439-8ce1-f2f3990190fe", -- _2 : UNIQUE_ID
    "00000000-0000-0000-0000-000000000000" -- _3 : UNIQUE_ID
);
INSERT INTO DIM_ELE VALUES (
    "47e73ee7-a7e4-4834-ab20-8dbe8067b245", -- _0 : UNIQUE_ID
    0, -- _1 : INTEGER
    "00000000-0000-0000-0000-000000000000" -- _2 : UNIQUE_ID
);
INSERT INTO DIM_ELE VALUES (
    "2a79e99f-8d48-4840-a9af-963c816e64cf", -- _0 : UNIQUE_ID
    0, -- _1 : INTEGER
    "00000000-0000-0000-0000-000000000000" -- _2 : UNIQUE_ID
);
INSERT INTO DIM_ELE VALUES (
    "b338d10f-5ead-401b-a7be-1593614ec0df", -- _0 : UNIQUE_ID
    0, -- _1 : INTEGER
    "00000000-0000-0000-0000-000000000000" -- _2 : UNIQUE_ID
);
INSERT INTO DIM_ELE VALUES (
    "0f471f9f-a938-4191-a624-af30b406b49a", -- _0 : UNIQUE_ID
    0, -- _1 : INTEGER
    "00000000-0000-0000-0000-000000000000" -- _2 : UNIQUE_ID
);
INSERT INTO DIM_ELE VALUES (
    "9bbac918-642f-4bf0-9460-5e8fcaed8580", -- _0 : UNIQUE_ID
    0, -- _1 : INTEGER
    "00000000-0000-0000-0000-000000000000" -- _2 : UNIQUE_ID
);
INSERT INTO DIM_ELE VALUES (
    "99f0c301-009f-4de1-8719-28c038e63959", -- _0 : UNIQUE_ID
    0, -- _1 : INTEGER
    "00000000-0000-0000-0000-000000000000" -- _2 : UNIQUE_ID
);
INSERT INTO DIM_ELE VALUES (
    "6d2f1dfa-1460-4d30-9c6d-27930f9432d6", -- _0 : UNIQUE_ID
    0, -- _1 : INTEGER
    "00000000-0000-0000-0000-000000000000" -- _2 : UNIQUE_ID
);
INSERT INTO DIM_ELE VALUES (
    "aa81864f-4650-4fac-a858-94602d7f45e1", -- _0 : UNIQUE_ID
    0, -- _1 : INTEGER
    "00000000-0000-0000-0000-000000000000" -- _2 : UNIQUE_ID
);
INSERT INTO DIM_ELE VALUES (
    "cd19f362-e320-4e99-9086-14abdeed993e", -- _0 : UNIQUE_ID
    0, -- _1 : INTEGER
    "00000000-0000-0000-0000-000000000000" -- _2 : UNIQUE_ID
);
INSERT INTO DIM_ELE VALUES (
    "02184012-d96b-4d11-b529-6c6ad43a4969", -- _0 : UNIQUE_ID
    0, -- _1 : INTEGER
    "00000000-0000-0000-0000-000000000000" -- _2 : UNIQUE_ID
);
INSERT INTO DIM_ELE VALUES (
    "75315f47-767f-4cf5-9e10-41a01d18c3b6", -- _0 : UNIQUE_ID
    0, -- _1 : INTEGER
    "00000000-0000-0000-0000-000000000000" -- _2 : UNIQUE_ID
);
INSERT INTO DIM_ELE VALUES (
    "f5739c23-9126-43ad-9a1b-0f37c7e1dd94", -- _0 : UNIQUE_ID
    0, -- _1 : INTEGER
    "00000000-0000-0000-0000-000000000000" -- _2 : UNIQUE_ID
);
INSERT INTO DIM_ELE VALUES (
    "590f870e-b7ca-46f8-8500-ea6abcbb3010", -- _0 : UNIQUE_ID
    0, -- _1 : INTEGER
    "00000000-0000-0000-0000-000000000000" -- _2 : UNIQUE_ID
);
INSERT INTO DIM_ELE VALUES (
    "86402be8-bb4b-4376-a115-e699b0a52f11", -- _0 : UNIQUE_ID
    0, -- _1 : INTEGER
    "00000000-0000-0000-0000-000000000000" -- _2 : UNIQUE_ID
);
INSERT INTO DIM_ELE VALUES (
    "29676bb3-3870-4ca6-9e12-5289bcd5ae93", -- _0 : UNIQUE_ID
    0, -- _1 : INTEGER
    "00000000-0000-0000-0000-000000000000" -- _2 : UNIQUE_ID
);
INSERT INTO DIM_ELE VALUES (
    "b7208601-6c1d-4a70-9874-af630427b85c", -- _0 : UNIQUE_ID
    0, -- _1 : INTEGER
    "00000000-0000-0000-0000-000000000000" -- _2 : UNIQUE_ID
);
INSERT INTO DIM_ELE VALUES (
    "26ab6a35-97f1-49d5-ae78-5b9e619b0c16", -- _0 : UNIQUE_ID
    0, -- _1 : INTEGER
    "00000000-0000-0000-0000-000000000000" -- _2 : UNIQUE_ID
);
INSERT INTO DIM_ELE VALUES (
    "909ab02b-31c7-429f-b99a-d940860bd6d2", -- _0 : UNIQUE_ID
    0, -- _1 : INTEGER
    "26ab6a35-97f1-49d5-ae78-5b9e619b0c16" -- _2 : UNIQUE_ID
);
INSERT INTO DIM_ELE VALUES (
    "dd27e626-43d7-4efd-a5c2-8d0834432a8c", -- _0 : UNIQUE_ID
    0, -- _1 : INTEGER
    "00000000-0000-0000-0000-000000000000" -- _2 : UNIQUE_ID
);
INSERT INTO DIM_ELE VALUES (
    "5d418687-f480-4153-b7b2-76bb769b9fc0", -- _0 : UNIQUE_ID
    0, -- _1 : INTEGER
    "00000000-0000-0000-0000-000000000000" -- _2 : UNIQUE_ID
);
INSERT INTO DIM_ELE VALUES (
    "efaa4664-7a69-4f7b-83fc-13965abcd008", -- _0 : UNIQUE_ID
    0, -- _1 : INTEGER
    "00000000-0000-0000-0000-000000000000" -- _2 : UNIQUE_ID
);
INSERT INTO DIM_ELE VALUES (
    "b982d6cf-9550-416f-8b35-312dcfff4b27", -- _0 : UNIQUE_ID
    0, -- _1 : INTEGER
    "00000000-0000-0000-0000-000000000000" -- _2 : UNIQUE_ID
);
INSERT INTO DIM_ELE VALUES (
    "ed420ffb-23fe-4148-864b-a72d054bd0af", -- _0 : UNIQUE_ID
    0, -- _1 : INTEGER
    "00000000-0000-0000-0000-000000000000" -- _2 : UNIQUE_ID
);
INSERT INTO DIM_ELE VALUES (
    "cc06369f-91cf-4f2e-a482-03645919fd13", -- _0 : UNIQUE_ID
    0, -- _1 : INTEGER
    "00000000-0000-0000-0000-000000000000" -- _2 : UNIQUE_ID
);
INSERT INTO DIM_ELE VALUES (
    "35340b72-a698-43a9-950c-8ff984a45719", -- _0 : UNIQUE_ID
    0, -- _1 : INTEGER
    "00000000-0000-0000-0000-000000000000" -- _2 : UNIQUE_ID
);
INSERT INTO DIM_ELE VALUES (
    "657f63f8-e1d0-4a1e-abfb-6a9cfea8d373", -- _0 : UNIQUE_ID
    0, -- _1 : INTEGER
    "00000000-0000-0000-0000-000000000000" -- _2 : UNIQUE_ID
);
INSERT INTO DIM_ELE VALUES (
    "b9fdc610-f254-42f6-ae7f-4805a06e893c", -- _0 : UNIQUE_ID
    0, -- _1 : INTEGER
    "00000000-0000-0000-0000-000000000000" -- _2 : UNIQUE_ID
);
INSERT INTO DIM_ELE VALUES (
    "b8e0f031-4317-4598-b83f-046de471eeb7", -- _0 : UNIQUE_ID
    0, -- _1 : INTEGER
    "00000000-0000-0000-0000-000000000000" -- _2 : UNIQUE_ID
);
INSERT INTO DIM_ELE VALUES (
    "08d89651-9bdd-4e26-b02a-e04f7b6e5cf9", -- _0 : UNIQUE_ID
    0, -- _1 : INTEGER
    "00000000-0000-0000-0000-000000000000" -- _2 : UNIQUE_ID
);
INSERT INTO DIM_ELE VALUES (
    "5a08134b-a95f-4abb-aa2d-4518a032e798", -- _0 : UNIQUE_ID
    0, -- _1 : INTEGER
    "00000000-0000-0000-0000-000000000000" -- _2 : UNIQUE_ID
);
INSERT INTO DIM_ELE VALUES (
    "b104e90c-22a4-4384-ae44-fa9fd90e0427", -- _0 : UNIQUE_ID
    0, -- _1 : INTEGER
    "00000000-0000-0000-0000-000000000000" -- _2 : UNIQUE_ID
);
INSERT INTO DIM_ELE VALUES (
    "32905cb4-f5ac-4f79-b6f5-2be5d4b5281f", -- _0 : UNIQUE_ID
    0, -- _1 : INTEGER
    "00000000-0000-0000-0000-000000000000" -- _2 : UNIQUE_ID
);
INSERT INTO DIM_ELE VALUES (
    "410044bf-19d9-45a8-b93f-69d0ee61b173", -- _0 : UNIQUE_ID
    0, -- _1 : INTEGER
    "00000000-0000-0000-0000-000000000000" -- _2 : UNIQUE_ID
);
INSERT INTO DIM_ELE VALUES (
    "f84eae49-c82d-45b4-8c15-f2d7416b1878", -- _0 : UNIQUE_ID
    0, -- _1 : INTEGER
    "00000000-0000-0000-0000-000000000000" -- _2 : UNIQUE_ID
);
INSERT INTO DIM_ELE VALUES (
    "71c66339-3e2d-4499-8f00-c89dfd4dfc8c", -- _0 : UNIQUE_ID
    0, -- _1 : INTEGER
    "00000000-0000-0000-0000-000000000000" -- _2 : UNIQUE_ID
);
INSERT INTO DIM_ELE VALUES (
    "440ae350-84b2-46a8-8c8a-2ec5bc3bc426", -- _0 : UNIQUE_ID
    0, -- _1 : INTEGER
    "00000000-0000-0000-0000-000000000000" -- _2 : UNIQUE_ID
);
INSERT INTO DIM_ELE VALUES (
    "eddfd0d8-cb75-47d8-99ce-5cdb9e99e5a1", -- _0 : UNIQUE_ID
    0, -- _1 : INTEGER
    "00000000-0000-0000-0000-000000000000" -- _2 : UNIQUE_ID
);
INSERT INTO DIM_ELE VALUES (
    "bb11508d-4888-4ca5-a0a8-c353cfcf0e3f", -- _0 : UNIQUE_ID
    0, -- _1 : INTEGER
    "eddfd0d8-cb75-47d8-99ce-5cdb9e99e5a1" -- _2 : UNIQUE_ID
);
INSERT INTO DIM_ELE VALUES (
    "8d496faf-0f8e-45af-8581-e81ee4bb69b1", -- _0 : UNIQUE_ID
    0, -- _1 : INTEGER
    "00000000-0000-0000-0000-000000000000" -- _2 : UNIQUE_ID
);
INSERT INTO DIM_ELE VALUES (
    "22e09dc6-f6a7-4be9-aecf-b6a614fd9b11", -- _0 : UNIQUE_ID
    0, -- _1 : INTEGER
    "00000000-0000-0000-0000-000000000000" -- _2 : UNIQUE_ID
);
INSERT INTO DIM_ELE VALUES (
    "2b6dbeea-9dc2-420f-9501-a507c9568a2c", -- _0 : UNIQUE_ID
    0, -- _1 : INTEGER
    "00000000-0000-0000-0000-000000000000" -- _2 : UNIQUE_ID
);
INSERT INTO DIM_ELE VALUES (
    "432cc52d-be9e-4ae8-95dc-458429c448f9", -- _0 : UNIQUE_ID
    0, -- _1 : INTEGER
    "00000000-0000-0000-0000-000000000000" -- _2 : UNIQUE_ID
);
INSERT INTO DIM_ELE VALUES (
    "927331ad-d65e-4e2c-8275-799133855e3a", -- _0 : UNIQUE_ID
    0, -- _1 : INTEGER
    "00000000-0000-0000-0000-000000000000" -- _2 : UNIQUE_ID
);
INSERT INTO DIM_ELE VALUES (
    "f4b5fb62-5881-41fe-a7aa-362c0a83fbaf", -- _0 : UNIQUE_ID
    0, -- _1 : INTEGER
    "00000000-0000-0000-0000-000000000000" -- _2 : UNIQUE_ID
);
INSERT INTO DIM_ELE VALUES (
    "e43671e1-17ed-4f7e-8d09-750416b4fc30", -- _0 : UNIQUE_ID
    0, -- _1 : INTEGER
    "00000000-0000-0000-0000-000000000000" -- _2 : UNIQUE_ID
);
INSERT INTO DIM_ELE VALUES (
    "e0078476-c9af-443d-a1ed-8e1dbda2db02", -- _0 : UNIQUE_ID
    0, -- _1 : INTEGER
    "00000000-0000-0000-0000-000000000000" -- _2 : UNIQUE_ID
);
INSERT INTO DIM_ELE VALUES (
    "d00d3a6b-a2cb-4ddd-b4c9-6a9646574955", -- _0 : UNIQUE_ID
    0, -- _1 : INTEGER
    "00000000-0000-0000-0000-000000000000" -- _2 : UNIQUE_ID
);
INSERT INTO DIM_ELE VALUES (
    "c0df5eaf-b872-434c-becc-ca967e6b1904", -- _0 : UNIQUE_ID
    0, -- _1 : INTEGER
    "00000000-0000-0000-0000-000000000000" -- _2 : UNIQUE_ID
);
INSERT INTO DIM_ELE VALUES (
    "c36dcfd8-6128-4ea6-8ada-504c4809dfa0", -- _0 : UNIQUE_ID
    0, -- _1 : INTEGER
    "00000000-0000-0000-0000-000000000000" -- _2 : UNIQUE_ID
);
INSERT INTO DIM_ELE VALUES (
    "e857f929-02d5-44f6-8679-6e70b8701630", -- _0 : UNIQUE_ID
    0, -- _1 : INTEGER
    "00000000-0000-0000-0000-000000000000" -- _2 : UNIQUE_ID
);
INSERT INTO DIM_ELE VALUES (
    "f0c15f86-db3b-40f5-889a-dff0c21c156f", -- _0 : UNIQUE_ID
    0, -- _1 : INTEGER
    "00000000-0000-0000-0000-000000000000" -- _2 : UNIQUE_ID
);
INSERT INTO DIM_ELE VALUES (
    "92ffb006-7e74-497e-b004-9458a6871f92", -- _0 : UNIQUE_ID
    0, -- _1 : INTEGER
    "00000000-0000-0000-0000-000000000000" -- _2 : UNIQUE_ID
);
INSERT INTO DIM_ELE VALUES (
    "adabfe16-42c0-4cd5-b08c-ee19f02b4594", -- _0 : UNIQUE_ID
    0, -- _1 : INTEGER
    "00000000-0000-0000-0000-000000000000" -- _2 : UNIQUE_ID
);
INSERT INTO DIM_ELE VALUES (
    "594d4f9b-9f7e-4f37-bfe3-c6ca309b2716", -- _0 : UNIQUE_ID
    0, -- _1 : INTEGER
    "00000000-0000-0000-0000-000000000000" -- _2 : UNIQUE_ID
);
INSERT INTO DIM_ELE VALUES (
    "665b84fa-f37e-4d1d-92ab-956821094a11", -- _0 : UNIQUE_ID
    0, -- _1 : INTEGER
    "00000000-0000-0000-0000-000000000000" -- _2 : UNIQUE_ID
);
INSERT INTO DIM_ELE VALUES (
    "92685918-1ab6-4a74-986e-8393ba8bf6b5", -- _0 : UNIQUE_ID
    0, -- _1 : INTEGER
    "00000000-0000-0000-0000-000000000000" -- _2 : UNIQUE_ID
);
INSERT INTO DIM_ELE VALUES (
    "eebc4a6a-cf5b-452d-a523-b9536407fb18", -- _0 : UNIQUE_ID
    0, -- _1 : INTEGER
    "00000000-0000-0000-0000-000000000000" -- _2 : UNIQUE_ID
);
INSERT INTO DIM_ELE VALUES (
    "ce6d8f53-1a3a-4ac1-bbda-f29ac3475992", -- _0 : UNIQUE_ID
    0, -- _1 : INTEGER
    "00000000-0000-0000-0000-000000000000" -- _2 : UNIQUE_ID
);
INSERT INTO DIM_ELE VALUES (
    "246f54b4-7a6f-4630-8c44-3d9cdf95e495", -- _0 : UNIQUE_ID
    0, -- _1 : INTEGER
    "00000000-0000-0000-0000-000000000000" -- _2 : UNIQUE_ID
);
INSERT INTO DIM_ELE VALUES (
    "6e85febf-a3f2-4df7-8712-a171a4921fd0", -- _0 : UNIQUE_ID
    0, -- _1 : INTEGER
    "00000000-0000-0000-0000-000000000000" -- _2 : UNIQUE_ID
);
INSERT INTO DIM_ELE VALUES (
    "c3a89d2e-fa90-4439-8ce1-f2f3990190fe", -- _0 : UNIQUE_ID
    0, -- _1 : INTEGER
    "00000000-0000-0000-0000-000000000000" -- _2 : UNIQUE_ID
);
INSERT INTO DIM_DIA VALUES (
    "2f6a7c9c-29f6-4d07-bc99-3518dd2d5fa1", -- _0 : UNIQUE_ID
    '', -- _1 : STRING
    1.000000, -- _2 : REAL
    0.000000, -- _3 : REAL
    0.000000, -- _4 : REAL
    "00000000-0000-0000-0000-000000000000" -- _5 : UNIQUE_ID
);
INSERT INTO DIM_DIA VALUES (
    "c583e9a1-e3ff-44b5-9b35-322ca643e77c", -- _0 : UNIQUE_ID
    '', -- _1 : STRING
    1.000000, -- _2 : REAL
    0.000000, -- _3 : REAL
    0.000000, -- _4 : REAL
    "00000000-0000-0000-0000-000000000000" -- _5 : UNIQUE_ID
);
INSERT INTO DIM_DIA VALUES (
    "aad0165c-b18e-4b9c-a99d-445fb7a93215", -- _0 : UNIQUE_ID
    '', -- _1 : STRING
    1.000000, -- _2 : REAL
    0.000000, -- _3 : REAL
    0.000000, -- _4 : REAL
    "00000000-0000-0000-0000-000000000000" -- _5 : UNIQUE_ID
);
INSERT INTO DIM_DIA VALUES (
    "5d4f79b5-79fc-4c52-b971-fa73cdd5585e", -- _0 : UNIQUE_ID
    '', -- _1 : STRING
    1.000000, -- _2 : REAL
    0.000000, -- _3 : REAL
    0.000000, -- _4 : REAL
    "00000000-0000-0000-0000-000000000000" -- _5 : UNIQUE_ID
);
INSERT INTO DIM_DIA VALUES (
    "59c17cd3-57f0-44ba-80bc-4fd79c863941", -- _0 : UNIQUE_ID
    '', -- _1 : STRING
    1.000000, -- _2 : REAL
    0.000000, -- _3 : REAL
    0.000000, -- _4 : REAL
    "00000000-0000-0000-0000-000000000000" -- _5 : UNIQUE_ID
);
INSERT INTO DIM_DIA VALUES (
    "192d2bad-eea3-4a0b-8334-4b7934242c6b", -- _0 : UNIQUE_ID
    '', -- _1 : STRING
    1.000000, -- _2 : REAL
    0.000000, -- _3 : REAL
    0.000000, -- _4 : REAL
    "00000000-0000-0000-0000-000000000000" -- _5 : UNIQUE_ID
);
INSERT INTO DIM_DIA VALUES (
    "8458b4a8-d1ae-46e5-8dd3-03126e082c37", -- _0 : UNIQUE_ID
    '', -- _1 : STRING
    1.000000, -- _2 : REAL
    0.000000, -- _3 : REAL
    0.000000, -- _4 : REAL
    "00000000-0000-0000-0000-000000000000" -- _5 : UNIQUE_ID
);
INSERT INTO DIM_DIA VALUES (
    "ee86ddd2-4d3a-47ec-8131-c5225c1bb12b", -- _0 : UNIQUE_ID
    '', -- _1 : STRING
    1.000000, -- _2 : REAL
    0.000000, -- _3 : REAL
    0.000000, -- _4 : REAL
    "00000000-0000-0000-0000-000000000000" -- _5 : UNIQUE_ID
);
INSERT INTO DIM_DIA VALUES (
    "99029f38-611e-4958-a86d-3e9e4ee3f7fc", -- _0 : UNIQUE_ID
    '', -- _1 : STRING
    1.000000, -- _2 : REAL
    0.000000, -- _3 : REAL
    0.000000, -- _4 : REAL
    "00000000-0000-0000-0000-000000000000" -- _5 : UNIQUE_ID
);
INSERT INTO DIM_DIA VALUES (
    "704fdc3f-4d4e-4da3-b3b7-7544b6f5fab6", -- _0 : UNIQUE_ID
    '', -- _1 : STRING
    1.000000, -- _2 : REAL
    0.000000, -- _3 : REAL
    0.000000, -- _4 : REAL
    "00000000-0000-0000-0000-000000000000" -- _5 : UNIQUE_ID
);
INSERT INTO DIM_DIA VALUES (
    "d2c8956e-9205-4462-9c1a-506047c0b912", -- _0 : UNIQUE_ID
    '', -- _1 : STRING
    1.000000, -- _2 : REAL
    0.000000, -- _3 : REAL
    0.000000, -- _4 : REAL
    "00000000-0000-0000-0000-000000000000" -- _5 : UNIQUE_ID
);
INSERT INTO DIM_DIA VALUES (
    "46a50ca9-1f9d-4de6-88c7-b09ee7ee7391", -- _0 : UNIQUE_ID
    '', -- _1 : STRING
    1.000000, -- _2 : REAL
    0.000000, -- _3 : REAL
    0.000000, -- _4 : REAL
    "00000000-0000-0000-0000-000000000000" -- _5 : UNIQUE_ID
);
INSERT INTO DIM_DIA VALUES (
    "41125cbf-38a6-44de-a9ab-3fa10c459399", -- _0 : UNIQUE_ID
    '', -- _1 : STRING
    1.000000, -- _2 : REAL
    0.000000, -- _3 : REAL
    0.000000, -- _4 : REAL
    "00000000-0000-0000-0000-000000000000" -- _5 : UNIQUE_ID
);
INSERT INTO DIM_DIA VALUES (
    "d6bffb76-b36d-41e2-9be7-8aff2f37cd03", -- _0 : UNIQUE_ID
    '', -- _1 : STRING
    1.000000, -- _2 : REAL
    0.000000, -- _3 : REAL
    0.000000, -- _4 : REAL
    "00000000-0000-0000-0000-000000000000" -- _5 : UNIQUE_ID
);
INSERT INTO DIM_DIA VALUES (
    "71b186b2-dcea-423f-839e-9b6a25f3e5b2", -- _0 : UNIQUE_ID
    '', -- _1 : STRING
    1.000000, -- _2 : REAL
    0.000000, -- _3 : REAL
    0.000000, -- _4 : REAL
    "00000000-0000-0000-0000-000000000000" -- _5 : UNIQUE_ID
);
INSERT INTO DIM_DIA VALUES (
    "1a44f04b-948a-4e43-9b12-e4439172ae27", -- _0 : UNIQUE_ID
    '', -- _1 : STRING
    1.000000, -- _2 : REAL
    0.000000, -- _3 : REAL
    0.000000, -- _4 : REAL
    "00000000-0000-0000-0000-000000000000" -- _5 : UNIQUE_ID
);
INSERT INTO DIM_DIA VALUES (
    "e16f3bab-481a-46b0-8b83-4541aeed00e9", -- _0 : UNIQUE_ID
    '', -- _1 : STRING
    1.000000, -- _2 : REAL
    0.000000, -- _3 : REAL
    0.000000, -- _4 : REAL
    "00000000-0000-0000-0000-000000000000" -- _5 : UNIQUE_ID
);
INSERT INTO DIM_DIA VALUES (
    "fdf02ff5-476f-4d4e-8467-c6902cdf72f0", -- _0 : UNIQUE_ID
    '', -- _1 : STRING
    1.000000, -- _2 : REAL
    0.000000, -- _3 : REAL
    0.000000, -- _4 : REAL
    "00000000-0000-0000-0000-000000000000" -- _5 : UNIQUE_ID
);
INSERT INTO DIM_CON VALUES (
    "be3afbbb-9614-4348-9abe-d65a332996e2", -- _0 : UNIQUE_ID
    200.000000, -- _1 : REAL
    78.000000, -- _2 : REAL
    "f5739c23-9126-43ad-9a1b-0f37c7e1dd94" -- _3 : UNIQUE_ID
);
INSERT INTO DIM_CON VALUES (
    "0efbf7f2-e258-44cc-aac7-de6197b38c9a", -- _0 : UNIQUE_ID
    200.000000, -- _1 : REAL
    84.000000, -- _2 : REAL
    "f5739c23-9126-43ad-9a1b-0f37c7e1dd94" -- _3 : UNIQUE_ID
);
INSERT INTO DIM_CON VALUES (
    "f93b1b8c-8f44-4b39-9222-6f2909c1f189", -- _0 : UNIQUE_ID
    5132.000000, -- _1 : REAL
    3502.000000, -- _2 : REAL
    "26ab6a35-97f1-49d5-ae78-5b9e619b0c16" -- _3 : UNIQUE_ID
);
INSERT INTO DIM_CON VALUES (
    "70cfb4cd-5d43-4e26-96ff-1dc7871d832a", -- _0 : UNIQUE_ID
    5132.000000, -- _1 : REAL
    3550.000000, -- _2 : REAL
    "26ab6a35-97f1-49d5-ae78-5b9e619b0c16" -- _3 : UNIQUE_ID
);
INSERT INTO DIM_CON VALUES (
    "19f929a7-dd88-4f7c-ba28-19bafd2b2425", -- _0 : UNIQUE_ID
    4212.000000, -- _1 : REAL
    3120.000000, -- _2 : REAL
    "35340b72-a698-43a9-950c-8ff984a45719" -- _3 : UNIQUE_ID
);
INSERT INTO DIM_CON VALUES (
    "42aa71b1-4371-4f7c-88df-aecba631557e", -- _0 : UNIQUE_ID
    4212.000000, -- _1 : REAL
    3264.000000, -- _2 : REAL
    "35340b72-a698-43a9-950c-8ff984a45719" -- _3 : UNIQUE_ID
);
INSERT INTO DIM_CON VALUES (
    "4744dd43-3b4c-4ea8-80a3-ea9adb0504e0", -- _0 : UNIQUE_ID
    4212.000000, -- _1 : REAL
    3324.000000, -- _2 : REAL
    "5a08134b-a95f-4abb-aa2d-4518a032e798" -- _3 : UNIQUE_ID
);
INSERT INTO DIM_CON VALUES (
    "c700114e-95b2-4e09-a6e9-ca2acea8bca9", -- _0 : UNIQUE_ID
    4622.000000, -- _1 : REAL
    3216.000000, -- _2 : REAL
    "eddfd0d8-cb75-47d8-99ce-5cdb9e99e5a1" -- _3 : UNIQUE_ID
);
INSERT INTO DIM_CON VALUES (
    "4b6eb0df-a579-480d-b351-0c9d0c36c7e4", -- _0 : UNIQUE_ID
    200.000000, -- _1 : REAL
    108.000000, -- _2 : REAL
    "f4b5fb62-5881-41fe-a7aa-362c0a83fbaf" -- _3 : UNIQUE_ID
);
INSERT INTO DIM_CON VALUES (
    "e5caefa0-3405-41e7-94b6-3adb0043cd3e", -- _0 : UNIQUE_ID
    4224.000000, -- _1 : REAL
    3228.000000, -- _2 : REAL
    "92ffb006-7e74-497e-b004-9458a6871f92" -- _3 : UNIQUE_ID
);
INSERT INTO DIM_CON VALUES (
    "fca0ec3d-df96-4e9d-be43-d9a183fb669a", -- _0 : UNIQUE_ID
    4416.000000, -- _1 : REAL
    3228.000000, -- _2 : REAL
    "adabfe16-42c0-4cd5-b08c-ee19f02b4594" -- _3 : UNIQUE_ID
);
INSERT INTO DIM_CON VALUES (
    "9a1664c8-f22d-4036-8780-8cd28e475a6d", -- _0 : UNIQUE_ID
    4308.000000, -- _1 : REAL
    3228.000000, -- _2 : REAL
    "eebc4a6a-cf5b-452d-a523-b9536407fb18" -- _3 : UNIQUE_ID
);
INSERT INTO GD_CON VALUES (
    "b7208601-6c1d-4a70-9874-af630427b85c", -- _0 : UNIQUE_ID
    "00000000-0000-0000-0000-000000000000" -- _1 : UNIQUE_ID
);
INSERT INTO GD_CON VALUES (
    "b982d6cf-9550-416f-8b35-312dcfff4b27", -- _0 : UNIQUE_ID
    "00000000-0000-0000-0000-000000000000" -- _1 : UNIQUE_ID
);
INSERT INTO GD_CON VALUES (
    "08d89651-9bdd-4e26-b02a-e04f7b6e5cf9", -- _0 : UNIQUE_ID
    "00000000-0000-0000-0000-000000000000" -- _1 : UNIQUE_ID
);
INSERT INTO GD_CON VALUES (
    "f84eae49-c82d-45b4-8c15-f2d7416b1878", -- _0 : UNIQUE_ID
    "00000000-0000-0000-0000-000000000000" -- _1 : UNIQUE_ID
);
INSERT INTO GD_CON VALUES (
    "432cc52d-be9e-4ae8-95dc-458429c448f9", -- _0 : UNIQUE_ID
    "00000000-0000-0000-0000-000000000000" -- _1 : UNIQUE_ID
);
INSERT INTO GD_CON VALUES (
    "c36dcfd8-6128-4ea6-8ada-504c4809dfa0", -- _0 : UNIQUE_ID
    "00000000-0000-0000-0000-000000000000" -- _1 : UNIQUE_ID
);
INSERT INTO GD_CON VALUES (
    "eebc4a6a-cf5b-452d-a523-b9536407fb18", -- _0 : UNIQUE_ID
    "00000000-0000-0000-0000-000000000000" -- _1 : UNIQUE_ID
);
INSERT INTO GD_CON VALUES (
    "c3a89d2e-fa90-4439-8ce1-f2f3990190fe", -- _0 : UNIQUE_ID
    "00000000-0000-0000-0000-000000000000" -- _1 : UNIQUE_ID
);
INSERT INTO GD_CTXT VALUES (
    "590f870e-b7ca-46f8-8500-ea6abcbb3010", -- _0 : UNIQUE_ID
    "b7208601-6c1d-4a70-9874-af630427b85c", -- _1 : UNIQUE_ID
    0, -- _2 : INTEGER
    0.000000, -- _3 : REAL
    0.000000 -- _4 : REAL
);
INSERT INTO GD_CTXT VALUES (
    "86402be8-bb4b-4376-a115-e699b0a52f11", -- _0 : UNIQUE_ID
    "b7208601-6c1d-4a70-9874-af630427b85c", -- _1 : UNIQUE_ID
    2, -- _2 : INTEGER
    0.000000, -- _3 : REAL
    0.000000 -- _4 : REAL
);
INSERT INTO GD_CTXT VALUES (
    "29676bb3-3870-4ca6-9e12-5289bcd5ae93", -- _0 : UNIQUE_ID
    "b7208601-6c1d-4a70-9874-af630427b85c", -- _1 : UNIQUE_ID
    1, -- _2 : INTEGER
    0.000000, -- _3 : REAL
    0.000000 -- _4 : REAL
);
INSERT INTO GD_CTXT VALUES (
    "dd27e626-43d7-4efd-a5c2-8d0834432a8c", -- _0 : UNIQUE_ID
    "b982d6cf-9550-416f-8b35-312dcfff4b27", -- _1 : UNIQUE_ID
    0, -- _2 : INTEGER
    0.000000, -- _3 : REAL
    0.000000 -- _4 : REAL
);
INSERT INTO GD_CTXT VALUES (
    "5d418687-f480-4153-b7b2-76bb769b9fc0", -- _0 : UNIQUE_ID
    "b982d6cf-9550-416f-8b35-312dcfff4b27", -- _1 : UNIQUE_ID
    2, -- _2 : INTEGER
    0.000000, -- _3 : REAL
    0.000000 -- _4 : REAL
);
INSERT INTO GD_CTXT VALUES (
    "efaa4664-7a69-4f7b-83fc-13965abcd008", -- _0 : UNIQUE_ID
    "b982d6cf-9550-416f-8b35-312dcfff4b27", -- _1 : UNIQUE_ID
    1, -- _2 : INTEGER
    0.000000, -- _3 : REAL
    0.000000 -- _4 : REAL
);
INSERT INTO GD_CTXT VALUES (
    "657f63f8-e1d0-4a1e-abfb-6a9cfea8d373", -- _0 : UNIQUE_ID
    "08d89651-9bdd-4e26-b02a-e04f7b6e5cf9", -- _1 : UNIQUE_ID
    0, -- _2 : INTEGER
    0.000000, -- _3 : REAL
    0.000000 -- _4 : REAL
);
INSERT INTO GD_CTXT VALUES (
    "b9fdc610-f254-42f6-ae7f-4805a06e893c", -- _0 : UNIQUE_ID
    "08d89651-9bdd-4e26-b02a-e04f7b6e5cf9", -- _1 : UNIQUE_ID
    2, -- _2 : INTEGER
    0.000000, -- _3 : REAL
    0.000000 -- _4 : REAL
);
INSERT INTO GD_CTXT VALUES (
    "b8e0f031-4317-4598-b83f-046de471eeb7", -- _0 : UNIQUE_ID
    "08d89651-9bdd-4e26-b02a-e04f7b6e5cf9", -- _1 : UNIQUE_ID
    1, -- _2 : INTEGER
    0.000000, -- _3 : REAL
    0.000000 -- _4 : REAL
);
INSERT INTO GD_CTXT VALUES (
    "b104e90c-22a4-4384-ae44-fa9fd90e0427", -- _0 : UNIQUE_ID
    "f84eae49-c82d-45b4-8c15-f2d7416b1878", -- _1 : UNIQUE_ID
    0, -- _2 : INTEGER
    0.000000, -- _3 : REAL
    0.000000 -- _4 : REAL
);
INSERT INTO GD_CTXT VALUES (
    "32905cb4-f5ac-4f79-b6f5-2be5d4b5281f", -- _0 : UNIQUE_ID
    "f84eae49-c82d-45b4-8c15-f2d7416b1878", -- _1 : UNIQUE_ID
    2, -- _2 : INTEGER
    0.000000, -- _3 : REAL
    0.000000 -- _4 : REAL
);
INSERT INTO GD_CTXT VALUES (
    "410044bf-19d9-45a8-b93f-69d0ee61b173", -- _0 : UNIQUE_ID
    "f84eae49-c82d-45b4-8c15-f2d7416b1878", -- _1 : UNIQUE_ID
    1, -- _2 : INTEGER
    0.000000, -- _3 : REAL
    0.000000 -- _4 : REAL
);
INSERT INTO GD_CTXT VALUES (
    "8d496faf-0f8e-45af-8581-e81ee4bb69b1", -- _0 : UNIQUE_ID
    "432cc52d-be9e-4ae8-95dc-458429c448f9", -- _1 : UNIQUE_ID
    0, -- _2 : INTEGER
    0.000000, -- _3 : REAL
    0.000000 -- _4 : REAL
);
INSERT INTO GD_CTXT VALUES (
    "22e09dc6-f6a7-4be9-aecf-b6a614fd9b11", -- _0 : UNIQUE_ID
    "432cc52d-be9e-4ae8-95dc-458429c448f9", -- _1 : UNIQUE_ID
    2, -- _2 : INTEGER
    0.000000, -- _3 : REAL
    0.000000 -- _4 : REAL
);
INSERT INTO GD_CTXT VALUES (
    "2b6dbeea-9dc2-420f-9501-a507c9568a2c", -- _0 : UNIQUE_ID
    "432cc52d-be9e-4ae8-95dc-458429c448f9", -- _1 : UNIQUE_ID
    1, -- _2 : INTEGER
    0.000000, -- _3 : REAL
    0.000000 -- _4 : REAL
);
INSERT INTO GD_CTXT VALUES (
    "e0078476-c9af-443d-a1ed-8e1dbda2db02", -- _0 : UNIQUE_ID
    "c36dcfd8-6128-4ea6-8ada-504c4809dfa0", -- _1 : UNIQUE_ID
    0, -- _2 : INTEGER
    0.000000, -- _3 : REAL
    0.000000 -- _4 : REAL
);
INSERT INTO GD_CTXT VALUES (
    "d00d3a6b-a2cb-4ddd-b4c9-6a9646574955", -- _0 : UNIQUE_ID
    "c36dcfd8-6128-4ea6-8ada-504c4809dfa0", -- _1 : UNIQUE_ID
    2, -- _2 : INTEGER
    0.000000, -- _3 : REAL
    0.000000 -- _4 : REAL
);
INSERT INTO GD_CTXT VALUES (
    "c0df5eaf-b872-434c-becc-ca967e6b1904", -- _0 : UNIQUE_ID
    "c36dcfd8-6128-4ea6-8ada-504c4809dfa0", -- _1 : UNIQUE_ID
    1, -- _2 : INTEGER
    0.000000, -- _3 : REAL
    0.000000 -- _4 : REAL
);
INSERT INTO GD_CTXT VALUES (
    "594d4f9b-9f7e-4f37-bfe3-c6ca309b2716", -- _0 : UNIQUE_ID
    "eebc4a6a-cf5b-452d-a523-b9536407fb18", -- _1 : UNIQUE_ID
    0, -- _2 : INTEGER
    0.000000, -- _3 : REAL
    0.000000 -- _4 : REAL
);
INSERT INTO GD_CTXT VALUES (
    "665b84fa-f37e-4d1d-92ab-956821094a11", -- _0 : UNIQUE_ID
    "eebc4a6a-cf5b-452d-a523-b9536407fb18", -- _1 : UNIQUE_ID
    2, -- _2 : INTEGER
    0.000000, -- _3 : REAL
    0.000000 -- _4 : REAL
);
INSERT INTO GD_CTXT VALUES (
    "92685918-1ab6-4a74-986e-8393ba8bf6b5", -- _0 : UNIQUE_ID
    "eebc4a6a-cf5b-452d-a523-b9536407fb18", -- _1 : UNIQUE_ID
    1, -- _2 : INTEGER
    0.000000, -- _3 : REAL
    0.000000 -- _4 : REAL
);
INSERT INTO GD_CTXT VALUES (
    "ce6d8f53-1a3a-4ac1-bbda-f29ac3475992", -- _0 : UNIQUE_ID
    "c3a89d2e-fa90-4439-8ce1-f2f3990190fe", -- _1 : UNIQUE_ID
    0, -- _2 : INTEGER
    0.000000, -- _3 : REAL
    0.000000 -- _4 : REAL
);
INSERT INTO GD_CTXT VALUES (
    "246f54b4-7a6f-4630-8c44-3d9cdf95e495", -- _0 : UNIQUE_ID
    "c3a89d2e-fa90-4439-8ce1-f2f3990190fe", -- _1 : UNIQUE_ID
    2, -- _2 : INTEGER
    0.000000, -- _3 : REAL
    0.000000 -- _4 : REAL
);
INSERT INTO GD_CTXT VALUES (
    "6e85febf-a3f2-4df7-8712-a171a4921fd0", -- _0 : UNIQUE_ID
    "c3a89d2e-fa90-4439-8ce1-f2f3990190fe", -- _1 : UNIQUE_ID
    1, -- _2 : INTEGER
    0.000000, -- _3 : REAL
    0.000000 -- _4 : REAL
);
INSERT INTO GD_LS VALUES (
    "c3a8cefd-7e1d-40d9-8852-ead8d43d784f", -- _0 : UNIQUE_ID
    "b7208601-6c1d-4a70-9874-af630427b85c", -- _1 : UNIQUE_ID
    "00000000-0000-0000-0000-000000000000", -- _2 : UNIQUE_ID
    "03071865-9138-4185-85ae-5afdb9dc8f21", -- _3 : UNIQUE_ID
    "c68024c6-46f4-447f-a454-eef60f379332" -- _4 : UNIQUE_ID
);
INSERT INTO GD_LS VALUES (
    "a8855c2c-a054-41c5-bc1b-c8c7f2cd8deb", -- _0 : UNIQUE_ID
    "b982d6cf-9550-416f-8b35-312dcfff4b27", -- _1 : UNIQUE_ID
    "00000000-0000-0000-0000-000000000000", -- _2 : UNIQUE_ID
    "3026dadb-8c79-4e5d-86b8-1827ce7d8f4c", -- _3 : UNIQUE_ID
    "a6cb29a1-037c-4f58-9bf7-9ca75d42446d" -- _4 : UNIQUE_ID
);
INSERT INTO GD_LS VALUES (
    "2385aeb0-b157-4de8-bba0-0108d6206277", -- _0 : UNIQUE_ID
    "08d89651-9bdd-4e26-b02a-e04f7b6e5cf9", -- _1 : UNIQUE_ID
    "00000000-0000-0000-0000-000000000000", -- _2 : UNIQUE_ID
    "9b5cd1ac-d054-4159-bea1-52425992cc08", -- _3 : UNIQUE_ID
    "fad17a7d-5872-499c-aecd-3c92d86d0de1" -- _4 : UNIQUE_ID
);
INSERT INTO GD_LS VALUES (
    "9e4988ed-223c-4fdf-9ddb-6fc64bf620b9", -- _0 : UNIQUE_ID
    "f84eae49-c82d-45b4-8c15-f2d7416b1878", -- _1 : UNIQUE_ID
    "00000000-0000-0000-0000-000000000000", -- _2 : UNIQUE_ID
    "f2d7763f-98c3-4817-ad6b-12a20947a15f", -- _3 : UNIQUE_ID
    "c662d64a-d017-4e42-beef-cf1e2c2a676f" -- _4 : UNIQUE_ID
);
INSERT INTO GD_LS VALUES (
    "d6b6c99b-2aa7-4f9e-bb9a-edca053d80a5", -- _0 : UNIQUE_ID
    "432cc52d-be9e-4ae8-95dc-458429c448f9", -- _1 : UNIQUE_ID
    "00000000-0000-0000-0000-000000000000", -- _2 : UNIQUE_ID
    "70c20583-35bc-46bf-917c-735390f79e3d", -- _3 : UNIQUE_ID
    "d79e4407-2609-4f12-ad8a-ea62b2b73929" -- _4 : UNIQUE_ID
);
INSERT INTO GD_LS VALUES (
    "3da1c85d-417e-418f-979f-33fcaff5e17c", -- _0 : UNIQUE_ID
    "c36dcfd8-6128-4ea6-8ada-504c4809dfa0", -- _1 : UNIQUE_ID
    "00000000-0000-0000-0000-000000000000", -- _2 : UNIQUE_ID
    "727d6e93-9dc1-4478-8494-0caa0abbc891", -- _3 : UNIQUE_ID
    "b6b1bfb5-9ad1-4ab9-bf02-27c75969057f" -- _4 : UNIQUE_ID
);
INSERT INTO GD_LS VALUES (
    "c923b7f9-469d-4b77-9f53-0b705877d799", -- _0 : UNIQUE_ID
    "eebc4a6a-cf5b-452d-a523-b9536407fb18", -- _1 : UNIQUE_ID
    "00000000-0000-0000-0000-000000000000", -- _2 : UNIQUE_ID
    "a7952182-6a95-4d7a-b049-f4c5f2c8ab49", -- _3 : UNIQUE_ID
    "a7e94fc8-d50b-4f42-80ce-4ab0dcb8800c" -- _4 : UNIQUE_ID
);
INSERT INTO GD_LS VALUES (
    "c8d05d42-914f-4c5a-8d57-a7f73a47b955", -- _0 : UNIQUE_ID
    "c3a89d2e-fa90-4439-8ce1-f2f3990190fe", -- _1 : UNIQUE_ID
    "00000000-0000-0000-0000-000000000000", -- _2 : UNIQUE_ID
    "d154006f-191b-492c-9e96-6d1b4a6ffb90", -- _3 : UNIQUE_ID
    "afac585d-cac2-49ea-9a4a-ffc43eab5cd0" -- _4 : UNIQUE_ID
);
INSERT INTO DIM_WAY VALUES (
    "03071865-9138-4185-85ae-5afdb9dc8f21", -- _0 : UNIQUE_ID
    200.000000, -- _1 : REAL
    84.000000, -- _2 : REAL
    "b7208601-6c1d-4a70-9874-af630427b85c", -- _3 : UNIQUE_ID
    "00000000-0000-0000-0000-000000000000", -- _4 : UNIQUE_ID
    "00000000-0000-0000-0000-000000000000" -- _5 : UNIQUE_ID
);
INSERT INTO DIM_WAY VALUES (
    "c68024c6-46f4-447f-a454-eef60f379332", -- _0 : UNIQUE_ID
    275.000000, -- _1 : REAL
    84.000000, -- _2 : REAL
    "b7208601-6c1d-4a70-9874-af630427b85c", -- _3 : UNIQUE_ID
    "00000000-0000-0000-0000-000000000000", -- _4 : UNIQUE_ID
    "03071865-9138-4185-85ae-5afdb9dc8f21" -- _5 : UNIQUE_ID
);
INSERT INTO DIM_WAY VALUES (
    "3026dadb-8c79-4e5d-86b8-1827ce7d8f4c", -- _0 : UNIQUE_ID
    5132.000000, -- _1 : REAL
    3550.000000, -- _2 : REAL
    "b982d6cf-9550-416f-8b35-312dcfff4b27", -- _3 : UNIQUE_ID
    "00000000-0000-0000-0000-000000000000", -- _4 : UNIQUE_ID
    "00000000-0000-0000-0000-000000000000" -- _5 : UNIQUE_ID
);
INSERT INTO DIM_WAY VALUES (
    "a6cb29a1-037c-4f58-9bf7-9ca75d42446d", -- _0 : UNIQUE_ID
    5207.000000, -- _1 : REAL
    3550.000000, -- _2 : REAL
    "b982d6cf-9550-416f-8b35-312dcfff4b27", -- _3 : UNIQUE_ID
    "00000000-0000-0000-0000-000000000000", -- _4 : UNIQUE_ID
    "3026dadb-8c79-4e5d-86b8-1827ce7d8f4c" -- _5 : UNIQUE_ID
);
INSERT INTO DIM_WAY VALUES (
    "9b5cd1ac-d054-4159-bea1-52425992cc08", -- _0 : UNIQUE_ID
    4212.000000, -- _1 : REAL
    3120.000000, -- _2 : REAL
    "08d89651-9bdd-4e26-b02a-e04f7b6e5cf9", -- _3 : UNIQUE_ID
    "00000000-0000-0000-0000-000000000000", -- _4 : UNIQUE_ID
    "00000000-0000-0000-0000-000000000000" -- _5 : UNIQUE_ID
);
INSERT INTO DIM_WAY VALUES (
    "fad17a7d-5872-499c-aecd-3c92d86d0de1", -- _0 : UNIQUE_ID
    4212.000000, -- _1 : REAL
    3036.000000, -- _2 : REAL
    "08d89651-9bdd-4e26-b02a-e04f7b6e5cf9", -- _3 : UNIQUE_ID
    "00000000-0000-0000-0000-000000000000", -- _4 : UNIQUE_ID
    "9b5cd1ac-d054-4159-bea1-52425992cc08" -- _5 : UNIQUE_ID
);
INSERT INTO DIM_WAY VALUES (
    "f2d7763f-98c3-4817-ad6b-12a20947a15f", -- _0 : UNIQUE_ID
    4212.000000, -- _1 : REAL
    3264.000000, -- _2 : REAL
    "f84eae49-c82d-45b4-8c15-f2d7416b1878", -- _3 : UNIQUE_ID
    "00000000-0000-0000-0000-000000000000", -- _4 : UNIQUE_ID
    "00000000-0000-0000-0000-000000000000" -- _5 : UNIQUE_ID
);
INSERT INTO DIM_WAY VALUES (
    "c662d64a-d017-4e42-beef-cf1e2c2a676f", -- _0 : UNIQUE_ID
    4212.000000, -- _1 : REAL
    3324.000000, -- _2 : REAL
    "f84eae49-c82d-45b4-8c15-f2d7416b1878", -- _3 : UNIQUE_ID
    "00000000-0000-0000-0000-000000000000", -- _4 : UNIQUE_ID
    "f2d7763f-98c3-4817-ad6b-12a20947a15f" -- _5 : UNIQUE_ID
);
INSERT INTO DIM_WAY VALUES (
    "70c20583-35bc-46bf-917c-735390f79e3d", -- _0 : UNIQUE_ID
    4622.000000, -- _1 : REAL
    3216.000000, -- _2 : REAL
    "432cc52d-be9e-4ae8-95dc-458429c448f9", -- _3 : UNIQUE_ID
    "00000000-0000-0000-0000-000000000000", -- _4 : UNIQUE_ID
    "00000000-0000-0000-0000-000000000000" -- _5 : UNIQUE_ID
);
INSERT INTO DIM_WAY VALUES (
    "d79e4407-2609-4f12-ad8a-ea62b2b73929", -- _0 : UNIQUE_ID
    4704.000000, -- _1 : REAL
    3216.000000, -- _2 : REAL
    "432cc52d-be9e-4ae8-95dc-458429c448f9", -- _3 : UNIQUE_ID
    "00000000-0000-0000-0000-000000000000", -- _4 : UNIQUE_ID
    "70c20583-35bc-46bf-917c-735390f79e3d" -- _5 : UNIQUE_ID
);
INSERT INTO DIM_WAY VALUES (
    "727d6e93-9dc1-4478-8494-0caa0abbc891", -- _0 : UNIQUE_ID
    200.000000, -- _1 : REAL
    108.000000, -- _2 : REAL
    "c36dcfd8-6128-4ea6-8ada-504c4809dfa0", -- _3 : UNIQUE_ID
    "00000000-0000-0000-0000-000000000000", -- _4 : UNIQUE_ID
    "00000000-0000-0000-0000-000000000000" -- _5 : UNIQUE_ID
);
INSERT INTO DIM_WAY VALUES (
    "b6b1bfb5-9ad1-4ab9-bf02-27c75969057f", -- _0 : UNIQUE_ID
    275.000000, -- _1 : REAL
    108.000000, -- _2 : REAL
    "c36dcfd8-6128-4ea6-8ada-504c4809dfa0", -- _3 : UNIQUE_ID
    "00000000-0000-0000-0000-000000000000", -- _4 : UNIQUE_ID
    "727d6e93-9dc1-4478-8494-0caa0abbc891" -- _5 : UNIQUE_ID
);
INSERT INTO DIM_WAY VALUES (
    "a7952182-6a95-4d7a-b049-f4c5f2c8ab49", -- _0 : UNIQUE_ID
    4224.000000, -- _1 : REAL
    3228.000000, -- _2 : REAL
    "eebc4a6a-cf5b-452d-a523-b9536407fb18", -- _3 : UNIQUE_ID
    "00000000-0000-0000-0000-000000000000", -- _4 : UNIQUE_ID
    "00000000-0000-0000-0000-000000000000" -- _5 : UNIQUE_ID
);
INSERT INTO DIM_WAY VALUES (
    "a7e94fc8-d50b-4f42-80ce-4ab0dcb8800c", -- _0 : UNIQUE_ID
    4308.000000, -- _1 : REAL
    3228.000000, -- _2 : REAL
    "eebc4a6a-cf5b-452d-a523-b9536407fb18", -- _3 : UNIQUE_ID
    "00000000-0000-0000-0000-000000000000", -- _4 : UNIQUE_ID
    "a7952182-6a95-4d7a-b049-f4c5f2c8ab49" -- _5 : UNIQUE_ID
);
INSERT INTO DIM_WAY VALUES (
    "d154006f-191b-492c-9e96-6d1b4a6ffb90", -- _0 : UNIQUE_ID
    4416.000000, -- _1 : REAL
    3228.000000, -- _2 : REAL
    "c3a89d2e-fa90-4439-8ce1-f2f3990190fe", -- _3 : UNIQUE_ID
    "00000000-0000-0000-0000-000000000000", -- _4 : UNIQUE_ID
    "00000000-0000-0000-0000-000000000000" -- _5 : UNIQUE_ID
);
INSERT INTO DIM_WAY VALUES (
    "afac585d-cac2-49ea-9a4a-ffc43eab5cd0", -- _0 : UNIQUE_ID
    4308.000000, -- _1 : REAL
    3228.000000, -- _2 : REAL
    "c3a89d2e-fa90-4439-8ce1-f2f3990190fe", -- _3 : UNIQUE_ID
    "00000000-0000-0000-0000-000000000000", -- _4 : UNIQUE_ID
    "d154006f-191b-492c-9e96-6d1b4a6ffb90" -- _5 : UNIQUE_ID
);
INSERT INTO DIM_ED VALUES (
    "0efbf7f2-e258-44cc-aac7-de6197b38c9a", -- _0 : UNIQUE_ID
    "00000000-0000-0000-0000-000000000000", -- _1 : UNIQUE_ID
    "b7208601-6c1d-4a70-9874-af630427b85c" -- _2 : UNIQUE_ID
);
INSERT INTO DIM_ED VALUES (
    "70cfb4cd-5d43-4e26-96ff-1dc7871d832a", -- _0 : UNIQUE_ID
    "00000000-0000-0000-0000-000000000000", -- _1 : UNIQUE_ID
    "b982d6cf-9550-416f-8b35-312dcfff4b27" -- _2 : UNIQUE_ID
);
INSERT INTO DIM_ED VALUES (
    "19f929a7-dd88-4f7c-ba28-19bafd2b2425", -- _0 : UNIQUE_ID
    "00000000-0000-0000-0000-000000000000", -- _1 : UNIQUE_ID
    "08d89651-9bdd-4e26-b02a-e04f7b6e5cf9" -- _2 : UNIQUE_ID
);
INSERT INTO DIM_ED VALUES (
    "42aa71b1-4371-4f7c-88df-aecba631557e", -- _0 : UNIQUE_ID
    "4744dd43-3b4c-4ea8-80a3-ea9adb0504e0", -- _1 : UNIQUE_ID
    "f84eae49-c82d-45b4-8c15-f2d7416b1878" -- _2 : UNIQUE_ID
);
INSERT INTO DIM_ED VALUES (
    "c700114e-95b2-4e09-a6e9-ca2acea8bca9", -- _0 : UNIQUE_ID
    "00000000-0000-0000-0000-000000000000", -- _1 : UNIQUE_ID
    "432cc52d-be9e-4ae8-95dc-458429c448f9" -- _2 : UNIQUE_ID
);
INSERT INTO DIM_ED VALUES (
    "4b6eb0df-a579-480d-b351-0c9d0c36c7e4", -- _0 : UNIQUE_ID
    "00000000-0000-0000-0000-000000000000", -- _1 : UNIQUE_ID
    "c36dcfd8-6128-4ea6-8ada-504c4809dfa0" -- _2 : UNIQUE_ID
);
INSERT INTO DIM_ED VALUES (
    "e5caefa0-3405-41e7-94b6-3adb0043cd3e", -- _0 : UNIQUE_ID
    "00000000-0000-0000-0000-000000000000", -- _1 : UNIQUE_ID
    "eebc4a6a-cf5b-452d-a523-b9536407fb18" -- _2 : UNIQUE_ID
);
INSERT INTO DIM_ED VALUES (
    "fca0ec3d-df96-4e9d-be43-d9a183fb669a", -- _0 : UNIQUE_ID
    "9a1664c8-f22d-4036-8780-8cd28e475a6d", -- _1 : UNIQUE_ID
    "c3a89d2e-fa90-4439-8ce1-f2f3990190fe" -- _2 : UNIQUE_ID
);
INSERT INTO GD_CTR VALUES (
    "26ab6a35-97f1-49d5-ae78-5b9e619b0c16" -- _0 : UNIQUE_ID
);
INSERT INTO GD_CTR VALUES (
    "eddfd0d8-cb75-47d8-99ce-5cdb9e99e5a1" -- _0 : UNIQUE_ID
);
INSERT INTO C_EP_PROXY VALUES (
    "be4e38a9-c84b-44ce-a173-d57405caeeca", -- _0 : UNIQUE_ID
    "102214df-1d03-428f-9eb8-5c5ce18bfdae", -- _1 : UNIQUE_ID
    -1, -- _2 : INTEGER
    'New', -- _3 : STRING
    '', -- _4 : STRING
    '../../../../../HRUI/models/HRUI/UI/Shared/EP/EP.xtuml' -- _5 : STRING
);
INSERT INTO C_EP_PROXY VALUES (
    "f83ecd5c-00bd-42d1-a795-2868eba34aec", -- _0 : UNIQUE_ID
    "102214df-1d03-428f-9eb8-5c5ce18bfdae", -- _1 : UNIQUE_ID
    -1, -- _2 : INTEGER
    'Reply', -- _3 : STRING
    '', -- _4 : STRING
    '../../../../../HRUI/models/HRUI/UI/Shared/EP/EP.xtuml' -- _5 : STRING
);
INSERT INTO C_EP_PROXY VALUES (
    "dd791a09-c8bd-4868-8174-4726cea8e2d3", -- _0 : UNIQUE_ID
    "102214df-1d03-428f-9eb8-5c5ce18bfdae", -- _1 : UNIQUE_ID
    -1, -- _2 : INTEGER
    'Start', -- _3 : STRING
    '', -- _4 : STRING
    '../../../../../HRUI/models/HRUI/UI/Shared/EP/EP.xtuml' -- _5 : STRING
);
INSERT INTO C_EP_PROXY VALUES (
    "be4e38a9-c84b-44ce-a173-d57405caeeca", -- _0 : UNIQUE_ID
    "102214df-1d03-428f-9eb8-5c5ce18bfdae", -- _1 : UNIQUE_ID
    -1, -- _2 : INTEGER
    'New', -- _3 : STRING
    '', -- _4 : STRING
    '../Shared/EP/EP.xtuml' -- _5 : STRING
);
INSERT INTO C_EP_PROXY VALUES (
    "f83ecd5c-00bd-42d1-a795-2868eba34aec", -- _0 : UNIQUE_ID
    "102214df-1d03-428f-9eb8-5c5ce18bfdae", -- _1 : UNIQUE_ID
    -1, -- _2 : INTEGER
    'Reply', -- _3 : STRING
    '', -- _4 : STRING
    '../Shared/EP/EP.xtuml' -- _5 : STRING
);
INSERT INTO C_EP_PROXY VALUES (
    "dd791a09-c8bd-4868-8174-4726cea8e2d3", -- _0 : UNIQUE_ID
    "102214df-1d03-428f-9eb8-5c5ce18bfdae", -- _1 : UNIQUE_ID
    -1, -- _2 : INTEGER
    'Start', -- _3 : STRING
    '', -- _4 : STRING
    '../Shared/EP/EP.xtuml' -- _5 : STRING
);
INSERT INTO C_I_PROXY VALUES (
    "102214df-1d03-428f-9eb8-5c5ce18bfdae", -- _0 : UNIQUE_ID
    "00000000-0000-0000-0000-000000000000", -- _1 : UNIQUE_ID
    'EP', -- _2 : STRING
    '', -- _3 : STRING
    '../../../../../HRUI/models/HRUI/UI/Shared/EP/EP.xtuml' -- _4 : STRING
);
INSERT INTO C_I_PROXY VALUES (
    "102214df-1d03-428f-9eb8-5c5ce18bfdae", -- _0 : UNIQUE_ID
    "00000000-0000-0000-0000-000000000000", -- _1 : UNIQUE_ID
    'EP', -- _2 : STRING
    '', -- _3 : STRING
    '../Shared/EP/EP.xtuml' -- _4 : STRING
);
INSERT INTO EP_PKG_PROXY VALUES (
    "c26641d6-6bfe-4fa5-b78d-533f6fb8d396", -- _0 : UNIQUE_ID
    "ccdb2e52-76fc-4422-936f-a0239fd9d106", -- _1 : UNIQUE_ID
    "ccdb2e52-76fc-4422-936f-a0239fd9d106", -- _2 : UNIQUE_ID
    'hrm', -- _3 : STRING
    '', -- _4 : STRING
    0, -- _5 : INTEGER
    '../hrm.xtuml' -- _6 : STRING
);
INSERT INTO EP_PKG_PROXY VALUES (
    "fdd8efa1-97d4-4adc-a67d-1fb0bd49373b", -- _0 : UNIQUE_ID
    "00000000-0000-0000-0000-000000000000", -- _1 : UNIQUE_ID
    "ccdb2e52-76fc-4422-936f-a0239fd9d106", -- _2 : UNIQUE_ID
    'main', -- _3 : STRING
    '', -- _4 : STRING
    0, -- _5 : INTEGER
    '../main.xtuml' -- _6 : STRING
);
INSERT INTO EP_PKG_PROXY VALUES (
    "2ac1b93e-087c-4999-856e-c988c703dec6", -- _0 : UNIQUE_ID
    "46564f98-385d-43d9-876a-ca551a77e802", -- _1 : UNIQUE_ID
    "46564f98-385d-43d9-876a-ca551a77e802", -- _2 : UNIQUE_ID
    'UI', -- _3 : STRING
    '', -- _4 : STRING
    0, -- _5 : INTEGER
    '../UI.xtuml' -- _6 : STRING
);
INSERT INTO EP_PKG_PROXY VALUES (
    "2ac1b93e-087c-4999-856e-c988c703dec6", -- _0 : UNIQUE_ID
    "46564f98-385d-43d9-876a-ca551a77e802", -- _1 : UNIQUE_ID
    "46564f98-385d-43d9-876a-ca551a77e802", -- _2 : UNIQUE_ID
    'UI', -- _3 : STRING
    '', -- _4 : STRING
    0, -- _5 : INTEGER
    '../UI.xtuml' -- _6 : STRING
);
INSERT INTO EP_PKG_PROXY VALUES (
    "941213f0-4346-48d9-89fe-196761630487", -- _0 : UNIQUE_ID
    "00000000-0000-0000-0000-000000000000", -- _1 : UNIQUE_ID
    "46564f98-385d-43d9-876a-ca551a77e802", -- _2 : UNIQUE_ID
    'Shared', -- _3 : STRING
    '', -- _4 : STRING
    0, -- _5 : INTEGER
    '../Shared.xtuml' -- _6 : STRING
);
INSERT INTO C_C_PROXY VALUES (
    "8e4782c3-9567-4154-87b3-67069634e7a5", -- _0 : UNIQUE_ID
    "00000000-0000-0000-0000-000000000000", -- _1 : UNIQUE_ID
    "00000000-0000-0000-0000-000000000000", -- _2 : UNIQUE_ID
    'hr', -- _3 : STRING
    '', -- _4 : STRING
    0, -- _5 : INTEGER
    "00000000-0000-0000-0000-000000000000", -- _6 : UNIQUE_ID
    0, -- _7 : INTEGER
    '', -- _8 : STRING
    '../hr.xtuml' -- _9 : STRING
);
INSERT INTO C_C_PROXY VALUES (
    "d81dc79e-6692-4a39-b6d9-f5fc0b765726", -- _0 : UNIQUE_ID
    "00000000-0000-0000-0000-000000000000", -- _1 : UNIQUE_ID
    "00000000-0000-0000-0000-000000000000", -- _2 : UNIQUE_ID
    'UI', -- _3 : STRING
    '', -- _4 : STRING
    0, -- _5 : INTEGER
    "00000000-0000-0000-0000-000000000000", -- _6 : UNIQUE_ID
    0, -- _7 : INTEGER
    '', -- _8 : STRING
    '../UI.xtuml' -- _9 : STRING
);
INSERT INTO C_C_PROXY VALUES (
    "8e4782c3-9567-4154-87b3-67069634e7a5", -- _0 : UNIQUE_ID
    "00000000-0000-0000-0000-000000000000", -- _1 : UNIQUE_ID
    "00000000-0000-0000-0000-000000000000", -- _2 : UNIQUE_ID
    'hr', -- _3 : STRING
    '', -- _4 : STRING
    0, -- _5 : INTEGER
    "00000000-0000-0000-0000-000000000000", -- _6 : UNIQUE_ID
    0, -- _7 : INTEGER
    '', -- _8 : STRING
    '../../../../dhrm/models/dhrm/hrm/hr/hr.xtuml' -- _9 : STRING
);
INSERT INTO C_C_PROXY VALUES (
    "d81dc79e-6692-4a39-b6d9-f5fc0b765726", -- _0 : UNIQUE_ID
    "00000000-0000-0000-0000-000000000000", -- _1 : UNIQUE_ID
    "00000000-0000-0000-0000-000000000000", -- _2 : UNIQUE_ID
    'UI', -- _3 : STRING
    '', -- _4 : STRING
    0, -- _5 : INTEGER
    "00000000-0000-0000-0000-000000000000", -- _6 : UNIQUE_ID
    0, -- _7 : INTEGER
    '', -- _8 : STRING
    '../../../../UIHR/models/UIHR/UIHR/UI/UI.xtuml' -- _9 : STRING
);
INSERT INTO O_OBJ_PROXY VALUES (
    "d8528470-976c-421b-a087-1201ac24302f", -- _0 : UNIQUE_ID
    'Employee', -- _1 : STRING
    1, -- _2 : INTEGER
    'Employee', -- _3 : STRING
    '', -- _4 : STRING
    "00000000-0000-0000-0000-000000000000", -- _5 : UNIQUE_ID
    '../Employee.xtuml' -- _6 : STRING
);
INSERT INTO GD_AOS VALUES (
    "9a1664c8-f22d-4036-8780-8cd28e475a6d", -- _0 : UNIQUE_ID
    "c923b7f9-469d-4b77-9f53-0b705877d799" -- _1 : UNIQUE_ID
);
INSERT INTO C_IR_PROXY VALUES (
    "e211a314-f4cf-4d96-ab5d-86594500f9c9", -- _0 : UNIQUE_ID
    "102214df-1d03-428f-9eb8-5c5ce18bfdae", -- _1 : UNIQUE_ID
    "00000000-0000-0000-0000-000000000000", -- _2 : UNIQUE_ID
    "498d117c-4422-44a6-af7e-6cb02ada65c5", -- _3 : UNIQUE_ID
    '../../../../dhrm/models/dhrm/hrm/hr/hr.xtuml' -- _4 : STRING
);
INSERT INTO C_IR_PROXY VALUES (
    "3c565891-207b-4f8f-906f-7a28c50fa9aa", -- _0 : UNIQUE_ID
    "102214df-1d03-428f-9eb8-5c5ce18bfdae", -- _1 : UNIQUE_ID
    "00000000-0000-0000-0000-000000000000", -- _2 : UNIQUE_ID
    "d8aeacb7-ad9c-4082-9867-d8dc363f53b7", -- _3 : UNIQUE_ID
    '../../../../UIHR/models/UIHR/UIHR/UI/UI.xtuml' -- _4 : STRING
);
INSERT INTO C_PO_PROXY VALUES (
    "498d117c-4422-44a6-af7e-6cb02ada65c5", -- _0 : UNIQUE_ID
    "8e4782c3-9567-4154-87b3-67069634e7a5", -- _1 : UNIQUE_ID
    'UI', -- _2 : STRING
    0, -- _3 : INTEGER
    0, -- _4 : INTEGER
    '../../../../dhrm/models/dhrm/hrm/hr/hr.xtuml' -- _5 : STRING
);
INSERT INTO C_PO_PROXY VALUES (
    "d8aeacb7-ad9c-4082-9867-d8dc363f53b7", -- _0 : UNIQUE_ID
    "d81dc79e-6692-4a39-b6d9-f5fc0b765726", -- _1 : UNIQUE_ID
    'App', -- _2 : STRING
    0, -- _3 : INTEGER
    0, -- _4 : INTEGER
    '../../../../UIHR/models/UIHR/UIHR/UI/UI.xtuml' -- _5 : STRING
);
INSERT INTO C_R_PROXY VALUES (
    "3c565891-207b-4f8f-906f-7a28c50fa9aa", -- _0 : UNIQUE_ID
    'EP', -- _1 : STRING
    '', -- _2 : STRING
    'HRApp', -- _3 : STRING
    'UI::App::EP', -- _4 : STRING
    '../../../../UIHR/models/UIHR/UIHR/UI/UI.xtuml' -- _5 : STRING
);
INSERT INTO C_P_PROXY VALUES (
    "e211a314-f4cf-4d96-ab5d-86594500f9c9", -- _0 : UNIQUE_ID
    'EP', -- _1 : STRING
    'HRUI', -- _2 : STRING
    '', -- _3 : STRING
    'hr::UI::EP', -- _4 : STRING
    '../../../../dhrm/models/dhrm/hrm/hr/hr.xtuml' -- _5 : STRING
);
